transaccion_id,cuenta_id,cliente_id,fecha_hora,monto,moneda,tipo_transaccion,canal,sucursal_id,producto
TXN-00022501,CTA-620218,CLI-10165,2026-06-06 04:46:00,1016326.77,CRC,transferencia,web,PU-001,Cuenta Corriente
TXN-00022502,CTA-271061,CLI-67481,2026-06-02 15:04:00,1830324.26,CRC,pago,web,HE-001,Cuenta Corriente
TXN-00022503,CTA-162828,CLI-96162,2026-06-27 07:43:00,2611265.67,CRC,pago,sucursal,SJ-001,Cuenta Ahorro
TXN-00022504,CTA-382535,CLI-95551,2026-06-27 23:20:00,1525879.25,CRC,retiro,sinpe,HE-001,Préstamo Personal
TXN-00022505,CTA-456442,CLI-52941,2026-06-23 16:57:00,4950750.27,CRC,comision,sucursal,CA-001,Cuenta Corriente
TXN-00022506,CTA-372274,CLI-53143,2026-06-19 01:16:00,2847616.63,CRC,pago,web,PU-001,Cuenta Ahorro
TXN-00022507,CTA-190728,CLI-60256,2026-06-28 21:52:00,480719.53,CRC,deposito,sucursal,LI-002,Cuenta Corriente
TXN-00022508,CTA-613361,CLI-60288,2026-06-09 18:28:00,1415015.69,CRC,retiro,atm,PU-001,Préstamo Personal
TXN-00022509,CTA-143692,CLI-42882,2026-06-23 01:02:00,839169.22,CRC,transferencia,sinpe,PU-001,Cuenta Corriente
TXN-00022510,CTA-278427,CLI-80661,2026-06-18 19:01:00,4410859.23,CRC,deposito,atm,CA-001,Cuenta Ahorro
TXN-00022511,CTA-927338,CLI-50318,2026-06-13 13:31:00,1338375.39,CRC,retiro,web,LI-001,Cuenta Corriente
TXN-00022512,CTA-610488,CLI-22637,2026-06-09 00:34:00,3597475.3,CRC,retiro,sucursal,SJ-002,Cuenta Corriente
TXN-00022513,CTA-804802,CLI-49592,2026-06-04 05:16:00,4031669.24,CRC,deposito,web,HE-001,Préstamo Personal
TXN-00022514,CTA-559046,CLI-17118,2026-06-15 00:12:00,3501279.54,CRC,pago,sinpe,LI-001,Cuenta Corriente
TXN-00022515,CTA-272994,CLI-95905,2026-06-18 01:25:00,3412166.36,CRC,pago,atm,LI-002,Tarjeta Crédito
TXN-00022516,CTA-516539,CLI-64741,2026-06-05 01:53:00,4352617.61,CRC,transferencia,sinpe,LI-002,Cuenta Ahorro
TXN-00022517,CTA-163167,CLI-90870,2026-06-19 01:28:00,1801235.41,CRC,transferencia,sucursal,LI-001,Tarjeta Crédito
TXN-00022518,CTA-328757,CLI-10146,2026-06-05 22:35:00,3753858.57,CRC,deposito,sinpe,AL-001,Préstamo Hipotecario
TXN-00022519,CTA-223801,CLI-94405,2026-06-21 05:32:00,1152078.54,CRC,deposito,sucursal,HE-001,Cuenta Ahorro
TXN-00022520,CTA-742715,CLI-59372,2026-06-29 22:07:00,79510.55,CRC,comision,sucursal,LI-001,Cuenta Corriente
TXN-00022521,CTA-985032,CLI-69802,2026-06-16 08:21:00,822318.58,CRC,comision,atm,LI-002,Cuenta Ahorro
TXN-00022522,CTA-756135,CLI-73501,2026-06-05 05:32:00,3138463.47,CRC,retiro,sinpe,CA-001,Préstamo Hipotecario
TXN-00022523,CTA-425148,CLI-32069,2026-06-02 04:48:00,2053392.7,CRC,transferencia,sucursal,LI-002,Cuenta Ahorro
TXN-00022524,CTA-564094,CLI-56119,2026-06-01 02:51:00,4414711.54,CRC,retiro,sucursal,HE-001,Cuenta Ahorro
TXN-00022525,CTA-475819,CLI-65621,2026-06-21 06:37:00,260008.15,CRC,transferencia,web,LI-001,Tarjeta Crédito
TXN-00022526,CTA-164721,CLI-61525,2026-06-21 23:14:00,1201292.82,CRC,comision,app_movil,LI-002,Cuenta Corriente
TXN-00022527,CTA-310366,CLI-30449,2026-06-15 06:59:00,4204660.62,CRC,deposito,app_movil,LI-002,Préstamo Personal
TXN-00022528,CTA-316172,CLI-22093,2026-06-27 22:48:00,4126539.82,CRC,retiro,sinpe,LI-001,Préstamo Personal
TXN-00022529,CTA-370730,CLI-67405,2026-06-25 04:01:00,1464330.85,CRC,comision,atm,LI-002,Préstamo Personal
TXN-00022530,CTA-601062,CLI-23262,2026-06-07 15:49:00,3841185.34,CRC,transferencia,sinpe,LI-001,Cuenta Ahorro
TXN-00022531,CTA-287679,CLI-49676,2026-06-01 08:42:00,987041.03,CRC,deposito,web,CA-001,Cuenta Ahorro
TXN-00022532,CTA-312895,CLI-77639,2026-06-05 19:21:00,2470542.19,CRC,comision,app_movil,CA-001,Cuenta Corriente
TXN-00022533,CTA-628262,CLI-30429,2026-06-06 09:21:00,1240855.68,CRC,pago,app_movil,SJ-002,Cuenta Ahorro
TXN-00022534,CTA-167842,CLI-99671,2026-06-18 03:55:00,1780460.47,CRC,comision,sinpe,SJ-002,Préstamo Personal
TXN-00022535,CTA-788234,CLI-36958,2026-06-08 08:57:00,3409720.67,CRC,pago,web,SJ-002,Cuenta Corriente
TXN-00022536,CTA-523483,CLI-49363,2026-06-24 02:35:00,751770.94,CRC,comision,atm,LI-001,Préstamo Hipotecario
TXN-00022537,CTA-961729,CLI-41231,2026-06-10 09:43:00,4605259.76,CRC,pago,app_movil,PU-001,Cuenta Corriente
TXN-00022538,CTA-228917,CLI-43059,2026-06-02 13:10:00,80974.9,CRC,comision,sucursal,HE-001,Préstamo Personal
TXN-00022539,CTA-125391,CLI-23410,2026-06-23 05:39:00,2343778.66,CRC,pago,web,PU-001,Préstamo Personal
TXN-00022540,CTA-284380,CLI-44880,2026-06-06 09:11:00,1138599.24,CRC,deposito,atm,SJ-002,Cuenta Corriente
TXN-00022541,CTA-981166,CLI-22699,2026-06-12 10:38:00,2067374.87,CRC,retiro,sinpe,SJ-001,Tarjeta Crédito
TXN-00022542,CTA-856566,CLI-33299,2026-06-21 13:04:00,3891893.39,CRC,deposito,app_movil,SJ-002,Préstamo Hipotecario
TXN-00022543,CTA-179555,CLI-84570,2026-06-22 05:27:00,4925434.23,CRC,retiro,app_movil,SJ-001,Tarjeta Crédito
TXN-00022544,CTA-465507,CLI-74501,2026-06-29 11:28:00,2553679.45,CRC,retiro,web,PU-001,Préstamo Hipotecario
TXN-00022545,CTA-236671,CLI-47786,2026-06-10 04:32:00,2572611.12,CRC,retiro,sinpe,CA-001,Cuenta Corriente
TXN-00022546,CTA-923462,CLI-98504,2026-06-01 03:08:00,3279819.59,CRC,deposito,app_movil,AL-001,Préstamo Hipotecario
TXN-00022547,CTA-500909,CLI-73747,2026-06-08 02:26:00,3508733.48,CRC,pago,web,CA-001,Préstamo Hipotecario
TXN-00022548,CTA-648865,CLI-76024,2026-06-20 01:06:00,2352854.87,CRC,transferencia,sinpe,LI-001,Cuenta Ahorro
TXN-00022549,CTA-273936,CLI-34819,2026-06-04 22:55:00,463602.82,CRC,pago,atm,LI-001,Tarjeta Crédito
TXN-00022550,CTA-441397,CLI-85321,2026-06-29 23:50:00,4425345.56,CRC,transferencia,app_movil,HE-001,Préstamo Personal
TXN-00022551,CTA-843659,CLI-10778,2026-06-18 14:50:00,282730.25,CRC,deposito,app_movil,AL-001,Cuenta Corriente
TXN-00022552,CTA-877363,CLI-89498,2026-06-30 19:42:00,2108796.36,CRC,comision,app_movil,CA-001,Cuenta Corriente
TXN-00022553,CTA-649297,CLI-87540,2026-06-18 15:30:00,3806291.87,CRC,deposito,sucursal,LI-001,Préstamo Hipotecario
TXN-00022554,CTA-448094,CLI-13055,2026-06-26 16:05:00,2952427.05,CRC,comision,app_movil,SJ-002,Cuenta Ahorro
TXN-00022555,CTA-940037,CLI-69273,2026-06-12 04:39:00,880525.71,CRC,pago,web,SJ-001,Préstamo Personal
TXN-00022556,CTA-498669,CLI-11561,2026-06-14 13:49:00,1091491.41,CRC,comision,web,CA-001,Cuenta Corriente
TXN-00022557,CTA-926241,CLI-24821,2026-06-06 06:24:00,4945409.64,CRC,transferencia,sucursal,LI-002,Tarjeta Crédito
TXN-00022558,CTA-814685,CLI-41190,2026-06-24 21:28:00,4277422.14,CRC,transferencia,web,SJ-001,Tarjeta Crédito
TXN-00022559,CTA-220794,CLI-20239,2026-06-23 23:09:00,838874.69,CRC,retiro,sucursal,SJ-002,Préstamo Personal
TXN-00022560,CTA-181427,CLI-60476,2026-06-15 17:58:00,2908413.6,CRC,deposito,sucursal,SJ-002,Préstamo Hipotecario
TXN-00022561,CTA-792330,CLI-10054,2026-06-23 20:51:00,2334995.47,CRC,deposito,sinpe,LI-002,Tarjeta Crédito
TXN-00022562,CTA-362486,CLI-29855,2026-06-10 00:41:00,2430862.63,CRC,transferencia,sinpe,SJ-002,Cuenta Ahorro
TXN-00022563,CTA-198349,CLI-54797,2026-06-02 20:42:00,3010540.74,CRC,deposito,sinpe,LI-002,Tarjeta Crédito
TXN-00022564,CTA-355177,CLI-15806,2026-06-23 13:23:00,3458595.74,CRC,deposito,sinpe,LI-001,Tarjeta Crédito
TXN-00022565,CTA-897948,CLI-44651,2026-06-16 20:55:00,3356490.76,CRC,comision,sucursal,AL-001,Préstamo Personal
TXN-00022566,CTA-565478,CLI-77149,2026-06-24 19:31:00,3867428.97,CRC,pago,atm,HE-001,Préstamo Personal
TXN-00022567,CTA-916434,CLI-71026,2026-06-20 08:09:00,2099581.55,CRC,pago,app_movil,PU-001,Cuenta Corriente
TXN-00022568,CTA-607950,CLI-89519,2026-06-16 12:50:00,159011.66,CRC,transferencia,sucursal,HE-001,Cuenta Corriente
TXN-00022569,CTA-122700,CLI-14710,2026-06-21 05:35:00,2512637.24,CRC,retiro,sinpe,AL-001,Préstamo Hipotecario
TXN-00022570,CTA-842609,CLI-52627,2026-06-18 22:58:00,4272668.52,CRC,transferencia,app_movil,LI-001,Préstamo Personal
TXN-00022571,CTA-271183,CLI-69182,2026-06-15 03:56:00,3805358.35,CRC,retiro,sucursal,SJ-001,Tarjeta Crédito
TXN-00022572,CTA-350643,CLI-91575,2026-06-12 05:36:00,4380555.56,CRC,deposito,sinpe,AL-001,Tarjeta Crédito
TXN-00022573,CTA-253123,CLI-23177,2026-06-11 10:35:00,557105.06,CRC,deposito,sucursal,HE-001,Préstamo Hipotecario
TXN-00022574,CTA-912936,CLI-59349,2026-06-24 07:09:00,3426722.45,CRC,transferencia,app_movil,PU-001,Préstamo Hipotecario
TXN-00022575,CTA-358559,CLI-12473,2026-06-11 04:44:00,2875789.36,CRC,pago,app_movil,AL-001,Tarjeta Crédito
TXN-00022576,CTA-220752,CLI-46754,2026-06-21 23:03:00,4119547.97,CRC,pago,atm,PU-001,Cuenta Corriente
TXN-00022577,CTA-461792,CLI-90065,2026-06-25 18:02:00,3004897.86,CRC,deposito,web,HE-001,Cuenta Corriente
TXN-00022578,CTA-374978,CLI-90684,2026-06-07 05:29:00,2570182.92,CRC,retiro,atm,PU-001,Tarjeta Crédito
TXN-00022579,CTA-282564,CLI-81569,2026-06-03 12:12:00,1293118.84,CRC,transferencia,app_movil,CA-001,Préstamo Hipotecario
TXN-00022580,CTA-813055,CLI-39518,2026-06-02 18:01:00,2494464.81,CRC,deposito,app_movil,AL-001,Préstamo Hipotecario
TXN-00022581,CTA-688318,CLI-15753,2026-06-28 19:25:00,2819798.99,CRC,comision,web,LI-002,Préstamo Personal
TXN-00022582,CTA-754048,CLI-67724,2026-06-12 17:49:00,1939649.68,CRC,transferencia,sinpe,HE-001,Tarjeta Crédito
TXN-00022583,CTA-379964,CLI-16606,2026-06-25 00:43:00,3786969.77,CRC,comision,sinpe,AL-001,Préstamo Hipotecario
TXN-00022584,CTA-293139,CLI-45122,2026-06-28 05:16:00,3773860.53,CRC,comision,web,SJ-001,Préstamo Personal
TXN-00022585,CTA-818437,CLI-58805,2026-06-27 15:19:00,2539033.48,CRC,pago,web,CA-001,Préstamo Personal
TXN-00022586,CTA-616891,CLI-97171,2026-06-26 04:19:00,3957323.1,CRC,comision,atm,SJ-001,Préstamo Personal
TXN-00022587,CTA-144184,CLI-67206,2026-06-13 05:00:00,1413982.71,CRC,comision,sinpe,LI-002,Préstamo Hipotecario
TXN-00022588,CTA-994244,CLI-44403,2026-06-06 09:44:00,1618111.95,CRC,transferencia,atm,SJ-001,Cuenta Ahorro
TXN-00022589,CTA-123326,CLI-57001,2026-06-24 17:49:00,2926470.02,CRC,transferencia,web,LI-001,Cuenta Corriente
TXN-00022590,CTA-205861,CLI-23224,2026-06-17 04:09:00,729031.56,CRC,retiro,web,SJ-002,Tarjeta Crédito
TXN-00022591,CTA-969814,CLI-38034,2026-06-21 05:40:00,534375.92,CRC,pago,sucursal,HE-001,Cuenta Corriente
TXN-00022592,CTA-205186,CLI-22254,2026-06-13 00:24:00,4931264.52,CRC,pago,sucursal,LI-001,Cuenta Ahorro
TXN-00022593,CTA-884406,CLI-15741,2026-06-04 09:03:00,1887929.14,CRC,deposito,atm,AL-001,Préstamo Personal
TXN-00022594,CTA-807921,CLI-98433,2026-06-05 17:23:00,1350142.22,CRC,deposito,app_movil,HE-001,Préstamo Hipotecario
TXN-00022595,CTA-489523,CLI-57751,2026-06-20 10:58:00,4170917.48,CRC,comision,atm,SJ-002,Cuenta Corriente
TXN-00022596,CTA-912815,CLI-67932,2026-06-28 16:05:00,2911803.64,CRC,pago,app_movil,LI-001,Préstamo Personal
TXN-00022597,CTA-534485,CLI-38500,2026-06-10 15:49:00,3496276.42,CRC,transferencia,app_movil,AL-001,Cuenta Corriente
TXN-00022598,CTA-450736,CLI-75125,2026-06-20 02:09:00,2014841.31,CRC,comision,sucursal,HE-001,Préstamo Personal
TXN-00022599,CTA-542419,CLI-38235,2026-06-19 05:34:00,367736.37,CRC,deposito,sinpe,AL-001,Préstamo Hipotecario
TXN-00022600,CTA-473352,CLI-58542,2026-06-07 11:20:00,835603.74,CRC,transferencia,atm,HE-001,Préstamo Hipotecario
TXN-00022601,CTA-880653,CLI-82621,2026-06-23 20:44:00,2304719.23,CRC,comision,app_movil,PU-001,Cuenta Corriente
TXN-00022602,CTA-809750,CLI-30785,2026-06-18 03:09:00,4895689.86,CRC,pago,atm,LI-001,Tarjeta Crédito
TXN-00022603,CTA-360652,CLI-70293,2026-06-11 03:29:00,3765678.65,CRC,retiro,sinpe,AL-001,Cuenta Ahorro
TXN-00022604,CTA-211190,CLI-10753,2026-06-26 08:52:00,3896801.13,CRC,retiro,sinpe,LI-002,Préstamo Personal
TXN-00022605,CTA-327785,CLI-24266,2026-06-09 11:24:00,2968275.99,CRC,transferencia,sucursal,AL-001,Cuenta Corriente
TXN-00022606,CTA-353949,CLI-88494,2026-06-27 19:57:00,3599899.27,CRC,pago,sinpe,HE-001,Cuenta Ahorro
TXN-00022607,CTA-729099,CLI-41657,2026-06-05 22:48:00,4661796.78,CRC,deposito,sucursal,AL-001,Tarjeta Crédito
TXN-00022608,CTA-223562,CLI-62412,2026-06-06 15:38:00,1058456.78,CRC,retiro,sinpe,HE-001,Cuenta Corriente
TXN-00022609,CTA-166706,CLI-97161,2026-06-26 03:35:00,944577.66,CRC,deposito,sucursal,AL-001,Cuenta Ahorro
TXN-00022610,CTA-164397,CLI-13089,2026-06-07 23:04:00,4613862.8,CRC,comision,sinpe,CA-001,Cuenta Corriente
TXN-00022611,CTA-691970,CLI-76602,2026-06-15 04:37:00,3609137.98,CRC,pago,sinpe,SJ-002,Cuenta Corriente
TXN-00022612,CTA-496396,CLI-69218,2026-06-25 01:25:00,1753520.97,CRC,retiro,sinpe,HE-001,Préstamo Hipotecario
TXN-00022613,CTA-107060,CLI-81226,2026-06-19 20:15:00,3284783.87,CRC,pago,web,LI-002,Préstamo Hipotecario
TXN-00022614,CTA-707574,CLI-77282,2026-06-09 04:57:00,2269316.69,CRC,deposito,web,AL-001,Préstamo Personal
TXN-00022615,CTA-876049,CLI-97190,2026-06-18 20:36:00,2797475.4,CRC,deposito,app_movil,AL-001,Cuenta Ahorro
TXN-00022616,CTA-693550,CLI-33221,2026-06-08 23:56:00,545488.43,CRC,pago,sinpe,AL-001,Tarjeta Crédito
TXN-00022617,CTA-909040,CLI-67120,2026-06-17 10:38:00,400897.25,CRC,comision,sinpe,LI-001,Cuenta Corriente
TXN-00022618,CTA-457049,CLI-67378,2026-06-02 10:06:00,2347527.53,CRC,pago,sinpe,SJ-002,Cuenta Corriente
TXN-00022619,CTA-926812,CLI-32355,2026-06-28 09:39:00,3398881.53,CRC,pago,atm,PU-001,Préstamo Personal
TXN-00022620,CTA-742809,CLI-14135,2026-06-16 07:04:00,2235145.06,CRC,retiro,sucursal,AL-001,Préstamo Hipotecario
TXN-00022621,CTA-726588,CLI-77281,2026-06-06 07:04:00,2161221.49,CRC,deposito,web,SJ-002,Cuenta Corriente
TXN-00022622,CTA-427969,CLI-66965,2026-06-04 02:33:00,3285122.93,CRC,deposito,app_movil,CA-001,Tarjeta Crédito
TXN-00022623,CTA-528197,CLI-47880,2026-06-25 18:19:00,2985316.85,CRC,retiro,sinpe,PU-001,Cuenta Corriente
TXN-00022624,CTA-267933,CLI-36576,2026-06-27 02:50:00,2821724.78,CRC,deposito,atm,LI-001,Préstamo Personal
TXN-00022625,CTA-914132,CLI-75165,2026-06-11 15:42:00,2093400.92,CRC,transferencia,atm,SJ-002,Cuenta Ahorro
TXN-00022626,CTA-587663,CLI-13239,2026-06-09 19:24:00,4210318.91,CRC,transferencia,sucursal,LI-001,Tarjeta Crédito
TXN-00022627,CTA-643403,CLI-80184,2026-06-21 22:38:00,4355557.73,CRC,retiro,sinpe,LI-001,Préstamo Personal
TXN-00022628,CTA-526153,CLI-45649,2026-06-07 12:24:00,3090349.62,CRC,retiro,app_movil,HE-001,Cuenta Ahorro
TXN-00022629,CTA-264981,CLI-79835,2026-06-02 21:34:00,2863140.14,CRC,deposito,sinpe,LI-002,Tarjeta Crédito
TXN-00022630,CTA-470358,CLI-79240,2026-06-05 23:58:00,2301268.58,CRC,pago,sinpe,CA-001,Préstamo Personal
TXN-00022631,CTA-431936,CLI-87663,2026-06-22 19:31:00,1600396.28,CRC,comision,sucursal,SJ-001,Préstamo Hipotecario
TXN-00022632,CTA-906495,CLI-47779,2026-06-03 18:46:00,4649083.7,CRC,pago,app_movil,LI-001,Tarjeta Crédito
TXN-00022633,CTA-254972,CLI-88597,2026-06-10 13:22:00,2899177.53,CRC,comision,atm,PU-001,Cuenta Ahorro
TXN-00022634,CTA-248451,CLI-99442,2026-06-18 11:03:00,3946711.31,CRC,comision,app_movil,CA-001,Cuenta Ahorro
TXN-00022635,CTA-314778,CLI-93469,2026-06-01 00:09:00,337192.32,CRC,comision,app_movil,LI-001,Tarjeta Crédito
TXN-00022636,CTA-563839,CLI-57843,2026-06-12 07:24:00,3652784.6,CRC,transferencia,atm,SJ-002,Cuenta Corriente
TXN-00022637,CTA-173492,CLI-25848,2026-06-18 21:14:00,1398812.83,CRC,transferencia,atm,LI-001,Cuenta Corriente
TXN-00022638,CTA-524969,CLI-56026,2026-06-07 21:21:00,518437.53,CRC,transferencia,atm,CA-001,Préstamo Personal
TXN-00022639,CTA-682230,CLI-13302,2026-06-21 21:40:00,2478165.36,CRC,transferencia,atm,AL-001,Cuenta Ahorro
TXN-00022640,CTA-851999,CLI-37324,2026-06-07 19:53:00,2060153.13,CRC,pago,atm,SJ-001,Préstamo Hipotecario
TXN-00022641,CTA-974475,CLI-91766,2026-06-07 15:05:00,2821442.18,CRC,retiro,app_movil,AL-001,Cuenta Ahorro
TXN-00022642,CTA-824394,CLI-11019,2026-06-21 21:40:00,1146267.47,CRC,transferencia,sinpe,PU-001,Cuenta Ahorro
TXN-00022643,CTA-158695,CLI-16464,2026-06-18 19:40:00,531913.22,CRC,retiro,web,AL-001,Tarjeta Crédito
TXN-00022644,CTA-528085,CLI-15777,2026-06-02 12:32:00,3845308.85,CRC,deposito,web,SJ-002,Tarjeta Crédito
TXN-00022645,CTA-312118,CLI-26845,2026-06-08 16:45:00,4092738.53,CRC,retiro,sucursal,SJ-002,Cuenta Corriente
TXN-00022646,CTA-563417,CLI-55436,2026-06-06 09:34:00,392735.11,CRC,transferencia,web,HE-001,Cuenta Ahorro
TXN-00022647,CTA-210856,CLI-80933,2026-06-11 19:49:00,4424217.45,CRC,pago,web,HE-001,Tarjeta Crédito
TXN-00022648,CTA-553517,CLI-69100,2026-06-04 20:30:00,635319.27,CRC,retiro,atm,PU-001,Tarjeta Crédito
TXN-00022649,CTA-418362,CLI-15608,2026-06-17 10:30:00,4266890.79,CRC,comision,web,HE-001,Cuenta Ahorro
TXN-00022650,CTA-921540,CLI-50637,2026-06-24 10:46:00,1317416.63,CRC,deposito,atm,SJ-001,Cuenta Ahorro
TXN-00022651,CTA-976729,CLI-15258,2026-06-21 04:19:00,4830860.75,CRC,deposito,web,SJ-002,Préstamo Personal
TXN-00022652,CTA-830596,CLI-79248,2026-06-14 17:44:00,1591550.61,CRC,comision,sucursal,LI-002,Tarjeta Crédito
TXN-00022653,CTA-560847,CLI-96116,2026-06-11 06:18:00,4285398.81,CRC,transferencia,atm,LI-001,Tarjeta Crédito
TXN-00022654,CTA-753361,CLI-14006,2026-06-06 14:10:00,4091328.36,CRC,transferencia,app_movil,PU-001,Préstamo Personal
TXN-00022655,CTA-156821,CLI-11756,2026-06-12 14:48:00,52225.37,CRC,deposito,app_movil,AL-001,Cuenta Corriente
TXN-00022656,CTA-561959,CLI-59276,2026-06-06 22:38:00,1290958.8,CRC,transferencia,sucursal,AL-001,Cuenta Ahorro
TXN-00022657,CTA-336360,CLI-19706,2026-06-21 00:07:00,4910248.24,CRC,comision,app_movil,SJ-002,Préstamo Personal
TXN-00022658,CTA-786297,CLI-58856,2026-06-24 07:56:00,2781512.34,CRC,transferencia,web,SJ-001,Cuenta Ahorro
TXN-00022659,CTA-474339,CLI-65641,2026-06-04 20:58:00,2347631.87,CRC,retiro,atm,CA-001,Cuenta Ahorro
TXN-00022660,CTA-584297,CLI-94518,2026-06-19 19:45:00,48079.64,CRC,comision,app_movil,CA-001,Tarjeta Crédito
TXN-00022661,CTA-825593,CLI-88752,2026-06-06 23:24:00,1490980.5,CRC,deposito,sucursal,CA-001,Cuenta Corriente
TXN-00022662,CTA-744473,CLI-14527,2026-06-21 12:39:00,1877834.44,CRC,comision,sucursal,LI-001,Préstamo Personal
TXN-00022663,CTA-263877,CLI-89756,2026-06-28 18:52:00,2644334.93,CRC,deposito,atm,SJ-002,Tarjeta Crédito
TXN-00022664,CTA-609112,CLI-53374,2026-06-19 09:49:00,2984704.06,CRC,comision,sucursal,LI-002,Préstamo Personal
TXN-00022665,CTA-331945,CLI-49191,2026-06-30 23:26:00,1715775.03,CRC,retiro,web,HE-001,Cuenta Ahorro
TXN-00022666,CTA-451706,CLI-55044,2026-06-20 21:13:00,3834961.33,CRC,retiro,app_movil,CA-001,Cuenta Ahorro
TXN-00022667,CTA-639524,CLI-78990,2026-06-17 18:12:00,2864021.13,CRC,transferencia,sinpe,SJ-001,Cuenta Ahorro
TXN-00022668,CTA-875931,CLI-58236,2026-06-23 09:31:00,4206922.31,CRC,comision,web,CA-001,Préstamo Hipotecario
TXN-00022669,CTA-314185,CLI-19166,2026-06-24 07:36:00,1773302.66,CRC,comision,app_movil,HE-001,Tarjeta Crédito
TXN-00022670,CTA-584558,CLI-98295,2026-06-26 01:26:00,4154690.77,CRC,transferencia,app_movil,SJ-002,Préstamo Hipotecario
TXN-00022671,CTA-162493,CLI-33475,2026-06-25 10:54:00,2787453.3,CRC,pago,app_movil,AL-001,Préstamo Personal
TXN-00022672,CTA-672461,CLI-83074,2026-06-09 04:16:00,2587959.78,CRC,transferencia,sinpe,PU-001,Cuenta Corriente
TXN-00022673,CTA-750621,CLI-52705,2026-06-15 19:41:00,4871938.39,CRC,comision,web,HE-001,Tarjeta Crédito
TXN-00022674,CTA-154491,CLI-90719,2026-06-10 03:23:00,3781822.01,CRC,pago,web,SJ-002,Préstamo Personal
TXN-00022675,CTA-738895,CLI-61796,2026-06-18 23:09:00,260884.64,CRC,comision,sucursal,CA-001,Tarjeta Crédito
TXN-00022676,CTA-806868,CLI-15898,2026-06-18 18:42:00,372212.31,CRC,deposito,atm,SJ-002,Cuenta Ahorro
TXN-00022677,CTA-784936,CLI-11947,2026-06-20 06:16:00,1474929.98,CRC,deposito,sinpe,AL-001,Préstamo Hipotecario
TXN-00022678,CTA-984814,CLI-79535,2026-06-21 15:32:00,2853992.2,CRC,transferencia,sucursal,PU-001,Préstamo Hipotecario
TXN-00022679,CTA-503357,CLI-35370,2026-06-17 00:10:00,2919191.86,CRC,transferencia,app_movil,HE-001,Cuenta Corriente
TXN-00022680,CTA-385264,CLI-82760,2026-06-11 05:34:00,4607183.99,CRC,transferencia,sucursal,LI-002,Cuenta Corriente
TXN-00022681,CTA-975155,CLI-14635,2026-06-16 01:52:00,2129528.4,CRC,comision,sucursal,LI-001,Cuenta Ahorro
TXN-00022682,CTA-412483,CLI-64840,2026-06-07 03:05:00,2623468.61,CRC,pago,app_movil,HE-001,Tarjeta Crédito
TXN-00022683,CTA-974677,CLI-74790,2026-06-13 04:27:00,287327.01,CRC,deposito,atm,LI-002,Cuenta Ahorro
TXN-00022684,CTA-466256,CLI-31112,2026-06-01 21:09:00,2581356.21,CRC,transferencia,web,HE-001,Préstamo Hipotecario
TXN-00022685,CTA-290560,CLI-53116,2026-06-03 04:34:00,1809848.91,CRC,pago,web,HE-001,Tarjeta Crédito
TXN-00022686,CTA-748624,CLI-49366,2026-06-01 16:08:00,4280647.14,CRC,comision,atm,LI-002,Tarjeta Crédito
TXN-00022687,CTA-219435,CLI-30760,2026-06-30 20:02:00,3731083.45,CRC,transferencia,web,HE-001,Préstamo Personal
TXN-00022688,CTA-303192,CLI-88087,2026-06-06 11:19:00,3247273.88,CRC,comision,web,SJ-001,Préstamo Personal
TXN-00022689,CTA-945860,CLI-14332,2026-06-24 08:12:00,3049915.56,CRC,retiro,app_movil,LI-002,Préstamo Hipotecario
TXN-00022690,CTA-768387,CLI-68074,2026-06-27 00:42:00,521411.01,CRC,comision,sucursal,SJ-001,Cuenta Corriente
TXN-00022691,CTA-527484,CLI-99124,2026-06-17 16:07:00,3585075.79,CRC,retiro,web,SJ-002,Préstamo Personal
TXN-00022692,CTA-693350,CLI-75745,2026-06-10 11:00:00,53291.25,CRC,transferencia,sucursal,HE-001,Cuenta Ahorro
TXN-00022693,CTA-437799,CLI-43989,2026-06-04 00:21:00,3398656.47,CRC,pago,web,SJ-001,Cuenta Corriente
TXN-00022694,CTA-696342,CLI-14010,2026-06-11 22:27:00,391582.37,CRC,retiro,web,CA-001,Préstamo Personal
TXN-00022695,CTA-562737,CLI-36662,2026-06-26 08:43:00,3992895.15,CRC,deposito,sinpe,AL-001,Cuenta Corriente
TXN-00022696,CTA-328867,CLI-64493,2026-06-11 18:24:00,1922450.66,CRC,comision,app_movil,PU-001,Cuenta Ahorro
TXN-00022697,CTA-333170,CLI-50200,2026-06-17 14:31:00,3275606.4,CRC,comision,sinpe,CA-001,Cuenta Ahorro
TXN-00022698,CTA-847374,CLI-55827,2026-06-02 23:12:00,2879964.29,CRC,deposito,sucursal,SJ-002,Cuenta Corriente
TXN-00022699,CTA-149471,CLI-38636,2026-06-29 19:16:00,2706974.85,CRC,deposito,web,CA-001,Tarjeta Crédito
TXN-00022700,CTA-365182,CLI-61986,2026-06-26 12:21:00,2989687.02,CRC,deposito,sinpe,AL-001,Cuenta Corriente
TXN-00022701,CTA-408397,CLI-64135,2026-06-14 09:39:00,2372637.07,CRC,comision,web,CA-001,Préstamo Personal
TXN-00022702,CTA-897706,CLI-45704,2026-06-12 05:56:00,845520.75,CRC,comision,atm,HE-001,Cuenta Corriente
TXN-00022703,CTA-939857,CLI-19814,2026-06-05 02:05:00,2953489.93,CRC,deposito,sinpe,AL-001,Cuenta Ahorro
TXN-00022704,CTA-579631,CLI-65664,2026-06-21 06:28:00,3306448.28,CRC,retiro,sucursal,LI-002,Tarjeta Crédito
TXN-00022705,CTA-678444,CLI-48105,2026-06-24 07:22:00,2256254.15,CRC,transferencia,sucursal,LI-001,Cuenta Ahorro
TXN-00022706,CTA-739484,CLI-50215,2026-06-11 21:47:00,3029663.93,CRC,transferencia,app_movil,LI-002,Cuenta Ahorro
TXN-00022707,CTA-946820,CLI-99589,2026-06-04 08:25:00,1409100.83,CRC,transferencia,sinpe,SJ-002,Cuenta Corriente
TXN-00022708,CTA-879522,CLI-25110,2026-06-22 07:48:00,831800.34,CRC,retiro,sinpe,SJ-002,Cuenta Ahorro
TXN-00022709,CTA-165401,CLI-24040,2026-06-04 23:49:00,4014558.1,CRC,comision,atm,SJ-002,Préstamo Personal
TXN-00022710,CTA-520622,CLI-93482,2026-06-27 15:04:00,3910326.86,CRC,comision,sucursal,PU-001,Tarjeta Crédito
TXN-00022711,CTA-754644,CLI-34921,2026-06-05 21:11:00,2936605.93,CRC,comision,atm,HE-001,Tarjeta Crédito
TXN-00022712,CTA-704558,CLI-66065,2026-06-09 12:51:00,2659147.52,CRC,deposito,app_movil,SJ-002,Cuenta Ahorro
TXN-00022713,CTA-707348,CLI-14049,2026-06-02 07:20:00,3424912.0,CRC,pago,sinpe,HE-001,Préstamo Hipotecario
TXN-00022714,CTA-924497,CLI-15522,2026-06-29 17:13:00,2395400.44,CRC,comision,web,SJ-001,Cuenta Corriente
TXN-00022715,CTA-239804,CLI-35157,2026-06-20 12:03:00,3935887.51,CRC,retiro,web,CA-001,Préstamo Personal
TXN-00022716,CTA-112972,CLI-17917,2026-06-20 23:46:00,2979595.77,CRC,pago,sucursal,HE-001,Préstamo Hipotecario
TXN-00022717,CTA-147365,CLI-37597,2026-06-13 11:02:00,2226109.96,CRC,retiro,sucursal,AL-001,Préstamo Hipotecario
TXN-00022718,CTA-831854,CLI-80625,2026-06-05 04:13:00,2818753.34,CRC,pago,atm,LI-002,Cuenta Ahorro
TXN-00022719,CTA-684785,CLI-65314,2026-06-09 09:33:00,4260741.68,CRC,transferencia,atm,LI-001,Cuenta Ahorro
TXN-00022720,CTA-656530,CLI-74002,2026-06-08 19:15:00,4444232.75,CRC,pago,app_movil,LI-001,Préstamo Hipotecario
TXN-00022721,CTA-336402,CLI-70908,2026-06-05 14:20:00,4907151.8,CRC,pago,app_movil,LI-001,Tarjeta Crédito
TXN-00022722,CTA-735533,CLI-66891,2026-06-25 23:00:00,4557436.79,CRC,transferencia,sucursal,AL-001,Préstamo Hipotecario
TXN-00022723,CTA-357524,CLI-35962,2026-06-13 08:27:00,438272.46,CRC,deposito,web,LI-002,Cuenta Ahorro
TXN-00022724,CTA-951338,CLI-47085,2026-06-07 06:01:00,278180.99,CRC,deposito,sinpe,LI-001,Préstamo Hipotecario
TXN-00022725,CTA-953762,CLI-63103,2026-06-10 15:59:00,3497019.81,CRC,pago,sucursal,SJ-001,Préstamo Hipotecario
TXN-00022726,CTA-491795,CLI-35650,2026-06-01 23:19:00,4465962.53,CRC,retiro,sucursal,LI-002,Cuenta Corriente
TXN-00022727,CTA-345843,CLI-85785,2026-06-15 02:21:00,1889938.3,CRC,pago,app_movil,LI-001,Préstamo Hipotecario
TXN-00022728,CTA-799315,CLI-34834,2026-06-24 20:55:00,3963786.84,CRC,retiro,app_movil,SJ-002,Préstamo Personal
TXN-00022729,CTA-983438,CLI-28284,2026-06-28 04:40:00,2272810.27,CRC,comision,sinpe,CA-001,Cuenta Corriente
TXN-00022730,CTA-218800,CLI-16170,2026-06-28 02:32:00,1402152.65,CRC,transferencia,sinpe,HE-001,Préstamo Hipotecario
TXN-00022731,CTA-839440,CLI-58364,2026-06-16 19:53:00,1483685.97,CRC,retiro,sucursal,SJ-001,Cuenta Corriente
TXN-00022732,CTA-998557,CLI-34280,2026-06-26 02:03:00,2045390.54,CRC,deposito,web,LI-002,Cuenta Ahorro
TXN-00022733,CTA-237166,CLI-27312,2026-06-04 03:13:00,2882704.03,CRC,pago,app_movil,LI-002,Cuenta Ahorro
TXN-00022734,CTA-923823,CLI-71976,2026-06-14 02:21:00,129792.27,CRC,pago,sucursal,LI-002,Cuenta Ahorro
TXN-00022735,CTA-433037,CLI-46140,2026-06-18 00:10:00,136308.12,CRC,pago,app_movil,LI-002,Tarjeta Crédito
TXN-00022736,CTA-954565,CLI-87700,2026-06-10 08:19:00,4481163.78,CRC,pago,sinpe,CA-001,Cuenta Corriente
TXN-00022737,CTA-393049,CLI-44396,2026-06-12 13:06:00,4732872.19,CRC,pago,sinpe,CA-001,Préstamo Personal
TXN-00022738,CTA-984752,CLI-43766,2026-06-02 23:54:00,3114059.72,CRC,comision,sinpe,LI-002,Préstamo Personal
TXN-00022739,CTA-397803,CLI-62549,2026-06-02 02:55:00,2028484.97,CRC,retiro,sinpe,LI-001,Préstamo Hipotecario
TXN-00022740,CTA-895563,CLI-35175,2026-06-01 20:19:00,3595105.14,CRC,retiro,atm,CA-001,Tarjeta Crédito
TXN-00022741,CTA-894782,CLI-65727,2026-06-26 10:32:00,3982703.44,CRC,transferencia,atm,SJ-001,Préstamo Personal
TXN-00022742,CTA-523085,CLI-61189,2026-06-25 10:46:00,2700688.26,CRC,retiro,sinpe,CA-001,Cuenta Corriente
TXN-00022743,CTA-605254,CLI-67536,2026-06-18 16:37:00,3120978.72,CRC,retiro,sucursal,HE-001,Cuenta Ahorro
TXN-00022744,CTA-897770,CLI-92600,2026-06-23 20:47:00,1915779.52,CRC,transferencia,sucursal,CA-001,Cuenta Corriente
TXN-00022745,CTA-679411,CLI-93023,2026-06-10 07:42:00,1002216.09,CRC,retiro,sucursal,AL-001,Cuenta Ahorro
TXN-00022746,CTA-167456,CLI-98387,2026-06-18 09:25:00,1537101.53,CRC,transferencia,atm,LI-001,Préstamo Personal
TXN-00022747,CTA-422972,CLI-29997,2026-06-26 22:51:00,3184053.29,CRC,retiro,app_movil,SJ-002,Tarjeta Crédito
TXN-00022748,CTA-175208,CLI-42194,2026-06-16 15:32:00,359688.93,CRC,pago,sinpe,PU-001,Cuenta Corriente
TXN-00022749,CTA-879850,CLI-87869,2026-06-11 11:40:00,3371313.45,CRC,retiro,app_movil,LI-002,Préstamo Personal
TXN-00022750,CTA-641203,CLI-30137,2026-06-08 03:11:00,707907.45,CRC,retiro,sinpe,PU-001,Cuenta Corriente
TXN-00022751,CTA-483603,CLI-59252,2026-06-13 06:49:00,3340820.79,CRC,comision,web,LI-002,Cuenta Ahorro
TXN-00022752,CTA-941935,CLI-93977,2026-06-15 05:04:00,567501.65,CRC,pago,sucursal,AL-001,Cuenta Ahorro
TXN-00022753,CTA-305052,CLI-47829,2026-06-11 18:22:00,4551727.13,CRC,pago,atm,LI-002,Tarjeta Crédito
TXN-00022754,CTA-931125,CLI-38635,2026-06-15 18:09:00,3639970.45,CRC,comision,web,LI-001,Cuenta Corriente
TXN-00022755,CTA-464318,CLI-35781,2026-06-23 04:37:00,1688986.27,CRC,retiro,app_movil,SJ-002,Cuenta Corriente
TXN-00022756,CTA-693406,CLI-63027,2026-06-05 20:07:00,3520232.9,CRC,pago,atm,LI-001,Tarjeta Crédito
TXN-00022757,CTA-852487,CLI-32288,2026-06-07 17:17:00,4557458.09,CRC,deposito,sucursal,CA-001,Tarjeta Crédito
TXN-00022758,CTA-186995,CLI-22235,2026-06-22 21:38:00,3589638.45,CRC,transferencia,sucursal,HE-001,Préstamo Hipotecario
TXN-00022759,CTA-191796,CLI-16390,2026-06-17 00:00:00,4333411.73,CRC,pago,atm,CA-001,Cuenta Corriente
TXN-00022760,CTA-889913,CLI-50136,2026-06-21 12:43:00,1357266.53,CRC,deposito,sucursal,HE-001,Préstamo Hipotecario
TXN-00022761,CTA-608639,CLI-94671,2026-06-15 15:37:00,3253318.98,CRC,retiro,app_movil,HE-001,Préstamo Hipotecario
TXN-00022762,CTA-470247,CLI-77737,2026-06-10 22:05:00,950050.02,CRC,retiro,sucursal,LI-002,Tarjeta Crédito
TXN-00022763,CTA-742962,CLI-35539,2026-06-26 18:14:00,1539761.92,CRC,transferencia,web,LI-001,Préstamo Hipotecario
TXN-00022764,CTA-749696,CLI-28195,2026-06-06 10:56:00,4462927.54,CRC,retiro,sucursal,SJ-002,Préstamo Hipotecario
TXN-00022765,CTA-205952,CLI-29464,2026-06-25 18:15:00,4850092.09,CRC,pago,atm,HE-001,Cuenta Ahorro
TXN-00022766,CTA-404982,CLI-17696,2026-06-16 15:18:00,888720.57,CRC,transferencia,sucursal,LI-002,Préstamo Personal
TXN-00022767,CTA-755518,CLI-90759,2026-06-02 19:36:00,4376673.39,CRC,transferencia,web,PU-001,Préstamo Personal
TXN-00022768,CTA-838290,CLI-35860,2026-06-18 04:53:00,2090477.32,CRC,transferencia,app_movil,LI-002,Préstamo Hipotecario
TXN-00022769,CTA-287743,CLI-67997,2026-06-02 11:00:00,1717778.82,CRC,pago,app_movil,PU-001,Préstamo Hipotecario
TXN-00022770,CTA-580950,CLI-12338,2026-06-17 18:26:00,2636331.26,CRC,deposito,app_movil,AL-001,Cuenta Corriente
TXN-00022771,CTA-183610,CLI-22494,2026-06-14 08:46:00,4747931.89,CRC,comision,atm,PU-001,Cuenta Corriente
TXN-00022772,CTA-731150,CLI-31472,2026-06-27 10:43:00,3766740.86,CRC,pago,atm,LI-001,Préstamo Personal
TXN-00022773,CTA-448191,CLI-33840,2026-06-29 20:24:00,4766803.29,CRC,retiro,web,HE-001,Préstamo Personal
TXN-00022774,CTA-191864,CLI-15948,2026-06-09 03:36:00,2361614.61,CRC,deposito,sucursal,CA-001,Tarjeta Crédito
TXN-00022775,CTA-756221,CLI-10944,2026-06-26 20:00:00,2659689.23,CRC,pago,web,CA-001,Cuenta Corriente
TXN-00022776,CTA-367840,CLI-13438,2026-06-27 17:38:00,3433418.05,CRC,comision,sucursal,SJ-002,Cuenta Ahorro
TXN-00022777,CTA-246780,CLI-59395,2026-06-29 08:03:00,2200655.52,CRC,deposito,sinpe,SJ-002,Tarjeta Crédito
TXN-00022778,CTA-561558,CLI-81228,2026-06-25 06:11:00,1291843.13,CRC,retiro,sucursal,LI-002,Cuenta Ahorro
TXN-00022779,CTA-360154,CLI-53367,2026-06-30 07:41:00,488625.31,CRC,deposito,app_movil,LI-001,Préstamo Personal
TXN-00022780,CTA-438606,CLI-48298,2026-06-25 09:19:00,1142231.1,CRC,comision,sucursal,LI-002,Tarjeta Crédito
TXN-00022781,CTA-622701,CLI-40633,2026-06-04 11:17:00,3828266.15,CRC,comision,sinpe,LI-002,Préstamo Personal
TXN-00022782,CTA-542293,CLI-93955,2026-06-10 00:32:00,2041277.55,CRC,pago,atm,CA-001,Tarjeta Crédito
TXN-00022783,CTA-991325,CLI-75528,2026-06-22 11:03:00,2631928.27,CRC,deposito,sucursal,HE-001,Préstamo Personal
TXN-00022784,CTA-200088,CLI-37678,2026-06-21 14:36:00,1941126.45,CRC,comision,web,HE-001,Préstamo Personal
TXN-00022785,CTA-173333,CLI-53823,2026-06-04 02:24:00,4160016.85,CRC,transferencia,sinpe,SJ-001,Préstamo Personal
TXN-00022786,CTA-767359,CLI-26880,2026-06-17 20:34:00,4890720.04,CRC,transferencia,app_movil,PU-001,Préstamo Hipotecario
TXN-00022787,CTA-871804,CLI-58076,2026-06-25 08:12:00,2511402.65,CRC,comision,atm,CA-001,Cuenta Corriente
TXN-00022788,CTA-692972,CLI-31267,2026-06-26 22:51:00,246357.11,CRC,retiro,app_movil,HE-001,Cuenta Ahorro
TXN-00022789,CTA-975996,CLI-45913,2026-06-18 03:47:00,3466837.33,CRC,comision,app_movil,AL-001,Préstamo Hipotecario
TXN-00022790,CTA-270643,CLI-71176,2026-06-21 22:49:00,4687652.13,CRC,retiro,sinpe,PU-001,Tarjeta Crédito
TXN-00022791,CTA-504302,CLI-28305,2026-06-02 14:35:00,157665.8,CRC,pago,sucursal,SJ-001,Préstamo Personal
TXN-00022792,CTA-366919,CLI-57775,2026-06-02 06:30:00,927539.65,CRC,comision,atm,SJ-002,Préstamo Personal
TXN-00022793,CTA-842154,CLI-50589,2026-06-08 23:47:00,1627386.77,CRC,pago,sinpe,LI-001,Préstamo Hipotecario
TXN-00022794,CTA-892777,CLI-91543,2026-06-12 02:16:00,15961.17,CRC,deposito,web,AL-001,Tarjeta Crédito
TXN-00022795,CTA-285484,CLI-10557,2026-06-10 20:52:00,1587156.69,CRC,retiro,sinpe,HE-001,Cuenta Corriente
TXN-00022796,CTA-817506,CLI-45377,2026-06-12 16:58:00,4627252.7,CRC,transferencia,web,LI-002,Préstamo Personal
TXN-00022797,CTA-836738,CLI-53064,2026-06-23 09:58:00,381941.08,CRC,comision,sinpe,LI-002,Préstamo Personal
TXN-00022798,CTA-602432,CLI-40460,2026-06-24 07:08:00,2981321.15,CRC,pago,web,SJ-001,Cuenta Corriente
TXN-00022799,CTA-436529,CLI-30568,2026-06-06 23:39:00,2482350.07,CRC,comision,web,LI-002,Cuenta Ahorro
TXN-00022800,CTA-955994,CLI-44385,2026-06-19 13:22:00,1061043.22,CRC,deposito,sucursal,AL-001,Préstamo Personal
TXN-00022801,CTA-495719,CLI-49337,2026-06-24 02:14:00,2611326.92,CRC,retiro,sucursal,CA-001,Cuenta Corriente
TXN-00022802,CTA-732352,CLI-27747,2026-06-05 16:52:00,2883277.33,CRC,transferencia,sucursal,LI-001,Cuenta Corriente
TXN-00022803,CTA-229613,CLI-16601,2026-06-22 03:23:00,2721922.22,CRC,retiro,app_movil,LI-001,Préstamo Personal
TXN-00022804,CTA-533849,CLI-69336,2026-06-01 03:27:00,4698502.54,CRC,retiro,web,CA-001,Tarjeta Crédito
TXN-00022805,CTA-683490,CLI-87148,2026-06-15 22:42:00,2934038.54,CRC,transferencia,sinpe,LI-002,Préstamo Hipotecario
TXN-00022806,CTA-885933,CLI-84636,2026-06-22 16:51:00,4990318.66,CRC,comision,sinpe,PU-001,Préstamo Hipotecario
TXN-00022807,CTA-589894,CLI-80994,2026-06-28 17:42:00,2990686.32,CRC,deposito,app_movil,HE-001,Préstamo Personal
TXN-00022808,CTA-120275,CLI-17918,2026-06-16 09:24:00,1117612.36,CRC,pago,sinpe,HE-001,Tarjeta Crédito
TXN-00022809,CTA-518609,CLI-36505,2026-06-21 05:43:00,364381.8,CRC,deposito,app_movil,AL-001,Préstamo Personal
TXN-00022810,CTA-888029,CLI-13226,2026-06-09 12:59:00,1414613.61,CRC,deposito,atm,AL-001,Cuenta Ahorro
TXN-00022811,CTA-857614,CLI-71125,2026-06-11 02:20:00,2106650.21,CRC,deposito,web,LI-001,Cuenta Corriente
TXN-00022812,CTA-345197,CLI-19673,2026-06-10 19:58:00,1433312.44,CRC,retiro,sucursal,LI-001,Cuenta Corriente
TXN-00022813,CTA-597957,CLI-31062,2026-06-22 15:11:00,2161896.68,CRC,transferencia,sucursal,CA-001,Cuenta Corriente
TXN-00022814,CTA-764682,CLI-54811,2026-06-16 19:35:00,2509178.49,CRC,deposito,atm,CA-001,Tarjeta Crédito
TXN-00022815,CTA-951567,CLI-44275,2026-06-17 16:00:00,2780277.71,CRC,transferencia,web,HE-001,Préstamo Personal
TXN-00022816,CTA-971865,CLI-58697,2026-06-09 22:29:00,220886.86,CRC,retiro,web,LI-001,Tarjeta Crédito
TXN-00022817,CTA-304843,CLI-78041,2026-06-16 23:23:00,4323363.32,CRC,comision,app_movil,SJ-002,Cuenta Ahorro
TXN-00022818,CTA-477768,CLI-91843,2026-06-12 21:49:00,1266922.44,CRC,retiro,app_movil,LI-002,Préstamo Personal
TXN-00022819,CTA-658627,CLI-70995,2026-06-07 15:17:00,3785069.12,CRC,transferencia,sinpe,AL-001,Tarjeta Crédito
TXN-00022820,CTA-385632,CLI-18427,2026-06-25 20:44:00,3390011.83,CRC,retiro,sucursal,LI-001,Préstamo Hipotecario
TXN-00022821,CTA-352250,CLI-63426,2026-06-28 23:33:00,4991570.76,CRC,comision,sucursal,HE-001,Préstamo Personal
TXN-00022822,CTA-784513,CLI-61802,2026-06-01 14:14:00,2640123.38,CRC,retiro,atm,HE-001,Préstamo Personal
TXN-00022823,CTA-653172,CLI-62114,2026-06-02 18:06:00,833937.96,CRC,pago,web,LI-002,Cuenta Corriente
TXN-00022824,CTA-846660,CLI-47235,2026-06-15 04:38:00,4219133.14,CRC,retiro,web,SJ-002,Tarjeta Crédito
TXN-00022825,CTA-229028,CLI-25283,2026-06-09 01:03:00,2469685.51,CRC,retiro,sinpe,AL-001,Cuenta Ahorro
TXN-00022826,CTA-697644,CLI-74586,2026-06-23 22:00:00,3907225.91,CRC,comision,web,HE-001,Préstamo Hipotecario
TXN-00022827,CTA-858805,CLI-19605,2026-06-23 16:26:00,1437762.34,CRC,retiro,web,HE-001,Préstamo Hipotecario
TXN-00022828,CTA-467934,CLI-82884,2026-06-28 19:38:00,4119333.3,CRC,comision,sucursal,SJ-002,Cuenta Ahorro
TXN-00022829,CTA-133236,CLI-42116,2026-06-03 03:35:00,250128.67,CRC,pago,sinpe,LI-001,Cuenta Ahorro
TXN-00022830,CTA-742224,CLI-96958,2026-06-02 12:05:00,2784422.85,CRC,deposito,sucursal,LI-001,Préstamo Personal
TXN-00022831,CTA-625449,CLI-81471,2026-06-30 19:25:00,1152785.11,CRC,deposito,web,SJ-001,Cuenta Corriente
TXN-00022832,CTA-701362,CLI-50560,2026-06-22 09:36:00,4754578.82,CRC,retiro,sucursal,PU-001,Cuenta Corriente
TXN-00022833,CTA-619981,CLI-46373,2026-06-02 01:09:00,4657688.61,CRC,deposito,atm,HE-001,Tarjeta Crédito
TXN-00022834,CTA-543902,CLI-10130,2026-06-08 16:27:00,688681.24,CRC,pago,atm,SJ-001,Préstamo Personal
TXN-00022835,CTA-910480,CLI-73096,2026-06-05 23:12:00,129047.49,CRC,transferencia,sucursal,CA-001,Tarjeta Crédito
TXN-00022836,CTA-377385,CLI-16245,2026-06-30 08:04:00,3029383.23,CRC,transferencia,atm,AL-001,Cuenta Ahorro
TXN-00022837,CTA-699820,CLI-19883,2026-06-21 12:47:00,1293342.29,CRC,pago,sinpe,LI-002,Tarjeta Crédito
TXN-00022838,CTA-921039,CLI-82618,2026-06-23 00:24:00,1285793.01,CRC,comision,sucursal,CA-001,Cuenta Corriente
TXN-00022839,CTA-370356,CLI-10768,2026-06-25 07:39:00,3053667.76,CRC,comision,sucursal,SJ-001,Tarjeta Crédito
TXN-00022840,CTA-737832,CLI-29090,2026-06-04 06:56:00,1344165.73,CRC,comision,web,SJ-001,Cuenta Ahorro
TXN-00022841,CTA-882214,CLI-19598,2026-06-20 15:23:00,3184638.99,CRC,deposito,sinpe,SJ-002,Cuenta Corriente
TXN-00022842,CTA-589057,CLI-52413,2026-06-25 13:04:00,1977201.23,CRC,deposito,atm,LI-001,Cuenta Corriente
TXN-00022843,CTA-478506,CLI-66211,2026-06-18 22:40:00,1106738.45,CRC,pago,sinpe,AL-001,Préstamo Hipotecario
TXN-00022844,CTA-209803,CLI-79719,2026-06-28 07:03:00,4987013.25,CRC,transferencia,app_movil,PU-001,Préstamo Hipotecario
TXN-00022845,CTA-637234,CLI-19369,2026-06-18 01:00:00,1764385.03,CRC,deposito,sucursal,AL-001,Préstamo Personal
TXN-00022846,CTA-562951,CLI-82139,2026-06-06 18:06:00,2276400.01,CRC,transferencia,sinpe,LI-001,Préstamo Hipotecario
TXN-00022847,CTA-867084,CLI-76805,2026-06-22 06:19:00,908350.84,CRC,comision,atm,PU-001,Tarjeta Crédito
TXN-00022848,CTA-908205,CLI-53075,2026-06-06 11:54:00,4665934.63,CRC,comision,app_movil,AL-001,Préstamo Personal
TXN-00022849,CTA-357144,CLI-75674,2026-06-21 06:30:00,1711845.44,CRC,comision,sucursal,LI-002,Cuenta Ahorro
TXN-00022850,CTA-538988,CLI-46638,2026-06-27 22:12:00,508942.61,CRC,pago,sinpe,AL-001,Tarjeta Crédito
TXN-00022851,CTA-598441,CLI-62097,2026-06-30 12:32:00,4323339.65,CRC,deposito,app_movil,AL-001,Préstamo Personal
TXN-00022852,CTA-773323,CLI-79486,2026-06-15 17:59:00,1767756.53,CRC,retiro,sinpe,SJ-001,Cuenta Corriente
TXN-00022853,CTA-335249,CLI-15859,2026-06-11 12:29:00,3768975.66,CRC,deposito,sinpe,SJ-002,Cuenta Corriente
TXN-00022854,CTA-893128,CLI-72165,2026-06-11 06:33:00,2987393.7,CRC,deposito,web,AL-001,Cuenta Ahorro
TXN-00022855,CTA-445546,CLI-49619,2026-06-18 18:43:00,471027.38,CRC,deposito,sinpe,CA-001,Préstamo Hipotecario
TXN-00022856,CTA-360096,CLI-22799,2026-06-22 01:56:00,3865877.94,CRC,comision,sucursal,AL-001,Cuenta Ahorro
TXN-00022857,CTA-453803,CLI-23428,2026-06-17 01:38:00,3565273.33,CRC,deposito,web,LI-002,Préstamo Hipotecario
TXN-00022858,CTA-368977,CLI-85682,2026-06-20 23:52:00,897452.87,CRC,comision,sinpe,HE-001,Préstamo Hipotecario
TXN-00022859,CTA-232710,CLI-65340,2026-06-08 12:20:00,4245717.03,CRC,pago,web,CA-001,Préstamo Personal
TXN-00022860,CTA-941614,CLI-13628,2026-06-08 02:12:00,1927592.9,CRC,transferencia,sucursal,LI-001,Préstamo Personal
TXN-00022861,CTA-338661,CLI-59342,2026-06-23 14:45:00,2912890.79,CRC,deposito,atm,PU-001,Tarjeta Crédito
TXN-00022862,CTA-969481,CLI-18866,2026-06-26 14:14:00,1698136.79,CRC,comision,atm,LI-002,Cuenta Ahorro
TXN-00022863,CTA-178221,CLI-96670,2026-06-21 03:14:00,2951252.66,CRC,comision,app_movil,HE-001,Tarjeta Crédito
TXN-00022864,CTA-774801,CLI-91520,2026-06-22 11:27:00,1226655.35,CRC,deposito,atm,SJ-001,Préstamo Hipotecario
TXN-00022865,CTA-187319,CLI-18282,2026-06-23 21:54:00,3198192.26,CRC,transferencia,sucursal,AL-001,Cuenta Corriente
TXN-00022866,CTA-224024,CLI-11521,2026-06-17 01:48:00,1080260.87,CRC,deposito,atm,SJ-002,Cuenta Corriente
TXN-00022867,CTA-561244,CLI-60815,2026-06-16 03:28:00,3657371.47,CRC,retiro,sinpe,LI-002,Cuenta Ahorro
TXN-00022868,CTA-773458,CLI-52714,2026-06-14 18:59:00,2828815.51,CRC,deposito,sinpe,SJ-001,Cuenta Corriente
TXN-00022869,CTA-238701,CLI-12471,2026-06-02 18:12:00,3706368.66,CRC,retiro,sucursal,CA-001,Cuenta Ahorro
TXN-00022870,CTA-632648,CLI-20109,2026-06-02 15:04:00,1123618.59,CRC,pago,sucursal,AL-001,Préstamo Hipotecario
TXN-00022871,CTA-762112,CLI-29772,2026-06-25 23:12:00,4709581.04,CRC,transferencia,sinpe,PU-001,Cuenta Ahorro
TXN-00022872,CTA-706942,CLI-15225,2026-06-09 07:12:00,3529401.67,CRC,deposito,sinpe,CA-001,Préstamo Hipotecario
TXN-00022873,CTA-271261,CLI-51583,2026-06-30 11:38:00,399301.71,CRC,pago,atm,LI-002,Cuenta Corriente
TXN-00022874,CTA-108181,CLI-34573,2026-06-24 02:07:00,4533133.64,CRC,deposito,atm,SJ-001,Préstamo Hipotecario
TXN-00022875,CTA-588990,CLI-87771,2026-06-07 07:46:00,3779739.94,CRC,pago,atm,LI-002,Préstamo Personal
TXN-00022876,CTA-854940,CLI-75143,2026-06-11 12:23:00,3703096.26,CRC,comision,app_movil,PU-001,Tarjeta Crédito
TXN-00022877,CTA-699355,CLI-46420,2026-06-28 17:59:00,3495647.56,CRC,retiro,sucursal,LI-001,Préstamo Personal
TXN-00022878,CTA-996519,CLI-59097,2026-06-05 01:40:00,1808235.11,CRC,deposito,app_movil,AL-001,Tarjeta Crédito
TXN-00022879,CTA-131918,CLI-23391,2026-06-02 17:35:00,524683.03,CRC,pago,web,AL-001,Tarjeta Crédito
TXN-00022880,CTA-126750,CLI-24563,2026-06-21 10:58:00,1323966.34,CRC,comision,sinpe,LI-002,Cuenta Corriente
TXN-00022881,CTA-234688,CLI-61072,2026-06-26 20:32:00,4764831.57,CRC,pago,atm,CA-001,Préstamo Personal
TXN-00022882,CTA-510111,CLI-56834,2026-06-09 16:40:00,1047722.11,CRC,transferencia,sinpe,SJ-002,Cuenta Corriente
TXN-00022883,CTA-642530,CLI-39992,2026-06-01 23:27:00,2680663.57,CRC,retiro,sinpe,HE-001,Cuenta Ahorro
TXN-00022884,CTA-893353,CLI-97659,2026-06-11 04:12:00,3760965.27,CRC,pago,app_movil,CA-001,Cuenta Ahorro
TXN-00022885,CTA-750627,CLI-45990,2026-06-14 16:46:00,362964.04,CRC,comision,web,HE-001,Cuenta Corriente
TXN-00022886,CTA-908065,CLI-42803,2026-06-25 23:05:00,4249149.64,CRC,transferencia,sinpe,SJ-002,Préstamo Personal
TXN-00022887,CTA-693707,CLI-15186,2026-06-26 09:59:00,3554432.49,CRC,deposito,web,SJ-001,Préstamo Personal
TXN-00022888,CTA-753023,CLI-23202,2026-06-29 09:31:00,34424.65,CRC,retiro,web,CA-001,Cuenta Corriente
TXN-00022889,CTA-195565,CLI-94969,2026-06-14 18:10:00,488678.44,CRC,deposito,app_movil,SJ-002,Préstamo Hipotecario
TXN-00022890,CTA-338126,CLI-41523,2026-06-30 17:58:00,2090633.39,CRC,comision,app_movil,SJ-002,Préstamo Personal
TXN-00022891,CTA-717506,CLI-25250,2026-06-17 16:05:00,304837.09,CRC,transferencia,atm,LI-002,Préstamo Hipotecario
TXN-00022892,CTA-539209,CLI-79778,2026-06-29 18:51:00,2675359.63,CRC,deposito,sinpe,HE-001,Préstamo Personal
TXN-00022893,CTA-615485,CLI-44855,2026-06-09 13:22:00,2159921.09,CRC,deposito,web,LI-002,Cuenta Ahorro
TXN-00022894,CTA-426899,CLI-14046,2026-06-22 11:50:00,483970.26,CRC,comision,web,SJ-001,Préstamo Hipotecario
TXN-00022895,CTA-176411,CLI-30109,2026-06-01 08:28:00,2227055.47,CRC,comision,atm,LI-002,Préstamo Hipotecario
TXN-00022896,CTA-987576,CLI-96653,2026-06-04 11:53:00,3068999.55,CRC,comision,atm,SJ-002,Préstamo Personal
TXN-00022897,CTA-714070,CLI-71143,2026-06-26 23:44:00,3659215.18,CRC,comision,sinpe,LI-001,Tarjeta Crédito
TXN-00022898,CTA-298425,CLI-61314,2026-06-05 03:34:00,1464309.43,CRC,retiro,sucursal,SJ-002,Cuenta Corriente
TXN-00022899,CTA-514581,CLI-25794,2026-06-21 00:01:00,1291848.41,CRC,comision,app_movil,SJ-002,Cuenta Corriente
TXN-00022900,CTA-997886,CLI-48285,2026-06-11 21:24:00,3146965.79,CRC,transferencia,atm,LI-001,Préstamo Personal
TXN-00022901,CTA-420957,CLI-49783,2026-06-08 15:27:00,26478.23,CRC,retiro,sinpe,PU-001,Cuenta Corriente
TXN-00022902,CTA-698234,CLI-19402,2026-06-24 00:11:00,3059624.26,CRC,deposito,app_movil,HE-001,Préstamo Hipotecario
TXN-00022903,CTA-454317,CLI-96150,2026-06-09 19:00:00,4255687.24,CRC,retiro,sinpe,SJ-002,Cuenta Corriente
TXN-00022904,CTA-314134,CLI-11066,2026-06-15 19:32:00,3650915.17,CRC,deposito,sucursal,LI-001,Préstamo Hipotecario
TXN-00022905,CTA-989729,CLI-18547,2026-06-09 12:02:00,2473547.53,CRC,deposito,web,LI-001,Cuenta Corriente
TXN-00022906,CTA-810467,CLI-44887,2026-06-19 06:44:00,1323010.25,CRC,retiro,sinpe,SJ-002,Tarjeta Crédito
TXN-00022907,CTA-453661,CLI-75537,2026-06-29 08:48:00,3199176.36,CRC,retiro,web,PU-001,Préstamo Hipotecario
TXN-00022908,CTA-434283,CLI-30897,2026-06-24 19:01:00,4260629.99,CRC,deposito,web,CA-001,Préstamo Hipotecario
TXN-00022909,CTA-760037,CLI-67033,2026-06-16 13:05:00,3038375.78,CRC,pago,app_movil,PU-001,Préstamo Personal
TXN-00022910,CTA-857292,CLI-24443,2026-06-20 09:58:00,2701352.02,CRC,deposito,sucursal,LI-001,Cuenta Ahorro
TXN-00022911,CTA-231542,CLI-58609,2026-06-28 12:51:00,782152.67,CRC,deposito,app_movil,CA-001,Préstamo Hipotecario
TXN-00022912,CTA-603209,CLI-92535,2026-06-04 01:30:00,4461541.45,CRC,deposito,atm,LI-002,Tarjeta Crédito
TXN-00022913,CTA-868039,CLI-89283,2026-06-19 03:54:00,3756576.78,CRC,retiro,sucursal,SJ-002,Cuenta Ahorro
TXN-00022914,CTA-525059,CLI-62609,2026-06-01 05:24:00,2118724.85,CRC,deposito,web,AL-001,Préstamo Hipotecario
TXN-00022915,CTA-703742,CLI-37288,2026-06-16 05:42:00,1754036.95,CRC,deposito,atm,CA-001,Préstamo Personal
TXN-00022916,CTA-894340,CLI-70076,2026-06-01 02:16:00,1192374.7,CRC,comision,web,AL-001,Tarjeta Crédito
TXN-00022917,CTA-688442,CLI-29945,2026-06-27 07:05:00,4924878.64,CRC,retiro,sucursal,LI-002,Cuenta Ahorro
TXN-00022918,CTA-723752,CLI-50954,2026-06-09 07:39:00,1370293.41,CRC,deposito,sucursal,LI-002,Préstamo Hipotecario
TXN-00022919,CTA-595038,CLI-74933,2026-06-18 10:33:00,3532165.97,CRC,deposito,sinpe,PU-001,Préstamo Hipotecario
TXN-00022920,CTA-846341,CLI-39034,2026-06-16 15:15:00,2983466.27,CRC,pago,sinpe,AL-001,Préstamo Personal
TXN-00022921,CTA-465965,CLI-54755,2026-06-07 21:39:00,1450531.79,CRC,pago,app_movil,PU-001,Tarjeta Crédito
TXN-00022922,CTA-317349,CLI-44893,2026-06-15 00:05:00,4513784.51,CRC,retiro,app_movil,HE-001,Tarjeta Crédito
TXN-00022923,CTA-791239,CLI-54422,2026-06-20 18:29:00,2904472.05,CRC,retiro,sinpe,LI-002,Cuenta Corriente
TXN-00022924,CTA-868483,CLI-45861,2026-06-01 06:17:00,4462107.4,CRC,transferencia,sucursal,SJ-002,Cuenta Ahorro
TXN-00022925,CTA-340249,CLI-67684,2026-06-08 11:19:00,223243.96,CRC,retiro,atm,AL-001,Préstamo Personal
TXN-00022926,CTA-577637,CLI-31529,2026-06-12 23:48:00,4708874.73,CRC,deposito,sucursal,LI-002,Préstamo Personal
TXN-00022927,CTA-262314,CLI-65710,2026-06-07 04:45:00,2359812.21,CRC,comision,app_movil,HE-001,Préstamo Personal
TXN-00022928,CTA-239801,CLI-39428,2026-06-23 13:54:00,4290535.34,CRC,deposito,app_movil,HE-001,Cuenta Ahorro
TXN-00022929,CTA-889782,CLI-88080,2026-06-07 05:04:00,62432.57,CRC,transferencia,sucursal,HE-001,Cuenta Corriente
TXN-00022930,CTA-172066,CLI-76251,2026-06-15 08:36:00,1707192.19,CRC,deposito,web,SJ-001,Tarjeta Crédito
TXN-00022931,CTA-691061,CLI-25371,2026-06-19 07:50:00,4934617.36,CRC,pago,web,CA-001,Préstamo Personal
TXN-00022932,CTA-574752,CLI-71165,2026-06-06 07:26:00,2516892.39,CRC,pago,sinpe,AL-001,Préstamo Hipotecario
TXN-00022933,CTA-819563,CLI-14120,2026-06-07 17:25:00,397901.31,CRC,deposito,web,SJ-002,Préstamo Personal
TXN-00022934,CTA-647045,CLI-55136,2026-06-21 00:39:00,1746989.28,CRC,pago,atm,SJ-001,Préstamo Hipotecario
TXN-00022935,CTA-412993,CLI-27703,2026-06-10 22:36:00,2991816.97,CRC,comision,sinpe,SJ-001,Préstamo Hipotecario
TXN-00022936,CTA-654679,CLI-71623,2026-06-10 11:40:00,104994.16,CRC,transferencia,web,CA-001,Cuenta Ahorro
TXN-00022937,CTA-835053,CLI-64665,2026-06-24 04:52:00,1993743.26,CRC,deposito,sinpe,PU-001,Préstamo Personal
TXN-00022938,CTA-131571,CLI-80942,2026-06-13 03:37:00,4155925.9,CRC,retiro,sinpe,HE-001,Préstamo Hipotecario
TXN-00022939,CTA-998739,CLI-26493,2026-06-25 23:55:00,1604022.5,CRC,transferencia,sucursal,SJ-001,Cuenta Ahorro
TXN-00022940,CTA-897545,CLI-94484,2026-06-04 04:07:00,2867838.77,CRC,comision,web,LI-001,Tarjeta Crédito
TXN-00022941,CTA-384746,CLI-55087,2026-06-11 06:53:00,1949583.07,CRC,comision,app_movil,HE-001,Tarjeta Crédito
TXN-00022942,CTA-865353,CLI-13507,2026-06-22 13:07:00,1838538.64,CRC,retiro,web,SJ-001,Cuenta Ahorro
TXN-00022943,CTA-809308,CLI-50937,2026-06-19 02:59:00,2570957.89,CRC,comision,atm,LI-001,Préstamo Hipotecario
TXN-00022944,CTA-324331,CLI-21147,2026-06-22 11:32:00,2841778.66,CRC,pago,app_movil,PU-001,Préstamo Hipotecario
TXN-00022945,CTA-966013,CLI-52313,2026-06-24 08:55:00,1501239.81,CRC,retiro,sucursal,HE-001,Cuenta Ahorro
TXN-00022946,CTA-341575,CLI-52034,2026-06-12 15:02:00,1121574.42,CRC,deposito,atm,LI-002,Préstamo Personal
TXN-00022947,CTA-855923,CLI-49353,2026-06-18 15:40:00,3457230.57,CRC,comision,sinpe,HE-001,Préstamo Hipotecario
TXN-00022948,CTA-923592,CLI-56557,2026-06-18 05:55:00,1183696.44,CRC,retiro,web,SJ-001,Préstamo Personal
TXN-00022949,CTA-769236,CLI-85263,2026-06-01 06:16:00,189068.26,CRC,deposito,sinpe,LI-002,Tarjeta Crédito
TXN-00022950,CTA-423312,CLI-18877,2026-06-30 02:49:00,2316405.38,CRC,deposito,app_movil,LI-002,Cuenta Ahorro
TXN-00022951,CTA-182372,CLI-81259,2026-06-15 12:31:00,3676170.21,CRC,retiro,web,HE-001,Préstamo Personal
TXN-00022952,CTA-520822,CLI-88991,2026-06-14 19:21:00,2779843.75,CRC,pago,atm,CA-001,Cuenta Corriente
TXN-00022953,CTA-749396,CLI-76874,2026-06-25 13:04:00,2663024.85,CRC,retiro,atm,CA-001,Cuenta Corriente
TXN-00022954,CTA-807208,CLI-52169,2026-06-23 07:00:00,1553433.56,CRC,comision,app_movil,LI-002,Préstamo Hipotecario
TXN-00022955,CTA-724928,CLI-78981,2026-06-11 22:11:00,3302059.97,CRC,transferencia,sucursal,LI-001,Tarjeta Crédito
TXN-00022956,CTA-473004,CLI-96272,2026-06-03 11:48:00,1633693.14,CRC,pago,sucursal,SJ-001,Tarjeta Crédito
TXN-00022957,CTA-229583,CLI-72678,2026-06-18 03:47:00,2642580.79,CRC,pago,atm,SJ-001,Cuenta Corriente
TXN-00022958,CTA-516821,CLI-83543,2026-06-17 23:05:00,4264139.06,CRC,pago,sinpe,HE-001,Cuenta Corriente
TXN-00022959,CTA-322489,CLI-36264,2026-06-30 17:49:00,1241410.03,CRC,pago,web,SJ-001,Cuenta Ahorro
TXN-00022960,CTA-512740,CLI-66291,2026-06-09 17:23:00,1191284.67,CRC,retiro,sinpe,SJ-001,Préstamo Personal
TXN-00022961,CTA-283295,CLI-42646,2026-06-14 04:14:00,101479.06,CRC,transferencia,app_movil,SJ-002,Tarjeta Crédito
TXN-00022962,CTA-790447,CLI-20310,2026-06-11 00:05:00,1101987.94,CRC,pago,atm,HE-001,Tarjeta Crédito
TXN-00022963,CTA-888958,CLI-55759,2026-06-08 12:53:00,3789705.49,CRC,transferencia,sucursal,LI-002,Cuenta Ahorro
TXN-00022964,CTA-879095,CLI-47018,2026-06-30 20:13:00,3346453.36,CRC,pago,web,AL-001,Préstamo Personal
TXN-00022965,CTA-430301,CLI-32408,2026-06-15 09:00:00,1182699.05,CRC,pago,atm,LI-001,Préstamo Personal
TXN-00022966,CTA-964481,CLI-14325,2026-06-02 23:58:00,1099102.04,CRC,transferencia,atm,LI-001,Cuenta Ahorro
TXN-00022967,CTA-710232,CLI-74931,2026-06-10 22:57:00,1889261.75,CRC,transferencia,atm,LI-002,Tarjeta Crédito
TXN-00022968,CTA-579713,CLI-80270,2026-06-03 12:52:00,1956807.72,CRC,transferencia,web,AL-001,Cuenta Ahorro
TXN-00022969,CTA-751123,CLI-85039,2026-06-17 08:58:00,900443.36,CRC,deposito,atm,SJ-001,Tarjeta Crédito
TXN-00022970,CTA-504400,CLI-22219,2026-06-16 07:55:00,744228.41,CRC,comision,web,LI-002,Cuenta Ahorro
TXN-00022971,CTA-932037,CLI-66970,2026-06-01 22:08:00,120746.72,CRC,comision,atm,HE-001,Préstamo Personal
TXN-00022972,CTA-980981,CLI-23771,2026-06-07 00:30:00,766310.72,CRC,deposito,sucursal,CA-001,Tarjeta Crédito
TXN-00022973,CTA-158418,CLI-64187,2026-06-07 07:47:00,3292162.8,CRC,retiro,web,SJ-001,Tarjeta Crédito
TXN-00022974,CTA-215320,CLI-64126,2026-06-20 05:43:00,2459588.45,CRC,deposito,app_movil,AL-001,Cuenta Corriente
TXN-00022975,CTA-173203,CLI-35502,2026-06-21 20:37:00,3803972.33,CRC,retiro,app_movil,LI-001,Cuenta Ahorro
TXN-00022976,CTA-522768,CLI-11355,2026-06-02 23:05:00,100631.4,CRC,deposito,web,LI-002,Cuenta Ahorro
TXN-00022977,CTA-502198,CLI-29535,2026-06-13 18:46:00,3752558.75,CRC,pago,sinpe,LI-001,Tarjeta Crédito
TXN-00022978,CTA-578141,CLI-70104,2026-06-24 18:09:00,3431923.83,CRC,retiro,sinpe,PU-001,Tarjeta Crédito
TXN-00022979,CTA-638376,CLI-88669,2026-06-23 10:23:00,3859253.09,CRC,deposito,app_movil,LI-002,Préstamo Hipotecario
TXN-00022980,CTA-191729,CLI-69651,2026-06-15 07:26:00,1244955.68,CRC,pago,atm,SJ-002,Cuenta Ahorro
TXN-00022981,CTA-278528,CLI-64149,2026-06-11 09:00:00,1766937.69,CRC,comision,web,SJ-002,Cuenta Ahorro
TXN-00022982,CTA-141379,CLI-16493,2026-06-11 03:00:00,1941492.37,CRC,transferencia,app_movil,HE-001,Cuenta Ahorro
TXN-00022983,CTA-598689,CLI-92100,2026-06-01 21:04:00,740116.67,CRC,pago,atm,AL-001,Cuenta Corriente
TXN-00022984,CTA-362939,CLI-91284,2026-06-19 22:44:00,17844.19,CRC,retiro,sucursal,LI-001,Tarjeta Crédito
TXN-00022985,CTA-988053,CLI-26117,2026-06-10 14:15:00,2329.64,CRC,deposito,sucursal,HE-001,Tarjeta Crédito
TXN-00022986,CTA-431478,CLI-33557,2026-06-24 21:44:00,3137826.08,CRC,pago,web,PU-001,Tarjeta Crédito
TXN-00022987,CTA-473164,CLI-87510,2026-06-04 06:40:00,3617052.49,CRC,deposito,app_movil,PU-001,Préstamo Personal
TXN-00022988,CTA-903242,CLI-50325,2026-06-06 02:01:00,1087591.8,CRC,pago,sinpe,SJ-002,Tarjeta Crédito
TXN-00022989,CTA-692960,CLI-43207,2026-06-30 21:40:00,4756131.0,CRC,transferencia,sinpe,PU-001,Préstamo Hipotecario
TXN-00022990,CTA-506331,CLI-40852,2026-06-03 13:31:00,492943.13,CRC,retiro,web,PU-001,Tarjeta Crédito
TXN-00022991,CTA-775592,CLI-94595,2026-06-25 22:21:00,1071317.39,CRC,deposito,atm,CA-001,Cuenta Ahorro
TXN-00022992,CTA-382229,CLI-73449,2026-06-17 07:23:00,1664849.37,CRC,deposito,sinpe,SJ-002,Tarjeta Crédito
TXN-00022993,CTA-960122,CLI-99511,2026-06-29 04:02:00,446985.99,CRC,retiro,sinpe,SJ-001,Préstamo Hipotecario
TXN-00022994,CTA-382441,CLI-23737,2026-06-04 18:47:00,4979163.0,CRC,deposito,app_movil,LI-002,Tarjeta Crédito
TXN-00022995,CTA-653307,CLI-29712,2026-06-19 01:26:00,2962560.62,CRC,pago,sucursal,LI-001,Tarjeta Crédito
TXN-00022996,CTA-819463,CLI-33369,2026-06-22 02:11:00,618810.78,CRC,transferencia,atm,CA-001,Préstamo Hipotecario
TXN-00022997,CTA-935839,CLI-13400,2026-06-24 04:20:00,3961228.09,CRC,comision,sucursal,CA-001,Préstamo Personal
TXN-00022998,CTA-998835,CLI-19066,2026-06-18 07:05:00,2706376.51,CRC,transferencia,web,LI-002,Tarjeta Crédito
TXN-00022999,CTA-842989,CLI-73271,2026-06-19 11:48:00,781843.3,CRC,transferencia,sinpe,AL-001,Cuenta Corriente
TXN-00023000,CTA-345448,CLI-38261,2026-06-07 11:00:00,1409714.33,CRC,retiro,sucursal,HE-001,Cuenta Corriente
TXN-00023001,CTA-807409,CLI-83080,2026-06-17 00:49:00,3988264.58,CRC,transferencia,atm,HE-001,Préstamo Hipotecario
TXN-00023002,CTA-794685,CLI-83241,2026-06-30 11:55:00,1896236.55,CRC,comision,atm,AL-001,Cuenta Corriente
TXN-00023003,CTA-891646,CLI-28363,2026-06-15 04:08:00,2505478.94,CRC,pago,web,LI-002,Cuenta Ahorro
TXN-00023004,CTA-949846,CLI-21700,2026-06-15 16:55:00,2234722.94,CRC,deposito,web,AL-001,Préstamo Hipotecario
TXN-00023005,CTA-657433,CLI-50399,2026-06-17 13:43:00,2876378.48,CRC,retiro,atm,SJ-002,Cuenta Corriente
TXN-00023006,CTA-113471,CLI-48925,2026-06-23 17:36:00,2652862.12,CRC,deposito,app_movil,SJ-002,Cuenta Ahorro
TXN-00023007,CTA-789163,CLI-49297,2026-06-01 02:42:00,4164668.89,CRC,deposito,sucursal,CA-001,Cuenta Ahorro
TXN-00023008,CTA-286038,CLI-51444,2026-06-24 05:23:00,3950255.35,CRC,pago,web,LI-001,Préstamo Personal
TXN-00023009,CTA-205949,CLI-60992,2026-06-25 09:22:00,620040.51,CRC,transferencia,atm,CA-001,Préstamo Hipotecario
TXN-00023010,CTA-949060,CLI-83574,2026-06-26 15:43:00,4178848.57,CRC,retiro,sinpe,SJ-001,Tarjeta Crédito
TXN-00023011,CTA-487924,CLI-52481,2026-06-25 23:14:00,2384791.39,CRC,deposito,sucursal,LI-002,Préstamo Personal
TXN-00023012,CTA-385764,CLI-58920,2026-06-03 02:13:00,3863979.05,CRC,comision,app_movil,HE-001,Tarjeta Crédito
TXN-00023013,CTA-715384,CLI-98280,2026-06-21 18:35:00,453012.02,CRC,deposito,atm,HE-001,Tarjeta Crédito
TXN-00023014,CTA-283341,CLI-87648,2026-06-30 23:10:00,144437.36,CRC,retiro,app_movil,SJ-001,Tarjeta Crédito
TXN-00023015,CTA-541173,CLI-78744,2026-06-14 21:56:00,2398695.91,CRC,transferencia,web,LI-001,Préstamo Personal
TXN-00023016,CTA-440960,CLI-56354,2026-06-14 16:09:00,4523574.05,CRC,deposito,sinpe,AL-001,Préstamo Hipotecario
TXN-00023017,CTA-134239,CLI-95425,2026-06-25 04:44:00,871449.8,CRC,deposito,sinpe,AL-001,Préstamo Personal
TXN-00023018,CTA-974800,CLI-39977,2026-06-01 23:25:00,2627336.95,CRC,deposito,atm,PU-001,Tarjeta Crédito
TXN-00023019,CTA-725205,CLI-35147,2026-06-28 23:14:00,3341849.29,CRC,retiro,sinpe,LI-001,Tarjeta Crédito
TXN-00023020,CTA-843042,CLI-94583,2026-06-01 14:49:00,2835635.9,CRC,deposito,sinpe,CA-001,Cuenta Corriente
TXN-00023021,CTA-526586,CLI-53525,2026-06-29 11:12:00,4216596.68,CRC,retiro,atm,SJ-002,Tarjeta Crédito
TXN-00023022,CTA-835618,CLI-11713,2026-06-04 16:55:00,3235014.21,CRC,comision,web,PU-001,Préstamo Hipotecario
TXN-00023023,CTA-501043,CLI-94969,2026-06-09 19:39:00,223853.77,CRC,retiro,app_movil,CA-001,Cuenta Ahorro
TXN-00023024,CTA-344852,CLI-17840,2026-06-15 06:24:00,3785011.57,CRC,pago,sucursal,CA-001,Tarjeta Crédito
TXN-00023025,CTA-496813,CLI-63880,2026-06-16 09:41:00,1734202.24,CRC,retiro,atm,AL-001,Préstamo Hipotecario
TXN-00023026,CTA-467985,CLI-99723,2026-06-02 10:30:00,16496.31,CRC,comision,atm,LI-001,Préstamo Personal
TXN-00023027,CTA-336812,CLI-56925,2026-06-03 15:05:00,4111191.93,CRC,retiro,app_movil,LI-001,Préstamo Personal
TXN-00023028,CTA-923200,CLI-20185,2026-06-02 09:59:00,1277017.32,CRC,deposito,web,SJ-001,Préstamo Personal
TXN-00023029,CTA-624640,CLI-44687,2026-06-13 21:07:00,39358.41,CRC,comision,app_movil,LI-001,Cuenta Corriente
TXN-00023030,CTA-518556,CLI-58116,2026-06-06 21:14:00,2401375.17,CRC,deposito,sinpe,SJ-002,Cuenta Corriente
TXN-00023031,CTA-912194,CLI-43730,2026-06-18 22:52:00,2852313.76,CRC,comision,atm,LI-001,Tarjeta Crédito
TXN-00023032,CTA-221248,CLI-51667,2026-06-01 07:53:00,3161501.55,CRC,pago,atm,AL-001,Cuenta Ahorro
TXN-00023033,CTA-806711,CLI-11588,2026-06-12 19:48:00,4199186.15,CRC,retiro,app_movil,LI-002,Tarjeta Crédito
TXN-00023034,CTA-724632,CLI-52805,2026-06-13 07:25:00,3488033.76,CRC,transferencia,web,LI-002,Préstamo Personal
TXN-00023035,CTA-652866,CLI-13996,2026-06-21 01:53:00,4481644.99,CRC,transferencia,sucursal,PU-001,Préstamo Hipotecario
TXN-00023036,CTA-474476,CLI-70109,2026-06-24 04:54:00,2556379.25,CRC,transferencia,sucursal,SJ-002,Préstamo Hipotecario
TXN-00023037,CTA-850294,CLI-70353,2026-06-25 14:15:00,4925306.65,CRC,retiro,atm,AL-001,Tarjeta Crédito
TXN-00023038,CTA-307803,CLI-19774,2026-06-08 09:36:00,4107756.69,CRC,retiro,sinpe,HE-001,Préstamo Hipotecario
TXN-00023039,CTA-638968,CLI-62529,2026-06-21 22:35:00,3018708.78,CRC,comision,sinpe,SJ-002,Préstamo Hipotecario
TXN-00023040,CTA-981484,CLI-59689,2026-06-02 04:32:00,1520293.85,CRC,pago,atm,LI-002,Cuenta Ahorro
TXN-00023041,CTA-494218,CLI-72009,2026-06-08 01:18:00,2002787.09,CRC,transferencia,sinpe,PU-001,Préstamo Personal
TXN-00023042,CTA-702683,CLI-89747,2026-06-13 19:19:00,3779231.0,CRC,retiro,sucursal,CA-001,Tarjeta Crédito
TXN-00023043,CTA-273226,CLI-14463,2026-06-14 14:31:00,3383661.78,CRC,comision,atm,SJ-001,Tarjeta Crédito
TXN-00023044,CTA-606884,CLI-97994,2026-06-20 14:55:00,2105939.25,CRC,transferencia,app_movil,HE-001,Cuenta Ahorro
TXN-00023045,CTA-415519,CLI-37726,2026-06-24 13:28:00,1138749.3,CRC,comision,web,LI-001,Cuenta Corriente
TXN-00023046,CTA-620749,CLI-84590,2026-06-13 18:08:00,44117.71,CRC,deposito,web,SJ-001,Préstamo Personal
TXN-00023047,CTA-800913,CLI-50923,2026-06-21 06:21:00,4147897.23,CRC,retiro,atm,CA-001,Cuenta Ahorro
TXN-00023048,CTA-186852,CLI-49121,2026-06-28 03:28:00,2926411.64,CRC,transferencia,sinpe,SJ-001,Cuenta Corriente
TXN-00023049,CTA-221482,CLI-63620,2026-06-22 16:35:00,3115905.87,CRC,retiro,atm,PU-001,Préstamo Hipotecario
TXN-00023050,CTA-350136,CLI-72016,2026-06-10 16:39:00,1534020.27,CRC,transferencia,atm,LI-001,Préstamo Hipotecario
TXN-00023051,CTA-421790,CLI-33446,2026-06-20 10:30:00,1985683.36,CRC,transferencia,atm,LI-002,Tarjeta Crédito
TXN-00023052,CTA-209249,CLI-55692,2026-06-26 19:42:00,1957127.54,CRC,transferencia,sinpe,SJ-002,Tarjeta Crédito
TXN-00023053,CTA-184072,CLI-76660,2026-06-24 18:26:00,2196304.48,CRC,deposito,app_movil,AL-001,Cuenta Corriente
TXN-00023054,CTA-772536,CLI-14629,2026-06-23 10:33:00,3649914.3,CRC,comision,sinpe,LI-001,Cuenta Ahorro
TXN-00023055,CTA-810551,CLI-52184,2026-06-17 20:01:00,4026931.19,CRC,deposito,app_movil,AL-001,Cuenta Corriente
TXN-00023056,CTA-843541,CLI-51134,2026-06-28 01:09:00,1569729.93,CRC,deposito,web,SJ-001,Cuenta Ahorro
TXN-00023057,CTA-607248,CLI-95657,2026-06-22 01:52:00,146172.76,CRC,transferencia,atm,AL-001,Cuenta Corriente
TXN-00023058,CTA-249269,CLI-55751,2026-06-18 23:10:00,1645045.08,CRC,comision,atm,HE-001,Préstamo Personal
TXN-00023059,CTA-647636,CLI-97551,2026-06-17 12:57:00,3395607.13,CRC,pago,web,HE-001,Cuenta Ahorro
TXN-00023060,CTA-726625,CLI-18777,2026-06-24 06:16:00,1501082.21,CRC,transferencia,app_movil,HE-001,Cuenta Corriente
TXN-00023061,CTA-107299,CLI-98173,2026-06-09 03:32:00,3831081.34,CRC,retiro,sucursal,LI-002,Préstamo Hipotecario
TXN-00023062,CTA-566748,CLI-62010,2026-06-07 02:10:00,4929606.65,CRC,retiro,web,PU-001,Cuenta Corriente
TXN-00023063,CTA-970966,CLI-29730,2026-06-02 00:28:00,3938397.29,CRC,comision,app_movil,AL-001,Tarjeta Crédito
TXN-00023064,CTA-419810,CLI-23339,2026-06-03 09:13:00,693122.97,CRC,comision,atm,AL-001,Préstamo Hipotecario
TXN-00023065,CTA-334524,CLI-27638,2026-06-20 09:56:00,4035943.75,CRC,pago,atm,PU-001,Tarjeta Crédito
TXN-00023066,CTA-267612,CLI-89474,2026-06-10 15:16:00,242275.01,CRC,transferencia,app_movil,PU-001,Préstamo Personal
TXN-00023067,CTA-530885,CLI-67809,2026-06-24 06:32:00,2012650.96,CRC,retiro,app_movil,CA-001,Préstamo Personal
TXN-00023068,CTA-806911,CLI-68447,2026-06-07 20:13:00,2635692.94,CRC,pago,sucursal,LI-001,Cuenta Corriente
TXN-00023069,CTA-426735,CLI-30125,2026-06-28 15:44:00,4698208.62,CRC,pago,sucursal,LI-002,Tarjeta Crédito
TXN-00023070,CTA-950401,CLI-50372,2026-06-02 08:09:00,4590008.1,CRC,retiro,atm,SJ-001,Cuenta Corriente
TXN-00023071,CTA-975772,CLI-70688,2026-06-28 12:36:00,2655042.98,CRC,transferencia,app_movil,SJ-002,Cuenta Ahorro
TXN-00023072,CTA-139930,CLI-40121,2026-06-07 14:12:00,4746416.42,CRC,retiro,sinpe,SJ-001,Cuenta Ahorro
TXN-00023073,CTA-583099,CLI-78770,2026-06-13 03:24:00,588725.04,CRC,transferencia,atm,SJ-001,Cuenta Ahorro
TXN-00023074,CTA-341158,CLI-85610,2026-06-25 10:27:00,1094826.69,CRC,retiro,web,LI-001,Préstamo Hipotecario
TXN-00023075,CTA-268235,CLI-10487,2026-06-07 21:03:00,4707370.44,CRC,pago,atm,LI-001,Cuenta Corriente
TXN-00023076,CTA-136800,CLI-13888,2026-06-07 19:55:00,3226548.86,CRC,deposito,sinpe,SJ-002,Préstamo Personal
TXN-00023077,CTA-920498,CLI-95891,2026-06-10 01:30:00,2095292.29,CRC,deposito,app_movil,SJ-001,Cuenta Ahorro
TXN-00023078,CTA-718645,CLI-10931,2026-06-11 13:34:00,1961672.8,CRC,comision,sinpe,LI-002,Cuenta Corriente
TXN-00023079,CTA-550216,CLI-83106,2026-06-23 11:41:00,1770985.37,CRC,pago,sinpe,LI-002,Cuenta Ahorro
TXN-00023080,CTA-678682,CLI-20982,2026-06-09 05:49:00,3406361.28,CRC,retiro,sucursal,CA-001,Cuenta Corriente
TXN-00023081,CTA-488425,CLI-49099,2026-06-03 07:29:00,2743498.74,CRC,retiro,web,SJ-002,Préstamo Personal
TXN-00023082,CTA-620137,CLI-20282,2026-06-30 16:22:00,3849135.54,CRC,pago,atm,PU-001,Cuenta Ahorro
TXN-00023083,CTA-732490,CLI-78189,2026-06-05 21:26:00,4275730.09,CRC,retiro,sucursal,SJ-002,Tarjeta Crédito
TXN-00023084,CTA-640597,CLI-25878,2026-06-01 17:55:00,867342.05,CRC,deposito,web,SJ-001,Cuenta Ahorro
TXN-00023085,CTA-152789,CLI-20010,2026-06-13 21:01:00,3230053.35,CRC,retiro,app_movil,HE-001,Cuenta Corriente
TXN-00023086,CTA-599371,CLI-80178,2026-06-09 09:44:00,2310537.6,CRC,pago,sucursal,LI-001,Tarjeta Crédito
TXN-00023087,CTA-195165,CLI-33069,2026-06-01 11:10:00,3217772.83,CRC,comision,sinpe,AL-001,Cuenta Ahorro
TXN-00023088,CTA-185355,CLI-12894,2026-06-13 18:11:00,1926165.21,CRC,deposito,sucursal,AL-001,Préstamo Hipotecario
TXN-00023089,CTA-181702,CLI-41911,2026-06-06 05:43:00,1421233.03,CRC,transferencia,app_movil,LI-001,Préstamo Personal
TXN-00023090,CTA-224548,CLI-91026,2026-06-21 18:34:00,3930962.64,CRC,comision,sucursal,AL-001,Tarjeta Crédito
TXN-00023091,CTA-182258,CLI-63283,2026-06-28 15:01:00,69680.22,CRC,comision,sinpe,SJ-001,Cuenta Corriente
TXN-00023092,CTA-141924,CLI-33064,2026-06-09 06:43:00,2371605.79,CRC,pago,web,SJ-002,Cuenta Corriente
TXN-00023093,CTA-656619,CLI-68567,2026-06-18 13:26:00,3933906.82,CRC,comision,app_movil,SJ-001,Préstamo Personal
TXN-00023094,CTA-587026,CLI-48650,2026-06-27 20:31:00,3613711.94,CRC,retiro,sinpe,PU-001,Tarjeta Crédito
TXN-00023095,CTA-908014,CLI-51687,2026-06-25 06:37:00,2687372.33,CRC,deposito,web,AL-001,Préstamo Hipotecario
TXN-00023096,CTA-115233,CLI-77104,2026-06-09 10:10:00,100754.98,CRC,deposito,web,LI-002,Cuenta Ahorro
TXN-00023097,CTA-568360,CLI-41232,2026-06-12 18:45:00,3012612.34,CRC,deposito,atm,LI-002,Préstamo Personal
TXN-00023098,CTA-861139,CLI-13456,2026-06-25 05:19:00,2156019.04,CRC,pago,sinpe,LI-001,Tarjeta Crédito
TXN-00023099,CTA-503485,CLI-31865,2026-06-06 06:35:00,2360677.93,CRC,retiro,sinpe,LI-001,Cuenta Ahorro
TXN-00023100,CTA-410080,CLI-82004,2026-06-13 12:50:00,3335463.83,CRC,transferencia,atm,HE-001,Cuenta Corriente
TXN-00023101,CTA-735420,CLI-77688,2026-06-08 22:37:00,2302374.32,CRC,pago,app_movil,HE-001,Cuenta Ahorro
TXN-00023102,CTA-127820,CLI-42067,2026-06-15 10:24:00,1008333.15,CRC,pago,app_movil,HE-001,Tarjeta Crédito
TXN-00023103,CTA-689152,CLI-27167,2026-06-08 14:01:00,3329939.41,CRC,pago,sinpe,HE-001,Cuenta Corriente
TXN-00023104,CTA-683980,CLI-10788,2026-06-02 15:47:00,3116838.36,CRC,deposito,web,SJ-001,Préstamo Personal
TXN-00023105,CTA-597316,CLI-73240,2026-06-16 14:15:00,2861873.17,CRC,transferencia,atm,SJ-002,Préstamo Personal
TXN-00023106,CTA-973961,CLI-74931,2026-06-16 19:24:00,342929.94,CRC,deposito,app_movil,CA-001,Cuenta Ahorro
TXN-00023107,CTA-347699,CLI-83520,2026-06-08 07:18:00,1174547.67,CRC,deposito,sinpe,LI-001,Cuenta Corriente
TXN-00023108,CTA-734709,CLI-16715,2026-06-07 08:28:00,3082379.44,CRC,retiro,sinpe,AL-001,Tarjeta Crédito
TXN-00023109,CTA-110979,CLI-71451,2026-06-10 13:09:00,1531475.21,CRC,comision,atm,CA-001,Cuenta Corriente
TXN-00023110,CTA-437738,CLI-25846,2026-06-06 02:16:00,4442840.22,CRC,retiro,atm,LI-001,Tarjeta Crédito
TXN-00023111,CTA-572174,CLI-87648,2026-06-21 11:53:00,633333.46,CRC,comision,atm,LI-002,Cuenta Ahorro
TXN-00023112,CTA-286769,CLI-74837,2026-06-17 00:52:00,1958087.67,CRC,deposito,app_movil,PU-001,Préstamo Hipotecario
TXN-00023113,CTA-650143,CLI-73044,2026-06-08 14:23:00,952792.63,CRC,pago,sucursal,LI-002,Tarjeta Crédito
TXN-00023114,CTA-737780,CLI-11522,2026-06-17 19:06:00,1037432.31,CRC,comision,web,LI-001,Cuenta Corriente
TXN-00023115,CTA-865516,CLI-41774,2026-06-03 02:20:00,249107.54,CRC,comision,sucursal,LI-001,Tarjeta Crédito
TXN-00023116,CTA-895424,CLI-83589,2026-06-11 01:53:00,4216954.02,CRC,pago,app_movil,SJ-002,Cuenta Corriente
TXN-00023117,CTA-401977,CLI-90672,2026-06-08 20:35:00,271666.68,CRC,comision,web,SJ-002,Cuenta Corriente
TXN-00023118,CTA-948984,CLI-48635,2026-06-25 20:59:00,910645.91,CRC,pago,sinpe,SJ-002,Préstamo Personal
TXN-00023119,CTA-253407,CLI-75337,2026-06-25 22:32:00,3050556.78,CRC,transferencia,app_movil,SJ-001,Cuenta Ahorro
TXN-00023120,CTA-338546,CLI-85954,2026-06-17 12:07:00,2494793.9,CRC,comision,app_movil,PU-001,Préstamo Personal
TXN-00023121,CTA-765716,CLI-60692,2026-06-12 01:39:00,3894685.48,CRC,comision,atm,LI-001,Cuenta Corriente
TXN-00023122,CTA-896188,CLI-65448,2026-06-17 06:09:00,4205851.42,CRC,retiro,app_movil,LI-002,Cuenta Ahorro
TXN-00023123,CTA-420870,CLI-86984,2026-06-11 07:55:00,4564744.74,CRC,retiro,sucursal,LI-001,Cuenta Ahorro
TXN-00023124,CTA-735413,CLI-59155,2026-06-03 10:25:00,4759290.92,CRC,pago,web,SJ-001,Préstamo Hipotecario
TXN-00023125,CTA-376290,CLI-50175,2026-06-08 14:51:00,1674370.97,CRC,transferencia,atm,SJ-002,Préstamo Personal
TXN-00023126,CTA-535306,CLI-56990,2026-06-29 10:37:00,1055920.53,CRC,retiro,app_movil,SJ-002,Préstamo Personal
TXN-00023127,CTA-452017,CLI-82092,2026-06-13 02:00:00,599918.46,CRC,comision,app_movil,CA-001,Préstamo Personal
TXN-00023128,CTA-738756,CLI-92447,2026-06-16 07:16:00,2810595.76,CRC,transferencia,web,PU-001,Cuenta Corriente
TXN-00023129,CTA-669815,CLI-89538,2026-06-15 02:18:00,4805654.76,CRC,deposito,sucursal,SJ-001,Préstamo Hipotecario
TXN-00023130,CTA-977061,CLI-70319,2026-06-20 15:53:00,2419983.4,CRC,transferencia,sinpe,SJ-001,Cuenta Ahorro
TXN-00023131,CTA-108684,CLI-91986,2026-06-23 09:43:00,2420007.78,CRC,pago,web,SJ-001,Cuenta Ahorro
TXN-00023132,CTA-655698,CLI-24859,2026-06-20 09:41:00,2155872.7,CRC,pago,sinpe,SJ-002,Tarjeta Crédito
TXN-00023133,CTA-234395,CLI-69846,2026-06-03 00:33:00,1620132.6,CRC,pago,sucursal,CA-001,Préstamo Hipotecario
TXN-00023134,CTA-329913,CLI-22165,2026-06-23 03:43:00,3785832.1,CRC,transferencia,atm,SJ-001,Cuenta Ahorro
TXN-00023135,CTA-963330,CLI-94083,2026-06-04 06:00:00,4948122.97,CRC,retiro,sinpe,CA-001,Cuenta Ahorro
TXN-00023136,CTA-199956,CLI-31196,2026-06-25 02:26:00,67281.33,CRC,deposito,web,HE-001,Préstamo Hipotecario
TXN-00023137,CTA-831249,CLI-95167,2026-06-29 15:14:00,1214894.22,CRC,deposito,sinpe,SJ-002,Tarjeta Crédito
TXN-00023138,CTA-432877,CLI-78597,2026-06-10 04:49:00,2883774.07,CRC,pago,sinpe,CA-001,Cuenta Corriente
TXN-00023139,CTA-531369,CLI-54915,2026-06-02 15:32:00,1771542.23,CRC,retiro,atm,LI-001,Tarjeta Crédito
TXN-00023140,CTA-814106,CLI-60229,2026-06-13 00:28:00,2167956.7,CRC,retiro,atm,HE-001,Cuenta Ahorro
TXN-00023141,CTA-347378,CLI-73753,2026-06-06 20:33:00,4683766.52,CRC,comision,sucursal,HE-001,Préstamo Personal
TXN-00023142,CTA-405924,CLI-57967,2026-06-16 00:35:00,1302569.72,CRC,deposito,sucursal,CA-001,Préstamo Hipotecario
TXN-00023143,CTA-681789,CLI-63106,2026-06-11 05:08:00,2597817.6,CRC,pago,sucursal,AL-001,Préstamo Personal
TXN-00023144,CTA-464676,CLI-42443,2026-06-17 02:46:00,4357539.67,CRC,retiro,sucursal,AL-001,Préstamo Hipotecario
TXN-00023145,CTA-521062,CLI-13648,2026-06-17 21:37:00,305469.28,CRC,pago,web,AL-001,Cuenta Ahorro
TXN-00023146,CTA-139399,CLI-87340,2026-06-07 13:35:00,4386866.49,CRC,pago,sinpe,CA-001,Préstamo Hipotecario
TXN-00023147,CTA-771447,CLI-19359,2026-06-19 20:13:00,2197166.5,CRC,comision,atm,AL-001,Cuenta Ahorro
TXN-00023148,CTA-174664,CLI-23378,2026-06-11 13:13:00,1954165.14,CRC,retiro,sinpe,SJ-002,Cuenta Ahorro
TXN-00023149,CTA-461859,CLI-97683,2026-06-04 04:53:00,2309620.43,CRC,transferencia,atm,SJ-001,Cuenta Ahorro
TXN-00023150,CTA-584785,CLI-92188,2026-06-26 18:58:00,1825351.06,CRC,retiro,sucursal,LI-001,Préstamo Hipotecario
TXN-00023151,CTA-421618,CLI-13261,2026-06-28 14:21:00,561350.84,CRC,retiro,app_movil,AL-001,Cuenta Corriente
TXN-00023152,CTA-264226,CLI-81581,2026-06-22 10:47:00,3878228.57,CRC,comision,web,LI-001,Cuenta Corriente
TXN-00023153,CTA-249671,CLI-64812,2026-06-14 02:25:00,1584549.85,CRC,transferencia,atm,SJ-002,Cuenta Ahorro
TXN-00023154,CTA-216611,CLI-43743,2026-06-18 02:40:00,1584784.87,CRC,transferencia,atm,SJ-001,Cuenta Corriente
TXN-00023155,CTA-252670,CLI-73656,2026-06-27 19:52:00,4198564.82,CRC,transferencia,sinpe,HE-001,Cuenta Corriente
TXN-00023156,CTA-143327,CLI-33934,2026-06-27 23:53:00,3434464.11,CRC,transferencia,sinpe,HE-001,Cuenta Ahorro
TXN-00023157,CTA-973306,CLI-19927,2026-06-14 23:33:00,308930.59,CRC,transferencia,web,PU-001,Préstamo Personal
TXN-00023158,CTA-222798,CLI-73523,2026-06-22 23:10:00,4307303.94,CRC,transferencia,sucursal,SJ-001,Tarjeta Crédito
TXN-00023159,CTA-907941,CLI-37251,2026-06-02 07:14:00,2721307.51,CRC,retiro,sinpe,HE-001,Tarjeta Crédito
TXN-00023160,CTA-758862,CLI-96245,2026-06-19 00:59:00,1799601.19,CRC,deposito,atm,CA-001,Cuenta Corriente
TXN-00023161,CTA-531875,CLI-45039,2026-06-17 02:56:00,2850270.4,CRC,retiro,atm,PU-001,Cuenta Corriente
TXN-00023162,CTA-933972,CLI-74422,2026-06-13 09:28:00,498261.94,CRC,transferencia,app_movil,SJ-002,Cuenta Ahorro
TXN-00023163,CTA-432028,CLI-22895,2026-06-08 02:55:00,1736795.03,CRC,comision,app_movil,LI-001,Préstamo Personal
TXN-00023164,CTA-171782,CLI-53579,2026-06-12 01:32:00,2499750.62,CRC,transferencia,sucursal,SJ-002,Cuenta Corriente
TXN-00023165,CTA-220644,CLI-23141,2026-06-29 15:37:00,1535245.9,CRC,comision,atm,SJ-001,Tarjeta Crédito
TXN-00023166,CTA-943234,CLI-80811,2026-06-29 22:24:00,748565.39,CRC,comision,app_movil,LI-002,Préstamo Personal
TXN-00023167,CTA-650938,CLI-72410,2026-06-21 03:53:00,1293451.99,CRC,deposito,app_movil,LI-001,Cuenta Corriente
TXN-00023168,CTA-488738,CLI-29823,2026-06-25 12:46:00,3685924.7,CRC,pago,web,SJ-001,Cuenta Corriente
TXN-00023169,CTA-539158,CLI-74751,2026-06-24 03:34:00,622716.34,CRC,deposito,atm,SJ-001,Tarjeta Crédito
TXN-00023170,CTA-867629,CLI-59538,2026-06-18 19:45:00,1341568.61,CRC,transferencia,atm,SJ-002,Préstamo Personal
TXN-00023171,CTA-593316,CLI-22173,2026-06-12 11:41:00,1614530.09,CRC,pago,sucursal,AL-001,Préstamo Personal
TXN-00023172,CTA-970730,CLI-91267,2026-06-05 00:19:00,1344200.5,CRC,pago,atm,CA-001,Tarjeta Crédito
TXN-00023173,CTA-689862,CLI-12433,2026-06-20 08:20:00,1152817.65,CRC,pago,web,SJ-002,Tarjeta Crédito
TXN-00023174,CTA-597807,CLI-25534,2026-06-12 08:30:00,3777100.4,CRC,retiro,sinpe,CA-001,Cuenta Corriente
TXN-00023175,CTA-313627,CLI-54839,2026-06-16 20:22:00,2337124.43,CRC,pago,app_movil,PU-001,Préstamo Hipotecario
TXN-00023176,CTA-230390,CLI-27610,2026-06-09 08:01:00,4683467.01,CRC,comision,web,LI-001,Cuenta Corriente
TXN-00023177,CTA-228381,CLI-70791,2026-06-19 16:08:00,732008.44,CRC,deposito,web,LI-002,Préstamo Personal
TXN-00023178,CTA-896981,CLI-71282,2026-06-11 15:15:00,1209361.44,CRC,pago,web,LI-002,Préstamo Personal
TXN-00023179,CTA-626525,CLI-81095,2026-06-16 09:39:00,875974.75,CRC,retiro,sucursal,LI-001,Cuenta Ahorro
TXN-00023180,CTA-549442,CLI-95570,2026-06-11 11:06:00,4972340.41,CRC,transferencia,atm,PU-001,Préstamo Hipotecario
TXN-00023181,CTA-964428,CLI-32509,2026-06-02 01:54:00,2909464.14,CRC,pago,atm,LI-001,Cuenta Ahorro
TXN-00023182,CTA-515794,CLI-26676,2026-06-02 08:13:00,4916803.84,CRC,retiro,sucursal,LI-001,Cuenta Corriente
TXN-00023183,CTA-127223,CLI-46171,2026-06-27 12:59:00,1244267.1,CRC,transferencia,sinpe,SJ-001,Cuenta Corriente
TXN-00023184,CTA-183861,CLI-43330,2026-06-14 05:43:00,1618453.17,CRC,deposito,web,LI-002,Tarjeta Crédito
TXN-00023185,CTA-515702,CLI-34270,2026-06-02 20:30:00,4367848.38,CRC,pago,atm,AL-001,Préstamo Personal
TXN-00023186,CTA-573735,CLI-58894,2026-06-18 19:06:00,1240228.09,CRC,deposito,atm,SJ-001,Préstamo Hipotecario
TXN-00023187,CTA-143866,CLI-48747,2026-06-24 16:49:00,4107914.65,CRC,retiro,app_movil,SJ-001,Cuenta Corriente
TXN-00023188,CTA-798153,CLI-69913,2026-06-17 22:20:00,1996442.86,CRC,deposito,web,AL-001,Préstamo Hipotecario
TXN-00023189,CTA-680008,CLI-22874,2026-06-04 00:46:00,4747705.01,CRC,deposito,sucursal,HE-001,Cuenta Corriente
TXN-00023190,CTA-681389,CLI-19203,2026-06-28 18:46:00,3821934.94,CRC,retiro,atm,SJ-001,Cuenta Ahorro
TXN-00023191,CTA-686020,CLI-54210,2026-06-14 06:29:00,3061595.79,CRC,comision,app_movil,PU-001,Préstamo Personal
TXN-00023192,CTA-722821,CLI-24582,2026-06-04 03:11:00,1883171.74,CRC,transferencia,sucursal,CA-001,Préstamo Hipotecario
TXN-00023193,CTA-630536,CLI-69404,2026-06-20 08:12:00,3740580.15,CRC,retiro,app_movil,LI-002,Cuenta Corriente
TXN-00023194,CTA-906380,CLI-35902,2026-06-17 18:53:00,2458327.11,CRC,comision,atm,PU-001,Préstamo Personal
TXN-00023195,CTA-361921,CLI-23060,2026-06-22 14:07:00,856581.79,CRC,retiro,atm,SJ-002,Préstamo Hipotecario
TXN-00023196,CTA-439331,CLI-59203,2026-06-08 01:17:00,4685010.36,CRC,comision,sinpe,LI-001,Tarjeta Crédito
TXN-00023197,CTA-770369,CLI-43366,2026-06-11 16:31:00,2686971.67,CRC,deposito,web,HE-001,Cuenta Ahorro
TXN-00023198,CTA-762584,CLI-66766,2026-06-08 10:31:00,1220274.52,CRC,transferencia,atm,SJ-001,Cuenta Ahorro
TXN-00023199,CTA-502036,CLI-99765,2026-06-13 09:29:00,1092363.84,CRC,retiro,app_movil,LI-002,Tarjeta Crédito
TXN-00023200,CTA-767107,CLI-87669,2026-06-05 21:07:00,369361.48,CRC,retiro,atm,SJ-001,Cuenta Corriente
TXN-00023201,CTA-684305,CLI-53200,2026-06-01 21:01:00,1749222.0,CRC,deposito,web,AL-001,Cuenta Ahorro
TXN-00023202,CTA-537959,CLI-14597,2026-06-06 02:38:00,1192618.18,CRC,retiro,app_movil,LI-001,Préstamo Hipotecario
TXN-00023203,CTA-340395,CLI-42507,2026-06-21 21:42:00,948483.24,CRC,transferencia,app_movil,CA-001,Préstamo Hipotecario
TXN-00023204,CTA-514591,CLI-55059,2026-06-06 13:08:00,2127227.37,CRC,transferencia,atm,HE-001,Cuenta Corriente
TXN-00023205,CTA-494589,CLI-66382,2026-06-23 21:50:00,1396367.61,CRC,retiro,sucursal,SJ-002,Cuenta Ahorro
TXN-00023206,CTA-324883,CLI-20454,2026-06-05 21:40:00,190664.5,CRC,comision,sucursal,LI-002,Préstamo Personal
TXN-00023207,CTA-489557,CLI-16535,2026-06-25 14:30:00,3398450.01,CRC,comision,sinpe,SJ-001,Tarjeta Crédito
TXN-00023208,CTA-623613,CLI-65565,2026-06-25 07:44:00,4980694.86,CRC,transferencia,web,CA-001,Préstamo Personal
TXN-00023209,CTA-210256,CLI-41372,2026-06-06 13:12:00,2420290.66,CRC,comision,sucursal,SJ-001,Tarjeta Crédito
TXN-00023210,CTA-617771,CLI-49832,2026-06-17 03:03:00,3280391.6,CRC,pago,sinpe,SJ-002,Cuenta Ahorro
TXN-00023211,CTA-895367,CLI-70222,2026-06-30 16:57:00,2637325.0,CRC,pago,web,SJ-002,Cuenta Corriente
TXN-00023212,CTA-282176,CLI-67831,2026-06-04 00:02:00,3749784.41,CRC,retiro,web,SJ-001,Préstamo Personal
TXN-00023213,CTA-631609,CLI-98744,2026-06-15 03:05:00,3844762.17,CRC,comision,sucursal,CA-001,Préstamo Personal
TXN-00023214,CTA-834260,CLI-19252,2026-06-11 16:42:00,4320779.54,CRC,transferencia,atm,AL-001,Tarjeta Crédito
TXN-00023215,CTA-123158,CLI-38716,2026-06-09 05:06:00,2685881.02,CRC,comision,atm,AL-001,Préstamo Hipotecario
TXN-00023216,CTA-550136,CLI-96667,2026-06-21 07:11:00,3586293.01,CRC,retiro,atm,HE-001,Cuenta Ahorro
TXN-00023217,CTA-131864,CLI-13453,2026-06-25 07:11:00,1416239.73,CRC,pago,sinpe,LI-001,Préstamo Personal
TXN-00023218,CTA-625299,CLI-61025,2026-06-18 09:24:00,2624372.17,CRC,retiro,atm,SJ-002,Préstamo Hipotecario
TXN-00023219,CTA-957962,CLI-98369,2026-06-10 08:04:00,2605179.82,CRC,transferencia,sucursal,LI-001,Tarjeta Crédito
TXN-00023220,CTA-190355,CLI-76572,2026-06-23 12:32:00,3062499.69,CRC,comision,app_movil,CA-001,Cuenta Ahorro
TXN-00023221,CTA-848271,CLI-89085,2026-06-28 18:34:00,4314755.24,CRC,deposito,sinpe,AL-001,Préstamo Personal
TXN-00023222,CTA-313773,CLI-28741,2026-06-02 18:05:00,1399433.64,CRC,transferencia,web,LI-002,Préstamo Hipotecario
TXN-00023223,CTA-949115,CLI-19171,2026-06-22 23:02:00,3241108.51,CRC,comision,web,LI-002,Préstamo Personal
TXN-00023224,CTA-183904,CLI-18767,2026-06-26 10:30:00,4939478.72,CRC,comision,sinpe,AL-001,Cuenta Corriente
TXN-00023225,CTA-919981,CLI-16637,2026-06-21 06:58:00,1217205.81,CRC,transferencia,sinpe,PU-001,Tarjeta Crédito
TXN-00023226,CTA-628692,CLI-44828,2026-06-14 22:35:00,154084.23,CRC,transferencia,web,HE-001,Tarjeta Crédito
TXN-00023227,CTA-817532,CLI-75402,2026-06-21 12:06:00,128788.34,CRC,comision,atm,CA-001,Préstamo Personal
TXN-00023228,CTA-605346,CLI-57838,2026-06-15 03:37:00,4134024.12,CRC,transferencia,app_movil,AL-001,Préstamo Personal
TXN-00023229,CTA-377389,CLI-55668,2026-06-07 23:54:00,757920.5,CRC,transferencia,sinpe,LI-002,Tarjeta Crédito
TXN-00023230,CTA-936697,CLI-81885,2026-06-10 08:22:00,2064228.55,CRC,comision,app_movil,LI-002,Cuenta Ahorro
TXN-00023231,CTA-256595,CLI-47331,2026-06-21 05:27:00,4004917.77,CRC,pago,sinpe,AL-001,Préstamo Personal
TXN-00023232,CTA-716322,CLI-41135,2026-06-06 00:10:00,3783200.54,CRC,pago,atm,LI-001,Cuenta Corriente
TXN-00023233,CTA-410993,CLI-48232,2026-06-20 01:03:00,4129613.89,CRC,deposito,sinpe,LI-002,Préstamo Personal
TXN-00023234,CTA-899195,CLI-72239,2026-06-19 12:40:00,1477369.77,CRC,pago,app_movil,LI-002,Cuenta Ahorro
TXN-00023235,CTA-707055,CLI-65309,2026-06-25 11:55:00,4398378.0,CRC,comision,sinpe,AL-001,Préstamo Hipotecario
TXN-00023236,CTA-690201,CLI-98734,2026-06-25 01:41:00,3895682.4,CRC,deposito,app_movil,LI-001,Tarjeta Crédito
TXN-00023237,CTA-702124,CLI-57282,2026-06-23 14:47:00,2168443.75,CRC,comision,web,LI-001,Préstamo Hipotecario
TXN-00023238,CTA-812066,CLI-20034,2026-06-08 21:00:00,3934670.5,CRC,comision,sinpe,CA-001,Cuenta Ahorro
TXN-00023239,CTA-678552,CLI-14099,2026-06-13 05:45:00,4616727.9,CRC,deposito,sucursal,AL-001,Cuenta Ahorro
TXN-00023240,CTA-328678,CLI-31439,2026-06-16 04:22:00,3486995.69,CRC,retiro,atm,LI-001,Cuenta Corriente
TXN-00023241,CTA-506305,CLI-38370,2026-06-10 13:56:00,3485665.94,CRC,retiro,atm,LI-001,Préstamo Personal
TXN-00023242,CTA-715326,CLI-24245,2026-06-10 00:26:00,1354391.79,CRC,retiro,atm,SJ-001,Cuenta Corriente
TXN-00023243,CTA-250731,CLI-80190,2026-06-23 10:40:00,1374772.64,CRC,comision,sinpe,AL-001,Tarjeta Crédito
TXN-00023244,CTA-461423,CLI-13917,2026-06-19 09:08:00,3133815.36,CRC,transferencia,app_movil,LI-002,Préstamo Hipotecario
TXN-00023245,CTA-922048,CLI-85617,2026-06-28 01:07:00,2399063.93,CRC,transferencia,atm,AL-001,Cuenta Ahorro
TXN-00023246,CTA-344673,CLI-26996,2026-06-05 05:56:00,4931230.07,CRC,pago,sucursal,LI-002,Tarjeta Crédito
TXN-00023247,CTA-212169,CLI-35930,2026-06-11 15:27:00,3322861.9,CRC,transferencia,sucursal,AL-001,Préstamo Hipotecario
TXN-00023248,CTA-989322,CLI-73717,2026-06-24 13:48:00,1166464.46,CRC,transferencia,app_movil,SJ-001,Préstamo Hipotecario
TXN-00023249,CTA-476110,CLI-91349,2026-06-19 00:34:00,2705949.53,CRC,transferencia,sinpe,SJ-002,Tarjeta Crédito
TXN-00023250,CTA-145218,CLI-15399,2026-06-28 12:50:00,3005239.86,CRC,transferencia,sucursal,CA-001,Préstamo Personal
TXN-00023251,CTA-124176,CLI-85143,2026-06-18 21:23:00,4589619.48,CRC,transferencia,app_movil,SJ-001,Cuenta Corriente
TXN-00023252,CTA-373256,CLI-66190,2026-06-26 13:44:00,1368648.01,CRC,deposito,web,LI-002,Préstamo Personal
TXN-00023253,CTA-171676,CLI-77409,2026-06-25 05:37:00,2056535.17,CRC,transferencia,web,SJ-002,Préstamo Hipotecario
TXN-00023254,CTA-488011,CLI-86981,2026-06-19 03:16:00,4634996.49,CRC,retiro,sinpe,HE-001,Cuenta Corriente
TXN-00023255,CTA-801859,CLI-94719,2026-06-19 18:13:00,2610015.45,CRC,deposito,app_movil,AL-001,Préstamo Personal
TXN-00023256,CTA-572452,CLI-50713,2026-06-24 15:48:00,1408756.73,CRC,pago,sucursal,CA-001,Cuenta Corriente
TXN-00023257,CTA-843180,CLI-51703,2026-06-05 21:31:00,3778445.63,CRC,comision,atm,CA-001,Tarjeta Crédito
TXN-00023258,CTA-186518,CLI-24433,2026-06-20 01:15:00,1090475.71,CRC,transferencia,atm,LI-001,Préstamo Hipotecario
TXN-00023259,CTA-398191,CLI-46681,2026-06-10 14:16:00,1827614.94,CRC,retiro,sinpe,CA-001,Préstamo Personal
TXN-00023260,CTA-909699,CLI-46740,2026-06-11 04:03:00,2371208.54,CRC,comision,sucursal,HE-001,Cuenta Ahorro
TXN-00023261,CTA-498053,CLI-91146,2026-06-27 16:59:00,3852867.55,CRC,comision,sucursal,HE-001,Tarjeta Crédito
TXN-00023262,CTA-480725,CLI-26457,2026-06-05 03:36:00,3652203.97,CRC,deposito,app_movil,SJ-001,Préstamo Hipotecario
TXN-00023263,CTA-458212,CLI-39117,2026-06-28 05:29:00,787493.06,CRC,comision,web,CA-001,Préstamo Hipotecario
TXN-00023264,CTA-976282,CLI-94381,2026-06-08 13:30:00,4859572.31,CRC,retiro,web,SJ-002,Préstamo Hipotecario
TXN-00023265,CTA-738661,CLI-47530,2026-06-02 17:24:00,3702606.99,CRC,comision,sucursal,LI-002,Préstamo Personal
TXN-00023266,CTA-389477,CLI-36695,2026-06-24 17:13:00,4602037.42,CRC,transferencia,web,PU-001,Préstamo Personal
TXN-00023267,CTA-446662,CLI-10674,2026-06-03 22:12:00,4508226.4,CRC,transferencia,atm,LI-002,Cuenta Corriente
TXN-00023268,CTA-853410,CLI-78252,2026-06-27 17:47:00,366759.1,CRC,retiro,web,LI-001,Préstamo Personal
TXN-00023269,CTA-260145,CLI-80752,2026-06-16 20:06:00,770671.55,CRC,deposito,sucursal,HE-001,Préstamo Hipotecario
TXN-00023270,CTA-997832,CLI-81920,2026-06-04 10:26:00,2965499.87,CRC,pago,web,LI-001,Cuenta Corriente
TXN-00023271,CTA-457987,CLI-56593,2026-06-03 21:04:00,4681846.13,CRC,deposito,app_movil,SJ-001,Cuenta Corriente
TXN-00023272,CTA-343264,CLI-51614,2026-06-12 16:37:00,1096467.56,CRC,comision,sinpe,LI-001,Cuenta Corriente
TXN-00023273,CTA-984603,CLI-60676,2026-06-29 00:07:00,729740.68,CRC,deposito,app_movil,HE-001,Tarjeta Crédito
TXN-00023274,CTA-375722,CLI-27524,2026-06-09 08:51:00,960346.6,CRC,transferencia,sucursal,HE-001,Cuenta Corriente
TXN-00023275,CTA-635233,CLI-25171,2026-06-11 06:10:00,658684.94,CRC,comision,atm,SJ-002,Cuenta Corriente
TXN-00023276,CTA-655289,CLI-68795,2026-06-05 04:47:00,2697636.53,CRC,pago,app_movil,AL-001,Cuenta Corriente
TXN-00023277,CTA-558234,CLI-65813,2026-06-19 12:41:00,2032292.0,CRC,transferencia,sinpe,LI-002,Préstamo Hipotecario
TXN-00023278,CTA-284334,CLI-94245,2026-06-04 18:15:00,1926599.85,CRC,deposito,atm,AL-001,Tarjeta Crédito
TXN-00023279,CTA-451091,CLI-35614,2026-06-24 04:49:00,1253462.27,CRC,retiro,atm,SJ-002,Préstamo Hipotecario
TXN-00023280,CTA-683364,CLI-89044,2026-06-16 01:28:00,1207047.8,CRC,retiro,app_movil,CA-001,Préstamo Hipotecario
TXN-00023281,CTA-786293,CLI-65521,2026-06-06 12:15:00,1851539.31,CRC,deposito,sucursal,PU-001,Préstamo Hipotecario
TXN-00023282,CTA-810832,CLI-31598,2026-06-12 03:50:00,1456439.66,CRC,transferencia,sinpe,SJ-002,Tarjeta Crédito
TXN-00023283,CTA-438179,CLI-91061,2026-06-21 06:43:00,1283190.42,CRC,transferencia,sucursal,LI-002,Cuenta Corriente
TXN-00023284,CTA-418592,CLI-68416,2026-06-10 13:39:00,584311.99,CRC,retiro,app_movil,LI-001,Préstamo Hipotecario
TXN-00023285,CTA-350170,CLI-22768,2026-06-30 10:18:00,2576098.13,CRC,pago,app_movil,CA-001,Cuenta Ahorro
TXN-00023286,CTA-758185,CLI-95196,2026-06-18 09:29:00,115856.56,CRC,retiro,sucursal,SJ-001,Cuenta Ahorro
TXN-00023287,CTA-738807,CLI-98816,2026-06-08 04:20:00,4144481.82,CRC,deposito,sucursal,CA-001,Préstamo Personal
TXN-00023288,CTA-818774,CLI-14496,2026-06-08 09:08:00,954373.77,CRC,pago,sucursal,SJ-002,Cuenta Ahorro
TXN-00023289,CTA-785178,CLI-64114,2026-06-03 20:57:00,4175775.65,CRC,pago,app_movil,HE-001,Tarjeta Crédito
TXN-00023290,CTA-238784,CLI-38108,2026-06-23 08:04:00,3485230.52,CRC,transferencia,sinpe,PU-001,Cuenta Ahorro
TXN-00023291,CTA-247007,CLI-18017,2026-06-12 00:54:00,2630178.07,CRC,retiro,app_movil,HE-001,Préstamo Personal
TXN-00023292,CTA-497980,CLI-80043,2026-06-18 04:54:00,1363801.11,CRC,transferencia,atm,LI-002,Cuenta Ahorro
TXN-00023293,CTA-740224,CLI-63051,2026-06-25 06:41:00,3905221.43,CRC,pago,sucursal,LI-001,Préstamo Hipotecario
TXN-00023294,CTA-937463,CLI-38536,2026-06-20 16:26:00,77598.03,CRC,pago,atm,SJ-001,Tarjeta Crédito
TXN-00023295,CTA-518357,CLI-34783,2026-06-24 17:39:00,7073.51,CRC,comision,sucursal,CA-001,Préstamo Hipotecario
TXN-00023296,CTA-994360,CLI-86781,2026-06-20 03:29:00,393245.97,CRC,retiro,sucursal,AL-001,Tarjeta Crédito
TXN-00023297,CTA-592503,CLI-52178,2026-06-15 05:22:00,4082828.38,CRC,retiro,sucursal,PU-001,Tarjeta Crédito
TXN-00023298,CTA-488396,CLI-87887,2026-06-20 09:53:00,4181172.58,CRC,retiro,sinpe,LI-002,Préstamo Hipotecario
TXN-00023299,CTA-683076,CLI-20607,2026-06-18 14:20:00,1776344.55,CRC,transferencia,sucursal,LI-001,Cuenta Ahorro
TXN-00023300,CTA-812248,CLI-78062,2026-06-04 18:51:00,3995505.56,CRC,comision,app_movil,SJ-001,Préstamo Personal
TXN-00023301,CTA-621668,CLI-48423,2026-06-11 09:26:00,4586744.68,CRC,comision,sucursal,SJ-001,Tarjeta Crédito
TXN-00023302,CTA-201194,CLI-92412,2026-06-03 09:21:00,4828970.51,CRC,transferencia,app_movil,SJ-002,Préstamo Personal
TXN-00023303,CTA-880604,CLI-96640,2026-06-15 10:00:00,1006388.17,CRC,comision,atm,PU-001,Préstamo Personal
TXN-00023304,CTA-895099,CLI-38212,2026-06-16 03:20:00,2564669.36,CRC,comision,sinpe,PU-001,Tarjeta Crédito
TXN-00023305,CTA-407599,CLI-19131,2026-06-17 00:43:00,1082814.74,CRC,transferencia,sinpe,LI-002,Cuenta Corriente
TXN-00023306,CTA-480720,CLI-67053,2026-06-01 09:58:00,1947103.28,CRC,deposito,sinpe,LI-001,Préstamo Personal
TXN-00023307,CTA-498218,CLI-42631,2026-06-30 15:53:00,3568583.22,CRC,retiro,app_movil,LI-001,Préstamo Hipotecario
TXN-00023308,CTA-243551,CLI-74992,2026-06-05 16:11:00,4726263.39,CRC,comision,web,SJ-002,Tarjeta Crédito
TXN-00023309,CTA-371295,CLI-12946,2026-06-22 13:58:00,4294385.77,CRC,comision,web,LI-002,Cuenta Corriente
TXN-00023310,CTA-628382,CLI-52804,2026-06-30 03:57:00,3207121.61,CRC,pago,app_movil,SJ-001,Cuenta Ahorro
TXN-00023311,CTA-564547,CLI-59824,2026-06-13 04:22:00,4811986.45,CRC,pago,sucursal,CA-001,Préstamo Personal
TXN-00023312,CTA-976342,CLI-68490,2026-06-25 20:12:00,3880016.75,CRC,deposito,web,SJ-002,Préstamo Hipotecario
TXN-00023313,CTA-577818,CLI-25279,2026-06-13 23:58:00,3528582.65,CRC,transferencia,app_movil,CA-001,Tarjeta Crédito
TXN-00023314,CTA-321771,CLI-80943,2026-06-02 02:19:00,1177687.01,CRC,comision,web,HE-001,Préstamo Personal
TXN-00023315,CTA-748356,CLI-99231,2026-06-12 17:50:00,2807344.92,CRC,retiro,web,CA-001,Cuenta Ahorro
TXN-00023316,CTA-240113,CLI-16587,2026-06-19 19:01:00,4283346.67,CRC,comision,web,LI-002,Cuenta Ahorro
TXN-00023317,CTA-104434,CLI-25455,2026-06-18 20:31:00,3970804.47,CRC,retiro,atm,HE-001,Tarjeta Crédito
TXN-00023318,CTA-371633,CLI-83547,2026-06-23 21:54:00,4395327.41,CRC,comision,web,AL-001,Cuenta Corriente
TXN-00023319,CTA-474237,CLI-67659,2026-06-23 03:33:00,3951051.04,CRC,pago,atm,SJ-001,Préstamo Personal
TXN-00023320,CTA-578283,CLI-80594,2026-06-01 05:18:00,269386.88,CRC,pago,atm,AL-001,Tarjeta Crédito
TXN-00023321,CTA-755121,CLI-63274,2026-06-16 00:17:00,387276.99,CRC,pago,atm,SJ-001,Cuenta Corriente
TXN-00023322,CTA-458833,CLI-63361,2026-06-30 07:06:00,3034.7,CRC,comision,web,SJ-001,Cuenta Corriente
TXN-00023323,CTA-225719,CLI-34823,2026-06-24 16:35:00,2033775.28,CRC,comision,web,SJ-001,Préstamo Personal
TXN-00023324,CTA-362751,CLI-61532,2026-06-17 16:16:00,4048491.03,CRC,comision,sinpe,LI-001,Préstamo Hipotecario
TXN-00023325,CTA-839533,CLI-38152,2026-06-19 02:05:00,2163080.39,CRC,pago,atm,LI-002,Préstamo Hipotecario
TXN-00023326,CTA-518212,CLI-84468,2026-06-09 15:46:00,2718161.47,CRC,transferencia,sinpe,LI-001,Cuenta Corriente
TXN-00023327,CTA-171842,CLI-12772,2026-06-01 18:50:00,3498389.38,CRC,retiro,atm,SJ-001,Préstamo Personal
TXN-00023328,CTA-582000,CLI-36823,2026-06-29 09:39:00,3731856.76,CRC,retiro,sinpe,SJ-002,Cuenta Ahorro
TXN-00023329,CTA-156432,CLI-50534,2026-06-10 18:53:00,2283511.43,CRC,transferencia,app_movil,SJ-002,Cuenta Ahorro
TXN-00023330,CTA-500588,CLI-80332,2026-06-11 20:52:00,2484769.54,CRC,retiro,sucursal,CA-001,Préstamo Hipotecario
TXN-00023331,CTA-361874,CLI-43972,2026-06-12 01:34:00,2943519.0,CRC,deposito,atm,SJ-002,Préstamo Personal
TXN-00023332,CTA-594837,CLI-52538,2026-06-10 08:11:00,2091767.23,CRC,transferencia,app_movil,AL-001,Préstamo Hipotecario
TXN-00023333,CTA-811898,CLI-67851,2026-06-15 06:16:00,2183446.9,CRC,comision,sucursal,PU-001,Cuenta Ahorro
TXN-00023334,CTA-494762,CLI-17727,2026-06-10 04:24:00,1207044.23,CRC,comision,app_movil,LI-001,Préstamo Personal
TXN-00023335,CTA-309400,CLI-10978,2026-06-07 00:23:00,4438271.7,CRC,retiro,sinpe,LI-002,Préstamo Hipotecario
TXN-00023336,CTA-322079,CLI-36297,2026-06-09 19:50:00,267396.47,CRC,retiro,sucursal,LI-001,Préstamo Personal
TXN-00023337,CTA-839079,CLI-69217,2026-06-02 21:58:00,4280551.41,CRC,pago,sinpe,SJ-001,Préstamo Personal
TXN-00023338,CTA-980413,CLI-69032,2026-06-20 03:34:00,4624148.56,CRC,comision,atm,PU-001,Préstamo Hipotecario
TXN-00023339,CTA-764695,CLI-11905,2026-06-22 08:06:00,4787822.94,CRC,retiro,atm,LI-001,Tarjeta Crédito
TXN-00023340,CTA-602097,CLI-31270,2026-06-29 07:45:00,1814401.87,CRC,retiro,web,SJ-002,Cuenta Corriente
TXN-00023341,CTA-293697,CLI-99571,2026-06-28 17:00:00,55257.11,CRC,transferencia,app_movil,LI-001,Cuenta Corriente
TXN-00023342,CTA-819977,CLI-65425,2026-06-08 09:58:00,1477392.83,CRC,deposito,atm,CA-001,Cuenta Ahorro
TXN-00023343,CTA-304041,CLI-15169,2026-06-19 03:27:00,1450888.62,CRC,pago,sucursal,CA-001,Cuenta Ahorro
TXN-00023344,CTA-929534,CLI-50359,2026-06-21 18:54:00,674733.6,CRC,retiro,atm,HE-001,Préstamo Personal
TXN-00023345,CTA-547818,CLI-79317,2026-06-30 07:33:00,2474389.2,CRC,retiro,atm,HE-001,Préstamo Personal
TXN-00023346,CTA-223126,CLI-49498,2026-06-04 16:08:00,1077307.16,CRC,retiro,atm,LI-001,Tarjeta Crédito
TXN-00023347,CTA-840735,CLI-82678,2026-06-15 15:00:00,3966438.61,CRC,retiro,app_movil,SJ-002,Cuenta Ahorro
TXN-00023348,CTA-995130,CLI-40979,2026-06-21 11:52:00,418872.36,CRC,comision,atm,LI-001,Tarjeta Crédito
TXN-00023349,CTA-944696,CLI-35989,2026-06-24 11:45:00,940003.83,CRC,comision,app_movil,HE-001,Préstamo Hipotecario
TXN-00023350,CTA-584004,CLI-23883,2026-06-17 02:47:00,1404150.78,CRC,retiro,atm,HE-001,Cuenta Corriente
TXN-00023351,CTA-683996,CLI-42713,2026-06-14 19:58:00,4007910.38,CRC,retiro,app_movil,PU-001,Préstamo Hipotecario
TXN-00023352,CTA-343873,CLI-54480,2026-06-21 04:29:00,4784974.92,CRC,transferencia,app_movil,PU-001,Tarjeta Crédito
TXN-00023353,CTA-394229,CLI-26292,2026-06-29 18:23:00,2784139.57,CRC,transferencia,web,AL-001,Préstamo Personal
TXN-00023354,CTA-249518,CLI-39960,2026-06-17 22:21:00,3659124.41,CRC,retiro,sucursal,LI-002,Préstamo Personal
TXN-00023355,CTA-158370,CLI-65305,2026-06-24 15:37:00,4027991.34,CRC,transferencia,atm,SJ-001,Cuenta Corriente
TXN-00023356,CTA-928866,CLI-97322,2026-06-03 01:17:00,908524.26,CRC,comision,sucursal,LI-002,Préstamo Personal
TXN-00023357,CTA-781101,CLI-17050,2026-06-07 20:43:00,3261724.03,CRC,retiro,sinpe,LI-002,Tarjeta Crédito
TXN-00023358,CTA-834485,CLI-90003,2026-06-11 14:07:00,3101620.56,CRC,retiro,sinpe,SJ-001,Tarjeta Crédito
TXN-00023359,CTA-959070,CLI-91021,2026-06-14 21:45:00,4202622.54,CRC,deposito,atm,SJ-002,Cuenta Ahorro
TXN-00023360,CTA-883506,CLI-50701,2026-06-15 20:18:00,111718.48,CRC,deposito,sinpe,PU-001,Cuenta Ahorro
TXN-00023361,CTA-526069,CLI-96259,2026-06-23 14:17:00,1563654.79,CRC,transferencia,sinpe,SJ-002,Cuenta Ahorro
TXN-00023362,CTA-152034,CLI-97889,2026-06-28 07:40:00,2737856.4,CRC,transferencia,sucursal,CA-001,Tarjeta Crédito
TXN-00023363,CTA-270835,CLI-74045,2026-06-12 16:33:00,1725195.16,CRC,deposito,sucursal,CA-001,Cuenta Corriente
TXN-00023364,CTA-659858,CLI-77967,2026-06-30 03:40:00,776891.8,CRC,deposito,sucursal,SJ-002,Préstamo Hipotecario
TXN-00023365,CTA-649852,CLI-58508,2026-06-11 01:15:00,3717831.09,CRC,retiro,sinpe,SJ-001,Cuenta Corriente
TXN-00023366,CTA-801198,CLI-17466,2026-06-17 09:48:00,1776709.95,CRC,transferencia,app_movil,PU-001,Préstamo Personal
TXN-00023367,CTA-155485,CLI-36385,2026-06-16 02:41:00,482785.1,CRC,retiro,web,LI-001,Cuenta Ahorro
TXN-00023368,CTA-899420,CLI-54045,2026-06-06 05:09:00,524098.2,CRC,deposito,sinpe,CA-001,Tarjeta Crédito
TXN-00023369,CTA-431943,CLI-86752,2026-06-27 16:19:00,1217756.06,CRC,retiro,app_movil,CA-001,Cuenta Ahorro
TXN-00023370,CTA-423078,CLI-85114,2026-06-19 04:35:00,2800231.15,CRC,pago,sinpe,SJ-002,Préstamo Personal
TXN-00023371,CTA-488302,CLI-61446,2026-06-14 08:35:00,1795704.42,CRC,pago,sinpe,LI-001,Tarjeta Crédito
TXN-00023372,CTA-250391,CLI-54964,2026-06-12 16:30:00,1209740.35,CRC,pago,web,SJ-002,Cuenta Ahorro
TXN-00023373,CTA-832263,CLI-25001,2026-06-10 14:20:00,1571591.31,CRC,comision,sucursal,LI-002,Cuenta Corriente
TXN-00023374,CTA-631039,CLI-26058,2026-06-28 14:34:00,2184770.68,CRC,comision,sucursal,AL-001,Cuenta Ahorro
TXN-00023375,CTA-420078,CLI-20282,2026-06-15 15:56:00,4250337.22,CRC,pago,app_movil,PU-001,Cuenta Ahorro
TXN-00023376,CTA-884785,CLI-51247,2026-06-28 13:55:00,471334.32,CRC,retiro,app_movil,SJ-001,Préstamo Hipotecario
TXN-00023377,CTA-305413,CLI-92088,2026-06-10 10:22:00,4838061.39,CRC,deposito,atm,LI-001,Cuenta Ahorro
TXN-00023378,CTA-137309,CLI-68714,2026-06-21 03:24:00,2611142.39,CRC,deposito,app_movil,SJ-001,Préstamo Personal
TXN-00023379,CTA-838194,CLI-96790,2026-06-09 17:21:00,2234126.6,CRC,comision,app_movil,HE-001,Tarjeta Crédito
TXN-00023380,CTA-937476,CLI-53122,2026-06-10 10:29:00,1770105.46,CRC,deposito,sinpe,SJ-002,Cuenta Ahorro
TXN-00023381,CTA-992435,CLI-65231,2026-06-08 16:26:00,830968.48,CRC,transferencia,sucursal,LI-001,Tarjeta Crédito
TXN-00023382,CTA-931960,CLI-35199,2026-06-12 09:17:00,3863325.54,CRC,transferencia,atm,AL-001,Préstamo Personal
TXN-00023383,CTA-465504,CLI-74368,2026-06-22 01:45:00,3624615.12,CRC,retiro,app_movil,PU-001,Préstamo Hipotecario
TXN-00023384,CTA-126606,CLI-62285,2026-06-07 16:17:00,758248.8,CRC,pago,sucursal,PU-001,Tarjeta Crédito
TXN-00023385,CTA-381857,CLI-20817,2026-06-05 15:58:00,825817.77,CRC,comision,sinpe,LI-002,Tarjeta Crédito
TXN-00023386,CTA-803536,CLI-93445,2026-06-18 20:42:00,1585467.16,CRC,pago,web,AL-001,Cuenta Corriente
TXN-00023387,CTA-156991,CLI-55554,2026-06-07 02:11:00,3437923.63,CRC,comision,atm,LI-001,Cuenta Corriente
TXN-00023388,CTA-957316,CLI-71772,2026-06-28 15:50:00,2202853.11,CRC,deposito,sucursal,PU-001,Cuenta Ahorro
TXN-00023389,CTA-467903,CLI-48046,2026-06-10 13:47:00,1624154.03,CRC,retiro,app_movil,LI-001,Préstamo Personal
TXN-00023390,CTA-900385,CLI-45334,2026-06-06 09:08:00,1105622.82,CRC,pago,sucursal,LI-001,Tarjeta Crédito
TXN-00023391,CTA-981977,CLI-47155,2026-06-20 08:35:00,355470.09,CRC,deposito,sinpe,CA-001,Cuenta Corriente
TXN-00023392,CTA-208862,CLI-37905,2026-06-16 02:01:00,2619744.05,CRC,retiro,atm,HE-001,Cuenta Corriente
TXN-00023393,CTA-806118,CLI-19456,2026-06-22 09:41:00,2259777.58,CRC,retiro,app_movil,LI-001,Cuenta Corriente
TXN-00023394,CTA-827120,CLI-11666,2026-06-17 01:42:00,4422928.6,CRC,retiro,sinpe,SJ-002,Préstamo Personal
TXN-00023395,CTA-852570,CLI-89748,2026-06-11 14:25:00,4227273.85,CRC,deposito,sucursal,HE-001,Tarjeta Crédito
TXN-00023396,CTA-751866,CLI-17993,2026-06-15 22:26:00,2381778.9,CRC,retiro,web,CA-001,Cuenta Corriente
TXN-00023397,CTA-216851,CLI-16653,2026-06-21 19:43:00,855204.46,CRC,retiro,sucursal,LI-001,Tarjeta Crédito
TXN-00023398,CTA-205431,CLI-88692,2026-06-08 14:29:00,1843475.31,CRC,deposito,atm,LI-001,Cuenta Ahorro
TXN-00023399,CTA-498756,CLI-61415,2026-06-01 11:16:00,2803868.27,CRC,deposito,atm,PU-001,Préstamo Personal
TXN-00023400,CTA-254359,CLI-86410,2026-06-19 12:08:00,2002536.85,CRC,pago,atm,CA-001,Préstamo Hipotecario
TXN-00023401,CTA-734399,CLI-50221,2026-06-25 00:42:00,586922.79,CRC,pago,app_movil,AL-001,Préstamo Hipotecario
TXN-00023402,CTA-959913,CLI-83275,2026-06-26 06:41:00,3049156.71,CRC,deposito,atm,SJ-001,Préstamo Personal
TXN-00023403,CTA-853134,CLI-91952,2026-06-10 05:12:00,2878576.91,CRC,comision,sinpe,LI-002,Tarjeta Crédito
TXN-00023404,CTA-841379,CLI-97844,2026-06-11 11:50:00,4952628.36,CRC,retiro,sinpe,CA-001,Tarjeta Crédito
TXN-00023405,CTA-832649,CLI-14825,2026-06-20 17:16:00,2516966.67,CRC,transferencia,sucursal,LI-001,Cuenta Corriente
TXN-00023406,CTA-800136,CLI-39207,2026-06-30 15:21:00,208026.67,CRC,pago,web,HE-001,Cuenta Corriente
TXN-00023407,CTA-803490,CLI-67369,2026-06-23 04:51:00,3157846.11,CRC,comision,app_movil,SJ-002,Cuenta Ahorro
TXN-00023408,CTA-547247,CLI-15830,2026-06-23 17:18:00,1136376.43,CRC,transferencia,atm,SJ-001,Tarjeta Crédito
TXN-00023409,CTA-537150,CLI-40008,2026-06-19 20:47:00,1653856.39,CRC,retiro,sinpe,CA-001,Tarjeta Crédito
TXN-00023410,CTA-773050,CLI-57675,2026-06-19 13:31:00,2061498.05,CRC,retiro,web,SJ-001,Préstamo Hipotecario
TXN-00023411,CTA-700279,CLI-18648,2026-06-08 14:43:00,4476133.48,CRC,retiro,app_movil,CA-001,Cuenta Corriente
TXN-00023412,CTA-981605,CLI-29941,2026-06-25 17:36:00,3597684.39,CRC,deposito,atm,SJ-001,Préstamo Hipotecario
TXN-00023413,CTA-819636,CLI-65362,2026-06-06 06:12:00,1797297.21,CRC,transferencia,atm,HE-001,Préstamo Personal
TXN-00023414,CTA-138012,CLI-68324,2026-06-04 21:54:00,1920399.15,CRC,transferencia,atm,LI-001,Cuenta Corriente
TXN-00023415,CTA-256032,CLI-82937,2026-06-21 09:53:00,673846.47,CRC,pago,app_movil,PU-001,Cuenta Corriente
TXN-00023416,CTA-789781,CLI-31586,2026-06-05 18:45:00,1752450.91,CRC,pago,app_movil,LI-001,Préstamo Hipotecario
TXN-00023417,CTA-845907,CLI-96463,2026-06-11 19:34:00,2378730.63,CRC,comision,sinpe,LI-002,Cuenta Ahorro
TXN-00023418,CTA-314197,CLI-57603,2026-06-19 00:15:00,3426474.51,CRC,transferencia,sinpe,AL-001,Préstamo Personal
TXN-00023419,CTA-129323,CLI-31824,2026-06-03 05:43:00,118192.25,CRC,deposito,atm,PU-001,Tarjeta Crédito
TXN-00023420,CTA-193519,CLI-79006,2026-06-08 11:00:00,2265843.17,CRC,retiro,atm,PU-001,Cuenta Ahorro
TXN-00023421,CTA-163140,CLI-25895,2026-06-18 22:06:00,3631653.98,CRC,deposito,sinpe,LI-002,Cuenta Ahorro
TXN-00023422,CTA-942138,CLI-32387,2026-06-12 19:38:00,2335002.58,CRC,pago,web,HE-001,Préstamo Personal
TXN-00023423,CTA-716758,CLI-90045,2026-06-15 09:30:00,2166010.28,CRC,transferencia,atm,CA-001,Préstamo Personal
TXN-00023424,CTA-943893,CLI-14187,2026-06-22 21:11:00,4460367.2,CRC,pago,app_movil,HE-001,Préstamo Personal
TXN-00023425,CTA-927121,CLI-45472,2026-06-30 05:06:00,996133.46,CRC,pago,sucursal,LI-001,Tarjeta Crédito
TXN-00023426,CTA-497557,CLI-82509,2026-06-27 04:36:00,418797.92,CRC,comision,web,LI-002,Tarjeta Crédito
TXN-00023427,CTA-690172,CLI-48438,2026-06-29 02:21:00,4324114.48,CRC,retiro,sucursal,LI-002,Préstamo Personal
TXN-00023428,CTA-500099,CLI-66128,2026-06-01 22:19:00,1732200.38,CRC,transferencia,web,SJ-002,Préstamo Personal
TXN-00023429,CTA-340334,CLI-31091,2026-06-05 09:24:00,3304011.47,CRC,transferencia,sucursal,SJ-001,Tarjeta Crédito
TXN-00023430,CTA-408994,CLI-81140,2026-06-13 13:30:00,1195812.7,CRC,deposito,sucursal,LI-002,Cuenta Corriente
TXN-00023431,CTA-432525,CLI-73265,2026-06-19 02:45:00,1217457.95,CRC,deposito,app_movil,LI-002,Cuenta Corriente
TXN-00023432,CTA-911790,CLI-38761,2026-06-13 06:09:00,4278079.77,CRC,deposito,app_movil,HE-001,Cuenta Corriente
TXN-00023433,CTA-146894,CLI-51938,2026-06-07 09:08:00,3917159.89,CRC,pago,app_movil,HE-001,Cuenta Corriente
TXN-00023434,CTA-535142,CLI-63844,2026-06-24 15:30:00,1305846.91,CRC,comision,web,LI-001,Tarjeta Crédito
TXN-00023435,CTA-738035,CLI-80228,2026-06-20 13:12:00,1209623.81,CRC,deposito,sucursal,HE-001,Cuenta Ahorro
TXN-00023436,CTA-234614,CLI-60394,2026-06-25 02:07:00,3369385.79,CRC,transferencia,atm,AL-001,Cuenta Ahorro
TXN-00023437,CTA-990736,CLI-69331,2026-06-01 17:12:00,4005407.99,CRC,pago,sucursal,SJ-001,Cuenta Ahorro
TXN-00023438,CTA-862487,CLI-98520,2026-06-28 05:58:00,3586019.24,CRC,pago,app_movil,SJ-001,Tarjeta Crédito
TXN-00023439,CTA-396866,CLI-17967,2026-06-12 20:49:00,4289057.74,CRC,comision,sinpe,LI-002,Préstamo Hipotecario
TXN-00023440,CTA-398531,CLI-72734,2026-06-20 23:46:00,566665.34,CRC,transferencia,web,AL-001,Préstamo Personal
TXN-00023441,CTA-266659,CLI-95738,2026-06-07 21:10:00,892331.23,CRC,pago,sinpe,SJ-002,Cuenta Corriente
TXN-00023442,CTA-229716,CLI-25707,2026-06-24 11:55:00,145150.78,CRC,pago,sinpe,CA-001,Cuenta Corriente
TXN-00023443,CTA-443872,CLI-58561,2026-06-04 12:11:00,293012.15,CRC,transferencia,atm,PU-001,Préstamo Personal
TXN-00023444,CTA-134334,CLI-40445,2026-06-15 18:37:00,333913.82,CRC,comision,app_movil,LI-002,Cuenta Ahorro
TXN-00023445,CTA-607384,CLI-10872,2026-06-19 23:47:00,4925296.55,CRC,comision,web,HE-001,Tarjeta Crédito
TXN-00023446,CTA-297967,CLI-19707,2026-06-05 02:24:00,4077820.81,CRC,comision,web,AL-001,Tarjeta Crédito
TXN-00023447,CTA-580585,CLI-99320,2026-06-07 14:43:00,1142181.32,CRC,transferencia,web,HE-001,Cuenta Corriente
TXN-00023448,CTA-374700,CLI-44404,2026-06-02 07:17:00,3434431.75,CRC,deposito,sinpe,SJ-001,Cuenta Corriente
TXN-00023449,CTA-117688,CLI-23419,2026-06-30 18:37:00,1305702.35,CRC,pago,sinpe,HE-001,Préstamo Hipotecario
TXN-00023450,CTA-492853,CLI-76582,2026-06-11 04:26:00,4426846.08,CRC,transferencia,sinpe,SJ-001,Tarjeta Crédito
TXN-00023451,CTA-190372,CLI-97310,2026-06-23 23:17:00,575045.25,CRC,transferencia,sinpe,HE-001,Tarjeta Crédito
TXN-00023452,CTA-717756,CLI-90225,2026-06-20 02:05:00,2732375.89,CRC,deposito,atm,AL-001,Cuenta Ahorro
TXN-00023453,CTA-333719,CLI-12360,2026-06-21 09:51:00,2145083.15,CRC,transferencia,app_movil,AL-001,Tarjeta Crédito
TXN-00023454,CTA-940891,CLI-48575,2026-06-30 05:35:00,3999925.67,CRC,transferencia,sucursal,AL-001,Préstamo Personal
TXN-00023455,CTA-708169,CLI-52687,2026-06-13 07:26:00,3080726.26,CRC,retiro,sinpe,CA-001,Cuenta Corriente
TXN-00023456,CTA-412023,CLI-38134,2026-06-06 03:04:00,1840627.9,CRC,deposito,sinpe,HE-001,Cuenta Corriente
TXN-00023457,CTA-751035,CLI-85930,2026-06-18 19:02:00,703450.23,CRC,comision,sinpe,SJ-002,Tarjeta Crédito
TXN-00023458,CTA-907437,CLI-54910,2026-06-20 20:08:00,2828949.93,CRC,comision,app_movil,LI-001,Préstamo Personal
TXN-00023459,CTA-219242,CLI-49711,2026-06-17 02:33:00,3242706.78,CRC,transferencia,app_movil,SJ-001,Cuenta Corriente
TXN-00023460,CTA-814257,CLI-26969,2026-06-26 17:06:00,665464.8,CRC,deposito,web,PU-001,Préstamo Hipotecario
TXN-00023461,CTA-968170,CLI-41146,2026-06-21 16:22:00,2826172.07,CRC,pago,web,HE-001,Préstamo Personal
TXN-00023462,CTA-802257,CLI-18813,2026-06-26 13:04:00,471904.09,CRC,retiro,atm,PU-001,Cuenta Corriente
TXN-00023463,CTA-658282,CLI-33616,2026-06-24 04:01:00,1465033.26,CRC,deposito,sinpe,PU-001,Tarjeta Crédito
TXN-00023464,CTA-779653,CLI-42725,2026-06-06 16:41:00,3851029.5,CRC,transferencia,web,PU-001,Cuenta Ahorro
TXN-00023465,CTA-543459,CLI-31109,2026-06-02 05:59:00,2306203.94,CRC,transferencia,atm,SJ-002,Cuenta Corriente
TXN-00023466,CTA-865400,CLI-52751,2026-06-14 06:08:00,2114601.93,CRC,transferencia,atm,LI-002,Cuenta Ahorro
TXN-00023467,CTA-243697,CLI-75551,2026-06-05 01:07:00,2684916.29,CRC,comision,sinpe,PU-001,Cuenta Corriente
TXN-00023468,CTA-553835,CLI-48111,2026-06-24 02:47:00,2643169.63,CRC,retiro,app_movil,AL-001,Cuenta Corriente
TXN-00023469,CTA-731945,CLI-98604,2026-06-20 02:07:00,670327.18,CRC,retiro,atm,CA-001,Cuenta Ahorro
TXN-00023470,CTA-527737,CLI-73071,2026-06-16 21:42:00,4344500.75,CRC,transferencia,sucursal,SJ-002,Cuenta Corriente
TXN-00023471,CTA-170668,CLI-12175,2026-06-09 09:25:00,433873.84,CRC,deposito,sucursal,HE-001,Cuenta Corriente
TXN-00023472,CTA-823518,CLI-92068,2026-06-06 21:01:00,1767261.86,CRC,deposito,web,PU-001,Préstamo Hipotecario
TXN-00023473,CTA-208809,CLI-64716,2026-06-23 21:55:00,2345789.59,CRC,deposito,app_movil,SJ-001,Cuenta Ahorro
TXN-00023474,CTA-579652,CLI-83800,2026-06-22 12:07:00,983626.95,CRC,retiro,atm,SJ-001,Cuenta Ahorro
TXN-00023475,CTA-238621,CLI-77741,2026-06-21 18:53:00,4421083.24,CRC,deposito,app_movil,SJ-002,Préstamo Hipotecario
TXN-00023476,CTA-713880,CLI-28930,2026-06-07 15:57:00,2225944.38,CRC,transferencia,sucursal,SJ-001,Tarjeta Crédito
TXN-00023477,CTA-978455,CLI-84119,2026-06-20 13:13:00,130519.08,CRC,deposito,app_movil,LI-001,Cuenta Ahorro
TXN-00023478,CTA-289548,CLI-51947,2026-06-19 06:02:00,2791347.11,CRC,comision,atm,SJ-001,Cuenta Corriente
TXN-00023479,CTA-283000,CLI-37638,2026-06-18 05:42:00,2521632.26,CRC,deposito,app_movil,SJ-002,Tarjeta Crédito
TXN-00023480,CTA-298932,CLI-26519,2026-06-03 02:27:00,3293778.33,CRC,retiro,app_movil,SJ-001,Préstamo Personal
TXN-00023481,CTA-237369,CLI-46489,2026-06-06 21:15:00,3612594.22,CRC,deposito,sinpe,CA-001,Préstamo Personal
TXN-00023482,CTA-514625,CLI-48152,2026-06-26 10:26:00,2448143.19,CRC,pago,atm,SJ-001,Tarjeta Crédito
TXN-00023483,CTA-712192,CLI-97054,2026-06-07 18:48:00,4131872.41,CRC,comision,sucursal,CA-001,Cuenta Ahorro
TXN-00023484,CTA-382442,CLI-94152,2026-06-04 19:25:00,703365.99,CRC,retiro,atm,SJ-001,Préstamo Hipotecario
TXN-00023485,CTA-813542,CLI-31279,2026-06-29 16:01:00,3065233.27,CRC,pago,sinpe,CA-001,Tarjeta Crédito
TXN-00023486,CTA-708428,CLI-22794,2026-06-21 20:02:00,4225006.15,CRC,deposito,sinpe,HE-001,Préstamo Personal
TXN-00023487,CTA-806154,CLI-24486,2026-06-05 14:45:00,1927109.13,CRC,deposito,sinpe,HE-001,Préstamo Hipotecario
TXN-00023488,CTA-400725,CLI-29745,2026-06-13 19:59:00,727627.35,CRC,retiro,atm,SJ-002,Tarjeta Crédito
TXN-00023489,CTA-232887,CLI-54420,2026-06-13 16:17:00,3639658.94,CRC,deposito,atm,CA-001,Cuenta Ahorro
TXN-00023490,CTA-866963,CLI-45793,2026-06-07 17:11:00,1401273.45,CRC,transferencia,sucursal,LI-002,Préstamo Personal
TXN-00023491,CTA-481828,CLI-67186,2026-06-05 18:50:00,2247522.81,CRC,comision,sucursal,HE-001,Cuenta Ahorro
TXN-00023492,CTA-129197,CLI-52589,2026-06-11 05:43:00,2569958.22,CRC,deposito,web,PU-001,Cuenta Corriente
TXN-00023493,CTA-641623,CLI-61860,2026-06-25 06:19:00,2554747.01,CRC,transferencia,app_movil,HE-001,Préstamo Hipotecario
TXN-00023494,CTA-800449,CLI-38655,2026-06-29 05:15:00,2086147.54,CRC,deposito,sinpe,SJ-002,Cuenta Corriente
TXN-00023495,CTA-383929,CLI-70940,2026-06-17 02:42:00,3886298.15,CRC,deposito,sinpe,LI-001,Tarjeta Crédito
TXN-00023496,CTA-411743,CLI-93942,2026-06-20 22:58:00,1548562.29,CRC,deposito,atm,CA-001,Cuenta Corriente
TXN-00023497,CTA-575515,CLI-18288,2026-06-04 05:52:00,4438649.82,CRC,comision,app_movil,SJ-001,Cuenta Corriente
TXN-00023498,CTA-737479,CLI-61443,2026-06-09 08:07:00,2588266.45,CRC,pago,sinpe,LI-001,Tarjeta Crédito
TXN-00023499,CTA-809029,CLI-78721,2026-06-14 02:14:00,2644986.42,CRC,pago,sinpe,LI-002,Préstamo Hipotecario
TXN-00023500,CTA-108730,CLI-47061,2026-06-16 05:19:00,3619070.22,CRC,transferencia,sinpe,SJ-002,Préstamo Hipotecario
TXN-00023501,CTA-878836,CLI-33420,2026-06-09 21:46:00,2280589.2,CRC,pago,sinpe,SJ-002,Cuenta Ahorro
TXN-00023502,CTA-171115,CLI-88398,2026-06-16 17:53:00,217499.85,CRC,transferencia,atm,AL-001,Cuenta Ahorro
TXN-00023503,CTA-618075,CLI-50139,2026-06-01 01:29:00,2043763.79,CRC,transferencia,sinpe,LI-001,Préstamo Hipotecario
TXN-00023504,CTA-771925,CLI-70627,2026-06-14 18:16:00,1336880.49,CRC,pago,sinpe,CA-001,Tarjeta Crédito
TXN-00023505,CTA-989621,CLI-90995,2026-06-24 14:17:00,1910566.82,CRC,transferencia,sinpe,SJ-002,Cuenta Corriente
TXN-00023506,CTA-248729,CLI-69244,2026-06-24 12:41:00,3039856.69,CRC,comision,sinpe,CA-001,Cuenta Corriente
TXN-00023507,CTA-878223,CLI-93210,2026-06-04 03:55:00,3141409.72,CRC,comision,web,SJ-002,Préstamo Hipotecario
TXN-00023508,CTA-164646,CLI-48612,2026-06-22 20:04:00,4748460.05,CRC,retiro,app_movil,LI-001,Cuenta Ahorro
TXN-00023509,CTA-831238,CLI-56269,2026-06-26 21:26:00,2622980.02,CRC,pago,sucursal,AL-001,Cuenta Corriente
TXN-00023510,CTA-939248,CLI-85665,2026-06-15 06:26:00,2095887.45,CRC,retiro,sinpe,LI-002,Tarjeta Crédito
TXN-00023511,CTA-220364,CLI-72492,2026-06-29 15:49:00,438333.72,CRC,deposito,sucursal,CA-001,Tarjeta Crédito
TXN-00023512,CTA-158028,CLI-21632,2026-06-16 02:57:00,2600523.26,CRC,pago,atm,LI-002,Cuenta Corriente
TXN-00023513,CTA-403226,CLI-38977,2026-06-17 06:28:00,2849541.95,CRC,deposito,web,LI-001,Tarjeta Crédito
TXN-00023514,CTA-607120,CLI-85391,2026-06-13 23:34:00,1829727.32,CRC,pago,sucursal,LI-001,Cuenta Corriente
TXN-00023515,CTA-510041,CLI-53600,2026-06-27 23:01:00,1017948.74,CRC,transferencia,app_movil,CA-001,Préstamo Hipotecario
TXN-00023516,CTA-654394,CLI-13704,2026-06-07 01:51:00,4739837.34,CRC,pago,app_movil,LI-001,Préstamo Hipotecario
TXN-00023517,CTA-617598,CLI-12800,2026-06-07 12:07:00,2447137.21,CRC,pago,app_movil,PU-001,Préstamo Hipotecario
TXN-00023518,CTA-854852,CLI-31166,2026-06-25 04:15:00,906294.08,CRC,pago,app_movil,LI-002,Préstamo Personal
TXN-00023519,CTA-236842,CLI-81336,2026-06-05 20:01:00,1626205.89,CRC,deposito,app_movil,LI-001,Préstamo Personal
TXN-00023520,CTA-140124,CLI-70761,2026-06-29 03:45:00,1464541.63,CRC,comision,sinpe,AL-001,Préstamo Personal
TXN-00023521,CTA-783963,CLI-76083,2026-06-27 01:09:00,2702487.75,CRC,retiro,atm,CA-001,Préstamo Personal
TXN-00023522,CTA-212064,CLI-79276,2026-06-14 06:32:00,976454.14,CRC,transferencia,app_movil,SJ-002,Cuenta Ahorro
TXN-00023523,CTA-571508,CLI-35620,2026-06-08 10:22:00,2330053.73,CRC,transferencia,sucursal,SJ-002,Cuenta Corriente
TXN-00023524,CTA-220142,CLI-26688,2026-06-21 05:22:00,1368418.57,CRC,retiro,web,LI-001,Cuenta Ahorro
TXN-00023525,CTA-162531,CLI-97776,2026-06-25 11:41:00,239234.82,CRC,pago,sucursal,HE-001,Préstamo Hipotecario
TXN-00023526,CTA-754794,CLI-51827,2026-06-26 15:16:00,3450905.8,CRC,retiro,sinpe,PU-001,Cuenta Ahorro
TXN-00023527,CTA-800812,CLI-76638,2026-06-01 00:23:00,3219847.72,CRC,deposito,atm,LI-002,Préstamo Hipotecario
TXN-00023528,CTA-944915,CLI-21434,2026-06-07 09:06:00,1454377.93,CRC,retiro,sucursal,SJ-001,Préstamo Personal
TXN-00023529,CTA-330859,CLI-95411,2026-06-08 19:24:00,4048518.17,CRC,transferencia,app_movil,LI-001,Cuenta Corriente
TXN-00023530,CTA-647909,CLI-15986,2026-06-02 15:08:00,1264566.03,CRC,retiro,atm,LI-002,Préstamo Hipotecario
TXN-00023531,CTA-775013,CLI-19433,2026-06-01 19:55:00,1008994.72,CRC,pago,web,CA-001,Cuenta Corriente
TXN-00023532,CTA-930086,CLI-12710,2026-06-16 16:17:00,4965397.89,CRC,retiro,sinpe,AL-001,Préstamo Personal
TXN-00023533,CTA-646491,CLI-51992,2026-06-26 12:19:00,833119.92,CRC,transferencia,atm,LI-002,Cuenta Ahorro
TXN-00023534,CTA-158445,CLI-32278,2026-06-26 05:29:00,866089.37,CRC,retiro,web,LI-001,Préstamo Personal
TXN-00023535,CTA-825000,CLI-78232,2026-06-13 11:14:00,1362651.08,CRC,transferencia,sucursal,AL-001,Tarjeta Crédito
TXN-00023536,CTA-375747,CLI-95670,2026-06-05 19:24:00,4617133.02,CRC,deposito,sinpe,CA-001,Préstamo Hipotecario
TXN-00023537,CTA-917991,CLI-80666,2026-06-03 06:10:00,2202404.5,CRC,comision,atm,SJ-002,Cuenta Ahorro
TXN-00023538,CTA-781465,CLI-56721,2026-06-25 02:41:00,1136001.51,CRC,retiro,web,CA-001,Tarjeta Crédito
TXN-00023539,CTA-215998,CLI-70358,2026-06-22 08:19:00,3010736.32,CRC,pago,web,SJ-001,Préstamo Hipotecario
TXN-00023540,CTA-561991,CLI-58660,2026-06-02 14:09:00,2371765.74,CRC,retiro,app_movil,PU-001,Cuenta Corriente
TXN-00023541,CTA-214878,CLI-41104,2026-06-01 18:22:00,1248362.28,CRC,retiro,sucursal,SJ-002,Cuenta Corriente
TXN-00023542,CTA-936359,CLI-30191,2026-06-02 10:03:00,1469965.67,CRC,comision,app_movil,AL-001,Préstamo Personal
TXN-00023543,CTA-536238,CLI-17485,2026-06-11 17:39:00,4140749.36,CRC,deposito,app_movil,SJ-001,Cuenta Ahorro
TXN-00023544,CTA-315286,CLI-47700,2026-06-06 17:55:00,360820.29,CRC,pago,sinpe,SJ-001,Cuenta Corriente
TXN-00023545,CTA-133783,CLI-81036,2026-06-13 04:36:00,4071847.44,CRC,transferencia,sucursal,HE-001,Préstamo Personal
TXN-00023546,CTA-483572,CLI-21939,2026-06-09 17:19:00,3399775.78,CRC,pago,app_movil,SJ-002,Préstamo Personal
TXN-00023547,CTA-740407,CLI-43655,2026-06-18 23:39:00,3169537.42,CRC,comision,web,PU-001,Préstamo Hipotecario
TXN-00023548,CTA-350046,CLI-90708,2026-06-18 16:02:00,1307450.91,CRC,retiro,sucursal,SJ-002,Cuenta Ahorro
TXN-00023549,CTA-176096,CLI-70887,2026-06-09 14:40:00,3918238.58,CRC,comision,web,LI-002,Préstamo Personal
TXN-00023550,CTA-557907,CLI-60891,2026-06-14 05:50:00,4206439.51,CRC,deposito,app_movil,CA-001,Cuenta Ahorro
TXN-00023551,CTA-391712,CLI-63648,2026-06-14 11:53:00,3253033.13,CRC,pago,app_movil,PU-001,Cuenta Ahorro
TXN-00023552,CTA-622741,CLI-91336,2026-06-16 19:52:00,983627.43,CRC,pago,atm,SJ-001,Cuenta Ahorro
TXN-00023553,CTA-116627,CLI-37854,2026-06-11 20:30:00,2333762.71,CRC,comision,web,SJ-002,Cuenta Corriente
TXN-00023554,CTA-950426,CLI-68208,2026-06-18 18:27:00,2649144.26,CRC,pago,web,LI-002,Tarjeta Crédito
TXN-00023555,CTA-173172,CLI-43907,2026-06-22 07:46:00,1575842.93,CRC,comision,sinpe,SJ-002,Cuenta Ahorro
TXN-00023556,CTA-962780,CLI-52883,2026-06-06 01:34:00,3444307.61,CRC,comision,app_movil,AL-001,Cuenta Ahorro
TXN-00023557,CTA-263914,CLI-99670,2026-06-29 09:28:00,3537742.63,CRC,retiro,app_movil,AL-001,Cuenta Corriente
TXN-00023558,CTA-480495,CLI-46024,2026-06-03 01:41:00,2127142.83,CRC,pago,sinpe,AL-001,Cuenta Corriente
TXN-00023559,CTA-540362,CLI-92930,2026-06-07 11:56:00,3463337.36,CRC,pago,sinpe,LI-002,Cuenta Ahorro
TXN-00023560,CTA-344440,CLI-11667,2026-06-11 03:12:00,2306394.82,CRC,transferencia,app_movil,HE-001,Cuenta Ahorro
TXN-00023561,CTA-582829,CLI-10496,2026-06-10 18:42:00,3476532.21,CRC,comision,sucursal,CA-001,Cuenta Ahorro
TXN-00023562,CTA-458240,CLI-71001,2026-06-08 21:47:00,1971812.77,CRC,transferencia,sinpe,AL-001,Préstamo Hipotecario
TXN-00023563,CTA-682994,CLI-33346,2026-06-21 03:31:00,1830841.03,CRC,comision,sinpe,PU-001,Tarjeta Crédito
TXN-00023564,CTA-403145,CLI-59226,2026-06-28 10:32:00,940752.94,CRC,retiro,sucursal,PU-001,Préstamo Personal
TXN-00023565,CTA-395473,CLI-21731,2026-06-22 02:54:00,2687531.35,CRC,retiro,sucursal,PU-001,Préstamo Personal
TXN-00023566,CTA-261997,CLI-65140,2026-06-02 09:09:00,1774442.68,CRC,pago,app_movil,AL-001,Cuenta Corriente
TXN-00023567,CTA-361877,CLI-13089,2026-06-03 05:19:00,1615388.0,CRC,pago,sucursal,LI-001,Préstamo Personal
TXN-00023568,CTA-479152,CLI-80534,2026-06-02 10:53:00,4651820.5,CRC,pago,web,CA-001,Préstamo Personal
TXN-00023569,CTA-911126,CLI-49908,2026-06-29 23:38:00,4133649.38,CRC,pago,sucursal,SJ-001,Cuenta Corriente
TXN-00023570,CTA-123282,CLI-35736,2026-06-11 23:31:00,1629419.23,CRC,pago,sinpe,LI-001,Préstamo Hipotecario
TXN-00023571,CTA-277788,CLI-17652,2026-06-26 18:16:00,4779212.59,CRC,deposito,sucursal,SJ-002,Préstamo Hipotecario
TXN-00023572,CTA-485620,CLI-72006,2026-06-08 13:53:00,1027492.86,CRC,retiro,web,LI-001,Cuenta Corriente
TXN-00023573,CTA-175997,CLI-88931,2026-06-03 07:01:00,4832637.77,CRC,deposito,app_movil,SJ-001,Cuenta Ahorro
TXN-00023574,CTA-465395,CLI-48027,2026-06-04 00:17:00,3076823.46,CRC,comision,atm,PU-001,Préstamo Personal
TXN-00023575,CTA-649151,CLI-85368,2026-06-04 03:16:00,228225.46,CRC,transferencia,app_movil,HE-001,Tarjeta Crédito
TXN-00023576,CTA-697763,CLI-14103,2026-06-06 05:22:00,4125823.62,CRC,retiro,atm,SJ-001,Préstamo Personal
TXN-00023577,CTA-369516,CLI-96842,2026-06-11 00:28:00,3767528.17,CRC,comision,web,LI-001,Tarjeta Crédito
TXN-00023578,CTA-285979,CLI-45328,2026-06-24 09:55:00,4178456.41,CRC,retiro,web,HE-001,Tarjeta Crédito
TXN-00023579,CTA-251031,CLI-35978,2026-06-11 17:51:00,27595.69,CRC,pago,app_movil,SJ-001,Préstamo Personal
TXN-00023580,CTA-594573,CLI-97934,2026-06-20 06:26:00,1631346.09,CRC,transferencia,app_movil,LI-001,Cuenta Ahorro
TXN-00023581,CTA-321369,CLI-71198,2026-06-29 23:30:00,1729995.65,CRC,deposito,sinpe,PU-001,Tarjeta Crédito
TXN-00023582,CTA-164896,CLI-45023,2026-06-08 14:15:00,726796.81,CRC,comision,app_movil,HE-001,Tarjeta Crédito
TXN-00023583,CTA-484636,CLI-77340,2026-06-21 01:07:00,2181696.1,CRC,pago,sucursal,SJ-001,Tarjeta Crédito
TXN-00023584,CTA-169125,CLI-38914,2026-06-25 07:37:00,1760377.45,CRC,retiro,app_movil,LI-002,Préstamo Hipotecario
TXN-00023585,CTA-165104,CLI-85013,2026-06-17 18:07:00,4136040.5,CRC,pago,sinpe,SJ-001,Cuenta Ahorro
TXN-00023586,CTA-150823,CLI-70949,2026-06-25 16:30:00,3021922.09,CRC,comision,sinpe,SJ-001,Préstamo Hipotecario
TXN-00023587,CTA-268553,CLI-92210,2026-06-27 07:42:00,1378446.18,CRC,retiro,web,SJ-001,Cuenta Corriente
TXN-00023588,CTA-478957,CLI-21194,2026-06-19 20:59:00,74691.71,CRC,pago,app_movil,HE-001,Cuenta Corriente
TXN-00023589,CTA-825160,CLI-87006,2026-06-15 10:28:00,4643539.32,CRC,retiro,sinpe,SJ-002,Préstamo Personal
TXN-00023590,CTA-556882,CLI-29953,2026-06-19 23:22:00,4283297.25,CRC,retiro,app_movil,PU-001,Préstamo Hipotecario
TXN-00023591,CTA-347116,CLI-94567,2026-06-23 21:18:00,2174360.02,CRC,deposito,atm,HE-001,Préstamo Personal
TXN-00023592,CTA-696145,CLI-73863,2026-06-25 22:53:00,1309107.52,CRC,deposito,app_movil,PU-001,Cuenta Corriente
TXN-00023593,CTA-974051,CLI-45932,2026-06-30 11:05:00,4288107.1,CRC,deposito,sinpe,CA-001,Cuenta Ahorro
TXN-00023594,CTA-952298,CLI-60184,2026-06-23 01:33:00,855330.83,CRC,pago,web,PU-001,Tarjeta Crédito
TXN-00023595,CTA-116702,CLI-88367,2026-06-15 16:12:00,3836595.17,CRC,pago,app_movil,SJ-002,Cuenta Ahorro
TXN-00023596,CTA-779652,CLI-48193,2026-06-10 16:09:00,3468661.24,CRC,retiro,app_movil,CA-001,Préstamo Personal
TXN-00023597,CTA-444131,CLI-43888,2026-06-28 12:46:00,2275406.42,CRC,comision,app_movil,PU-001,Cuenta Corriente
TXN-00023598,CTA-187332,CLI-32053,2026-06-06 21:38:00,991530.72,CRC,deposito,web,HE-001,Tarjeta Crédito
TXN-00023599,CTA-569022,CLI-89417,2026-06-19 07:08:00,2950388.86,CRC,comision,atm,AL-001,Cuenta Ahorro
TXN-00023600,CTA-283653,CLI-94736,2026-06-17 08:03:00,1810462.13,CRC,comision,sinpe,PU-001,Préstamo Personal
TXN-00023601,CTA-207099,CLI-73980,2026-06-02 15:10:00,1686499.79,CRC,pago,sinpe,SJ-001,Cuenta Corriente
TXN-00023602,CTA-259665,CLI-51409,2026-06-14 01:54:00,31179.92,CRC,retiro,sucursal,CA-001,Tarjeta Crédito
TXN-00023603,CTA-105096,CLI-27638,2026-06-26 06:03:00,3275917.49,CRC,transferencia,app_movil,CA-001,Préstamo Hipotecario
TXN-00023604,CTA-452436,CLI-27972,2026-06-24 22:36:00,3377897.34,CRC,retiro,sinpe,SJ-002,Cuenta Ahorro
TXN-00023605,CTA-232916,CLI-37936,2026-06-27 21:16:00,3107480.24,CRC,retiro,sinpe,SJ-001,Cuenta Corriente
TXN-00023606,CTA-337646,CLI-58921,2026-06-23 07:11:00,1577732.68,CRC,deposito,sinpe,LI-001,Préstamo Hipotecario
TXN-00023607,CTA-700229,CLI-38382,2026-06-08 03:28:00,958235.49,CRC,retiro,atm,LI-001,Cuenta Ahorro
TXN-00023608,CTA-228520,CLI-18934,2026-06-05 16:21:00,4821168.82,CRC,pago,app_movil,SJ-002,Tarjeta Crédito
TXN-00023609,CTA-355727,CLI-34173,2026-06-18 12:07:00,1916722.22,CRC,retiro,sucursal,AL-001,Préstamo Hipotecario
TXN-00023610,CTA-698816,CLI-67305,2026-06-25 21:25:00,3168072.49,CRC,comision,sucursal,CA-001,Cuenta Corriente
TXN-00023611,CTA-717779,CLI-77239,2026-06-27 00:34:00,4184194.58,CRC,pago,sucursal,SJ-002,Tarjeta Crédito
TXN-00023612,CTA-416882,CLI-28903,2026-06-18 23:22:00,4430941.18,CRC,transferencia,app_movil,AL-001,Préstamo Personal
TXN-00023613,CTA-364477,CLI-71917,2026-06-23 08:55:00,1728649.66,CRC,deposito,sinpe,CA-001,Cuenta Ahorro
TXN-00023614,CTA-329838,CLI-19156,2026-06-07 23:45:00,929150.06,CRC,transferencia,app_movil,LI-002,Tarjeta Crédito
TXN-00023615,CTA-716515,CLI-71670,2026-06-15 00:14:00,2669021.48,CRC,transferencia,sinpe,CA-001,Préstamo Personal
TXN-00023616,CTA-254303,CLI-71960,2026-06-12 17:04:00,2162518.66,CRC,retiro,app_movil,HE-001,Cuenta Corriente
TXN-00023617,CTA-412465,CLI-27078,2026-06-07 11:06:00,3776562.78,CRC,deposito,web,LI-001,Préstamo Hipotecario
TXN-00023618,CTA-781329,CLI-80206,2026-06-07 18:32:00,1383382.71,CRC,deposito,sinpe,HE-001,Cuenta Ahorro
TXN-00023619,CTA-480824,CLI-45061,2026-06-29 00:58:00,2340650.88,CRC,transferencia,atm,SJ-002,Préstamo Personal
TXN-00023620,CTA-729494,CLI-47233,2026-06-26 14:47:00,1517238.07,CRC,deposito,app_movil,HE-001,Préstamo Personal
TXN-00023621,CTA-338997,CLI-85038,2026-06-21 23:38:00,4052409.03,CRC,retiro,sucursal,AL-001,Préstamo Hipotecario
TXN-00023622,CTA-616527,CLI-89204,2026-06-01 19:54:00,2034358.57,CRC,transferencia,sinpe,SJ-002,Cuenta Ahorro
TXN-00023623,CTA-648676,CLI-84359,2026-06-13 01:48:00,3583141.05,CRC,pago,atm,SJ-001,Préstamo Personal
TXN-00023624,CTA-953023,CLI-22353,2026-06-12 03:21:00,374461.17,CRC,deposito,atm,LI-001,Préstamo Personal
TXN-00023625,CTA-488271,CLI-56637,2026-06-20 02:20:00,1388552.63,CRC,deposito,sinpe,CA-001,Tarjeta Crédito
TXN-00023626,CTA-271574,CLI-81205,2026-06-29 05:30:00,1826663.33,CRC,comision,sinpe,HE-001,Tarjeta Crédito
TXN-00023627,CTA-353682,CLI-26047,2026-06-03 19:41:00,1701939.05,CRC,retiro,sucursal,LI-002,Tarjeta Crédito
TXN-00023628,CTA-420530,CLI-51221,2026-06-06 20:09:00,1946772.42,CRC,deposito,app_movil,AL-001,Préstamo Personal
TXN-00023629,CTA-264944,CLI-18539,2026-06-04 20:44:00,4475976.73,CRC,comision,app_movil,LI-001,Préstamo Personal
TXN-00023630,CTA-508565,CLI-98432,2026-06-07 03:29:00,3693160.36,CRC,comision,web,SJ-002,Tarjeta Crédito
TXN-00023631,CTA-782640,CLI-85959,2026-06-12 00:10:00,3393135.04,CRC,retiro,app_movil,SJ-002,Tarjeta Crédito
TXN-00023632,CTA-634712,CLI-35919,2026-06-04 22:00:00,3438783.78,CRC,deposito,sinpe,LI-001,Préstamo Hipotecario
TXN-00023633,CTA-436714,CLI-46867,2026-06-30 08:37:00,507589.5,CRC,retiro,app_movil,PU-001,Préstamo Personal
TXN-00023634,CTA-782968,CLI-73817,2026-06-01 11:53:00,4965033.87,CRC,comision,sinpe,PU-001,Cuenta Corriente
TXN-00023635,CTA-357823,CLI-31129,2026-06-23 05:33:00,2950086.44,CRC,retiro,web,AL-001,Préstamo Hipotecario
TXN-00023636,CTA-639969,CLI-12238,2026-06-27 04:42:00,4258804.35,CRC,deposito,app_movil,HE-001,Cuenta Ahorro
TXN-00023637,CTA-920267,CLI-53817,2026-06-13 15:42:00,365584.98,CRC,pago,sucursal,LI-002,Préstamo Hipotecario
TXN-00023638,CTA-868868,CLI-18488,2026-06-02 09:40:00,4014708.81,CRC,pago,web,SJ-002,Préstamo Personal
TXN-00023639,CTA-267214,CLI-25642,2026-06-11 01:26:00,2109872.36,CRC,deposito,sinpe,SJ-002,Tarjeta Crédito
TXN-00023640,CTA-275628,CLI-77014,2026-06-30 19:05:00,3024071.8,CRC,deposito,sinpe,SJ-002,Cuenta Ahorro
TXN-00023641,CTA-407727,CLI-49423,2026-06-28 01:17:00,10193.41,CRC,comision,web,PU-001,Cuenta Ahorro
TXN-00023642,CTA-294376,CLI-56807,2026-06-05 10:59:00,60641.98,CRC,pago,app_movil,SJ-002,Préstamo Personal
TXN-00023643,CTA-443287,CLI-37279,2026-06-09 10:49:00,251251.2,CRC,pago,sucursal,SJ-002,Préstamo Hipotecario
TXN-00023644,CTA-404753,CLI-65416,2026-06-30 10:13:00,3303111.72,CRC,comision,web,LI-001,Préstamo Personal
TXN-00023645,CTA-348278,CLI-12601,2026-06-16 03:10:00,1730519.2,CRC,pago,app_movil,HE-001,Préstamo Personal
TXN-00023646,CTA-701516,CLI-35087,2026-06-12 11:52:00,3046839.35,CRC,retiro,atm,HE-001,Cuenta Corriente
TXN-00023647,CTA-240088,CLI-64825,2026-06-20 20:40:00,2143781.69,CRC,pago,app_movil,SJ-002,Cuenta Ahorro
TXN-00023648,CTA-786352,CLI-44251,2026-06-02 23:28:00,4031633.99,CRC,comision,atm,HE-001,Cuenta Corriente
TXN-00023649,CTA-522585,CLI-77032,2026-06-03 11:52:00,454884.72,CRC,transferencia,web,CA-001,Préstamo Personal
TXN-00023650,CTA-402150,CLI-93532,2026-06-28 17:27:00,662864.3,CRC,transferencia,app_movil,LI-002,Cuenta Ahorro
TXN-00023651,CTA-329737,CLI-93617,2026-06-29 07:13:00,4639495.62,CRC,retiro,web,AL-001,Préstamo Hipotecario
TXN-00023652,CTA-447858,CLI-77252,2026-06-26 02:37:00,4306227.5,CRC,deposito,atm,LI-002,Tarjeta Crédito
TXN-00023653,CTA-551780,CLI-49827,2026-06-16 10:41:00,4643829.31,CRC,retiro,atm,SJ-001,Préstamo Hipotecario
TXN-00023654,CTA-218889,CLI-16216,2026-06-08 10:15:00,4079933.2,CRC,transferencia,app_movil,LI-001,Préstamo Hipotecario
TXN-00023655,CTA-273404,CLI-61119,2026-06-02 22:52:00,3302324.11,CRC,transferencia,atm,PU-001,Préstamo Hipotecario
TXN-00023656,CTA-865584,CLI-22693,2026-06-22 22:14:00,2886576.4,CRC,retiro,sucursal,LI-002,Préstamo Hipotecario
TXN-00023657,CTA-687798,CLI-47475,2026-06-27 11:28:00,419371.49,CRC,transferencia,sinpe,CA-001,Cuenta Ahorro
TXN-00023658,CTA-325130,CLI-37357,2026-06-05 21:20:00,4020841.02,CRC,deposito,app_movil,HE-001,Préstamo Personal
TXN-00023659,CTA-423294,CLI-79549,2026-06-17 01:45:00,1465238.96,CRC,pago,app_movil,SJ-002,Préstamo Hipotecario
TXN-00023660,CTA-895875,CLI-65280,2026-06-23 15:50:00,551090.16,CRC,pago,atm,HE-001,Préstamo Personal
TXN-00023661,CTA-677781,CLI-14355,2026-06-08 20:16:00,136875.13,CRC,retiro,web,SJ-002,Préstamo Personal
TXN-00023662,CTA-610333,CLI-78988,2026-06-30 00:35:00,1715156.3,CRC,deposito,atm,HE-001,Tarjeta Crédito
TXN-00023663,CTA-678574,CLI-34832,2026-06-23 04:00:00,2352018.3,CRC,deposito,app_movil,LI-001,Préstamo Personal
TXN-00023664,CTA-944909,CLI-69113,2026-06-01 15:44:00,335382.46,CRC,transferencia,atm,HE-001,Cuenta Ahorro
TXN-00023665,CTA-694443,CLI-14774,2026-06-22 06:26:00,3982329.15,CRC,comision,sinpe,AL-001,Préstamo Personal
TXN-00023666,CTA-423909,CLI-68087,2026-06-22 20:45:00,243640.45,CRC,comision,sinpe,SJ-001,Cuenta Ahorro
TXN-00023667,CTA-368095,CLI-39642,2026-06-03 01:42:00,4417442.77,CRC,transferencia,web,SJ-002,Préstamo Hipotecario
TXN-00023668,CTA-956169,CLI-90456,2026-06-15 05:07:00,1144160.6,CRC,deposito,sinpe,PU-001,Cuenta Ahorro
TXN-00023669,CTA-371693,CLI-76250,2026-06-29 11:03:00,476559.41,CRC,pago,atm,LI-001,Préstamo Personal
TXN-00023670,CTA-322027,CLI-47910,2026-06-08 06:24:00,2246824.06,CRC,comision,atm,PU-001,Cuenta Ahorro
TXN-00023671,CTA-531264,CLI-21645,2026-06-17 13:35:00,1047075.6,CRC,pago,web,CA-001,Cuenta Corriente
TXN-00023672,CTA-787891,CLI-22808,2026-06-09 11:26:00,3799879.08,CRC,retiro,app_movil,SJ-002,Cuenta Corriente
TXN-00023673,CTA-305880,CLI-10765,2026-06-03 09:50:00,330775.89,CRC,retiro,app_movil,LI-001,Préstamo Personal
TXN-00023674,CTA-203683,CLI-50393,2026-06-10 05:54:00,1777653.46,CRC,comision,sucursal,AL-001,Cuenta Ahorro
TXN-00023675,CTA-766486,CLI-49616,2026-06-29 17:16:00,2187642.09,CRC,comision,web,CA-001,Préstamo Hipotecario
TXN-00023676,CTA-983668,CLI-26069,2026-06-05 05:52:00,4303284.06,CRC,deposito,web,SJ-001,Préstamo Hipotecario
TXN-00023677,CTA-550453,CLI-26126,2026-06-20 14:10:00,1650356.57,CRC,retiro,sucursal,SJ-001,Tarjeta Crédito
TXN-00023678,CTA-224852,CLI-87785,2026-06-15 07:14:00,1369952.33,CRC,pago,sucursal,HE-001,Tarjeta Crédito
TXN-00023679,CTA-153550,CLI-41885,2026-06-27 18:29:00,4081450.55,CRC,comision,atm,LI-001,Cuenta Ahorro
TXN-00023680,CTA-830960,CLI-93336,2026-06-16 00:47:00,2350103.33,CRC,transferencia,atm,CA-001,Préstamo Hipotecario
TXN-00023681,CTA-610228,CLI-47174,2026-06-05 20:48:00,790212.02,CRC,deposito,web,LI-002,Cuenta Corriente
TXN-00023682,CTA-143954,CLI-12422,2026-06-19 23:53:00,1858917.39,CRC,deposito,app_movil,PU-001,Préstamo Personal
TXN-00023683,CTA-406608,CLI-87410,2026-06-06 11:55:00,1598028.65,CRC,comision,web,LI-002,Préstamo Hipotecario
TXN-00023684,CTA-801322,CLI-50305,2026-06-10 00:58:00,1986152.72,CRC,transferencia,sucursal,SJ-001,Préstamo Personal
TXN-00023685,CTA-400982,CLI-15504,2026-06-03 17:20:00,2808968.15,CRC,deposito,app_movil,LI-002,Préstamo Hipotecario
TXN-00023686,CTA-815064,CLI-53844,2026-06-25 08:27:00,887802.96,CRC,pago,app_movil,HE-001,Cuenta Corriente
TXN-00023687,CTA-789599,CLI-31492,2026-06-23 04:30:00,424194.66,CRC,comision,sucursal,CA-001,Tarjeta Crédito
TXN-00023688,CTA-223503,CLI-42401,2026-06-01 16:23:00,736903.58,CRC,retiro,app_movil,PU-001,Cuenta Corriente
TXN-00023689,CTA-356035,CLI-45167,2026-06-15 05:05:00,400418.87,CRC,deposito,atm,AL-001,Préstamo Hipotecario
TXN-00023690,CTA-116768,CLI-93381,2026-06-07 17:56:00,4526400.13,CRC,pago,atm,PU-001,Préstamo Personal
TXN-00023691,CTA-504936,CLI-50942,2026-06-21 09:01:00,4203433.96,CRC,deposito,web,HE-001,Préstamo Personal
TXN-00023692,CTA-690956,CLI-82734,2026-06-09 06:25:00,2597976.0,CRC,transferencia,sucursal,CA-001,Préstamo Personal
TXN-00023693,CTA-295008,CLI-58739,2026-06-30 05:11:00,2909683.06,CRC,transferencia,sinpe,CA-001,Cuenta Ahorro
TXN-00023694,CTA-514348,CLI-79119,2026-06-26 12:02:00,2470675.36,CRC,transferencia,web,LI-001,Cuenta Ahorro
TXN-00023695,CTA-356983,CLI-75693,2026-06-16 16:42:00,1842341.09,CRC,transferencia,web,HE-001,Préstamo Hipotecario
TXN-00023696,CTA-657277,CLI-36933,2026-06-30 04:33:00,2664980.25,CRC,pago,sucursal,SJ-002,Préstamo Hipotecario
TXN-00023697,CTA-185267,CLI-94611,2026-06-07 10:29:00,2102399.25,CRC,pago,sucursal,SJ-001,Cuenta Corriente
TXN-00023698,CTA-335209,CLI-55642,2026-06-21 06:49:00,4930804.13,CRC,pago,app_movil,AL-001,Tarjeta Crédito
TXN-00023699,CTA-378587,CLI-92864,2026-06-30 18:28:00,1140392.11,CRC,deposito,sucursal,PU-001,Cuenta Ahorro
TXN-00023700,CTA-323676,CLI-13168,2026-06-22 10:31:00,607103.95,CRC,pago,atm,HE-001,Tarjeta Crédito
TXN-00023701,CTA-692347,CLI-36756,2026-06-18 12:01:00,1302495.06,CRC,transferencia,atm,LI-001,Cuenta Corriente
TXN-00023702,CTA-471735,CLI-65180,2026-06-22 10:43:00,4881563.49,CRC,deposito,app_movil,CA-001,Cuenta Ahorro
TXN-00023703,CTA-457673,CLI-29710,2026-06-07 23:25:00,3755407.85,CRC,deposito,sucursal,CA-001,Cuenta Ahorro
TXN-00023704,CTA-790186,CLI-64023,2026-06-01 17:51:00,2542429.89,CRC,deposito,atm,HE-001,Cuenta Ahorro
TXN-00023705,CTA-468333,CLI-48598,2026-06-13 17:05:00,815580.25,CRC,pago,web,AL-001,Préstamo Hipotecario
TXN-00023706,CTA-675580,CLI-44783,2026-06-04 19:16:00,1456211.7,CRC,deposito,sucursal,LI-002,Préstamo Personal
TXN-00023707,CTA-675145,CLI-33859,2026-06-15 00:16:00,3811375.6,CRC,retiro,atm,CA-001,Préstamo Hipotecario
TXN-00023708,CTA-754088,CLI-96643,2026-06-25 07:50:00,515277.11,CRC,transferencia,sinpe,PU-001,Cuenta Ahorro
TXN-00023709,CTA-654640,CLI-44055,2026-06-30 16:28:00,2180492.43,CRC,transferencia,web,AL-001,Cuenta Ahorro
TXN-00023710,CTA-158937,CLI-56489,2026-06-28 16:21:00,2398754.85,CRC,transferencia,app_movil,LI-002,Cuenta Corriente
TXN-00023711,CTA-789792,CLI-97430,2026-06-12 20:58:00,4534551.49,CRC,comision,sucursal,LI-001,Préstamo Hipotecario
TXN-00023712,CTA-667000,CLI-44865,2026-06-06 02:44:00,2244635.79,CRC,pago,sucursal,PU-001,Préstamo Personal
TXN-00023713,CTA-786843,CLI-27148,2026-06-18 08:23:00,3308299.85,CRC,retiro,atm,LI-001,Tarjeta Crédito
TXN-00023714,CTA-309026,CLI-41586,2026-06-06 11:47:00,3376999.28,CRC,retiro,sucursal,CA-001,Préstamo Personal
TXN-00023715,CTA-787688,CLI-30015,2026-06-02 11:20:00,977426.62,CRC,transferencia,sinpe,HE-001,Préstamo Hipotecario
TXN-00023716,CTA-957840,CLI-36574,2026-06-13 12:35:00,3168129.33,CRC,retiro,atm,CA-001,Préstamo Hipotecario
TXN-00023717,CTA-712353,CLI-74070,2026-06-21 02:36:00,4046511.2,CRC,deposito,web,SJ-001,Préstamo Hipotecario
TXN-00023718,CTA-581111,CLI-36278,2026-06-26 08:59:00,1617518.15,CRC,retiro,web,AL-001,Préstamo Personal
TXN-00023719,CTA-409381,CLI-59441,2026-06-04 23:32:00,2505858.11,CRC,transferencia,sinpe,CA-001,Tarjeta Crédito
TXN-00023720,CTA-624679,CLI-22133,2026-06-14 14:45:00,2135126.35,CRC,pago,atm,LI-001,Cuenta Ahorro
TXN-00023721,CTA-286927,CLI-31717,2026-06-02 04:48:00,1356214.01,CRC,comision,web,PU-001,Cuenta Corriente
TXN-00023722,CTA-290902,CLI-40070,2026-06-08 11:12:00,4907152.68,CRC,comision,web,LI-001,Préstamo Hipotecario
TXN-00023723,CTA-364259,CLI-69955,2026-06-26 06:15:00,1098299.88,CRC,comision,sinpe,PU-001,Tarjeta Crédito
TXN-00023724,CTA-660640,CLI-55020,2026-06-18 18:03:00,2824477.41,CRC,deposito,atm,HE-001,Préstamo Personal
TXN-00023725,CTA-541822,CLI-21653,2026-06-10 18:57:00,2848350.6,CRC,retiro,app_movil,CA-001,Préstamo Personal
TXN-00023726,CTA-436566,CLI-86968,2026-06-02 00:58:00,1601181.18,CRC,retiro,atm,PU-001,Cuenta Ahorro
TXN-00023727,CTA-805194,CLI-46542,2026-06-30 06:21:00,2333902.17,CRC,comision,atm,PU-001,Cuenta Ahorro
TXN-00023728,CTA-502476,CLI-22349,2026-06-25 15:54:00,4698665.27,CRC,pago,atm,SJ-001,Cuenta Corriente
TXN-00023729,CTA-139720,CLI-34663,2026-06-22 09:27:00,2415644.21,CRC,deposito,web,AL-001,Préstamo Hipotecario
TXN-00023730,CTA-349628,CLI-96053,2026-06-10 00:17:00,2996185.54,CRC,deposito,sucursal,SJ-001,Préstamo Hipotecario
TXN-00023731,CTA-515188,CLI-85311,2026-06-27 17:32:00,605480.17,CRC,comision,sucursal,LI-002,Cuenta Corriente
TXN-00023732,CTA-691722,CLI-91836,2026-06-13 17:13:00,4153244.49,CRC,retiro,sucursal,AL-001,Préstamo Hipotecario
TXN-00023733,CTA-444775,CLI-54788,2026-06-23 01:02:00,1369931.68,CRC,comision,web,HE-001,Cuenta Corriente
TXN-00023734,CTA-390957,CLI-81540,2026-06-30 16:35:00,3316587.41,CRC,deposito,web,SJ-002,Tarjeta Crédito
TXN-00023735,CTA-388301,CLI-74819,2026-06-04 12:40:00,3672261.76,CRC,deposito,web,LI-001,Préstamo Personal
TXN-00023736,CTA-216039,CLI-61496,2026-06-11 13:40:00,3318779.55,CRC,pago,web,AL-001,Préstamo Personal
TXN-00023737,CTA-631861,CLI-92407,2026-06-26 07:51:00,3825377.83,CRC,deposito,sucursal,AL-001,Préstamo Hipotecario
TXN-00023738,CTA-510575,CLI-81754,2026-06-19 10:49:00,719600.73,CRC,transferencia,sucursal,LI-001,Préstamo Hipotecario
TXN-00023739,CTA-462262,CLI-30070,2026-06-08 21:07:00,2301150.64,CRC,retiro,app_movil,SJ-002,Cuenta Ahorro
TXN-00023740,CTA-689410,CLI-65787,2026-06-08 14:06:00,3338832.3,CRC,transferencia,app_movil,AL-001,Tarjeta Crédito
TXN-00023741,CTA-894344,CLI-19852,2026-06-18 18:32:00,2745861.14,CRC,deposito,app_movil,AL-001,Cuenta Ahorro
TXN-00023742,CTA-984868,CLI-27529,2026-06-05 13:57:00,4685325.83,CRC,retiro,sucursal,LI-001,Cuenta Corriente
TXN-00023743,CTA-494773,CLI-22699,2026-06-10 12:09:00,96781.06,CRC,retiro,sinpe,HE-001,Tarjeta Crédito
TXN-00023744,CTA-570761,CLI-24163,2026-06-25 12:28:00,1625202.15,CRC,retiro,sinpe,AL-001,Préstamo Hipotecario
TXN-00023745,CTA-407784,CLI-17967,2026-06-26 11:34:00,1243844.28,CRC,transferencia,app_movil,PU-001,Préstamo Hipotecario
TXN-00023746,CTA-572928,CLI-62836,2026-06-28 10:24:00,2454243.96,CRC,transferencia,sucursal,HE-001,Tarjeta Crédito
TXN-00023747,CTA-753293,CLI-14925,2026-06-27 08:05:00,4204463.24,CRC,comision,sinpe,LI-001,Préstamo Personal
TXN-00023748,CTA-584023,CLI-87321,2026-06-28 17:58:00,951061.44,CRC,deposito,atm,CA-001,Préstamo Personal
TXN-00023749,CTA-759532,CLI-35187,2026-06-21 19:02:00,3139270.07,CRC,pago,sucursal,HE-001,Cuenta Corriente
TXN-00023750,CTA-177758,CLI-55886,2026-06-27 21:41:00,1772133.32,CRC,pago,sucursal,AL-001,Tarjeta Crédito
TXN-00023751,CTA-638736,CLI-54892,2026-06-26 06:39:00,215558.66,CRC,deposito,app_movil,AL-001,Préstamo Personal
TXN-00023752,CTA-489723,CLI-32002,2026-06-13 02:18:00,118805.34,CRC,deposito,web,LI-002,Cuenta Ahorro
TXN-00023753,CTA-975583,CLI-75830,2026-06-20 02:06:00,457658.44,CRC,comision,app_movil,AL-001,Cuenta Corriente
TXN-00023754,CTA-591592,CLI-78875,2026-06-08 15:14:00,2475207.82,CRC,comision,web,CA-001,Cuenta Corriente
TXN-00023755,CTA-525090,CLI-90379,2026-06-09 06:28:00,456732.58,CRC,comision,app_movil,HE-001,Tarjeta Crédito
TXN-00023756,CTA-626342,CLI-12995,2026-06-08 19:59:00,2469365.3,CRC,transferencia,sucursal,LI-002,Cuenta Corriente
TXN-00023757,CTA-874854,CLI-76085,2026-06-27 00:25:00,2504643.21,CRC,transferencia,sucursal,HE-001,Cuenta Ahorro
TXN-00023758,CTA-372714,CLI-87603,2026-06-12 02:13:00,4381744.58,CRC,deposito,web,LI-002,Préstamo Personal
TXN-00023759,CTA-741716,CLI-55143,2026-06-28 08:31:00,2695749.58,CRC,transferencia,sucursal,AL-001,Cuenta Corriente
TXN-00023760,CTA-297050,CLI-50356,2026-06-16 06:02:00,1816594.98,CRC,deposito,web,LI-001,Préstamo Personal
TXN-00023761,CTA-705132,CLI-83458,2026-06-17 14:23:00,4249866.06,CRC,pago,sinpe,HE-001,Cuenta Ahorro
TXN-00023762,CTA-949458,CLI-13515,2026-06-10 04:19:00,2646261.33,CRC,deposito,atm,SJ-002,Cuenta Ahorro
TXN-00023763,CTA-164258,CLI-29073,2026-06-05 15:04:00,474808.48,CRC,pago,web,PU-001,Cuenta Corriente
TXN-00023764,CTA-135485,CLI-22230,2026-06-23 20:42:00,1430317.9,CRC,pago,sucursal,PU-001,Préstamo Hipotecario
TXN-00023765,CTA-269377,CLI-58588,2026-06-28 12:33:00,4269174.25,CRC,transferencia,atm,HE-001,Cuenta Ahorro
TXN-00023766,CTA-152978,CLI-82967,2026-06-09 10:04:00,4128942.47,CRC,pago,atm,LI-001,Cuenta Ahorro
TXN-00023767,CTA-292202,CLI-39052,2026-06-15 09:06:00,2717137.68,CRC,pago,app_movil,AL-001,Cuenta Ahorro
TXN-00023768,CTA-904667,CLI-32317,2026-06-01 04:15:00,4985097.62,CRC,transferencia,web,PU-001,Tarjeta Crédito
TXN-00023769,CTA-832237,CLI-93999,2026-06-19 16:03:00,1239844.59,CRC,retiro,web,PU-001,Préstamo Hipotecario
TXN-00023770,CTA-349508,CLI-15807,2026-06-07 14:56:00,902796.27,CRC,retiro,sinpe,SJ-002,Préstamo Personal
TXN-00023771,CTA-380276,CLI-62213,2026-06-14 08:46:00,3699760.39,CRC,transferencia,app_movil,SJ-002,Préstamo Hipotecario
TXN-00023772,CTA-108458,CLI-41111,2026-06-11 17:35:00,771241.88,CRC,retiro,atm,LI-001,Tarjeta Crédito
TXN-00023773,CTA-999523,CLI-65914,2026-06-19 21:21:00,1206356.19,CRC,deposito,sinpe,SJ-001,Préstamo Hipotecario
TXN-00023774,CTA-194539,CLI-82663,2026-06-14 22:58:00,2993910.89,CRC,deposito,sucursal,HE-001,Préstamo Hipotecario
TXN-00023775,CTA-891546,CLI-16740,2026-06-18 23:13:00,647077.19,CRC,transferencia,app_movil,CA-001,Tarjeta Crédito
TXN-00023776,CTA-539768,CLI-28380,2026-06-19 03:54:00,1819168.07,CRC,deposito,sinpe,CA-001,Cuenta Ahorro
TXN-00023777,CTA-140415,CLI-87103,2026-06-22 09:00:00,2224509.59,CRC,deposito,app_movil,HE-001,Tarjeta Crédito
TXN-00023778,CTA-873463,CLI-27546,2026-06-10 01:18:00,833873.56,CRC,deposito,app_movil,PU-001,Préstamo Personal
TXN-00023779,CTA-926623,CLI-93195,2026-06-18 01:02:00,3042383.73,CRC,retiro,atm,SJ-002,Préstamo Hipotecario
TXN-00023780,CTA-253665,CLI-78613,2026-06-19 19:35:00,4380043.39,CRC,retiro,sucursal,SJ-001,Préstamo Personal
TXN-00023781,CTA-859657,CLI-91627,2026-06-28 08:37:00,4817114.61,CRC,pago,web,SJ-001,Préstamo Hipotecario
TXN-00023782,CTA-756580,CLI-80530,2026-06-17 08:06:00,571392.23,CRC,deposito,app_movil,AL-001,Tarjeta Crédito
TXN-00023783,CTA-670062,CLI-86594,2026-06-23 18:11:00,720997.87,CRC,comision,sinpe,LI-002,Préstamo Hipotecario
TXN-00023784,CTA-345321,CLI-82344,2026-06-11 08:00:00,2335742.16,CRC,transferencia,web,LI-002,Préstamo Hipotecario
TXN-00023785,CTA-784341,CLI-53477,2026-06-12 11:03:00,4601162.24,CRC,transferencia,sinpe,CA-001,Préstamo Personal
TXN-00023786,CTA-869107,CLI-98803,2026-06-09 23:29:00,2068260.69,CRC,transferencia,app_movil,LI-001,Préstamo Personal
TXN-00023787,CTA-889469,CLI-63685,2026-06-03 09:51:00,216597.84,CRC,transferencia,sucursal,PU-001,Préstamo Hipotecario
TXN-00023788,CTA-766945,CLI-47135,2026-06-15 23:09:00,4918805.83,CRC,deposito,sinpe,AL-001,Cuenta Corriente
TXN-00023789,CTA-432172,CLI-21432,2026-06-17 17:43:00,2778523.56,CRC,transferencia,app_movil,LI-002,Préstamo Personal
TXN-00023790,CTA-999479,CLI-19434,2026-06-12 18:09:00,308366.85,CRC,deposito,app_movil,PU-001,Préstamo Hipotecario
TXN-00023791,CTA-738669,CLI-93764,2026-06-13 18:34:00,4876500.98,CRC,retiro,atm,SJ-002,Préstamo Hipotecario
TXN-00023792,CTA-694110,CLI-33476,2026-06-19 14:54:00,2300911.3,CRC,deposito,app_movil,SJ-002,Préstamo Personal
TXN-00023793,CTA-648599,CLI-32916,2026-06-23 04:34:00,4133691.75,CRC,retiro,sucursal,PU-001,Tarjeta Crédito
TXN-00023794,CTA-426600,CLI-12151,2026-06-01 02:09:00,4376618.5,CRC,comision,web,LI-002,Tarjeta Crédito
TXN-00023795,CTA-772714,CLI-85436,2026-06-26 16:55:00,1098055.76,CRC,retiro,app_movil,AL-001,Cuenta Corriente
TXN-00023796,CTA-579826,CLI-79632,2026-06-20 05:24:00,1295467.56,CRC,pago,sinpe,LI-002,Préstamo Hipotecario
TXN-00023797,CTA-946587,CLI-63088,2026-06-03 07:57:00,763890.14,CRC,retiro,sinpe,CA-001,Préstamo Personal
TXN-00023798,CTA-924083,CLI-37766,2026-06-02 10:47:00,4726392.79,CRC,pago,sucursal,HE-001,Tarjeta Crédito
TXN-00023799,CTA-845766,CLI-99376,2026-06-03 22:31:00,2035805.12,CRC,pago,sinpe,AL-001,Cuenta Ahorro
TXN-00023800,CTA-676027,CLI-52073,2026-06-14 05:25:00,4144393.81,CRC,deposito,app_movil,PU-001,Préstamo Personal
TXN-00023801,CTA-106759,CLI-33963,2026-06-23 21:29:00,3715069.14,CRC,pago,web,SJ-002,Tarjeta Crédito
TXN-00023802,CTA-349361,CLI-87146,2026-06-27 03:43:00,2584207.93,CRC,pago,web,HE-001,Préstamo Personal
TXN-00023803,CTA-150424,CLI-80255,2026-06-09 19:01:00,1540089.08,CRC,deposito,atm,AL-001,Tarjeta Crédito
TXN-00023804,CTA-709126,CLI-86021,2026-06-27 23:23:00,2682392.23,CRC,deposito,web,PU-001,Tarjeta Crédito
TXN-00023805,CTA-762695,CLI-26709,2026-06-04 08:12:00,2902056.16,CRC,deposito,app_movil,AL-001,Cuenta Corriente
TXN-00023806,CTA-899185,CLI-57752,2026-06-08 00:20:00,4273082.68,CRC,retiro,sucursal,LI-001,Cuenta Corriente
TXN-00023807,CTA-847117,CLI-54231,2026-06-03 21:39:00,786105.32,CRC,transferencia,sucursal,SJ-002,Préstamo Hipotecario
TXN-00023808,CTA-718556,CLI-99616,2026-06-07 08:03:00,2243840.31,CRC,deposito,app_movil,LI-002,Tarjeta Crédito
TXN-00023809,CTA-596358,CLI-25825,2026-06-26 15:30:00,4677990.64,CRC,retiro,app_movil,PU-001,Cuenta Ahorro
TXN-00023810,CTA-811197,CLI-62297,2026-06-12 04:22:00,1571997.61,CRC,retiro,app_movil,AL-001,Préstamo Hipotecario
TXN-00023811,CTA-599328,CLI-94873,2026-06-24 07:19:00,4096201.28,CRC,deposito,app_movil,PU-001,Préstamo Hipotecario
TXN-00023812,CTA-122334,CLI-50414,2026-06-22 00:44:00,4618308.23,CRC,pago,sucursal,AL-001,Cuenta Corriente
TXN-00023813,CTA-246323,CLI-74470,2026-06-29 11:47:00,3163701.07,CRC,retiro,web,PU-001,Cuenta Ahorro
TXN-00023814,CTA-194950,CLI-35477,2026-06-07 06:39:00,1429828.9,CRC,retiro,sucursal,CA-001,Cuenta Ahorro
TXN-00023815,CTA-351204,CLI-27164,2026-06-23 08:40:00,4749122.11,CRC,comision,sinpe,LI-002,Cuenta Corriente
TXN-00023816,CTA-175396,CLI-83570,2026-06-15 10:08:00,2699816.3,CRC,pago,sucursal,LI-001,Tarjeta Crédito
TXN-00023817,CTA-916041,CLI-73058,2026-06-12 00:24:00,4703258.27,CRC,comision,app_movil,CA-001,Préstamo Hipotecario
TXN-00023818,CTA-683375,CLI-86292,2026-06-19 10:05:00,1687534.06,CRC,deposito,sinpe,SJ-001,Préstamo Hipotecario
TXN-00023819,CTA-129648,CLI-40114,2026-06-23 07:32:00,4535616.73,CRC,pago,app_movil,SJ-001,Préstamo Hipotecario
TXN-00023820,CTA-355211,CLI-14797,2026-06-06 08:04:00,4150529.35,CRC,transferencia,web,CA-001,Préstamo Hipotecario
TXN-00023821,CTA-294869,CLI-17398,2026-06-15 00:30:00,2148487.55,CRC,deposito,app_movil,SJ-001,Cuenta Corriente
TXN-00023822,CTA-884291,CLI-53819,2026-06-17 09:51:00,4238932.99,CRC,transferencia,sucursal,AL-001,Cuenta Ahorro
TXN-00023823,CTA-405438,CLI-55138,2026-06-17 12:32:00,1410185.77,CRC,pago,web,AL-001,Tarjeta Crédito
TXN-00023824,CTA-323922,CLI-90857,2026-06-13 08:15:00,4149011.3,CRC,deposito,sinpe,SJ-002,Cuenta Ahorro
TXN-00023825,CTA-416842,CLI-67570,2026-06-17 23:17:00,99416.27,CRC,deposito,atm,SJ-001,Cuenta Ahorro
TXN-00023826,CTA-867682,CLI-51127,2026-06-29 22:52:00,1010855.2,CRC,pago,web,AL-001,Préstamo Hipotecario
TXN-00023827,CTA-762046,CLI-10216,2026-06-27 12:44:00,2928979.61,CRC,pago,sinpe,HE-001,Cuenta Corriente
TXN-00023828,CTA-640800,CLI-71130,2026-06-20 18:21:00,3079879.05,CRC,retiro,web,SJ-002,Cuenta Ahorro
TXN-00023829,CTA-740719,CLI-42867,2026-06-13 20:16:00,2031763.67,CRC,transferencia,sucursal,SJ-002,Cuenta Ahorro
TXN-00023830,CTA-357109,CLI-76729,2026-06-06 09:16:00,2310167.63,CRC,deposito,web,AL-001,Préstamo Hipotecario
TXN-00023831,CTA-218252,CLI-98794,2026-06-09 11:14:00,4976576.5,CRC,comision,atm,SJ-002,Préstamo Personal
TXN-00023832,CTA-483587,CLI-43589,2026-06-10 12:09:00,3720243.1,CRC,pago,web,HE-001,Cuenta Corriente
TXN-00023833,CTA-575701,CLI-34262,2026-06-12 11:26:00,2842818.61,CRC,comision,app_movil,SJ-002,Tarjeta Crédito
TXN-00023834,CTA-862922,CLI-84737,2026-06-02 03:03:00,189816.92,CRC,pago,atm,LI-002,Cuenta Ahorro
TXN-00023835,CTA-211734,CLI-69786,2026-06-01 12:34:00,4588841.15,CRC,transferencia,atm,PU-001,Cuenta Corriente
TXN-00023836,CTA-319591,CLI-86483,2026-06-12 23:45:00,4281193.51,CRC,pago,sucursal,LI-002,Cuenta Corriente
TXN-00023837,CTA-375817,CLI-55095,2026-06-24 23:49:00,875173.49,CRC,comision,web,PU-001,Cuenta Ahorro
TXN-00023838,CTA-831240,CLI-61198,2026-06-20 23:41:00,46969.02,CRC,pago,web,AL-001,Cuenta Ahorro
TXN-00023839,CTA-195233,CLI-89878,2026-06-16 09:03:00,4525435.64,CRC,retiro,app_movil,LI-001,Cuenta Corriente
TXN-00023840,CTA-163365,CLI-14630,2026-06-26 15:43:00,4288686.95,CRC,deposito,sinpe,AL-001,Tarjeta Crédito
TXN-00023841,CTA-435181,CLI-22761,2026-06-01 10:28:00,309362.55,CRC,transferencia,web,CA-001,Préstamo Personal
TXN-00023842,CTA-446325,CLI-57043,2026-06-06 10:03:00,2702995.3,CRC,transferencia,sucursal,SJ-001,Cuenta Corriente
TXN-00023843,CTA-457309,CLI-54816,2026-06-22 08:31:00,2423640.26,CRC,retiro,sucursal,SJ-002,Tarjeta Crédito
TXN-00023844,CTA-572106,CLI-89211,2026-06-04 03:37:00,31867.18,CRC,transferencia,app_movil,LI-002,Tarjeta Crédito
TXN-00023845,CTA-723904,CLI-40918,2026-06-18 17:48:00,456066.68,CRC,deposito,atm,CA-001,Cuenta Corriente
TXN-00023846,CTA-394543,CLI-56825,2026-06-13 20:13:00,4948274.37,CRC,deposito,web,CA-001,Tarjeta Crédito
TXN-00023847,CTA-972534,CLI-79103,2026-06-01 21:22:00,3829739.7,CRC,retiro,sinpe,AL-001,Tarjeta Crédito
TXN-00023848,CTA-538957,CLI-52469,2026-06-10 23:43:00,4925269.52,CRC,deposito,sucursal,PU-001,Préstamo Hipotecario
TXN-00023849,CTA-125441,CLI-97927,2026-06-18 13:29:00,1607685.41,CRC,retiro,web,HE-001,Préstamo Personal
TXN-00023850,CTA-863518,CLI-13020,2026-06-15 07:25:00,587323.48,CRC,pago,sucursal,CA-001,Cuenta Corriente
TXN-00023851,CTA-706268,CLI-39864,2026-06-28 16:46:00,4353739.46,CRC,transferencia,app_movil,LI-002,Tarjeta Crédito
TXN-00023852,CTA-518189,CLI-84788,2026-06-22 05:12:00,4337991.55,CRC,retiro,atm,SJ-001,Cuenta Ahorro
TXN-00023853,CTA-672564,CLI-37390,2026-06-11 07:53:00,282392.64,CRC,pago,app_movil,AL-001,Préstamo Personal
TXN-00023854,CTA-151542,CLI-31776,2026-06-01 06:40:00,836210.62,CRC,comision,atm,AL-001,Cuenta Corriente
TXN-00023855,CTA-496348,CLI-70248,2026-06-19 18:36:00,3424193.24,CRC,pago,sinpe,LI-001,Cuenta Ahorro
TXN-00023856,CTA-365859,CLI-27402,2026-06-25 20:56:00,303318.12,CRC,transferencia,sinpe,LI-001,Tarjeta Crédito
TXN-00023857,CTA-868113,CLI-82821,2026-06-21 23:37:00,1418347.72,CRC,retiro,sinpe,CA-001,Préstamo Hipotecario
TXN-00023858,CTA-852241,CLI-74833,2026-06-07 08:25:00,4086332.74,CRC,comision,app_movil,SJ-001,Préstamo Personal
TXN-00023859,CTA-621984,CLI-15732,2026-06-14 22:01:00,3739141.32,CRC,retiro,atm,CA-001,Cuenta Ahorro
TXN-00023860,CTA-221837,CLI-58766,2026-06-09 04:34:00,1775757.61,CRC,retiro,atm,PU-001,Cuenta Ahorro
TXN-00023861,CTA-142078,CLI-41453,2026-06-08 04:37:00,3851146.34,CRC,transferencia,app_movil,AL-001,Cuenta Ahorro
TXN-00023862,CTA-390741,CLI-25467,2026-06-13 23:38:00,416652.74,CRC,transferencia,atm,SJ-001,Préstamo Personal
TXN-00023863,CTA-374723,CLI-17562,2026-06-18 23:46:00,2216348.9,CRC,comision,atm,AL-001,Cuenta Corriente
TXN-00023864,CTA-460255,CLI-14093,2026-06-07 07:31:00,661003.75,CRC,transferencia,sucursal,AL-001,Préstamo Hipotecario
TXN-00023865,CTA-299534,CLI-12342,2026-06-16 10:58:00,1897427.55,CRC,comision,atm,LI-001,Tarjeta Crédito
TXN-00023866,CTA-841886,CLI-20289,2026-06-15 23:03:00,352281.46,CRC,deposito,sinpe,SJ-002,Préstamo Personal
TXN-00023867,CTA-495582,CLI-81306,2026-06-04 08:47:00,661713.07,CRC,pago,web,SJ-001,Tarjeta Crédito
TXN-00023868,CTA-929086,CLI-66031,2026-06-14 23:21:00,148011.26,CRC,comision,app_movil,PU-001,Préstamo Hipotecario
TXN-00023869,CTA-831717,CLI-54081,2026-06-24 00:24:00,3229159.54,CRC,deposito,sucursal,CA-001,Préstamo Hipotecario
TXN-00023870,CTA-310064,CLI-72542,2026-06-19 22:00:00,283099.35,CRC,retiro,web,PU-001,Tarjeta Crédito
TXN-00023871,CTA-282708,CLI-54234,2026-06-03 07:00:00,171533.14,CRC,retiro,app_movil,SJ-001,Cuenta Ahorro
TXN-00023872,CTA-339058,CLI-24183,2026-06-12 10:06:00,2677331.39,CRC,deposito,web,AL-001,Préstamo Personal
TXN-00023873,CTA-616921,CLI-64936,2026-06-05 19:07:00,1801707.04,CRC,retiro,sucursal,HE-001,Cuenta Corriente
TXN-00023874,CTA-365024,CLI-88443,2026-06-12 23:40:00,2224479.79,CRC,deposito,sucursal,SJ-001,Préstamo Hipotecario
TXN-00023875,CTA-738159,CLI-73095,2026-06-14 01:57:00,4141977.11,CRC,comision,atm,AL-001,Tarjeta Crédito
TXN-00023876,CTA-372817,CLI-73619,2026-06-13 20:27:00,2756712.79,CRC,comision,atm,CA-001,Tarjeta Crédito
TXN-00023877,CTA-587581,CLI-36385,2026-06-19 12:15:00,812606.09,CRC,comision,web,AL-001,Cuenta Ahorro
TXN-00023878,CTA-588661,CLI-55546,2026-06-20 02:58:00,1926720.81,CRC,pago,atm,CA-001,Tarjeta Crédito
TXN-00023879,CTA-540101,CLI-63659,2026-06-28 14:28:00,2396319.4,CRC,pago,atm,SJ-001,Préstamo Hipotecario
TXN-00023880,CTA-321707,CLI-74336,2026-06-21 06:26:00,959758.62,CRC,transferencia,atm,SJ-002,Tarjeta Crédito
TXN-00023881,CTA-923979,CLI-86945,2026-06-25 03:21:00,3799698.73,CRC,comision,atm,HE-001,Tarjeta Crédito
TXN-00023882,CTA-179973,CLI-20309,2026-06-14 10:18:00,3880138.03,CRC,retiro,web,LI-002,Préstamo Personal
TXN-00023883,CTA-973222,CLI-23956,2026-06-15 14:16:00,1714649.61,CRC,comision,app_movil,AL-001,Préstamo Hipotecario
TXN-00023884,CTA-257584,CLI-72062,2026-06-04 20:47:00,1457139.42,CRC,comision,atm,LI-001,Préstamo Personal
TXN-00023885,CTA-558730,CLI-26745,2026-06-10 11:14:00,2519244.23,CRC,pago,sucursal,SJ-001,Préstamo Personal
TXN-00023886,CTA-973783,CLI-36627,2026-06-29 02:43:00,252304.22,CRC,pago,web,LI-001,Cuenta Corriente
TXN-00023887,CTA-281331,CLI-79321,2026-06-08 03:36:00,3230264.01,CRC,retiro,sinpe,SJ-001,Cuenta Corriente
TXN-00023888,CTA-149648,CLI-38366,2026-06-19 11:06:00,607928.69,CRC,retiro,app_movil,LI-001,Tarjeta Crédito
TXN-00023889,CTA-470725,CLI-38538,2026-06-02 16:06:00,4754011.28,CRC,deposito,atm,LI-001,Préstamo Personal
TXN-00023890,CTA-934979,CLI-19001,2026-06-04 01:06:00,1685281.65,CRC,transferencia,app_movil,HE-001,Cuenta Corriente
TXN-00023891,CTA-725385,CLI-82422,2026-06-17 00:05:00,416793.14,CRC,deposito,sinpe,SJ-001,Préstamo Personal
TXN-00023892,CTA-744134,CLI-51381,2026-06-27 18:09:00,2033186.2,CRC,transferencia,sinpe,LI-002,Préstamo Hipotecario
TXN-00023893,CTA-345738,CLI-74862,2026-06-19 01:23:00,4314773.74,CRC,deposito,sinpe,SJ-002,Cuenta Ahorro
TXN-00023894,CTA-914797,CLI-71453,2026-06-06 00:07:00,3718886.56,CRC,deposito,app_movil,AL-001,Tarjeta Crédito
TXN-00023895,CTA-728335,CLI-53217,2026-06-06 04:10:00,3985713.31,CRC,transferencia,sucursal,SJ-002,Préstamo Personal
TXN-00023896,CTA-308171,CLI-66041,2026-06-08 23:34:00,1144483.58,CRC,pago,sucursal,CA-001,Tarjeta Crédito
TXN-00023897,CTA-197697,CLI-24155,2026-06-11 22:47:00,2157495.64,CRC,deposito,app_movil,SJ-001,Cuenta Ahorro
TXN-00023898,CTA-968014,CLI-22272,2026-06-12 15:02:00,4367161.1,CRC,deposito,web,LI-002,Préstamo Hipotecario
TXN-00023899,CTA-812781,CLI-36278,2026-06-23 02:07:00,568976.58,CRC,pago,web,SJ-002,Cuenta Ahorro
TXN-00023900,CTA-962346,CLI-13471,2026-06-24 01:46:00,4170963.03,CRC,retiro,web,CA-001,Cuenta Corriente
TXN-00023901,CTA-475965,CLI-27948,2026-06-22 04:45:00,4642301.82,CRC,transferencia,sinpe,HE-001,Tarjeta Crédito
TXN-00023902,CTA-439003,CLI-86102,2026-06-05 11:42:00,338333.64,CRC,comision,app_movil,SJ-002,Préstamo Personal
TXN-00023903,CTA-396691,CLI-62844,2026-06-04 19:02:00,721098.57,CRC,pago,app_movil,SJ-002,Tarjeta Crédito
TXN-00023904,CTA-698455,CLI-86547,2026-06-10 17:32:00,4405109.78,CRC,pago,sinpe,LI-001,Préstamo Personal
TXN-00023905,CTA-429343,CLI-94571,2026-06-06 23:14:00,4207146.18,CRC,deposito,sinpe,CA-001,Préstamo Hipotecario
TXN-00023906,CTA-270769,CLI-20844,2026-06-23 02:13:00,1186200.92,CRC,transferencia,atm,AL-001,Tarjeta Crédito
TXN-00023907,CTA-499719,CLI-98919,2026-06-05 17:55:00,3144904.0,CRC,transferencia,atm,HE-001,Cuenta Ahorro
TXN-00023908,CTA-100550,CLI-96975,2026-06-29 04:01:00,4693808.76,CRC,transferencia,atm,LI-002,Préstamo Personal
TXN-00023909,CTA-639136,CLI-17253,2026-06-16 20:54:00,580188.92,CRC,pago,sucursal,HE-001,Préstamo Hipotecario
TXN-00023910,CTA-676958,CLI-74161,2026-06-22 05:26:00,1187713.17,CRC,comision,atm,LI-002,Tarjeta Crédito
TXN-00023911,CTA-755493,CLI-66184,2026-06-06 00:21:00,3510852.16,CRC,comision,app_movil,LI-001,Cuenta Corriente
TXN-00023912,CTA-980168,CLI-85581,2026-06-12 04:49:00,2496305.23,CRC,retiro,sinpe,SJ-001,Préstamo Hipotecario
TXN-00023913,CTA-778568,CLI-44465,2026-06-24 11:10:00,2810139.82,CRC,retiro,atm,LI-001,Tarjeta Crédito
TXN-00023914,CTA-321599,CLI-14280,2026-06-23 02:00:00,2086661.78,CRC,comision,web,HE-001,Préstamo Personal
TXN-00023915,CTA-116567,CLI-81398,2026-06-04 09:59:00,652622.15,CRC,pago,web,SJ-002,Tarjeta Crédito
TXN-00023916,CTA-489387,CLI-43237,2026-06-28 06:00:00,4813906.07,CRC,deposito,web,AL-001,Cuenta Corriente
TXN-00023917,CTA-411352,CLI-29929,2026-06-21 04:36:00,777979.56,CRC,comision,app_movil,HE-001,Tarjeta Crédito
TXN-00023918,CTA-173288,CLI-65506,2026-06-13 16:05:00,4335763.79,CRC,comision,app_movil,HE-001,Cuenta Ahorro
TXN-00023919,CTA-173244,CLI-99745,2026-06-08 10:59:00,2348275.46,CRC,transferencia,app_movil,LI-002,Cuenta Ahorro
TXN-00023920,CTA-531210,CLI-65484,2026-06-04 00:01:00,1981017.1,CRC,pago,atm,AL-001,Cuenta Ahorro
TXN-00023921,CTA-475248,CLI-66705,2026-06-17 01:12:00,166821.56,CRC,deposito,app_movil,SJ-001,Préstamo Hipotecario
TXN-00023922,CTA-752661,CLI-89446,2026-06-18 08:38:00,3774770.82,CRC,deposito,sucursal,PU-001,Tarjeta Crédito
TXN-00023923,CTA-571167,CLI-77454,2026-06-12 00:05:00,1403347.89,CRC,comision,atm,HE-001,Tarjeta Crédito
TXN-00023924,CTA-670289,CLI-69056,2026-06-11 17:47:00,2608837.12,CRC,deposito,web,LI-002,Tarjeta Crédito
TXN-00023925,CTA-874060,CLI-74135,2026-06-20 13:30:00,2047337.58,CRC,comision,sinpe,SJ-001,Préstamo Hipotecario
TXN-00023926,CTA-699749,CLI-10862,2026-06-25 06:14:00,4994505.69,CRC,transferencia,sinpe,AL-001,Préstamo Personal
TXN-00023927,CTA-194063,CLI-36809,2026-06-24 01:21:00,2021023.26,CRC,retiro,app_movil,HE-001,Cuenta Corriente
TXN-00023928,CTA-331575,CLI-18963,2026-06-06 00:34:00,4420596.45,CRC,pago,sinpe,PU-001,Préstamo Hipotecario
TXN-00023929,CTA-672217,CLI-44134,2026-06-05 08:01:00,4860660.07,CRC,pago,sinpe,SJ-001,Préstamo Personal
TXN-00023930,CTA-931120,CLI-62193,2026-06-27 09:28:00,534134.95,CRC,comision,sucursal,PU-001,Cuenta Corriente
TXN-00023931,CTA-495793,CLI-73824,2026-06-12 20:32:00,3147950.77,CRC,comision,web,SJ-001,Tarjeta Crédito
TXN-00023932,CTA-163032,CLI-24720,2026-06-07 04:25:00,3839467.31,CRC,comision,sucursal,LI-001,Cuenta Corriente
TXN-00023933,CTA-284679,CLI-45743,2026-06-13 22:13:00,1102008.16,CRC,transferencia,sinpe,SJ-001,Tarjeta Crédito
TXN-00023934,CTA-712602,CLI-33617,2026-06-04 01:35:00,4651131.51,CRC,deposito,web,SJ-002,Préstamo Hipotecario
TXN-00023935,CTA-977162,CLI-20004,2026-06-13 06:18:00,3444317.89,CRC,comision,atm,LI-001,Tarjeta Crédito
TXN-00023936,CTA-610535,CLI-52951,2026-06-18 14:51:00,1473524.78,CRC,transferencia,sinpe,LI-002,Préstamo Hipotecario
TXN-00023937,CTA-121238,CLI-73021,2026-06-14 00:28:00,14572.89,CRC,comision,sucursal,LI-002,Préstamo Hipotecario
TXN-00023938,CTA-577083,CLI-50087,2026-06-10 05:34:00,1075698.87,CRC,comision,atm,PU-001,Tarjeta Crédito
TXN-00023939,CTA-310250,CLI-11600,2026-06-24 01:49:00,517641.27,CRC,pago,atm,AL-001,Préstamo Personal
TXN-00023940,CTA-410464,CLI-99418,2026-06-01 04:14:00,2275261.92,CRC,comision,sucursal,HE-001,Préstamo Hipotecario
TXN-00023941,CTA-180088,CLI-36267,2026-06-04 01:29:00,193607.26,CRC,deposito,sucursal,HE-001,Cuenta Corriente
TXN-00023942,CTA-847603,CLI-28160,2026-06-11 18:57:00,1686033.87,CRC,retiro,web,SJ-002,Cuenta Corriente
TXN-00023943,CTA-238609,CLI-81191,2026-06-08 17:13:00,2220669.64,CRC,pago,web,AL-001,Préstamo Personal
TXN-00023944,CTA-472262,CLI-31098,2026-06-11 22:26:00,1083908.2,CRC,retiro,sinpe,HE-001,Préstamo Hipotecario
TXN-00023945,CTA-885779,CLI-89229,2026-06-26 20:32:00,4488049.66,CRC,deposito,web,CA-001,Préstamo Hipotecario
TXN-00023946,CTA-734868,CLI-91344,2026-06-29 04:51:00,4293170.78,CRC,comision,sucursal,PU-001,Cuenta Corriente
TXN-00023947,CTA-688286,CLI-99952,2026-06-03 08:59:00,3548865.86,CRC,retiro,sucursal,HE-001,Préstamo Hipotecario
TXN-00023948,CTA-322912,CLI-85460,2026-06-30 15:57:00,2132190.59,CRC,comision,app_movil,PU-001,Tarjeta Crédito
TXN-00023949,CTA-865277,CLI-12105,2026-06-04 15:25:00,2394425.91,CRC,transferencia,atm,SJ-001,Préstamo Hipotecario
TXN-00023950,CTA-221916,CLI-76077,2026-06-13 19:49:00,884611.22,CRC,transferencia,sucursal,HE-001,Préstamo Hipotecario
TXN-00023951,CTA-655229,CLI-84394,2026-06-14 23:31:00,3271220.05,CRC,deposito,app_movil,LI-001,Tarjeta Crédito
TXN-00023952,CTA-552922,CLI-60746,2026-06-13 17:46:00,156538.75,CRC,transferencia,app_movil,HE-001,Cuenta Ahorro
TXN-00023953,CTA-561896,CLI-89031,2026-06-17 14:16:00,307858.77,CRC,comision,web,PU-001,Cuenta Corriente
TXN-00023954,CTA-762569,CLI-92038,2026-06-01 06:26:00,4778749.48,CRC,comision,atm,AL-001,Cuenta Corriente
TXN-00023955,CTA-312480,CLI-42133,2026-06-12 14:14:00,3134445.84,CRC,retiro,sinpe,AL-001,Préstamo Hipotecario
TXN-00023956,CTA-234091,CLI-44289,2026-06-28 11:11:00,1768170.37,CRC,deposito,app_movil,LI-001,Cuenta Corriente
TXN-00023957,CTA-706743,CLI-66715,2026-06-03 02:45:00,1500887.36,CRC,transferencia,app_movil,LI-001,Cuenta Ahorro
TXN-00023958,CTA-288535,CLI-52663,2026-06-26 04:08:00,1680376.63,CRC,comision,app_movil,LI-002,Préstamo Personal
TXN-00023959,CTA-292719,CLI-57930,2026-06-16 23:53:00,1663386.87,CRC,deposito,sucursal,HE-001,Tarjeta Crédito
TXN-00023960,CTA-742804,CLI-30417,2026-06-07 23:09:00,3951660.59,CRC,pago,atm,SJ-001,Cuenta Ahorro
TXN-00023961,CTA-379333,CLI-49383,2026-06-04 02:09:00,3990828.73,CRC,retiro,atm,LI-001,Cuenta Ahorro
TXN-00023962,CTA-502201,CLI-42634,2026-06-01 09:37:00,1958335.92,CRC,deposito,app_movil,LI-002,Cuenta Ahorro
TXN-00023963,CTA-975680,CLI-73717,2026-06-28 13:38:00,1017436.91,CRC,deposito,sinpe,LI-001,Préstamo Personal
TXN-00023964,CTA-506789,CLI-30254,2026-06-29 09:35:00,926214.33,CRC,transferencia,web,LI-002,Préstamo Hipotecario
TXN-00023965,CTA-383940,CLI-94631,2026-06-07 12:26:00,3453276.76,CRC,deposito,sucursal,SJ-001,Cuenta Corriente
TXN-00023966,CTA-350534,CLI-11095,2026-06-12 13:22:00,2459064.56,CRC,transferencia,app_movil,AL-001,Tarjeta Crédito
TXN-00023967,CTA-865816,CLI-25187,2026-06-18 02:08:00,3379844.17,CRC,retiro,web,SJ-001,Préstamo Personal
TXN-00023968,CTA-815283,CLI-88048,2026-06-01 01:15:00,4359601.54,CRC,pago,sinpe,SJ-001,Tarjeta Crédito
TXN-00023969,CTA-163360,CLI-64671,2026-06-22 09:34:00,451189.8,CRC,deposito,web,LI-002,Tarjeta Crédito
TXN-00023970,CTA-888129,CLI-93223,2026-06-13 18:29:00,790506.84,CRC,pago,atm,SJ-002,Cuenta Corriente
TXN-00023971,CTA-303380,CLI-78665,2026-06-03 18:40:00,946306.39,CRC,pago,sinpe,SJ-002,Cuenta Corriente
TXN-00023972,CTA-372184,CLI-36165,2026-06-09 19:45:00,4350583.11,CRC,comision,sinpe,HE-001,Préstamo Personal
TXN-00023973,CTA-883115,CLI-79264,2026-06-30 11:53:00,1738485.29,CRC,deposito,app_movil,HE-001,Cuenta Corriente
TXN-00023974,CTA-766289,CLI-32882,2026-06-06 06:24:00,3592914.92,CRC,transferencia,sinpe,HE-001,Cuenta Ahorro
TXN-00023975,CTA-621029,CLI-30177,2026-06-18 07:57:00,4847636.03,CRC,comision,web,SJ-001,Préstamo Hipotecario
TXN-00023976,CTA-963622,CLI-62806,2026-06-19 19:55:00,20322.96,CRC,pago,web,AL-001,Cuenta Ahorro
TXN-00023977,CTA-362475,CLI-31929,2026-06-01 22:33:00,3633900.38,CRC,deposito,web,HE-001,Cuenta Corriente
TXN-00023978,CTA-494360,CLI-47864,2026-06-09 18:23:00,1846703.56,CRC,transferencia,sinpe,SJ-002,Cuenta Ahorro
TXN-00023979,CTA-371347,CLI-79223,2026-06-09 10:26:00,3978090.36,CRC,deposito,web,PU-001,Cuenta Corriente
TXN-00023980,CTA-960519,CLI-18699,2026-06-24 14:31:00,1781964.12,CRC,comision,app_movil,AL-001,Cuenta Ahorro
TXN-00023981,CTA-911271,CLI-23509,2026-06-07 09:01:00,2962405.51,CRC,deposito,app_movil,CA-001,Préstamo Personal
TXN-00023982,CTA-704398,CLI-69968,2026-06-07 14:54:00,3562682.23,CRC,comision,atm,HE-001,Cuenta Ahorro
TXN-00023983,CTA-973987,CLI-18028,2026-06-13 23:05:00,4251685.45,CRC,transferencia,sucursal,CA-001,Cuenta Corriente
TXN-00023984,CTA-823483,CLI-55382,2026-06-11 03:05:00,2726302.08,CRC,deposito,sucursal,SJ-001,Cuenta Corriente
TXN-00023985,CTA-341221,CLI-39464,2026-06-19 05:32:00,1688763.6,CRC,transferencia,sucursal,CA-001,Préstamo Personal
TXN-00023986,CTA-620482,CLI-19065,2026-06-29 11:36:00,1916456.76,CRC,retiro,app_movil,SJ-002,Préstamo Hipotecario
TXN-00023987,CTA-708153,CLI-57756,2026-06-29 12:35:00,602675.28,CRC,deposito,sucursal,PU-001,Cuenta Ahorro
TXN-00023988,CTA-786221,CLI-24527,2026-06-15 21:21:00,3270982.71,CRC,transferencia,sucursal,HE-001,Préstamo Personal
TXN-00023989,CTA-822352,CLI-14832,2026-06-01 17:50:00,984944.37,CRC,deposito,atm,LI-002,Préstamo Personal
TXN-00023990,CTA-284484,CLI-71965,2026-06-03 11:40:00,1995062.18,CRC,deposito,web,PU-001,Cuenta Corriente
TXN-00023991,CTA-929284,CLI-27047,2026-06-28 11:32:00,96204.09,CRC,retiro,app_movil,LI-001,Préstamo Hipotecario
TXN-00023992,CTA-570326,CLI-85445,2026-06-25 09:20:00,4279296.36,CRC,retiro,atm,AL-001,Cuenta Corriente
TXN-00023993,CTA-137632,CLI-39481,2026-06-02 04:35:00,4365859.4,CRC,pago,app_movil,LI-002,Cuenta Ahorro
TXN-00023994,CTA-889570,CLI-26267,2026-06-19 17:39:00,2497425.17,CRC,comision,sucursal,PU-001,Cuenta Corriente
TXN-00023995,CTA-141551,CLI-50722,2026-06-18 06:09:00,1275797.92,CRC,retiro,sucursal,PU-001,Préstamo Personal
TXN-00023996,CTA-238390,CLI-75125,2026-06-30 14:25:00,417933.1,CRC,transferencia,app_movil,SJ-002,Cuenta Corriente
TXN-00023997,CTA-517528,CLI-45748,2026-06-28 05:49:00,3420720.14,CRC,comision,atm,PU-001,Préstamo Hipotecario
TXN-00023998,CTA-156765,CLI-75934,2026-06-27 18:38:00,978177.88,CRC,transferencia,app_movil,HE-001,Préstamo Hipotecario
TXN-00023999,CTA-120795,CLI-67585,2026-06-10 20:58:00,3039931.94,CRC,transferencia,sinpe,HE-001,Cuenta Corriente
TXN-00024000,CTA-400487,CLI-16502,2026-06-08 09:14:00,1067959.81,CRC,comision,web,PU-001,Cuenta Ahorro
TXN-00024001,CTA-183695,CLI-43381,2026-06-08 13:12:00,1045613.79,CRC,comision,sinpe,CA-001,Préstamo Personal
TXN-00024002,CTA-229703,CLI-78667,2026-06-14 06:39:00,1430882.68,CRC,retiro,sinpe,PU-001,Tarjeta Crédito
TXN-00024003,CTA-277153,CLI-31673,2026-06-28 22:20:00,3570116.32,CRC,retiro,atm,LI-002,Préstamo Hipotecario
TXN-00024004,CTA-443659,CLI-52879,2026-06-11 21:54:00,3165422.12,CRC,retiro,atm,LI-002,Cuenta Ahorro
TXN-00024005,CTA-150505,CLI-40147,2026-06-10 22:13:00,4359984.87,CRC,retiro,sucursal,PU-001,Préstamo Hipotecario
TXN-00024006,CTA-786408,CLI-41793,2026-06-09 06:43:00,957419.76,CRC,transferencia,sucursal,AL-001,Tarjeta Crédito
TXN-00024007,CTA-556413,CLI-50931,2026-06-02 10:28:00,4058739.05,CRC,pago,web,PU-001,Préstamo Hipotecario
TXN-00024008,CTA-435773,CLI-50225,2026-06-04 15:53:00,1955789.38,CRC,retiro,atm,HE-001,Préstamo Personal
TXN-00024009,CTA-567810,CLI-57507,2026-06-30 08:15:00,4218280.44,CRC,pago,sucursal,SJ-002,Préstamo Personal
TXN-00024010,CTA-360671,CLI-14725,2026-06-02 03:32:00,1712552.77,CRC,pago,app_movil,SJ-001,Préstamo Personal
TXN-00024011,CTA-286835,CLI-47819,2026-06-24 02:05:00,915979.11,CRC,deposito,sinpe,SJ-001,Tarjeta Crédito
TXN-00024012,CTA-823778,CLI-52633,2026-06-05 15:38:00,4885893.27,CRC,comision,web,AL-001,Préstamo Personal
TXN-00024013,CTA-268109,CLI-79557,2026-06-01 00:21:00,382916.23,CRC,retiro,atm,AL-001,Cuenta Corriente
TXN-00024014,CTA-412316,CLI-97262,2026-06-27 15:11:00,2746033.99,CRC,retiro,web,CA-001,Tarjeta Crédito
TXN-00024015,CTA-553737,CLI-86386,2026-06-28 12:00:00,3122707.63,CRC,retiro,atm,LI-002,Préstamo Hipotecario
TXN-00024016,CTA-849184,CLI-12079,2026-06-07 16:21:00,3311276.11,CRC,comision,app_movil,AL-001,Tarjeta Crédito
TXN-00024017,CTA-649979,CLI-12817,2026-06-09 20:17:00,1348867.74,CRC,deposito,atm,PU-001,Préstamo Hipotecario
TXN-00024018,CTA-988943,CLI-93087,2026-06-12 21:57:00,775984.63,CRC,comision,app_movil,SJ-001,Cuenta Ahorro
TXN-00024019,CTA-821469,CLI-83622,2026-06-14 21:22:00,4192321.38,CRC,retiro,atm,SJ-001,Préstamo Hipotecario
TXN-00024020,CTA-632941,CLI-46395,2026-06-19 01:27:00,2958547.01,CRC,pago,app_movil,LI-001,Cuenta Corriente
TXN-00024021,CTA-869252,CLI-89444,2026-06-01 12:31:00,4949421.4,CRC,transferencia,web,AL-001,Préstamo Hipotecario
TXN-00024022,CTA-872887,CLI-94644,2026-06-08 05:59:00,1377047.63,CRC,deposito,app_movil,PU-001,Cuenta Ahorro
TXN-00024023,CTA-164913,CLI-52432,2026-06-10 23:23:00,3136302.97,CRC,comision,sucursal,SJ-002,Préstamo Hipotecario
TXN-00024024,CTA-501741,CLI-82841,2026-06-14 13:43:00,3825468.28,CRC,pago,app_movil,LI-001,Tarjeta Crédito
TXN-00024025,CTA-179641,CLI-67689,2026-06-10 08:49:00,3909089.55,CRC,transferencia,web,HE-001,Cuenta Ahorro
TXN-00024026,CTA-462732,CLI-43442,2026-06-22 18:03:00,2470401.1,CRC,comision,sucursal,AL-001,Préstamo Personal
TXN-00024027,CTA-648610,CLI-38767,2026-06-17 19:18:00,3210718.7,CRC,transferencia,web,CA-001,Préstamo Hipotecario
TXN-00024028,CTA-366423,CLI-41544,2026-06-06 04:38:00,938585.19,CRC,transferencia,app_movil,PU-001,Tarjeta Crédito
TXN-00024029,CTA-911061,CLI-86765,2026-06-09 09:42:00,3265722.74,CRC,comision,atm,HE-001,Cuenta Ahorro
TXN-00024030,CTA-810956,CLI-63619,2026-06-08 08:37:00,4867446.77,CRC,retiro,atm,LI-001,Préstamo Hipotecario
TXN-00024031,CTA-660073,CLI-58465,2026-06-23 09:02:00,1978740.25,CRC,retiro,web,AL-001,Préstamo Hipotecario
TXN-00024032,CTA-712815,CLI-14629,2026-06-05 16:15:00,2319802.69,CRC,pago,web,PU-001,Tarjeta Crédito
TXN-00024033,CTA-716688,CLI-61741,2026-06-02 12:28:00,2573847.85,CRC,pago,web,SJ-001,Cuenta Corriente
TXN-00024034,CTA-477016,CLI-36220,2026-06-03 14:37:00,1345733.19,CRC,pago,sucursal,HE-001,Cuenta Ahorro
TXN-00024035,CTA-616515,CLI-44919,2026-06-25 18:24:00,3339243.45,CRC,comision,app_movil,LI-002,Cuenta Corriente
TXN-00024036,CTA-963721,CLI-57086,2026-06-20 02:57:00,2947267.98,CRC,transferencia,atm,LI-002,Cuenta Ahorro
TXN-00024037,CTA-127619,CLI-45225,2026-06-01 08:33:00,1200832.66,CRC,deposito,web,CA-001,Préstamo Personal
TXN-00024038,CTA-302299,CLI-25499,2026-06-09 05:53:00,1624578.82,CRC,comision,sucursal,SJ-001,Préstamo Personal
TXN-00024039,CTA-494328,CLI-97620,2026-06-11 09:33:00,1695613.53,CRC,comision,web,LI-001,Tarjeta Crédito
TXN-00024040,CTA-992440,CLI-95582,2026-06-26 05:01:00,2849719.12,CRC,transferencia,sinpe,CA-001,Tarjeta Crédito
TXN-00024041,CTA-388364,CLI-12472,2026-06-24 14:45:00,207311.84,CRC,retiro,web,CA-001,Cuenta Corriente
TXN-00024042,CTA-810219,CLI-82973,2026-06-26 18:17:00,2761620.15,CRC,deposito,sinpe,PU-001,Tarjeta Crédito
TXN-00024043,CTA-353063,CLI-48640,2026-06-05 17:03:00,567781.16,CRC,pago,web,LI-002,Tarjeta Crédito
TXN-00024044,CTA-553754,CLI-31318,2026-06-06 23:46:00,1100572.19,CRC,comision,sucursal,LI-002,Cuenta Ahorro
TXN-00024045,CTA-849129,CLI-72587,2026-06-23 10:36:00,294215.25,CRC,pago,sucursal,SJ-001,Cuenta Corriente
TXN-00024046,CTA-444893,CLI-52746,2026-06-24 10:06:00,496087.44,CRC,retiro,sinpe,PU-001,Préstamo Personal
TXN-00024047,CTA-878220,CLI-53669,2026-06-03 13:54:00,1716286.76,CRC,transferencia,web,CA-001,Cuenta Corriente
TXN-00024048,CTA-704378,CLI-26076,2026-06-06 18:51:00,2698934.75,CRC,retiro,web,SJ-002,Cuenta Ahorro
TXN-00024049,CTA-126105,CLI-62544,2026-06-18 23:15:00,937023.08,CRC,retiro,app_movil,SJ-002,Cuenta Ahorro
TXN-00024050,CTA-935591,CLI-31536,2026-06-24 08:36:00,137011.38,CRC,transferencia,sinpe,SJ-001,Préstamo Personal
TXN-00024051,CTA-556758,CLI-36348,2026-06-22 06:22:00,4456071.53,CRC,deposito,sucursal,SJ-002,Préstamo Hipotecario
TXN-00024052,CTA-733017,CLI-16952,2026-06-07 02:08:00,4648946.32,CRC,pago,web,LI-002,Tarjeta Crédito
TXN-00024053,CTA-505460,CLI-20085,2026-06-25 21:30:00,4993851.9,CRC,transferencia,atm,CA-001,Cuenta Ahorro
TXN-00024054,CTA-355545,CLI-82278,2026-06-05 02:17:00,2851753.98,CRC,pago,app_movil,SJ-002,Cuenta Ahorro
TXN-00024055,CTA-619258,CLI-66574,2026-06-11 10:51:00,4209016.29,CRC,transferencia,web,PU-001,Cuenta Ahorro
TXN-00024056,CTA-725391,CLI-44430,2026-06-11 03:43:00,176436.26,CRC,comision,app_movil,CA-001,Cuenta Corriente
TXN-00024057,CTA-367423,CLI-43179,2026-06-13 05:55:00,3530248.32,CRC,transferencia,sucursal,HE-001,Cuenta Corriente
TXN-00024058,CTA-964825,CLI-32898,2026-06-06 20:10:00,1574718.29,CRC,comision,sucursal,SJ-002,Préstamo Personal
TXN-00024059,CTA-981372,CLI-62979,2026-06-26 21:35:00,2601445.94,CRC,pago,atm,PU-001,Tarjeta Crédito
TXN-00024060,CTA-193517,CLI-73041,2026-06-26 21:22:00,3282527.55,CRC,comision,app_movil,AL-001,Cuenta Ahorro
TXN-00024061,CTA-468008,CLI-51445,2026-06-25 04:16:00,1548321.77,CRC,pago,atm,CA-001,Cuenta Ahorro
TXN-00024062,CTA-801154,CLI-74141,2026-06-13 18:47:00,4246032.55,CRC,transferencia,sinpe,AL-001,Préstamo Personal
TXN-00024063,CTA-135691,CLI-96470,2026-06-09 21:43:00,1189042.75,CRC,comision,sinpe,HE-001,Préstamo Personal
TXN-00024064,CTA-547310,CLI-66707,2026-06-15 06:50:00,3852457.39,CRC,retiro,sucursal,PU-001,Cuenta Ahorro
TXN-00024065,CTA-446334,CLI-53842,2026-06-09 18:24:00,815126.18,CRC,comision,web,LI-001,Tarjeta Crédito
TXN-00024066,CTA-995204,CLI-78374,2026-06-30 13:26:00,4049852.83,CRC,retiro,app_movil,SJ-002,Préstamo Hipotecario
TXN-00024067,CTA-734474,CLI-95982,2026-06-27 08:41:00,891829.4,CRC,deposito,sinpe,LI-002,Tarjeta Crédito
TXN-00024068,CTA-646036,CLI-14895,2026-06-26 20:45:00,120751.47,CRC,comision,web,PU-001,Préstamo Personal
TXN-00024069,CTA-222149,CLI-58835,2026-06-12 19:42:00,4602461.52,CRC,pago,atm,SJ-001,Cuenta Corriente
TXN-00024070,CTA-774683,CLI-46570,2026-06-14 12:14:00,4284183.23,CRC,transferencia,web,AL-001,Tarjeta Crédito
TXN-00024071,CTA-563675,CLI-46947,2026-06-14 00:38:00,805625.38,CRC,pago,web,LI-001,Tarjeta Crédito
TXN-00024072,CTA-992821,CLI-48696,2026-06-02 05:04:00,1273345.22,CRC,deposito,atm,SJ-001,Cuenta Ahorro
TXN-00024073,CTA-582497,CLI-16654,2026-06-27 16:13:00,3360190.1,CRC,retiro,atm,LI-002,Cuenta Corriente
TXN-00024074,CTA-802237,CLI-63899,2026-06-06 10:18:00,3781406.6,CRC,retiro,sucursal,LI-001,Tarjeta Crédito
TXN-00024075,CTA-742544,CLI-17450,2026-06-02 04:23:00,449971.92,CRC,transferencia,web,LI-001,Cuenta Corriente
TXN-00024076,CTA-271409,CLI-76195,2026-06-17 13:05:00,2348090.72,CRC,comision,sinpe,PU-001,Cuenta Ahorro
TXN-00024077,CTA-424257,CLI-37600,2026-06-25 08:28:00,4404219.75,CRC,comision,atm,PU-001,Préstamo Personal
TXN-00024078,CTA-903342,CLI-81469,2026-06-30 01:24:00,3213685.49,CRC,comision,sucursal,SJ-001,Préstamo Hipotecario
TXN-00024079,CTA-422728,CLI-77998,2026-06-04 05:49:00,1144898.33,CRC,pago,app_movil,HE-001,Préstamo Hipotecario
TXN-00024080,CTA-716963,CLI-72858,2026-06-23 18:02:00,3985914.14,CRC,retiro,atm,LI-001,Cuenta Corriente
TXN-00024081,CTA-140721,CLI-36931,2026-06-10 01:27:00,2534819.35,CRC,transferencia,sucursal,SJ-001,Préstamo Hipotecario
TXN-00024082,CTA-134343,CLI-44532,2026-06-13 09:55:00,1503859.41,CRC,pago,sinpe,SJ-002,Préstamo Personal
TXN-00024083,CTA-475106,CLI-37637,2026-06-06 13:00:00,3707868.55,CRC,comision,web,SJ-001,Tarjeta Crédito
TXN-00024084,CTA-399493,CLI-81658,2026-06-06 13:13:00,1468332.57,CRC,transferencia,sucursal,LI-001,Cuenta Corriente
TXN-00024085,CTA-934648,CLI-14574,2026-06-30 03:26:00,2668856.5,CRC,deposito,sucursal,PU-001,Cuenta Corriente
TXN-00024086,CTA-700757,CLI-52785,2026-06-02 22:08:00,3543650.6,CRC,deposito,web,AL-001,Préstamo Personal
TXN-00024087,CTA-676182,CLI-72418,2026-06-08 12:08:00,1200130.65,CRC,transferencia,sinpe,AL-001,Cuenta Ahorro
TXN-00024088,CTA-450643,CLI-24070,2026-06-20 12:56:00,1583015.22,CRC,transferencia,sucursal,SJ-002,Cuenta Ahorro
TXN-00024089,CTA-235969,CLI-83383,2026-06-17 00:23:00,1043176.41,CRC,transferencia,sinpe,SJ-002,Préstamo Personal
TXN-00024090,CTA-642866,CLI-28811,2026-06-01 17:48:00,1567283.77,CRC,comision,app_movil,LI-001,Préstamo Personal
TXN-00024091,CTA-599046,CLI-66251,2026-06-04 07:17:00,2363836.51,CRC,comision,sucursal,SJ-002,Préstamo Personal
TXN-00024092,CTA-590666,CLI-43416,2026-06-07 10:52:00,2560796.5,CRC,deposito,web,PU-001,Préstamo Personal
TXN-00024093,CTA-898269,CLI-82542,2026-06-03 21:22:00,3916055.94,CRC,pago,sucursal,HE-001,Tarjeta Crédito
TXN-00024094,CTA-373624,CLI-68512,2026-06-26 21:03:00,3113020.06,CRC,retiro,atm,AL-001,Cuenta Ahorro
TXN-00024095,CTA-744112,CLI-20941,2026-06-01 03:30:00,2072375.09,CRC,deposito,sinpe,SJ-001,Préstamo Hipotecario
TXN-00024096,CTA-575782,CLI-76505,2026-06-11 08:33:00,1664622.31,CRC,pago,sinpe,HE-001,Préstamo Personal
TXN-00024097,CTA-630424,CLI-61551,2026-06-07 12:59:00,1631332.4,CRC,transferencia,web,AL-001,Cuenta Corriente
TXN-00024098,CTA-140382,CLI-85194,2026-06-25 02:27:00,3258145.43,CRC,transferencia,app_movil,PU-001,Cuenta Ahorro
TXN-00024099,CTA-444524,CLI-24103,2026-06-19 00:37:00,4348353.64,CRC,retiro,web,SJ-002,Préstamo Personal
TXN-00024100,CTA-216780,CLI-13073,2026-06-08 06:00:00,2419328.88,CRC,retiro,sinpe,CA-001,Cuenta Corriente
TXN-00024101,CTA-321320,CLI-37436,2026-06-20 02:32:00,4439638.68,CRC,pago,app_movil,LI-001,Cuenta Ahorro
TXN-00024102,CTA-449254,CLI-30099,2026-06-29 14:54:00,54234.32,CRC,comision,atm,LI-001,Préstamo Personal
TXN-00024103,CTA-188812,CLI-41569,2026-06-18 19:02:00,2606156.08,CRC,deposito,web,HE-001,Préstamo Personal
TXN-00024104,CTA-804170,CLI-11101,2026-06-30 11:16:00,2270984.82,CRC,transferencia,atm,SJ-001,Préstamo Personal
TXN-00024105,CTA-459328,CLI-81392,2026-06-02 08:02:00,546167.63,CRC,retiro,atm,PU-001,Préstamo Hipotecario
TXN-00024106,CTA-689051,CLI-75037,2026-06-22 08:19:00,771057.87,CRC,deposito,app_movil,LI-001,Cuenta Corriente
TXN-00024107,CTA-305183,CLI-33388,2026-06-27 04:42:00,1847684.25,CRC,comision,web,SJ-001,Préstamo Personal
TXN-00024108,CTA-531701,CLI-49088,2026-06-24 06:10:00,591401.37,CRC,comision,sucursal,CA-001,Préstamo Personal
TXN-00024109,CTA-289369,CLI-10261,2026-06-17 10:36:00,1426103.76,CRC,comision,app_movil,SJ-002,Préstamo Personal
TXN-00024110,CTA-936765,CLI-77779,2026-06-11 22:43:00,2467311.49,CRC,transferencia,web,LI-002,Préstamo Personal
TXN-00024111,CTA-760516,CLI-16304,2026-06-18 05:58:00,267059.97,CRC,deposito,sucursal,SJ-002,Cuenta Corriente
TXN-00024112,CTA-467642,CLI-63674,2026-06-22 11:15:00,694755.8,CRC,comision,atm,SJ-002,Cuenta Corriente
TXN-00024113,CTA-776477,CLI-91059,2026-06-10 06:46:00,492683.87,CRC,retiro,app_movil,AL-001,Cuenta Ahorro
TXN-00024114,CTA-770284,CLI-59108,2026-06-16 23:25:00,562239.9,CRC,retiro,atm,AL-001,Préstamo Personal
TXN-00024115,CTA-157298,CLI-22744,2026-06-13 16:23:00,2112895.41,CRC,transferencia,app_movil,PU-001,Cuenta Ahorro
TXN-00024116,CTA-596640,CLI-91371,2026-06-15 04:33:00,4398913.08,CRC,transferencia,app_movil,SJ-001,Tarjeta Crédito
TXN-00024117,CTA-930595,CLI-11058,2026-06-15 09:49:00,1938357.19,CRC,pago,web,HE-001,Cuenta Corriente
TXN-00024118,CTA-474839,CLI-71418,2026-06-24 06:32:00,2757315.57,CRC,deposito,web,SJ-002,Cuenta Ahorro
TXN-00024119,CTA-500285,CLI-22919,2026-06-11 03:23:00,4343150.39,CRC,transferencia,sucursal,CA-001,Préstamo Hipotecario
TXN-00024120,CTA-852972,CLI-53497,2026-06-26 04:36:00,2324367.02,CRC,pago,sinpe,SJ-002,Tarjeta Crédito
TXN-00024121,CTA-433217,CLI-20190,2026-06-03 05:38:00,3621904.51,CRC,transferencia,app_movil,SJ-002,Cuenta Ahorro
TXN-00024122,CTA-879953,CLI-94926,2026-06-27 22:03:00,251003.62,CRC,pago,atm,PU-001,Tarjeta Crédito
TXN-00024123,CTA-599909,CLI-93480,2026-06-13 04:35:00,1029205.65,CRC,pago,sinpe,LI-002,Préstamo Hipotecario
TXN-00024124,CTA-836523,CLI-79980,2026-06-05 11:28:00,2681777.53,CRC,deposito,atm,CA-001,Préstamo Hipotecario
TXN-00024125,CTA-564315,CLI-50123,2026-06-02 16:04:00,2314514.28,CRC,deposito,sucursal,HE-001,Préstamo Hipotecario
TXN-00024126,CTA-671018,CLI-74980,2026-06-09 06:18:00,2703052.83,CRC,pago,sucursal,SJ-001,Préstamo Personal
TXN-00024127,CTA-946140,CLI-92914,2026-06-26 10:09:00,165244.73,CRC,comision,sinpe,PU-001,Préstamo Hipotecario
TXN-00024128,CTA-528863,CLI-45037,2026-06-30 02:56:00,4735367.83,CRC,pago,sinpe,LI-001,Préstamo Hipotecario
TXN-00024129,CTA-740178,CLI-74730,2026-06-11 09:07:00,1219118.6,CRC,transferencia,web,HE-001,Tarjeta Crédito
TXN-00024130,CTA-639314,CLI-46232,2026-06-18 22:35:00,2563073.53,CRC,retiro,app_movil,PU-001,Cuenta Corriente
TXN-00024131,CTA-401677,CLI-66661,2026-06-16 09:10:00,4104003.19,CRC,deposito,web,LI-001,Cuenta Corriente
TXN-00024132,CTA-913969,CLI-87861,2026-06-02 11:39:00,4803010.37,CRC,transferencia,app_movil,LI-001,Tarjeta Crédito
TXN-00024133,CTA-101995,CLI-15578,2026-06-28 04:05:00,4293769.54,CRC,deposito,web,CA-001,Cuenta Ahorro
TXN-00024134,CTA-645369,CLI-75933,2026-06-08 16:26:00,3023521.73,CRC,comision,atm,LI-001,Tarjeta Crédito
TXN-00024135,CTA-149348,CLI-34794,2026-06-19 17:10:00,4671562.22,CRC,deposito,sucursal,SJ-002,Préstamo Personal
TXN-00024136,CTA-320961,CLI-26593,2026-06-01 18:16:00,3726910.39,CRC,pago,web,PU-001,Cuenta Corriente
TXN-00024137,CTA-932469,CLI-34966,2026-06-17 19:33:00,4221149.82,CRC,comision,sucursal,SJ-001,Préstamo Personal
TXN-00024138,CTA-135225,CLI-40533,2026-06-26 02:53:00,1328666.43,CRC,transferencia,web,LI-001,Cuenta Ahorro
TXN-00024139,CTA-252306,CLI-28639,2026-06-16 04:47:00,3050178.85,CRC,comision,app_movil,LI-002,Préstamo Personal
TXN-00024140,CTA-550565,CLI-37227,2026-06-16 13:01:00,2588069.94,CRC,deposito,sucursal,SJ-001,Cuenta Corriente
TXN-00024141,CTA-846168,CLI-41628,2026-06-01 05:35:00,3797522.73,CRC,retiro,sucursal,LI-002,Préstamo Personal
TXN-00024142,CTA-605424,CLI-58481,2026-06-05 15:31:00,4674273.86,CRC,pago,web,SJ-002,Préstamo Hipotecario
TXN-00024143,CTA-551574,CLI-77397,2026-06-10 04:59:00,3487474.21,CRC,deposito,web,AL-001,Tarjeta Crédito
TXN-00024144,CTA-450550,CLI-94599,2026-06-20 19:05:00,2139104.01,CRC,transferencia,web,AL-001,Tarjeta Crédito
TXN-00024145,CTA-744129,CLI-67547,2026-06-29 09:38:00,4262225.73,CRC,deposito,sucursal,LI-002,Préstamo Personal
TXN-00024146,CTA-665873,CLI-35386,2026-06-27 15:09:00,3875533.47,CRC,retiro,sucursal,CA-001,Préstamo Hipotecario
TXN-00024147,CTA-161156,CLI-58968,2026-06-26 10:17:00,1876765.59,CRC,pago,web,PU-001,Préstamo Hipotecario
TXN-00024148,CTA-113809,CLI-54020,2026-06-06 18:49:00,4577934.14,CRC,retiro,app_movil,LI-002,Tarjeta Crédito
TXN-00024149,CTA-975150,CLI-95712,2026-06-04 14:05:00,1283531.93,CRC,retiro,web,LI-002,Préstamo Hipotecario
TXN-00024150,CTA-556618,CLI-92149,2026-06-20 00:39:00,3762540.0,CRC,pago,sucursal,LI-001,Préstamo Personal
TXN-00024151,CTA-594616,CLI-93984,2026-06-17 13:43:00,179280.93,CRC,comision,sinpe,SJ-002,Préstamo Hipotecario
TXN-00024152,CTA-947191,CLI-58974,2026-06-03 04:22:00,2786496.86,CRC,deposito,app_movil,CA-001,Cuenta Ahorro
TXN-00024153,CTA-798155,CLI-50819,2026-06-30 16:51:00,4209927.62,CRC,comision,sinpe,AL-001,Tarjeta Crédito
TXN-00024154,CTA-996751,CLI-43839,2026-06-22 06:51:00,1023726.25,CRC,retiro,sucursal,LI-001,Cuenta Ahorro
TXN-00024155,CTA-514724,CLI-12071,2026-06-13 00:07:00,3672197.71,CRC,retiro,atm,SJ-002,Cuenta Corriente
TXN-00024156,CTA-149557,CLI-56501,2026-06-30 07:54:00,433846.57,CRC,comision,sucursal,LI-001,Préstamo Personal
TXN-00024157,CTA-270449,CLI-31340,2026-06-28 14:54:00,3559186.07,CRC,pago,sinpe,SJ-002,Préstamo Personal
TXN-00024158,CTA-576215,CLI-20956,2026-06-06 14:48:00,1471345.57,CRC,comision,sucursal,PU-001,Cuenta Ahorro
TXN-00024159,CTA-378938,CLI-76642,2026-06-25 19:25:00,2586204.57,CRC,pago,sucursal,AL-001,Tarjeta Crédito
TXN-00024160,CTA-491007,CLI-64234,2026-06-17 12:50:00,1856517.28,CRC,retiro,sucursal,SJ-002,Cuenta Ahorro
TXN-00024161,CTA-562497,CLI-31529,2026-06-28 18:26:00,3802420.83,CRC,deposito,web,LI-001,Préstamo Personal
TXN-00024162,CTA-794354,CLI-65776,2026-06-22 02:31:00,4658213.19,CRC,deposito,atm,AL-001,Préstamo Hipotecario
TXN-00024163,CTA-119483,CLI-33581,2026-06-04 21:07:00,1541458.11,CRC,comision,sucursal,HE-001,Cuenta Corriente
TXN-00024164,CTA-173521,CLI-44014,2026-06-02 00:07:00,4417462.44,CRC,deposito,atm,AL-001,Préstamo Hipotecario
TXN-00024165,CTA-342798,CLI-46878,2026-06-25 20:01:00,87716.58,CRC,transferencia,app_movil,AL-001,Cuenta Ahorro
TXN-00024166,CTA-394655,CLI-32645,2026-06-09 12:02:00,2165261.9,CRC,deposito,sinpe,HE-001,Préstamo Personal
TXN-00024167,CTA-993043,CLI-41110,2026-06-03 23:04:00,2376918.39,CRC,retiro,sucursal,PU-001,Tarjeta Crédito
TXN-00024168,CTA-937550,CLI-53555,2026-06-27 20:28:00,2188703.23,CRC,retiro,web,CA-001,Cuenta Corriente
TXN-00024169,CTA-619252,CLI-85949,2026-06-16 14:29:00,3902154.45,CRC,retiro,web,LI-002,Préstamo Personal
TXN-00024170,CTA-447494,CLI-93855,2026-06-11 12:24:00,228385.02,CRC,transferencia,sinpe,AL-001,Préstamo Hipotecario
TXN-00024171,CTA-827092,CLI-93521,2026-06-22 08:47:00,180667.01,CRC,comision,app_movil,PU-001,Préstamo Personal
TXN-00024172,CTA-407648,CLI-41129,2026-06-10 05:04:00,4314184.34,CRC,retiro,app_movil,AL-001,Tarjeta Crédito
TXN-00024173,CTA-528286,CLI-71570,2026-06-27 19:49:00,3891945.94,CRC,deposito,app_movil,HE-001,Préstamo Personal
TXN-00024174,CTA-188353,CLI-62825,2026-06-26 01:25:00,843362.93,CRC,retiro,sucursal,PU-001,Cuenta Corriente
TXN-00024175,CTA-900554,CLI-20015,2026-06-06 11:00:00,1722454.31,CRC,transferencia,app_movil,SJ-002,Préstamo Hipotecario
TXN-00024176,CTA-421238,CLI-38766,2026-06-21 19:59:00,827529.69,CRC,comision,sucursal,CA-001,Cuenta Corriente
TXN-00024177,CTA-444378,CLI-15221,2026-06-30 21:10:00,4279056.94,CRC,deposito,app_movil,AL-001,Préstamo Hipotecario
TXN-00024178,CTA-925083,CLI-93273,2026-06-27 14:27:00,4622299.82,CRC,deposito,web,CA-001,Cuenta Corriente
TXN-00024179,CTA-293614,CLI-15429,2026-06-20 22:53:00,524403.42,CRC,comision,atm,SJ-002,Préstamo Hipotecario
TXN-00024180,CTA-946490,CLI-59111,2026-06-25 19:13:00,4718526.46,CRC,pago,sucursal,LI-001,Préstamo Personal
TXN-00024181,CTA-171689,CLI-64923,2026-06-28 10:28:00,1862764.03,CRC,retiro,sucursal,PU-001,Cuenta Ahorro
TXN-00024182,CTA-875534,CLI-20361,2026-06-14 05:25:00,1837447.01,CRC,deposito,atm,SJ-001,Cuenta Ahorro
TXN-00024183,CTA-403758,CLI-37016,2026-06-11 03:57:00,2338541.2,CRC,transferencia,sucursal,SJ-002,Cuenta Corriente
TXN-00024184,CTA-108276,CLI-27669,2026-06-07 11:14:00,4737613.27,CRC,retiro,web,LI-002,Préstamo Hipotecario
TXN-00024185,CTA-691524,CLI-28550,2026-06-24 23:26:00,2149237.24,CRC,deposito,sucursal,AL-001,Préstamo Personal
TXN-00024186,CTA-826097,CLI-91199,2026-06-08 05:10:00,1247964.34,CRC,pago,web,SJ-002,Cuenta Corriente
TXN-00024187,CTA-308985,CLI-60112,2026-06-23 23:22:00,4913040.68,CRC,deposito,sinpe,PU-001,Cuenta Corriente
TXN-00024188,CTA-397659,CLI-37085,2026-06-01 12:54:00,2032863.0,CRC,comision,web,SJ-001,Tarjeta Crédito
TXN-00024189,CTA-970771,CLI-43519,2026-06-25 03:50:00,2711578.68,CRC,deposito,atm,SJ-001,Cuenta Ahorro
TXN-00024190,CTA-539089,CLI-35536,2026-06-21 07:19:00,567886.42,CRC,transferencia,sinpe,HE-001,Préstamo Hipotecario
TXN-00024191,CTA-613820,CLI-74834,2026-06-22 23:20:00,1214833.14,CRC,retiro,atm,LI-002,Tarjeta Crédito
TXN-00024192,CTA-225155,CLI-75658,2026-06-09 07:34:00,3270252.48,CRC,retiro,app_movil,LI-002,Cuenta Ahorro
TXN-00024193,CTA-582358,CLI-57263,2026-06-05 13:29:00,4325488.99,CRC,comision,sinpe,CA-001,Tarjeta Crédito
TXN-00024194,CTA-974764,CLI-35801,2026-06-11 14:24:00,1996843.54,CRC,transferencia,sinpe,SJ-002,Cuenta Corriente
TXN-00024195,CTA-954238,CLI-37850,2026-06-17 22:23:00,1513682.37,CRC,retiro,sinpe,LI-002,Tarjeta Crédito
TXN-00024196,CTA-425005,CLI-32061,2026-06-28 21:01:00,424622.95,CRC,deposito,sinpe,PU-001,Préstamo Personal
TXN-00024197,CTA-396866,CLI-48281,2026-06-24 12:26:00,2850421.43,CRC,pago,sinpe,LI-002,Préstamo Personal
TXN-00024198,CTA-704256,CLI-56938,2026-06-26 15:44:00,4509621.72,CRC,pago,app_movil,PU-001,Cuenta Ahorro
TXN-00024199,CTA-313644,CLI-62510,2026-06-30 12:56:00,2299127.23,CRC,comision,web,LI-001,Tarjeta Crédito
TXN-00024200,CTA-989469,CLI-82940,2026-06-09 03:59:00,1327918.99,CRC,pago,atm,LI-002,Tarjeta Crédito
TXN-00024201,CTA-229191,CLI-58409,2026-06-27 18:45:00,3969178.94,CRC,retiro,app_movil,HE-001,Tarjeta Crédito
TXN-00024202,CTA-713473,CLI-15914,2026-06-23 23:11:00,1873628.45,CRC,transferencia,web,SJ-002,Préstamo Hipotecario
TXN-00024203,CTA-857371,CLI-44752,2026-06-03 09:38:00,4896647.2,CRC,retiro,app_movil,SJ-001,Préstamo Personal
TXN-00024204,CTA-302782,CLI-75767,2026-06-11 06:02:00,4664941.61,CRC,pago,web,LI-001,Préstamo Personal
TXN-00024205,CTA-538902,CLI-83354,2026-06-23 02:34:00,2932874.74,CRC,pago,sucursal,SJ-001,Préstamo Hipotecario
TXN-00024206,CTA-609599,CLI-67303,2026-06-29 03:31:00,1913302.49,CRC,retiro,atm,LI-002,Cuenta Corriente
TXN-00024207,CTA-472773,CLI-17898,2026-06-30 18:47:00,4598678.52,CRC,retiro,sinpe,LI-001,Cuenta Ahorro
TXN-00024208,CTA-707320,CLI-32834,2026-06-07 05:09:00,1182018.58,CRC,transferencia,sinpe,LI-002,Tarjeta Crédito
TXN-00024209,CTA-873953,CLI-92411,2026-06-19 19:54:00,202863.7,CRC,pago,web,AL-001,Cuenta Corriente
TXN-00024210,CTA-915167,CLI-84626,2026-06-29 10:57:00,604504.72,CRC,transferencia,sinpe,HE-001,Préstamo Personal
TXN-00024211,CTA-195872,CLI-24675,2026-06-16 06:49:00,3534419.81,CRC,transferencia,sucursal,LI-001,Cuenta Corriente
TXN-00024212,CTA-136283,CLI-61275,2026-06-07 06:22:00,4339834.94,CRC,pago,web,LI-002,Préstamo Hipotecario
TXN-00024213,CTA-986389,CLI-34463,2026-06-21 06:22:00,661881.69,CRC,pago,sucursal,LI-001,Cuenta Ahorro
TXN-00024214,CTA-380606,CLI-80232,2026-06-16 04:00:00,2821387.78,CRC,transferencia,app_movil,AL-001,Préstamo Hipotecario
TXN-00024215,CTA-316100,CLI-88091,2026-06-13 16:25:00,4333657.59,CRC,comision,web,SJ-001,Cuenta Ahorro
TXN-00024216,CTA-258800,CLI-26727,2026-06-03 04:20:00,1701137.99,CRC,transferencia,sucursal,AL-001,Cuenta Corriente
TXN-00024217,CTA-249274,CLI-22604,2026-06-27 16:57:00,795971.33,CRC,pago,sucursal,CA-001,Préstamo Personal
TXN-00024218,CTA-927477,CLI-91551,2026-06-06 12:32:00,3381103.29,CRC,pago,web,PU-001,Cuenta Corriente
TXN-00024219,CTA-187277,CLI-44270,2026-06-28 00:42:00,1806886.35,CRC,pago,web,SJ-001,Préstamo Personal
TXN-00024220,CTA-960936,CLI-48090,2026-06-20 18:26:00,3150443.0,CRC,pago,sinpe,LI-002,Cuenta Ahorro
TXN-00024221,CTA-783082,CLI-93370,2026-06-09 21:40:00,3471750.22,CRC,deposito,sucursal,SJ-002,Cuenta Corriente
TXN-00024222,CTA-228008,CLI-69894,2026-06-24 01:56:00,1771462.55,CRC,transferencia,atm,SJ-001,Préstamo Hipotecario
TXN-00024223,CTA-500653,CLI-33590,2026-06-27 08:47:00,1063853.16,CRC,pago,web,SJ-002,Cuenta Ahorro
TXN-00024224,CTA-772882,CLI-23640,2026-06-09 22:15:00,4765840.94,CRC,transferencia,web,PU-001,Préstamo Personal
TXN-00024225,CTA-994562,CLI-98417,2026-06-07 07:21:00,1031447.98,CRC,comision,sucursal,SJ-002,Tarjeta Crédito
TXN-00024226,CTA-975058,CLI-84885,2026-06-13 17:20:00,2513626.42,CRC,transferencia,atm,HE-001,Cuenta Ahorro
TXN-00024227,CTA-158808,CLI-94537,2026-06-28 20:51:00,553809.56,CRC,retiro,sinpe,LI-001,Préstamo Hipotecario
TXN-00024228,CTA-254030,CLI-33678,2026-06-09 21:57:00,351789.84,CRC,pago,atm,HE-001,Préstamo Personal
TXN-00024229,CTA-104117,CLI-98020,2026-06-11 22:16:00,1624981.37,CRC,retiro,web,CA-001,Cuenta Ahorro
TXN-00024230,CTA-920982,CLI-19914,2026-06-10 06:38:00,4928873.91,CRC,deposito,app_movil,HE-001,Cuenta Ahorro
TXN-00024231,CTA-121548,CLI-27835,2026-06-29 17:24:00,1581264.33,CRC,deposito,sucursal,AL-001,Tarjeta Crédito
TXN-00024232,CTA-476874,CLI-49583,2026-06-16 11:48:00,4304874.89,CRC,comision,app_movil,AL-001,Tarjeta Crédito
TXN-00024233,CTA-303212,CLI-49883,2026-06-22 17:26:00,3656726.69,CRC,deposito,sucursal,SJ-002,Cuenta Ahorro
TXN-00024234,CTA-730662,CLI-29532,2026-06-05 17:35:00,2856894.15,CRC,transferencia,web,HE-001,Tarjeta Crédito
TXN-00024235,CTA-870238,CLI-99145,2026-06-07 15:11:00,3633766.97,CRC,retiro,atm,SJ-001,Cuenta Corriente
TXN-00024236,CTA-142220,CLI-93534,2026-06-13 23:22:00,4599309.35,CRC,retiro,atm,LI-002,Préstamo Hipotecario
TXN-00024237,CTA-843375,CLI-21238,2026-06-20 09:48:00,348721.94,CRC,pago,sucursal,SJ-001,Préstamo Hipotecario
TXN-00024238,CTA-685639,CLI-80746,2026-06-16 05:24:00,3339062.39,CRC,retiro,sinpe,PU-001,Cuenta Corriente
TXN-00024239,CTA-818855,CLI-69897,2026-06-06 23:23:00,2383181.07,CRC,transferencia,web,LI-002,Préstamo Personal
TXN-00024240,CTA-161066,CLI-56015,2026-06-06 06:22:00,2210570.98,CRC,comision,app_movil,SJ-002,Tarjeta Crédito
TXN-00024241,CTA-771548,CLI-24152,2026-06-10 04:19:00,1383321.64,CRC,deposito,app_movil,AL-001,Cuenta Ahorro
TXN-00024242,CTA-448906,CLI-26439,2026-06-21 01:34:00,2028551.43,CRC,deposito,atm,SJ-002,Préstamo Hipotecario
TXN-00024243,CTA-670895,CLI-77581,2026-06-07 23:20:00,3591564.32,CRC,comision,app_movil,AL-001,Cuenta Corriente
TXN-00024244,CTA-876403,CLI-88001,2026-06-12 06:14:00,4405605.65,CRC,pago,sinpe,SJ-002,Cuenta Corriente
TXN-00024245,CTA-902847,CLI-41473,2026-06-25 03:21:00,1255300.86,CRC,pago,app_movil,SJ-002,Préstamo Personal
TXN-00024246,CTA-200629,CLI-90827,2026-06-11 13:40:00,4868257.1,CRC,deposito,web,LI-001,Cuenta Corriente
TXN-00024247,CTA-952178,CLI-21503,2026-06-23 16:34:00,942661.57,CRC,comision,web,SJ-002,Préstamo Personal
TXN-00024248,CTA-456415,CLI-48210,2026-06-22 15:02:00,1726266.76,CRC,pago,web,CA-001,Cuenta Ahorro
TXN-00024249,CTA-769053,CLI-91245,2026-06-09 20:17:00,4744416.78,CRC,comision,app_movil,CA-001,Tarjeta Crédito
TXN-00024250,CTA-907082,CLI-89776,2026-06-28 21:52:00,3521280.1,CRC,retiro,app_movil,LI-002,Cuenta Ahorro
TXN-00024251,CTA-613421,CLI-11834,2026-06-10 12:19:00,1892028.18,CRC,comision,sucursal,SJ-001,Cuenta Ahorro
TXN-00024252,CTA-606609,CLI-41134,2026-06-23 06:42:00,1440388.65,CRC,deposito,sinpe,SJ-001,Cuenta Corriente
TXN-00024253,CTA-889571,CLI-82081,2026-06-22 11:49:00,2299601.04,CRC,retiro,sucursal,SJ-002,Cuenta Corriente
TXN-00024254,CTA-109935,CLI-30143,2026-06-03 17:31:00,2242728.34,CRC,transferencia,sinpe,LI-001,Cuenta Ahorro
TXN-00024255,CTA-351630,CLI-84000,2026-06-10 10:59:00,2683174.84,CRC,comision,sinpe,PU-001,Cuenta Ahorro
TXN-00024256,CTA-101107,CLI-71123,2026-06-23 17:40:00,3854101.84,CRC,pago,web,HE-001,Cuenta Ahorro
TXN-00024257,CTA-680464,CLI-10835,2026-06-09 09:02:00,511741.49,CRC,pago,app_movil,LI-001,Préstamo Personal
TXN-00024258,CTA-806682,CLI-27638,2026-06-25 20:09:00,1071034.33,CRC,pago,atm,LI-001,Cuenta Ahorro
TXN-00024259,CTA-803793,CLI-78323,2026-06-07 18:29:00,3408600.12,CRC,retiro,web,LI-001,Cuenta Ahorro
TXN-00024260,CTA-430583,CLI-64768,2026-06-08 07:47:00,1429447.0,CRC,deposito,sinpe,CA-001,Préstamo Hipotecario
TXN-00024261,CTA-248220,CLI-88793,2026-06-30 22:50:00,4312177.42,CRC,transferencia,atm,SJ-001,Tarjeta Crédito
TXN-00024262,CTA-669520,CLI-21475,2026-06-08 11:04:00,118798.62,CRC,pago,app_movil,PU-001,Préstamo Personal
TXN-00024263,CTA-296439,CLI-36192,2026-06-07 00:46:00,2757505.08,CRC,retiro,atm,AL-001,Préstamo Personal
TXN-00024264,CTA-911477,CLI-33475,2026-06-04 03:20:00,1516515.11,CRC,retiro,atm,LI-002,Préstamo Hipotecario
TXN-00024265,CTA-815706,CLI-22292,2026-06-25 06:46:00,4294888.92,CRC,pago,sucursal,LI-002,Préstamo Personal
TXN-00024266,CTA-610181,CLI-61825,2026-06-01 15:58:00,3143409.02,CRC,pago,app_movil,SJ-001,Préstamo Personal
TXN-00024267,CTA-266464,CLI-30566,2026-06-07 17:27:00,579973.46,CRC,deposito,web,HE-001,Préstamo Personal
TXN-00024268,CTA-957799,CLI-65001,2026-06-29 19:40:00,2878808.87,CRC,deposito,app_movil,LI-002,Préstamo Hipotecario
TXN-00024269,CTA-637294,CLI-39744,2026-06-05 22:15:00,3548086.9,CRC,transferencia,app_movil,SJ-002,Cuenta Corriente
TXN-00024270,CTA-420366,CLI-63734,2026-06-12 07:33:00,3954994.57,CRC,deposito,app_movil,CA-001,Tarjeta Crédito
TXN-00024271,CTA-777384,CLI-39229,2026-06-01 04:43:00,561565.26,CRC,transferencia,web,SJ-001,Tarjeta Crédito
TXN-00024272,CTA-726232,CLI-55310,2026-06-17 11:27:00,2715414.87,CRC,pago,sinpe,LI-001,Cuenta Ahorro
TXN-00024273,CTA-212593,CLI-67140,2026-06-27 05:31:00,392435.68,CRC,comision,sucursal,LI-001,Cuenta Corriente
TXN-00024274,CTA-224917,CLI-41912,2026-06-28 12:14:00,4482149.6,CRC,transferencia,app_movil,AL-001,Préstamo Personal
TXN-00024275,CTA-337587,CLI-48677,2026-06-19 07:14:00,1822794.63,CRC,deposito,app_movil,SJ-001,Préstamo Personal
TXN-00024276,CTA-921877,CLI-77590,2026-06-04 05:43:00,499705.31,CRC,pago,sinpe,AL-001,Préstamo Personal
TXN-00024277,CTA-411515,CLI-32775,2026-06-15 21:59:00,2315175.87,CRC,transferencia,web,CA-001,Tarjeta Crédito
TXN-00024278,CTA-924906,CLI-62879,2026-06-27 03:26:00,3409949.47,CRC,transferencia,app_movil,HE-001,Préstamo Personal
TXN-00024279,CTA-606131,CLI-49226,2026-06-02 15:46:00,77267.77,CRC,transferencia,web,AL-001,Cuenta Ahorro
TXN-00024280,CTA-934809,CLI-82637,2026-06-25 00:49:00,2997208.93,CRC,retiro,sinpe,AL-001,Cuenta Ahorro
TXN-00024281,CTA-304966,CLI-65949,2026-06-21 05:48:00,2578302.61,CRC,deposito,web,SJ-001,Cuenta Ahorro
TXN-00024282,CTA-732214,CLI-26258,2026-06-05 11:16:00,3837661.34,CRC,pago,web,AL-001,Préstamo Hipotecario
TXN-00024283,CTA-261733,CLI-19732,2026-06-29 00:04:00,4818281.09,CRC,transferencia,app_movil,LI-001,Cuenta Corriente
TXN-00024284,CTA-176405,CLI-49878,2026-06-29 14:12:00,2970264.26,CRC,comision,web,CA-001,Cuenta Corriente
TXN-00024285,CTA-372922,CLI-56923,2026-06-07 03:16:00,3456338.25,CRC,deposito,atm,LI-002,Cuenta Corriente
TXN-00024286,CTA-768372,CLI-96000,2026-06-10 09:52:00,3272516.51,CRC,deposito,atm,CA-001,Préstamo Hipotecario
TXN-00024287,CTA-928052,CLI-93971,2026-06-03 00:24:00,2247243.9,CRC,pago,app_movil,LI-001,Cuenta Ahorro
TXN-00024288,CTA-324159,CLI-66397,2026-06-16 06:44:00,364243.1,CRC,comision,sinpe,CA-001,Cuenta Ahorro
TXN-00024289,CTA-527918,CLI-96981,2026-06-21 22:25:00,4760899.53,CRC,pago,sinpe,CA-001,Préstamo Personal
TXN-00024290,CTA-633514,CLI-73345,2026-06-11 18:06:00,1594213.25,CRC,deposito,app_movil,SJ-001,Tarjeta Crédito
TXN-00024291,CTA-303482,CLI-40021,2026-06-04 05:31:00,3077122.85,CRC,retiro,sucursal,SJ-002,Cuenta Corriente
TXN-00024292,CTA-805323,CLI-85939,2026-06-24 03:48:00,383819.92,CRC,pago,atm,LI-002,Cuenta Corriente
TXN-00024293,CTA-687250,CLI-75051,2026-06-23 02:36:00,3214708.87,CRC,retiro,sucursal,LI-002,Tarjeta Crédito
TXN-00024294,CTA-146385,CLI-33553,2026-06-21 14:47:00,4034190.71,CRC,transferencia,web,HE-001,Cuenta Corriente
TXN-00024295,CTA-686535,CLI-72008,2026-06-08 01:03:00,4189429.0,CRC,deposito,atm,LI-002,Tarjeta Crédito
TXN-00024296,CTA-604525,CLI-47269,2026-06-23 04:22:00,314383.0,CRC,pago,web,LI-001,Cuenta Corriente
TXN-00024297,CTA-445573,CLI-25057,2026-06-09 09:26:00,2554279.5,CRC,comision,app_movil,LI-001,Cuenta Corriente
TXN-00024298,CTA-771226,CLI-60424,2026-06-05 01:26:00,3487408.61,CRC,retiro,sucursal,AL-001,Préstamo Personal
TXN-00024299,CTA-335061,CLI-32135,2026-06-08 04:15:00,4892192.77,CRC,deposito,atm,CA-001,Cuenta Corriente
TXN-00024300,CTA-798124,CLI-45871,2026-06-07 20:22:00,1212093.33,CRC,transferencia,sucursal,LI-001,Préstamo Hipotecario
TXN-00024301,CTA-454687,CLI-13626,2026-06-25 06:56:00,1163631.29,CRC,comision,app_movil,AL-001,Préstamo Personal
TXN-00024302,CTA-557960,CLI-81365,2026-06-11 23:21:00,1122177.24,CRC,transferencia,sinpe,LI-001,Cuenta Ahorro
TXN-00024303,CTA-333456,CLI-62665,2026-06-16 05:46:00,2632637.08,CRC,comision,sucursal,LI-002,Cuenta Ahorro
TXN-00024304,CTA-477527,CLI-14750,2026-06-10 05:48:00,906059.9,CRC,deposito,sinpe,SJ-002,Tarjeta Crédito
TXN-00024305,CTA-278388,CLI-45207,2026-06-13 00:27:00,3912897.34,CRC,pago,atm,SJ-002,Cuenta Corriente
TXN-00024306,CTA-755841,CLI-87767,2026-06-27 17:48:00,2476843.04,CRC,comision,web,CA-001,Cuenta Corriente
TXN-00024307,CTA-838514,CLI-42020,2026-06-11 10:23:00,3983219.63,CRC,retiro,sucursal,SJ-001,Tarjeta Crédito
TXN-00024308,CTA-975187,CLI-32911,2026-06-24 21:04:00,3880853.76,CRC,transferencia,web,SJ-001,Tarjeta Crédito
TXN-00024309,CTA-776738,CLI-89370,2026-06-07 15:09:00,4193443.59,CRC,pago,app_movil,HE-001,Cuenta Corriente
TXN-00024310,CTA-572202,CLI-20406,2026-06-16 09:53:00,3349523.02,CRC,deposito,atm,SJ-002,Préstamo Personal
TXN-00024311,CTA-646632,CLI-20056,2026-06-19 04:47:00,1044199.46,CRC,retiro,sinpe,PU-001,Tarjeta Crédito
TXN-00024312,CTA-467608,CLI-55796,2026-06-11 11:57:00,3908642.39,CRC,pago,sinpe,SJ-001,Cuenta Ahorro
TXN-00024313,CTA-955388,CLI-49064,2026-06-28 09:58:00,159964.76,CRC,transferencia,atm,CA-001,Tarjeta Crédito
TXN-00024314,CTA-549673,CLI-93124,2026-06-06 17:23:00,1894541.07,CRC,pago,web,LI-002,Cuenta Ahorro
TXN-00024315,CTA-670613,CLI-97136,2026-06-27 22:47:00,3485159.76,CRC,pago,app_movil,PU-001,Préstamo Personal
TXN-00024316,CTA-523328,CLI-26041,2026-06-27 21:38:00,2535517.34,CRC,transferencia,atm,AL-001,Préstamo Hipotecario
TXN-00024317,CTA-321734,CLI-76604,2026-06-03 05:14:00,2149530.41,CRC,retiro,sinpe,SJ-001,Préstamo Personal
TXN-00024318,CTA-347263,CLI-18477,2026-06-20 11:16:00,2040706.85,CRC,comision,atm,HE-001,Tarjeta Crédito
TXN-00024319,CTA-994726,CLI-99424,2026-06-27 12:42:00,924206.32,CRC,comision,web,PU-001,Cuenta Ahorro
TXN-00024320,CTA-112879,CLI-75785,2026-06-10 21:36:00,1032786.81,CRC,comision,app_movil,SJ-002,Préstamo Personal
TXN-00024321,CTA-483362,CLI-55849,2026-06-15 14:16:00,4585751.33,CRC,pago,atm,HE-001,Tarjeta Crédito
TXN-00024322,CTA-214263,CLI-65050,2026-06-02 21:44:00,2672023.2,CRC,transferencia,sucursal,CA-001,Cuenta Corriente
TXN-00024323,CTA-232334,CLI-97785,2026-06-02 17:13:00,1189184.96,CRC,pago,atm,CA-001,Tarjeta Crédito
TXN-00024324,CTA-528842,CLI-41338,2026-06-27 01:50:00,256564.04,CRC,deposito,sucursal,AL-001,Cuenta Ahorro
TXN-00024325,CTA-570120,CLI-20285,2026-06-22 01:05:00,1693725.7,CRC,pago,app_movil,HE-001,Cuenta Ahorro
TXN-00024326,CTA-337475,CLI-61928,2026-06-04 23:27:00,1674239.96,CRC,deposito,app_movil,HE-001,Préstamo Hipotecario
TXN-00024327,CTA-355484,CLI-48582,2026-06-30 05:48:00,3288496.22,CRC,deposito,atm,AL-001,Cuenta Corriente
TXN-00024328,CTA-214563,CLI-41075,2026-06-11 08:18:00,2531809.44,CRC,pago,web,CA-001,Tarjeta Crédito
TXN-00024329,CTA-544188,CLI-58993,2026-06-21 20:15:00,2305393.77,CRC,transferencia,web,PU-001,Préstamo Personal
TXN-00024330,CTA-933518,CLI-82654,2026-06-04 16:03:00,370027.62,CRC,comision,sinpe,AL-001,Cuenta Ahorro
TXN-00024331,CTA-386228,CLI-37118,2026-06-01 08:48:00,3051762.07,CRC,comision,sucursal,AL-001,Cuenta Ahorro
TXN-00024332,CTA-936582,CLI-32047,2026-06-15 09:53:00,3071861.28,CRC,comision,web,CA-001,Préstamo Personal
TXN-00024333,CTA-648229,CLI-40306,2026-06-30 14:52:00,206009.05,CRC,comision,web,LI-001,Préstamo Hipotecario
TXN-00024334,CTA-843921,CLI-50569,2026-06-28 03:39:00,3982243.52,CRC,transferencia,atm,SJ-001,Préstamo Hipotecario
TXN-00024335,CTA-548422,CLI-24944,2026-06-16 07:05:00,3120426.29,CRC,comision,sucursal,SJ-002,Tarjeta Crédito
TXN-00024336,CTA-673697,CLI-23963,2026-06-03 09:53:00,711834.91,CRC,pago,app_movil,PU-001,Préstamo Hipotecario
TXN-00024337,CTA-275660,CLI-89452,2026-06-28 06:55:00,3365260.85,CRC,deposito,web,LI-002,Préstamo Hipotecario
TXN-00024338,CTA-400180,CLI-43621,2026-06-28 13:37:00,735613.98,CRC,deposito,app_movil,HE-001,Tarjeta Crédito
TXN-00024339,CTA-718661,CLI-21981,2026-06-15 07:45:00,3772597.09,CRC,retiro,app_movil,PU-001,Préstamo Hipotecario
TXN-00024340,CTA-818421,CLI-23230,2026-06-08 11:44:00,1128832.72,CRC,deposito,sinpe,CA-001,Tarjeta Crédito
TXN-00024341,CTA-446824,CLI-94277,2026-06-19 11:40:00,4066509.54,CRC,comision,app_movil,AL-001,Cuenta Ahorro
TXN-00024342,CTA-982082,CLI-80312,2026-06-08 20:48:00,3789985.86,CRC,comision,web,LI-001,Préstamo Hipotecario
TXN-00024343,CTA-966693,CLI-41179,2026-06-28 07:16:00,1180249.45,CRC,retiro,app_movil,CA-001,Préstamo Hipotecario
TXN-00024344,CTA-994053,CLI-84872,2026-06-16 21:42:00,2408481.91,CRC,transferencia,web,SJ-002,Préstamo Personal
TXN-00024345,CTA-683704,CLI-93820,2026-06-14 05:08:00,1393255.31,CRC,pago,sucursal,LI-002,Préstamo Hipotecario
TXN-00024346,CTA-739590,CLI-93582,2026-06-18 02:48:00,3387966.37,CRC,retiro,sinpe,LI-002,Cuenta Corriente
TXN-00024347,CTA-674723,CLI-85609,2026-06-18 03:30:00,4649266.59,CRC,transferencia,sucursal,AL-001,Tarjeta Crédito
TXN-00024348,CTA-181793,CLI-82551,2026-06-26 21:40:00,1978191.12,CRC,comision,sucursal,CA-001,Cuenta Ahorro
TXN-00024349,CTA-290538,CLI-56173,2026-06-22 09:00:00,3372520.58,CRC,retiro,sucursal,PU-001,Cuenta Corriente
TXN-00024350,CTA-837528,CLI-66539,2026-06-02 08:20:00,1732255.69,CRC,deposito,sinpe,CA-001,Préstamo Personal
TXN-00024351,CTA-604534,CLI-29585,2026-06-20 02:44:00,2876046.13,CRC,deposito,app_movil,LI-001,Cuenta Corriente
TXN-00024352,CTA-807451,CLI-66376,2026-06-22 18:43:00,3167400.56,CRC,retiro,app_movil,AL-001,Préstamo Hipotecario
TXN-00024353,CTA-890112,CLI-77812,2026-06-30 15:14:00,344020.29,CRC,retiro,app_movil,PU-001,Préstamo Personal
TXN-00024354,CTA-205839,CLI-13024,2026-06-27 11:51:00,1473651.2,CRC,retiro,sinpe,HE-001,Tarjeta Crédito
TXN-00024355,CTA-616962,CLI-56727,2026-06-17 14:44:00,1296297.8,CRC,comision,sucursal,AL-001,Cuenta Ahorro
TXN-00024356,CTA-590218,CLI-27672,2026-06-17 02:42:00,4765872.08,CRC,pago,sinpe,AL-001,Cuenta Corriente
TXN-00024357,CTA-254004,CLI-42061,2026-06-13 14:20:00,1999118.41,CRC,pago,atm,SJ-001,Cuenta Ahorro
TXN-00024358,CTA-872610,CLI-90715,2026-06-25 04:47:00,4270733.54,CRC,retiro,sinpe,AL-001,Cuenta Ahorro
TXN-00024359,CTA-742740,CLI-39760,2026-06-07 14:31:00,1775123.51,CRC,comision,atm,LI-002,Cuenta Ahorro
TXN-00024360,CTA-319722,CLI-22281,2026-06-02 16:40:00,2350730.01,CRC,deposito,web,CA-001,Cuenta Ahorro
TXN-00024361,CTA-126023,CLI-14541,2026-06-15 08:07:00,1522407.66,CRC,retiro,app_movil,LI-002,Préstamo Hipotecario
TXN-00024362,CTA-423972,CLI-96292,2026-06-24 15:32:00,2808318.81,CRC,retiro,atm,HE-001,Préstamo Personal
TXN-00024363,CTA-262290,CLI-45951,2026-06-02 22:15:00,3792250.39,CRC,transferencia,web,AL-001,Préstamo Hipotecario
TXN-00024364,CTA-663059,CLI-33240,2026-06-10 07:37:00,823465.82,CRC,comision,atm,PU-001,Cuenta Corriente
TXN-00024365,CTA-321910,CLI-42075,2026-06-02 14:19:00,4196396.64,CRC,deposito,sucursal,AL-001,Cuenta Ahorro
TXN-00024366,CTA-153127,CLI-99225,2026-06-05 20:51:00,494945.83,CRC,comision,web,PU-001,Préstamo Personal
TXN-00024367,CTA-230128,CLI-95602,2026-06-07 12:18:00,1525807.36,CRC,pago,app_movil,SJ-001,Tarjeta Crédito
TXN-00024368,CTA-575508,CLI-91167,2026-06-02 01:17:00,4522869.48,CRC,comision,atm,HE-001,Préstamo Personal
TXN-00024369,CTA-570518,CLI-56649,2026-06-28 22:04:00,1578863.62,CRC,retiro,sucursal,AL-001,Cuenta Ahorro
TXN-00024370,CTA-740606,CLI-60461,2026-06-23 23:36:00,4678398.98,CRC,comision,sinpe,PU-001,Cuenta Ahorro
TXN-00024371,CTA-309950,CLI-99210,2026-06-20 08:19:00,4463196.5,CRC,retiro,app_movil,HE-001,Préstamo Personal
TXN-00024372,CTA-283469,CLI-83689,2026-06-08 22:26:00,3231514.59,CRC,retiro,sucursal,PU-001,Préstamo Hipotecario
TXN-00024373,CTA-229812,CLI-87144,2026-06-18 10:56:00,3911346.4,CRC,transferencia,sinpe,LI-001,Cuenta Ahorro
TXN-00024374,CTA-584261,CLI-21119,2026-06-28 22:23:00,34284.08,CRC,pago,web,SJ-001,Cuenta Ahorro
TXN-00024375,CTA-131665,CLI-39319,2026-06-09 01:54:00,20343.02,CRC,comision,sinpe,AL-001,Préstamo Personal
TXN-00024376,CTA-219824,CLI-39277,2026-06-21 09:40:00,2897643.95,CRC,retiro,sucursal,LI-001,Cuenta Corriente
TXN-00024377,CTA-194973,CLI-33633,2026-06-09 20:51:00,2511360.39,CRC,deposito,sucursal,SJ-001,Préstamo Personal
TXN-00024378,CTA-390360,CLI-78722,2026-06-11 04:49:00,1759819.49,CRC,retiro,atm,HE-001,Cuenta Corriente
TXN-00024379,CTA-387997,CLI-20510,2026-06-26 13:08:00,1037077.06,CRC,deposito,web,SJ-002,Préstamo Hipotecario
TXN-00024380,CTA-463015,CLI-61508,2026-06-18 16:25:00,2112834.01,CRC,pago,sucursal,AL-001,Cuenta Ahorro
TXN-00024381,CTA-460872,CLI-23439,2026-06-08 08:26:00,4675895.16,CRC,retiro,sinpe,SJ-001,Cuenta Ahorro
TXN-00024382,CTA-884632,CLI-35800,2026-06-28 05:47:00,3404485.61,CRC,retiro,sinpe,LI-002,Tarjeta Crédito
TXN-00024383,CTA-125723,CLI-54508,2026-06-03 14:42:00,3000510.03,CRC,comision,web,LI-001,Cuenta Corriente
TXN-00024384,CTA-750810,CLI-28813,2026-06-06 13:09:00,2292506.91,CRC,transferencia,web,CA-001,Préstamo Hipotecario
TXN-00024385,CTA-925867,CLI-15464,2026-06-30 14:02:00,4648060.08,CRC,retiro,atm,SJ-002,Préstamo Personal
TXN-00024386,CTA-304065,CLI-77994,2026-06-24 12:26:00,4147253.31,CRC,deposito,sinpe,HE-001,Cuenta Ahorro
TXN-00024387,CTA-605801,CLI-66038,2026-06-14 09:35:00,2422400.17,CRC,comision,sinpe,LI-001,Cuenta Corriente
TXN-00024388,CTA-363412,CLI-33149,2026-06-24 08:30:00,2213309.0,CRC,retiro,sinpe,AL-001,Préstamo Hipotecario
TXN-00024389,CTA-972422,CLI-44861,2026-06-15 07:42:00,2139329.17,CRC,comision,sinpe,HE-001,Tarjeta Crédito
TXN-00024390,CTA-185187,CLI-95115,2026-06-07 07:20:00,1771126.84,CRC,retiro,sucursal,SJ-002,Préstamo Hipotecario
TXN-00024391,CTA-501359,CLI-18544,2026-06-26 03:01:00,3068810.54,CRC,retiro,sucursal,SJ-001,Cuenta Ahorro
TXN-00024392,CTA-140593,CLI-95301,2026-06-08 10:51:00,1646260.7,CRC,pago,app_movil,SJ-002,Cuenta Corriente
TXN-00024393,CTA-228882,CLI-22463,2026-06-14 07:01:00,3458012.12,CRC,deposito,atm,SJ-001,Cuenta Ahorro
TXN-00024394,CTA-259282,CLI-99095,2026-06-09 07:44:00,4740620.7,CRC,transferencia,sucursal,PU-001,Préstamo Personal
TXN-00024395,CTA-864795,CLI-66107,2026-06-29 09:33:00,1886170.79,CRC,deposito,atm,SJ-001,Préstamo Hipotecario
TXN-00024396,CTA-608949,CLI-49464,2026-06-10 12:18:00,3780739.87,CRC,deposito,web,PU-001,Cuenta Corriente
TXN-00024397,CTA-619089,CLI-89677,2026-06-28 12:23:00,4592953.43,CRC,pago,sinpe,HE-001,Tarjeta Crédito
TXN-00024398,CTA-910904,CLI-22716,2026-06-17 18:58:00,4086138.71,CRC,transferencia,atm,PU-001,Cuenta Corriente
TXN-00024399,CTA-107151,CLI-54910,2026-06-20 14:43:00,1056291.79,CRC,transferencia,sinpe,PU-001,Cuenta Ahorro
TXN-00024400,CTA-850811,CLI-59533,2026-06-06 16:03:00,1696618.62,CRC,retiro,atm,LI-001,Cuenta Ahorro
TXN-00024401,CTA-416385,CLI-86598,2026-06-19 00:36:00,4210634.51,CRC,pago,web,LI-002,Tarjeta Crédito
TXN-00024402,CTA-328436,CLI-25331,2026-06-25 18:14:00,2165989.95,CRC,deposito,atm,SJ-002,Préstamo Personal
TXN-00024403,CTA-845039,CLI-46858,2026-06-25 19:06:00,4330671.15,CRC,transferencia,sinpe,CA-001,Cuenta Corriente
TXN-00024404,CTA-668364,CLI-56868,2026-06-26 03:55:00,4216803.75,CRC,deposito,web,LI-001,Cuenta Corriente
TXN-00024405,CTA-347906,CLI-37109,2026-06-27 05:38:00,737644.11,CRC,comision,atm,LI-001,Tarjeta Crédito
TXN-00024406,CTA-940018,CLI-99945,2026-06-08 05:02:00,2064103.23,CRC,pago,app_movil,LI-002,Tarjeta Crédito
TXN-00024407,CTA-380448,CLI-22816,2026-06-03 14:00:00,2894264.69,CRC,transferencia,app_movil,SJ-002,Tarjeta Crédito
TXN-00024408,CTA-124416,CLI-68826,2026-06-09 02:03:00,1820495.99,CRC,deposito,sinpe,CA-001,Préstamo Hipotecario
TXN-00024409,CTA-593564,CLI-97953,2026-06-22 01:16:00,1338862.64,CRC,retiro,sinpe,SJ-001,Cuenta Corriente
TXN-00024410,CTA-327999,CLI-47853,2026-06-08 05:05:00,4828409.38,CRC,retiro,sinpe,LI-001,Préstamo Hipotecario
TXN-00024411,CTA-103796,CLI-74685,2026-06-07 23:39:00,2481738.9,CRC,transferencia,app_movil,SJ-002,Tarjeta Crédito
TXN-00024412,CTA-893743,CLI-37363,2026-06-04 01:14:00,965242.55,CRC,pago,sucursal,PU-001,Tarjeta Crédito
TXN-00024413,CTA-990111,CLI-46530,2026-06-17 12:27:00,3993910.35,CRC,pago,app_movil,SJ-001,Tarjeta Crédito
TXN-00024414,CTA-413018,CLI-89996,2026-06-01 14:57:00,1661267.71,CRC,transferencia,atm,SJ-001,Cuenta Corriente
TXN-00024415,CTA-620181,CLI-27110,2026-06-19 09:32:00,1057864.53,CRC,retiro,sinpe,SJ-001,Préstamo Personal
TXN-00024416,CTA-540388,CLI-10181,2026-06-24 01:39:00,450284.17,CRC,transferencia,atm,CA-001,Cuenta Corriente
TXN-00024417,CTA-144662,CLI-48136,2026-06-28 22:51:00,2719489.46,CRC,comision,sinpe,SJ-002,Cuenta Ahorro
TXN-00024418,CTA-548569,CLI-28244,2026-06-01 21:22:00,2445412.86,CRC,transferencia,sinpe,SJ-001,Tarjeta Crédito
TXN-00024419,CTA-991989,CLI-85680,2026-06-08 19:40:00,813187.0,CRC,comision,web,HE-001,Cuenta Ahorro
TXN-00024420,CTA-848374,CLI-85431,2026-06-09 21:26:00,2605646.12,CRC,deposito,sinpe,SJ-002,Préstamo Hipotecario
TXN-00024421,CTA-553561,CLI-46297,2026-06-12 17:03:00,4729654.53,CRC,transferencia,atm,PU-001,Préstamo Hipotecario
TXN-00024422,CTA-249848,CLI-82044,2026-06-22 00:07:00,3675419.12,CRC,retiro,atm,PU-001,Cuenta Corriente
TXN-00024423,CTA-773129,CLI-26879,2026-06-27 14:12:00,2137146.96,CRC,deposito,atm,LI-002,Préstamo Personal
TXN-00024424,CTA-495216,CLI-22292,2026-06-22 08:24:00,3829228.3,CRC,comision,app_movil,AL-001,Préstamo Personal
TXN-00024425,CTA-317534,CLI-79795,2026-06-08 12:55:00,3854227.54,CRC,retiro,sinpe,AL-001,Cuenta Ahorro
TXN-00024426,CTA-552835,CLI-99908,2026-06-16 05:55:00,3035771.9,CRC,deposito,web,LI-001,Tarjeta Crédito
TXN-00024427,CTA-377028,CLI-85188,2026-06-01 19:26:00,1868596.78,CRC,transferencia,sinpe,HE-001,Préstamo Hipotecario
TXN-00024428,CTA-710450,CLI-50393,2026-06-20 16:31:00,442731.14,CRC,transferencia,web,SJ-002,Cuenta Corriente
TXN-00024429,CTA-712640,CLI-81563,2026-06-03 06:21:00,4252816.96,CRC,comision,sinpe,AL-001,Préstamo Personal
TXN-00024430,CTA-750808,CLI-82179,2026-06-26 16:00:00,690657.14,CRC,retiro,app_movil,LI-001,Préstamo Personal
TXN-00024431,CTA-525188,CLI-32661,2026-06-08 19:07:00,1413772.0,CRC,transferencia,sinpe,CA-001,Tarjeta Crédito
TXN-00024432,CTA-470417,CLI-60549,2026-06-19 11:23:00,3579585.07,CRC,pago,sucursal,LI-002,Cuenta Ahorro
TXN-00024433,CTA-567688,CLI-29693,2026-06-07 09:44:00,1784866.43,CRC,retiro,web,SJ-001,Cuenta Ahorro
TXN-00024434,CTA-305553,CLI-75731,2026-06-07 07:08:00,3602419.93,CRC,pago,web,PU-001,Cuenta Ahorro
TXN-00024435,CTA-772983,CLI-16250,2026-06-19 21:20:00,4048677.01,CRC,deposito,app_movil,LI-002,Cuenta Ahorro
TXN-00024436,CTA-793773,CLI-21754,2026-06-04 06:07:00,2782709.19,CRC,deposito,sucursal,CA-001,Tarjeta Crédito
TXN-00024437,CTA-260483,CLI-96080,2026-06-02 06:30:00,42798.01,CRC,comision,atm,HE-001,Préstamo Hipotecario
TXN-00024438,CTA-550264,CLI-52814,2026-06-16 18:27:00,1014786.67,CRC,retiro,sucursal,CA-001,Préstamo Personal
TXN-00024439,CTA-907410,CLI-95618,2026-06-22 17:26:00,1748957.6,CRC,transferencia,sinpe,AL-001,Cuenta Corriente
TXN-00024440,CTA-573432,CLI-27846,2026-06-30 12:39:00,4114240.71,CRC,pago,web,LI-002,Cuenta Ahorro
TXN-00024441,CTA-129752,CLI-51542,2026-06-21 09:38:00,585279.07,CRC,pago,sucursal,SJ-002,Tarjeta Crédito
TXN-00024442,CTA-468145,CLI-68878,2026-06-15 12:12:00,696838.86,CRC,retiro,atm,HE-001,Tarjeta Crédito
TXN-00024443,CTA-807797,CLI-37737,2026-06-05 16:02:00,751743.77,CRC,deposito,atm,SJ-002,Cuenta Ahorro
TXN-00024444,CTA-343827,CLI-27615,2026-06-07 00:53:00,4063009.02,CRC,retiro,atm,SJ-002,Tarjeta Crédito
TXN-00024445,CTA-270073,CLI-60537,2026-06-03 16:28:00,3470039.22,CRC,transferencia,sinpe,CA-001,Cuenta Corriente
TXN-00024446,CTA-953790,CLI-45044,2026-06-20 16:29:00,2904829.1,CRC,comision,sinpe,SJ-001,Cuenta Ahorro
TXN-00024447,CTA-204108,CLI-48057,2026-06-04 11:26:00,4922440.41,CRC,comision,app_movil,HE-001,Cuenta Ahorro
TXN-00024448,CTA-606816,CLI-54167,2026-06-15 11:52:00,714311.32,CRC,transferencia,app_movil,SJ-002,Cuenta Ahorro
TXN-00024449,CTA-736038,CLI-84050,2026-06-18 21:20:00,365119.05,CRC,retiro,sinpe,CA-001,Cuenta Ahorro
TXN-00024450,CTA-951712,CLI-30945,2026-06-23 12:47:00,3338403.8,CRC,transferencia,atm,HE-001,Cuenta Ahorro
TXN-00024451,CTA-523964,CLI-67859,2026-06-17 14:01:00,386982.67,CRC,deposito,app_movil,LI-002,Préstamo Hipotecario
TXN-00024452,CTA-177679,CLI-45232,2026-06-29 03:36:00,3359065.26,CRC,transferencia,web,AL-001,Cuenta Corriente
TXN-00024453,CTA-145473,CLI-13213,2026-06-05 18:11:00,1469421.57,CRC,retiro,web,PU-001,Cuenta Ahorro
TXN-00024454,CTA-114267,CLI-39895,2026-06-04 21:19:00,4616384.29,CRC,retiro,sucursal,HE-001,Tarjeta Crédito
TXN-00024455,CTA-455060,CLI-44566,2026-06-09 17:45:00,703308.97,CRC,deposito,web,SJ-001,Préstamo Hipotecario
TXN-00024456,CTA-535275,CLI-90788,2026-06-29 19:08:00,922750.64,CRC,retiro,web,LI-002,Tarjeta Crédito
TXN-00024457,CTA-264612,CLI-17684,2026-06-26 16:21:00,4457684.51,CRC,transferencia,app_movil,AL-001,Préstamo Personal
TXN-00024458,CTA-905490,CLI-78013,2026-06-20 09:31:00,3895703.04,CRC,deposito,atm,CA-001,Préstamo Personal
TXN-00024459,CTA-760917,CLI-46598,2026-06-21 13:54:00,1815218.44,CRC,comision,sucursal,LI-001,Préstamo Personal
TXN-00024460,CTA-440400,CLI-79111,2026-06-15 03:44:00,3192080.97,CRC,transferencia,sinpe,SJ-001,Cuenta Corriente
TXN-00024461,CTA-705735,CLI-16603,2026-06-14 01:45:00,4545717.48,CRC,retiro,sinpe,AL-001,Cuenta Ahorro
TXN-00024462,CTA-611084,CLI-53668,2026-06-17 10:59:00,3461016.93,CRC,retiro,sucursal,CA-001,Préstamo Personal
TXN-00024463,CTA-161688,CLI-87634,2026-06-19 05:45:00,2845338.51,CRC,comision,sinpe,PU-001,Préstamo Hipotecario
TXN-00024464,CTA-290526,CLI-27761,2026-06-13 20:24:00,3404595.73,CRC,deposito,app_movil,SJ-002,Cuenta Ahorro
TXN-00024465,CTA-512479,CLI-44953,2026-06-17 13:48:00,538499.52,CRC,retiro,app_movil,AL-001,Préstamo Personal
TXN-00024466,CTA-513041,CLI-57570,2026-06-04 04:32:00,2781119.25,CRC,deposito,app_movil,LI-002,Préstamo Personal
TXN-00024467,CTA-379921,CLI-42821,2026-06-01 09:45:00,2525827.87,CRC,deposito,sinpe,LI-002,Préstamo Personal
TXN-00024468,CTA-610232,CLI-68682,2026-06-04 09:21:00,4928165.01,CRC,deposito,atm,HE-001,Préstamo Hipotecario
TXN-00024469,CTA-969202,CLI-91680,2026-06-17 23:35:00,2790744.76,CRC,deposito,web,PU-001,Tarjeta Crédito
TXN-00024470,CTA-699924,CLI-70985,2026-06-14 17:19:00,3725876.93,CRC,deposito,sinpe,PU-001,Tarjeta Crédito
TXN-00024471,CTA-579590,CLI-13925,2026-06-15 09:39:00,3027683.87,CRC,transferencia,web,LI-002,Préstamo Hipotecario
TXN-00024472,CTA-662339,CLI-99566,2026-06-20 17:01:00,3068263.55,CRC,comision,sucursal,PU-001,Cuenta Ahorro
TXN-00024473,CTA-254582,CLI-75340,2026-06-22 08:56:00,4679324.54,CRC,retiro,app_movil,LI-001,Cuenta Corriente
TXN-00024474,CTA-596229,CLI-24424,2026-06-24 16:22:00,2977925.28,CRC,pago,web,SJ-001,Cuenta Corriente
TXN-00024475,CTA-169975,CLI-22621,2026-06-23 04:06:00,1741592.87,CRC,pago,atm,SJ-002,Préstamo Personal
TXN-00024476,CTA-261907,CLI-44326,2026-06-28 05:51:00,4199247.75,CRC,retiro,sinpe,HE-001,Préstamo Hipotecario
TXN-00024477,CTA-245254,CLI-39992,2026-06-05 14:45:00,2015683.35,CRC,pago,app_movil,PU-001,Préstamo Personal
TXN-00024478,CTA-779219,CLI-22976,2026-06-17 09:10:00,4620297.98,CRC,pago,sucursal,PU-001,Préstamo Hipotecario
TXN-00024479,CTA-883310,CLI-50123,2026-06-11 19:15:00,2862816.58,CRC,comision,app_movil,LI-002,Préstamo Hipotecario
TXN-00024480,CTA-255108,CLI-41369,2026-06-28 21:40:00,1578452.07,CRC,retiro,sinpe,LI-002,Tarjeta Crédito
TXN-00024481,CTA-776174,CLI-88568,2026-06-20 22:52:00,1521573.33,CRC,retiro,sucursal,CA-001,Tarjeta Crédito
TXN-00024482,CTA-817400,CLI-20164,2026-06-26 00:33:00,1729071.37,CRC,retiro,atm,LI-001,Tarjeta Crédito
TXN-00024483,CTA-845354,CLI-19735,2026-06-03 01:33:00,3914944.84,CRC,retiro,sinpe,LI-001,Cuenta Corriente
TXN-00024484,CTA-114630,CLI-80851,2026-06-19 17:38:00,4940603.19,CRC,transferencia,app_movil,PU-001,Cuenta Corriente
TXN-00024485,CTA-287378,CLI-84108,2026-06-06 09:52:00,972789.33,CRC,transferencia,app_movil,CA-001,Préstamo Hipotecario
TXN-00024486,CTA-125611,CLI-95455,2026-06-19 00:31:00,2372839.51,CRC,transferencia,app_movil,LI-001,Cuenta Ahorro
TXN-00024487,CTA-460720,CLI-32937,2026-06-03 12:24:00,4355121.16,CRC,transferencia,app_movil,SJ-001,Tarjeta Crédito
TXN-00024488,CTA-918151,CLI-97807,2026-06-27 18:00:00,3220847.68,CRC,transferencia,app_movil,AL-001,Préstamo Personal
TXN-00024489,CTA-722138,CLI-12845,2026-06-23 16:38:00,3615601.58,CRC,pago,app_movil,LI-001,Préstamo Personal
TXN-00024490,CTA-199308,CLI-78622,2026-06-03 03:21:00,4269970.81,CRC,comision,app_movil,HE-001,Tarjeta Crédito
TXN-00024491,CTA-276263,CLI-22913,2026-06-27 14:44:00,3316181.21,CRC,transferencia,app_movil,HE-001,Cuenta Ahorro
TXN-00024492,CTA-453651,CLI-50606,2026-06-13 14:44:00,1806962.84,CRC,transferencia,sucursal,LI-002,Cuenta Corriente
TXN-00024493,CTA-603391,CLI-99114,2026-06-11 06:17:00,4444934.84,CRC,retiro,web,PU-001,Tarjeta Crédito
TXN-00024494,CTA-323535,CLI-29597,2026-06-24 18:18:00,4504607.13,CRC,deposito,sucursal,SJ-001,Préstamo Hipotecario
TXN-00024495,CTA-195038,CLI-25523,2026-06-20 03:12:00,1805096.74,CRC,pago,sinpe,SJ-001,Cuenta Corriente
TXN-00024496,CTA-820178,CLI-15087,2026-06-08 01:57:00,311395.36,CRC,deposito,sinpe,LI-001,Cuenta Corriente
TXN-00024497,CTA-597307,CLI-44627,2026-06-06 12:48:00,2750974.08,CRC,deposito,app_movil,CA-001,Préstamo Personal
TXN-00024498,CTA-427005,CLI-33238,2026-06-19 16:38:00,3124157.31,CRC,deposito,web,CA-001,Cuenta Corriente
TXN-00024499,CTA-613765,CLI-73297,2026-06-03 22:03:00,4354084.03,CRC,retiro,web,LI-002,Tarjeta Crédito
TXN-00024500,CTA-787337,CLI-40245,2026-06-09 04:37:00,648118.74,CRC,pago,sucursal,SJ-001,Cuenta Corriente
TXN-00024501,CTA-536719,CLI-28296,2026-06-20 07:12:00,1940182.31,CRC,deposito,web,LI-001,Cuenta Corriente
TXN-00024502,CTA-857875,CLI-56646,2026-06-13 12:39:00,2446476.14,CRC,comision,app_movil,LI-002,Préstamo Personal
TXN-00024503,CTA-598622,CLI-44589,2026-06-10 13:50:00,951710.62,CRC,retiro,atm,LI-002,Tarjeta Crédito
TXN-00024504,CTA-210951,CLI-30661,2026-06-27 21:30:00,4091978.55,CRC,comision,app_movil,LI-002,Cuenta Corriente
TXN-00024505,CTA-804860,CLI-79120,2026-06-05 05:50:00,4984617.18,CRC,transferencia,atm,PU-001,Cuenta Corriente
TXN-00024506,CTA-548816,CLI-11899,2026-06-14 17:30:00,4896119.58,CRC,transferencia,web,LI-002,Cuenta Corriente
TXN-00024507,CTA-114699,CLI-63920,2026-06-29 19:01:00,3063084.09,CRC,pago,web,AL-001,Cuenta Ahorro
TXN-00024508,CTA-122353,CLI-65955,2026-06-12 22:44:00,4937451.02,CRC,retiro,sinpe,PU-001,Préstamo Hipotecario
TXN-00024509,CTA-536742,CLI-43849,2026-06-22 12:40:00,2784224.35,CRC,pago,web,LI-001,Tarjeta Crédito
TXN-00024510,CTA-466771,CLI-83641,2026-06-16 13:15:00,3230150.7,CRC,pago,app_movil,SJ-001,Cuenta Ahorro
TXN-00024511,CTA-185500,CLI-53026,2026-06-10 12:19:00,2728554.71,CRC,retiro,atm,SJ-002,Préstamo Personal
TXN-00024512,CTA-232197,CLI-66748,2026-06-04 23:31:00,4495862.22,CRC,transferencia,sucursal,LI-001,Préstamo Hipotecario
TXN-00024513,CTA-211953,CLI-53167,2026-06-10 23:46:00,1534244.62,CRC,pago,app_movil,LI-002,Cuenta Corriente
TXN-00024514,CTA-537000,CLI-48634,2026-06-06 17:58:00,4863675.42,CRC,retiro,web,PU-001,Préstamo Personal
TXN-00024515,CTA-221052,CLI-23278,2026-06-07 11:25:00,818636.2,CRC,retiro,sinpe,LI-001,Cuenta Ahorro
TXN-00024516,CTA-189362,CLI-61124,2026-06-22 09:40:00,3731698.56,CRC,retiro,sinpe,CA-001,Préstamo Hipotecario
TXN-00024517,CTA-133982,CLI-91040,2026-06-26 05:08:00,544635.83,CRC,transferencia,sinpe,LI-001,Préstamo Hipotecario
TXN-00024518,CTA-285565,CLI-87194,2026-06-06 18:28:00,4102934.82,CRC,deposito,atm,SJ-001,Cuenta Corriente
TXN-00024519,CTA-676952,CLI-60552,2026-06-01 07:32:00,4176080.84,CRC,retiro,web,CA-001,Tarjeta Crédito
TXN-00024520,CTA-671042,CLI-66253,2026-06-15 10:48:00,1392077.16,CRC,deposito,app_movil,AL-001,Tarjeta Crédito
TXN-00024521,CTA-420407,CLI-77008,2026-06-22 02:12:00,4884583.64,CRC,comision,app_movil,AL-001,Cuenta Corriente
TXN-00024522,CTA-847295,CLI-99137,2026-06-01 11:01:00,1292631.68,CRC,retiro,sinpe,HE-001,Cuenta Ahorro
TXN-00024523,CTA-319633,CLI-42781,2026-06-22 00:31:00,786652.27,CRC,comision,sucursal,SJ-002,Cuenta Corriente
TXN-00024524,CTA-489834,CLI-46828,2026-06-19 04:50:00,1395970.63,CRC,comision,app_movil,CA-001,Préstamo Personal
TXN-00024525,CTA-340750,CLI-54266,2026-06-01 03:16:00,379605.74,CRC,transferencia,web,SJ-002,Tarjeta Crédito
TXN-00024526,CTA-213425,CLI-26856,2026-06-25 02:42:00,3088667.7,CRC,transferencia,atm,PU-001,Cuenta Ahorro
TXN-00024527,CTA-168639,CLI-98847,2026-06-22 08:36:00,868836.25,CRC,comision,atm,CA-001,Tarjeta Crédito
TXN-00024528,CTA-372259,CLI-64005,2026-06-13 01:49:00,1421111.98,CRC,deposito,web,CA-001,Préstamo Hipotecario
TXN-00024529,CTA-518011,CLI-72082,2026-06-07 03:14:00,1457095.78,CRC,pago,app_movil,CA-001,Tarjeta Crédito
TXN-00024530,CTA-648693,CLI-48956,2026-06-30 19:38:00,1965598.99,CRC,comision,sinpe,AL-001,Préstamo Personal
TXN-00024531,CTA-236678,CLI-97547,2026-06-24 09:55:00,2379245.93,CRC,retiro,sinpe,AL-001,Cuenta Corriente
TXN-00024532,CTA-925248,CLI-58066,2026-06-17 00:53:00,2243761.31,CRC,comision,sinpe,CA-001,Préstamo Personal
TXN-00024533,CTA-269393,CLI-33668,2026-06-05 03:31:00,322081.59,CRC,retiro,sucursal,CA-001,Cuenta Ahorro
TXN-00024534,CTA-351945,CLI-97530,2026-06-08 12:07:00,1148659.97,CRC,transferencia,sucursal,PU-001,Préstamo Personal
TXN-00024535,CTA-835231,CLI-63252,2026-06-17 19:52:00,551217.65,CRC,transferencia,sinpe,LI-002,Préstamo Personal
TXN-00024536,CTA-888362,CLI-59989,2026-06-01 17:03:00,2345572.66,CRC,pago,atm,CA-001,Cuenta Corriente
TXN-00024537,CTA-126728,CLI-35779,2026-06-07 09:02:00,3870302.08,CRC,deposito,web,HE-001,Tarjeta Crédito
TXN-00024538,CTA-146915,CLI-85572,2026-06-02 09:21:00,2989781.44,CRC,pago,sucursal,SJ-001,Cuenta Corriente
TXN-00024539,CTA-765711,CLI-14655,2026-06-07 02:15:00,1105736.27,CRC,pago,sucursal,HE-001,Préstamo Personal
TXN-00024540,CTA-833550,CLI-62082,2026-06-10 05:13:00,4122110.53,CRC,pago,atm,SJ-001,Cuenta Corriente
TXN-00024541,CTA-436055,CLI-38124,2026-06-18 01:37:00,4551994.21,CRC,pago,sinpe,PU-001,Cuenta Ahorro
TXN-00024542,CTA-169849,CLI-87920,2026-06-28 20:31:00,75695.53,CRC,retiro,atm,LI-002,Préstamo Hipotecario
TXN-00024543,CTA-513493,CLI-21451,2026-06-27 10:29:00,2203697.53,CRC,pago,sucursal,CA-001,Cuenta Ahorro
TXN-00024544,CTA-900696,CLI-86921,2026-06-13 14:21:00,4543654.47,CRC,retiro,web,SJ-001,Tarjeta Crédito
TXN-00024545,CTA-656160,CLI-81216,2026-06-30 19:06:00,1871556.14,CRC,retiro,sinpe,PU-001,Préstamo Personal
TXN-00024546,CTA-843722,CLI-81822,2026-06-15 10:14:00,3217730.65,CRC,transferencia,app_movil,HE-001,Cuenta Ahorro
TXN-00024547,CTA-162748,CLI-18945,2026-06-05 14:39:00,4037102.92,CRC,retiro,app_movil,PU-001,Préstamo Hipotecario
TXN-00024548,CTA-905299,CLI-26318,2026-06-20 12:55:00,2807983.26,CRC,comision,app_movil,SJ-002,Cuenta Corriente
TXN-00024549,CTA-167640,CLI-42304,2026-06-27 20:19:00,3422513.07,CRC,comision,web,LI-001,Préstamo Personal
TXN-00024550,CTA-565475,CLI-23244,2026-06-19 17:41:00,1600193.88,CRC,pago,app_movil,PU-001,Cuenta Ahorro
TXN-00024551,CTA-529856,CLI-47197,2026-06-03 21:10:00,3871268.77,CRC,retiro,app_movil,LI-002,Tarjeta Crédito
TXN-00024552,CTA-672668,CLI-11265,2026-06-14 10:03:00,3874983.87,CRC,transferencia,sinpe,SJ-001,Préstamo Personal
TXN-00024553,CTA-627849,CLI-94350,2026-06-11 02:01:00,554958.44,CRC,deposito,atm,SJ-002,Préstamo Hipotecario
TXN-00024554,CTA-946278,CLI-31518,2026-06-17 22:34:00,4707063.5,CRC,comision,atm,PU-001,Préstamo Hipotecario
TXN-00024555,CTA-615427,CLI-96584,2026-06-17 00:09:00,4946351.73,CRC,deposito,sinpe,LI-001,Préstamo Hipotecario
TXN-00024556,CTA-630495,CLI-76982,2026-06-22 14:40:00,2691303.66,CRC,comision,web,AL-001,Cuenta Corriente
TXN-00024557,CTA-663753,CLI-90230,2026-06-10 09:24:00,4972255.06,CRC,retiro,web,LI-001,Préstamo Personal
TXN-00024558,CTA-115833,CLI-24809,2026-06-07 11:27:00,3025831.45,CRC,deposito,app_movil,HE-001,Cuenta Corriente
TXN-00024559,CTA-376331,CLI-11729,2026-06-26 01:45:00,4334504.76,CRC,transferencia,sinpe,HE-001,Cuenta Corriente
TXN-00024560,CTA-508815,CLI-16842,2026-06-21 19:02:00,495012.23,CRC,pago,atm,AL-001,Préstamo Hipotecario
TXN-00024561,CTA-427822,CLI-29631,2026-06-29 20:43:00,2262162.58,CRC,transferencia,sinpe,SJ-001,Préstamo Hipotecario
TXN-00024562,CTA-301038,CLI-50419,2026-06-02 19:35:00,4123698.61,CRC,pago,sinpe,SJ-001,Cuenta Ahorro
TXN-00024563,CTA-415566,CLI-10465,2026-06-14 17:09:00,3539871.71,CRC,transferencia,atm,SJ-001,Cuenta Ahorro
TXN-00024564,CTA-391621,CLI-71042,2026-06-01 01:02:00,1633497.26,CRC,transferencia,sucursal,HE-001,Tarjeta Crédito
TXN-00024565,CTA-420465,CLI-92078,2026-06-09 20:41:00,2671660.19,CRC,transferencia,sucursal,AL-001,Cuenta Corriente
TXN-00024566,CTA-291618,CLI-41476,2026-06-24 23:28:00,447891.67,CRC,retiro,sucursal,AL-001,Cuenta Ahorro
TXN-00024567,CTA-829510,CLI-35633,2026-06-18 13:58:00,634382.96,CRC,transferencia,sucursal,HE-001,Cuenta Ahorro
TXN-00024568,CTA-378107,CLI-56413,2026-06-16 04:00:00,3316640.94,CRC,deposito,app_movil,HE-001,Préstamo Hipotecario
TXN-00024569,CTA-517185,CLI-38165,2026-06-08 18:54:00,1587130.27,CRC,pago,web,LI-002,Tarjeta Crédito
TXN-00024570,CTA-626066,CLI-81085,2026-06-01 16:20:00,1924343.5,CRC,pago,sinpe,AL-001,Cuenta Ahorro
TXN-00024571,CTA-216544,CLI-83741,2026-06-01 14:05:00,815684.26,CRC,pago,atm,CA-001,Tarjeta Crédito
TXN-00024572,CTA-610677,CLI-34300,2026-06-26 23:33:00,1223140.38,CRC,retiro,sucursal,LI-001,Cuenta Ahorro
TXN-00024573,CTA-852230,CLI-82126,2026-06-22 11:53:00,1672894.09,CRC,deposito,atm,CA-001,Préstamo Personal
TXN-00024574,CTA-244235,CLI-56090,2026-06-17 18:43:00,255624.73,CRC,transferencia,atm,AL-001,Préstamo Personal
TXN-00024575,CTA-276183,CLI-89351,2026-06-05 09:05:00,598850.55,CRC,comision,sucursal,LI-001,Préstamo Personal
TXN-00024576,CTA-601179,CLI-94746,2026-06-05 22:40:00,317842.41,CRC,retiro,sinpe,AL-001,Cuenta Corriente
TXN-00024577,CTA-191606,CLI-10349,2026-06-19 19:48:00,187021.52,CRC,transferencia,web,AL-001,Tarjeta Crédito
TXN-00024578,CTA-827608,CLI-95176,2026-06-21 01:06:00,1611270.86,CRC,comision,sinpe,SJ-002,Préstamo Hipotecario
TXN-00024579,CTA-953073,CLI-67974,2026-06-09 16:04:00,4715112.77,CRC,retiro,atm,LI-002,Tarjeta Crédito
TXN-00024580,CTA-796658,CLI-81427,2026-06-21 08:47:00,4580855.08,CRC,deposito,sucursal,SJ-002,Cuenta Ahorro
TXN-00024581,CTA-125369,CLI-58089,2026-06-05 09:40:00,2798450.13,CRC,transferencia,app_movil,SJ-002,Cuenta Corriente
TXN-00024582,CTA-416302,CLI-39084,2026-06-29 09:25:00,1492546.13,CRC,pago,app_movil,SJ-001,Tarjeta Crédito
TXN-00024583,CTA-472132,CLI-93984,2026-06-01 23:19:00,3873581.91,CRC,comision,sucursal,LI-001,Préstamo Hipotecario
TXN-00024584,CTA-474020,CLI-99358,2026-06-26 22:26:00,2879563.76,CRC,pago,sinpe,LI-001,Préstamo Hipotecario
TXN-00024585,CTA-207546,CLI-85769,2026-06-01 15:09:00,999461.51,CRC,pago,sucursal,AL-001,Tarjeta Crédito
TXN-00024586,CTA-324166,CLI-23698,2026-06-01 22:45:00,43208.09,CRC,retiro,sucursal,LI-001,Cuenta Ahorro
TXN-00024587,CTA-488581,CLI-70437,2026-06-11 04:18:00,1479763.92,CRC,retiro,sucursal,SJ-001,Cuenta Corriente
TXN-00024588,CTA-259028,CLI-34070,2026-06-22 11:39:00,244788.07,CRC,transferencia,atm,HE-001,Préstamo Hipotecario
TXN-00024589,CTA-249478,CLI-26947,2026-06-02 00:08:00,2426048.81,CRC,comision,app_movil,SJ-002,Préstamo Hipotecario
TXN-00024590,CTA-475988,CLI-43129,2026-06-30 17:31:00,626760.27,CRC,comision,web,LI-002,Préstamo Personal
TXN-00024591,CTA-733910,CLI-32364,2026-06-10 11:23:00,4946084.67,CRC,comision,web,AL-001,Préstamo Hipotecario
TXN-00024592,CTA-670883,CLI-25457,2026-06-05 23:29:00,3171612.61,CRC,retiro,atm,LI-001,Cuenta Corriente
TXN-00024593,CTA-934368,CLI-21592,2026-06-05 02:48:00,2553394.25,CRC,retiro,sucursal,LI-001,Cuenta Corriente
TXN-00024594,CTA-759184,CLI-80088,2026-06-30 22:17:00,4476345.93,CRC,retiro,web,LI-002,Préstamo Hipotecario
TXN-00024595,CTA-754901,CLI-63568,2026-06-14 20:55:00,780035.08,CRC,comision,web,LI-002,Cuenta Corriente
TXN-00024596,CTA-296733,CLI-55262,2026-06-26 23:19:00,1618153.25,CRC,transferencia,atm,AL-001,Cuenta Ahorro
TXN-00024597,CTA-720166,CLI-96422,2026-06-09 17:09:00,2941352.47,CRC,comision,sinpe,LI-001,Tarjeta Crédito
TXN-00024598,CTA-566058,CLI-99563,2026-06-04 01:23:00,1240556.15,CRC,transferencia,app_movil,LI-002,Cuenta Ahorro
TXN-00024599,CTA-654419,CLI-56099,2026-06-03 01:12:00,2464002.67,CRC,deposito,web,LI-001,Préstamo Hipotecario
TXN-00024600,CTA-641521,CLI-50312,2026-06-15 08:04:00,813467.92,CRC,retiro,web,AL-001,Cuenta Corriente
TXN-00024601,CTA-531059,CLI-78537,2026-06-15 08:18:00,1112077.42,CRC,transferencia,sucursal,LI-001,Tarjeta Crédito
TXN-00024602,CTA-439557,CLI-60009,2026-06-26 17:58:00,4678269.6,CRC,retiro,atm,HE-001,Cuenta Corriente
TXN-00024603,CTA-906052,CLI-60254,2026-06-01 06:10:00,4773329.97,CRC,deposito,atm,SJ-001,Préstamo Hipotecario
TXN-00024604,CTA-669055,CLI-56787,2026-06-03 13:14:00,1844601.88,CRC,comision,sucursal,SJ-002,Tarjeta Crédito
TXN-00024605,CTA-209183,CLI-66125,2026-06-02 03:28:00,3127104.75,CRC,comision,atm,CA-001,Préstamo Personal
TXN-00024606,CTA-125002,CLI-81722,2026-06-07 06:36:00,4423435.04,CRC,retiro,sinpe,SJ-001,Tarjeta Crédito
TXN-00024607,CTA-297416,CLI-99702,2026-06-05 13:58:00,3758642.14,CRC,deposito,web,SJ-001,Cuenta Ahorro
TXN-00024608,CTA-687440,CLI-90584,2026-06-20 23:00:00,3417512.41,CRC,deposito,app_movil,AL-001,Tarjeta Crédito
TXN-00024609,CTA-208611,CLI-75642,2026-06-03 21:15:00,3781439.3,CRC,pago,web,SJ-002,Préstamo Hipotecario
TXN-00024610,CTA-997385,CLI-71838,2026-06-13 06:31:00,4442335.15,CRC,deposito,sucursal,LI-002,Cuenta Ahorro
TXN-00024611,CTA-725022,CLI-21006,2026-06-24 14:15:00,3997231.81,CRC,retiro,atm,LI-002,Cuenta Corriente
TXN-00024612,CTA-839136,CLI-15081,2026-06-04 16:57:00,1250652.14,CRC,transferencia,app_movil,AL-001,Tarjeta Crédito
TXN-00024613,CTA-292607,CLI-74990,2026-06-24 14:19:00,3166664.35,CRC,comision,sinpe,LI-002,Cuenta Corriente
TXN-00024614,CTA-870273,CLI-48135,2026-06-23 10:10:00,307119.5,CRC,comision,sucursal,PU-001,Préstamo Personal
TXN-00024615,CTA-762387,CLI-47191,2026-06-10 03:56:00,383758.43,CRC,pago,sinpe,LI-002,Cuenta Corriente
TXN-00024616,CTA-949979,CLI-59595,2026-06-16 13:54:00,751344.32,CRC,comision,atm,SJ-001,Préstamo Personal
TXN-00024617,CTA-887276,CLI-50554,2026-06-16 22:07:00,4261107.72,CRC,deposito,sucursal,SJ-002,Cuenta Corriente
TXN-00024618,CTA-518130,CLI-70737,2026-06-26 04:54:00,2702060.2,CRC,deposito,atm,LI-001,Préstamo Hipotecario
TXN-00024619,CTA-691029,CLI-96236,2026-06-01 14:24:00,2972706.53,CRC,comision,web,AL-001,Cuenta Ahorro
TXN-00024620,CTA-236265,CLI-46329,2026-06-21 10:46:00,486219.01,CRC,pago,sucursal,SJ-001,Préstamo Hipotecario
TXN-00024621,CTA-378217,CLI-87507,2026-06-03 09:39:00,2627787.92,CRC,comision,web,CA-001,Préstamo Personal
TXN-00024622,CTA-230404,CLI-15400,2026-06-14 19:57:00,1534805.36,CRC,pago,web,LI-001,Tarjeta Crédito
TXN-00024623,CTA-896332,CLI-20390,2026-06-02 22:54:00,49512.06,CRC,comision,web,HE-001,Cuenta Ahorro
TXN-00024624,CTA-750265,CLI-71693,2026-06-24 12:57:00,1590168.32,CRC,transferencia,atm,SJ-002,Préstamo Hipotecario
TXN-00024625,CTA-558168,CLI-26664,2026-06-26 19:08:00,978112.07,CRC,deposito,web,LI-002,Cuenta Corriente
TXN-00024626,CTA-353706,CLI-86866,2026-06-25 23:19:00,2421090.4,CRC,transferencia,atm,HE-001,Préstamo Hipotecario
TXN-00024627,CTA-446422,CLI-96476,2026-06-14 08:58:00,1230582.7,CRC,retiro,web,LI-001,Cuenta Corriente
TXN-00024628,CTA-417841,CLI-46228,2026-06-14 22:46:00,560905.09,CRC,pago,web,CA-001,Préstamo Hipotecario
TXN-00024629,CTA-558319,CLI-10938,2026-06-28 20:01:00,2199282.38,CRC,comision,sucursal,LI-002,Cuenta Ahorro
TXN-00024630,CTA-480232,CLI-10139,2026-06-09 00:22:00,1511827.21,CRC,pago,atm,HE-001,Cuenta Corriente
TXN-00024631,CTA-587154,CLI-63480,2026-06-20 20:15:00,2939306.31,CRC,transferencia,sucursal,CA-001,Tarjeta Crédito
TXN-00024632,CTA-818424,CLI-83673,2026-06-13 09:56:00,1445472.66,CRC,comision,atm,PU-001,Tarjeta Crédito
TXN-00024633,CTA-199232,CLI-13520,2026-06-18 21:48:00,3244661.91,CRC,comision,sinpe,CA-001,Préstamo Personal
TXN-00024634,CTA-510623,CLI-65347,2026-06-13 19:52:00,2680261.2,CRC,deposito,web,HE-001,Cuenta Ahorro
TXN-00024635,CTA-468524,CLI-98463,2026-06-19 20:54:00,165506.63,CRC,pago,app_movil,CA-001,Tarjeta Crédito
TXN-00024636,CTA-165801,CLI-96445,2026-06-13 05:41:00,1631653.86,CRC,comision,atm,HE-001,Préstamo Hipotecario
TXN-00024637,CTA-751300,CLI-77083,2026-06-24 09:14:00,4856007.6,CRC,deposito,app_movil,LI-002,Tarjeta Crédito
TXN-00024638,CTA-878505,CLI-94919,2026-06-30 07:41:00,2125163.78,CRC,pago,sucursal,SJ-002,Cuenta Ahorro
TXN-00024639,CTA-482479,CLI-97361,2026-06-08 19:09:00,606652.95,CRC,transferencia,sinpe,SJ-002,Préstamo Hipotecario
TXN-00024640,CTA-755824,CLI-75333,2026-06-20 04:13:00,4575976.59,CRC,transferencia,sinpe,SJ-001,Préstamo Hipotecario
TXN-00024641,CTA-317417,CLI-11127,2026-06-05 17:58:00,2920070.35,CRC,transferencia,app_movil,SJ-001,Cuenta Ahorro
TXN-00024642,CTA-421708,CLI-86591,2026-06-10 17:46:00,1175375.34,CRC,transferencia,sucursal,AL-001,Cuenta Corriente
TXN-00024643,CTA-798584,CLI-79661,2026-06-27 03:48:00,4228467.72,CRC,comision,sinpe,LI-002,Tarjeta Crédito
TXN-00024644,CTA-748747,CLI-19139,2026-06-01 07:47:00,4904686.12,CRC,transferencia,atm,AL-001,Tarjeta Crédito
TXN-00024645,CTA-931760,CLI-37845,2026-06-27 06:47:00,3871049.7,CRC,comision,app_movil,SJ-002,Tarjeta Crédito
TXN-00024646,CTA-937148,CLI-64782,2026-06-08 04:21:00,1432287.88,CRC,retiro,web,LI-002,Préstamo Hipotecario
TXN-00024647,CTA-119672,CLI-70803,2026-06-13 06:39:00,3797125.91,CRC,retiro,sinpe,PU-001,Préstamo Hipotecario
TXN-00024648,CTA-730506,CLI-22988,2026-06-30 14:31:00,1020515.14,CRC,deposito,sinpe,SJ-002,Préstamo Personal
TXN-00024649,CTA-659436,CLI-60579,2026-06-20 03:49:00,4701325.32,CRC,comision,app_movil,AL-001,Préstamo Personal
TXN-00024650,CTA-458253,CLI-14283,2026-06-28 06:43:00,4997482.82,CRC,transferencia,atm,SJ-002,Tarjeta Crédito
TXN-00024651,CTA-537326,CLI-28875,2026-06-24 14:13:00,501369.9,CRC,deposito,atm,LI-001,Préstamo Hipotecario
TXN-00024652,CTA-678166,CLI-10771,2026-06-29 05:46:00,2269003.53,CRC,comision,sinpe,CA-001,Cuenta Ahorro
TXN-00024653,CTA-255516,CLI-30916,2026-06-05 01:39:00,2740494.02,CRC,comision,sucursal,CA-001,Préstamo Hipotecario
TXN-00024654,CTA-958356,CLI-75798,2026-06-09 08:05:00,2522838.59,CRC,deposito,web,PU-001,Tarjeta Crédito
TXN-00024655,CTA-397901,CLI-81759,2026-06-12 04:03:00,4583160.22,CRC,deposito,web,LI-002,Cuenta Corriente
TXN-00024656,CTA-874313,CLI-64796,2026-06-16 13:37:00,4865093.76,CRC,deposito,sinpe,LI-001,Préstamo Hipotecario
TXN-00024657,CTA-491134,CLI-62625,2026-06-19 16:16:00,1500221.15,CRC,comision,app_movil,SJ-001,Préstamo Personal
TXN-00024658,CTA-663124,CLI-30043,2026-06-19 22:09:00,3604391.59,CRC,comision,web,LI-001,Cuenta Ahorro
TXN-00024659,CTA-544958,CLI-13649,2026-06-08 03:39:00,2916163.97,CRC,retiro,app_movil,AL-001,Préstamo Personal
TXN-00024660,CTA-489553,CLI-52042,2026-06-06 18:56:00,1856524.0,CRC,comision,web,HE-001,Cuenta Corriente
TXN-00024661,CTA-961759,CLI-62749,2026-06-17 06:08:00,4823156.99,CRC,deposito,atm,LI-001,Tarjeta Crédito
TXN-00024662,CTA-565193,CLI-13315,2026-06-30 15:45:00,1221029.47,CRC,pago,sucursal,LI-002,Cuenta Corriente
TXN-00024663,CTA-220281,CLI-57880,2026-06-15 10:41:00,4735830.94,CRC,transferencia,atm,HE-001,Cuenta Corriente
TXN-00024664,CTA-561290,CLI-12942,2026-06-24 17:48:00,2608194.46,CRC,deposito,sucursal,SJ-001,Préstamo Hipotecario
TXN-00024665,CTA-564616,CLI-25902,2026-06-13 13:21:00,2276216.19,CRC,pago,sinpe,LI-002,Préstamo Hipotecario
TXN-00024666,CTA-178385,CLI-20467,2026-06-08 12:43:00,3564628.62,CRC,retiro,atm,LI-002,Cuenta Corriente
TXN-00024667,CTA-933960,CLI-82105,2026-06-10 18:41:00,3178727.69,CRC,retiro,atm,SJ-001,Cuenta Corriente
TXN-00024668,CTA-158793,CLI-17176,2026-06-01 12:13:00,423514.02,CRC,transferencia,sucursal,LI-002,Préstamo Hipotecario
TXN-00024669,CTA-340767,CLI-11397,2026-06-02 03:03:00,4027102.16,CRC,retiro,sinpe,AL-001,Tarjeta Crédito
TXN-00024670,CTA-433295,CLI-12015,2026-06-09 12:43:00,4778516.87,CRC,retiro,web,AL-001,Tarjeta Crédito
TXN-00024671,CTA-427156,CLI-46954,2026-06-18 15:59:00,1691792.07,CRC,transferencia,app_movil,SJ-001,Cuenta Ahorro
TXN-00024672,CTA-720905,CLI-86889,2026-06-04 05:39:00,963727.52,CRC,retiro,sucursal,LI-001,Cuenta Corriente
TXN-00024673,CTA-349919,CLI-49032,2026-06-24 04:30:00,4875484.4,CRC,pago,sucursal,SJ-001,Cuenta Corriente
TXN-00024674,CTA-138356,CLI-98296,2026-06-08 12:38:00,3014949.44,CRC,retiro,app_movil,LI-001,Cuenta Corriente
TXN-00024675,CTA-557602,CLI-72569,2026-06-26 17:10:00,1075003.63,CRC,retiro,sucursal,PU-001,Tarjeta Crédito
TXN-00024676,CTA-803364,CLI-64183,2026-06-28 22:55:00,2213428.9,CRC,retiro,atm,HE-001,Cuenta Ahorro
TXN-00024677,CTA-222061,CLI-32148,2026-06-30 03:36:00,4620672.39,CRC,deposito,app_movil,PU-001,Cuenta Ahorro
TXN-00024678,CTA-749162,CLI-42683,2026-06-01 10:12:00,1451089.74,CRC,retiro,web,PU-001,Cuenta Ahorro
TXN-00024679,CTA-673126,CLI-57390,2026-06-28 20:57:00,918197.2,CRC,deposito,atm,LI-002,Préstamo Personal
TXN-00024680,CTA-377240,CLI-48531,2026-06-15 18:38:00,120993.93,CRC,pago,atm,LI-002,Cuenta Ahorro
TXN-00024681,CTA-102949,CLI-64042,2026-06-22 17:00:00,3448873.19,CRC,pago,web,PU-001,Préstamo Hipotecario
TXN-00024682,CTA-989937,CLI-88775,2026-06-21 08:14:00,2950065.21,CRC,pago,sucursal,AL-001,Préstamo Hipotecario
TXN-00024683,CTA-720227,CLI-65103,2026-06-25 13:48:00,684139.26,CRC,transferencia,app_movil,LI-001,Préstamo Personal
TXN-00024684,CTA-372566,CLI-11867,2026-06-14 05:41:00,3369942.66,CRC,pago,sinpe,SJ-002,Cuenta Ahorro
TXN-00024685,CTA-652331,CLI-77849,2026-06-01 10:27:00,4867609.44,CRC,comision,web,SJ-001,Préstamo Hipotecario
TXN-00024686,CTA-639299,CLI-89489,2026-06-03 13:36:00,1033288.33,CRC,transferencia,web,AL-001,Cuenta Corriente
TXN-00024687,CTA-953507,CLI-38257,2026-06-15 15:04:00,3888822.17,CRC,comision,web,CA-001,Cuenta Ahorro
TXN-00024688,CTA-937880,CLI-39946,2026-06-09 21:44:00,4218841.99,CRC,pago,sucursal,SJ-001,Préstamo Personal
TXN-00024689,CTA-131149,CLI-77691,2026-06-23 23:25:00,2043498.0,CRC,transferencia,atm,CA-001,Cuenta Corriente
TXN-00024690,CTA-542620,CLI-10770,2026-06-21 06:48:00,1487321.02,CRC,retiro,web,SJ-002,Tarjeta Crédito
TXN-00024691,CTA-929480,CLI-49653,2026-06-03 19:46:00,4822826.82,CRC,transferencia,app_movil,SJ-001,Cuenta Corriente
TXN-00024692,CTA-131698,CLI-73713,2026-06-24 07:58:00,2566531.54,CRC,deposito,sinpe,LI-002,Préstamo Hipotecario
TXN-00024693,CTA-757142,CLI-28826,2026-06-02 21:57:00,474152.4,CRC,retiro,sucursal,LI-001,Cuenta Corriente
TXN-00024694,CTA-413019,CLI-81557,2026-06-12 15:38:00,1448538.37,CRC,retiro,sinpe,LI-001,Tarjeta Crédito
TXN-00024695,CTA-736380,CLI-56145,2026-06-21 01:41:00,952489.53,CRC,transferencia,sinpe,LI-001,Préstamo Hipotecario
TXN-00024696,CTA-397873,CLI-14402,2026-06-26 21:49:00,3915552.16,CRC,pago,sucursal,LI-001,Tarjeta Crédito
TXN-00024697,CTA-656041,CLI-29652,2026-06-14 14:35:00,3495112.25,CRC,transferencia,web,SJ-002,Préstamo Personal
TXN-00024698,CTA-904147,CLI-23163,2026-06-06 20:44:00,3888177.0,CRC,retiro,atm,HE-001,Cuenta Corriente
TXN-00024699,CTA-568575,CLI-60379,2026-06-23 04:40:00,4562922.78,CRC,retiro,sucursal,LI-002,Tarjeta Crédito
TXN-00024700,CTA-230836,CLI-85823,2026-06-16 16:18:00,4114951.86,CRC,retiro,web,PU-001,Préstamo Hipotecario
TXN-00024701,CTA-420042,CLI-10026,2026-06-21 08:45:00,815037.14,CRC,pago,sucursal,PU-001,Cuenta Ahorro
TXN-00024702,CTA-230540,CLI-72535,2026-06-15 15:49:00,178383.15,CRC,retiro,web,SJ-001,Cuenta Corriente
TXN-00024703,CTA-990913,CLI-35666,2026-06-29 00:01:00,2203439.39,CRC,deposito,atm,CA-001,Cuenta Ahorro
TXN-00024704,CTA-287271,CLI-66738,2026-06-15 05:48:00,1272887.26,CRC,comision,sucursal,SJ-002,Préstamo Personal
TXN-00024705,CTA-535776,CLI-10161,2026-06-28 18:50:00,4722743.81,CRC,retiro,web,SJ-002,Préstamo Personal
TXN-00024706,CTA-755126,CLI-96608,2026-06-10 12:50:00,2498670.72,CRC,deposito,sinpe,HE-001,Tarjeta Crédito
TXN-00024707,CTA-416947,CLI-80001,2026-06-23 04:34:00,28915.96,CRC,pago,app_movil,CA-001,Cuenta Corriente
TXN-00024708,CTA-969622,CLI-26671,2026-06-07 06:05:00,3613226.29,CRC,deposito,atm,LI-001,Tarjeta Crédito
TXN-00024709,CTA-284185,CLI-59397,2026-06-20 18:04:00,103421.9,CRC,retiro,app_movil,LI-002,Cuenta Ahorro
TXN-00024710,CTA-178918,CLI-36470,2026-06-20 09:30:00,4296225.29,CRC,transferencia,sucursal,HE-001,Préstamo Hipotecario
TXN-00024711,CTA-694833,CLI-62438,2026-06-09 20:35:00,1693535.8,CRC,pago,atm,SJ-002,Tarjeta Crédito
TXN-00024712,CTA-405745,CLI-19100,2026-06-23 21:47:00,3272658.67,CRC,retiro,sucursal,AL-001,Cuenta Corriente
TXN-00024713,CTA-177215,CLI-48549,2026-06-29 20:53:00,2393752.59,CRC,comision,app_movil,LI-001,Préstamo Hipotecario
TXN-00024714,CTA-224351,CLI-91618,2026-06-01 10:17:00,4350722.01,CRC,transferencia,sinpe,LI-002,Préstamo Hipotecario
TXN-00024715,CTA-681629,CLI-68380,2026-06-19 05:42:00,3356051.07,CRC,comision,app_movil,LI-002,Cuenta Corriente
TXN-00024716,CTA-415272,CLI-42571,2026-06-07 10:16:00,4364546.28,CRC,comision,app_movil,CA-001,Préstamo Personal
TXN-00024717,CTA-662727,CLI-91426,2026-06-07 18:05:00,2765653.96,CRC,deposito,atm,PU-001,Cuenta Corriente
TXN-00024718,CTA-101794,CLI-80002,2026-06-12 01:07:00,4980141.08,CRC,retiro,sinpe,SJ-001,Préstamo Hipotecario
TXN-00024719,CTA-130466,CLI-90640,2026-06-30 03:37:00,395210.53,CRC,comision,web,LI-002,Préstamo Personal
TXN-00024720,CTA-872609,CLI-61839,2026-06-18 02:24:00,2292697.69,CRC,comision,sucursal,HE-001,Tarjeta Crédito
TXN-00024721,CTA-962130,CLI-69213,2026-06-29 09:43:00,2228696.46,CRC,pago,sucursal,AL-001,Cuenta Corriente
TXN-00024722,CTA-466412,CLI-93324,2026-06-21 09:40:00,3629778.75,CRC,comision,web,LI-002,Préstamo Personal
TXN-00024723,CTA-770876,CLI-78409,2026-06-21 14:34:00,4541056.12,CRC,pago,atm,PU-001,Cuenta Corriente
TXN-00024724,CTA-797142,CLI-40958,2026-06-01 16:32:00,2325.07,CRC,retiro,sinpe,LI-002,Tarjeta Crédito
TXN-00024725,CTA-266213,CLI-12985,2026-06-11 22:37:00,4464029.51,CRC,comision,sucursal,SJ-002,Préstamo Personal
TXN-00024726,CTA-239839,CLI-18739,2026-06-17 07:42:00,4400868.51,CRC,comision,sinpe,CA-001,Préstamo Hipotecario
TXN-00024727,CTA-852107,CLI-89846,2026-06-23 18:51:00,4199421.43,CRC,comision,atm,SJ-001,Cuenta Ahorro
TXN-00024728,CTA-722486,CLI-14421,2026-06-20 19:28:00,739808.87,CRC,comision,app_movil,SJ-001,Tarjeta Crédito
TXN-00024729,CTA-787375,CLI-78832,2026-06-02 14:57:00,3854022.59,CRC,pago,web,SJ-002,Cuenta Corriente
TXN-00024730,CTA-828646,CLI-38868,2026-06-26 03:54:00,1443746.81,CRC,comision,app_movil,LI-002,Cuenta Corriente
TXN-00024731,CTA-410219,CLI-20281,2026-06-24 11:11:00,426065.41,CRC,pago,web,SJ-001,Cuenta Ahorro
TXN-00024732,CTA-637181,CLI-99892,2026-06-15 21:32:00,4602124.16,CRC,transferencia,web,LI-001,Cuenta Corriente
TXN-00024733,CTA-748772,CLI-30167,2026-06-19 15:54:00,598201.39,CRC,transferencia,sucursal,CA-001,Cuenta Ahorro
TXN-00024734,CTA-460255,CLI-37245,2026-06-25 18:14:00,507382.54,CRC,pago,sucursal,LI-001,Tarjeta Crédito
TXN-00024735,CTA-969610,CLI-17922,2026-06-18 04:48:00,2724083.15,CRC,retiro,sinpe,CA-001,Cuenta Ahorro
TXN-00024736,CTA-734110,CLI-44668,2026-06-28 11:44:00,2105392.44,CRC,retiro,sinpe,SJ-001,Cuenta Ahorro
TXN-00024737,CTA-799529,CLI-72440,2026-06-24 22:55:00,3004733.59,CRC,deposito,sucursal,HE-001,Tarjeta Crédito
TXN-00024738,CTA-256141,CLI-11523,2026-06-13 05:36:00,681548.45,CRC,transferencia,atm,SJ-002,Cuenta Ahorro
TXN-00024739,CTA-358423,CLI-78807,2026-06-04 07:43:00,3909367.8,CRC,deposito,web,LI-002,Cuenta Corriente
TXN-00024740,CTA-698196,CLI-16999,2026-06-06 19:03:00,1886164.76,CRC,comision,sucursal,LI-001,Préstamo Hipotecario
TXN-00024741,CTA-219460,CLI-84383,2026-06-29 20:37:00,2974325.27,CRC,transferencia,sucursal,PU-001,Tarjeta Crédito
TXN-00024742,CTA-978907,CLI-97858,2026-06-06 08:05:00,3621555.08,CRC,retiro,app_movil,PU-001,Tarjeta Crédito
TXN-00024743,CTA-272525,CLI-29627,2026-06-16 09:21:00,3805722.9,CRC,deposito,web,HE-001,Préstamo Hipotecario
TXN-00024744,CTA-262034,CLI-43076,2026-06-19 16:16:00,2040888.32,CRC,retiro,sucursal,CA-001,Préstamo Personal
TXN-00024745,CTA-974851,CLI-34196,2026-06-18 10:15:00,2518323.39,CRC,retiro,app_movil,PU-001,Préstamo Hipotecario
TXN-00024746,CTA-208739,CLI-14332,2026-06-06 23:50:00,2022218.77,CRC,pago,sucursal,CA-001,Préstamo Hipotecario
TXN-00024747,CTA-708018,CLI-40828,2026-06-15 13:23:00,4698415.31,CRC,pago,sinpe,LI-002,Tarjeta Crédito
TXN-00024748,CTA-958091,CLI-48673,2026-06-26 02:23:00,1065493.7,CRC,comision,atm,SJ-002,Tarjeta Crédito
TXN-00024749,CTA-225676,CLI-40512,2026-06-22 08:41:00,4848035.79,CRC,pago,app_movil,LI-001,Cuenta Ahorro
TXN-00024750,CTA-616440,CLI-27438,2026-06-26 16:43:00,4199736.46,CRC,transferencia,sinpe,CA-001,Tarjeta Crédito
TXN-00024751,CTA-619805,CLI-35957,2026-06-11 15:11:00,4679606.45,CRC,deposito,sinpe,LI-002,Cuenta Corriente
TXN-00024752,CTA-507234,CLI-66797,2026-06-08 16:54:00,2802890.58,CRC,pago,atm,AL-001,Cuenta Corriente
TXN-00024753,CTA-317294,CLI-47311,2026-06-01 00:45:00,1688797.18,CRC,retiro,app_movil,HE-001,Préstamo Personal
TXN-00024754,CTA-194190,CLI-41115,2026-06-28 07:16:00,2518304.74,CRC,transferencia,sinpe,PU-001,Tarjeta Crédito
TXN-00024755,CTA-531307,CLI-36912,2026-06-26 05:31:00,2190105.69,CRC,deposito,atm,HE-001,Cuenta Ahorro
TXN-00024756,CTA-509449,CLI-53351,2026-06-17 07:35:00,1139714.69,CRC,transferencia,sinpe,HE-001,Tarjeta Crédito
TXN-00024757,CTA-685026,CLI-63733,2026-06-12 23:03:00,4528046.89,CRC,retiro,sucursal,LI-002,Cuenta Ahorro
TXN-00024758,CTA-782617,CLI-66352,2026-06-23 17:57:00,1828760.85,CRC,retiro,app_movil,LI-001,Tarjeta Crédito
TXN-00024759,CTA-904636,CLI-97775,2026-06-24 14:57:00,1221707.76,CRC,pago,atm,AL-001,Préstamo Hipotecario
TXN-00024760,CTA-906017,CLI-30211,2026-06-04 23:42:00,1556944.38,CRC,comision,web,SJ-002,Cuenta Ahorro
TXN-00024761,CTA-223187,CLI-14867,2026-06-15 07:12:00,4701859.59,CRC,deposito,web,HE-001,Tarjeta Crédito
TXN-00024762,CTA-978560,CLI-30375,2026-06-18 22:26:00,413888.89,CRC,deposito,sucursal,AL-001,Tarjeta Crédito
TXN-00024763,CTA-174595,CLI-61712,2026-06-01 08:33:00,2075368.55,CRC,pago,sinpe,PU-001,Préstamo Personal
TXN-00024764,CTA-715433,CLI-48879,2026-06-02 10:54:00,941251.07,CRC,pago,web,CA-001,Préstamo Hipotecario
TXN-00024765,CTA-712561,CLI-69425,2026-06-11 14:00:00,1142979.58,CRC,pago,app_movil,SJ-002,Tarjeta Crédito
TXN-00024766,CTA-850018,CLI-59311,2026-06-10 18:53:00,3588077.97,CRC,retiro,sinpe,LI-002,Tarjeta Crédito
TXN-00024767,CTA-228430,CLI-78891,2026-06-11 13:09:00,1043256.67,CRC,pago,web,CA-001,Préstamo Personal
TXN-00024768,CTA-626226,CLI-28701,2026-06-23 13:47:00,667958.74,CRC,retiro,web,SJ-001,Préstamo Hipotecario
TXN-00024769,CTA-137369,CLI-21515,2026-06-20 22:12:00,4545171.43,CRC,comision,atm,HE-001,Cuenta Corriente
TXN-00024770,CTA-130477,CLI-57745,2026-06-18 01:37:00,202517.99,CRC,transferencia,sucursal,PU-001,Cuenta Ahorro
TXN-00024771,CTA-392105,CLI-59390,2026-06-05 19:34:00,1278300.09,CRC,pago,sinpe,AL-001,Tarjeta Crédito
TXN-00024772,CTA-358628,CLI-91508,2026-06-13 13:49:00,877808.33,CRC,retiro,app_movil,SJ-002,Cuenta Ahorro
TXN-00024773,CTA-719438,CLI-34638,2026-06-11 07:50:00,1790209.63,CRC,pago,sinpe,SJ-002,Cuenta Ahorro
TXN-00024774,CTA-272839,CLI-14994,2026-06-25 01:50:00,2765919.33,CRC,pago,atm,CA-001,Préstamo Personal
TXN-00024775,CTA-501772,CLI-98738,2026-06-25 16:39:00,1763464.58,CRC,pago,atm,LI-001,Cuenta Corriente
TXN-00024776,CTA-156529,CLI-73435,2026-06-14 12:24:00,2228688.28,CRC,pago,sinpe,CA-001,Cuenta Corriente
TXN-00024777,CTA-321073,CLI-78696,2026-06-11 07:58:00,2917648.62,CRC,retiro,app_movil,SJ-002,Tarjeta Crédito
TXN-00024778,CTA-232285,CLI-90098,2026-06-30 08:34:00,4885669.54,CRC,pago,sucursal,PU-001,Cuenta Corriente
TXN-00024779,CTA-422834,CLI-62604,2026-06-29 02:01:00,937659.54,CRC,retiro,app_movil,PU-001,Préstamo Hipotecario
TXN-00024780,CTA-168771,CLI-16669,2026-06-23 06:29:00,4404902.36,CRC,retiro,atm,LI-001,Préstamo Hipotecario
TXN-00024781,CTA-227424,CLI-71136,2026-06-26 16:14:00,3573309.31,CRC,transferencia,sinpe,HE-001,Préstamo Hipotecario
TXN-00024782,CTA-406440,CLI-34537,2026-06-06 00:31:00,2811004.41,CRC,comision,sucursal,AL-001,Tarjeta Crédito
TXN-00024783,CTA-243794,CLI-40561,2026-06-05 15:00:00,2682670.77,CRC,deposito,sinpe,PU-001,Tarjeta Crédito
TXN-00024784,CTA-161426,CLI-79267,2026-06-06 22:01:00,3679171.25,CRC,retiro,atm,PU-001,Préstamo Personal
TXN-00024785,CTA-493170,CLI-25513,2026-06-18 03:29:00,1463738.81,CRC,comision,web,CA-001,Préstamo Hipotecario
TXN-00024786,CTA-168911,CLI-33600,2026-06-22 02:14:00,1269234.29,CRC,deposito,atm,HE-001,Préstamo Hipotecario
TXN-00024787,CTA-839391,CLI-69153,2026-06-22 12:52:00,2678938.89,CRC,comision,atm,SJ-002,Préstamo Personal
TXN-00024788,CTA-475833,CLI-43547,2026-06-08 07:23:00,3806759.74,CRC,pago,app_movil,LI-001,Cuenta Corriente
TXN-00024789,CTA-333978,CLI-19494,2026-06-06 14:42:00,972423.81,CRC,comision,atm,CA-001,Cuenta Corriente
TXN-00024790,CTA-164815,CLI-60495,2026-06-08 11:17:00,1591155.23,CRC,pago,sucursal,SJ-002,Préstamo Personal
TXN-00024791,CTA-540407,CLI-84554,2026-06-18 15:53:00,1323286.61,CRC,retiro,atm,SJ-001,Tarjeta Crédito
TXN-00024792,CTA-511748,CLI-25111,2026-06-08 19:53:00,4444491.95,CRC,pago,atm,CA-001,Préstamo Hipotecario
TXN-00024793,CTA-844071,CLI-54065,2026-06-30 12:42:00,1556306.11,CRC,deposito,app_movil,CA-001,Préstamo Hipotecario
TXN-00024794,CTA-261007,CLI-34894,2026-06-27 15:18:00,4279055.08,CRC,pago,web,LI-002,Préstamo Hipotecario
TXN-00024795,CTA-560889,CLI-32858,2026-06-14 04:03:00,3753119.06,CRC,comision,atm,SJ-002,Préstamo Hipotecario
TXN-00024796,CTA-213386,CLI-12086,2026-06-20 23:31:00,2315400.94,CRC,pago,sinpe,SJ-002,Tarjeta Crédito
TXN-00024797,CTA-108610,CLI-80668,2026-06-04 01:41:00,1718472.13,CRC,pago,atm,PU-001,Préstamo Hipotecario
TXN-00024798,CTA-198544,CLI-77439,2026-06-01 04:21:00,2134138.12,CRC,comision,sucursal,PU-001,Préstamo Hipotecario
TXN-00024799,CTA-589578,CLI-58164,2026-06-10 21:58:00,369620.22,CRC,retiro,web,AL-001,Cuenta Corriente
TXN-00024800,CTA-740481,CLI-48271,2026-06-10 03:36:00,1867461.85,CRC,retiro,app_movil,SJ-001,Tarjeta Crédito
TXN-00024801,CTA-733630,CLI-30490,2026-06-26 07:18:00,3239253.95,CRC,pago,sucursal,CA-001,Préstamo Personal
TXN-00024802,CTA-596923,CLI-52861,2026-06-02 05:06:00,170113.2,CRC,pago,app_movil,SJ-001,Préstamo Hipotecario
TXN-00024803,CTA-819443,CLI-97258,2026-06-18 11:34:00,515092.65,CRC,pago,atm,SJ-001,Préstamo Personal
TXN-00024804,CTA-476185,CLI-14356,2026-06-04 23:45:00,2339460.09,CRC,deposito,app_movil,HE-001,Préstamo Personal
TXN-00024805,CTA-830057,CLI-21514,2026-06-11 08:48:00,663355.03,CRC,retiro,app_movil,AL-001,Préstamo Hipotecario
TXN-00024806,CTA-628957,CLI-15097,2026-06-05 15:19:00,1581319.52,CRC,transferencia,sucursal,SJ-002,Cuenta Corriente
TXN-00024807,CTA-658216,CLI-97498,2026-06-28 03:08:00,4943003.69,CRC,transferencia,web,HE-001,Tarjeta Crédito
TXN-00024808,CTA-923557,CLI-22933,2026-06-23 03:16:00,742954.12,CRC,pago,web,AL-001,Cuenta Corriente
TXN-00024809,CTA-425856,CLI-70342,2026-06-12 00:20:00,3772283.71,CRC,comision,atm,LI-002,Préstamo Personal
TXN-00024810,CTA-375778,CLI-37545,2026-06-04 04:26:00,2820442.38,CRC,pago,app_movil,LI-001,Préstamo Hipotecario
TXN-00024811,CTA-886344,CLI-34152,2026-06-30 13:27:00,664964.43,CRC,retiro,atm,CA-001,Préstamo Hipotecario
TXN-00024812,CTA-335011,CLI-66944,2026-06-19 10:25:00,4333183.68,CRC,comision,atm,HE-001,Préstamo Hipotecario
TXN-00024813,CTA-635015,CLI-72632,2026-06-28 14:34:00,4132248.97,CRC,deposito,sinpe,SJ-002,Préstamo Hipotecario
TXN-00024814,CTA-365876,CLI-24325,2026-06-25 06:06:00,1801325.57,CRC,retiro,sucursal,SJ-001,Cuenta Ahorro
TXN-00024815,CTA-785498,CLI-79390,2026-06-06 05:16:00,1054216.15,CRC,pago,app_movil,HE-001,Cuenta Corriente
TXN-00024816,CTA-141289,CLI-12342,2026-06-13 23:11:00,2485795.26,CRC,deposito,web,SJ-001,Cuenta Corriente
TXN-00024817,CTA-118059,CLI-67722,2026-06-19 03:42:00,2696513.47,CRC,deposito,sinpe,SJ-002,Tarjeta Crédito
TXN-00024818,CTA-584766,CLI-22575,2026-06-03 09:30:00,196335.95,CRC,transferencia,sinpe,SJ-001,Tarjeta Crédito
TXN-00024819,CTA-254818,CLI-17004,2026-06-16 03:17:00,2671696.27,CRC,pago,web,SJ-002,Cuenta Corriente
TXN-00024820,CTA-660934,CLI-11752,2026-06-22 12:06:00,4281748.0,CRC,deposito,app_movil,LI-002,Cuenta Corriente
TXN-00024821,CTA-850886,CLI-58174,2026-06-02 08:02:00,4483908.52,CRC,comision,sucursal,LI-001,Préstamo Hipotecario
TXN-00024822,CTA-130136,CLI-64505,2026-06-16 01:15:00,4398865.1,CRC,transferencia,web,AL-001,Préstamo Hipotecario
TXN-00024823,CTA-136864,CLI-33226,2026-06-02 08:58:00,1296186.5,CRC,retiro,sinpe,PU-001,Préstamo Personal
TXN-00024824,CTA-216863,CLI-50584,2026-06-26 14:55:00,1498435.88,CRC,comision,atm,SJ-001,Cuenta Ahorro
TXN-00024825,CTA-414401,CLI-30407,2026-06-15 00:32:00,4708568.97,CRC,comision,web,HE-001,Tarjeta Crédito
TXN-00024826,CTA-321279,CLI-45992,2026-06-03 19:23:00,2555842.26,CRC,retiro,atm,PU-001,Préstamo Personal
TXN-00024827,CTA-350590,CLI-49763,2026-06-29 08:01:00,1203236.77,CRC,comision,sucursal,SJ-002,Préstamo Personal
TXN-00024828,CTA-113427,CLI-31219,2026-06-25 17:17:00,4863146.38,CRC,comision,sucursal,PU-001,Cuenta Corriente
TXN-00024829,CTA-534832,CLI-69485,2026-06-26 23:33:00,3790269.49,CRC,deposito,sucursal,PU-001,Préstamo Personal
TXN-00024830,CTA-148324,CLI-84950,2026-06-05 18:18:00,4222923.73,CRC,comision,sinpe,LI-002,Préstamo Hipotecario
TXN-00024831,CTA-828801,CLI-34828,2026-06-24 23:57:00,4741389.61,CRC,comision,sinpe,CA-001,Préstamo Hipotecario
TXN-00024832,CTA-770117,CLI-40037,2026-06-18 06:44:00,1029247.86,CRC,comision,atm,SJ-002,Cuenta Corriente
TXN-00024833,CTA-418244,CLI-41680,2026-06-01 14:47:00,4326881.98,CRC,deposito,sinpe,CA-001,Tarjeta Crédito
TXN-00024834,CTA-831852,CLI-92783,2026-06-06 22:45:00,219611.84,CRC,transferencia,sinpe,HE-001,Préstamo Hipotecario
TXN-00024835,CTA-754723,CLI-89923,2026-06-29 14:15:00,23319.42,CRC,deposito,app_movil,HE-001,Tarjeta Crédito
TXN-00024836,CTA-879425,CLI-61650,2026-06-11 18:09:00,1021628.09,CRC,pago,sucursal,SJ-002,Cuenta Corriente
TXN-00024837,CTA-238487,CLI-49062,2026-06-16 20:36:00,2396490.25,CRC,comision,sinpe,HE-001,Cuenta Ahorro
TXN-00024838,CTA-934562,CLI-41855,2026-06-23 09:08:00,4434917.23,CRC,comision,sucursal,LI-001,Tarjeta Crédito
TXN-00024839,CTA-803356,CLI-39659,2026-06-17 06:41:00,4538943.45,CRC,retiro,app_movil,PU-001,Préstamo Personal
TXN-00024840,CTA-991343,CLI-23852,2026-06-11 16:42:00,3912081.3,CRC,pago,app_movil,LI-001,Cuenta Ahorro
TXN-00024841,CTA-919220,CLI-90108,2026-06-24 23:25:00,3447290.23,CRC,transferencia,web,LI-001,Préstamo Personal
TXN-00024842,CTA-701313,CLI-75516,2026-06-29 01:15:00,502361.5,CRC,pago,sinpe,SJ-001,Tarjeta Crédito
TXN-00024843,CTA-899050,CLI-28769,2026-06-23 17:39:00,2554447.05,CRC,retiro,atm,PU-001,Cuenta Ahorro
TXN-00024844,CTA-966040,CLI-74924,2026-06-22 17:46:00,3614540.34,CRC,retiro,sinpe,HE-001,Cuenta Corriente
TXN-00024845,CTA-978960,CLI-36171,2026-06-10 06:48:00,379031.44,CRC,deposito,atm,SJ-002,Préstamo Hipotecario
TXN-00024846,CTA-290289,CLI-76257,2026-06-27 09:02:00,4063978.59,CRC,retiro,sinpe,AL-001,Cuenta Ahorro
TXN-00024847,CTA-625155,CLI-31945,2026-06-20 23:15:00,2961298.99,CRC,comision,sinpe,SJ-002,Cuenta Corriente
TXN-00024848,CTA-549323,CLI-89341,2026-06-07 18:52:00,1792890.73,CRC,deposito,sinpe,CA-001,Cuenta Corriente
TXN-00024849,CTA-576460,CLI-93817,2026-06-26 05:28:00,4109114.13,CRC,deposito,sucursal,CA-001,Tarjeta Crédito
TXN-00024850,CTA-379529,CLI-32194,2026-06-30 23:51:00,3588579.68,CRC,deposito,web,AL-001,Cuenta Corriente
TXN-00024851,CTA-491521,CLI-62378,2026-06-07 14:44:00,2363616.17,CRC,comision,app_movil,SJ-002,Tarjeta Crédito
TXN-00024852,CTA-421068,CLI-59514,2026-06-10 07:05:00,3841571.69,CRC,comision,app_movil,CA-001,Tarjeta Crédito
TXN-00024853,CTA-444022,CLI-45635,2026-06-03 11:41:00,1013736.64,CRC,comision,app_movil,SJ-002,Préstamo Personal
TXN-00024854,CTA-681455,CLI-46976,2026-06-14 04:16:00,170023.82,CRC,retiro,atm,HE-001,Cuenta Ahorro
TXN-00024855,CTA-510247,CLI-19418,2026-06-19 02:44:00,3176030.43,CRC,deposito,app_movil,AL-001,Tarjeta Crédito
TXN-00024856,CTA-569516,CLI-73716,2026-06-10 02:42:00,1120638.71,CRC,transferencia,sinpe,LI-002,Préstamo Personal
TXN-00024857,CTA-309363,CLI-22005,2026-06-03 16:48:00,4883225.78,CRC,comision,sucursal,CA-001,Cuenta Corriente
TXN-00024858,CTA-837285,CLI-28546,2026-06-04 23:45:00,1955885.92,CRC,comision,sucursal,SJ-001,Préstamo Hipotecario
TXN-00024859,CTA-314038,CLI-60965,2026-06-05 03:14:00,92521.27,CRC,comision,app_movil,HE-001,Tarjeta Crédito
TXN-00024860,CTA-481727,CLI-53735,2026-06-17 02:25:00,4609818.39,CRC,transferencia,atm,LI-001,Cuenta Ahorro
TXN-00024861,CTA-746384,CLI-75946,2026-06-26 09:55:00,4877917.86,CRC,transferencia,app_movil,AL-001,Préstamo Hipotecario
TXN-00024862,CTA-904153,CLI-62519,2026-06-11 11:05:00,4891599.98,CRC,deposito,atm,LI-001,Cuenta Corriente
TXN-00024863,CTA-674359,CLI-64483,2026-06-04 21:19:00,1348054.21,CRC,comision,sucursal,CA-001,Cuenta Corriente
TXN-00024864,CTA-428080,CLI-26793,2026-06-03 17:30:00,2977925.97,CRC,pago,sinpe,PU-001,Préstamo Personal
TXN-00024865,CTA-244460,CLI-78833,2026-06-22 11:41:00,3223495.94,CRC,pago,sinpe,SJ-002,Cuenta Corriente
TXN-00024866,CTA-234789,CLI-43357,2026-06-07 19:19:00,3522046.9,CRC,deposito,web,PU-001,Cuenta Ahorro
TXN-00024867,CTA-323323,CLI-38656,2026-06-22 00:10:00,4221586.7,CRC,transferencia,sucursal,HE-001,Cuenta Corriente
TXN-00024868,CTA-823579,CLI-65616,2026-06-12 14:01:00,1039226.17,CRC,transferencia,sinpe,HE-001,Cuenta Ahorro
TXN-00024869,CTA-989170,CLI-99381,2026-06-10 22:52:00,3674174.85,CRC,pago,sinpe,HE-001,Tarjeta Crédito
TXN-00024870,CTA-612214,CLI-54978,2026-06-07 06:48:00,2544185.53,CRC,pago,atm,CA-001,Préstamo Personal
TXN-00024871,CTA-930111,CLI-22108,2026-06-12 12:39:00,1906903.31,CRC,transferencia,atm,AL-001,Préstamo Personal
TXN-00024872,CTA-204862,CLI-26874,2026-06-26 03:46:00,2158455.09,CRC,transferencia,atm,AL-001,Préstamo Hipotecario
TXN-00024873,CTA-404523,CLI-29160,2026-06-19 14:42:00,1555011.83,CRC,transferencia,atm,SJ-001,Préstamo Personal
TXN-00024874,CTA-464125,CLI-62407,2026-06-08 05:30:00,2987454.37,CRC,comision,app_movil,LI-001,Cuenta Corriente
TXN-00024875,CTA-142390,CLI-84054,2026-06-17 17:07:00,4625132.09,CRC,retiro,sucursal,LI-002,Tarjeta Crédito
TXN-00024876,CTA-391276,CLI-19038,2026-06-20 20:25:00,3125791.96,CRC,retiro,atm,LI-001,Cuenta Ahorro
TXN-00024877,CTA-294781,CLI-85308,2026-06-20 06:25:00,4564592.92,CRC,comision,sinpe,HE-001,Préstamo Hipotecario
TXN-00024878,CTA-340945,CLI-82164,2026-06-08 19:56:00,3338095.18,CRC,transferencia,atm,HE-001,Préstamo Hipotecario
TXN-00024879,CTA-800989,CLI-24572,2026-06-21 21:26:00,655961.35,CRC,pago,atm,LI-002,Cuenta Corriente
TXN-00024880,CTA-946497,CLI-17940,2026-06-09 03:17:00,4203716.97,CRC,transferencia,sucursal,HE-001,Préstamo Personal
TXN-00024881,CTA-992898,CLI-71486,2026-06-17 21:15:00,4010835.72,CRC,deposito,sucursal,CA-001,Préstamo Hipotecario
TXN-00024882,CTA-364581,CLI-93172,2026-06-29 22:26:00,1477921.91,CRC,retiro,sinpe,PU-001,Préstamo Hipotecario
TXN-00024883,CTA-554797,CLI-94475,2026-06-07 22:28:00,4686266.9,CRC,retiro,sucursal,SJ-002,Cuenta Ahorro
TXN-00024884,CTA-527977,CLI-89920,2026-06-11 13:28:00,543863.14,CRC,retiro,app_movil,HE-001,Préstamo Personal
TXN-00024885,CTA-142863,CLI-54984,2026-06-15 02:31:00,4068455.72,CRC,retiro,app_movil,LI-001,Cuenta Corriente
TXN-00024886,CTA-219637,CLI-62428,2026-06-15 05:06:00,1589810.0,CRC,retiro,sucursal,PU-001,Cuenta Ahorro
TXN-00024887,CTA-478612,CLI-91002,2026-06-29 04:05:00,997046.34,CRC,retiro,web,PU-001,Cuenta Ahorro
TXN-00024888,CTA-748469,CLI-60834,2026-06-22 19:43:00,4674425.56,CRC,transferencia,atm,AL-001,Préstamo Hipotecario
TXN-00024889,CTA-254224,CLI-57224,2026-06-05 16:37:00,4034809.93,CRC,transferencia,app_movil,PU-001,Préstamo Personal
TXN-00024890,CTA-285852,CLI-75774,2026-06-20 02:10:00,902156.64,CRC,deposito,sinpe,HE-001,Préstamo Personal
TXN-00024891,CTA-387883,CLI-45160,2026-06-24 00:58:00,3007060.04,CRC,retiro,app_movil,CA-001,Cuenta Ahorro
TXN-00024892,CTA-517159,CLI-59590,2026-06-01 19:17:00,3124045.07,CRC,retiro,atm,LI-001,Cuenta Ahorro
TXN-00024893,CTA-431542,CLI-12401,2026-06-23 21:46:00,2120631.31,CRC,comision,web,SJ-002,Cuenta Ahorro
TXN-00024894,CTA-634465,CLI-22129,2026-06-27 21:54:00,4382519.27,CRC,pago,sucursal,CA-001,Cuenta Corriente
TXN-00024895,CTA-469253,CLI-45580,2026-06-02 03:25:00,3804183.63,CRC,comision,app_movil,PU-001,Cuenta Corriente
TXN-00024896,CTA-979022,CLI-57550,2026-06-07 07:47:00,2162618.59,CRC,retiro,sucursal,CA-001,Cuenta Ahorro
TXN-00024897,CTA-677684,CLI-35689,2026-06-15 22:17:00,1630782.28,CRC,retiro,sucursal,CA-001,Cuenta Corriente
TXN-00024898,CTA-194441,CLI-80254,2026-06-17 14:35:00,3046029.57,CRC,pago,app_movil,LI-002,Cuenta Ahorro
TXN-00024899,CTA-508618,CLI-81721,2026-06-02 05:06:00,4009771.88,CRC,retiro,sucursal,LI-002,Préstamo Personal
TXN-00024900,CTA-656960,CLI-21705,2026-06-11 15:49:00,2817156.55,CRC,comision,sinpe,CA-001,Cuenta Corriente
TXN-00024901,CTA-387684,CLI-76425,2026-06-17 20:33:00,850549.28,CRC,comision,sinpe,HE-001,Préstamo Hipotecario
TXN-00024902,CTA-160758,CLI-11950,2026-06-07 12:37:00,4309571.31,CRC,transferencia,web,SJ-001,Préstamo Hipotecario
TXN-00024903,CTA-655948,CLI-79346,2026-06-13 19:08:00,171107.12,CRC,transferencia,web,AL-001,Préstamo Personal
TXN-00024904,CTA-384182,CLI-16549,2026-06-15 23:36:00,2480923.03,CRC,pago,app_movil,SJ-001,Préstamo Personal
TXN-00024905,CTA-747019,CLI-61667,2026-06-28 09:06:00,2742965.49,CRC,transferencia,atm,CA-001,Préstamo Hipotecario
TXN-00024906,CTA-747448,CLI-23293,2026-06-16 04:10:00,13462.44,CRC,transferencia,sinpe,HE-001,Préstamo Personal
TXN-00024907,CTA-242072,CLI-22379,2026-06-07 01:30:00,4128322.68,CRC,deposito,sinpe,SJ-002,Cuenta Corriente
TXN-00024908,CTA-467440,CLI-71097,2026-06-26 14:46:00,4253179.36,CRC,deposito,app_movil,AL-001,Préstamo Hipotecario
TXN-00024909,CTA-800582,CLI-45392,2026-06-12 04:59:00,4191199.58,CRC,retiro,web,LI-001,Préstamo Personal
TXN-00024910,CTA-751112,CLI-12834,2026-06-02 20:49:00,4192031.15,CRC,transferencia,sucursal,LI-001,Préstamo Personal
TXN-00024911,CTA-523681,CLI-63126,2026-06-04 22:22:00,3853834.96,CRC,transferencia,web,SJ-001,Cuenta Corriente
TXN-00024912,CTA-565955,CLI-34113,2026-06-30 15:07:00,2584580.51,CRC,comision,atm,LI-001,Cuenta Corriente
TXN-00024913,CTA-745349,CLI-92949,2026-06-17 16:46:00,4777246.16,CRC,pago,web,HE-001,Préstamo Hipotecario
TXN-00024914,CTA-565288,CLI-26383,2026-06-12 19:25:00,2885617.23,CRC,retiro,app_movil,LI-002,Cuenta Corriente
TXN-00024915,CTA-643713,CLI-48004,2026-06-26 21:47:00,4618046.66,CRC,deposito,atm,AL-001,Cuenta Ahorro
TXN-00024916,CTA-307883,CLI-84497,2026-06-30 04:25:00,2275715.53,CRC,deposito,web,LI-001,Préstamo Hipotecario
TXN-00024917,CTA-322627,CLI-53302,2026-06-16 15:16:00,1582397.5,CRC,deposito,app_movil,HE-001,Cuenta Corriente
TXN-00024918,CTA-264550,CLI-57422,2026-06-06 14:49:00,1815237.66,CRC,comision,sinpe,CA-001,Préstamo Hipotecario
TXN-00024919,CTA-278088,CLI-14736,2026-06-08 16:39:00,2127913.35,CRC,retiro,atm,SJ-002,Cuenta Ahorro
TXN-00024920,CTA-771036,CLI-76461,2026-06-09 01:09:00,2451744.47,CRC,transferencia,sinpe,CA-001,Cuenta Corriente
TXN-00024921,CTA-960050,CLI-23994,2026-06-26 14:12:00,466423.82,CRC,comision,sucursal,AL-001,Préstamo Personal
TXN-00024922,CTA-994320,CLI-43423,2026-06-01 03:41:00,2347981.77,CRC,pago,web,AL-001,Cuenta Ahorro
TXN-00024923,CTA-515497,CLI-67182,2026-06-06 09:05:00,1808883.25,CRC,comision,atm,LI-001,Tarjeta Crédito
TXN-00024924,CTA-567600,CLI-67461,2026-06-04 17:39:00,2415046.51,CRC,comision,sucursal,CA-001,Tarjeta Crédito
TXN-00024925,CTA-210078,CLI-29781,2026-06-09 22:11:00,430008.1,CRC,pago,atm,SJ-001,Cuenta Ahorro
TXN-00024926,CTA-186699,CLI-54571,2026-06-01 10:18:00,908848.85,CRC,deposito,app_movil,CA-001,Préstamo Personal
TXN-00024927,CTA-183329,CLI-74802,2026-06-20 02:56:00,3296569.44,CRC,retiro,sucursal,AL-001,Préstamo Hipotecario
TXN-00024928,CTA-616169,CLI-55179,2026-06-30 14:46:00,3003100.54,CRC,retiro,web,AL-001,Cuenta Corriente
TXN-00024929,CTA-777182,CLI-74000,2026-06-08 07:44:00,2595447.89,CRC,pago,sinpe,LI-002,Cuenta Corriente
TXN-00024930,CTA-578501,CLI-90852,2026-06-26 20:10:00,1799576.93,CRC,deposito,sinpe,AL-001,Préstamo Personal
TXN-00024931,CTA-133186,CLI-31631,2026-06-29 22:01:00,3479934.45,CRC,deposito,sinpe,LI-002,Cuenta Corriente
TXN-00024932,CTA-383330,CLI-12065,2026-06-20 13:17:00,1244618.51,CRC,comision,web,PU-001,Cuenta Corriente
TXN-00024933,CTA-924035,CLI-10474,2026-06-15 22:31:00,1415442.46,CRC,deposito,sucursal,AL-001,Préstamo Personal
TXN-00024934,CTA-861321,CLI-40166,2026-06-27 23:19:00,1862263.95,CRC,pago,sucursal,LI-001,Préstamo Hipotecario
TXN-00024935,CTA-622416,CLI-28056,2026-06-10 05:32:00,826735.88,CRC,retiro,sucursal,PU-001,Préstamo Personal
TXN-00024936,CTA-944414,CLI-62303,2026-06-20 17:54:00,2465617.89,CRC,retiro,sucursal,HE-001,Cuenta Corriente
TXN-00024937,CTA-830486,CLI-19472,2026-06-01 18:51:00,2999776.51,CRC,comision,sinpe,PU-001,Préstamo Hipotecario
TXN-00024938,CTA-918103,CLI-34947,2026-06-02 00:05:00,4759491.98,CRC,pago,sinpe,LI-002,Tarjeta Crédito
TXN-00024939,CTA-822295,CLI-65631,2026-06-05 06:33:00,3437546.1,CRC,comision,sinpe,CA-001,Cuenta Corriente
TXN-00024940,CTA-119731,CLI-46052,2026-06-10 01:14:00,4555729.28,CRC,retiro,app_movil,AL-001,Cuenta Ahorro
TXN-00024941,CTA-111292,CLI-16182,2026-06-01 23:28:00,1658060.21,CRC,pago,sucursal,CA-001,Cuenta Ahorro
TXN-00024942,CTA-766820,CLI-23127,2026-06-03 01:27:00,2955282.55,CRC,transferencia,sucursal,HE-001,Tarjeta Crédito
TXN-00024943,CTA-858276,CLI-16966,2026-06-14 19:00:00,963987.35,CRC,comision,web,AL-001,Tarjeta Crédito
TXN-00024944,CTA-421965,CLI-70523,2026-06-18 03:34:00,4132376.04,CRC,deposito,sinpe,LI-001,Cuenta Ahorro
TXN-00024945,CTA-378125,CLI-19815,2026-06-26 15:12:00,1484336.35,CRC,pago,app_movil,PU-001,Cuenta Ahorro
TXN-00024946,CTA-273636,CLI-33526,2026-06-14 05:28:00,4127749.47,CRC,retiro,app_movil,HE-001,Cuenta Ahorro
TXN-00024947,CTA-630489,CLI-48513,2026-06-20 06:57:00,2986205.2,CRC,pago,web,LI-002,Tarjeta Crédito
TXN-00024948,CTA-300705,CLI-11356,2026-06-18 07:32:00,2577568.39,CRC,pago,web,PU-001,Tarjeta Crédito
TXN-00024949,CTA-884235,CLI-60213,2026-06-14 10:17:00,4333648.63,CRC,transferencia,web,PU-001,Tarjeta Crédito
TXN-00024950,CTA-803602,CLI-90172,2026-06-15 09:30:00,2777395.67,CRC,comision,atm,CA-001,Préstamo Hipotecario
TXN-00024951,CTA-714249,CLI-44222,2026-06-12 02:01:00,3037016.22,CRC,pago,sucursal,PU-001,Préstamo Personal
TXN-00024952,CTA-127367,CLI-19871,2026-06-20 06:38:00,4839967.59,CRC,comision,web,PU-001,Cuenta Corriente
TXN-00024953,CTA-259036,CLI-60056,2026-06-10 19:00:00,2858767.52,CRC,pago,sucursal,HE-001,Cuenta Corriente
TXN-00024954,CTA-212540,CLI-69313,2026-06-14 16:51:00,3181003.79,CRC,comision,sucursal,LI-001,Préstamo Hipotecario
TXN-00024955,CTA-187757,CLI-77153,2026-06-15 23:26:00,3467237.02,CRC,comision,web,CA-001,Tarjeta Crédito
TXN-00024956,CTA-251946,CLI-54407,2026-06-04 15:36:00,3046676.69,CRC,transferencia,sinpe,CA-001,Cuenta Ahorro
TXN-00024957,CTA-441429,CLI-74301,2026-06-17 08:39:00,13547.98,CRC,retiro,sinpe,SJ-002,Préstamo Personal
TXN-00024958,CTA-696398,CLI-56167,2026-06-29 00:03:00,876124.68,CRC,deposito,web,LI-001,Préstamo Hipotecario
TXN-00024959,CTA-587568,CLI-98550,2026-06-01 22:50:00,174908.59,CRC,pago,sucursal,CA-001,Tarjeta Crédito
TXN-00024960,CTA-355811,CLI-62310,2026-06-24 07:22:00,2958417.35,CRC,deposito,app_movil,SJ-002,Préstamo Hipotecario
TXN-00024961,CTA-248721,CLI-10389,2026-06-13 00:13:00,1247024.51,CRC,comision,sinpe,HE-001,Préstamo Personal
TXN-00024962,CTA-334253,CLI-50579,2026-06-09 22:45:00,3079221.34,CRC,comision,sucursal,HE-001,Préstamo Personal
TXN-00024963,CTA-831842,CLI-67464,2026-06-16 05:24:00,3934365.85,CRC,comision,web,SJ-001,Cuenta Ahorro
TXN-00024964,CTA-697612,CLI-46946,2026-06-19 12:48:00,4554240.66,CRC,deposito,app_movil,PU-001,Préstamo Hipotecario
TXN-00024965,CTA-369272,CLI-42945,2026-06-11 11:27:00,2500722.69,CRC,pago,web,HE-001,Cuenta Ahorro
TXN-00024966,CTA-981243,CLI-82748,2026-06-15 08:26:00,2235366.86,CRC,retiro,sucursal,CA-001,Préstamo Personal
TXN-00024967,CTA-986388,CLI-98074,2026-06-19 21:09:00,3081084.62,CRC,pago,web,SJ-001,Cuenta Ahorro
TXN-00024968,CTA-452150,CLI-14347,2026-06-16 22:47:00,1151332.97,CRC,transferencia,sinpe,AL-001,Tarjeta Crédito
TXN-00024969,CTA-833778,CLI-40534,2026-06-10 04:19:00,2922355.88,CRC,retiro,atm,CA-001,Cuenta Ahorro
TXN-00024970,CTA-535386,CLI-53694,2026-06-06 04:05:00,1577509.91,CRC,pago,app_movil,HE-001,Cuenta Corriente
TXN-00024971,CTA-959958,CLI-34885,2026-06-02 05:59:00,2617134.84,CRC,retiro,web,LI-002,Cuenta Corriente
TXN-00024972,CTA-608531,CLI-30027,2026-06-07 11:43:00,4046435.95,CRC,transferencia,web,LI-001,Préstamo Hipotecario
TXN-00024973,CTA-848733,CLI-99038,2026-06-05 02:05:00,989536.44,CRC,deposito,sinpe,LI-001,Cuenta Ahorro
TXN-00024974,CTA-406547,CLI-55187,2026-06-07 06:08:00,4672038.81,CRC,transferencia,sucursal,LI-002,Préstamo Hipotecario
TXN-00024975,CTA-996909,CLI-25446,2026-06-04 01:51:00,4651871.24,CRC,retiro,app_movil,PU-001,Cuenta Corriente
TXN-00024976,CTA-742210,CLI-67914,2026-06-29 12:51:00,1306223.05,CRC,deposito,app_movil,PU-001,Préstamo Personal
TXN-00024977,CTA-375185,CLI-54220,2026-06-12 21:45:00,594042.08,CRC,deposito,sucursal,SJ-002,Préstamo Hipotecario
TXN-00024978,CTA-784670,CLI-21914,2026-06-26 04:52:00,4960476.22,CRC,retiro,sucursal,SJ-002,Tarjeta Crédito
TXN-00024979,CTA-897668,CLI-90873,2026-06-26 16:57:00,2914665.11,CRC,transferencia,sinpe,CA-001,Préstamo Personal
TXN-00024980,CTA-251701,CLI-24882,2026-06-08 09:24:00,4437998.78,CRC,comision,atm,SJ-002,Préstamo Hipotecario
TXN-00024981,CTA-138126,CLI-38024,2026-06-06 00:37:00,1176668.34,CRC,deposito,sucursal,SJ-002,Préstamo Hipotecario
TXN-00024982,CTA-451721,CLI-73004,2026-06-28 18:47:00,867493.17,CRC,comision,atm,AL-001,Préstamo Hipotecario
TXN-00024983,CTA-770969,CLI-68123,2026-06-13 12:11:00,2070201.57,CRC,comision,app_movil,HE-001,Préstamo Personal
TXN-00024984,CTA-758314,CLI-57384,2026-06-07 13:59:00,1700561.86,CRC,comision,sucursal,LI-002,Préstamo Personal
TXN-00024985,CTA-361735,CLI-35723,2026-06-08 07:53:00,1629235.87,CRC,pago,sucursal,LI-002,Cuenta Ahorro
TXN-00024986,CTA-390638,CLI-95579,2026-06-17 17:00:00,4884462.2,CRC,comision,atm,SJ-001,Préstamo Hipotecario
TXN-00024987,CTA-875587,CLI-38735,2026-06-20 05:35:00,280471.43,CRC,pago,app_movil,CA-001,Préstamo Hipotecario
TXN-00024988,CTA-794253,CLI-96172,2026-06-18 09:49:00,2371661.51,CRC,comision,atm,HE-001,Préstamo Personal
TXN-00024989,CTA-351967,CLI-91678,2026-06-23 17:20:00,4337469.92,CRC,deposito,web,LI-002,Préstamo Hipotecario
TXN-00024990,CTA-796992,CLI-76103,2026-06-26 21:56:00,3196119.06,CRC,transferencia,web,LI-002,Préstamo Hipotecario
TXN-00024991,CTA-816466,CLI-57705,2026-06-03 22:39:00,3013815.95,CRC,deposito,web,SJ-002,Préstamo Personal
TXN-00024992,CTA-467496,CLI-74475,2026-06-29 07:09:00,3020399.45,CRC,deposito,web,AL-001,Préstamo Personal
TXN-00024993,CTA-731788,CLI-55820,2026-06-17 20:21:00,3077610.25,CRC,transferencia,sinpe,LI-002,Cuenta Corriente
TXN-00024994,CTA-868215,CLI-85352,2026-06-03 11:13:00,1651731.12,CRC,comision,web,LI-001,Préstamo Hipotecario
TXN-00024995,CTA-745903,CLI-15621,2026-06-28 10:52:00,4220571.09,CRC,retiro,app_movil,SJ-002,Cuenta Ahorro
TXN-00024996,CTA-854267,CLI-17965,2026-06-10 18:25:00,4731722.3,CRC,pago,sinpe,LI-002,Tarjeta Crédito
TXN-00024997,CTA-624569,CLI-61057,2026-06-04 19:23:00,1652177.57,CRC,comision,web,LI-002,Cuenta Ahorro
TXN-00024998,CTA-184291,CLI-93152,2026-06-07 16:18:00,4594168.72,CRC,comision,sucursal,AL-001,Préstamo Hipotecario
TXN-00024999,CTA-862861,CLI-25646,2026-06-15 09:48:00,692694.21,CRC,transferencia,sucursal,HE-001,Préstamo Hipotecario
TXN-00025000,CTA-383134,CLI-84214,2026-06-01 00:30:00,4061060.08,CRC,deposito,sinpe,LI-001,Cuenta Ahorro
