transaccion_id,cuenta_id,cliente_id,fecha_hora,monto,moneda,tipo_transaccion,canal,sucursal_id,producto
TXN-00020001,CTA-295216,CLI-16569,2026-06-20 18:30:00,856227.28,CRC,transferencia,web,LI-001,Préstamo Personal
TXN-00020002,CTA-860931,CLI-69696,2026-06-22 16:50:00,3628970.32,CRC,transferencia,sucursal,CA-001,Cuenta Corriente
TXN-00020003,CTA-712468,CLI-10192,2026-06-27 21:43:00,1724010.89,CRC,deposito,sinpe,LI-002,Cuenta Corriente
TXN-00020004,CTA-377614,CLI-15685,2026-06-25 13:25:00,362144.17,CRC,deposito,sucursal,AL-001,Cuenta Corriente
TXN-00020005,CTA-644803,CLI-37552,2026-06-22 23:21:00,3499581.04,CRC,transferencia,sinpe,LI-002,Préstamo Hipotecario
TXN-00020006,CTA-797810,CLI-36065,2026-06-23 11:46:00,1599439.54,CRC,pago,sinpe,AL-001,Cuenta Ahorro
TXN-00020007,CTA-325890,CLI-55562,2026-06-08 18:46:00,2878053.48,CRC,comision,web,LI-001,Cuenta Ahorro
TXN-00020008,CTA-174172,CLI-59973,2026-06-02 13:14:00,4072027.05,CRC,deposito,web,SJ-002,Préstamo Hipotecario
TXN-00020009,CTA-442867,CLI-72627,2026-06-08 00:01:00,172487.85,CRC,retiro,web,AL-001,Cuenta Ahorro
TXN-00020010,CTA-687868,CLI-27551,2026-06-02 03:36:00,775923.03,CRC,retiro,app_movil,CA-001,Cuenta Corriente
TXN-00020011,CTA-793162,CLI-57434,2026-06-06 07:14:00,1707512.98,CRC,retiro,sucursal,LI-002,Cuenta Ahorro
TXN-00020012,CTA-244530,CLI-55346,2026-06-11 15:45:00,2414633.17,CRC,transferencia,web,SJ-002,Tarjeta Crédito
TXN-00020013,CTA-575075,CLI-76002,2026-06-12 20:01:00,3923774.4,CRC,retiro,app_movil,SJ-002,Cuenta Corriente
TXN-00020014,CTA-877331,CLI-32099,2026-06-21 01:57:00,1623135.5,CRC,pago,app_movil,SJ-002,Cuenta Corriente
TXN-00020015,CTA-487663,CLI-71105,2026-06-17 13:52:00,2801650.65,CRC,comision,app_movil,CA-001,Cuenta Corriente
TXN-00020016,CTA-715967,CLI-23686,2026-06-23 16:20:00,693859.25,CRC,deposito,sucursal,SJ-002,Cuenta Corriente
TXN-00020017,CTA-998439,CLI-72538,2026-06-10 13:24:00,3109774.37,CRC,transferencia,sinpe,LI-001,Cuenta Ahorro
TXN-00020018,CTA-191585,CLI-57141,2026-06-19 07:10:00,4977839.34,CRC,pago,atm,CA-001,Préstamo Hipotecario
TXN-00020019,CTA-533239,CLI-94002,2026-06-16 09:31:00,1057484.07,CRC,pago,sinpe,PU-001,Préstamo Hipotecario
TXN-00020020,CTA-825293,CLI-53283,2026-06-20 03:19:00,3101977.63,CRC,retiro,app_movil,SJ-002,Préstamo Personal
TXN-00020021,CTA-774890,CLI-24352,2026-06-14 19:15:00,4072246.93,CRC,transferencia,sucursal,LI-002,Cuenta Corriente
TXN-00020022,CTA-218872,CLI-73378,2026-06-28 06:04:00,771496.29,CRC,deposito,sucursal,CA-001,Cuenta Ahorro
TXN-00020023,CTA-986467,CLI-93373,2026-06-20 14:51:00,3459210.55,CRC,retiro,sinpe,HE-001,Cuenta Ahorro
TXN-00020024,CTA-696156,CLI-23011,2026-06-16 03:03:00,4616714.13,CRC,pago,web,SJ-001,Préstamo Personal
TXN-00020025,CTA-394984,CLI-11401,2026-06-06 17:10:00,1707472.87,CRC,transferencia,app_movil,SJ-001,Préstamo Personal
TXN-00020026,CTA-460394,CLI-92473,2026-06-23 02:14:00,595314.99,CRC,deposito,atm,LI-001,Cuenta Corriente
TXN-00020027,CTA-905308,CLI-71871,2026-06-30 01:09:00,3096004.74,CRC,pago,sucursal,SJ-001,Cuenta Ahorro
TXN-00020028,CTA-112297,CLI-91139,2026-06-06 19:27:00,3929384.86,CRC,transferencia,web,SJ-002,Cuenta Corriente
TXN-00020029,CTA-470670,CLI-62475,2026-06-08 15:13:00,898139.89,CRC,pago,sucursal,AL-001,Cuenta Corriente
TXN-00020030,CTA-747182,CLI-67018,2026-06-24 16:50:00,129145.28,CRC,pago,sucursal,HE-001,Cuenta Corriente
TXN-00020031,CTA-871399,CLI-12066,2026-06-24 10:47:00,3348258.97,CRC,pago,sinpe,SJ-002,Préstamo Personal
TXN-00020032,CTA-798577,CLI-85587,2026-06-03 17:39:00,2950252.73,CRC,deposito,sinpe,SJ-001,Cuenta Corriente
TXN-00020033,CTA-604979,CLI-42699,2026-06-09 16:39:00,2231001.48,CRC,transferencia,sucursal,HE-001,Préstamo Hipotecario
TXN-00020034,CTA-944687,CLI-62195,2026-06-02 08:15:00,3377876.65,CRC,retiro,sinpe,SJ-002,Préstamo Hipotecario
TXN-00020035,CTA-173373,CLI-57255,2026-06-10 06:04:00,54805.36,CRC,deposito,atm,SJ-001,Cuenta Corriente
TXN-00020036,CTA-359898,CLI-13254,2026-06-22 01:47:00,880537.68,CRC,deposito,sucursal,SJ-002,Cuenta Corriente
TXN-00020037,CTA-670527,CLI-46273,2026-06-17 05:21:00,3559274.5,CRC,comision,atm,PU-001,Tarjeta Crédito
TXN-00020038,CTA-595001,CLI-45239,2026-06-28 22:08:00,92788.31,CRC,transferencia,app_movil,CA-001,Préstamo Personal
TXN-00020039,CTA-587073,CLI-42270,2026-06-09 11:48:00,3202072.41,CRC,transferencia,sucursal,SJ-001,Cuenta Corriente
TXN-00020040,CTA-809226,CLI-50888,2026-06-28 15:16:00,4309384.01,CRC,transferencia,sucursal,SJ-001,Préstamo Personal
TXN-00020041,CTA-361754,CLI-17967,2026-06-05 13:02:00,1188453.59,CRC,retiro,app_movil,LI-001,Préstamo Hipotecario
TXN-00020042,CTA-832615,CLI-75835,2026-06-23 18:08:00,2434179.69,CRC,retiro,sinpe,HE-001,Cuenta Corriente
TXN-00020043,CTA-993141,CLI-25374,2026-06-05 23:52:00,2725326.3,CRC,comision,web,HE-001,Préstamo Personal
TXN-00020044,CTA-529422,CLI-81632,2026-06-03 05:52:00,639319.47,CRC,retiro,web,CA-001,Tarjeta Crédito
TXN-00020045,CTA-287614,CLI-73367,2026-06-26 19:13:00,4538090.3,CRC,transferencia,atm,HE-001,Cuenta Ahorro
TXN-00020046,CTA-266164,CLI-33144,2026-06-12 23:15:00,2474790.31,CRC,transferencia,sinpe,AL-001,Préstamo Hipotecario
TXN-00020047,CTA-191845,CLI-82665,2026-06-03 00:04:00,874454.51,CRC,retiro,sinpe,SJ-001,Cuenta Corriente
TXN-00020048,CTA-669169,CLI-22689,2026-06-15 16:35:00,3716216.35,CRC,pago,app_movil,LI-002,Préstamo Hipotecario
TXN-00020049,CTA-309327,CLI-70684,2026-06-02 13:10:00,3467379.67,CRC,comision,sinpe,SJ-002,Tarjeta Crédito
TXN-00020050,CTA-682867,CLI-33269,2026-06-27 04:09:00,3528808.28,CRC,deposito,web,LI-001,Préstamo Hipotecario
TXN-00020051,CTA-570556,CLI-84965,2026-06-04 00:46:00,1784626.39,CRC,transferencia,sucursal,SJ-001,Cuenta Ahorro
TXN-00020052,CTA-517308,CLI-69011,2026-06-03 14:50:00,4080188.61,CRC,deposito,atm,LI-001,Cuenta Ahorro
TXN-00020053,CTA-829493,CLI-39585,2026-06-23 15:29:00,2666013.52,CRC,comision,sucursal,PU-001,Préstamo Hipotecario
TXN-00020054,CTA-998697,CLI-36541,2026-06-03 14:33:00,2501428.72,CRC,deposito,sinpe,AL-001,Préstamo Hipotecario
TXN-00020055,CTA-265462,CLI-26899,2026-06-03 14:24:00,1253080.35,CRC,comision,sucursal,SJ-001,Préstamo Hipotecario
TXN-00020056,CTA-910143,CLI-20387,2026-06-09 02:38:00,1036977.72,CRC,deposito,sinpe,LI-001,Préstamo Hipotecario
TXN-00020057,CTA-327756,CLI-44372,2026-06-30 06:00:00,4305049.52,CRC,deposito,atm,AL-001,Préstamo Personal
TXN-00020058,CTA-878057,CLI-93748,2026-06-02 15:53:00,1988151.1,CRC,deposito,sinpe,SJ-001,Cuenta Corriente
TXN-00020059,CTA-242682,CLI-61592,2026-06-25 02:29:00,2601311.37,CRC,deposito,sucursal,LI-001,Cuenta Ahorro
TXN-00020060,CTA-111715,CLI-57853,2026-06-13 15:50:00,4633653.93,CRC,retiro,app_movil,HE-001,Préstamo Hipotecario
TXN-00020061,CTA-671215,CLI-41006,2026-06-13 16:02:00,2086564.6,CRC,retiro,sucursal,LI-002,Préstamo Hipotecario
TXN-00020062,CTA-622354,CLI-57197,2026-06-06 20:23:00,454648.53,CRC,pago,atm,SJ-002,Préstamo Hipotecario
TXN-00020063,CTA-154243,CLI-43525,2026-06-28 20:54:00,1022897.79,CRC,retiro,web,SJ-001,Cuenta Ahorro
TXN-00020064,CTA-301722,CLI-99832,2026-06-07 21:23:00,545749.0,CRC,pago,web,HE-001,Tarjeta Crédito
TXN-00020065,CTA-736297,CLI-59890,2026-06-27 23:52:00,1178179.13,CRC,pago,sinpe,LI-002,Cuenta Corriente
TXN-00020066,CTA-649138,CLI-99057,2026-06-04 03:29:00,4618673.18,CRC,deposito,sinpe,LI-001,Cuenta Corriente
TXN-00020067,CTA-333402,CLI-53940,2026-06-27 16:37:00,1795748.42,CRC,retiro,sucursal,SJ-002,Préstamo Hipotecario
TXN-00020068,CTA-393341,CLI-49063,2026-06-13 05:13:00,1478898.27,CRC,comision,web,HE-001,Cuenta Ahorro
TXN-00020069,CTA-188848,CLI-73437,2026-06-25 12:06:00,1356102.54,CRC,deposito,sucursal,SJ-001,Tarjeta Crédito
TXN-00020070,CTA-864866,CLI-77048,2026-06-12 08:24:00,1161986.69,CRC,transferencia,sucursal,SJ-001,Préstamo Hipotecario
TXN-00020071,CTA-625408,CLI-31897,2026-06-08 20:53:00,3674534.79,CRC,retiro,sinpe,LI-002,Cuenta Corriente
TXN-00020072,CTA-836823,CLI-52906,2026-06-25 17:51:00,1150731.09,CRC,comision,atm,SJ-002,Cuenta Ahorro
TXN-00020073,CTA-886018,CLI-38872,2026-06-22 12:30:00,2023863.29,CRC,pago,atm,HE-001,Préstamo Hipotecario
TXN-00020074,CTA-302859,CLI-55436,2026-06-03 07:34:00,2339393.14,CRC,comision,sinpe,LI-001,Cuenta Corriente
TXN-00020075,CTA-939767,CLI-22461,2026-06-17 12:00:00,3757951.9,CRC,pago,app_movil,SJ-002,Cuenta Ahorro
TXN-00020076,CTA-671044,CLI-43743,2026-06-25 01:47:00,2134391.55,CRC,retiro,atm,SJ-002,Préstamo Hipotecario
TXN-00020077,CTA-475516,CLI-85391,2026-06-11 04:12:00,3474823.16,CRC,pago,sinpe,PU-001,Tarjeta Crédito
TXN-00020078,CTA-781516,CLI-36953,2026-06-10 15:53:00,977681.29,CRC,pago,app_movil,SJ-001,Tarjeta Crédito
TXN-00020079,CTA-424937,CLI-87843,2026-06-21 05:33:00,3523041.32,CRC,pago,sucursal,SJ-002,Cuenta Corriente
TXN-00020080,CTA-814905,CLI-91010,2026-06-10 01:53:00,2002313.1,CRC,pago,atm,SJ-002,Préstamo Personal
TXN-00020081,CTA-442272,CLI-93459,2026-06-04 05:45:00,1524405.13,CRC,retiro,web,HE-001,Préstamo Personal
TXN-00020082,CTA-970909,CLI-16362,2026-06-27 04:34:00,2513043.17,CRC,comision,sinpe,AL-001,Cuenta Corriente
TXN-00020083,CTA-165128,CLI-91891,2026-06-04 06:32:00,1447894.85,CRC,retiro,atm,SJ-002,Tarjeta Crédito
TXN-00020084,CTA-656430,CLI-59690,2026-06-15 08:11:00,351329.93,CRC,retiro,sucursal,HE-001,Cuenta Ahorro
TXN-00020085,CTA-618953,CLI-97140,2026-06-28 10:46:00,3196160.43,CRC,transferencia,web,LI-001,Cuenta Ahorro
TXN-00020086,CTA-804271,CLI-70413,2026-06-03 23:58:00,4016016.54,CRC,deposito,web,HE-001,Préstamo Personal
TXN-00020087,CTA-204670,CLI-64652,2026-06-01 07:30:00,3671925.62,CRC,comision,sinpe,SJ-002,Cuenta Corriente
TXN-00020088,CTA-810659,CLI-59210,2026-06-13 00:18:00,374415.81,CRC,transferencia,app_movil,CA-001,Cuenta Ahorro
TXN-00020089,CTA-930758,CLI-55387,2026-06-22 18:37:00,97559.5,CRC,retiro,sucursal,CA-001,Cuenta Ahorro
TXN-00020090,CTA-854944,CLI-10705,2026-06-28 16:15:00,1653865.77,CRC,pago,sucursal,CA-001,Préstamo Personal
TXN-00020091,CTA-208500,CLI-25375,2026-06-09 10:00:00,1349852.36,CRC,retiro,sucursal,CA-001,Préstamo Hipotecario
TXN-00020092,CTA-484092,CLI-35347,2026-06-30 08:26:00,2876899.03,CRC,comision,sucursal,HE-001,Tarjeta Crédito
TXN-00020093,CTA-655800,CLI-82483,2026-06-05 19:59:00,2016286.67,CRC,comision,app_movil,SJ-002,Tarjeta Crédito
TXN-00020094,CTA-976153,CLI-52329,2026-06-26 10:41:00,3951322.72,CRC,deposito,sinpe,LI-001,Cuenta Ahorro
TXN-00020095,CTA-251242,CLI-67618,2026-06-01 15:17:00,4372071.12,CRC,comision,web,CA-001,Cuenta Ahorro
TXN-00020096,CTA-193282,CLI-70692,2026-06-11 05:21:00,2751395.66,CRC,retiro,atm,CA-001,Tarjeta Crédito
TXN-00020097,CTA-591318,CLI-33772,2026-06-13 11:25:00,4927032.88,CRC,retiro,app_movil,LI-001,Cuenta Corriente
TXN-00020098,CTA-214715,CLI-85142,2026-06-04 17:13:00,1807602.12,CRC,transferencia,atm,LI-001,Préstamo Personal
TXN-00020099,CTA-848267,CLI-73909,2026-06-22 20:23:00,4494351.08,CRC,transferencia,sinpe,AL-001,Préstamo Hipotecario
TXN-00020100,CTA-631377,CLI-84390,2026-06-19 03:43:00,3170774.47,CRC,retiro,app_movil,SJ-001,Cuenta Corriente
TXN-00020101,CTA-955711,CLI-28375,2026-06-23 10:06:00,2728321.62,CRC,retiro,sucursal,CA-001,Préstamo Personal
TXN-00020102,CTA-114015,CLI-47502,2026-06-12 17:52:00,891468.02,CRC,comision,sucursal,SJ-001,Tarjeta Crédito
TXN-00020103,CTA-219560,CLI-56247,2026-06-07 21:03:00,4411334.14,CRC,pago,web,SJ-001,Tarjeta Crédito
TXN-00020104,CTA-431058,CLI-22187,2026-06-11 06:47:00,2201647.18,CRC,transferencia,sucursal,LI-001,Cuenta Corriente
TXN-00020105,CTA-952583,CLI-45929,2026-06-28 00:30:00,2852052.98,CRC,transferencia,atm,LI-001,Préstamo Personal
TXN-00020106,CTA-893942,CLI-14431,2026-06-01 02:02:00,2143447.62,CRC,pago,sucursal,SJ-002,Préstamo Hipotecario
TXN-00020107,CTA-456088,CLI-62112,2026-06-22 13:13:00,1873640.04,CRC,pago,app_movil,PU-001,Préstamo Personal
TXN-00020108,CTA-176707,CLI-32591,2026-06-10 04:50:00,3367555.0,CRC,retiro,app_movil,HE-001,Cuenta Corriente
TXN-00020109,CTA-601071,CLI-76336,2026-06-22 17:26:00,2913657.82,CRC,deposito,atm,CA-001,Cuenta Corriente
TXN-00020110,CTA-542586,CLI-70695,2026-06-19 00:59:00,4823167.11,CRC,comision,atm,LI-002,Préstamo Personal
TXN-00020111,CTA-967317,CLI-14908,2026-06-05 06:09:00,4134970.73,CRC,comision,sucursal,HE-001,Préstamo Personal
TXN-00020112,CTA-398876,CLI-36964,2026-06-17 20:47:00,4533368.24,CRC,retiro,app_movil,PU-001,Préstamo Personal
TXN-00020113,CTA-848826,CLI-39368,2026-06-08 03:17:00,2996214.27,CRC,deposito,web,PU-001,Préstamo Hipotecario
TXN-00020114,CTA-277638,CLI-24447,2026-06-12 18:07:00,168822.77,CRC,deposito,sucursal,PU-001,Cuenta Corriente
TXN-00020115,CTA-740222,CLI-17111,2026-06-21 22:09:00,4219879.57,CRC,deposito,sinpe,HE-001,Préstamo Hipotecario
TXN-00020116,CTA-345801,CLI-89446,2026-06-28 23:35:00,2060804.3,CRC,comision,app_movil,LI-002,Préstamo Personal
TXN-00020117,CTA-926072,CLI-59928,2026-06-23 00:57:00,1461270.41,CRC,pago,web,SJ-002,Cuenta Corriente
TXN-00020118,CTA-596756,CLI-56158,2026-06-20 00:29:00,578058.53,CRC,comision,atm,PU-001,Préstamo Hipotecario
TXN-00020119,CTA-802870,CLI-95678,2026-06-14 08:35:00,1838087.46,CRC,retiro,sucursal,CA-001,Cuenta Corriente
TXN-00020120,CTA-330525,CLI-76495,2026-06-09 19:30:00,3702141.89,CRC,deposito,app_movil,PU-001,Préstamo Hipotecario
TXN-00020121,CTA-966222,CLI-41149,2026-06-23 01:36:00,4826575.33,CRC,transferencia,sinpe,HE-001,Préstamo Hipotecario
TXN-00020122,CTA-669215,CLI-20336,2026-06-24 04:35:00,4307808.09,CRC,transferencia,sucursal,LI-001,Cuenta Corriente
TXN-00020123,CTA-925522,CLI-10391,2026-06-23 05:50:00,87314.57,CRC,comision,sucursal,PU-001,Préstamo Personal
TXN-00020124,CTA-153646,CLI-51783,2026-06-26 16:13:00,265157.18,CRC,pago,atm,CA-001,Cuenta Corriente
TXN-00020125,CTA-286829,CLI-77807,2026-06-06 18:33:00,2940374.67,CRC,comision,app_movil,CA-001,Préstamo Hipotecario
TXN-00020126,CTA-521612,CLI-68692,2026-06-06 08:30:00,2991338.92,CRC,pago,atm,HE-001,Préstamo Personal
TXN-00020127,CTA-663812,CLI-38842,2026-06-18 13:52:00,1659606.12,CRC,deposito,sucursal,LI-001,Cuenta Ahorro
TXN-00020128,CTA-639302,CLI-43577,2026-06-17 08:33:00,4550519.23,CRC,pago,sinpe,HE-001,Tarjeta Crédito
TXN-00020129,CTA-541859,CLI-33937,2026-06-08 12:23:00,367523.68,CRC,comision,app_movil,CA-001,Tarjeta Crédito
TXN-00020130,CTA-779745,CLI-41198,2026-06-30 02:24:00,1777008.97,CRC,deposito,web,SJ-002,Cuenta Ahorro
TXN-00020131,CTA-750154,CLI-90427,2026-06-26 12:45:00,3085312.21,CRC,deposito,web,SJ-001,Préstamo Personal
TXN-00020132,CTA-743624,CLI-77988,2026-06-04 05:44:00,1609593.73,CRC,pago,sucursal,SJ-002,Tarjeta Crédito
TXN-00020133,CTA-629880,CLI-96265,2026-06-24 01:26:00,271850.82,CRC,pago,sinpe,CA-001,Tarjeta Crédito
TXN-00020134,CTA-826013,CLI-56540,2026-06-26 20:40:00,945665.92,CRC,deposito,atm,PU-001,Préstamo Hipotecario
TXN-00020135,CTA-515940,CLI-92454,2026-06-04 10:10:00,4571948.27,CRC,retiro,web,LI-001,Cuenta Corriente
TXN-00020136,CTA-909832,CLI-81623,2026-06-25 01:45:00,736764.89,CRC,retiro,atm,SJ-001,Préstamo Personal
TXN-00020137,CTA-277518,CLI-82004,2026-06-08 06:54:00,3655589.15,CRC,pago,sucursal,SJ-002,Cuenta Ahorro
TXN-00020138,CTA-711625,CLI-92525,2026-06-27 14:21:00,4896694.01,CRC,comision,app_movil,LI-002,Préstamo Hipotecario
TXN-00020139,CTA-258034,CLI-42370,2026-06-16 02:33:00,1508104.48,CRC,transferencia,sinpe,SJ-001,Préstamo Personal
TXN-00020140,CTA-278666,CLI-47045,2026-06-16 23:56:00,2072682.26,CRC,comision,app_movil,LI-002,Préstamo Personal
TXN-00020141,CTA-430308,CLI-86234,2026-06-10 10:26:00,4705659.65,CRC,deposito,sinpe,PU-001,Cuenta Ahorro
TXN-00020142,CTA-653002,CLI-23703,2026-06-02 03:09:00,4605010.72,CRC,comision,app_movil,SJ-001,Préstamo Personal
TXN-00020143,CTA-795013,CLI-35330,2026-06-07 07:14:00,1115718.08,CRC,comision,sucursal,CA-001,Préstamo Hipotecario
TXN-00020144,CTA-199702,CLI-72953,2026-06-20 04:07:00,3440141.6,CRC,transferencia,sinpe,PU-001,Tarjeta Crédito
TXN-00020145,CTA-471985,CLI-80984,2026-06-01 00:05:00,1842401.42,CRC,retiro,sucursal,PU-001,Tarjeta Crédito
TXN-00020146,CTA-303249,CLI-90837,2026-06-22 11:22:00,4499919.19,CRC,pago,sucursal,LI-001,Préstamo Hipotecario
TXN-00020147,CTA-148163,CLI-35321,2026-06-21 14:20:00,25073.55,CRC,pago,atm,AL-001,Cuenta Corriente
TXN-00020148,CTA-551892,CLI-30169,2026-06-06 04:09:00,1441270.33,CRC,retiro,atm,HE-001,Préstamo Personal
TXN-00020149,CTA-494611,CLI-58825,2026-06-13 09:31:00,4398120.28,CRC,retiro,atm,SJ-002,Préstamo Hipotecario
TXN-00020150,CTA-769133,CLI-59269,2026-06-29 21:06:00,2723748.32,CRC,comision,app_movil,PU-001,Cuenta Ahorro
TXN-00020151,CTA-463210,CLI-94516,2026-06-23 21:34:00,1257716.74,CRC,retiro,sinpe,SJ-001,Tarjeta Crédito
TXN-00020152,CTA-518606,CLI-68115,2026-06-20 14:46:00,2523688.07,CRC,transferencia,atm,LI-002,Préstamo Personal
TXN-00020153,CTA-485066,CLI-94000,2026-06-20 13:32:00,1196715.34,CRC,transferencia,app_movil,HE-001,Cuenta Corriente
TXN-00020154,CTA-252747,CLI-83559,2026-06-28 14:50:00,3265113.22,CRC,retiro,atm,LI-002,Préstamo Hipotecario
TXN-00020155,CTA-309922,CLI-66800,2026-06-14 23:17:00,1795059.56,CRC,deposito,web,PU-001,Cuenta Ahorro
TXN-00020156,CTA-999703,CLI-26472,2026-06-11 08:04:00,4105400.8,CRC,transferencia,sinpe,AL-001,Tarjeta Crédito
TXN-00020157,CTA-466133,CLI-30251,2026-06-14 06:33:00,1729775.39,CRC,deposito,atm,CA-001,Préstamo Hipotecario
TXN-00020158,CTA-246650,CLI-98406,2026-06-03 14:51:00,1346367.31,CRC,deposito,web,LI-001,Préstamo Personal
TXN-00020159,CTA-278144,CLI-88892,2026-06-29 16:01:00,2871116.61,CRC,pago,atm,LI-001,Préstamo Personal
TXN-00020160,CTA-772349,CLI-80606,2026-06-14 02:54:00,4316843.7,CRC,transferencia,sucursal,CA-001,Cuenta Corriente
TXN-00020161,CTA-938232,CLI-80259,2026-06-17 17:31:00,2686264.75,CRC,comision,sinpe,SJ-001,Tarjeta Crédito
TXN-00020162,CTA-726081,CLI-41792,2026-06-05 08:40:00,4390560.72,CRC,pago,web,LI-001,Préstamo Hipotecario
TXN-00020163,CTA-662341,CLI-86431,2026-06-01 23:46:00,1757971.5,CRC,comision,app_movil,AL-001,Cuenta Corriente
TXN-00020164,CTA-641689,CLI-96879,2026-06-18 01:43:00,3548297.72,CRC,transferencia,web,LI-002,Préstamo Hipotecario
TXN-00020165,CTA-933365,CLI-77226,2026-06-06 22:28:00,4615103.53,CRC,pago,web,AL-001,Préstamo Personal
TXN-00020166,CTA-514494,CLI-16828,2026-06-25 20:19:00,3540583.6,CRC,deposito,atm,LI-001,Préstamo Hipotecario
TXN-00020167,CTA-112305,CLI-30745,2026-06-05 11:20:00,3335336.43,CRC,comision,sucursal,LI-001,Préstamo Hipotecario
TXN-00020168,CTA-289096,CLI-21602,2026-06-02 11:03:00,3618331.71,CRC,deposito,web,LI-002,Cuenta Corriente
TXN-00020169,CTA-937620,CLI-32424,2026-06-03 01:25:00,1051738.62,CRC,retiro,app_movil,LI-002,Préstamo Hipotecario
TXN-00020170,CTA-404076,CLI-93245,2026-06-21 05:27:00,3012829.64,CRC,comision,sinpe,PU-001,Cuenta Corriente
TXN-00020171,CTA-597443,CLI-96405,2026-06-27 17:07:00,2667799.19,CRC,transferencia,atm,LI-002,Tarjeta Crédito
TXN-00020172,CTA-191380,CLI-15963,2026-06-05 22:34:00,4360157.18,CRC,pago,web,LI-001,Préstamo Personal
TXN-00020173,CTA-229534,CLI-28319,2026-06-01 08:55:00,3355010.11,CRC,retiro,sinpe,PU-001,Cuenta Corriente
TXN-00020174,CTA-534340,CLI-10334,2026-06-23 06:47:00,2344206.75,CRC,pago,web,CA-001,Préstamo Personal
TXN-00020175,CTA-573748,CLI-49878,2026-06-12 19:58:00,2417412.45,CRC,deposito,web,PU-001,Cuenta Ahorro
TXN-00020176,CTA-997055,CLI-76911,2026-06-12 13:54:00,4724739.93,CRC,deposito,sucursal,HE-001,Préstamo Personal
TXN-00020177,CTA-819872,CLI-76998,2026-06-03 00:34:00,1980162.77,CRC,pago,app_movil,LI-002,Préstamo Hipotecario
TXN-00020178,CTA-786664,CLI-45316,2026-06-11 14:44:00,174185.84,CRC,retiro,sucursal,SJ-002,Cuenta Corriente
TXN-00020179,CTA-546298,CLI-20835,2026-06-10 20:40:00,3539042.31,CRC,deposito,sucursal,SJ-002,Cuenta Ahorro
TXN-00020180,CTA-758154,CLI-85222,2026-06-25 14:06:00,2752596.67,CRC,comision,sucursal,CA-001,Préstamo Hipotecario
TXN-00020181,CTA-411048,CLI-92141,2026-06-15 11:31:00,1159321.75,CRC,retiro,sinpe,AL-001,Tarjeta Crédito
TXN-00020182,CTA-726026,CLI-59213,2026-06-18 03:35:00,3731528.78,CRC,comision,sinpe,AL-001,Préstamo Personal
TXN-00020183,CTA-366710,CLI-54633,2026-06-10 07:38:00,2110030.26,CRC,retiro,app_movil,HE-001,Cuenta Ahorro
TXN-00020184,CTA-577228,CLI-44884,2026-06-12 01:01:00,1760853.79,CRC,pago,web,HE-001,Tarjeta Crédito
TXN-00020185,CTA-466976,CLI-14172,2026-06-08 21:10:00,3434623.69,CRC,pago,sinpe,HE-001,Préstamo Personal
TXN-00020186,CTA-733086,CLI-23674,2026-06-04 10:00:00,4646905.4,CRC,retiro,sucursal,LI-002,Préstamo Personal
TXN-00020187,CTA-229262,CLI-20474,2026-06-11 04:35:00,2652760.43,CRC,deposito,atm,SJ-002,Tarjeta Crédito
TXN-00020188,CTA-277961,CLI-29793,2026-06-25 01:13:00,413150.79,CRC,comision,web,CA-001,Préstamo Personal
TXN-00020189,CTA-822742,CLI-77770,2026-06-26 09:42:00,4970167.19,CRC,comision,sinpe,SJ-002,Cuenta Corriente
TXN-00020190,CTA-341856,CLI-99326,2026-06-26 20:12:00,1082493.47,CRC,comision,sinpe,PU-001,Préstamo Hipotecario
TXN-00020191,CTA-464080,CLI-96022,2026-06-26 16:48:00,2833948.13,CRC,retiro,sinpe,LI-001,Cuenta Ahorro
TXN-00020192,CTA-167525,CLI-35719,2026-06-16 21:08:00,4814296.41,CRC,transferencia,app_movil,CA-001,Préstamo Personal
TXN-00020193,CTA-714200,CLI-79083,2026-06-20 20:34:00,4278068.49,CRC,transferencia,sucursal,SJ-002,Préstamo Hipotecario
TXN-00020194,CTA-565200,CLI-38067,2026-06-09 21:44:00,2597705.49,CRC,deposito,web,AL-001,Cuenta Ahorro
TXN-00020195,CTA-356394,CLI-38829,2026-06-12 15:05:00,4259337.73,CRC,deposito,sucursal,CA-001,Cuenta Corriente
TXN-00020196,CTA-518282,CLI-25264,2026-06-15 14:03:00,4543545.64,CRC,pago,atm,PU-001,Tarjeta Crédito
TXN-00020197,CTA-218767,CLI-64800,2026-06-17 10:09:00,2554301.73,CRC,retiro,web,SJ-001,Tarjeta Crédito
TXN-00020198,CTA-641664,CLI-10606,2026-06-27 01:38:00,643335.59,CRC,comision,app_movil,LI-002,Tarjeta Crédito
TXN-00020199,CTA-333950,CLI-48349,2026-06-02 01:46:00,3924755.3,CRC,transferencia,app_movil,CA-001,Préstamo Hipotecario
TXN-00020200,CTA-585267,CLI-47911,2026-06-18 23:01:00,4042230.84,CRC,comision,web,SJ-001,Cuenta Ahorro
TXN-00020201,CTA-241897,CLI-45514,2026-06-30 12:06:00,3395483.21,CRC,deposito,sucursal,PU-001,Tarjeta Crédito
TXN-00020202,CTA-460898,CLI-98328,2026-06-11 05:57:00,660692.61,CRC,retiro,sucursal,AL-001,Cuenta Corriente
TXN-00020203,CTA-922472,CLI-17515,2026-06-11 03:37:00,374327.79,CRC,retiro,web,LI-001,Tarjeta Crédito
TXN-00020204,CTA-185315,CLI-32332,2026-06-17 21:33:00,4057991.38,CRC,deposito,app_movil,AL-001,Cuenta Ahorro
TXN-00020205,CTA-104256,CLI-47044,2026-06-26 19:16:00,3391741.72,CRC,transferencia,atm,HE-001,Préstamo Personal
TXN-00020206,CTA-263564,CLI-32987,2026-06-17 22:51:00,4435887.03,CRC,retiro,sinpe,LI-001,Préstamo Hipotecario
TXN-00020207,CTA-202230,CLI-32017,2026-06-23 09:16:00,4951606.87,CRC,comision,atm,LI-002,Tarjeta Crédito
TXN-00020208,CTA-808468,CLI-68706,2026-06-23 09:04:00,4124213.86,CRC,retiro,sucursal,SJ-001,Tarjeta Crédito
TXN-00020209,CTA-622856,CLI-57533,2026-06-11 20:04:00,3986648.17,CRC,deposito,web,SJ-002,Cuenta Ahorro
TXN-00020210,CTA-671692,CLI-37014,2026-06-18 13:09:00,4305150.22,CRC,comision,atm,LI-002,Préstamo Personal
TXN-00020211,CTA-980816,CLI-46906,2026-06-28 04:23:00,3840889.22,CRC,comision,sinpe,HE-001,Tarjeta Crédito
TXN-00020212,CTA-912326,CLI-68979,2026-06-27 13:29:00,415799.72,CRC,deposito,app_movil,LI-002,Tarjeta Crédito
TXN-00020213,CTA-441653,CLI-40859,2026-06-08 20:11:00,4094991.18,CRC,retiro,sucursal,SJ-001,Tarjeta Crédito
TXN-00020214,CTA-343560,CLI-55535,2026-06-09 19:22:00,1957229.94,CRC,pago,app_movil,LI-001,Préstamo Personal
TXN-00020215,CTA-753661,CLI-13539,2026-06-30 02:39:00,2059320.92,CRC,deposito,sinpe,SJ-001,Préstamo Hipotecario
TXN-00020216,CTA-621948,CLI-96708,2026-06-16 02:33:00,3120675.17,CRC,transferencia,web,SJ-002,Cuenta Ahorro
TXN-00020217,CTA-288565,CLI-21771,2026-06-16 02:07:00,864654.94,CRC,comision,web,SJ-001,Préstamo Personal
TXN-00020218,CTA-560858,CLI-79514,2026-06-30 02:05:00,2207825.82,CRC,transferencia,app_movil,SJ-001,Cuenta Corriente
TXN-00020219,CTA-272809,CLI-93243,2026-06-17 20:59:00,4319264.01,CRC,transferencia,atm,SJ-001,Cuenta Ahorro
TXN-00020220,CTA-667713,CLI-99496,2026-06-27 19:58:00,2921197.27,CRC,retiro,atm,LI-002,Cuenta Ahorro
TXN-00020221,CTA-413315,CLI-61079,2026-06-01 03:08:00,3346334.8,CRC,pago,sinpe,AL-001,Cuenta Ahorro
TXN-00020222,CTA-777572,CLI-77135,2026-06-02 08:07:00,1272883.16,CRC,pago,atm,CA-001,Tarjeta Crédito
TXN-00020223,CTA-225962,CLI-57471,2026-06-19 21:51:00,2506059.43,CRC,comision,web,HE-001,Cuenta Ahorro
TXN-00020224,CTA-817769,CLI-43305,2026-06-17 07:43:00,951605.26,CRC,deposito,app_movil,SJ-001,Préstamo Hipotecario
TXN-00020225,CTA-434347,CLI-23341,2026-06-24 18:20:00,1245178.11,CRC,transferencia,app_movil,CA-001,Cuenta Corriente
TXN-00020226,CTA-758084,CLI-93880,2026-06-11 01:28:00,1708799.01,CRC,transferencia,web,SJ-001,Préstamo Personal
TXN-00020227,CTA-765437,CLI-50208,2026-06-08 21:39:00,4400366.05,CRC,retiro,sinpe,LI-002,Cuenta Ahorro
TXN-00020228,CTA-128328,CLI-24079,2026-06-04 13:44:00,3153888.63,CRC,pago,sinpe,SJ-002,Cuenta Ahorro
TXN-00020229,CTA-109407,CLI-14159,2026-06-21 22:49:00,4198853.8,CRC,retiro,app_movil,SJ-001,Tarjeta Crédito
TXN-00020230,CTA-898079,CLI-56835,2026-06-18 15:48:00,1908456.83,CRC,deposito,sinpe,HE-001,Cuenta Ahorro
TXN-00020231,CTA-767160,CLI-74405,2026-06-28 17:18:00,2012323.92,CRC,transferencia,sinpe,LI-001,Cuenta Ahorro
TXN-00020232,CTA-961898,CLI-40079,2026-06-29 23:00:00,3581858.76,CRC,deposito,app_movil,HE-001,Tarjeta Crédito
TXN-00020233,CTA-700619,CLI-53810,2026-06-07 16:44:00,3277416.34,CRC,pago,sucursal,SJ-002,Préstamo Personal
TXN-00020234,CTA-827456,CLI-17772,2026-06-18 16:38:00,2081088.21,CRC,comision,web,AL-001,Cuenta Corriente
TXN-00020235,CTA-241239,CLI-86247,2026-06-20 13:00:00,3317043.9,CRC,retiro,web,SJ-002,Préstamo Hipotecario
TXN-00020236,CTA-728470,CLI-76233,2026-06-30 15:30:00,2854954.86,CRC,deposito,app_movil,SJ-002,Tarjeta Crédito
TXN-00020237,CTA-832948,CLI-42359,2026-06-09 08:30:00,2100695.89,CRC,comision,web,AL-001,Tarjeta Crédito
TXN-00020238,CTA-733092,CLI-96595,2026-06-19 13:51:00,1403596.42,CRC,comision,atm,AL-001,Cuenta Ahorro
TXN-00020239,CTA-616783,CLI-23969,2026-06-10 14:22:00,1224092.33,CRC,transferencia,web,SJ-001,Préstamo Personal
TXN-00020240,CTA-388758,CLI-82847,2026-06-15 20:53:00,2530929.95,CRC,comision,sucursal,LI-002,Préstamo Personal
TXN-00020241,CTA-295799,CLI-98700,2026-06-11 10:19:00,541570.23,CRC,retiro,web,PU-001,Préstamo Personal
TXN-00020242,CTA-161859,CLI-87819,2026-06-11 20:28:00,913820.13,CRC,pago,web,AL-001,Cuenta Ahorro
TXN-00020243,CTA-667185,CLI-88422,2026-06-14 03:21:00,3725803.57,CRC,deposito,atm,SJ-001,Cuenta Ahorro
TXN-00020244,CTA-752092,CLI-24298,2026-06-02 22:10:00,2662126.5,CRC,deposito,atm,LI-002,Cuenta Ahorro
TXN-00020245,CTA-542999,CLI-88901,2026-06-10 21:34:00,951995.6,CRC,retiro,app_movil,SJ-001,Tarjeta Crédito
TXN-00020246,CTA-966792,CLI-84267,2026-06-14 17:26:00,909401.62,CRC,retiro,web,LI-002,Tarjeta Crédito
TXN-00020247,CTA-763630,CLI-33664,2026-06-03 08:00:00,2374090.7,CRC,comision,web,AL-001,Préstamo Personal
TXN-00020248,CTA-429726,CLI-39217,2026-06-18 03:51:00,2959178.33,CRC,comision,sinpe,CA-001,Cuenta Ahorro
TXN-00020249,CTA-315939,CLI-57906,2026-06-04 06:53:00,4130086.75,CRC,retiro,atm,PU-001,Préstamo Personal
TXN-00020250,CTA-316047,CLI-74331,2026-06-07 15:57:00,1043751.61,CRC,transferencia,app_movil,SJ-001,Tarjeta Crédito
TXN-00020251,CTA-219421,CLI-32380,2026-06-05 22:09:00,208114.83,CRC,transferencia,sucursal,SJ-001,Cuenta Corriente
TXN-00020252,CTA-440085,CLI-15650,2026-06-30 21:04:00,356383.1,CRC,transferencia,atm,SJ-001,Préstamo Personal
TXN-00020253,CTA-475489,CLI-69990,2026-06-27 05:26:00,3253554.87,CRC,deposito,sucursal,PU-001,Tarjeta Crédito
TXN-00020254,CTA-237768,CLI-33259,2026-06-26 12:33:00,4473009.36,CRC,transferencia,app_movil,LI-001,Cuenta Ahorro
TXN-00020255,CTA-960904,CLI-66011,2026-06-26 10:45:00,163770.39,CRC,transferencia,app_movil,LI-001,Cuenta Ahorro
TXN-00020256,CTA-688032,CLI-68279,2026-06-30 07:22:00,4431195.83,CRC,pago,atm,AL-001,Cuenta Ahorro
TXN-00020257,CTA-554604,CLI-18608,2026-06-03 22:14:00,14179.63,CRC,deposito,web,CA-001,Tarjeta Crédito
TXN-00020258,CTA-961655,CLI-54859,2026-06-11 02:52:00,3632141.18,CRC,retiro,app_movil,PU-001,Préstamo Hipotecario
TXN-00020259,CTA-439965,CLI-42129,2026-06-03 08:47:00,1925232.92,CRC,transferencia,sucursal,LI-001,Préstamo Hipotecario
TXN-00020260,CTA-878303,CLI-65762,2026-06-24 20:15:00,3966543.26,CRC,transferencia,sucursal,LI-002,Tarjeta Crédito
TXN-00020261,CTA-991685,CLI-76666,2026-06-22 23:56:00,1047109.6,CRC,pago,sinpe,PU-001,Tarjeta Crédito
TXN-00020262,CTA-696587,CLI-79797,2026-06-17 10:12:00,742136.52,CRC,pago,web,AL-001,Préstamo Hipotecario
TXN-00020263,CTA-325452,CLI-40448,2026-06-12 09:57:00,651320.03,CRC,deposito,sinpe,AL-001,Tarjeta Crédito
TXN-00020264,CTA-234399,CLI-60828,2026-06-16 13:52:00,1442077.88,CRC,deposito,sinpe,AL-001,Cuenta Corriente
TXN-00020265,CTA-454276,CLI-12292,2026-06-26 12:24:00,1914785.57,CRC,deposito,sucursal,HE-001,Préstamo Personal
TXN-00020266,CTA-865056,CLI-86956,2026-06-07 09:08:00,905225.44,CRC,comision,sucursal,LI-002,Préstamo Hipotecario
TXN-00020267,CTA-748824,CLI-43430,2026-06-18 04:51:00,807548.0,CRC,retiro,sucursal,LI-001,Cuenta Ahorro
TXN-00020268,CTA-478964,CLI-72168,2026-06-06 12:20:00,2063406.66,CRC,retiro,sucursal,LI-002,Tarjeta Crédito
TXN-00020269,CTA-128753,CLI-74259,2026-06-13 18:12:00,716398.67,CRC,pago,sinpe,LI-002,Tarjeta Crédito
TXN-00020270,CTA-512251,CLI-50153,2026-06-20 13:29:00,1612702.88,CRC,transferencia,web,AL-001,Préstamo Personal
TXN-00020271,CTA-425703,CLI-26072,2026-06-20 10:59:00,2131319.14,CRC,comision,sucursal,SJ-001,Préstamo Hipotecario
TXN-00020272,CTA-119764,CLI-41373,2026-06-21 08:41:00,906283.39,CRC,transferencia,app_movil,HE-001,Cuenta Corriente
TXN-00020273,CTA-460285,CLI-65213,2026-06-15 05:15:00,1870811.96,CRC,pago,sinpe,HE-001,Tarjeta Crédito
TXN-00020274,CTA-133151,CLI-49210,2026-06-18 00:15:00,3209890.62,CRC,deposito,sinpe,LI-002,Tarjeta Crédito
TXN-00020275,CTA-171697,CLI-30973,2026-06-27 14:03:00,1655711.51,CRC,retiro,web,LI-001,Préstamo Personal
TXN-00020276,CTA-604252,CLI-72870,2026-06-19 19:22:00,4584355.47,CRC,retiro,sinpe,HE-001,Préstamo Hipotecario
TXN-00020277,CTA-590751,CLI-53088,2026-06-14 20:09:00,1643338.76,CRC,pago,sinpe,SJ-002,Cuenta Corriente
TXN-00020278,CTA-588035,CLI-77173,2026-06-06 01:56:00,1849227.02,CRC,deposito,sinpe,SJ-002,Tarjeta Crédito
TXN-00020279,CTA-995249,CLI-78365,2026-06-02 02:28:00,4583094.5,CRC,transferencia,sinpe,AL-001,Préstamo Personal
TXN-00020280,CTA-947439,CLI-45850,2026-06-11 03:06:00,3105943.25,CRC,pago,atm,PU-001,Tarjeta Crédito
TXN-00020281,CTA-762292,CLI-34406,2026-06-29 03:34:00,1742013.03,CRC,comision,sinpe,PU-001,Préstamo Hipotecario
TXN-00020282,CTA-646769,CLI-46391,2026-06-25 14:14:00,2506557.14,CRC,retiro,web,SJ-001,Cuenta Ahorro
TXN-00020283,CTA-130426,CLI-96920,2026-06-02 02:27:00,3454679.76,CRC,retiro,atm,SJ-001,Préstamo Hipotecario
TXN-00020284,CTA-621709,CLI-28666,2026-06-29 01:10:00,2489151.09,CRC,comision,sucursal,PU-001,Préstamo Hipotecario
TXN-00020285,CTA-304898,CLI-72422,2026-06-06 06:32:00,295200.33,CRC,deposito,atm,SJ-002,Cuenta Corriente
TXN-00020286,CTA-379392,CLI-57782,2026-06-12 09:33:00,1512987.11,CRC,pago,sinpe,PU-001,Préstamo Hipotecario
TXN-00020287,CTA-106690,CLI-73962,2026-06-10 00:16:00,2388520.53,CRC,deposito,web,SJ-001,Préstamo Hipotecario
TXN-00020288,CTA-367213,CLI-15129,2026-06-15 10:30:00,1297310.1,CRC,pago,app_movil,SJ-002,Préstamo Personal
TXN-00020289,CTA-810467,CLI-56831,2026-06-04 23:27:00,652180.9,CRC,transferencia,sinpe,HE-001,Préstamo Personal
TXN-00020290,CTA-767898,CLI-31399,2026-06-07 16:53:00,1176913.66,CRC,transferencia,sucursal,LI-002,Tarjeta Crédito
TXN-00020291,CTA-510634,CLI-90133,2026-06-22 00:32:00,2654488.83,CRC,pago,sucursal,CA-001,Préstamo Hipotecario
TXN-00020292,CTA-180413,CLI-99340,2026-06-12 11:49:00,3774854.71,CRC,transferencia,app_movil,LI-001,Préstamo Hipotecario
TXN-00020293,CTA-353702,CLI-16984,2026-06-28 11:14:00,4800347.15,CRC,pago,sucursal,LI-001,Préstamo Personal
TXN-00020294,CTA-547635,CLI-18487,2026-06-12 22:24:00,627270.23,CRC,retiro,web,HE-001,Préstamo Hipotecario
TXN-00020295,CTA-466632,CLI-52429,2026-06-14 23:11:00,2407402.5,CRC,retiro,sinpe,LI-002,Cuenta Corriente
TXN-00020296,CTA-877942,CLI-28016,2026-06-13 09:31:00,807948.79,CRC,retiro,sucursal,SJ-001,Préstamo Hipotecario
TXN-00020297,CTA-841832,CLI-25340,2026-06-05 18:48:00,4146991.28,CRC,comision,sinpe,PU-001,Tarjeta Crédito
TXN-00020298,CTA-895197,CLI-44074,2026-06-21 09:32:00,1152489.14,CRC,retiro,app_movil,LI-002,Tarjeta Crédito
TXN-00020299,CTA-900355,CLI-48383,2026-06-23 11:07:00,15826.08,CRC,pago,sucursal,CA-001,Cuenta Corriente
TXN-00020300,CTA-570327,CLI-92638,2026-06-29 01:02:00,3693664.73,CRC,deposito,sinpe,AL-001,Cuenta Ahorro
TXN-00020301,CTA-452879,CLI-89183,2026-06-09 14:22:00,2424692.69,CRC,retiro,sinpe,LI-001,Préstamo Personal
TXN-00020302,CTA-244721,CLI-36603,2026-06-06 04:41:00,3623822.02,CRC,retiro,web,CA-001,Tarjeta Crédito
TXN-00020303,CTA-913695,CLI-14522,2026-06-20 11:58:00,3135645.89,CRC,deposito,atm,LI-001,Cuenta Corriente
TXN-00020304,CTA-552935,CLI-70556,2026-06-12 07:25:00,1534797.09,CRC,pago,atm,SJ-002,Cuenta Corriente
TXN-00020305,CTA-237703,CLI-87600,2026-06-01 09:28:00,652936.39,CRC,pago,atm,CA-001,Cuenta Corriente
TXN-00020306,CTA-469180,CLI-82817,2026-06-02 23:48:00,687862.88,CRC,deposito,sucursal,PU-001,Cuenta Ahorro
TXN-00020307,CTA-264960,CLI-12295,2026-06-20 15:10:00,2464886.29,CRC,transferencia,sinpe,SJ-001,Cuenta Corriente
TXN-00020308,CTA-424499,CLI-27164,2026-06-05 01:40:00,3558148.86,CRC,transferencia,atm,SJ-002,Préstamo Personal
TXN-00020309,CTA-105531,CLI-12971,2026-06-22 21:51:00,4428762.65,CRC,retiro,web,PU-001,Cuenta Corriente
TXN-00020310,CTA-975286,CLI-97059,2026-06-16 02:15:00,4586091.85,CRC,comision,app_movil,AL-001,Préstamo Personal
TXN-00020311,CTA-434840,CLI-51235,2026-06-26 20:03:00,2945432.98,CRC,deposito,web,CA-001,Préstamo Hipotecario
TXN-00020312,CTA-549338,CLI-75981,2026-06-01 12:47:00,3156716.21,CRC,transferencia,web,CA-001,Préstamo Hipotecario
TXN-00020313,CTA-205739,CLI-27099,2026-06-11 02:56:00,170520.59,CRC,pago,web,HE-001,Préstamo Hipotecario
TXN-00020314,CTA-757958,CLI-53713,2026-06-28 15:47:00,1156214.43,CRC,deposito,sucursal,LI-001,Cuenta Corriente
TXN-00020315,CTA-351430,CLI-15927,2026-06-03 22:18:00,3728880.86,CRC,deposito,sucursal,HE-001,Préstamo Hipotecario
TXN-00020316,CTA-946773,CLI-60122,2026-06-22 13:50:00,255796.2,CRC,retiro,atm,SJ-001,Préstamo Personal
TXN-00020317,CTA-521976,CLI-26121,2026-06-01 08:52:00,4199474.35,CRC,pago,sinpe,AL-001,Cuenta Ahorro
TXN-00020318,CTA-676488,CLI-77669,2026-06-06 01:16:00,3001794.21,CRC,pago,web,PU-001,Préstamo Hipotecario
TXN-00020319,CTA-700515,CLI-11851,2026-06-27 15:33:00,86937.13,CRC,pago,app_movil,LI-002,Cuenta Corriente
TXN-00020320,CTA-565297,CLI-71052,2026-06-04 06:57:00,2213843.23,CRC,pago,web,LI-001,Cuenta Corriente
TXN-00020321,CTA-399010,CLI-55425,2026-06-20 18:41:00,2129573.29,CRC,pago,sucursal,SJ-001,Préstamo Hipotecario
TXN-00020322,CTA-459154,CLI-35614,2026-06-01 23:22:00,2910797.35,CRC,comision,app_movil,PU-001,Préstamo Personal
TXN-00020323,CTA-416668,CLI-26586,2026-06-15 19:39:00,292028.91,CRC,pago,web,SJ-001,Cuenta Ahorro
TXN-00020324,CTA-450606,CLI-42671,2026-06-23 22:13:00,4930434.83,CRC,deposito,web,HE-001,Préstamo Hipotecario
TXN-00020325,CTA-116437,CLI-76744,2026-06-26 14:45:00,4747107.25,CRC,retiro,sucursal,LI-001,Cuenta Corriente
TXN-00020326,CTA-226015,CLI-95524,2026-06-04 13:15:00,3640880.9,CRC,pago,sucursal,PU-001,Cuenta Corriente
TXN-00020327,CTA-636225,CLI-61655,2026-06-23 08:04:00,3056309.57,CRC,pago,sucursal,AL-001,Préstamo Hipotecario
TXN-00020328,CTA-221850,CLI-56777,2026-06-17 21:53:00,2674657.66,CRC,comision,sinpe,AL-001,Préstamo Personal
TXN-00020329,CTA-297809,CLI-90015,2026-06-23 20:30:00,4423582.93,CRC,transferencia,app_movil,PU-001,Préstamo Hipotecario
TXN-00020330,CTA-561230,CLI-51769,2026-06-05 21:58:00,1347894.97,CRC,retiro,web,PU-001,Préstamo Personal
TXN-00020331,CTA-659948,CLI-42019,2026-06-04 23:43:00,1639788.92,CRC,deposito,atm,LI-002,Préstamo Hipotecario
TXN-00020332,CTA-386367,CLI-34666,2026-06-22 22:44:00,4930350.17,CRC,deposito,atm,AL-001,Tarjeta Crédito
TXN-00020333,CTA-476771,CLI-27339,2026-06-26 11:56:00,2326379.32,CRC,transferencia,sinpe,PU-001,Préstamo Hipotecario
TXN-00020334,CTA-108130,CLI-41125,2026-06-24 02:31:00,4667560.87,CRC,retiro,sinpe,SJ-002,Préstamo Personal
TXN-00020335,CTA-489458,CLI-16638,2026-06-12 01:47:00,725496.86,CRC,comision,web,CA-001,Cuenta Ahorro
TXN-00020336,CTA-516743,CLI-78301,2026-06-17 13:47:00,2302637.23,CRC,retiro,web,PU-001,Cuenta Corriente
TXN-00020337,CTA-515066,CLI-90194,2026-06-21 09:39:00,3740812.67,CRC,retiro,app_movil,SJ-002,Préstamo Personal
TXN-00020338,CTA-290064,CLI-82171,2026-06-14 23:45:00,586589.16,CRC,pago,sinpe,LI-001,Préstamo Personal
TXN-00020339,CTA-823318,CLI-37155,2026-06-07 12:03:00,1016322.35,CRC,pago,atm,PU-001,Préstamo Personal
TXN-00020340,CTA-520611,CLI-42054,2026-06-30 22:56:00,1913201.24,CRC,comision,sucursal,LI-001,Cuenta Ahorro
TXN-00020341,CTA-653868,CLI-72313,2026-06-26 20:16:00,1976419.81,CRC,pago,app_movil,SJ-002,Cuenta Corriente
TXN-00020342,CTA-887291,CLI-86357,2026-06-28 01:00:00,4826608.09,CRC,comision,web,CA-001,Cuenta Ahorro
TXN-00020343,CTA-741262,CLI-44369,2026-06-13 20:51:00,4337437.15,CRC,retiro,web,AL-001,Préstamo Hipotecario
TXN-00020344,CTA-688032,CLI-25542,2026-06-05 23:46:00,1187637.52,CRC,retiro,app_movil,LI-001,Cuenta Corriente
TXN-00020345,CTA-781968,CLI-82049,2026-06-27 21:42:00,1997835.85,CRC,comision,web,LI-001,Préstamo Personal
TXN-00020346,CTA-703593,CLI-40270,2026-06-17 08:34:00,604537.4,CRC,pago,sucursal,LI-002,Cuenta Ahorro
TXN-00020347,CTA-103509,CLI-25283,2026-06-01 09:19:00,183625.54,CRC,pago,atm,SJ-001,Cuenta Corriente
TXN-00020348,CTA-140661,CLI-78382,2026-06-02 08:47:00,2656301.31,CRC,deposito,web,AL-001,Préstamo Hipotecario
TXN-00020349,CTA-805203,CLI-60051,2026-06-25 20:28:00,2550782.1,CRC,deposito,web,AL-001,Tarjeta Crédito
TXN-00020350,CTA-275683,CLI-36694,2026-06-03 19:54:00,1393099.47,CRC,comision,atm,PU-001,Tarjeta Crédito
TXN-00020351,CTA-860635,CLI-66981,2026-06-26 17:09:00,243364.76,CRC,deposito,sinpe,HE-001,Cuenta Corriente
TXN-00020352,CTA-784030,CLI-51875,2026-06-19 07:56:00,2826899.31,CRC,transferencia,atm,SJ-002,Préstamo Personal
TXN-00020353,CTA-237520,CLI-69508,2026-06-26 07:18:00,2426392.71,CRC,pago,sucursal,PU-001,Tarjeta Crédito
TXN-00020354,CTA-969530,CLI-26112,2026-06-19 19:25:00,2069616.99,CRC,comision,web,AL-001,Cuenta Ahorro
TXN-00020355,CTA-431707,CLI-91767,2026-06-02 01:27:00,4316752.04,CRC,transferencia,sinpe,HE-001,Préstamo Personal
TXN-00020356,CTA-503498,CLI-49351,2026-06-29 03:50:00,963381.17,CRC,deposito,web,SJ-001,Cuenta Ahorro
TXN-00020357,CTA-544524,CLI-52536,2026-06-02 01:31:00,4861938.84,CRC,pago,sucursal,SJ-002,Préstamo Hipotecario
TXN-00020358,CTA-552088,CLI-91166,2026-06-29 13:43:00,1451549.36,CRC,retiro,sucursal,LI-001,Cuenta Corriente
TXN-00020359,CTA-884894,CLI-49389,2026-06-27 03:39:00,4123008.5,CRC,deposito,sinpe,PU-001,Préstamo Personal
TXN-00020360,CTA-848965,CLI-36275,2026-06-21 13:44:00,4487888.43,CRC,transferencia,sucursal,SJ-002,Tarjeta Crédito
TXN-00020361,CTA-318160,CLI-29172,2026-06-06 04:17:00,1086480.44,CRC,deposito,sinpe,CA-001,Tarjeta Crédito
TXN-00020362,CTA-501437,CLI-27122,2026-06-08 02:33:00,2023632.96,CRC,comision,web,AL-001,Préstamo Personal
TXN-00020363,CTA-861463,CLI-49809,2026-06-25 06:39:00,2248772.75,CRC,retiro,atm,AL-001,Préstamo Personal
TXN-00020364,CTA-454381,CLI-52678,2026-06-07 19:52:00,484694.58,CRC,retiro,sucursal,AL-001,Cuenta Ahorro
TXN-00020365,CTA-406420,CLI-96970,2026-06-16 20:37:00,2130781.04,CRC,deposito,sinpe,SJ-002,Tarjeta Crédito
TXN-00020366,CTA-289896,CLI-20503,2026-06-15 01:25:00,2981250.44,CRC,pago,web,CA-001,Tarjeta Crédito
TXN-00020367,CTA-385218,CLI-79327,2026-06-08 03:19:00,2749107.8,CRC,transferencia,web,HE-001,Tarjeta Crédito
TXN-00020368,CTA-244356,CLI-78678,2026-06-29 14:15:00,579200.67,CRC,retiro,sinpe,CA-001,Tarjeta Crédito
TXN-00020369,CTA-602970,CLI-37661,2026-06-22 05:01:00,5829.88,CRC,retiro,sucursal,CA-001,Tarjeta Crédito
TXN-00020370,CTA-201277,CLI-84397,2026-06-26 06:44:00,2381381.73,CRC,transferencia,atm,CA-001,Cuenta Corriente
TXN-00020371,CTA-107554,CLI-33695,2026-06-21 02:22:00,3720127.5,CRC,retiro,atm,SJ-001,Préstamo Personal
TXN-00020372,CTA-342896,CLI-11221,2026-06-05 04:06:00,3294728.12,CRC,pago,atm,SJ-002,Cuenta Corriente
TXN-00020373,CTA-155980,CLI-40083,2026-06-17 08:16:00,1176734.98,CRC,deposito,web,AL-001,Cuenta Ahorro
TXN-00020374,CTA-654495,CLI-35033,2026-06-02 19:39:00,1239759.47,CRC,pago,app_movil,CA-001,Tarjeta Crédito
TXN-00020375,CTA-836249,CLI-97003,2026-06-30 11:23:00,2192455.29,CRC,retiro,web,SJ-002,Tarjeta Crédito
TXN-00020376,CTA-304639,CLI-77251,2026-06-27 02:15:00,3952130.01,CRC,retiro,atm,SJ-001,Cuenta Ahorro
TXN-00020377,CTA-635949,CLI-44439,2026-06-12 07:18:00,823763.0,CRC,comision,app_movil,LI-001,Cuenta Corriente
TXN-00020378,CTA-364806,CLI-84368,2026-06-28 07:25:00,220979.49,CRC,transferencia,web,SJ-002,Cuenta Ahorro
TXN-00020379,CTA-413360,CLI-72864,2026-06-10 13:08:00,3344726.66,CRC,deposito,sinpe,PU-001,Tarjeta Crédito
TXN-00020380,CTA-637605,CLI-69322,2026-06-23 15:20:00,862172.31,CRC,retiro,sucursal,SJ-001,Préstamo Hipotecario
TXN-00020381,CTA-982624,CLI-51557,2026-06-20 15:39:00,2884510.09,CRC,transferencia,sucursal,AL-001,Préstamo Personal
TXN-00020382,CTA-333449,CLI-51168,2026-06-17 04:39:00,3989483.99,CRC,retiro,app_movil,PU-001,Cuenta Corriente
TXN-00020383,CTA-460027,CLI-98603,2026-06-09 07:18:00,2677162.58,CRC,transferencia,web,SJ-001,Cuenta Corriente
TXN-00020384,CTA-102650,CLI-21766,2026-06-21 06:35:00,902595.07,CRC,pago,sinpe,LI-001,Cuenta Corriente
TXN-00020385,CTA-361943,CLI-16864,2026-06-27 18:54:00,3746072.78,CRC,transferencia,sinpe,LI-001,Cuenta Corriente
TXN-00020386,CTA-745981,CLI-69908,2026-06-30 04:52:00,2705824.06,CRC,deposito,web,LI-001,Cuenta Corriente
TXN-00020387,CTA-642787,CLI-30651,2026-06-25 05:47:00,2104247.59,CRC,deposito,sucursal,CA-001,Préstamo Hipotecario
TXN-00020388,CTA-420978,CLI-94296,2026-06-20 14:44:00,3482087.26,CRC,transferencia,sucursal,PU-001,Cuenta Corriente
TXN-00020389,CTA-173210,CLI-91473,2026-06-20 03:56:00,921226.63,CRC,deposito,sucursal,CA-001,Tarjeta Crédito
TXN-00020390,CTA-263869,CLI-79348,2026-06-15 14:30:00,4220037.27,CRC,comision,web,AL-001,Tarjeta Crédito
TXN-00020391,CTA-347669,CLI-51317,2026-06-16 01:09:00,4731263.6,CRC,deposito,web,LI-001,Préstamo Hipotecario
TXN-00020392,CTA-848494,CLI-99432,2026-06-29 22:39:00,4802137.01,CRC,pago,web,AL-001,Préstamo Hipotecario
TXN-00020393,CTA-622272,CLI-76739,2026-06-08 12:57:00,4514960.82,CRC,transferencia,sinpe,LI-001,Préstamo Personal
TXN-00020394,CTA-665659,CLI-11640,2026-06-08 13:17:00,3411805.76,CRC,comision,sucursal,LI-001,Cuenta Corriente
TXN-00020395,CTA-741530,CLI-25611,2026-06-14 14:00:00,4039076.31,CRC,transferencia,sucursal,LI-002,Préstamo Hipotecario
TXN-00020396,CTA-892204,CLI-34503,2026-06-26 05:40:00,4453676.77,CRC,retiro,sinpe,AL-001,Cuenta Ahorro
TXN-00020397,CTA-834068,CLI-22358,2026-06-26 14:13:00,2354149.99,CRC,deposito,app_movil,AL-001,Cuenta Ahorro
TXN-00020398,CTA-838467,CLI-23348,2026-06-15 10:06:00,994914.99,CRC,comision,atm,LI-001,Préstamo Personal
TXN-00020399,CTA-147989,CLI-11541,2026-06-23 18:32:00,1912669.32,CRC,deposito,sucursal,SJ-002,Tarjeta Crédito
TXN-00020400,CTA-556436,CLI-90715,2026-06-01 13:56:00,2463765.11,CRC,deposito,sucursal,SJ-001,Cuenta Ahorro
TXN-00020401,CTA-983628,CLI-38323,2026-06-26 12:29:00,4099825.13,CRC,deposito,web,SJ-001,Cuenta Corriente
TXN-00020402,CTA-792991,CLI-69012,2026-06-03 06:43:00,4730725.43,CRC,transferencia,app_movil,AL-001,Préstamo Personal
TXN-00020403,CTA-644503,CLI-54412,2026-06-27 10:57:00,4259573.4,CRC,retiro,atm,LI-001,Préstamo Personal
TXN-00020404,CTA-943709,CLI-17089,2026-06-01 22:41:00,1532219.86,CRC,comision,atm,HE-001,Cuenta Corriente
TXN-00020405,CTA-764524,CLI-97564,2026-06-29 16:10:00,2513201.0,CRC,pago,sinpe,SJ-002,Tarjeta Crédito
TXN-00020406,CTA-294490,CLI-22638,2026-06-24 01:40:00,1643506.71,CRC,transferencia,sinpe,PU-001,Préstamo Personal
TXN-00020407,CTA-788036,CLI-18844,2026-06-05 11:16:00,3228474.65,CRC,retiro,web,PU-001,Cuenta Ahorro
TXN-00020408,CTA-946794,CLI-45161,2026-06-29 11:47:00,2367604.35,CRC,deposito,app_movil,LI-002,Cuenta Corriente
TXN-00020409,CTA-874545,CLI-17607,2026-06-20 06:35:00,2080964.03,CRC,retiro,atm,CA-001,Préstamo Personal
TXN-00020410,CTA-835767,CLI-47159,2026-06-21 21:16:00,3426485.5,CRC,retiro,app_movil,AL-001,Cuenta Ahorro
TXN-00020411,CTA-125415,CLI-43969,2026-06-22 10:30:00,479962.05,CRC,comision,app_movil,SJ-001,Tarjeta Crédito
TXN-00020412,CTA-589634,CLI-96830,2026-06-17 18:56:00,4079421.67,CRC,retiro,sinpe,PU-001,Préstamo Hipotecario
TXN-00020413,CTA-587592,CLI-53764,2026-06-14 08:15:00,2814474.6,CRC,pago,sinpe,AL-001,Cuenta Ahorro
TXN-00020414,CTA-167925,CLI-48522,2026-06-17 10:04:00,4113842.82,CRC,retiro,atm,HE-001,Préstamo Hipotecario
TXN-00020415,CTA-221798,CLI-45179,2026-06-28 13:17:00,1789866.68,CRC,pago,sucursal,LI-002,Cuenta Corriente
TXN-00020416,CTA-448525,CLI-36937,2026-06-23 23:40:00,900736.72,CRC,transferencia,web,SJ-001,Cuenta Ahorro
TXN-00020417,CTA-207028,CLI-35268,2026-06-17 23:03:00,2909135.4,CRC,deposito,sucursal,SJ-002,Préstamo Hipotecario
TXN-00020418,CTA-348149,CLI-36560,2026-06-20 00:22:00,235240.26,CRC,transferencia,web,LI-001,Cuenta Ahorro
TXN-00020419,CTA-320866,CLI-84661,2026-06-20 06:40:00,2111794.38,CRC,comision,web,CA-001,Préstamo Personal
TXN-00020420,CTA-355837,CLI-49700,2026-06-02 08:40:00,3079216.16,CRC,retiro,atm,HE-001,Préstamo Hipotecario
TXN-00020421,CTA-356208,CLI-58076,2026-06-16 10:12:00,334226.18,CRC,deposito,sinpe,SJ-002,Préstamo Hipotecario
TXN-00020422,CTA-534463,CLI-20814,2026-06-14 05:10:00,301275.93,CRC,comision,web,AL-001,Cuenta Corriente
TXN-00020423,CTA-102113,CLI-99891,2026-06-08 21:15:00,3212749.02,CRC,deposito,atm,AL-001,Préstamo Hipotecario
TXN-00020424,CTA-416297,CLI-11091,2026-06-23 08:34:00,226931.54,CRC,deposito,sucursal,SJ-001,Préstamo Hipotecario
TXN-00020425,CTA-546336,CLI-57479,2026-06-10 10:32:00,1802806.59,CRC,transferencia,app_movil,PU-001,Préstamo Personal
TXN-00020426,CTA-103360,CLI-99556,2026-06-25 02:04:00,1346796.42,CRC,pago,app_movil,SJ-002,Tarjeta Crédito
TXN-00020427,CTA-349668,CLI-82948,2026-06-17 19:34:00,2337232.64,CRC,deposito,app_movil,LI-002,Tarjeta Crédito
TXN-00020428,CTA-463295,CLI-33154,2026-06-23 11:33:00,3179350.42,CRC,deposito,sinpe,SJ-002,Préstamo Hipotecario
TXN-00020429,CTA-944165,CLI-16073,2026-06-04 03:19:00,1245936.34,CRC,pago,sinpe,SJ-001,Préstamo Personal
TXN-00020430,CTA-873404,CLI-95091,2026-06-15 18:07:00,1451950.8,CRC,retiro,web,AL-001,Préstamo Personal
TXN-00020431,CTA-922319,CLI-66898,2026-06-16 16:57:00,3263623.91,CRC,transferencia,sucursal,PU-001,Cuenta Corriente
TXN-00020432,CTA-594915,CLI-43277,2026-06-29 12:36:00,26737.46,CRC,comision,web,HE-001,Cuenta Ahorro
TXN-00020433,CTA-200307,CLI-50942,2026-06-29 14:37:00,1662851.07,CRC,pago,app_movil,SJ-001,Cuenta Corriente
TXN-00020434,CTA-838259,CLI-29004,2026-06-16 15:23:00,3296954.1,CRC,pago,web,CA-001,Tarjeta Crédito
TXN-00020435,CTA-267988,CLI-70879,2026-06-14 22:42:00,1001333.73,CRC,comision,sucursal,PU-001,Tarjeta Crédito
TXN-00020436,CTA-661390,CLI-13020,2026-06-04 08:21:00,4937853.5,CRC,pago,sucursal,SJ-001,Cuenta Ahorro
TXN-00020437,CTA-471373,CLI-32303,2026-06-22 13:11:00,325321.5,CRC,retiro,sinpe,AL-001,Cuenta Corriente
TXN-00020438,CTA-966342,CLI-95906,2026-06-02 09:57:00,4123190.33,CRC,retiro,web,CA-001,Cuenta Corriente
TXN-00020439,CTA-978299,CLI-11217,2026-06-23 20:14:00,4025359.99,CRC,pago,sucursal,AL-001,Cuenta Corriente
TXN-00020440,CTA-707974,CLI-74507,2026-06-16 00:41:00,3714522.03,CRC,pago,web,CA-001,Cuenta Ahorro
TXN-00020441,CTA-904811,CLI-29319,2026-06-30 15:03:00,3407842.16,CRC,pago,app_movil,LI-002,Cuenta Ahorro
TXN-00020442,CTA-567002,CLI-38858,2026-06-25 20:59:00,3950697.05,CRC,comision,atm,SJ-001,Cuenta Ahorro
TXN-00020443,CTA-228101,CLI-70420,2026-06-13 23:35:00,4680017.36,CRC,retiro,atm,CA-001,Cuenta Corriente
TXN-00020444,CTA-995965,CLI-39581,2026-06-24 22:27:00,578492.13,CRC,transferencia,web,PU-001,Cuenta Corriente
TXN-00020445,CTA-698701,CLI-42934,2026-06-11 07:37:00,1910801.85,CRC,comision,sucursal,SJ-002,Préstamo Hipotecario
TXN-00020446,CTA-355759,CLI-81452,2026-06-03 13:48:00,3913887.84,CRC,deposito,sinpe,SJ-001,Préstamo Hipotecario
TXN-00020447,CTA-639447,CLI-92037,2026-06-30 22:28:00,3327833.63,CRC,pago,sucursal,HE-001,Préstamo Hipotecario
TXN-00020448,CTA-635306,CLI-73684,2026-06-08 20:48:00,3417098.08,CRC,comision,atm,LI-002,Tarjeta Crédito
TXN-00020449,CTA-912175,CLI-73706,2026-06-28 01:51:00,449352.52,CRC,retiro,app_movil,SJ-002,Cuenta Corriente
TXN-00020450,CTA-472830,CLI-93922,2026-06-11 14:28:00,434279.94,CRC,retiro,web,LI-002,Préstamo Hipotecario
TXN-00020451,CTA-750186,CLI-64035,2026-06-21 21:11:00,2618763.73,CRC,deposito,web,LI-001,Préstamo Hipotecario
TXN-00020452,CTA-342339,CLI-78161,2026-06-04 01:39:00,1327554.62,CRC,transferencia,web,SJ-001,Cuenta Ahorro
TXN-00020453,CTA-618799,CLI-69367,2026-06-13 04:19:00,479741.46,CRC,comision,app_movil,AL-001,Cuenta Ahorro
TXN-00020454,CTA-431049,CLI-83991,2026-06-26 22:05:00,735648.19,CRC,pago,atm,LI-001,Tarjeta Crédito
TXN-00020455,CTA-435720,CLI-69597,2026-06-13 22:03:00,2135739.43,CRC,pago,web,CA-001,Préstamo Personal
TXN-00020456,CTA-897846,CLI-20776,2026-06-23 23:56:00,1340242.33,CRC,transferencia,sucursal,LI-002,Cuenta Corriente
TXN-00020457,CTA-640161,CLI-87536,2026-06-22 19:31:00,1233025.48,CRC,comision,app_movil,LI-002,Préstamo Hipotecario
TXN-00020458,CTA-915817,CLI-21110,2026-06-21 03:11:00,1895662.89,CRC,deposito,app_movil,PU-001,Tarjeta Crédito
TXN-00020459,CTA-917703,CLI-30357,2026-06-12 10:00:00,2342453.69,CRC,comision,app_movil,HE-001,Tarjeta Crédito
TXN-00020460,CTA-953129,CLI-36166,2026-06-17 09:25:00,3678885.16,CRC,pago,sinpe,AL-001,Tarjeta Crédito
TXN-00020461,CTA-143148,CLI-98775,2026-06-13 10:24:00,705467.66,CRC,deposito,sinpe,LI-001,Cuenta Corriente
TXN-00020462,CTA-198246,CLI-64699,2026-06-13 16:02:00,4262843.49,CRC,retiro,sucursal,HE-001,Cuenta Ahorro
TXN-00020463,CTA-133135,CLI-30217,2026-06-17 06:02:00,2426716.33,CRC,comision,sinpe,PU-001,Cuenta Corriente
TXN-00020464,CTA-375444,CLI-53065,2026-06-22 20:04:00,4779302.08,CRC,comision,web,AL-001,Cuenta Ahorro
TXN-00020465,CTA-327307,CLI-11164,2026-06-30 21:09:00,2707807.41,CRC,pago,app_movil,PU-001,Tarjeta Crédito
TXN-00020466,CTA-260179,CLI-69582,2026-06-29 06:42:00,1759760.66,CRC,deposito,sucursal,HE-001,Cuenta Corriente
TXN-00020467,CTA-127171,CLI-46582,2026-06-14 00:36:00,2474781.88,CRC,deposito,app_movil,AL-001,Cuenta Corriente
TXN-00020468,CTA-547697,CLI-99002,2026-06-17 14:24:00,37669.72,CRC,deposito,sucursal,SJ-002,Tarjeta Crédito
TXN-00020469,CTA-565178,CLI-25042,2026-06-13 18:14:00,4223275.77,CRC,pago,web,SJ-002,Cuenta Ahorro
TXN-00020470,CTA-180005,CLI-60868,2026-06-29 12:10:00,3981590.88,CRC,pago,sinpe,AL-001,Cuenta Ahorro
TXN-00020471,CTA-328045,CLI-94773,2026-06-06 18:46:00,3253072.44,CRC,pago,sucursal,CA-001,Préstamo Hipotecario
TXN-00020472,CTA-443545,CLI-73694,2026-06-06 11:40:00,160093.87,CRC,pago,web,SJ-001,Cuenta Corriente
TXN-00020473,CTA-495093,CLI-46037,2026-06-25 11:11:00,3367629.36,CRC,deposito,web,LI-001,Cuenta Ahorro
TXN-00020474,CTA-734216,CLI-45383,2026-06-18 20:03:00,1810699.07,CRC,retiro,sinpe,PU-001,Préstamo Hipotecario
TXN-00020475,CTA-190677,CLI-24272,2026-06-29 17:29:00,2374492.47,CRC,deposito,sinpe,LI-001,Préstamo Personal
TXN-00020476,CTA-943193,CLI-69964,2026-06-13 10:37:00,924795.88,CRC,deposito,app_movil,PU-001,Tarjeta Crédito
TXN-00020477,CTA-253548,CLI-88907,2026-06-08 00:16:00,4556435.14,CRC,deposito,web,SJ-001,Cuenta Corriente
TXN-00020478,CTA-129916,CLI-11863,2026-06-19 02:19:00,661818.33,CRC,pago,sucursal,AL-001,Cuenta Corriente
TXN-00020479,CTA-702373,CLI-45090,2026-06-28 21:01:00,3025805.26,CRC,comision,sinpe,CA-001,Préstamo Personal
TXN-00020480,CTA-515443,CLI-28997,2026-06-29 05:25:00,2692103.18,CRC,pago,web,SJ-002,Tarjeta Crédito
TXN-00020481,CTA-858579,CLI-70762,2026-06-25 14:12:00,3118756.12,CRC,comision,app_movil,PU-001,Tarjeta Crédito
TXN-00020482,CTA-628963,CLI-61928,2026-06-03 10:12:00,857977.7,CRC,retiro,sucursal,CA-001,Tarjeta Crédito
TXN-00020483,CTA-199870,CLI-68806,2026-06-28 15:38:00,4051917.15,CRC,deposito,sucursal,PU-001,Préstamo Hipotecario
TXN-00020484,CTA-838152,CLI-68878,2026-06-24 08:51:00,3954413.48,CRC,pago,atm,LI-001,Cuenta Corriente
TXN-00020485,CTA-288783,CLI-74667,2026-06-07 22:32:00,457210.55,CRC,retiro,sucursal,LI-002,Préstamo Hipotecario
TXN-00020486,CTA-951456,CLI-56438,2026-06-03 22:22:00,1603952.93,CRC,transferencia,sinpe,SJ-001,Préstamo Hipotecario
TXN-00020487,CTA-672248,CLI-79971,2026-06-13 18:56:00,3478408.7,CRC,deposito,sinpe,CA-001,Tarjeta Crédito
TXN-00020488,CTA-748287,CLI-99218,2026-06-28 22:03:00,3563083.45,CRC,retiro,sucursal,SJ-002,Préstamo Personal
TXN-00020489,CTA-210988,CLI-22523,2026-06-21 18:16:00,1647405.06,CRC,retiro,app_movil,SJ-001,Préstamo Personal
TXN-00020490,CTA-976283,CLI-13208,2026-06-27 05:43:00,3838382.13,CRC,deposito,atm,LI-001,Préstamo Hipotecario
TXN-00020491,CTA-438655,CLI-26034,2026-06-13 09:46:00,1561080.19,CRC,transferencia,sucursal,AL-001,Tarjeta Crédito
TXN-00020492,CTA-959637,CLI-49680,2026-06-20 21:45:00,1606054.52,CRC,deposito,sinpe,PU-001,Cuenta Corriente
TXN-00020493,CTA-942110,CLI-60046,2026-06-28 14:30:00,2994212.06,CRC,pago,sucursal,LI-002,Préstamo Personal
TXN-00020494,CTA-310237,CLI-36981,2026-06-08 22:34:00,3070932.38,CRC,comision,sucursal,LI-002,Tarjeta Crédito
TXN-00020495,CTA-498472,CLI-68895,2026-06-28 08:33:00,1237950.52,CRC,pago,web,LI-001,Préstamo Personal
TXN-00020496,CTA-689670,CLI-64462,2026-06-02 03:51:00,463841.38,CRC,deposito,app_movil,CA-001,Préstamo Hipotecario
TXN-00020497,CTA-607317,CLI-57101,2026-06-12 18:28:00,2543120.5,CRC,comision,web,PU-001,Cuenta Ahorro
TXN-00020498,CTA-125705,CLI-14686,2026-06-18 06:29:00,2557510.61,CRC,deposito,sucursal,HE-001,Cuenta Ahorro
TXN-00020499,CTA-143562,CLI-45288,2026-06-24 20:40:00,2721573.63,CRC,transferencia,web,SJ-001,Préstamo Personal
TXN-00020500,CTA-269621,CLI-32778,2026-06-23 05:07:00,3867886.77,CRC,deposito,app_movil,CA-001,Préstamo Personal
TXN-00020501,CTA-616533,CLI-90686,2026-06-21 11:22:00,493285.0,CRC,retiro,web,HE-001,Préstamo Hipotecario
TXN-00020502,CTA-869179,CLI-42114,2026-06-10 16:36:00,4793334.75,CRC,retiro,atm,HE-001,Cuenta Ahorro
TXN-00020503,CTA-124822,CLI-13953,2026-06-13 18:52:00,4678140.78,CRC,comision,atm,LI-001,Préstamo Personal
TXN-00020504,CTA-898558,CLI-77691,2026-06-25 06:32:00,3786505.77,CRC,deposito,sinpe,SJ-002,Cuenta Corriente
TXN-00020505,CTA-816692,CLI-99417,2026-06-21 06:26:00,2891255.39,CRC,pago,web,AL-001,Cuenta Ahorro
TXN-00020506,CTA-644372,CLI-78522,2026-06-02 21:46:00,2140696.13,CRC,pago,app_movil,CA-001,Cuenta Corriente
TXN-00020507,CTA-584813,CLI-29157,2026-06-09 13:06:00,1634961.57,CRC,comision,atm,LI-001,Cuenta Corriente
TXN-00020508,CTA-288394,CLI-61652,2026-06-13 08:55:00,3854701.67,CRC,comision,sinpe,LI-001,Cuenta Ahorro
TXN-00020509,CTA-771983,CLI-85216,2026-06-10 18:40:00,325236.92,CRC,deposito,sinpe,HE-001,Cuenta Corriente
TXN-00020510,CTA-757799,CLI-27151,2026-06-28 21:26:00,884828.62,CRC,transferencia,atm,SJ-001,Tarjeta Crédito
TXN-00020511,CTA-536952,CLI-86559,2026-06-19 08:15:00,2647209.89,CRC,retiro,sucursal,PU-001,Tarjeta Crédito
TXN-00020512,CTA-900108,CLI-66412,2026-06-23 18:26:00,1796486.27,CRC,transferencia,atm,LI-001,Préstamo Personal
TXN-00020513,CTA-696646,CLI-89852,2026-06-25 03:45:00,756745.18,CRC,retiro,app_movil,HE-001,Préstamo Personal
TXN-00020514,CTA-284620,CLI-99781,2026-06-27 06:29:00,2659959.73,CRC,retiro,atm,SJ-001,Tarjeta Crédito
TXN-00020515,CTA-706827,CLI-20623,2026-06-09 16:38:00,3398363.2,CRC,pago,atm,AL-001,Préstamo Hipotecario
TXN-00020516,CTA-746757,CLI-50249,2026-06-23 21:00:00,3905182.56,CRC,pago,atm,AL-001,Cuenta Ahorro
TXN-00020517,CTA-199686,CLI-69296,2026-06-20 03:12:00,2279604.25,CRC,pago,sinpe,LI-002,Préstamo Personal
TXN-00020518,CTA-585616,CLI-73940,2026-06-23 04:26:00,665397.27,CRC,transferencia,sucursal,CA-001,Cuenta Ahorro
TXN-00020519,CTA-256114,CLI-38797,2026-06-26 20:29:00,3253214.4,CRC,pago,sinpe,PU-001,Tarjeta Crédito
TXN-00020520,CTA-137389,CLI-57363,2026-06-05 18:33:00,1082302.08,CRC,pago,web,PU-001,Préstamo Hipotecario
TXN-00020521,CTA-544590,CLI-51863,2026-06-10 10:25:00,3544187.4,CRC,retiro,sinpe,LI-002,Préstamo Hipotecario
TXN-00020522,CTA-288382,CLI-98512,2026-06-08 03:28:00,3511411.95,CRC,deposito,atm,AL-001,Préstamo Hipotecario
TXN-00020523,CTA-177399,CLI-75709,2026-06-16 18:28:00,3244771.71,CRC,pago,atm,LI-001,Préstamo Personal
TXN-00020524,CTA-552458,CLI-10059,2026-06-14 05:23:00,3744295.94,CRC,retiro,sinpe,HE-001,Cuenta Ahorro
TXN-00020525,CTA-352680,CLI-34319,2026-06-07 02:07:00,3719456.69,CRC,transferencia,atm,CA-001,Cuenta Ahorro
TXN-00020526,CTA-497016,CLI-44381,2026-06-07 02:44:00,2575559.76,CRC,retiro,atm,SJ-001,Cuenta Corriente
TXN-00020527,CTA-911578,CLI-45143,2026-06-16 01:25:00,1575142.87,CRC,transferencia,sucursal,PU-001,Cuenta Corriente
TXN-00020528,CTA-862291,CLI-17913,2026-06-21 09:25:00,982262.53,CRC,deposito,sucursal,SJ-002,Cuenta Ahorro
TXN-00020529,CTA-393936,CLI-69902,2026-06-03 16:12:00,1939712.48,CRC,deposito,app_movil,LI-002,Préstamo Personal
TXN-00020530,CTA-209667,CLI-22442,2026-06-08 18:23:00,3344054.99,CRC,comision,atm,CA-001,Préstamo Hipotecario
TXN-00020531,CTA-873071,CLI-75287,2026-06-15 02:17:00,1938789.67,CRC,retiro,sinpe,AL-001,Préstamo Personal
TXN-00020532,CTA-853279,CLI-34046,2026-06-30 12:33:00,275882.13,CRC,comision,sinpe,CA-001,Préstamo Personal
TXN-00020533,CTA-556888,CLI-25111,2026-06-27 07:07:00,3084277.25,CRC,retiro,atm,SJ-002,Cuenta Ahorro
TXN-00020534,CTA-950740,CLI-24920,2026-06-09 01:09:00,1584523.7,CRC,retiro,sucursal,PU-001,Préstamo Hipotecario
TXN-00020535,CTA-751942,CLI-15675,2026-06-20 05:20:00,436282.4,CRC,deposito,sinpe,SJ-001,Préstamo Hipotecario
TXN-00020536,CTA-672389,CLI-73182,2026-06-30 20:23:00,1077783.68,CRC,transferencia,sucursal,LI-002,Tarjeta Crédito
TXN-00020537,CTA-807314,CLI-16564,2026-06-11 05:51:00,3009779.27,CRC,comision,web,HE-001,Préstamo Hipotecario
TXN-00020538,CTA-230704,CLI-38529,2026-06-13 05:03:00,2014338.68,CRC,transferencia,atm,LI-001,Préstamo Hipotecario
TXN-00020539,CTA-290649,CLI-83220,2026-06-03 00:40:00,3546328.23,CRC,deposito,atm,SJ-002,Cuenta Ahorro
TXN-00020540,CTA-829564,CLI-46569,2026-06-06 16:41:00,114132.89,CRC,pago,sinpe,LI-002,Tarjeta Crédito
TXN-00020541,CTA-961396,CLI-21039,2026-06-12 04:11:00,1207399.33,CRC,comision,web,SJ-001,Cuenta Corriente
TXN-00020542,CTA-804713,CLI-68628,2026-06-09 17:57:00,792912.26,CRC,retiro,app_movil,SJ-001,Tarjeta Crédito
TXN-00020543,CTA-207266,CLI-45255,2026-06-17 16:32:00,3254618.09,CRC,deposito,web,SJ-001,Tarjeta Crédito
TXN-00020544,CTA-942276,CLI-72086,2026-06-02 16:29:00,323457.88,CRC,transferencia,web,SJ-001,Cuenta Ahorro
TXN-00020545,CTA-646515,CLI-96674,2026-06-21 08:39:00,690221.45,CRC,retiro,sucursal,CA-001,Cuenta Ahorro
TXN-00020546,CTA-509677,CLI-37123,2026-06-20 15:53:00,3091637.17,CRC,retiro,app_movil,LI-002,Cuenta Ahorro
TXN-00020547,CTA-213758,CLI-10906,2026-06-18 02:25:00,4340558.14,CRC,transferencia,app_movil,CA-001,Tarjeta Crédito
TXN-00020548,CTA-998088,CLI-13097,2026-06-12 22:33:00,4273774.24,CRC,transferencia,atm,SJ-002,Préstamo Hipotecario
TXN-00020549,CTA-760181,CLI-73209,2026-06-07 06:34:00,2145524.86,CRC,transferencia,app_movil,HE-001,Préstamo Hipotecario
TXN-00020550,CTA-153690,CLI-60012,2026-06-04 16:36:00,2585149.46,CRC,comision,sinpe,LI-002,Préstamo Hipotecario
TXN-00020551,CTA-148500,CLI-34804,2026-06-01 00:22:00,2120525.66,CRC,retiro,sinpe,LI-002,Cuenta Ahorro
TXN-00020552,CTA-941283,CLI-70081,2026-06-17 13:33:00,3430283.12,CRC,retiro,atm,CA-001,Tarjeta Crédito
TXN-00020553,CTA-363903,CLI-52664,2026-06-08 16:19:00,341945.27,CRC,pago,atm,LI-002,Préstamo Personal
TXN-00020554,CTA-232406,CLI-44976,2026-06-25 23:55:00,1367265.75,CRC,comision,web,SJ-002,Préstamo Personal
TXN-00020555,CTA-407577,CLI-36675,2026-06-22 07:17:00,3272132.84,CRC,pago,sucursal,LI-002,Cuenta Ahorro
TXN-00020556,CTA-626920,CLI-74197,2026-06-27 04:20:00,2473297.01,CRC,pago,sinpe,CA-001,Préstamo Hipotecario
TXN-00020557,CTA-912373,CLI-17251,2026-06-26 00:43:00,2196376.44,CRC,comision,web,LI-001,Préstamo Personal
TXN-00020558,CTA-344944,CLI-69774,2026-06-30 10:13:00,3168485.04,CRC,deposito,sinpe,SJ-002,Cuenta Corriente
TXN-00020559,CTA-732990,CLI-58747,2026-06-01 22:48:00,4815391.25,CRC,transferencia,sinpe,SJ-001,Préstamo Hipotecario
TXN-00020560,CTA-305339,CLI-19814,2026-06-16 01:58:00,4452870.75,CRC,retiro,web,CA-001,Cuenta Ahorro
TXN-00020561,CTA-129280,CLI-59350,2026-06-27 11:58:00,2627672.17,CRC,retiro,atm,PU-001,Cuenta Corriente
TXN-00020562,CTA-746191,CLI-71757,2026-06-01 22:27:00,4323302.31,CRC,deposito,app_movil,CA-001,Cuenta Ahorro
TXN-00020563,CTA-962440,CLI-55490,2026-06-22 01:16:00,3153781.01,CRC,transferencia,sucursal,AL-001,Préstamo Hipotecario
TXN-00020564,CTA-603314,CLI-28584,2026-06-30 22:48:00,3522835.18,CRC,pago,web,HE-001,Cuenta Ahorro
TXN-00020565,CTA-901703,CLI-67437,2026-06-06 09:29:00,1194355.42,CRC,deposito,atm,LI-002,Tarjeta Crédito
TXN-00020566,CTA-145730,CLI-58105,2026-06-21 03:09:00,1660270.39,CRC,comision,web,CA-001,Préstamo Hipotecario
TXN-00020567,CTA-102152,CLI-44958,2026-06-30 21:54:00,1122951.07,CRC,transferencia,app_movil,SJ-001,Préstamo Personal
TXN-00020568,CTA-880536,CLI-21875,2026-06-16 15:51:00,3145256.02,CRC,deposito,web,LI-001,Cuenta Corriente
TXN-00020569,CTA-695912,CLI-41958,2026-06-27 03:54:00,204697.13,CRC,comision,atm,SJ-002,Cuenta Ahorro
TXN-00020570,CTA-401270,CLI-10329,2026-06-09 03:54:00,3224951.83,CRC,pago,web,SJ-002,Préstamo Personal
TXN-00020571,CTA-705334,CLI-56809,2026-06-13 14:10:00,2270166.62,CRC,retiro,web,LI-002,Cuenta Corriente
TXN-00020572,CTA-411002,CLI-81710,2026-06-08 02:42:00,1918049.49,CRC,pago,atm,LI-001,Tarjeta Crédito
TXN-00020573,CTA-417798,CLI-91126,2026-06-29 03:32:00,1291357.9,CRC,pago,app_movil,LI-001,Préstamo Personal
TXN-00020574,CTA-159365,CLI-96108,2026-06-29 18:43:00,1473228.49,CRC,retiro,app_movil,SJ-002,Cuenta Ahorro
TXN-00020575,CTA-776625,CLI-58863,2026-06-26 00:40:00,3453461.0,CRC,comision,sucursal,LI-002,Cuenta Corriente
TXN-00020576,CTA-323521,CLI-46621,2026-06-25 09:18:00,4070592.33,CRC,pago,app_movil,LI-001,Cuenta Corriente
TXN-00020577,CTA-460823,CLI-35078,2026-06-29 10:01:00,2914639.15,CRC,comision,sinpe,PU-001,Tarjeta Crédito
TXN-00020578,CTA-605923,CLI-16770,2026-06-11 19:21:00,4543198.59,CRC,comision,sinpe,HE-001,Préstamo Personal
TXN-00020579,CTA-560741,CLI-67680,2026-06-30 14:09:00,102164.16,CRC,retiro,app_movil,AL-001,Préstamo Hipotecario
TXN-00020580,CTA-840323,CLI-12344,2026-06-09 18:33:00,3457335.89,CRC,pago,sinpe,HE-001,Tarjeta Crédito
TXN-00020581,CTA-576096,CLI-20973,2026-06-16 12:42:00,4561839.1,CRC,retiro,sinpe,SJ-001,Tarjeta Crédito
TXN-00020582,CTA-366524,CLI-16231,2026-06-09 06:23:00,366063.32,CRC,transferencia,sinpe,PU-001,Cuenta Ahorro
TXN-00020583,CTA-600104,CLI-92126,2026-06-03 16:15:00,2286574.28,CRC,pago,sinpe,LI-001,Cuenta Ahorro
TXN-00020584,CTA-786045,CLI-76686,2026-06-27 20:08:00,901359.78,CRC,retiro,app_movil,HE-001,Cuenta Ahorro
TXN-00020585,CTA-501302,CLI-86262,2026-06-14 00:23:00,4370731.27,CRC,transferencia,app_movil,SJ-002,Tarjeta Crédito
TXN-00020586,CTA-361377,CLI-93054,2026-06-26 03:44:00,1608619.54,CRC,pago,sucursal,AL-001,Cuenta Corriente
TXN-00020587,CTA-663302,CLI-40793,2026-06-18 16:14:00,2452132.3,CRC,retiro,app_movil,LI-002,Préstamo Hipotecario
TXN-00020588,CTA-737267,CLI-86566,2026-06-23 14:31:00,3187869.81,CRC,pago,app_movil,HE-001,Préstamo Personal
TXN-00020589,CTA-762560,CLI-10181,2026-06-05 11:16:00,2643001.78,CRC,retiro,web,PU-001,Préstamo Personal
TXN-00020590,CTA-236874,CLI-45758,2026-06-10 14:32:00,1357519.62,CRC,comision,web,HE-001,Cuenta Ahorro
TXN-00020591,CTA-387640,CLI-42401,2026-06-15 03:06:00,997992.94,CRC,deposito,atm,LI-001,Préstamo Hipotecario
TXN-00020592,CTA-597004,CLI-92229,2026-06-24 16:28:00,1480254.53,CRC,transferencia,sinpe,LI-002,Cuenta Ahorro
TXN-00020593,CTA-384664,CLI-78748,2026-06-28 10:03:00,1390612.59,CRC,retiro,atm,PU-001,Préstamo Hipotecario
TXN-00020594,CTA-559580,CLI-85519,2026-06-18 20:17:00,4825739.22,CRC,pago,app_movil,LI-002,Cuenta Ahorro
TXN-00020595,CTA-124425,CLI-19898,2026-06-06 21:34:00,3400393.76,CRC,comision,sinpe,AL-001,Tarjeta Crédito
TXN-00020596,CTA-512522,CLI-73808,2026-06-11 21:55:00,2724310.48,CRC,transferencia,sinpe,AL-001,Cuenta Corriente
TXN-00020597,CTA-358086,CLI-62450,2026-06-30 22:31:00,3618903.04,CRC,retiro,atm,SJ-001,Tarjeta Crédito
TXN-00020598,CTA-358450,CLI-27193,2026-06-19 09:36:00,886760.6,CRC,retiro,sinpe,SJ-001,Préstamo Hipotecario
TXN-00020599,CTA-443858,CLI-61088,2026-06-18 00:05:00,4970545.47,CRC,deposito,sinpe,SJ-002,Préstamo Hipotecario
TXN-00020600,CTA-528467,CLI-53539,2026-06-08 18:09:00,196469.01,CRC,retiro,atm,LI-001,Préstamo Hipotecario
TXN-00020601,CTA-560108,CLI-83995,2026-06-25 06:01:00,3492238.55,CRC,retiro,atm,AL-001,Cuenta Corriente
TXN-00020602,CTA-780450,CLI-46888,2026-06-07 21:23:00,2282949.23,CRC,pago,sinpe,AL-001,Cuenta Ahorro
TXN-00020603,CTA-811112,CLI-84039,2026-06-04 08:23:00,892856.98,CRC,transferencia,app_movil,CA-001,Cuenta Ahorro
TXN-00020604,CTA-935916,CLI-87447,2026-06-24 09:08:00,1680941.21,CRC,transferencia,web,SJ-002,Cuenta Ahorro
TXN-00020605,CTA-386614,CLI-14010,2026-06-20 15:23:00,4368858.01,CRC,transferencia,web,LI-001,Cuenta Corriente
TXN-00020606,CTA-562336,CLI-77687,2026-06-07 06:38:00,1698671.64,CRC,pago,atm,SJ-002,Cuenta Ahorro
TXN-00020607,CTA-944797,CLI-17675,2026-06-20 10:49:00,4896038.53,CRC,transferencia,app_movil,SJ-002,Cuenta Ahorro
TXN-00020608,CTA-138517,CLI-23304,2026-06-07 08:42:00,1830037.88,CRC,retiro,sinpe,LI-001,Cuenta Corriente
TXN-00020609,CTA-763281,CLI-30958,2026-06-30 02:59:00,1545868.5,CRC,deposito,app_movil,PU-001,Cuenta Corriente
TXN-00020610,CTA-207452,CLI-77858,2026-06-03 09:50:00,4692018.82,CRC,pago,web,SJ-001,Préstamo Personal
TXN-00020611,CTA-381177,CLI-78906,2026-06-26 19:07:00,3969332.96,CRC,transferencia,app_movil,LI-001,Cuenta Ahorro
TXN-00020612,CTA-298065,CLI-36027,2026-06-17 22:09:00,2506045.87,CRC,comision,sucursal,SJ-002,Cuenta Ahorro
TXN-00020613,CTA-635440,CLI-37958,2026-06-29 16:04:00,4079998.52,CRC,transferencia,sinpe,LI-002,Préstamo Hipotecario
TXN-00020614,CTA-643389,CLI-31493,2026-06-23 18:35:00,2174767.97,CRC,retiro,atm,SJ-002,Cuenta Ahorro
TXN-00020615,CTA-306717,CLI-83698,2026-06-20 07:39:00,2196873.34,CRC,pago,sinpe,SJ-002,Cuenta Corriente
TXN-00020616,CTA-694422,CLI-10130,2026-06-03 05:56:00,3779996.53,CRC,deposito,atm,AL-001,Préstamo Hipotecario
TXN-00020617,CTA-936834,CLI-63818,2026-06-30 17:16:00,2791000.44,CRC,deposito,web,CA-001,Préstamo Personal
TXN-00020618,CTA-873389,CLI-91578,2026-06-18 01:50:00,673291.61,CRC,transferencia,atm,SJ-002,Cuenta Corriente
TXN-00020619,CTA-534108,CLI-89863,2026-06-12 01:02:00,4233919.11,CRC,deposito,sinpe,SJ-002,Cuenta Corriente
TXN-00020620,CTA-674974,CLI-97809,2026-06-19 05:45:00,3926897.76,CRC,deposito,sucursal,HE-001,Tarjeta Crédito
TXN-00020621,CTA-194452,CLI-18278,2026-06-15 00:33:00,3011024.06,CRC,transferencia,atm,AL-001,Tarjeta Crédito
TXN-00020622,CTA-569073,CLI-55913,2026-06-11 03:10:00,1327882.63,CRC,retiro,atm,HE-001,Cuenta Corriente
TXN-00020623,CTA-220278,CLI-59742,2026-06-19 16:27:00,1875377.49,CRC,transferencia,app_movil,PU-001,Préstamo Personal
TXN-00020624,CTA-488999,CLI-51130,2026-06-18 00:41:00,89075.52,CRC,retiro,sinpe,PU-001,Préstamo Hipotecario
TXN-00020625,CTA-176712,CLI-92921,2026-06-19 19:25:00,3664563.26,CRC,transferencia,sucursal,AL-001,Cuenta Ahorro
TXN-00020626,CTA-164693,CLI-70275,2026-06-30 11:52:00,2000599.18,CRC,comision,sucursal,HE-001,Cuenta Corriente
TXN-00020627,CTA-394337,CLI-31809,2026-06-25 12:07:00,571617.1,CRC,comision,atm,HE-001,Cuenta Corriente
TXN-00020628,CTA-212487,CLI-90999,2026-06-18 00:21:00,4846592.0,CRC,comision,sinpe,SJ-001,Tarjeta Crédito
TXN-00020629,CTA-537773,CLI-54987,2026-06-24 08:53:00,3949796.71,CRC,retiro,atm,HE-001,Cuenta Ahorro
TXN-00020630,CTA-492049,CLI-35410,2026-06-26 11:27:00,1227153.19,CRC,retiro,web,SJ-002,Cuenta Ahorro
TXN-00020631,CTA-813894,CLI-39714,2026-06-20 08:06:00,679240.38,CRC,pago,app_movil,AL-001,Tarjeta Crédito
TXN-00020632,CTA-885752,CLI-24964,2026-06-08 01:24:00,1143058.74,CRC,pago,sucursal,SJ-002,Cuenta Ahorro
TXN-00020633,CTA-753652,CLI-43684,2026-06-30 13:06:00,2933535.56,CRC,transferencia,web,SJ-002,Cuenta Ahorro
TXN-00020634,CTA-368066,CLI-80684,2026-06-21 20:29:00,3971023.28,CRC,deposito,sucursal,AL-001,Cuenta Ahorro
TXN-00020635,CTA-136263,CLI-89636,2026-06-13 14:23:00,4166230.43,CRC,comision,sucursal,CA-001,Préstamo Personal
TXN-00020636,CTA-740224,CLI-57433,2026-06-11 04:55:00,1494737.16,CRC,retiro,web,AL-001,Cuenta Corriente
TXN-00020637,CTA-895300,CLI-43154,2026-06-30 09:17:00,386810.4,CRC,retiro,app_movil,SJ-002,Cuenta Corriente
TXN-00020638,CTA-322175,CLI-14949,2026-06-07 13:49:00,92425.25,CRC,retiro,sinpe,CA-001,Préstamo Personal
TXN-00020639,CTA-816312,CLI-97748,2026-06-09 17:54:00,2960877.35,CRC,comision,app_movil,HE-001,Tarjeta Crédito
TXN-00020640,CTA-181177,CLI-74835,2026-06-15 10:32:00,2216327.9,CRC,comision,web,LI-001,Préstamo Hipotecario
TXN-00020641,CTA-895525,CLI-62526,2026-06-15 21:26:00,3463969.46,CRC,deposito,atm,SJ-001,Cuenta Corriente
TXN-00020642,CTA-602293,CLI-37287,2026-06-13 08:51:00,210948.89,CRC,retiro,web,HE-001,Cuenta Ahorro
TXN-00020643,CTA-320255,CLI-90540,2026-06-05 10:27:00,4653104.69,CRC,retiro,atm,AL-001,Tarjeta Crédito
TXN-00020644,CTA-285192,CLI-11589,2026-06-30 02:38:00,234723.35,CRC,deposito,sinpe,CA-001,Cuenta Corriente
TXN-00020645,CTA-755489,CLI-30716,2026-06-30 08:27:00,4597608.01,CRC,deposito,app_movil,CA-001,Cuenta Corriente
TXN-00020646,CTA-135855,CLI-83063,2026-06-22 05:50:00,2597818.82,CRC,pago,app_movil,HE-001,Préstamo Personal
TXN-00020647,CTA-317768,CLI-74064,2026-06-27 16:43:00,647080.88,CRC,pago,sinpe,AL-001,Préstamo Hipotecario
TXN-00020648,CTA-988704,CLI-99458,2026-06-02 13:51:00,1284812.99,CRC,retiro,app_movil,SJ-001,Cuenta Ahorro
TXN-00020649,CTA-909640,CLI-59567,2026-06-09 02:12:00,3815071.34,CRC,retiro,sucursal,PU-001,Tarjeta Crédito
TXN-00020650,CTA-523292,CLI-96744,2026-06-05 18:31:00,3349161.51,CRC,transferencia,web,SJ-001,Préstamo Hipotecario
TXN-00020651,CTA-583193,CLI-72599,2026-06-16 16:30:00,682054.92,CRC,retiro,sinpe,LI-001,Préstamo Personal
TXN-00020652,CTA-849150,CLI-67188,2026-06-06 11:39:00,2547925.51,CRC,retiro,app_movil,PU-001,Préstamo Personal
TXN-00020653,CTA-412435,CLI-45238,2026-06-29 17:47:00,79837.65,CRC,pago,sinpe,LI-001,Préstamo Personal
TXN-00020654,CTA-568540,CLI-46796,2026-06-19 10:45:00,1499660.29,CRC,deposito,web,SJ-002,Cuenta Corriente
TXN-00020655,CTA-256721,CLI-42106,2026-06-02 09:54:00,3521334.04,CRC,comision,sinpe,PU-001,Préstamo Hipotecario
TXN-00020656,CTA-558345,CLI-93448,2026-06-26 04:20:00,2453514.76,CRC,comision,app_movil,SJ-001,Préstamo Personal
TXN-00020657,CTA-421644,CLI-85226,2026-06-28 07:51:00,527310.0,CRC,deposito,sinpe,HE-001,Tarjeta Crédito
TXN-00020658,CTA-169172,CLI-99519,2026-06-06 16:43:00,2256261.49,CRC,transferencia,atm,LI-001,Tarjeta Crédito
TXN-00020659,CTA-251506,CLI-88503,2026-06-02 06:45:00,4084539.95,CRC,deposito,atm,SJ-001,Tarjeta Crédito
TXN-00020660,CTA-460383,CLI-98440,2026-06-21 18:20:00,4668054.54,CRC,transferencia,atm,CA-001,Cuenta Corriente
TXN-00020661,CTA-586455,CLI-96454,2026-06-22 11:49:00,3728269.62,CRC,retiro,sinpe,CA-001,Préstamo Hipotecario
TXN-00020662,CTA-589617,CLI-26692,2026-06-10 00:51:00,646073.23,CRC,deposito,web,AL-001,Préstamo Hipotecario
TXN-00020663,CTA-828199,CLI-67886,2026-06-27 05:31:00,1964938.36,CRC,pago,sinpe,LI-002,Préstamo Personal
TXN-00020664,CTA-530700,CLI-53596,2026-06-29 19:27:00,1446446.24,CRC,comision,atm,HE-001,Cuenta Corriente
TXN-00020665,CTA-838567,CLI-17059,2026-06-24 02:36:00,4915345.99,CRC,comision,app_movil,LI-002,Préstamo Hipotecario
TXN-00020666,CTA-858818,CLI-70133,2026-06-04 02:19:00,957557.86,CRC,pago,sucursal,CA-001,Cuenta Corriente
TXN-00020667,CTA-964889,CLI-17596,2026-06-03 14:49:00,2359249.31,CRC,retiro,sinpe,HE-001,Préstamo Personal
TXN-00020668,CTA-855848,CLI-71160,2026-06-29 01:53:00,2824197.59,CRC,comision,web,HE-001,Préstamo Hipotecario
TXN-00020669,CTA-112211,CLI-18352,2026-06-19 12:07:00,1768846.7,CRC,transferencia,sucursal,LI-002,Tarjeta Crédito
TXN-00020670,CTA-418445,CLI-46668,2026-06-05 16:37:00,1794582.22,CRC,pago,web,CA-001,Préstamo Hipotecario
TXN-00020671,CTA-901343,CLI-18154,2026-06-26 16:07:00,2346254.52,CRC,pago,atm,SJ-001,Préstamo Personal
TXN-00020672,CTA-718200,CLI-19731,2026-06-06 13:48:00,3169071.84,CRC,pago,atm,CA-001,Préstamo Hipotecario
TXN-00020673,CTA-616005,CLI-90591,2026-06-15 21:48:00,273249.58,CRC,transferencia,sucursal,CA-001,Tarjeta Crédito
TXN-00020674,CTA-137195,CLI-87775,2026-06-08 00:43:00,2056289.5,CRC,pago,sucursal,PU-001,Tarjeta Crédito
TXN-00020675,CTA-751205,CLI-96976,2026-06-03 12:35:00,3382161.48,CRC,retiro,app_movil,PU-001,Cuenta Ahorro
TXN-00020676,CTA-547277,CLI-44541,2026-06-09 02:17:00,408811.94,CRC,transferencia,app_movil,AL-001,Préstamo Hipotecario
TXN-00020677,CTA-348443,CLI-85321,2026-06-28 22:46:00,4905021.05,CRC,comision,sucursal,SJ-001,Tarjeta Crédito
TXN-00020678,CTA-259477,CLI-48480,2026-06-22 04:58:00,507963.85,CRC,comision,atm,SJ-002,Préstamo Hipotecario
TXN-00020679,CTA-699211,CLI-48331,2026-06-06 22:09:00,4577323.89,CRC,deposito,sucursal,CA-001,Préstamo Hipotecario
TXN-00020680,CTA-832481,CLI-76324,2026-06-30 06:29:00,1902543.8,CRC,transferencia,web,AL-001,Cuenta Ahorro
TXN-00020681,CTA-555848,CLI-79763,2026-06-25 22:24:00,521707.66,CRC,deposito,web,SJ-002,Préstamo Hipotecario
TXN-00020682,CTA-579224,CLI-35852,2026-06-19 16:26:00,4254241.59,CRC,pago,sinpe,LI-001,Cuenta Corriente
TXN-00020683,CTA-832899,CLI-59882,2026-06-14 01:55:00,799024.54,CRC,transferencia,web,CA-001,Préstamo Hipotecario
TXN-00020684,CTA-462982,CLI-50471,2026-06-20 17:03:00,2510962.29,CRC,transferencia,web,AL-001,Tarjeta Crédito
TXN-00020685,CTA-842855,CLI-70226,2026-06-28 12:08:00,1429008.74,CRC,pago,atm,LI-001,Tarjeta Crédito
TXN-00020686,CTA-209718,CLI-50696,2026-06-01 16:18:00,785823.19,CRC,deposito,atm,PU-001,Tarjeta Crédito
TXN-00020687,CTA-267202,CLI-19024,2026-06-25 14:59:00,3704777.88,CRC,transferencia,atm,LI-001,Tarjeta Crédito
TXN-00020688,CTA-689309,CLI-87524,2026-06-03 01:59:00,4971544.18,CRC,retiro,sucursal,CA-001,Cuenta Ahorro
TXN-00020689,CTA-896734,CLI-58502,2026-06-05 15:58:00,505171.58,CRC,deposito,app_movil,LI-002,Préstamo Hipotecario
TXN-00020690,CTA-214974,CLI-53329,2026-06-20 13:15:00,1023959.95,CRC,pago,atm,SJ-001,Préstamo Hipotecario
TXN-00020691,CTA-773980,CLI-13121,2026-06-08 14:17:00,4980793.05,CRC,transferencia,atm,SJ-001,Tarjeta Crédito
TXN-00020692,CTA-199101,CLI-69791,2026-06-12 17:57:00,3317773.63,CRC,deposito,atm,HE-001,Préstamo Personal
TXN-00020693,CTA-482035,CLI-97248,2026-06-12 12:18:00,1982262.3,CRC,pago,app_movil,AL-001,Préstamo Hipotecario
TXN-00020694,CTA-849314,CLI-90606,2026-06-01 22:38:00,2831065.13,CRC,retiro,web,SJ-001,Cuenta Ahorro
TXN-00020695,CTA-760356,CLI-83346,2026-06-16 17:03:00,3197881.25,CRC,deposito,sucursal,PU-001,Préstamo Personal
TXN-00020696,CTA-286043,CLI-59061,2026-06-28 03:27:00,2050540.04,CRC,transferencia,web,LI-002,Cuenta Corriente
TXN-00020697,CTA-214080,CLI-33854,2026-06-13 18:57:00,162605.32,CRC,pago,web,SJ-002,Préstamo Personal
TXN-00020698,CTA-737614,CLI-61951,2026-06-29 17:54:00,913318.37,CRC,retiro,web,LI-002,Cuenta Corriente
TXN-00020699,CTA-708708,CLI-59446,2026-06-18 13:20:00,2862568.17,CRC,comision,web,AL-001,Cuenta Ahorro
TXN-00020700,CTA-986306,CLI-53631,2026-06-14 04:03:00,986622.22,CRC,deposito,sinpe,LI-002,Tarjeta Crédito
TXN-00020701,CTA-233978,CLI-64647,2026-06-01 15:26:00,3992931.18,CRC,pago,app_movil,LI-002,Cuenta Corriente
TXN-00020702,CTA-156023,CLI-58778,2026-06-24 06:02:00,4250365.64,CRC,pago,web,HE-001,Cuenta Ahorro
TXN-00020703,CTA-107411,CLI-21081,2026-06-15 08:12:00,1396214.33,CRC,pago,sucursal,LI-002,Préstamo Personal
TXN-00020704,CTA-714916,CLI-62103,2026-06-24 16:19:00,1816402.82,CRC,comision,app_movil,PU-001,Cuenta Ahorro
TXN-00020705,CTA-202650,CLI-71801,2026-06-10 22:22:00,1223612.78,CRC,retiro,app_movil,HE-001,Tarjeta Crédito
TXN-00020706,CTA-862425,CLI-79458,2026-06-14 15:25:00,2172838.35,CRC,retiro,web,PU-001,Cuenta Corriente
TXN-00020707,CTA-187185,CLI-59030,2026-06-13 05:28:00,160605.56,CRC,deposito,web,CA-001,Préstamo Hipotecario
TXN-00020708,CTA-294082,CLI-84855,2026-06-02 07:07:00,2700070.27,CRC,comision,sinpe,HE-001,Préstamo Hipotecario
TXN-00020709,CTA-770819,CLI-26376,2026-06-26 08:56:00,3171059.08,CRC,deposito,app_movil,PU-001,Préstamo Personal
TXN-00020710,CTA-153342,CLI-18306,2026-06-20 01:48:00,1237023.79,CRC,pago,app_movil,PU-001,Cuenta Corriente
TXN-00020711,CTA-861551,CLI-25612,2026-06-28 07:04:00,1537834.02,CRC,transferencia,atm,HE-001,Préstamo Personal
TXN-00020712,CTA-280262,CLI-22861,2026-06-05 00:28:00,742377.8,CRC,comision,web,LI-002,Préstamo Hipotecario
TXN-00020713,CTA-937845,CLI-83558,2026-06-04 04:31:00,3688336.78,CRC,comision,sinpe,SJ-001,Cuenta Ahorro
TXN-00020714,CTA-409551,CLI-71200,2026-06-29 21:16:00,2156400.98,CRC,pago,sucursal,PU-001,Préstamo Hipotecario
TXN-00020715,CTA-182810,CLI-32573,2026-06-30 18:06:00,74694.15,CRC,retiro,sucursal,PU-001,Préstamo Hipotecario
TXN-00020716,CTA-704101,CLI-78573,2026-06-05 01:51:00,3054366.79,CRC,deposito,sucursal,AL-001,Préstamo Personal
TXN-00020717,CTA-493773,CLI-14074,2026-06-16 21:09:00,427035.86,CRC,retiro,app_movil,LI-002,Cuenta Ahorro
TXN-00020718,CTA-210197,CLI-37757,2026-06-11 01:41:00,1161467.12,CRC,comision,sinpe,PU-001,Tarjeta Crédito
TXN-00020719,CTA-372204,CLI-86062,2026-06-26 19:32:00,3115875.94,CRC,deposito,sucursal,HE-001,Préstamo Hipotecario
TXN-00020720,CTA-316858,CLI-31776,2026-06-08 20:58:00,2654081.98,CRC,pago,app_movil,HE-001,Cuenta Ahorro
TXN-00020721,CTA-544987,CLI-25787,2026-06-28 16:10:00,2729485.39,CRC,transferencia,app_movil,LI-001,Cuenta Corriente
TXN-00020722,CTA-543571,CLI-24909,2026-06-30 01:10:00,2294515.87,CRC,transferencia,sinpe,PU-001,Préstamo Hipotecario
TXN-00020723,CTA-306626,CLI-88602,2026-06-12 00:25:00,3144814.01,CRC,comision,sinpe,AL-001,Cuenta Corriente
TXN-00020724,CTA-773584,CLI-67734,2026-06-25 10:51:00,352483.0,CRC,retiro,web,LI-001,Préstamo Personal
TXN-00020725,CTA-735463,CLI-80854,2026-06-12 08:31:00,3475860.08,CRC,transferencia,sinpe,SJ-001,Cuenta Ahorro
TXN-00020726,CTA-931274,CLI-69265,2026-06-23 11:28:00,1626337.36,CRC,comision,sinpe,PU-001,Tarjeta Crédito
TXN-00020727,CTA-367198,CLI-78492,2026-06-08 20:31:00,643164.67,CRC,deposito,app_movil,PU-001,Cuenta Corriente
TXN-00020728,CTA-776347,CLI-59739,2026-06-18 22:02:00,2832000.65,CRC,pago,atm,LI-002,Tarjeta Crédito
TXN-00020729,CTA-694538,CLI-54706,2026-06-29 12:40:00,4257332.76,CRC,pago,app_movil,LI-001,Cuenta Corriente
TXN-00020730,CTA-274313,CLI-37967,2026-06-16 13:51:00,2205238.2,CRC,pago,sucursal,AL-001,Tarjeta Crédito
TXN-00020731,CTA-394420,CLI-11176,2026-06-08 22:20:00,652451.87,CRC,comision,atm,HE-001,Cuenta Ahorro
TXN-00020732,CTA-171698,CLI-41290,2026-06-28 23:25:00,3251904.11,CRC,transferencia,sinpe,LI-002,Préstamo Personal
TXN-00020733,CTA-370180,CLI-33511,2026-06-24 07:45:00,1697114.13,CRC,retiro,atm,AL-001,Cuenta Ahorro
TXN-00020734,CTA-999621,CLI-33829,2026-06-21 07:08:00,4714654.16,CRC,comision,sucursal,PU-001,Préstamo Personal
TXN-00020735,CTA-848931,CLI-55369,2026-06-17 05:16:00,4473688.71,CRC,retiro,web,SJ-001,Tarjeta Crédito
TXN-00020736,CTA-343522,CLI-94692,2026-06-02 23:42:00,1860191.37,CRC,deposito,web,SJ-002,Préstamo Hipotecario
TXN-00020737,CTA-374182,CLI-25317,2026-06-03 19:26:00,3339352.75,CRC,transferencia,sinpe,SJ-002,Préstamo Hipotecario
TXN-00020738,CTA-186575,CLI-14196,2026-06-29 17:11:00,2771350.82,CRC,comision,atm,CA-001,Préstamo Personal
TXN-00020739,CTA-230146,CLI-15912,2026-06-07 15:11:00,3912118.37,CRC,pago,atm,CA-001,Tarjeta Crédito
TXN-00020740,CTA-481807,CLI-70044,2026-06-08 21:38:00,4976406.49,CRC,pago,atm,SJ-002,Cuenta Ahorro
TXN-00020741,CTA-875456,CLI-90139,2026-06-02 12:09:00,1913467.92,CRC,comision,sinpe,LI-002,Préstamo Personal
TXN-00020742,CTA-997385,CLI-52581,2026-06-25 10:52:00,4658016.87,CRC,comision,sucursal,LI-001,Cuenta Ahorro
TXN-00020743,CTA-860856,CLI-29754,2026-06-09 00:31:00,1952134.6,CRC,pago,sinpe,AL-001,Préstamo Hipotecario
TXN-00020744,CTA-439813,CLI-97109,2026-06-11 15:44:00,3456396.93,CRC,transferencia,app_movil,PU-001,Cuenta Ahorro
TXN-00020745,CTA-955425,CLI-92658,2026-06-21 16:36:00,4289871.08,CRC,pago,web,LI-002,Tarjeta Crédito
TXN-00020746,CTA-686197,CLI-52934,2026-06-01 16:36:00,1292840.05,CRC,deposito,sinpe,AL-001,Cuenta Ahorro
TXN-00020747,CTA-534550,CLI-15436,2026-06-25 09:50:00,4156077.8,CRC,deposito,atm,SJ-001,Cuenta Ahorro
TXN-00020748,CTA-597094,CLI-50595,2026-06-09 07:13:00,4337793.04,CRC,transferencia,sinpe,PU-001,Cuenta Corriente
TXN-00020749,CTA-389372,CLI-91459,2026-06-19 10:53:00,1565336.89,CRC,deposito,web,HE-001,Cuenta Ahorro
TXN-00020750,CTA-361309,CLI-26387,2026-06-11 13:28:00,4849452.53,CRC,deposito,web,HE-001,Préstamo Personal
TXN-00020751,CTA-504409,CLI-53300,2026-06-13 15:52:00,3818422.09,CRC,transferencia,atm,AL-001,Préstamo Personal
TXN-00020752,CTA-806228,CLI-60874,2026-06-24 15:35:00,1340682.82,CRC,comision,app_movil,LI-002,Cuenta Ahorro
TXN-00020753,CTA-362435,CLI-98656,2026-06-15 00:12:00,307516.24,CRC,transferencia,web,LI-001,Cuenta Ahorro
TXN-00020754,CTA-565915,CLI-66316,2026-06-11 08:26:00,2231114.33,CRC,comision,sinpe,PU-001,Préstamo Personal
TXN-00020755,CTA-714284,CLI-47231,2026-06-09 17:31:00,3746635.58,CRC,comision,atm,CA-001,Cuenta Ahorro
TXN-00020756,CTA-871398,CLI-65676,2026-06-01 06:23:00,3097922.95,CRC,deposito,app_movil,LI-002,Tarjeta Crédito
TXN-00020757,CTA-708527,CLI-76750,2026-06-22 23:22:00,1163037.97,CRC,deposito,app_movil,AL-001,Cuenta Ahorro
TXN-00020758,CTA-486919,CLI-24168,2026-06-13 13:13:00,352567.87,CRC,retiro,app_movil,SJ-001,Cuenta Corriente
TXN-00020759,CTA-305285,CLI-42859,2026-06-19 12:57:00,1946117.98,CRC,transferencia,web,HE-001,Préstamo Personal
TXN-00020760,CTA-487437,CLI-16374,2026-06-29 15:18:00,4720670.06,CRC,pago,atm,SJ-002,Cuenta Corriente
TXN-00020761,CTA-456300,CLI-50627,2026-06-21 11:46:00,4043554.07,CRC,transferencia,atm,HE-001,Préstamo Personal
TXN-00020762,CTA-457957,CLI-97839,2026-06-26 16:14:00,4219616.12,CRC,deposito,app_movil,LI-001,Cuenta Corriente
TXN-00020763,CTA-118679,CLI-23513,2026-06-21 07:37:00,3601625.51,CRC,retiro,sucursal,SJ-002,Tarjeta Crédito
TXN-00020764,CTA-330212,CLI-64443,2026-06-07 13:55:00,3215141.94,CRC,deposito,app_movil,HE-001,Tarjeta Crédito
TXN-00020765,CTA-581310,CLI-63274,2026-06-17 15:59:00,3055037.08,CRC,transferencia,app_movil,PU-001,Cuenta Corriente
TXN-00020766,CTA-434081,CLI-13385,2026-06-20 12:16:00,1339313.32,CRC,comision,atm,CA-001,Préstamo Personal
TXN-00020767,CTA-538514,CLI-55642,2026-06-19 04:46:00,3947211.14,CRC,retiro,atm,SJ-002,Cuenta Corriente
TXN-00020768,CTA-350642,CLI-59504,2026-06-20 22:27:00,223041.99,CRC,pago,sucursal,PU-001,Cuenta Corriente
TXN-00020769,CTA-540293,CLI-48034,2026-06-10 00:36:00,1020666.21,CRC,retiro,atm,CA-001,Préstamo Hipotecario
TXN-00020770,CTA-300259,CLI-82653,2026-06-17 22:18:00,4011426.27,CRC,retiro,atm,AL-001,Préstamo Hipotecario
TXN-00020771,CTA-423464,CLI-94105,2026-06-03 03:53:00,4279603.79,CRC,comision,sucursal,PU-001,Tarjeta Crédito
TXN-00020772,CTA-405996,CLI-46965,2026-06-08 18:27:00,4322242.7,CRC,pago,web,CA-001,Préstamo Hipotecario
TXN-00020773,CTA-592251,CLI-58119,2026-06-14 07:53:00,1051826.25,CRC,transferencia,sucursal,SJ-001,Préstamo Hipotecario
TXN-00020774,CTA-199220,CLI-82938,2026-06-09 22:33:00,2921452.06,CRC,comision,sinpe,PU-001,Tarjeta Crédito
TXN-00020775,CTA-370654,CLI-37777,2026-06-02 06:10:00,3598781.87,CRC,transferencia,atm,LI-001,Cuenta Corriente
TXN-00020776,CTA-701559,CLI-12174,2026-06-22 10:20:00,4491612.47,CRC,retiro,atm,LI-001,Tarjeta Crédito
TXN-00020777,CTA-433540,CLI-98273,2026-06-26 09:15:00,950395.46,CRC,pago,app_movil,HE-001,Préstamo Personal
TXN-00020778,CTA-747133,CLI-48847,2026-06-24 06:50:00,133383.22,CRC,comision,sucursal,LI-001,Préstamo Hipotecario
TXN-00020779,CTA-743619,CLI-61694,2026-06-28 05:20:00,310608.36,CRC,pago,sinpe,HE-001,Cuenta Ahorro
TXN-00020780,CTA-829225,CLI-68973,2026-06-14 22:11:00,3611554.06,CRC,retiro,atm,HE-001,Préstamo Hipotecario
TXN-00020781,CTA-472628,CLI-12778,2026-06-24 11:06:00,2795141.19,CRC,pago,sucursal,HE-001,Préstamo Hipotecario
TXN-00020782,CTA-257321,CLI-54688,2026-06-20 16:29:00,4220477.52,CRC,comision,atm,HE-001,Tarjeta Crédito
TXN-00020783,CTA-809006,CLI-53502,2026-06-15 04:22:00,4842167.27,CRC,deposito,sucursal,HE-001,Tarjeta Crédito
TXN-00020784,CTA-194417,CLI-75154,2026-06-18 21:29:00,2813036.85,CRC,deposito,web,PU-001,Cuenta Ahorro
TXN-00020785,CTA-589714,CLI-46234,2026-06-12 03:20:00,2410649.72,CRC,pago,atm,PU-001,Cuenta Ahorro
TXN-00020786,CTA-375792,CLI-39165,2026-06-09 09:05:00,3850034.66,CRC,retiro,atm,LI-001,Préstamo Personal
TXN-00020787,CTA-484352,CLI-42413,2026-06-22 17:09:00,4763958.8,CRC,comision,web,HE-001,Préstamo Personal
TXN-00020788,CTA-897726,CLI-78270,2026-06-24 17:23:00,1532045.87,CRC,comision,sucursal,PU-001,Cuenta Corriente
TXN-00020789,CTA-171693,CLI-44007,2026-06-27 20:39:00,2952260.03,CRC,deposito,sucursal,SJ-001,Tarjeta Crédito
TXN-00020790,CTA-452844,CLI-67916,2026-06-25 18:47:00,1997273.23,CRC,comision,sinpe,CA-001,Cuenta Corriente
TXN-00020791,CTA-441533,CLI-64584,2026-06-28 23:06:00,2045628.59,CRC,deposito,sinpe,SJ-002,Tarjeta Crédito
TXN-00020792,CTA-207389,CLI-17159,2026-06-16 14:40:00,3054622.36,CRC,pago,sinpe,LI-002,Cuenta Corriente
TXN-00020793,CTA-331462,CLI-53672,2026-06-17 18:07:00,3088289.99,CRC,comision,atm,SJ-001,Cuenta Ahorro
TXN-00020794,CTA-959839,CLI-33230,2026-06-25 02:20:00,1903697.91,CRC,pago,web,SJ-002,Préstamo Hipotecario
TXN-00020795,CTA-588339,CLI-68391,2026-06-07 16:48:00,4249586.87,CRC,transferencia,sinpe,SJ-002,Préstamo Hipotecario
TXN-00020796,CTA-786987,CLI-81267,2026-06-06 02:54:00,2798436.74,CRC,comision,web,SJ-001,Préstamo Hipotecario
TXN-00020797,CTA-637451,CLI-55358,2026-06-27 09:34:00,57326.48,CRC,retiro,sinpe,LI-002,Préstamo Hipotecario
TXN-00020798,CTA-521985,CLI-48515,2026-06-18 22:44:00,2380950.34,CRC,deposito,web,CA-001,Préstamo Hipotecario
TXN-00020799,CTA-402846,CLI-58769,2026-06-04 17:15:00,821531.71,CRC,transferencia,sucursal,PU-001,Préstamo Personal
TXN-00020800,CTA-358612,CLI-75134,2026-06-30 00:35:00,1970516.86,CRC,deposito,sinpe,SJ-001,Préstamo Hipotecario
TXN-00020801,CTA-295490,CLI-15641,2026-06-10 19:25:00,1755922.64,CRC,pago,sinpe,LI-002,Tarjeta Crédito
TXN-00020802,CTA-503597,CLI-86246,2026-06-09 20:27:00,1596765.1,CRC,deposito,app_movil,PU-001,Préstamo Personal
TXN-00020803,CTA-231490,CLI-58862,2026-06-09 15:51:00,3907567.97,CRC,transferencia,sinpe,LI-002,Cuenta Ahorro
TXN-00020804,CTA-595469,CLI-35085,2026-06-08 04:23:00,3236165.57,CRC,transferencia,app_movil,CA-001,Préstamo Hipotecario
TXN-00020805,CTA-838934,CLI-64358,2026-06-22 15:48:00,404732.77,CRC,pago,atm,SJ-002,Préstamo Personal
TXN-00020806,CTA-131015,CLI-42151,2026-06-25 13:52:00,240247.78,CRC,deposito,web,LI-002,Préstamo Hipotecario
TXN-00020807,CTA-869338,CLI-80934,2026-06-02 03:29:00,751213.73,CRC,retiro,app_movil,HE-001,Tarjeta Crédito
TXN-00020808,CTA-761988,CLI-73130,2026-06-22 02:34:00,166198.11,CRC,comision,atm,PU-001,Cuenta Corriente
TXN-00020809,CTA-799425,CLI-64285,2026-06-03 00:23:00,808737.0,CRC,comision,sucursal,HE-001,Cuenta Ahorro
TXN-00020810,CTA-132592,CLI-83602,2026-06-11 13:28:00,1994044.16,CRC,pago,sinpe,AL-001,Préstamo Hipotecario
TXN-00020811,CTA-607418,CLI-46761,2026-06-24 09:53:00,127323.6,CRC,pago,sucursal,SJ-002,Préstamo Personal
TXN-00020812,CTA-373616,CLI-90495,2026-06-11 01:49:00,1453374.73,CRC,comision,sinpe,AL-001,Cuenta Corriente
TXN-00020813,CTA-987756,CLI-52279,2026-06-25 01:35:00,1246192.8,CRC,pago,web,HE-001,Cuenta Ahorro
TXN-00020814,CTA-414169,CLI-35110,2026-06-07 08:31:00,14209.94,CRC,deposito,sinpe,CA-001,Préstamo Personal
TXN-00020815,CTA-900391,CLI-43782,2026-06-19 03:25:00,746279.35,CRC,transferencia,atm,PU-001,Préstamo Hipotecario
TXN-00020816,CTA-771620,CLI-88109,2026-06-05 20:02:00,1530680.87,CRC,pago,sucursal,AL-001,Préstamo Personal
TXN-00020817,CTA-741173,CLI-85030,2026-06-13 12:47:00,887843.29,CRC,pago,sucursal,PU-001,Préstamo Hipotecario
TXN-00020818,CTA-283413,CLI-71242,2026-06-21 14:47:00,2277482.66,CRC,comision,web,LI-001,Tarjeta Crédito
TXN-00020819,CTA-976898,CLI-52572,2026-06-11 22:33:00,2623225.88,CRC,deposito,app_movil,LI-002,Préstamo Hipotecario
TXN-00020820,CTA-654387,CLI-63069,2026-06-16 17:46:00,2766868.19,CRC,deposito,sucursal,LI-001,Cuenta Ahorro
TXN-00020821,CTA-790909,CLI-85164,2026-06-02 14:56:00,632479.02,CRC,pago,atm,AL-001,Préstamo Hipotecario
TXN-00020822,CTA-951834,CLI-81002,2026-06-18 19:53:00,702066.93,CRC,pago,atm,SJ-002,Cuenta Ahorro
TXN-00020823,CTA-525388,CLI-38038,2026-06-01 12:06:00,921037.38,CRC,transferencia,sucursal,SJ-002,Tarjeta Crédito
TXN-00020824,CTA-463774,CLI-21550,2026-06-18 10:37:00,203250.45,CRC,retiro,web,SJ-002,Préstamo Hipotecario
TXN-00020825,CTA-395856,CLI-70992,2026-06-30 13:39:00,162604.37,CRC,transferencia,sucursal,PU-001,Cuenta Ahorro
TXN-00020826,CTA-988956,CLI-50123,2026-06-25 07:26:00,647596.2,CRC,comision,sinpe,PU-001,Cuenta Corriente
TXN-00020827,CTA-686808,CLI-11576,2026-06-24 00:20:00,1051779.84,CRC,deposito,app_movil,SJ-002,Cuenta Ahorro
TXN-00020828,CTA-454120,CLI-46157,2026-06-01 12:07:00,1500100.61,CRC,retiro,atm,LI-001,Cuenta Ahorro
TXN-00020829,CTA-121691,CLI-92012,2026-06-03 09:56:00,1141676.77,CRC,comision,atm,PU-001,Préstamo Personal
TXN-00020830,CTA-496991,CLI-78634,2026-06-18 16:03:00,3831771.63,CRC,transferencia,sucursal,LI-001,Cuenta Corriente
TXN-00020831,CTA-185216,CLI-51213,2026-06-23 10:41:00,3155098.87,CRC,transferencia,app_movil,LI-002,Préstamo Hipotecario
TXN-00020832,CTA-356428,CLI-62145,2026-06-26 23:40:00,4452617.74,CRC,comision,app_movil,HE-001,Préstamo Hipotecario
TXN-00020833,CTA-901518,CLI-21005,2026-06-02 20:17:00,2706782.45,CRC,transferencia,app_movil,CA-001,Préstamo Hipotecario
TXN-00020834,CTA-873450,CLI-95755,2026-06-14 00:38:00,4347273.67,CRC,retiro,sucursal,CA-001,Préstamo Hipotecario
TXN-00020835,CTA-861091,CLI-43565,2026-06-01 17:40:00,825317.91,CRC,retiro,sinpe,LI-002,Cuenta Corriente
TXN-00020836,CTA-595567,CLI-70082,2026-06-20 23:33:00,3323648.39,CRC,deposito,app_movil,PU-001,Tarjeta Crédito
TXN-00020837,CTA-981296,CLI-65358,2026-06-12 10:36:00,249159.51,CRC,deposito,sinpe,HE-001,Tarjeta Crédito
TXN-00020838,CTA-477986,CLI-39193,2026-06-25 14:11:00,4192238.98,CRC,deposito,app_movil,LI-001,Cuenta Ahorro
TXN-00020839,CTA-532588,CLI-59661,2026-06-08 15:58:00,4927235.36,CRC,pago,web,HE-001,Préstamo Hipotecario
TXN-00020840,CTA-317775,CLI-45121,2026-06-10 14:32:00,1653382.05,CRC,transferencia,sinpe,PU-001,Tarjeta Crédito
TXN-00020841,CTA-548803,CLI-29439,2026-06-15 06:27:00,1338958.26,CRC,transferencia,app_movil,SJ-002,Préstamo Personal
TXN-00020842,CTA-548767,CLI-15915,2026-06-19 04:47:00,1579074.72,CRC,pago,atm,HE-001,Cuenta Corriente
TXN-00020843,CTA-867888,CLI-77881,2026-06-12 13:33:00,970869.42,CRC,retiro,sinpe,HE-001,Préstamo Personal
TXN-00020844,CTA-802044,CLI-86145,2026-06-26 18:39:00,888942.66,CRC,transferencia,web,SJ-002,Cuenta Corriente
TXN-00020845,CTA-563196,CLI-62163,2026-06-14 21:52:00,2682638.01,CRC,comision,sinpe,AL-001,Tarjeta Crédito
TXN-00020846,CTA-155355,CLI-41228,2026-06-11 20:31:00,3034702.39,CRC,comision,web,AL-001,Cuenta Corriente
TXN-00020847,CTA-903605,CLI-59691,2026-06-05 14:50:00,1562500.36,CRC,retiro,sinpe,LI-001,Tarjeta Crédito
TXN-00020848,CTA-897037,CLI-30354,2026-06-19 10:57:00,1381880.41,CRC,pago,atm,LI-001,Cuenta Ahorro
TXN-00020849,CTA-161355,CLI-78599,2026-06-29 10:34:00,4351663.47,CRC,comision,web,SJ-002,Préstamo Hipotecario
TXN-00020850,CTA-564110,CLI-60574,2026-06-02 06:47:00,1216770.76,CRC,pago,app_movil,AL-001,Préstamo Hipotecario
TXN-00020851,CTA-757941,CLI-25515,2026-06-02 23:01:00,3684037.49,CRC,comision,app_movil,SJ-001,Préstamo Personal
TXN-00020852,CTA-266787,CLI-87805,2026-06-28 18:34:00,389202.89,CRC,deposito,web,HE-001,Cuenta Corriente
TXN-00020853,CTA-970381,CLI-65909,2026-06-17 18:11:00,44093.96,CRC,pago,app_movil,LI-002,Préstamo Hipotecario
TXN-00020854,CTA-280596,CLI-36893,2026-06-08 21:56:00,3840353.63,CRC,pago,sucursal,HE-001,Préstamo Hipotecario
TXN-00020855,CTA-787355,CLI-67375,2026-06-07 21:17:00,3272224.18,CRC,comision,web,CA-001,Cuenta Corriente
TXN-00020856,CTA-175503,CLI-12637,2026-06-24 04:24:00,3688850.56,CRC,transferencia,sucursal,PU-001,Tarjeta Crédito
TXN-00020857,CTA-636837,CLI-42321,2026-06-15 16:15:00,2514698.79,CRC,transferencia,app_movil,PU-001,Tarjeta Crédito
TXN-00020858,CTA-435200,CLI-74561,2026-06-08 11:38:00,3146253.03,CRC,pago,sucursal,PU-001,Cuenta Ahorro
TXN-00020859,CTA-726952,CLI-20770,2026-06-11 23:24:00,69733.48,CRC,transferencia,sucursal,LI-002,Préstamo Hipotecario
TXN-00020860,CTA-652323,CLI-62225,2026-06-14 01:42:00,3694115.64,CRC,retiro,web,AL-001,Préstamo Hipotecario
TXN-00020861,CTA-707793,CLI-52226,2026-06-25 16:02:00,3277062.28,CRC,comision,atm,LI-001,Préstamo Personal
TXN-00020862,CTA-991454,CLI-40820,2026-06-16 21:55:00,616988.65,CRC,transferencia,atm,LI-002,Préstamo Hipotecario
TXN-00020863,CTA-376421,CLI-84195,2026-06-10 07:12:00,1200457.74,CRC,transferencia,web,PU-001,Préstamo Hipotecario
TXN-00020864,CTA-797514,CLI-67227,2026-06-24 01:32:00,1141911.2,CRC,deposito,web,LI-002,Préstamo Hipotecario
TXN-00020865,CTA-373480,CLI-47452,2026-06-28 12:43:00,4607117.21,CRC,transferencia,atm,PU-001,Cuenta Corriente
TXN-00020866,CTA-956366,CLI-44190,2026-06-10 20:21:00,883549.02,CRC,comision,sinpe,HE-001,Préstamo Hipotecario
TXN-00020867,CTA-202642,CLI-35453,2026-06-08 09:47:00,388634.88,CRC,retiro,sucursal,HE-001,Préstamo Hipotecario
TXN-00020868,CTA-452986,CLI-86682,2026-06-17 17:29:00,1080045.49,CRC,comision,atm,LI-001,Préstamo Personal
TXN-00020869,CTA-621653,CLI-31372,2026-06-04 01:13:00,2129100.55,CRC,pago,app_movil,LI-001,Préstamo Hipotecario
TXN-00020870,CTA-379072,CLI-72397,2026-06-06 13:08:00,4256162.2,CRC,transferencia,app_movil,AL-001,Cuenta Ahorro
TXN-00020871,CTA-645910,CLI-42497,2026-06-12 10:15:00,294930.26,CRC,deposito,web,HE-001,Cuenta Corriente
TXN-00020872,CTA-919104,CLI-35909,2026-06-11 21:37:00,626726.94,CRC,comision,sinpe,LI-002,Préstamo Hipotecario
TXN-00020873,CTA-609256,CLI-40101,2026-06-05 23:05:00,4219476.02,CRC,deposito,sinpe,LI-001,Tarjeta Crédito
TXN-00020874,CTA-468793,CLI-63858,2026-06-12 03:22:00,4504775.96,CRC,deposito,web,HE-001,Cuenta Ahorro
TXN-00020875,CTA-204270,CLI-67219,2026-06-23 05:51:00,1359008.01,CRC,deposito,atm,PU-001,Tarjeta Crédito
TXN-00020876,CTA-327820,CLI-63126,2026-06-29 19:26:00,3633939.11,CRC,deposito,sucursal,AL-001,Cuenta Ahorro
TXN-00020877,CTA-499270,CLI-17848,2026-06-29 16:05:00,859430.52,CRC,deposito,sinpe,CA-001,Préstamo Personal
TXN-00020878,CTA-110005,CLI-28267,2026-06-20 03:47:00,101314.88,CRC,comision,web,AL-001,Préstamo Hipotecario
TXN-00020879,CTA-896585,CLI-46147,2026-06-10 19:22:00,2715311.01,CRC,pago,web,HE-001,Cuenta Corriente
TXN-00020880,CTA-462506,CLI-35902,2026-06-04 02:26:00,3435581.07,CRC,deposito,web,SJ-001,Cuenta Ahorro
TXN-00020881,CTA-713411,CLI-76201,2026-06-23 21:40:00,4259323.68,CRC,comision,sinpe,LI-001,Cuenta Corriente
TXN-00020882,CTA-136815,CLI-42306,2026-06-17 12:17:00,2962337.77,CRC,retiro,web,LI-002,Cuenta Ahorro
TXN-00020883,CTA-736678,CLI-77530,2026-06-07 16:21:00,2538008.54,CRC,deposito,sucursal,SJ-001,Préstamo Hipotecario
TXN-00020884,CTA-109710,CLI-44044,2026-06-23 08:04:00,1826420.75,CRC,pago,app_movil,LI-002,Préstamo Personal
TXN-00020885,CTA-499532,CLI-68189,2026-06-16 07:39:00,511035.25,CRC,transferencia,sucursal,LI-002,Cuenta Ahorro
TXN-00020886,CTA-449938,CLI-91395,2026-06-24 18:57:00,2438706.78,CRC,deposito,sucursal,PU-001,Cuenta Corriente
TXN-00020887,CTA-724868,CLI-13871,2026-06-19 22:01:00,1488634.01,CRC,transferencia,web,CA-001,Cuenta Ahorro
TXN-00020888,CTA-895800,CLI-71868,2026-06-18 07:35:00,1761112.24,CRC,deposito,atm,CA-001,Cuenta Corriente
TXN-00020889,CTA-605099,CLI-21173,2026-06-23 15:20:00,1190306.51,CRC,transferencia,sinpe,PU-001,Préstamo Hipotecario
TXN-00020890,CTA-625244,CLI-22136,2026-06-22 13:25:00,3405876.4,CRC,retiro,app_movil,PU-001,Cuenta Ahorro
TXN-00020891,CTA-182966,CLI-89518,2026-06-01 18:16:00,4900996.21,CRC,pago,sinpe,LI-002,Cuenta Ahorro
TXN-00020892,CTA-208956,CLI-84400,2026-06-21 01:26:00,4108598.79,CRC,pago,atm,SJ-001,Cuenta Ahorro
TXN-00020893,CTA-608666,CLI-30221,2026-06-06 18:25:00,409510.14,CRC,comision,web,SJ-002,Cuenta Corriente
TXN-00020894,CTA-874430,CLI-75421,2026-06-09 20:59:00,3863238.77,CRC,transferencia,sinpe,PU-001,Cuenta Corriente
TXN-00020895,CTA-400199,CLI-68650,2026-06-13 03:16:00,3603208.52,CRC,deposito,atm,SJ-002,Préstamo Personal
TXN-00020896,CTA-939540,CLI-43241,2026-06-18 07:17:00,1510498.01,CRC,transferencia,app_movil,AL-001,Cuenta Ahorro
TXN-00020897,CTA-658157,CLI-79532,2026-06-02 00:30:00,4348807.96,CRC,pago,sucursal,CA-001,Préstamo Hipotecario
TXN-00020898,CTA-800291,CLI-14951,2026-06-12 09:54:00,4892924.59,CRC,deposito,sucursal,SJ-001,Préstamo Hipotecario
TXN-00020899,CTA-878044,CLI-17046,2026-06-30 06:02:00,2674705.7,CRC,retiro,sucursal,LI-001,Préstamo Hipotecario
TXN-00020900,CTA-793572,CLI-51434,2026-06-04 06:50:00,4128212.88,CRC,deposito,atm,LI-002,Préstamo Hipotecario
TXN-00020901,CTA-762020,CLI-74634,2026-06-05 10:17:00,2301805.4,CRC,transferencia,sinpe,LI-001,Cuenta Corriente
TXN-00020902,CTA-785525,CLI-25217,2026-06-21 08:13:00,1889117.8,CRC,deposito,web,AL-001,Préstamo Personal
TXN-00020903,CTA-427455,CLI-15818,2026-06-26 19:43:00,3699643.87,CRC,transferencia,sinpe,PU-001,Préstamo Personal
TXN-00020904,CTA-550660,CLI-47105,2026-06-23 05:59:00,494991.66,CRC,comision,sinpe,HE-001,Préstamo Hipotecario
TXN-00020905,CTA-846251,CLI-24472,2026-06-15 14:45:00,1871094.44,CRC,pago,web,SJ-002,Cuenta Ahorro
TXN-00020906,CTA-484743,CLI-85806,2026-06-27 17:43:00,1709184.47,CRC,transferencia,web,SJ-002,Tarjeta Crédito
TXN-00020907,CTA-798033,CLI-72492,2026-06-18 17:20:00,1383624.02,CRC,comision,sucursal,SJ-002,Préstamo Personal
TXN-00020908,CTA-910222,CLI-83351,2026-06-04 11:54:00,2628629.97,CRC,deposito,sinpe,HE-001,Tarjeta Crédito
TXN-00020909,CTA-581742,CLI-15942,2026-06-05 14:33:00,3296066.51,CRC,deposito,app_movil,AL-001,Cuenta Ahorro
TXN-00020910,CTA-216487,CLI-33101,2026-06-18 06:37:00,4371459.35,CRC,transferencia,sinpe,SJ-002,Préstamo Hipotecario
TXN-00020911,CTA-569010,CLI-16734,2026-06-05 20:47:00,3869069.53,CRC,transferencia,app_movil,PU-001,Cuenta Corriente
TXN-00020912,CTA-642600,CLI-78831,2026-06-05 22:54:00,4828117.34,CRC,pago,sucursal,PU-001,Préstamo Hipotecario
TXN-00020913,CTA-711844,CLI-95466,2026-06-02 04:39:00,4833488.18,CRC,deposito,app_movil,LI-001,Cuenta Ahorro
TXN-00020914,CTA-701765,CLI-26009,2026-06-03 14:12:00,4584751.08,CRC,deposito,sinpe,HE-001,Tarjeta Crédito
TXN-00020915,CTA-813175,CLI-64019,2026-06-22 14:36:00,562065.54,CRC,comision,web,LI-002,Préstamo Hipotecario
TXN-00020916,CTA-185438,CLI-32923,2026-06-13 02:27:00,927133.77,CRC,deposito,app_movil,CA-001,Cuenta Corriente
TXN-00020917,CTA-623803,CLI-46345,2026-06-22 16:03:00,3164709.23,CRC,comision,web,HE-001,Préstamo Hipotecario
TXN-00020918,CTA-949887,CLI-13448,2026-06-15 00:31:00,417679.78,CRC,comision,web,AL-001,Cuenta Corriente
TXN-00020919,CTA-333146,CLI-85409,2026-06-09 06:39:00,4334509.18,CRC,pago,web,SJ-002,Préstamo Hipotecario
TXN-00020920,CTA-323214,CLI-37904,2026-06-30 00:55:00,1945209.34,CRC,transferencia,atm,SJ-002,Cuenta Corriente
TXN-00020921,CTA-852272,CLI-55722,2026-06-26 00:24:00,1636578.73,CRC,retiro,atm,AL-001,Préstamo Personal
TXN-00020922,CTA-342743,CLI-25578,2026-06-09 18:28:00,591880.37,CRC,retiro,sucursal,CA-001,Cuenta Ahorro
TXN-00020923,CTA-646730,CLI-69853,2026-06-19 20:42:00,4994543.0,CRC,comision,atm,CA-001,Préstamo Personal
TXN-00020924,CTA-692784,CLI-16065,2026-06-22 23:37:00,4945305.25,CRC,comision,sinpe,AL-001,Cuenta Corriente
TXN-00020925,CTA-110240,CLI-77818,2026-06-06 19:14:00,391083.45,CRC,deposito,sinpe,SJ-001,Préstamo Hipotecario
TXN-00020926,CTA-503301,CLI-12898,2026-06-12 06:24:00,3488441.79,CRC,deposito,app_movil,CA-001,Tarjeta Crédito
TXN-00020927,CTA-537751,CLI-86210,2026-06-01 03:24:00,471456.58,CRC,deposito,app_movil,HE-001,Préstamo Hipotecario
TXN-00020928,CTA-637049,CLI-99204,2026-06-25 21:36:00,2183752.6,CRC,retiro,app_movil,AL-001,Cuenta Ahorro
TXN-00020929,CTA-865828,CLI-40184,2026-06-04 09:27:00,1516068.36,CRC,deposito,atm,SJ-002,Cuenta Ahorro
TXN-00020930,CTA-335477,CLI-59076,2026-06-05 06:37:00,184590.35,CRC,transferencia,atm,SJ-001,Cuenta Ahorro
TXN-00020931,CTA-251930,CLI-57202,2026-06-21 13:33:00,744825.07,CRC,retiro,sinpe,CA-001,Préstamo Personal
TXN-00020932,CTA-645746,CLI-77609,2026-06-21 16:57:00,3933072.52,CRC,retiro,web,SJ-001,Préstamo Personal
TXN-00020933,CTA-709926,CLI-64092,2026-06-06 14:14:00,4596771.98,CRC,pago,sucursal,CA-001,Cuenta Ahorro
TXN-00020934,CTA-769828,CLI-54943,2026-06-17 07:12:00,938642.04,CRC,retiro,atm,PU-001,Tarjeta Crédito
TXN-00020935,CTA-417957,CLI-40910,2026-06-24 16:46:00,988014.28,CRC,transferencia,app_movil,SJ-002,Tarjeta Crédito
TXN-00020936,CTA-772387,CLI-71195,2026-06-05 20:46:00,4998270.07,CRC,transferencia,sucursal,HE-001,Préstamo Personal
TXN-00020937,CTA-665683,CLI-72052,2026-06-04 21:21:00,2709315.08,CRC,retiro,atm,AL-001,Cuenta Ahorro
TXN-00020938,CTA-922812,CLI-18706,2026-06-15 22:54:00,3368674.67,CRC,retiro,sinpe,LI-001,Cuenta Ahorro
TXN-00020939,CTA-115922,CLI-86649,2026-06-16 00:32:00,1072092.42,CRC,deposito,web,LI-002,Cuenta Ahorro
TXN-00020940,CTA-860800,CLI-51570,2026-06-16 19:22:00,1066810.59,CRC,transferencia,app_movil,SJ-001,Préstamo Personal
TXN-00020941,CTA-705585,CLI-99836,2026-06-29 16:42:00,498425.83,CRC,deposito,sucursal,PU-001,Cuenta Corriente
TXN-00020942,CTA-134329,CLI-83829,2026-06-05 02:16:00,2124027.91,CRC,transferencia,atm,SJ-002,Préstamo Hipotecario
TXN-00020943,CTA-682457,CLI-72619,2026-06-20 06:34:00,4857290.28,CRC,retiro,web,CA-001,Cuenta Ahorro
TXN-00020944,CTA-208730,CLI-36755,2026-06-22 23:02:00,1758375.5,CRC,retiro,web,SJ-001,Cuenta Ahorro
TXN-00020945,CTA-620030,CLI-89150,2026-06-14 10:43:00,4920681.18,CRC,deposito,atm,LI-001,Cuenta Corriente
TXN-00020946,CTA-379797,CLI-96212,2026-06-12 13:36:00,3604628.61,CRC,comision,atm,HE-001,Cuenta Ahorro
TXN-00020947,CTA-435322,CLI-91850,2026-06-18 05:51:00,3909268.89,CRC,pago,app_movil,CA-001,Préstamo Hipotecario
TXN-00020948,CTA-896408,CLI-98048,2026-06-12 15:04:00,2466419.78,CRC,pago,web,AL-001,Tarjeta Crédito
TXN-00020949,CTA-725754,CLI-22130,2026-06-27 12:42:00,351448.73,CRC,retiro,sucursal,LI-001,Cuenta Corriente
TXN-00020950,CTA-721893,CLI-76321,2026-06-30 07:27:00,3003292.0,CRC,transferencia,sucursal,LI-001,Préstamo Personal
TXN-00020951,CTA-488183,CLI-23137,2026-06-07 00:17:00,3742935.2,CRC,comision,app_movil,SJ-002,Préstamo Hipotecario
TXN-00020952,CTA-876474,CLI-89762,2026-06-24 03:57:00,1308162.28,CRC,deposito,atm,PU-001,Cuenta Corriente
TXN-00020953,CTA-200905,CLI-90949,2026-06-06 09:42:00,1326620.26,CRC,comision,sinpe,SJ-002,Cuenta Corriente
TXN-00020954,CTA-959428,CLI-65499,2026-06-27 22:14:00,4970592.4,CRC,pago,sinpe,HE-001,Préstamo Hipotecario
TXN-00020955,CTA-911455,CLI-29283,2026-06-01 02:44:00,1963325.44,CRC,deposito,sucursal,SJ-002,Cuenta Ahorro
TXN-00020956,CTA-818552,CLI-11438,2026-06-05 21:56:00,1363742.52,CRC,retiro,atm,CA-001,Préstamo Hipotecario
TXN-00020957,CTA-770737,CLI-93139,2026-06-12 10:03:00,10954.95,CRC,comision,app_movil,SJ-001,Cuenta Ahorro
TXN-00020958,CTA-928122,CLI-30712,2026-06-29 15:55:00,2985359.35,CRC,transferencia,atm,SJ-001,Cuenta Ahorro
TXN-00020959,CTA-299735,CLI-31133,2026-06-05 09:15:00,4738311.07,CRC,pago,sinpe,AL-001,Préstamo Hipotecario
TXN-00020960,CTA-629054,CLI-88942,2026-06-01 02:08:00,4130045.21,CRC,deposito,web,CA-001,Tarjeta Crédito
TXN-00020961,CTA-343699,CLI-45417,2026-06-24 20:53:00,2034970.18,CRC,deposito,sinpe,LI-001,Préstamo Hipotecario
TXN-00020962,CTA-296713,CLI-23436,2026-06-10 14:40:00,335447.09,CRC,retiro,app_movil,LI-001,Cuenta Corriente
TXN-00020963,CTA-302503,CLI-43123,2026-06-30 19:23:00,2555808.5,CRC,retiro,web,SJ-001,Préstamo Hipotecario
TXN-00020964,CTA-415602,CLI-72297,2026-06-29 18:47:00,4598893.14,CRC,transferencia,web,LI-002,Cuenta Corriente
TXN-00020965,CTA-840399,CLI-31925,2026-06-12 22:12:00,380030.79,CRC,transferencia,app_movil,PU-001,Préstamo Hipotecario
TXN-00020966,CTA-244624,CLI-45814,2026-06-01 18:51:00,933070.45,CRC,retiro,sucursal,SJ-001,Tarjeta Crédito
TXN-00020967,CTA-983122,CLI-36204,2026-06-02 03:33:00,4429596.24,CRC,retiro,web,AL-001,Préstamo Personal
TXN-00020968,CTA-221852,CLI-29100,2026-06-06 17:44:00,1778340.19,CRC,pago,sucursal,LI-001,Préstamo Personal
TXN-00020969,CTA-857203,CLI-34188,2026-06-20 05:22:00,4575171.98,CRC,pago,atm,LI-001,Cuenta Corriente
TXN-00020970,CTA-577380,CLI-85186,2026-06-20 12:17:00,1080347.0,CRC,transferencia,sucursal,HE-001,Préstamo Personal
TXN-00020971,CTA-376296,CLI-86197,2026-06-09 10:16:00,2258882.07,CRC,transferencia,sinpe,HE-001,Cuenta Corriente
TXN-00020972,CTA-419525,CLI-47380,2026-06-24 16:57:00,3016985.26,CRC,pago,atm,SJ-002,Préstamo Personal
TXN-00020973,CTA-670467,CLI-12775,2026-06-18 04:39:00,157914.39,CRC,comision,atm,LI-001,Préstamo Personal
TXN-00020974,CTA-931780,CLI-85362,2026-06-10 19:45:00,289216.7,CRC,comision,atm,LI-002,Préstamo Hipotecario
TXN-00020975,CTA-189666,CLI-32363,2026-06-10 18:02:00,2747486.86,CRC,comision,atm,LI-001,Cuenta Corriente
TXN-00020976,CTA-756415,CLI-46078,2026-06-28 00:09:00,4498158.08,CRC,transferencia,atm,SJ-002,Tarjeta Crédito
TXN-00020977,CTA-812303,CLI-31785,2026-06-22 11:31:00,650359.49,CRC,comision,web,AL-001,Tarjeta Crédito
TXN-00020978,CTA-961104,CLI-11719,2026-06-26 11:57:00,3212995.22,CRC,deposito,sucursal,CA-001,Préstamo Hipotecario
TXN-00020979,CTA-968106,CLI-10248,2026-06-09 20:47:00,3900561.98,CRC,retiro,sucursal,LI-001,Préstamo Personal
TXN-00020980,CTA-883951,CLI-51096,2026-06-16 15:48:00,4011947.65,CRC,deposito,sinpe,CA-001,Cuenta Ahorro
TXN-00020981,CTA-925879,CLI-49231,2026-06-02 06:00:00,329323.87,CRC,deposito,sinpe,AL-001,Préstamo Personal
TXN-00020982,CTA-388451,CLI-54987,2026-06-30 14:38:00,2640479.02,CRC,pago,atm,LI-001,Tarjeta Crédito
TXN-00020983,CTA-949773,CLI-98394,2026-06-16 23:15:00,4972022.07,CRC,retiro,sinpe,SJ-002,Cuenta Corriente
TXN-00020984,CTA-105431,CLI-31707,2026-06-21 21:57:00,4355839.32,CRC,transferencia,web,CA-001,Cuenta Ahorro
TXN-00020985,CTA-864837,CLI-88685,2026-06-23 18:07:00,2658525.47,CRC,transferencia,web,HE-001,Préstamo Personal
TXN-00020986,CTA-571258,CLI-34578,2026-06-18 10:24:00,2059922.11,CRC,retiro,sucursal,LI-002,Tarjeta Crédito
TXN-00020987,CTA-400823,CLI-44871,2026-06-13 21:10:00,2679517.6,CRC,pago,sinpe,LI-002,Préstamo Personal
TXN-00020988,CTA-124065,CLI-96060,2026-06-23 04:11:00,3978485.96,CRC,comision,sucursal,CA-001,Cuenta Corriente
TXN-00020989,CTA-994926,CLI-16002,2026-06-10 17:08:00,949885.81,CRC,pago,atm,SJ-002,Cuenta Ahorro
TXN-00020990,CTA-975192,CLI-96107,2026-06-14 03:31:00,2462047.95,CRC,retiro,sucursal,AL-001,Tarjeta Crédito
TXN-00020991,CTA-877551,CLI-48625,2026-06-29 11:18:00,3626153.49,CRC,pago,app_movil,LI-001,Tarjeta Crédito
TXN-00020992,CTA-407753,CLI-51859,2026-06-06 10:23:00,4119377.48,CRC,retiro,web,SJ-001,Préstamo Personal
TXN-00020993,CTA-283237,CLI-71895,2026-06-16 02:20:00,1250135.29,CRC,transferencia,sucursal,LI-001,Préstamo Personal
TXN-00020994,CTA-387888,CLI-61771,2026-06-17 07:01:00,4125574.22,CRC,retiro,sinpe,SJ-002,Cuenta Corriente
TXN-00020995,CTA-360557,CLI-28050,2026-06-09 20:59:00,986345.56,CRC,comision,sinpe,LI-002,Cuenta Corriente
TXN-00020996,CTA-268228,CLI-73054,2026-06-01 07:02:00,1141851.89,CRC,transferencia,sucursal,CA-001,Cuenta Corriente
TXN-00020997,CTA-135073,CLI-78881,2026-06-26 08:13:00,89384.97,CRC,deposito,atm,SJ-001,Cuenta Ahorro
TXN-00020998,CTA-730949,CLI-53616,2026-06-15 08:41:00,1976164.11,CRC,retiro,sucursal,SJ-002,Préstamo Personal
TXN-00020999,CTA-633767,CLI-55560,2026-06-21 18:32:00,186323.54,CRC,comision,app_movil,SJ-001,Préstamo Hipotecario
TXN-00021000,CTA-292236,CLI-27319,2026-06-27 11:11:00,3783892.43,CRC,retiro,sinpe,CA-001,Cuenta Ahorro
TXN-00021001,CTA-904377,CLI-52629,2026-06-03 17:53:00,3452232.06,CRC,transferencia,sucursal,PU-001,Cuenta Corriente
TXN-00021002,CTA-737026,CLI-72002,2026-06-21 06:39:00,4066780.6,CRC,pago,web,SJ-002,Préstamo Hipotecario
TXN-00021003,CTA-214805,CLI-18695,2026-06-01 23:09:00,38884.67,CRC,retiro,sucursal,CA-001,Préstamo Personal
TXN-00021004,CTA-286548,CLI-83812,2026-06-12 04:10:00,832407.32,CRC,pago,web,PU-001,Préstamo Personal
TXN-00021005,CTA-613269,CLI-63051,2026-06-09 17:12:00,2637936.57,CRC,retiro,app_movil,HE-001,Cuenta Ahorro
TXN-00021006,CTA-413260,CLI-10772,2026-06-23 12:51:00,705599.84,CRC,comision,sucursal,LI-002,Cuenta Ahorro
TXN-00021007,CTA-319783,CLI-32823,2026-06-18 15:46:00,489184.42,CRC,pago,sinpe,SJ-002,Tarjeta Crédito
TXN-00021008,CTA-874622,CLI-23042,2026-06-17 23:19:00,2955491.85,CRC,retiro,sucursal,AL-001,Préstamo Personal
TXN-00021009,CTA-655624,CLI-89307,2026-06-28 11:25:00,2452306.68,CRC,transferencia,web,AL-001,Préstamo Hipotecario
TXN-00021010,CTA-384283,CLI-58614,2026-06-07 08:01:00,4218719.81,CRC,comision,web,LI-002,Préstamo Hipotecario
TXN-00021011,CTA-227945,CLI-20000,2026-06-07 12:21:00,4567490.32,CRC,deposito,sinpe,LI-001,Cuenta Corriente
TXN-00021012,CTA-897866,CLI-76500,2026-06-05 00:35:00,2308048.48,CRC,transferencia,atm,LI-002,Cuenta Corriente
TXN-00021013,CTA-392329,CLI-54282,2026-06-01 05:59:00,4630542.73,CRC,deposito,web,LI-001,Cuenta Corriente
TXN-00021014,CTA-187590,CLI-74821,2026-06-01 08:41:00,3026040.34,CRC,comision,atm,SJ-001,Cuenta Ahorro
TXN-00021015,CTA-714938,CLI-12245,2026-06-21 13:41:00,185589.63,CRC,transferencia,web,AL-001,Tarjeta Crédito
TXN-00021016,CTA-653277,CLI-82328,2026-06-14 11:43:00,3914394.31,CRC,comision,app_movil,HE-001,Préstamo Hipotecario
TXN-00021017,CTA-357123,CLI-34255,2026-06-24 07:54:00,902607.84,CRC,deposito,atm,SJ-001,Cuenta Corriente
TXN-00021018,CTA-717158,CLI-29635,2026-06-23 06:03:00,849856.04,CRC,pago,sinpe,PU-001,Cuenta Ahorro
TXN-00021019,CTA-624443,CLI-83584,2026-06-01 02:36:00,1279089.68,CRC,deposito,sucursal,HE-001,Préstamo Personal
TXN-00021020,CTA-859776,CLI-76604,2026-06-17 07:20:00,1563529.48,CRC,comision,app_movil,HE-001,Cuenta Ahorro
TXN-00021021,CTA-765390,CLI-57960,2026-06-12 06:19:00,3311703.12,CRC,retiro,atm,PU-001,Préstamo Personal
TXN-00021022,CTA-521419,CLI-11457,2026-06-26 03:06:00,1885562.1,CRC,retiro,web,LI-002,Cuenta Ahorro
TXN-00021023,CTA-396108,CLI-98170,2026-06-05 06:02:00,1990727.18,CRC,transferencia,atm,SJ-002,Préstamo Personal
TXN-00021024,CTA-810593,CLI-44847,2026-06-07 22:16:00,4251477.05,CRC,retiro,app_movil,HE-001,Cuenta Ahorro
TXN-00021025,CTA-202055,CLI-88909,2026-06-17 03:52:00,4930895.31,CRC,retiro,app_movil,SJ-001,Cuenta Corriente
TXN-00021026,CTA-869232,CLI-38382,2026-06-22 05:19:00,809727.3,CRC,pago,app_movil,HE-001,Tarjeta Crédito
TXN-00021027,CTA-848373,CLI-38535,2026-06-01 12:18:00,3792044.22,CRC,deposito,sucursal,SJ-001,Préstamo Personal
TXN-00021028,CTA-765172,CLI-38251,2026-06-13 01:43:00,144375.57,CRC,transferencia,app_movil,LI-002,Préstamo Personal
TXN-00021029,CTA-184174,CLI-33254,2026-06-08 00:02:00,4035269.91,CRC,comision,app_movil,SJ-002,Cuenta Corriente
TXN-00021030,CTA-235165,CLI-16576,2026-06-12 18:46:00,2920204.67,CRC,comision,sinpe,SJ-002,Préstamo Personal
TXN-00021031,CTA-236247,CLI-93220,2026-06-26 16:20:00,3338783.61,CRC,retiro,sucursal,LI-002,Tarjeta Crédito
TXN-00021032,CTA-205088,CLI-78558,2026-06-26 10:14:00,4360183.33,CRC,deposito,sinpe,SJ-001,Cuenta Corriente
TXN-00021033,CTA-743268,CLI-38661,2026-06-20 17:05:00,397509.46,CRC,retiro,sucursal,LI-001,Cuenta Corriente
TXN-00021034,CTA-287908,CLI-46255,2026-06-10 09:32:00,1299388.7,CRC,pago,sinpe,LI-002,Cuenta Ahorro
TXN-00021035,CTA-348558,CLI-81340,2026-06-24 16:29:00,2631803.72,CRC,comision,sinpe,PU-001,Préstamo Hipotecario
TXN-00021036,CTA-375147,CLI-68209,2026-06-25 19:12:00,743881.42,CRC,pago,web,CA-001,Préstamo Personal
TXN-00021037,CTA-927832,CLI-77981,2026-06-20 14:17:00,1231647.39,CRC,deposito,sucursal,HE-001,Préstamo Hipotecario
TXN-00021038,CTA-162551,CLI-99434,2026-06-13 21:09:00,2544910.96,CRC,retiro,web,AL-001,Tarjeta Crédito
TXN-00021039,CTA-131882,CLI-75993,2026-06-29 16:07:00,1932487.13,CRC,transferencia,web,LI-001,Cuenta Corriente
TXN-00021040,CTA-703024,CLI-23588,2026-06-18 17:35:00,278024.75,CRC,deposito,sinpe,LI-002,Cuenta Ahorro
TXN-00021041,CTA-622276,CLI-80293,2026-06-01 22:41:00,489999.08,CRC,transferencia,sinpe,AL-001,Tarjeta Crédito
TXN-00021042,CTA-360846,CLI-27208,2026-06-03 07:30:00,2740496.97,CRC,comision,web,LI-002,Tarjeta Crédito
TXN-00021043,CTA-292924,CLI-96457,2026-06-20 09:16:00,2696387.12,CRC,deposito,sucursal,CA-001,Préstamo Personal
TXN-00021044,CTA-697507,CLI-24916,2026-06-18 19:41:00,3647129.73,CRC,transferencia,sucursal,AL-001,Préstamo Personal
TXN-00021045,CTA-316856,CLI-14209,2026-06-16 15:52:00,1145509.86,CRC,deposito,app_movil,SJ-001,Cuenta Ahorro
TXN-00021046,CTA-728653,CLI-15632,2026-06-04 21:09:00,1240767.25,CRC,comision,sucursal,CA-001,Cuenta Ahorro
TXN-00021047,CTA-873393,CLI-14875,2026-06-07 15:51:00,223961.87,CRC,pago,web,HE-001,Cuenta Ahorro
TXN-00021048,CTA-652526,CLI-39268,2026-06-15 09:15:00,1506775.74,CRC,comision,web,LI-001,Cuenta Corriente
TXN-00021049,CTA-993944,CLI-20232,2026-06-29 12:25:00,4229486.84,CRC,retiro,app_movil,AL-001,Cuenta Ahorro
TXN-00021050,CTA-327658,CLI-46424,2026-06-22 14:28:00,250725.87,CRC,retiro,sucursal,SJ-001,Cuenta Ahorro
TXN-00021051,CTA-985011,CLI-68794,2026-06-27 10:28:00,2052573.35,CRC,transferencia,atm,AL-001,Préstamo Hipotecario
TXN-00021052,CTA-559578,CLI-68256,2026-06-11 00:49:00,1254730.13,CRC,retiro,sucursal,PU-001,Tarjeta Crédito
TXN-00021053,CTA-115932,CLI-19226,2026-06-08 08:40:00,4204107.03,CRC,retiro,web,SJ-001,Préstamo Hipotecario
TXN-00021054,CTA-178364,CLI-50901,2026-06-30 22:15:00,1400705.42,CRC,transferencia,web,SJ-001,Cuenta Ahorro
TXN-00021055,CTA-756939,CLI-77322,2026-06-21 22:24:00,1070929.78,CRC,transferencia,sucursal,SJ-001,Tarjeta Crédito
TXN-00021056,CTA-281035,CLI-25961,2026-06-01 10:26:00,3868113.5,CRC,deposito,sucursal,LI-001,Préstamo Personal
TXN-00021057,CTA-771140,CLI-82277,2026-06-30 22:42:00,4202947.56,CRC,comision,web,AL-001,Préstamo Hipotecario
TXN-00021058,CTA-853919,CLI-64733,2026-06-30 23:46:00,4662019.73,CRC,comision,web,SJ-001,Préstamo Personal
TXN-00021059,CTA-441505,CLI-42593,2026-06-10 14:56:00,2457369.44,CRC,deposito,atm,LI-001,Tarjeta Crédito
TXN-00021060,CTA-736941,CLI-34254,2026-06-07 09:24:00,2037250.04,CRC,transferencia,sucursal,LI-001,Préstamo Personal
TXN-00021061,CTA-927358,CLI-71170,2026-06-03 21:25:00,4472067.71,CRC,pago,sucursal,SJ-001,Cuenta Ahorro
TXN-00021062,CTA-762093,CLI-13539,2026-06-21 03:03:00,524008.33,CRC,comision,app_movil,CA-001,Tarjeta Crédito
TXN-00021063,CTA-400268,CLI-92272,2026-06-01 08:05:00,1355272.52,CRC,retiro,app_movil,HE-001,Cuenta Ahorro
TXN-00021064,CTA-697119,CLI-13049,2026-06-27 09:18:00,4051682.31,CRC,comision,sinpe,SJ-002,Préstamo Personal
TXN-00021065,CTA-393055,CLI-31251,2026-06-19 14:57:00,4485871.96,CRC,pago,sucursal,AL-001,Préstamo Personal
TXN-00021066,CTA-735397,CLI-40734,2026-06-10 19:29:00,795605.56,CRC,retiro,app_movil,CA-001,Préstamo Hipotecario
TXN-00021067,CTA-220094,CLI-25044,2026-06-26 09:28:00,4752007.03,CRC,comision,app_movil,PU-001,Cuenta Ahorro
TXN-00021068,CTA-805246,CLI-50191,2026-06-28 17:47:00,488400.01,CRC,comision,atm,SJ-002,Tarjeta Crédito
TXN-00021069,CTA-762323,CLI-16905,2026-06-26 22:00:00,1547298.6,CRC,retiro,web,HE-001,Cuenta Corriente
TXN-00021070,CTA-736992,CLI-99366,2026-06-17 01:06:00,2796198.05,CRC,comision,app_movil,HE-001,Tarjeta Crédito
TXN-00021071,CTA-957594,CLI-54424,2026-06-30 15:28:00,423948.92,CRC,deposito,sinpe,PU-001,Cuenta Ahorro
TXN-00021072,CTA-793148,CLI-39695,2026-06-10 10:48:00,1311130.18,CRC,pago,web,SJ-002,Cuenta Ahorro
TXN-00021073,CTA-565435,CLI-41260,2026-06-20 12:16:00,3146674.82,CRC,retiro,web,CA-001,Tarjeta Crédito
TXN-00021074,CTA-924935,CLI-45440,2026-06-15 04:58:00,422860.71,CRC,transferencia,web,LI-002,Cuenta Ahorro
TXN-00021075,CTA-330011,CLI-67190,2026-06-26 21:37:00,2154455.66,CRC,retiro,web,LI-002,Préstamo Personal
TXN-00021076,CTA-522081,CLI-44355,2026-06-09 19:50:00,1832818.0,CRC,transferencia,atm,SJ-002,Préstamo Hipotecario
TXN-00021077,CTA-847101,CLI-96880,2026-06-17 03:36:00,2264836.47,CRC,transferencia,app_movil,SJ-001,Tarjeta Crédito
TXN-00021078,CTA-308032,CLI-65061,2026-06-04 23:28:00,3937687.09,CRC,deposito,app_movil,LI-001,Cuenta Corriente
TXN-00021079,CTA-111366,CLI-62031,2026-06-14 16:35:00,2786077.73,CRC,pago,sinpe,SJ-002,Tarjeta Crédito
TXN-00021080,CTA-939760,CLI-12886,2026-06-13 13:51:00,1572864.01,CRC,transferencia,app_movil,HE-001,Préstamo Hipotecario
TXN-00021081,CTA-742544,CLI-19334,2026-06-28 03:27:00,4070282.9,CRC,retiro,sucursal,PU-001,Préstamo Personal
TXN-00021082,CTA-489112,CLI-27797,2026-06-24 08:46:00,4043446.9,CRC,retiro,app_movil,HE-001,Cuenta Ahorro
TXN-00021083,CTA-103941,CLI-30782,2026-06-28 02:40:00,1906226.18,CRC,pago,atm,SJ-001,Préstamo Hipotecario
TXN-00021084,CTA-408767,CLI-84020,2026-06-01 18:29:00,216144.73,CRC,pago,atm,PU-001,Cuenta Corriente
TXN-00021085,CTA-498987,CLI-96093,2026-06-18 17:59:00,4136779.72,CRC,deposito,sinpe,PU-001,Préstamo Hipotecario
TXN-00021086,CTA-688311,CLI-33500,2026-06-06 11:25:00,448626.63,CRC,retiro,sucursal,SJ-001,Tarjeta Crédito
TXN-00021087,CTA-290354,CLI-31726,2026-06-23 02:30:00,210330.4,CRC,pago,atm,AL-001,Cuenta Ahorro
TXN-00021088,CTA-918433,CLI-24931,2026-06-05 07:14:00,1778039.29,CRC,transferencia,sucursal,PU-001,Cuenta Ahorro
TXN-00021089,CTA-195964,CLI-56414,2026-06-06 20:01:00,3118931.12,CRC,retiro,sucursal,AL-001,Tarjeta Crédito
TXN-00021090,CTA-436204,CLI-80231,2026-06-12 09:05:00,2820791.66,CRC,deposito,sinpe,CA-001,Tarjeta Crédito
TXN-00021091,CTA-351329,CLI-28108,2026-06-18 01:03:00,2890693.18,CRC,pago,app_movil,AL-001,Tarjeta Crédito
TXN-00021092,CTA-333516,CLI-94585,2026-06-24 04:46:00,1229174.17,CRC,deposito,app_movil,AL-001,Préstamo Hipotecario
TXN-00021093,CTA-775632,CLI-84617,2026-06-30 16:15:00,3978655.08,CRC,deposito,sinpe,SJ-001,Préstamo Personal
TXN-00021094,CTA-110850,CLI-49097,2026-06-05 11:16:00,1951025.31,CRC,deposito,app_movil,SJ-002,Tarjeta Crédito
TXN-00021095,CTA-811651,CLI-15332,2026-06-08 08:32:00,400674.11,CRC,deposito,sinpe,LI-001,Cuenta Ahorro
TXN-00021096,CTA-224131,CLI-80158,2026-06-03 01:13:00,4164372.01,CRC,retiro,app_movil,SJ-002,Préstamo Personal
TXN-00021097,CTA-123887,CLI-71605,2026-06-18 15:08:00,2053925.48,CRC,deposito,app_movil,SJ-002,Cuenta Ahorro
TXN-00021098,CTA-825078,CLI-54375,2026-06-26 20:23:00,3773264.06,CRC,transferencia,app_movil,LI-002,Cuenta Corriente
TXN-00021099,CTA-896347,CLI-34048,2026-06-18 04:13:00,399814.07,CRC,comision,web,LI-001,Cuenta Corriente
TXN-00021100,CTA-997605,CLI-46395,2026-06-06 02:43:00,3398657.07,CRC,transferencia,web,SJ-002,Tarjeta Crédito
TXN-00021101,CTA-672308,CLI-11331,2026-06-25 13:49:00,2503870.52,CRC,deposito,sucursal,SJ-001,Cuenta Ahorro
TXN-00021102,CTA-504983,CLI-83722,2026-06-07 02:14:00,3268893.39,CRC,comision,web,SJ-001,Tarjeta Crédito
TXN-00021103,CTA-192752,CLI-86534,2026-06-27 02:23:00,3215958.27,CRC,retiro,web,LI-001,Cuenta Ahorro
TXN-00021104,CTA-532369,CLI-41017,2026-06-12 23:53:00,2397098.19,CRC,deposito,atm,CA-001,Préstamo Personal
TXN-00021105,CTA-421023,CLI-16707,2026-06-26 09:43:00,1771701.87,CRC,transferencia,web,LI-001,Tarjeta Crédito
TXN-00021106,CTA-532813,CLI-25706,2026-06-23 14:56:00,345545.86,CRC,comision,sinpe,HE-001,Cuenta Corriente
TXN-00021107,CTA-403918,CLI-69961,2026-06-12 06:07:00,4865920.02,CRC,deposito,app_movil,HE-001,Préstamo Hipotecario
TXN-00021108,CTA-461507,CLI-10419,2026-06-29 18:48:00,3230066.06,CRC,retiro,app_movil,HE-001,Préstamo Hipotecario
TXN-00021109,CTA-635902,CLI-27159,2026-06-29 16:30:00,4185101.95,CRC,retiro,web,PU-001,Préstamo Personal
TXN-00021110,CTA-274898,CLI-82201,2026-06-19 20:15:00,1978814.87,CRC,pago,web,HE-001,Tarjeta Crédito
TXN-00021111,CTA-800150,CLI-56308,2026-06-17 17:41:00,3187814.46,CRC,pago,web,LI-002,Cuenta Ahorro
TXN-00021112,CTA-102482,CLI-28750,2026-06-21 03:07:00,4455330.76,CRC,comision,sinpe,SJ-002,Cuenta Corriente
TXN-00021113,CTA-461558,CLI-67785,2026-06-14 08:26:00,3453684.31,CRC,deposito,sucursal,SJ-001,Cuenta Ahorro
TXN-00021114,CTA-464778,CLI-86645,2026-06-18 00:33:00,832437.34,CRC,comision,app_movil,HE-001,Préstamo Hipotecario
TXN-00021115,CTA-149186,CLI-12421,2026-06-04 12:19:00,43464.3,CRC,pago,web,CA-001,Préstamo Personal
TXN-00021116,CTA-356523,CLI-26297,2026-06-09 23:33:00,1743420.35,CRC,pago,sinpe,PU-001,Cuenta Ahorro
TXN-00021117,CTA-167883,CLI-55165,2026-06-28 18:09:00,1135509.85,CRC,deposito,atm,PU-001,Cuenta Corriente
TXN-00021118,CTA-748888,CLI-89392,2026-06-16 17:40:00,1278743.94,CRC,retiro,sinpe,LI-001,Préstamo Personal
TXN-00021119,CTA-601435,CLI-29545,2026-06-15 05:56:00,4506988.77,CRC,deposito,app_movil,CA-001,Tarjeta Crédito
TXN-00021120,CTA-296941,CLI-91568,2026-06-10 00:43:00,4289579.64,CRC,retiro,sinpe,PU-001,Préstamo Hipotecario
TXN-00021121,CTA-454204,CLI-97440,2026-06-02 23:49:00,924184.86,CRC,retiro,sinpe,PU-001,Tarjeta Crédito
TXN-00021122,CTA-274075,CLI-93709,2026-06-23 18:35:00,3859969.58,CRC,transferencia,app_movil,LI-002,Cuenta Corriente
TXN-00021123,CTA-741376,CLI-46449,2026-06-19 15:49:00,697458.14,CRC,transferencia,sucursal,PU-001,Cuenta Ahorro
TXN-00021124,CTA-405082,CLI-53898,2026-06-24 01:48:00,3507546.28,CRC,comision,sucursal,PU-001,Tarjeta Crédito
TXN-00021125,CTA-607926,CLI-37038,2026-06-24 10:07:00,891666.45,CRC,retiro,web,AL-001,Préstamo Hipotecario
TXN-00021126,CTA-177741,CLI-76163,2026-06-12 11:17:00,418178.67,CRC,deposito,sucursal,LI-001,Tarjeta Crédito
TXN-00021127,CTA-608082,CLI-98397,2026-06-13 18:53:00,446666.49,CRC,comision,atm,SJ-002,Cuenta Corriente
TXN-00021128,CTA-285345,CLI-70187,2026-06-28 09:54:00,3408698.9,CRC,deposito,web,LI-002,Cuenta Ahorro
TXN-00021129,CTA-226790,CLI-57775,2026-06-20 23:38:00,2072411.68,CRC,deposito,app_movil,LI-001,Cuenta Ahorro
TXN-00021130,CTA-755236,CLI-90119,2026-06-08 17:10:00,743934.07,CRC,pago,sinpe,LI-001,Tarjeta Crédito
TXN-00021131,CTA-757836,CLI-26604,2026-06-19 11:30:00,1916246.49,CRC,deposito,sucursal,SJ-002,Cuenta Corriente
TXN-00021132,CTA-424680,CLI-73193,2026-06-17 21:24:00,4306625.29,CRC,transferencia,sinpe,SJ-002,Cuenta Ahorro
TXN-00021133,CTA-701599,CLI-75591,2026-06-20 06:07:00,2465044.99,CRC,transferencia,atm,HE-001,Tarjeta Crédito
TXN-00021134,CTA-103327,CLI-94234,2026-06-07 16:37:00,3768575.88,CRC,comision,web,AL-001,Préstamo Hipotecario
TXN-00021135,CTA-900472,CLI-39813,2026-06-05 16:21:00,3206217.11,CRC,comision,sinpe,CA-001,Cuenta Ahorro
TXN-00021136,CTA-675063,CLI-39809,2026-06-04 07:35:00,1910186.61,CRC,deposito,sucursal,HE-001,Préstamo Hipotecario
TXN-00021137,CTA-427402,CLI-75405,2026-06-08 22:00:00,4613660.45,CRC,deposito,sinpe,SJ-001,Cuenta Corriente
TXN-00021138,CTA-214088,CLI-33841,2026-06-23 08:41:00,3352997.27,CRC,transferencia,atm,LI-001,Tarjeta Crédito
TXN-00021139,CTA-670897,CLI-63906,2026-06-29 14:02:00,3963289.01,CRC,comision,app_movil,PU-001,Tarjeta Crédito
TXN-00021140,CTA-534243,CLI-22269,2026-06-15 19:37:00,3351775.66,CRC,retiro,sucursal,CA-001,Préstamo Hipotecario
TXN-00021141,CTA-345396,CLI-53718,2026-06-09 00:08:00,2238056.37,CRC,transferencia,app_movil,SJ-002,Tarjeta Crédito
TXN-00021142,CTA-225258,CLI-36142,2026-06-11 07:31:00,4284816.48,CRC,pago,sucursal,SJ-002,Préstamo Hipotecario
TXN-00021143,CTA-576704,CLI-83440,2026-06-20 23:39:00,3484629.04,CRC,transferencia,app_movil,SJ-002,Cuenta Ahorro
TXN-00021144,CTA-417025,CLI-86991,2026-06-24 08:53:00,789238.82,CRC,pago,sucursal,SJ-002,Préstamo Personal
TXN-00021145,CTA-216819,CLI-44478,2026-06-27 13:12:00,4236635.11,CRC,retiro,web,LI-002,Préstamo Personal
TXN-00021146,CTA-309342,CLI-15719,2026-06-20 08:30:00,4263530.13,CRC,transferencia,atm,PU-001,Tarjeta Crédito
TXN-00021147,CTA-981895,CLI-93194,2026-06-20 09:21:00,1741917.88,CRC,transferencia,app_movil,SJ-002,Préstamo Personal
TXN-00021148,CTA-537757,CLI-74407,2026-06-23 07:19:00,265864.33,CRC,retiro,sucursal,SJ-001,Cuenta Corriente
TXN-00021149,CTA-876554,CLI-94412,2026-06-27 07:32:00,3306479.05,CRC,deposito,sucursal,AL-001,Préstamo Personal
TXN-00021150,CTA-313960,CLI-51811,2026-06-01 02:47:00,4604078.7,CRC,comision,atm,CA-001,Préstamo Hipotecario
TXN-00021151,CTA-385790,CLI-68974,2026-06-21 14:18:00,809713.89,CRC,transferencia,sinpe,SJ-002,Cuenta Ahorro
TXN-00021152,CTA-199468,CLI-85575,2026-06-13 08:38:00,1039288.03,CRC,pago,sucursal,PU-001,Cuenta Corriente
TXN-00021153,CTA-733887,CLI-13373,2026-06-26 10:05:00,1242330.25,CRC,retiro,atm,PU-001,Préstamo Hipotecario
TXN-00021154,CTA-566948,CLI-19046,2026-06-03 14:38:00,507021.5,CRC,pago,sinpe,PU-001,Préstamo Personal
TXN-00021155,CTA-841080,CLI-85057,2026-06-13 21:14:00,728014.49,CRC,transferencia,sucursal,LI-002,Cuenta Corriente
TXN-00021156,CTA-617301,CLI-62830,2026-06-22 06:51:00,974744.81,CRC,comision,sinpe,LI-002,Tarjeta Crédito
TXN-00021157,CTA-435529,CLI-40663,2026-06-28 18:04:00,3463961.54,CRC,transferencia,app_movil,AL-001,Cuenta Ahorro
TXN-00021158,CTA-414343,CLI-43720,2026-06-11 16:20:00,2895666.76,CRC,retiro,web,SJ-001,Préstamo Hipotecario
TXN-00021159,CTA-547555,CLI-92178,2026-06-22 09:32:00,2427345.91,CRC,comision,app_movil,LI-001,Préstamo Personal
TXN-00021160,CTA-620896,CLI-90328,2026-06-26 07:02:00,2926383.76,CRC,deposito,atm,HE-001,Préstamo Hipotecario
TXN-00021161,CTA-572735,CLI-93781,2026-06-17 21:06:00,469692.42,CRC,transferencia,atm,HE-001,Préstamo Hipotecario
TXN-00021162,CTA-113707,CLI-76806,2026-06-26 03:21:00,3792202.22,CRC,transferencia,sinpe,AL-001,Tarjeta Crédito
TXN-00021163,CTA-538523,CLI-95610,2026-06-04 15:00:00,739622.62,CRC,transferencia,sinpe,SJ-002,Cuenta Corriente
TXN-00021164,CTA-499279,CLI-33273,2026-06-05 05:01:00,4733627.38,CRC,transferencia,sucursal,AL-001,Cuenta Ahorro
TXN-00021165,CTA-830796,CLI-50942,2026-06-29 11:55:00,4250562.92,CRC,retiro,sinpe,CA-001,Préstamo Hipotecario
TXN-00021166,CTA-975363,CLI-52715,2026-06-30 10:20:00,4106591.54,CRC,pago,atm,AL-001,Préstamo Hipotecario
TXN-00021167,CTA-267626,CLI-44714,2026-06-05 12:30:00,1222824.62,CRC,retiro,web,LI-002,Préstamo Hipotecario
TXN-00021168,CTA-981010,CLI-44309,2026-06-22 02:12:00,3897031.11,CRC,comision,sucursal,SJ-002,Cuenta Ahorro
TXN-00021169,CTA-233902,CLI-65465,2026-06-14 11:07:00,2527149.11,CRC,deposito,sinpe,HE-001,Préstamo Hipotecario
TXN-00021170,CTA-538994,CLI-50320,2026-06-06 09:40:00,698864.22,CRC,transferencia,atm,HE-001,Préstamo Hipotecario
TXN-00021171,CTA-614585,CLI-56937,2026-06-06 11:26:00,2249966.63,CRC,deposito,sinpe,LI-002,Cuenta Ahorro
TXN-00021172,CTA-807558,CLI-39984,2026-06-09 05:17:00,1159387.01,CRC,deposito,app_movil,HE-001,Cuenta Ahorro
TXN-00021173,CTA-827902,CLI-70336,2026-06-18 09:08:00,4946426.64,CRC,comision,atm,CA-001,Préstamo Personal
TXN-00021174,CTA-618131,CLI-81071,2026-06-17 11:37:00,2914259.23,CRC,transferencia,web,AL-001,Cuenta Corriente
TXN-00021175,CTA-174977,CLI-91056,2026-06-16 15:16:00,548810.58,CRC,transferencia,atm,SJ-002,Préstamo Personal
TXN-00021176,CTA-300209,CLI-84347,2026-06-06 18:06:00,1222853.52,CRC,transferencia,sucursal,SJ-002,Préstamo Personal
TXN-00021177,CTA-370159,CLI-29661,2026-06-23 10:48:00,65578.39,CRC,comision,atm,LI-001,Cuenta Ahorro
TXN-00021178,CTA-250962,CLI-56276,2026-06-27 07:07:00,4802301.39,CRC,retiro,app_movil,HE-001,Préstamo Hipotecario
TXN-00021179,CTA-825626,CLI-17924,2026-06-22 00:23:00,1564814.09,CRC,transferencia,sinpe,SJ-001,Cuenta Corriente
TXN-00021180,CTA-852891,CLI-96893,2026-06-29 16:42:00,4218610.16,CRC,retiro,atm,SJ-002,Préstamo Hipotecario
TXN-00021181,CTA-846898,CLI-27261,2026-06-13 09:14:00,4538679.37,CRC,retiro,atm,HE-001,Cuenta Corriente
TXN-00021182,CTA-657484,CLI-66038,2026-06-23 17:56:00,996394.09,CRC,transferencia,web,SJ-002,Cuenta Ahorro
TXN-00021183,CTA-454464,CLI-68830,2026-06-23 18:00:00,4036771.76,CRC,pago,web,HE-001,Tarjeta Crédito
TXN-00021184,CTA-441403,CLI-65852,2026-06-14 05:49:00,4716813.39,CRC,deposito,sucursal,AL-001,Préstamo Personal
TXN-00021185,CTA-959824,CLI-13081,2026-06-08 09:03:00,2325753.22,CRC,deposito,atm,PU-001,Cuenta Corriente
TXN-00021186,CTA-245635,CLI-97168,2026-06-20 16:50:00,2657011.59,CRC,pago,atm,PU-001,Cuenta Corriente
TXN-00021187,CTA-778116,CLI-55060,2026-06-19 13:10:00,369756.2,CRC,deposito,sucursal,AL-001,Cuenta Corriente
TXN-00021188,CTA-194450,CLI-50369,2026-06-17 14:36:00,3946916.24,CRC,retiro,web,LI-001,Cuenta Corriente
TXN-00021189,CTA-948784,CLI-79219,2026-06-28 13:24:00,2895923.25,CRC,retiro,atm,AL-001,Cuenta Ahorro
TXN-00021190,CTA-401488,CLI-88679,2026-06-17 12:06:00,3509231.96,CRC,pago,atm,HE-001,Tarjeta Crédito
TXN-00021191,CTA-943827,CLI-56767,2026-06-03 20:02:00,1300440.71,CRC,pago,app_movil,AL-001,Préstamo Personal
TXN-00021192,CTA-295196,CLI-43290,2026-06-08 03:29:00,361878.15,CRC,pago,sinpe,CA-001,Préstamo Personal
TXN-00021193,CTA-930559,CLI-75177,2026-06-29 20:07:00,3727821.21,CRC,pago,web,CA-001,Cuenta Corriente
TXN-00021194,CTA-295722,CLI-91925,2026-06-07 12:06:00,3525249.63,CRC,comision,atm,PU-001,Préstamo Hipotecario
TXN-00021195,CTA-475419,CLI-16989,2026-06-29 17:50:00,3932713.94,CRC,deposito,atm,AL-001,Préstamo Personal
TXN-00021196,CTA-736264,CLI-31722,2026-06-24 21:09:00,1030905.51,CRC,retiro,sucursal,SJ-002,Cuenta Ahorro
TXN-00021197,CTA-101959,CLI-54617,2026-06-02 20:22:00,2405465.2,CRC,pago,app_movil,CA-001,Préstamo Personal
TXN-00021198,CTA-557526,CLI-79505,2026-06-09 17:49:00,1885870.13,CRC,pago,web,LI-001,Préstamo Hipotecario
TXN-00021199,CTA-378415,CLI-12060,2026-06-17 20:20:00,2463227.36,CRC,transferencia,sucursal,AL-001,Cuenta Ahorro
TXN-00021200,CTA-543184,CLI-52583,2026-06-28 10:48:00,799998.89,CRC,retiro,web,CA-001,Tarjeta Crédito
TXN-00021201,CTA-779206,CLI-52572,2026-06-14 21:56:00,1349624.14,CRC,pago,sucursal,LI-002,Tarjeta Crédito
TXN-00021202,CTA-528269,CLI-43360,2026-06-04 08:25:00,4288990.89,CRC,retiro,sucursal,PU-001,Cuenta Corriente
TXN-00021203,CTA-113033,CLI-11138,2026-06-12 03:37:00,682856.2,CRC,deposito,sinpe,SJ-002,Tarjeta Crédito
TXN-00021204,CTA-123077,CLI-46731,2026-06-11 20:09:00,4078085.54,CRC,pago,sinpe,SJ-001,Cuenta Ahorro
TXN-00021205,CTA-277662,CLI-85141,2026-06-21 12:34:00,4494039.76,CRC,deposito,web,LI-002,Préstamo Hipotecario
TXN-00021206,CTA-535643,CLI-88872,2026-06-23 04:56:00,977957.73,CRC,pago,sucursal,HE-001,Tarjeta Crédito
TXN-00021207,CTA-268004,CLI-97078,2026-06-07 20:16:00,3841675.58,CRC,retiro,app_movil,HE-001,Cuenta Corriente
TXN-00021208,CTA-807960,CLI-78768,2026-06-22 10:16:00,2854362.11,CRC,transferencia,web,LI-001,Tarjeta Crédito
TXN-00021209,CTA-780463,CLI-76031,2026-06-04 23:52:00,3132033.33,CRC,transferencia,web,SJ-001,Cuenta Ahorro
TXN-00021210,CTA-180675,CLI-69876,2026-06-16 13:46:00,508929.05,CRC,deposito,app_movil,CA-001,Tarjeta Crédito
TXN-00021211,CTA-350726,CLI-19735,2026-06-08 00:55:00,3131606.32,CRC,comision,sucursal,CA-001,Préstamo Personal
TXN-00021212,CTA-381548,CLI-72970,2026-06-03 15:11:00,1324143.54,CRC,retiro,web,CA-001,Préstamo Personal
TXN-00021213,CTA-274273,CLI-53985,2026-06-22 22:02:00,3734059.09,CRC,retiro,sinpe,PU-001,Préstamo Hipotecario
TXN-00021214,CTA-132946,CLI-42175,2026-06-05 15:59:00,729404.21,CRC,pago,sinpe,PU-001,Préstamo Personal
TXN-00021215,CTA-762869,CLI-97735,2026-06-15 02:08:00,4529120.51,CRC,comision,sucursal,AL-001,Préstamo Hipotecario
TXN-00021216,CTA-301505,CLI-76335,2026-06-30 13:47:00,65345.55,CRC,transferencia,sinpe,LI-002,Tarjeta Crédito
TXN-00021217,CTA-349443,CLI-89393,2026-06-01 12:50:00,3946773.72,CRC,retiro,sinpe,PU-001,Tarjeta Crédito
TXN-00021218,CTA-250051,CLI-52124,2026-06-29 07:56:00,2102831.16,CRC,deposito,sinpe,SJ-001,Tarjeta Crédito
TXN-00021219,CTA-994337,CLI-63676,2026-06-25 13:20:00,2474148.0,CRC,pago,web,HE-001,Tarjeta Crédito
TXN-00021220,CTA-853584,CLI-23447,2026-06-15 16:46:00,4150116.26,CRC,retiro,app_movil,HE-001,Cuenta Corriente
TXN-00021221,CTA-135038,CLI-49104,2026-06-25 12:31:00,4142064.5,CRC,transferencia,atm,LI-001,Tarjeta Crédito
TXN-00021222,CTA-337890,CLI-73945,2026-06-23 13:21:00,2663208.33,CRC,transferencia,app_movil,LI-002,Cuenta Corriente
TXN-00021223,CTA-556361,CLI-73852,2026-06-09 14:24:00,2452063.24,CRC,retiro,web,LI-001,Cuenta Ahorro
TXN-00021224,CTA-743323,CLI-84344,2026-06-22 13:39:00,2982970.73,CRC,retiro,atm,CA-001,Tarjeta Crédito
TXN-00021225,CTA-375516,CLI-99596,2026-06-29 06:55:00,1330578.24,CRC,pago,app_movil,LI-001,Cuenta Ahorro
TXN-00021226,CTA-423441,CLI-42094,2026-06-06 22:00:00,4384447.03,CRC,deposito,atm,SJ-001,Cuenta Ahorro
TXN-00021227,CTA-867025,CLI-65199,2026-06-10 12:28:00,1610714.79,CRC,comision,sucursal,SJ-001,Cuenta Ahorro
TXN-00021228,CTA-451040,CLI-82907,2026-06-01 11:05:00,4241614.33,CRC,retiro,sucursal,SJ-001,Cuenta Corriente
TXN-00021229,CTA-176581,CLI-12347,2026-06-15 09:38:00,2309738.74,CRC,comision,app_movil,AL-001,Tarjeta Crédito
TXN-00021230,CTA-415295,CLI-17545,2026-06-17 14:10:00,2091697.08,CRC,deposito,atm,PU-001,Préstamo Personal
TXN-00021231,CTA-270079,CLI-65174,2026-06-14 02:27:00,1490845.35,CRC,deposito,app_movil,SJ-001,Cuenta Ahorro
TXN-00021232,CTA-269855,CLI-81078,2026-06-13 02:43:00,4860038.02,CRC,transferencia,app_movil,SJ-002,Tarjeta Crédito
TXN-00021233,CTA-172877,CLI-39255,2026-06-05 09:41:00,1184127.4,CRC,retiro,web,SJ-001,Préstamo Hipotecario
TXN-00021234,CTA-667440,CLI-44345,2026-06-15 18:06:00,1118625.26,CRC,retiro,sinpe,SJ-002,Tarjeta Crédito
TXN-00021235,CTA-711617,CLI-23105,2026-06-19 02:26:00,2783362.18,CRC,deposito,web,AL-001,Tarjeta Crédito
TXN-00021236,CTA-555432,CLI-27698,2026-06-09 00:57:00,17668.37,CRC,transferencia,app_movil,PU-001,Préstamo Personal
TXN-00021237,CTA-741630,CLI-90159,2026-06-30 05:50:00,2037737.95,CRC,comision,sinpe,LI-002,Préstamo Personal
TXN-00021238,CTA-529078,CLI-84271,2026-06-03 16:38:00,3787882.2,CRC,pago,app_movil,CA-001,Tarjeta Crédito
TXN-00021239,CTA-958795,CLI-44469,2026-06-08 10:31:00,4145223.66,CRC,pago,app_movil,PU-001,Préstamo Hipotecario
TXN-00021240,CTA-524369,CLI-34373,2026-06-29 22:47:00,1555091.03,CRC,pago,web,LI-002,Tarjeta Crédito
TXN-00021241,CTA-131726,CLI-63229,2026-06-07 20:03:00,1423384.12,CRC,deposito,sucursal,LI-001,Préstamo Hipotecario
TXN-00021242,CTA-164900,CLI-29038,2026-06-14 14:45:00,55454.48,CRC,pago,sucursal,CA-001,Cuenta Corriente
TXN-00021243,CTA-743540,CLI-10298,2026-06-06 12:43:00,2671348.3,CRC,deposito,sinpe,LI-002,Cuenta Corriente
TXN-00021244,CTA-158492,CLI-34191,2026-06-02 03:22:00,4490504.25,CRC,comision,sucursal,PU-001,Tarjeta Crédito
TXN-00021245,CTA-137411,CLI-42581,2026-06-30 19:34:00,3783546.7,CRC,pago,atm,SJ-002,Préstamo Hipotecario
TXN-00021246,CTA-640453,CLI-55037,2026-06-30 13:36:00,2487898.85,CRC,transferencia,sinpe,SJ-002,Tarjeta Crédito
TXN-00021247,CTA-415707,CLI-40301,2026-06-11 07:21:00,2441994.77,CRC,deposito,atm,LI-002,Cuenta Ahorro
TXN-00021248,CTA-293264,CLI-87504,2026-06-05 03:22:00,75567.82,CRC,deposito,web,SJ-001,Préstamo Hipotecario
TXN-00021249,CTA-489742,CLI-14647,2026-06-04 12:48:00,2839674.27,CRC,deposito,web,CA-001,Préstamo Personal
TXN-00021250,CTA-627759,CLI-82958,2026-06-10 18:05:00,3784042.75,CRC,retiro,sinpe,SJ-002,Cuenta Ahorro
TXN-00021251,CTA-914864,CLI-69434,2026-06-14 08:40:00,4835411.98,CRC,retiro,atm,PU-001,Préstamo Hipotecario
TXN-00021252,CTA-906655,CLI-15317,2026-06-01 06:48:00,3270928.28,CRC,comision,atm,HE-001,Tarjeta Crédito
TXN-00021253,CTA-994206,CLI-29650,2026-06-05 14:06:00,4241893.96,CRC,comision,sinpe,LI-002,Préstamo Personal
TXN-00021254,CTA-865987,CLI-60835,2026-06-10 20:13:00,2936745.11,CRC,pago,atm,PU-001,Préstamo Hipotecario
TXN-00021255,CTA-613707,CLI-76246,2026-06-28 01:50:00,3867496.63,CRC,deposito,app_movil,CA-001,Cuenta Ahorro
TXN-00021256,CTA-433117,CLI-10830,2026-06-29 12:33:00,326300.13,CRC,retiro,atm,AL-001,Cuenta Corriente
TXN-00021257,CTA-775922,CLI-57740,2026-06-13 19:29:00,879394.27,CRC,retiro,atm,LI-001,Préstamo Hipotecario
TXN-00021258,CTA-565004,CLI-56248,2026-06-07 17:30:00,3019360.43,CRC,deposito,sinpe,SJ-001,Préstamo Personal
TXN-00021259,CTA-258792,CLI-21464,2026-06-13 18:20:00,3047345.59,CRC,deposito,sucursal,SJ-002,Cuenta Ahorro
TXN-00021260,CTA-422866,CLI-61108,2026-06-16 21:38:00,2129804.35,CRC,retiro,atm,CA-001,Cuenta Corriente
TXN-00021261,CTA-401872,CLI-69942,2026-06-08 19:32:00,797407.36,CRC,comision,web,SJ-002,Préstamo Personal
TXN-00021262,CTA-858643,CLI-72432,2026-06-16 19:19:00,1257778.52,CRC,comision,app_movil,LI-002,Tarjeta Crédito
TXN-00021263,CTA-571449,CLI-67160,2026-06-05 18:07:00,2282157.08,CRC,pago,sucursal,LI-001,Cuenta Corriente
TXN-00021264,CTA-632501,CLI-61427,2026-06-25 11:23:00,1597846.09,CRC,transferencia,web,LI-002,Préstamo Personal
TXN-00021265,CTA-681278,CLI-74474,2026-06-04 11:30:00,291698.52,CRC,pago,sinpe,AL-001,Cuenta Ahorro
TXN-00021266,CTA-326562,CLI-60882,2026-06-07 13:48:00,2854109.2,CRC,deposito,web,SJ-001,Tarjeta Crédito
TXN-00021267,CTA-213012,CLI-11869,2026-06-11 07:43:00,1979705.05,CRC,comision,sucursal,LI-002,Tarjeta Crédito
TXN-00021268,CTA-559414,CLI-50064,2026-06-24 06:00:00,3274518.94,CRC,transferencia,sinpe,SJ-001,Cuenta Corriente
TXN-00021269,CTA-846515,CLI-31886,2026-06-27 12:43:00,3752891.08,CRC,comision,web,SJ-001,Tarjeta Crédito
TXN-00021270,CTA-557832,CLI-69929,2026-06-02 07:07:00,3931889.65,CRC,retiro,web,LI-001,Cuenta Ahorro
TXN-00021271,CTA-914656,CLI-22966,2026-06-04 17:39:00,2607848.23,CRC,transferencia,sinpe,AL-001,Préstamo Hipotecario
TXN-00021272,CTA-787885,CLI-90081,2026-06-30 04:18:00,4572363.66,CRC,pago,atm,SJ-002,Préstamo Hipotecario
TXN-00021273,CTA-798087,CLI-30157,2026-06-29 07:06:00,1762177.38,CRC,retiro,app_movil,HE-001,Cuenta Ahorro
TXN-00021274,CTA-455545,CLI-78971,2026-06-06 00:59:00,1436833.18,CRC,comision,web,SJ-002,Préstamo Hipotecario
TXN-00021275,CTA-713749,CLI-39271,2026-06-14 20:55:00,4440988.68,CRC,retiro,sucursal,AL-001,Cuenta Ahorro
TXN-00021276,CTA-770451,CLI-22018,2026-06-01 15:33:00,1320180.95,CRC,retiro,app_movil,LI-002,Préstamo Personal
TXN-00021277,CTA-286276,CLI-98078,2026-06-22 16:40:00,429908.47,CRC,deposito,atm,SJ-001,Préstamo Hipotecario
TXN-00021278,CTA-319981,CLI-45016,2026-06-05 17:40:00,4046610.78,CRC,pago,sucursal,HE-001,Préstamo Hipotecario
TXN-00021279,CTA-827777,CLI-58598,2026-06-11 19:37:00,4783477.67,CRC,retiro,sucursal,SJ-001,Cuenta Corriente
TXN-00021280,CTA-922751,CLI-78637,2026-06-20 07:37:00,461570.52,CRC,pago,web,LI-002,Cuenta Ahorro
TXN-00021281,CTA-371553,CLI-64055,2026-06-07 23:47:00,3368109.68,CRC,retiro,sinpe,HE-001,Préstamo Personal
TXN-00021282,CTA-314652,CLI-95078,2026-06-24 13:47:00,3573764.57,CRC,retiro,web,SJ-002,Cuenta Corriente
TXN-00021283,CTA-833346,CLI-17029,2026-06-29 09:56:00,2620244.65,CRC,retiro,atm,HE-001,Préstamo Hipotecario
TXN-00021284,CTA-182649,CLI-54497,2026-06-04 15:53:00,3014728.22,CRC,deposito,web,HE-001,Préstamo Hipotecario
TXN-00021285,CTA-244489,CLI-18931,2026-06-26 04:26:00,2673308.94,CRC,retiro,web,LI-002,Préstamo Hipotecario
TXN-00021286,CTA-504825,CLI-40103,2026-06-30 03:11:00,268555.88,CRC,pago,sinpe,LI-002,Tarjeta Crédito
TXN-00021287,CTA-926237,CLI-83714,2026-06-29 22:24:00,2542982.75,CRC,retiro,app_movil,CA-001,Préstamo Hipotecario
TXN-00021288,CTA-291624,CLI-23492,2026-06-18 03:26:00,18826.35,CRC,pago,sucursal,HE-001,Préstamo Personal
TXN-00021289,CTA-576408,CLI-15186,2026-06-08 08:45:00,3734779.06,CRC,pago,sinpe,SJ-002,Cuenta Corriente
TXN-00021290,CTA-547723,CLI-72779,2026-06-29 20:32:00,3489441.6,CRC,deposito,app_movil,PU-001,Tarjeta Crédito
TXN-00021291,CTA-729906,CLI-74514,2026-06-21 18:28:00,4887239.77,CRC,deposito,web,SJ-001,Préstamo Hipotecario
TXN-00021292,CTA-436500,CLI-24222,2026-06-11 23:44:00,3481533.4,CRC,retiro,atm,SJ-001,Cuenta Ahorro
TXN-00021293,CTA-260858,CLI-74728,2026-06-02 06:07:00,2604648.04,CRC,comision,sinpe,LI-002,Cuenta Corriente
TXN-00021294,CTA-377699,CLI-62165,2026-06-11 02:58:00,3286895.24,CRC,retiro,sucursal,CA-001,Cuenta Corriente
TXN-00021295,CTA-803907,CLI-42101,2026-06-19 07:53:00,1193670.8,CRC,retiro,atm,SJ-002,Cuenta Ahorro
TXN-00021296,CTA-889736,CLI-13368,2026-06-22 18:13:00,3032122.05,CRC,pago,web,SJ-001,Tarjeta Crédito
TXN-00021297,CTA-188376,CLI-90508,2026-06-24 22:00:00,4751274.28,CRC,retiro,sucursal,LI-001,Cuenta Ahorro
TXN-00021298,CTA-225428,CLI-57659,2026-06-25 18:58:00,2539362.72,CRC,deposito,app_movil,SJ-002,Cuenta Ahorro
TXN-00021299,CTA-684246,CLI-98437,2026-06-25 17:41:00,4401982.69,CRC,pago,sinpe,LI-002,Préstamo Hipotecario
TXN-00021300,CTA-108164,CLI-22797,2026-06-25 02:47:00,1322664.16,CRC,transferencia,app_movil,SJ-002,Préstamo Personal
TXN-00021301,CTA-367546,CLI-32282,2026-06-10 13:11:00,2986734.24,CRC,pago,web,SJ-002,Préstamo Hipotecario
TXN-00021302,CTA-984603,CLI-77559,2026-06-26 14:52:00,1728285.84,CRC,pago,atm,LI-001,Préstamo Hipotecario
TXN-00021303,CTA-707990,CLI-70057,2026-06-15 02:53:00,97535.19,CRC,comision,sinpe,LI-001,Préstamo Personal
TXN-00021304,CTA-105720,CLI-91483,2026-06-09 02:00:00,2368424.35,CRC,comision,web,LI-001,Tarjeta Crédito
TXN-00021305,CTA-183746,CLI-64015,2026-06-21 20:42:00,1666823.03,CRC,retiro,web,LI-001,Cuenta Corriente
TXN-00021306,CTA-575219,CLI-60515,2026-06-11 20:33:00,4553179.11,CRC,pago,atm,AL-001,Préstamo Personal
TXN-00021307,CTA-869007,CLI-41264,2026-06-12 11:43:00,4377381.21,CRC,comision,sinpe,AL-001,Préstamo Personal
TXN-00021308,CTA-638179,CLI-58032,2026-06-20 03:55:00,1308801.72,CRC,retiro,sucursal,HE-001,Tarjeta Crédito
TXN-00021309,CTA-680181,CLI-47181,2026-06-18 02:47:00,156414.27,CRC,retiro,atm,SJ-002,Préstamo Hipotecario
TXN-00021310,CTA-280194,CLI-72903,2026-06-30 04:37:00,3075809.1,CRC,pago,sinpe,SJ-001,Préstamo Personal
TXN-00021311,CTA-816118,CLI-73271,2026-06-29 00:01:00,3701708.94,CRC,comision,sucursal,LI-002,Tarjeta Crédito
TXN-00021312,CTA-306477,CLI-28435,2026-06-14 17:36:00,2751999.3,CRC,transferencia,sucursal,LI-001,Cuenta Ahorro
TXN-00021313,CTA-658105,CLI-58569,2026-06-17 12:20:00,1174400.89,CRC,comision,web,SJ-001,Cuenta Corriente
TXN-00021314,CTA-552421,CLI-41608,2026-06-04 17:58:00,2979812.53,CRC,pago,atm,HE-001,Cuenta Corriente
TXN-00021315,CTA-591887,CLI-98555,2026-06-26 08:29:00,387161.8,CRC,deposito,sucursal,LI-002,Préstamo Personal
TXN-00021316,CTA-385643,CLI-28835,2026-06-13 05:44:00,431919.81,CRC,comision,app_movil,CA-001,Préstamo Hipotecario
TXN-00021317,CTA-431992,CLI-26846,2026-06-28 15:42:00,3248087.73,CRC,pago,app_movil,SJ-002,Tarjeta Crédito
TXN-00021318,CTA-746277,CLI-99618,2026-06-07 13:30:00,2216780.18,CRC,transferencia,sucursal,HE-001,Préstamo Personal
TXN-00021319,CTA-241797,CLI-47454,2026-06-04 13:55:00,1582647.89,CRC,transferencia,sucursal,PU-001,Tarjeta Crédito
TXN-00021320,CTA-714927,CLI-55082,2026-06-01 02:17:00,240101.69,CRC,comision,web,SJ-002,Préstamo Personal
TXN-00021321,CTA-811403,CLI-34877,2026-06-10 00:55:00,3609207.47,CRC,pago,atm,SJ-002,Préstamo Hipotecario
TXN-00021322,CTA-506600,CLI-98502,2026-06-17 21:02:00,4766711.45,CRC,deposito,app_movil,CA-001,Cuenta Corriente
TXN-00021323,CTA-919580,CLI-97030,2026-06-13 02:06:00,3842716.84,CRC,comision,web,AL-001,Tarjeta Crédito
TXN-00021324,CTA-134619,CLI-69796,2026-06-15 14:58:00,36814.76,CRC,retiro,web,HE-001,Cuenta Corriente
TXN-00021325,CTA-637553,CLI-22573,2026-06-29 04:24:00,2000336.05,CRC,retiro,web,LI-001,Préstamo Hipotecario
TXN-00021326,CTA-602045,CLI-79737,2026-06-10 01:38:00,4067980.09,CRC,comision,sucursal,SJ-002,Préstamo Hipotecario
TXN-00021327,CTA-480845,CLI-44107,2026-06-03 13:10:00,4597925.56,CRC,transferencia,sucursal,SJ-002,Cuenta Ahorro
TXN-00021328,CTA-717773,CLI-21916,2026-06-25 03:33:00,2890188.29,CRC,comision,app_movil,SJ-002,Préstamo Hipotecario
TXN-00021329,CTA-326135,CLI-98196,2026-06-13 08:29:00,3604588.37,CRC,comision,sinpe,SJ-002,Préstamo Hipotecario
TXN-00021330,CTA-143802,CLI-93572,2026-06-05 23:14:00,814297.8,CRC,deposito,web,SJ-001,Cuenta Ahorro
TXN-00021331,CTA-344669,CLI-79821,2026-06-06 20:22:00,2648332.1,CRC,comision,app_movil,SJ-002,Cuenta Ahorro
TXN-00021332,CTA-304545,CLI-91165,2026-06-03 16:59:00,1031028.87,CRC,comision,sinpe,SJ-001,Préstamo Personal
TXN-00021333,CTA-273998,CLI-83295,2026-06-15 11:08:00,3635685.18,CRC,pago,atm,CA-001,Cuenta Ahorro
TXN-00021334,CTA-263412,CLI-50589,2026-06-28 07:59:00,3833272.87,CRC,deposito,app_movil,CA-001,Tarjeta Crédito
TXN-00021335,CTA-359344,CLI-24815,2026-06-26 07:07:00,4534537.06,CRC,retiro,sinpe,CA-001,Préstamo Personal
TXN-00021336,CTA-750056,CLI-12509,2026-06-13 21:30:00,4881443.38,CRC,comision,sucursal,CA-001,Cuenta Ahorro
TXN-00021337,CTA-906264,CLI-97981,2026-06-06 03:16:00,3019274.5,CRC,comision,atm,HE-001,Tarjeta Crédito
TXN-00021338,CTA-190689,CLI-82582,2026-06-21 02:47:00,1615812.79,CRC,pago,app_movil,SJ-002,Cuenta Ahorro
TXN-00021339,CTA-945539,CLI-77988,2026-06-22 15:23:00,4050734.9,CRC,comision,sinpe,SJ-001,Préstamo Personal
TXN-00021340,CTA-832076,CLI-72007,2026-06-28 13:22:00,184561.24,CRC,transferencia,app_movil,AL-001,Tarjeta Crédito
TXN-00021341,CTA-164461,CLI-67710,2026-06-10 15:14:00,3589950.13,CRC,retiro,sucursal,CA-001,Préstamo Personal
TXN-00021342,CTA-529653,CLI-89383,2026-06-07 07:31:00,4096055.77,CRC,comision,web,PU-001,Tarjeta Crédito
TXN-00021343,CTA-434743,CLI-43128,2026-06-28 09:13:00,3447185.93,CRC,pago,sucursal,SJ-001,Préstamo Personal
TXN-00021344,CTA-852045,CLI-47416,2026-06-20 16:58:00,3622480.55,CRC,transferencia,web,AL-001,Préstamo Personal
TXN-00021345,CTA-292706,CLI-93022,2026-06-23 23:54:00,4791727.61,CRC,deposito,app_movil,SJ-001,Préstamo Personal
TXN-00021346,CTA-894119,CLI-86603,2026-06-29 09:55:00,1922318.56,CRC,transferencia,app_movil,SJ-002,Cuenta Corriente
TXN-00021347,CTA-634307,CLI-42904,2026-06-23 18:03:00,2606499.44,CRC,retiro,sucursal,LI-001,Préstamo Personal
TXN-00021348,CTA-755839,CLI-29958,2026-06-11 21:58:00,923595.28,CRC,deposito,sucursal,CA-001,Cuenta Corriente
TXN-00021349,CTA-915236,CLI-72926,2026-06-01 15:49:00,2253172.26,CRC,transferencia,app_movil,CA-001,Cuenta Ahorro
TXN-00021350,CTA-278424,CLI-75652,2026-06-25 04:43:00,4887082.2,CRC,deposito,web,HE-001,Cuenta Ahorro
TXN-00021351,CTA-463987,CLI-22193,2026-06-30 17:20:00,1306479.28,CRC,deposito,atm,PU-001,Cuenta Ahorro
TXN-00021352,CTA-495468,CLI-55714,2026-06-27 14:47:00,2256106.08,CRC,deposito,sinpe,PU-001,Tarjeta Crédito
TXN-00021353,CTA-473977,CLI-27660,2026-06-12 10:28:00,4107715.23,CRC,retiro,app_movil,LI-001,Préstamo Personal
TXN-00021354,CTA-566453,CLI-68824,2026-06-07 10:06:00,1464300.74,CRC,retiro,web,SJ-001,Préstamo Personal
TXN-00021355,CTA-400631,CLI-11831,2026-06-05 01:56:00,2587794.31,CRC,comision,atm,LI-002,Préstamo Hipotecario
TXN-00021356,CTA-936000,CLI-21135,2026-06-01 07:11:00,2238824.49,CRC,transferencia,web,LI-001,Tarjeta Crédito
TXN-00021357,CTA-759354,CLI-84330,2026-06-29 16:24:00,2805335.69,CRC,transferencia,atm,LI-002,Cuenta Corriente
TXN-00021358,CTA-412574,CLI-16953,2026-06-05 19:14:00,4279681.21,CRC,pago,app_movil,LI-002,Cuenta Corriente
TXN-00021359,CTA-339729,CLI-53371,2026-06-29 18:20:00,2061061.94,CRC,retiro,sucursal,CA-001,Cuenta Ahorro
TXN-00021360,CTA-442255,CLI-92954,2026-06-18 01:23:00,1789403.07,CRC,deposito,sucursal,AL-001,Préstamo Hipotecario
TXN-00021361,CTA-518797,CLI-61437,2026-06-21 22:08:00,4615614.8,CRC,transferencia,atm,AL-001,Préstamo Personal
TXN-00021362,CTA-393162,CLI-58015,2026-06-12 06:04:00,2672678.91,CRC,retiro,app_movil,LI-001,Cuenta Corriente
TXN-00021363,CTA-324390,CLI-40278,2026-06-27 04:24:00,1106544.97,CRC,deposito,web,SJ-002,Préstamo Personal
TXN-00021364,CTA-620037,CLI-93213,2026-06-27 11:27:00,4346350.45,CRC,deposito,web,HE-001,Préstamo Personal
TXN-00021365,CTA-912602,CLI-60189,2026-06-26 00:40:00,1939520.64,CRC,pago,sinpe,CA-001,Tarjeta Crédito
TXN-00021366,CTA-721455,CLI-31544,2026-06-19 09:14:00,578303.54,CRC,retiro,sucursal,LI-001,Cuenta Corriente
TXN-00021367,CTA-233045,CLI-82959,2026-06-17 12:28:00,1561633.19,CRC,pago,sucursal,LI-002,Préstamo Hipotecario
TXN-00021368,CTA-237385,CLI-83619,2026-06-30 02:49:00,1779254.68,CRC,deposito,app_movil,CA-001,Préstamo Hipotecario
TXN-00021369,CTA-305617,CLI-46837,2026-06-21 19:15:00,2815259.5,CRC,comision,atm,AL-001,Cuenta Corriente
TXN-00021370,CTA-583395,CLI-43808,2026-06-21 10:42:00,437021.13,CRC,retiro,web,SJ-002,Tarjeta Crédito
TXN-00021371,CTA-525343,CLI-58893,2026-06-13 08:16:00,277760.33,CRC,deposito,web,AL-001,Préstamo Personal
TXN-00021372,CTA-756184,CLI-95577,2026-06-26 19:44:00,4287160.31,CRC,deposito,sinpe,LI-001,Cuenta Corriente
TXN-00021373,CTA-922908,CLI-88934,2026-06-04 14:32:00,1585258.26,CRC,pago,sucursal,SJ-001,Tarjeta Crédito
TXN-00021374,CTA-815282,CLI-65982,2026-06-28 09:54:00,203231.89,CRC,transferencia,web,SJ-001,Cuenta Corriente
TXN-00021375,CTA-928772,CLI-45141,2026-06-16 14:48:00,1748487.25,CRC,deposito,app_movil,SJ-001,Préstamo Personal
TXN-00021376,CTA-756597,CLI-48194,2026-06-27 05:31:00,944849.91,CRC,retiro,app_movil,SJ-001,Préstamo Personal
TXN-00021377,CTA-464781,CLI-58300,2026-06-23 10:00:00,3832833.87,CRC,comision,web,SJ-002,Préstamo Personal
TXN-00021378,CTA-530480,CLI-30233,2026-06-01 00:07:00,2645921.95,CRC,pago,atm,HE-001,Cuenta Ahorro
TXN-00021379,CTA-270717,CLI-52696,2026-06-03 22:37:00,1485193.59,CRC,comision,atm,SJ-002,Cuenta Corriente
TXN-00021380,CTA-318307,CLI-12644,2026-06-30 14:45:00,3134480.13,CRC,transferencia,web,AL-001,Cuenta Ahorro
TXN-00021381,CTA-518873,CLI-67565,2026-06-12 09:49:00,43785.42,CRC,pago,atm,PU-001,Tarjeta Crédito
TXN-00021382,CTA-975765,CLI-42676,2026-06-30 15:11:00,4624722.15,CRC,transferencia,sucursal,LI-001,Préstamo Hipotecario
TXN-00021383,CTA-287558,CLI-70331,2026-06-02 07:04:00,4693332.49,CRC,deposito,atm,SJ-001,Préstamo Personal
TXN-00021384,CTA-440190,CLI-79907,2026-06-20 11:26:00,4857014.28,CRC,comision,app_movil,LI-001,Cuenta Corriente
TXN-00021385,CTA-853832,CLI-85199,2026-06-02 06:26:00,2451179.72,CRC,retiro,atm,CA-001,Tarjeta Crédito
TXN-00021386,CTA-831131,CLI-78425,2026-06-09 01:45:00,3950248.52,CRC,deposito,app_movil,PU-001,Préstamo Personal
TXN-00021387,CTA-994539,CLI-52722,2026-06-03 13:04:00,3287753.13,CRC,pago,web,PU-001,Cuenta Corriente
TXN-00021388,CTA-652177,CLI-72072,2026-06-05 15:12:00,1881301.12,CRC,deposito,sucursal,SJ-002,Préstamo Personal
TXN-00021389,CTA-217330,CLI-91017,2026-06-01 01:44:00,672700.42,CRC,deposito,web,PU-001,Préstamo Personal
TXN-00021390,CTA-814072,CLI-16333,2026-06-21 20:54:00,2504462.69,CRC,deposito,atm,LI-002,Cuenta Ahorro
TXN-00021391,CTA-298427,CLI-46655,2026-06-30 23:41:00,3438372.67,CRC,transferencia,sinpe,SJ-002,Tarjeta Crédito
TXN-00021392,CTA-829315,CLI-32458,2026-06-13 10:39:00,3793676.09,CRC,retiro,sinpe,SJ-002,Préstamo Hipotecario
TXN-00021393,CTA-551736,CLI-16844,2026-06-05 04:07:00,1835028.48,CRC,transferencia,atm,PU-001,Cuenta Ahorro
TXN-00021394,CTA-422609,CLI-53239,2026-06-22 21:29:00,298134.08,CRC,transferencia,app_movil,LI-002,Préstamo Hipotecario
TXN-00021395,CTA-843461,CLI-27922,2026-06-18 10:22:00,4535653.04,CRC,retiro,sucursal,HE-001,Préstamo Personal
TXN-00021396,CTA-634402,CLI-78040,2026-06-26 03:50:00,1233582.54,CRC,pago,atm,LI-001,Préstamo Hipotecario
TXN-00021397,CTA-488366,CLI-32740,2026-06-17 12:59:00,1315674.75,CRC,transferencia,sinpe,CA-001,Cuenta Corriente
TXN-00021398,CTA-628341,CLI-78885,2026-06-20 06:07:00,1489501.66,CRC,transferencia,sinpe,SJ-001,Cuenta Ahorro
TXN-00021399,CTA-522997,CLI-23220,2026-06-23 19:19:00,142701.28,CRC,pago,web,AL-001,Cuenta Corriente
TXN-00021400,CTA-301686,CLI-58877,2026-06-15 12:49:00,4113990.6,CRC,deposito,sinpe,CA-001,Cuenta Ahorro
TXN-00021401,CTA-491971,CLI-33716,2026-06-09 10:17:00,689711.44,CRC,comision,web,SJ-002,Tarjeta Crédito
TXN-00021402,CTA-936085,CLI-29342,2026-06-13 05:30:00,4075470.56,CRC,deposito,atm,HE-001,Préstamo Personal
TXN-00021403,CTA-534576,CLI-30094,2026-06-23 17:41:00,4791866.89,CRC,transferencia,web,SJ-001,Tarjeta Crédito
TXN-00021404,CTA-882703,CLI-36959,2026-06-05 13:19:00,2122390.41,CRC,comision,sinpe,HE-001,Tarjeta Crédito
TXN-00021405,CTA-728933,CLI-93566,2026-06-19 21:53:00,2193244.2,CRC,deposito,atm,PU-001,Préstamo Hipotecario
TXN-00021406,CTA-528288,CLI-32195,2026-06-18 13:48:00,4614538.26,CRC,retiro,app_movil,CA-001,Cuenta Corriente
TXN-00021407,CTA-446254,CLI-24899,2026-06-12 21:12:00,4478207.16,CRC,retiro,app_movil,AL-001,Préstamo Personal
TXN-00021408,CTA-691669,CLI-58876,2026-06-30 11:49:00,2280782.35,CRC,pago,sinpe,AL-001,Cuenta Ahorro
TXN-00021409,CTA-750369,CLI-22191,2026-06-01 09:34:00,2277967.65,CRC,deposito,sucursal,AL-001,Tarjeta Crédito
TXN-00021410,CTA-178956,CLI-37057,2026-06-09 05:57:00,3994924.14,CRC,pago,sucursal,PU-001,Cuenta Corriente
TXN-00021411,CTA-537688,CLI-11669,2026-06-23 19:15:00,2594998.52,CRC,transferencia,atm,AL-001,Préstamo Hipotecario
TXN-00021412,CTA-945062,CLI-69724,2026-06-22 04:21:00,796203.64,CRC,pago,web,AL-001,Cuenta Ahorro
TXN-00021413,CTA-285790,CLI-73209,2026-06-18 02:56:00,1446817.94,CRC,pago,web,CA-001,Tarjeta Crédito
TXN-00021414,CTA-550754,CLI-92665,2026-06-01 23:04:00,3164475.67,CRC,comision,atm,HE-001,Préstamo Hipotecario
TXN-00021415,CTA-516413,CLI-38116,2026-06-17 17:42:00,513182.26,CRC,comision,atm,LI-002,Préstamo Hipotecario
TXN-00021416,CTA-469839,CLI-68566,2026-06-10 22:45:00,3118668.19,CRC,comision,app_movil,SJ-001,Préstamo Personal
TXN-00021417,CTA-735945,CLI-73230,2026-06-10 07:53:00,2390930.86,CRC,comision,sucursal,SJ-002,Tarjeta Crédito
TXN-00021418,CTA-407836,CLI-28277,2026-06-20 14:45:00,2879340.08,CRC,comision,app_movil,CA-001,Cuenta Ahorro
TXN-00021419,CTA-411866,CLI-22500,2026-06-24 11:21:00,3329146.73,CRC,deposito,web,LI-002,Tarjeta Crédito
TXN-00021420,CTA-145918,CLI-54840,2026-06-18 21:15:00,2553165.69,CRC,deposito,app_movil,SJ-001,Tarjeta Crédito
TXN-00021421,CTA-224315,CLI-34493,2026-06-27 13:46:00,4249812.5,CRC,pago,web,SJ-002,Préstamo Personal
TXN-00021422,CTA-467877,CLI-45502,2026-06-04 06:31:00,2920805.53,CRC,retiro,web,AL-001,Cuenta Ahorro
TXN-00021423,CTA-852070,CLI-37280,2026-06-01 08:00:00,4490812.11,CRC,transferencia,web,CA-001,Tarjeta Crédito
TXN-00021424,CTA-392266,CLI-83874,2026-06-13 00:34:00,673693.72,CRC,deposito,atm,AL-001,Cuenta Corriente
TXN-00021425,CTA-980541,CLI-17992,2026-06-27 13:27:00,3317733.49,CRC,deposito,sucursal,PU-001,Préstamo Personal
TXN-00021426,CTA-204933,CLI-31631,2026-06-29 15:36:00,499927.35,CRC,retiro,app_movil,LI-001,Préstamo Hipotecario
TXN-00021427,CTA-695821,CLI-75772,2026-06-02 21:34:00,3036669.12,CRC,comision,app_movil,SJ-002,Cuenta Ahorro
TXN-00021428,CTA-431047,CLI-92668,2026-06-29 11:22:00,4411389.57,CRC,retiro,sucursal,PU-001,Préstamo Hipotecario
TXN-00021429,CTA-699346,CLI-62973,2026-06-11 10:42:00,3863660.28,CRC,comision,sucursal,LI-002,Préstamo Personal
TXN-00021430,CTA-561253,CLI-23376,2026-06-02 04:10:00,3683552.77,CRC,deposito,web,AL-001,Préstamo Hipotecario
TXN-00021431,CTA-796245,CLI-63144,2026-06-22 20:21:00,3025731.9,CRC,deposito,sucursal,AL-001,Cuenta Ahorro
TXN-00021432,CTA-245665,CLI-26379,2026-06-07 15:54:00,1450763.2,CRC,pago,sucursal,LI-002,Préstamo Personal
TXN-00021433,CTA-182190,CLI-60841,2026-06-04 02:44:00,4857523.44,CRC,comision,app_movil,HE-001,Cuenta Corriente
TXN-00021434,CTA-946446,CLI-98954,2026-06-30 23:57:00,2743778.21,CRC,pago,web,CA-001,Préstamo Personal
TXN-00021435,CTA-229979,CLI-13407,2026-06-02 20:29:00,2113632.32,CRC,deposito,web,SJ-002,Cuenta Corriente
TXN-00021436,CTA-640804,CLI-31226,2026-06-28 01:45:00,1547589.75,CRC,comision,atm,LI-001,Préstamo Hipotecario
TXN-00021437,CTA-844999,CLI-33441,2026-06-14 05:36:00,4449422.61,CRC,pago,app_movil,SJ-002,Préstamo Hipotecario
TXN-00021438,CTA-558994,CLI-35501,2026-06-16 21:59:00,4110616.31,CRC,transferencia,web,LI-002,Tarjeta Crédito
TXN-00021439,CTA-332151,CLI-46703,2026-06-17 00:21:00,1440814.58,CRC,deposito,atm,LI-001,Cuenta Corriente
TXN-00021440,CTA-363567,CLI-35451,2026-06-17 15:01:00,4248487.95,CRC,comision,sinpe,LI-002,Cuenta Ahorro
TXN-00021441,CTA-437129,CLI-26719,2026-06-25 04:45:00,1440321.66,CRC,transferencia,sinpe,PU-001,Préstamo Personal
TXN-00021442,CTA-436458,CLI-44757,2026-06-03 11:15:00,3842584.96,CRC,retiro,sucursal,CA-001,Préstamo Hipotecario
TXN-00021443,CTA-238020,CLI-19137,2026-06-07 20:33:00,457917.14,CRC,comision,sucursal,AL-001,Préstamo Hipotecario
TXN-00021444,CTA-590817,CLI-76560,2026-06-18 05:49:00,3002664.89,CRC,retiro,web,SJ-001,Préstamo Hipotecario
TXN-00021445,CTA-818932,CLI-53134,2026-06-09 23:31:00,1541429.77,CRC,deposito,app_movil,CA-001,Cuenta Corriente
TXN-00021446,CTA-125241,CLI-53404,2026-06-13 07:02:00,3192526.14,CRC,transferencia,sinpe,CA-001,Cuenta Ahorro
TXN-00021447,CTA-899569,CLI-52505,2026-06-19 20:03:00,3574953.45,CRC,pago,app_movil,HE-001,Cuenta Ahorro
TXN-00021448,CTA-693647,CLI-52346,2026-06-28 23:32:00,3877245.26,CRC,comision,sucursal,SJ-002,Cuenta Corriente
TXN-00021449,CTA-239235,CLI-11937,2026-06-12 03:10:00,2037758.5,CRC,deposito,sucursal,SJ-001,Tarjeta Crédito
TXN-00021450,CTA-223682,CLI-31562,2026-06-22 16:23:00,799561.14,CRC,transferencia,web,CA-001,Cuenta Ahorro
TXN-00021451,CTA-645705,CLI-64315,2026-06-27 03:08:00,178983.37,CRC,deposito,sucursal,PU-001,Cuenta Ahorro
TXN-00021452,CTA-734639,CLI-45126,2026-06-26 01:35:00,2244836.19,CRC,retiro,sinpe,SJ-002,Préstamo Hipotecario
TXN-00021453,CTA-370102,CLI-45652,2026-06-05 17:41:00,3538198.14,CRC,comision,sinpe,PU-001,Tarjeta Crédito
TXN-00021454,CTA-719189,CLI-14345,2026-06-05 01:50:00,1319506.32,CRC,retiro,atm,PU-001,Préstamo Personal
TXN-00021455,CTA-905154,CLI-97254,2026-06-09 06:45:00,1541076.51,CRC,pago,app_movil,HE-001,Préstamo Hipotecario
TXN-00021456,CTA-630593,CLI-35671,2026-06-04 01:20:00,4139516.32,CRC,pago,atm,LI-002,Préstamo Hipotecario
TXN-00021457,CTA-110186,CLI-59946,2026-06-22 14:29:00,1659438.94,CRC,transferencia,web,LI-001,Tarjeta Crédito
TXN-00021458,CTA-595849,CLI-78557,2026-06-25 04:24:00,3950139.28,CRC,retiro,atm,PU-001,Préstamo Personal
TXN-00021459,CTA-604211,CLI-22209,2026-06-16 21:20:00,626451.8,CRC,deposito,atm,LI-001,Cuenta Ahorro
TXN-00021460,CTA-825534,CLI-16317,2026-06-13 01:08:00,3689523.44,CRC,deposito,sucursal,LI-001,Cuenta Corriente
TXN-00021461,CTA-211716,CLI-52590,2026-06-14 17:10:00,2993333.63,CRC,deposito,web,LI-001,Préstamo Personal
TXN-00021462,CTA-698066,CLI-66722,2026-06-02 19:51:00,4352655.51,CRC,retiro,atm,AL-001,Cuenta Ahorro
TXN-00021463,CTA-745242,CLI-47826,2026-06-15 17:08:00,2465228.23,CRC,pago,web,SJ-002,Cuenta Ahorro
TXN-00021464,CTA-786035,CLI-61642,2026-06-07 19:41:00,1853118.65,CRC,deposito,web,SJ-002,Tarjeta Crédito
TXN-00021465,CTA-462660,CLI-35380,2026-06-15 06:38:00,4313652.56,CRC,comision,app_movil,LI-001,Préstamo Personal
TXN-00021466,CTA-765835,CLI-63848,2026-06-13 06:49:00,1754873.81,CRC,pago,atm,SJ-002,Tarjeta Crédito
TXN-00021467,CTA-745701,CLI-65696,2026-06-19 22:07:00,2509917.35,CRC,pago,sinpe,CA-001,Cuenta Ahorro
TXN-00021468,CTA-959571,CLI-14317,2026-06-08 15:45:00,2581223.94,CRC,comision,sucursal,CA-001,Tarjeta Crédito
TXN-00021469,CTA-437269,CLI-26590,2026-06-09 16:33:00,972473.88,CRC,pago,web,PU-001,Cuenta Ahorro
TXN-00021470,CTA-679136,CLI-88086,2026-06-21 16:29:00,1631986.77,CRC,transferencia,atm,PU-001,Préstamo Personal
TXN-00021471,CTA-890261,CLI-37722,2026-06-16 02:16:00,4167889.4,CRC,deposito,sinpe,LI-002,Préstamo Hipotecario
TXN-00021472,CTA-855192,CLI-73567,2026-06-27 21:59:00,544090.18,CRC,retiro,web,LI-001,Tarjeta Crédito
TXN-00021473,CTA-229585,CLI-54651,2026-06-29 22:27:00,2332548.99,CRC,pago,sucursal,PU-001,Cuenta Ahorro
TXN-00021474,CTA-768512,CLI-46411,2026-06-30 23:25:00,3655495.96,CRC,pago,atm,CA-001,Cuenta Corriente
TXN-00021475,CTA-296432,CLI-10066,2026-06-28 17:22:00,396206.35,CRC,retiro,atm,PU-001,Préstamo Personal
TXN-00021476,CTA-845170,CLI-65069,2026-06-17 18:04:00,932655.77,CRC,pago,app_movil,LI-002,Cuenta Ahorro
TXN-00021477,CTA-385221,CLI-11754,2026-06-01 16:46:00,415423.46,CRC,deposito,atm,PU-001,Préstamo Personal
TXN-00021478,CTA-188904,CLI-87571,2026-06-15 17:28:00,2512320.34,CRC,comision,web,AL-001,Préstamo Hipotecario
TXN-00021479,CTA-259603,CLI-36724,2026-06-13 17:32:00,2810082.22,CRC,retiro,app_movil,CA-001,Cuenta Corriente
TXN-00021480,CTA-837219,CLI-69897,2026-06-12 06:44:00,2912539.4,CRC,transferencia,atm,LI-001,Préstamo Hipotecario
TXN-00021481,CTA-347273,CLI-96115,2026-06-12 07:52:00,4146912.47,CRC,deposito,web,LI-002,Préstamo Personal
TXN-00021482,CTA-882248,CLI-49068,2026-06-08 04:01:00,370936.08,CRC,transferencia,sucursal,LI-002,Cuenta Ahorro
TXN-00021483,CTA-231242,CLI-37359,2026-06-04 18:45:00,3986672.73,CRC,pago,web,SJ-001,Préstamo Hipotecario
TXN-00021484,CTA-320234,CLI-70111,2026-06-30 13:43:00,4738151.34,CRC,deposito,atm,SJ-002,Préstamo Hipotecario
TXN-00021485,CTA-866263,CLI-72888,2026-06-02 17:10:00,225906.42,CRC,retiro,app_movil,HE-001,Préstamo Hipotecario
TXN-00021486,CTA-314040,CLI-28722,2026-06-25 04:32:00,2181855.51,CRC,pago,sucursal,AL-001,Tarjeta Crédito
TXN-00021487,CTA-454776,CLI-51730,2026-06-25 06:07:00,4606724.51,CRC,retiro,atm,LI-002,Préstamo Hipotecario
TXN-00021488,CTA-519347,CLI-89168,2026-06-16 09:36:00,1182581.86,CRC,transferencia,sucursal,SJ-002,Cuenta Corriente
TXN-00021489,CTA-438104,CLI-65956,2026-06-30 13:11:00,3413755.55,CRC,pago,sinpe,SJ-001,Cuenta Ahorro
TXN-00021490,CTA-219252,CLI-27812,2026-06-20 22:30:00,394219.23,CRC,deposito,app_movil,CA-001,Tarjeta Crédito
TXN-00021491,CTA-540178,CLI-72009,2026-06-03 06:34:00,1244564.52,CRC,transferencia,web,LI-001,Cuenta Corriente
TXN-00021492,CTA-145591,CLI-98975,2026-06-01 22:24:00,3070880.34,CRC,deposito,web,SJ-002,Tarjeta Crédito
TXN-00021493,CTA-859755,CLI-50663,2026-06-01 01:46:00,4351502.25,CRC,pago,sinpe,LI-002,Cuenta Corriente
TXN-00021494,CTA-819771,CLI-76033,2026-06-22 16:00:00,3542738.48,CRC,comision,sucursal,HE-001,Préstamo Hipotecario
TXN-00021495,CTA-885886,CLI-78119,2026-06-19 15:25:00,4781677.18,CRC,retiro,app_movil,LI-002,Cuenta Corriente
TXN-00021496,CTA-437516,CLI-66016,2026-06-29 08:39:00,2630452.59,CRC,pago,web,CA-001,Préstamo Hipotecario
TXN-00021497,CTA-634773,CLI-54376,2026-06-18 01:18:00,3720575.03,CRC,transferencia,web,SJ-001,Tarjeta Crédito
TXN-00021498,CTA-710433,CLI-12511,2026-06-20 08:58:00,2839784.1,CRC,comision,atm,HE-001,Préstamo Personal
TXN-00021499,CTA-384199,CLI-34352,2026-06-15 07:25:00,3060097.17,CRC,retiro,web,CA-001,Préstamo Personal
TXN-00021500,CTA-459310,CLI-44138,2026-06-23 08:00:00,3691704.43,CRC,transferencia,sinpe,LI-001,Préstamo Personal
TXN-00021501,CTA-682786,CLI-67158,2026-06-19 13:24:00,2901890.44,CRC,transferencia,sucursal,CA-001,Tarjeta Crédito
TXN-00021502,CTA-206360,CLI-93173,2026-06-07 09:16:00,2569916.83,CRC,deposito,sucursal,SJ-002,Tarjeta Crédito
TXN-00021503,CTA-200044,CLI-35740,2026-06-07 07:51:00,2156147.95,CRC,deposito,sinpe,CA-001,Tarjeta Crédito
TXN-00021504,CTA-185736,CLI-71330,2026-06-12 09:08:00,1500450.75,CRC,retiro,web,SJ-001,Cuenta Ahorro
TXN-00021505,CTA-328429,CLI-92102,2026-06-22 20:14:00,4531800.0,CRC,comision,web,LI-002,Tarjeta Crédito
TXN-00021506,CTA-314749,CLI-12498,2026-06-22 18:01:00,1466100.82,CRC,transferencia,app_movil,SJ-001,Préstamo Personal
TXN-00021507,CTA-898978,CLI-59666,2026-06-08 06:52:00,3265331.4,CRC,deposito,app_movil,LI-002,Cuenta Corriente
TXN-00021508,CTA-499863,CLI-61149,2026-06-21 03:57:00,4217935.51,CRC,transferencia,app_movil,LI-002,Cuenta Ahorro
TXN-00021509,CTA-739708,CLI-34817,2026-06-13 03:30:00,4326544.08,CRC,transferencia,sucursal,SJ-001,Cuenta Ahorro
TXN-00021510,CTA-380336,CLI-77197,2026-06-04 01:47:00,2352918.4,CRC,transferencia,sucursal,CA-001,Préstamo Hipotecario
TXN-00021511,CTA-172561,CLI-33659,2026-06-04 21:49:00,683587.56,CRC,deposito,atm,LI-002,Cuenta Corriente
TXN-00021512,CTA-283086,CLI-52778,2026-06-25 01:53:00,1210038.71,CRC,transferencia,sinpe,CA-001,Préstamo Personal
TXN-00021513,CTA-988165,CLI-37910,2026-06-10 01:41:00,1687973.64,CRC,deposito,web,LI-001,Tarjeta Crédito
TXN-00021514,CTA-545582,CLI-61063,2026-06-12 21:00:00,4870738.17,CRC,transferencia,sinpe,SJ-002,Cuenta Corriente
TXN-00021515,CTA-980547,CLI-81946,2026-06-15 05:11:00,1702345.43,CRC,comision,app_movil,LI-002,Cuenta Corriente
TXN-00021516,CTA-248133,CLI-74921,2026-06-01 00:13:00,3625701.14,CRC,retiro,sucursal,PU-001,Préstamo Personal
TXN-00021517,CTA-580442,CLI-22134,2026-06-11 05:32:00,2248015.81,CRC,deposito,atm,HE-001,Tarjeta Crédito
TXN-00021518,CTA-794785,CLI-90801,2026-06-04 20:16:00,3080487.68,CRC,pago,sucursal,AL-001,Cuenta Corriente
TXN-00021519,CTA-325939,CLI-60838,2026-06-11 16:17:00,4026446.09,CRC,comision,app_movil,LI-002,Préstamo Personal
TXN-00021520,CTA-151739,CLI-85979,2026-06-13 03:11:00,3565060.6,CRC,retiro,web,LI-001,Préstamo Personal
TXN-00021521,CTA-986631,CLI-30496,2026-06-08 09:24:00,2090181.09,CRC,transferencia,web,SJ-001,Cuenta Ahorro
TXN-00021522,CTA-600282,CLI-57917,2026-06-13 00:22:00,3370125.87,CRC,deposito,web,SJ-002,Préstamo Personal
TXN-00021523,CTA-307635,CLI-16569,2026-06-20 15:00:00,3258421.72,CRC,pago,web,AL-001,Cuenta Ahorro
TXN-00021524,CTA-107857,CLI-71698,2026-06-22 18:41:00,4647268.44,CRC,pago,sucursal,SJ-002,Tarjeta Crédito
TXN-00021525,CTA-860936,CLI-45623,2026-06-20 10:33:00,12755.91,CRC,comision,atm,HE-001,Tarjeta Crédito
TXN-00021526,CTA-582305,CLI-53838,2026-06-17 22:43:00,2138494.38,CRC,retiro,app_movil,SJ-002,Tarjeta Crédito
TXN-00021527,CTA-241911,CLI-82097,2026-06-15 03:47:00,4244497.51,CRC,transferencia,atm,CA-001,Cuenta Ahorro
TXN-00021528,CTA-349639,CLI-79824,2026-06-24 09:02:00,1723237.72,CRC,retiro,sinpe,PU-001,Cuenta Corriente
TXN-00021529,CTA-462664,CLI-43470,2026-06-26 04:27:00,2333000.0,CRC,pago,atm,AL-001,Préstamo Personal
TXN-00021530,CTA-720392,CLI-35278,2026-06-04 05:31:00,1900539.64,CRC,comision,sinpe,LI-002,Préstamo Hipotecario
TXN-00021531,CTA-604217,CLI-82438,2026-06-01 12:25:00,2534039.56,CRC,deposito,app_movil,LI-001,Cuenta Ahorro
TXN-00021532,CTA-546351,CLI-89236,2026-06-05 14:28:00,2066574.58,CRC,deposito,sucursal,CA-001,Préstamo Hipotecario
TXN-00021533,CTA-470410,CLI-79986,2026-06-02 21:28:00,2784672.76,CRC,retiro,sucursal,HE-001,Préstamo Hipotecario
TXN-00021534,CTA-979090,CLI-37658,2026-06-17 00:07:00,2025331.18,CRC,pago,atm,LI-002,Préstamo Hipotecario
TXN-00021535,CTA-342323,CLI-84833,2026-06-15 15:35:00,307347.33,CRC,comision,web,PU-001,Tarjeta Crédito
TXN-00021536,CTA-874825,CLI-34097,2026-06-30 08:35:00,2041897.47,CRC,deposito,sinpe,LI-002,Préstamo Personal
TXN-00021537,CTA-279125,CLI-94231,2026-06-10 20:29:00,2207455.99,CRC,pago,sucursal,HE-001,Cuenta Corriente
TXN-00021538,CTA-517884,CLI-20763,2026-06-05 15:17:00,1764982.18,CRC,deposito,app_movil,SJ-002,Cuenta Corriente
TXN-00021539,CTA-552726,CLI-30548,2026-06-10 08:15:00,3367467.52,CRC,comision,web,LI-001,Préstamo Personal
TXN-00021540,CTA-415500,CLI-88088,2026-06-21 01:58:00,1723951.31,CRC,deposito,sucursal,SJ-002,Préstamo Hipotecario
TXN-00021541,CTA-789473,CLI-71693,2026-06-19 09:40:00,2162602.76,CRC,retiro,sinpe,LI-001,Tarjeta Crédito
TXN-00021542,CTA-565965,CLI-73492,2026-06-09 13:12:00,390449.33,CRC,retiro,sucursal,CA-001,Préstamo Personal
TXN-00021543,CTA-993723,CLI-40794,2026-06-10 23:51:00,975797.98,CRC,transferencia,app_movil,SJ-001,Préstamo Personal
TXN-00021544,CTA-458761,CLI-76623,2026-06-10 20:13:00,1083040.2,CRC,retiro,sinpe,LI-002,Tarjeta Crédito
TXN-00021545,CTA-261615,CLI-44421,2026-06-09 05:30:00,75508.28,CRC,transferencia,app_movil,HE-001,Tarjeta Crédito
TXN-00021546,CTA-255467,CLI-96248,2026-06-26 00:52:00,2128547.75,CRC,transferencia,atm,SJ-001,Cuenta Ahorro
TXN-00021547,CTA-883841,CLI-41743,2026-06-14 02:50:00,626363.13,CRC,transferencia,sinpe,PU-001,Cuenta Ahorro
TXN-00021548,CTA-469602,CLI-99871,2026-06-28 21:46:00,2600551.74,CRC,retiro,atm,SJ-001,Préstamo Personal
TXN-00021549,CTA-693148,CLI-59796,2026-06-05 06:41:00,110024.03,CRC,transferencia,web,HE-001,Tarjeta Crédito
TXN-00021550,CTA-218402,CLI-38475,2026-06-11 12:22:00,519270.0,CRC,pago,web,HE-001,Cuenta Ahorro
TXN-00021551,CTA-332842,CLI-51122,2026-06-06 16:53:00,477003.36,CRC,transferencia,sinpe,LI-001,Préstamo Personal
TXN-00021552,CTA-552417,CLI-72245,2026-06-12 12:52:00,3557302.37,CRC,pago,sinpe,PU-001,Cuenta Ahorro
TXN-00021553,CTA-441317,CLI-15237,2026-06-30 04:35:00,1900583.71,CRC,pago,app_movil,LI-002,Préstamo Personal
TXN-00021554,CTA-572849,CLI-81732,2026-06-04 10:29:00,4162327.53,CRC,transferencia,sucursal,CA-001,Préstamo Personal
TXN-00021555,CTA-779721,CLI-94125,2026-06-19 09:48:00,3062291.07,CRC,comision,sucursal,AL-001,Cuenta Ahorro
TXN-00021556,CTA-738042,CLI-85867,2026-06-22 02:06:00,1138930.82,CRC,pago,web,AL-001,Préstamo Personal
TXN-00021557,CTA-522871,CLI-34724,2026-06-16 16:36:00,1428601.44,CRC,comision,atm,CA-001,Cuenta Ahorro
TXN-00021558,CTA-556087,CLI-91853,2026-06-26 18:02:00,167138.27,CRC,comision,app_movil,SJ-002,Cuenta Corriente
TXN-00021559,CTA-144981,CLI-96399,2026-06-28 04:12:00,1989912.67,CRC,transferencia,sucursal,AL-001,Tarjeta Crédito
TXN-00021560,CTA-149001,CLI-26693,2026-06-28 19:55:00,4859377.65,CRC,deposito,sinpe,SJ-001,Tarjeta Crédito
TXN-00021561,CTA-183227,CLI-18348,2026-06-21 01:51:00,4677096.16,CRC,pago,web,AL-001,Cuenta Ahorro
TXN-00021562,CTA-824412,CLI-84148,2026-06-23 18:06:00,2088236.08,CRC,comision,app_movil,SJ-002,Préstamo Hipotecario
TXN-00021563,CTA-742494,CLI-47129,2026-06-07 11:00:00,4718072.83,CRC,pago,app_movil,SJ-002,Préstamo Personal
TXN-00021564,CTA-582199,CLI-50594,2026-06-11 05:44:00,4952381.06,CRC,deposito,atm,AL-001,Cuenta Corriente
TXN-00021565,CTA-431483,CLI-82910,2026-06-17 18:09:00,925100.48,CRC,pago,web,SJ-001,Tarjeta Crédito
TXN-00021566,CTA-435589,CLI-84182,2026-06-24 17:20:00,1966059.01,CRC,comision,web,HE-001,Cuenta Ahorro
TXN-00021567,CTA-669688,CLI-86019,2026-06-14 22:39:00,851884.58,CRC,retiro,sucursal,SJ-001,Cuenta Corriente
TXN-00021568,CTA-889921,CLI-30393,2026-06-11 10:57:00,4525348.67,CRC,pago,sucursal,AL-001,Cuenta Ahorro
TXN-00021569,CTA-827371,CLI-77804,2026-06-05 04:36:00,3758661.02,CRC,pago,atm,CA-001,Préstamo Hipotecario
TXN-00021570,CTA-438595,CLI-52416,2026-06-11 00:27:00,1927980.74,CRC,comision,sucursal,SJ-001,Cuenta Corriente
TXN-00021571,CTA-540764,CLI-72185,2026-06-08 00:18:00,577346.3,CRC,transferencia,sinpe,LI-001,Cuenta Ahorro
TXN-00021572,CTA-376690,CLI-38503,2026-06-05 02:02:00,4422408.6,CRC,comision,sucursal,LI-002,Préstamo Personal
TXN-00021573,CTA-823099,CLI-71819,2026-06-04 22:59:00,2054292.82,CRC,deposito,atm,LI-002,Cuenta Corriente
TXN-00021574,CTA-574696,CLI-23363,2026-06-15 20:38:00,3569681.21,CRC,comision,web,PU-001,Cuenta Ahorro
TXN-00021575,CTA-183707,CLI-21429,2026-06-15 08:11:00,3242426.36,CRC,deposito,app_movil,HE-001,Tarjeta Crédito
TXN-00021576,CTA-313467,CLI-60901,2026-06-07 07:00:00,4460632.62,CRC,pago,atm,HE-001,Tarjeta Crédito
TXN-00021577,CTA-972594,CLI-96042,2026-06-22 06:04:00,3763792.56,CRC,pago,sucursal,LI-001,Tarjeta Crédito
TXN-00021578,CTA-839346,CLI-68390,2026-06-25 15:12:00,368620.63,CRC,transferencia,web,CA-001,Cuenta Corriente
TXN-00021579,CTA-925794,CLI-54656,2026-06-03 20:09:00,2179489.88,CRC,retiro,sucursal,AL-001,Cuenta Corriente
TXN-00021580,CTA-570717,CLI-70447,2026-06-26 17:38:00,588843.38,CRC,retiro,web,SJ-001,Préstamo Personal
TXN-00021581,CTA-816213,CLI-56475,2026-06-26 17:25:00,4837045.31,CRC,pago,app_movil,SJ-002,Préstamo Personal
TXN-00021582,CTA-218876,CLI-46698,2026-06-01 09:35:00,4188288.08,CRC,pago,sinpe,SJ-001,Tarjeta Crédito
TXN-00021583,CTA-570308,CLI-87929,2026-06-18 14:56:00,2291861.93,CRC,deposito,app_movil,HE-001,Préstamo Personal
TXN-00021584,CTA-476674,CLI-88196,2026-06-01 16:32:00,4917327.66,CRC,comision,app_movil,LI-001,Préstamo Hipotecario
TXN-00021585,CTA-978407,CLI-34810,2026-06-01 12:15:00,4858841.2,CRC,comision,sinpe,PU-001,Cuenta Corriente
TXN-00021586,CTA-820579,CLI-66032,2026-06-08 18:20:00,38926.92,CRC,retiro,sinpe,LI-001,Cuenta Corriente
TXN-00021587,CTA-482844,CLI-51777,2026-06-30 19:18:00,4372954.74,CRC,transferencia,sucursal,LI-002,Préstamo Hipotecario
TXN-00021588,CTA-764491,CLI-53155,2026-06-09 09:42:00,4684216.41,CRC,pago,web,LI-002,Cuenta Ahorro
TXN-00021589,CTA-247910,CLI-39353,2026-06-11 00:42:00,4299944.58,CRC,retiro,sinpe,SJ-001,Préstamo Personal
TXN-00021590,CTA-791491,CLI-72446,2026-06-11 08:03:00,707308.45,CRC,comision,web,SJ-001,Cuenta Corriente
TXN-00021591,CTA-265851,CLI-17501,2026-06-16 00:10:00,335864.34,CRC,pago,atm,SJ-002,Préstamo Hipotecario
TXN-00021592,CTA-492987,CLI-46008,2026-06-01 08:53:00,4497480.98,CRC,retiro,atm,PU-001,Cuenta Ahorro
TXN-00021593,CTA-429838,CLI-79003,2026-06-05 10:26:00,181067.83,CRC,transferencia,app_movil,CA-001,Préstamo Hipotecario
TXN-00021594,CTA-588271,CLI-36118,2026-06-16 04:10:00,1326447.44,CRC,transferencia,sinpe,SJ-001,Préstamo Personal
TXN-00021595,CTA-725637,CLI-47156,2026-06-20 09:46:00,3978041.82,CRC,comision,atm,HE-001,Cuenta Ahorro
TXN-00021596,CTA-825470,CLI-54562,2026-06-17 21:44:00,1392754.3,CRC,comision,app_movil,SJ-002,Préstamo Hipotecario
TXN-00021597,CTA-662787,CLI-56902,2026-06-11 19:12:00,3801999.7,CRC,retiro,app_movil,LI-002,Préstamo Personal
TXN-00021598,CTA-437557,CLI-77151,2026-06-16 11:02:00,4999969.62,CRC,transferencia,atm,SJ-001,Cuenta Corriente
TXN-00021599,CTA-648955,CLI-81797,2026-06-01 09:58:00,3268830.88,CRC,comision,sinpe,AL-001,Cuenta Ahorro
TXN-00021600,CTA-576060,CLI-54099,2026-06-23 15:28:00,4950931.87,CRC,pago,sucursal,AL-001,Cuenta Ahorro
TXN-00021601,CTA-377494,CLI-32789,2026-06-16 22:01:00,1237147.02,CRC,comision,web,AL-001,Préstamo Hipotecario
TXN-00021602,CTA-971200,CLI-52444,2026-06-30 14:55:00,4126417.39,CRC,transferencia,app_movil,SJ-002,Tarjeta Crédito
TXN-00021603,CTA-323173,CLI-22784,2026-06-20 18:24:00,846071.19,CRC,deposito,sucursal,SJ-002,Cuenta Corriente
TXN-00021604,CTA-148406,CLI-63754,2026-06-27 02:37:00,3385341.03,CRC,transferencia,sinpe,SJ-001,Cuenta Ahorro
TXN-00021605,CTA-962376,CLI-79382,2026-06-29 23:03:00,244115.31,CRC,transferencia,atm,CA-001,Cuenta Corriente
TXN-00021606,CTA-346816,CLI-51195,2026-06-06 07:10:00,3476620.63,CRC,comision,sinpe,SJ-001,Cuenta Corriente
TXN-00021607,CTA-750820,CLI-35526,2026-06-23 21:55:00,4846282.59,CRC,retiro,sucursal,HE-001,Cuenta Corriente
TXN-00021608,CTA-491071,CLI-14577,2026-06-04 03:07:00,4024419.74,CRC,comision,sucursal,LI-001,Préstamo Personal
TXN-00021609,CTA-580308,CLI-37928,2026-06-19 21:36:00,1718725.13,CRC,retiro,web,AL-001,Tarjeta Crédito
TXN-00021610,CTA-956698,CLI-25891,2026-06-15 15:51:00,4039322.37,CRC,comision,web,AL-001,Préstamo Hipotecario
TXN-00021611,CTA-587220,CLI-78453,2026-06-18 15:51:00,3439535.62,CRC,retiro,atm,LI-001,Tarjeta Crédito
TXN-00021612,CTA-436747,CLI-27497,2026-06-01 13:03:00,2741224.03,CRC,retiro,sucursal,CA-001,Cuenta Corriente
TXN-00021613,CTA-250827,CLI-38993,2026-06-01 15:38:00,479718.85,CRC,comision,sinpe,LI-002,Préstamo Hipotecario
TXN-00021614,CTA-963333,CLI-84786,2026-06-25 13:59:00,3225157.06,CRC,transferencia,web,SJ-002,Préstamo Hipotecario
TXN-00021615,CTA-718697,CLI-58720,2026-06-25 10:30:00,3439586.65,CRC,pago,sinpe,LI-001,Cuenta Corriente
TXN-00021616,CTA-932909,CLI-27146,2026-06-15 05:14:00,2872896.53,CRC,comision,app_movil,LI-002,Cuenta Ahorro
TXN-00021617,CTA-130849,CLI-90895,2026-06-15 10:23:00,16269.7,CRC,deposito,app_movil,AL-001,Préstamo Hipotecario
TXN-00021618,CTA-321600,CLI-51480,2026-06-12 18:04:00,4110412.53,CRC,transferencia,app_movil,LI-001,Cuenta Ahorro
TXN-00021619,CTA-862846,CLI-13909,2026-06-25 21:34:00,3845446.47,CRC,pago,web,LI-001,Préstamo Personal
TXN-00021620,CTA-982528,CLI-25896,2026-06-26 17:05:00,612026.65,CRC,pago,app_movil,HE-001,Tarjeta Crédito
TXN-00021621,CTA-957719,CLI-85749,2026-06-01 22:32:00,3311604.69,CRC,comision,app_movil,PU-001,Tarjeta Crédito
TXN-00021622,CTA-587139,CLI-83739,2026-06-06 00:01:00,3748132.14,CRC,pago,app_movil,HE-001,Préstamo Hipotecario
TXN-00021623,CTA-388370,CLI-44243,2026-06-26 10:01:00,3235580.94,CRC,retiro,app_movil,PU-001,Cuenta Corriente
TXN-00021624,CTA-883230,CLI-60787,2026-06-23 09:46:00,2125587.06,CRC,comision,web,LI-002,Cuenta Ahorro
TXN-00021625,CTA-245645,CLI-89079,2026-06-07 22:31:00,2813038.42,CRC,comision,sucursal,AL-001,Cuenta Corriente
TXN-00021626,CTA-850871,CLI-87143,2026-06-04 00:28:00,4250627.13,CRC,pago,app_movil,AL-001,Tarjeta Crédito
TXN-00021627,CTA-366835,CLI-54051,2026-06-07 22:02:00,4404956.84,CRC,retiro,sinpe,LI-002,Préstamo Personal
TXN-00021628,CTA-926166,CLI-42236,2026-06-05 01:40:00,533607.63,CRC,pago,atm,PU-001,Cuenta Corriente
TXN-00021629,CTA-891226,CLI-11064,2026-06-02 17:21:00,4657939.46,CRC,retiro,sinpe,SJ-001,Préstamo Hipotecario
TXN-00021630,CTA-602793,CLI-90026,2026-06-30 02:09:00,900805.67,CRC,deposito,sinpe,LI-002,Préstamo Hipotecario
TXN-00021631,CTA-526878,CLI-32908,2026-06-05 18:01:00,4107119.99,CRC,retiro,sucursal,SJ-002,Préstamo Hipotecario
TXN-00021632,CTA-846003,CLI-26203,2026-06-05 06:59:00,472191.63,CRC,retiro,app_movil,LI-001,Cuenta Ahorro
TXN-00021633,CTA-911235,CLI-97355,2026-06-26 09:59:00,287878.82,CRC,deposito,sinpe,CA-001,Tarjeta Crédito
TXN-00021634,CTA-532132,CLI-60224,2026-06-23 09:11:00,731660.39,CRC,transferencia,sucursal,CA-001,Cuenta Corriente
TXN-00021635,CTA-427123,CLI-77747,2026-06-19 11:54:00,3518551.47,CRC,retiro,app_movil,HE-001,Cuenta Ahorro
TXN-00021636,CTA-205008,CLI-46626,2026-06-20 22:54:00,3933797.05,CRC,deposito,sucursal,LI-001,Préstamo Personal
TXN-00021637,CTA-818262,CLI-37697,2026-06-16 01:29:00,1673698.99,CRC,pago,app_movil,HE-001,Cuenta Corriente
TXN-00021638,CTA-615145,CLI-30486,2026-06-30 05:40:00,4489284.06,CRC,retiro,web,CA-001,Tarjeta Crédito
TXN-00021639,CTA-304927,CLI-49716,2026-06-17 21:54:00,2332781.42,CRC,deposito,sucursal,CA-001,Tarjeta Crédito
TXN-00021640,CTA-820976,CLI-42776,2026-06-27 07:09:00,4916697.53,CRC,deposito,sinpe,SJ-001,Cuenta Ahorro
TXN-00021641,CTA-130636,CLI-63803,2026-06-06 19:51:00,477316.53,CRC,deposito,sucursal,AL-001,Préstamo Hipotecario
TXN-00021642,CTA-116396,CLI-33170,2026-06-20 20:00:00,4383751.68,CRC,deposito,sinpe,AL-001,Cuenta Corriente
TXN-00021643,CTA-218117,CLI-48668,2026-06-02 18:12:00,4281134.3,CRC,deposito,sinpe,SJ-001,Cuenta Corriente
TXN-00021644,CTA-879805,CLI-14259,2026-06-16 17:05:00,2335230.01,CRC,transferencia,sinpe,CA-001,Préstamo Personal
TXN-00021645,CTA-246089,CLI-14023,2026-06-21 09:51:00,2905133.67,CRC,transferencia,sucursal,SJ-002,Cuenta Ahorro
TXN-00021646,CTA-666536,CLI-84849,2026-06-02 00:11:00,1755464.32,CRC,comision,app_movil,SJ-002,Préstamo Hipotecario
TXN-00021647,CTA-419896,CLI-40563,2026-06-18 13:49:00,3944546.7,CRC,pago,sucursal,LI-002,Tarjeta Crédito
TXN-00021648,CTA-273938,CLI-36899,2026-06-14 05:37:00,3590044.24,CRC,retiro,atm,PU-001,Cuenta Ahorro
TXN-00021649,CTA-404420,CLI-30002,2026-06-11 02:43:00,2679650.79,CRC,deposito,atm,CA-001,Cuenta Ahorro
TXN-00021650,CTA-375546,CLI-77701,2026-06-18 03:36:00,4095891.11,CRC,pago,atm,LI-002,Préstamo Hipotecario
TXN-00021651,CTA-587498,CLI-45041,2026-06-23 08:05:00,2793828.21,CRC,pago,sucursal,HE-001,Tarjeta Crédito
TXN-00021652,CTA-965150,CLI-25591,2026-06-21 09:13:00,2061264.3,CRC,deposito,sinpe,LI-002,Cuenta Corriente
TXN-00021653,CTA-940843,CLI-37615,2026-06-14 09:42:00,2606344.44,CRC,deposito,sucursal,LI-002,Tarjeta Crédito
TXN-00021654,CTA-194622,CLI-19843,2026-06-21 19:36:00,202350.09,CRC,retiro,app_movil,CA-001,Préstamo Hipotecario
TXN-00021655,CTA-776392,CLI-68443,2026-06-06 12:44:00,965761.5,CRC,pago,sucursal,HE-001,Préstamo Hipotecario
TXN-00021656,CTA-796657,CLI-31630,2026-06-05 02:45:00,1116473.39,CRC,retiro,app_movil,PU-001,Cuenta Corriente
TXN-00021657,CTA-182203,CLI-83538,2026-06-30 14:51:00,1240806.43,CRC,comision,sinpe,SJ-001,Cuenta Corriente
TXN-00021658,CTA-429000,CLI-98631,2026-06-21 13:14:00,3314534.71,CRC,retiro,sinpe,SJ-002,Préstamo Personal
TXN-00021659,CTA-392617,CLI-70032,2026-06-18 08:08:00,4745096.47,CRC,retiro,sucursal,SJ-001,Cuenta Ahorro
TXN-00021660,CTA-358440,CLI-78066,2026-06-07 19:52:00,3382905.37,CRC,retiro,web,CA-001,Tarjeta Crédito
TXN-00021661,CTA-266589,CLI-66500,2026-06-12 06:25:00,974813.11,CRC,retiro,sucursal,PU-001,Préstamo Hipotecario
TXN-00021662,CTA-322721,CLI-75262,2026-06-21 09:24:00,4688318.33,CRC,pago,web,LI-001,Préstamo Personal
TXN-00021663,CTA-835487,CLI-11261,2026-06-03 20:55:00,4762652.95,CRC,retiro,web,HE-001,Préstamo Personal
TXN-00021664,CTA-893498,CLI-43754,2026-06-03 02:46:00,3449516.65,CRC,deposito,web,SJ-002,Tarjeta Crédito
TXN-00021665,CTA-184702,CLI-62696,2026-06-04 22:03:00,4973364.17,CRC,transferencia,sucursal,AL-001,Tarjeta Crédito
TXN-00021666,CTA-671297,CLI-24412,2026-06-22 06:47:00,3136111.38,CRC,deposito,web,HE-001,Cuenta Ahorro
TXN-00021667,CTA-540185,CLI-92063,2026-06-03 16:31:00,138761.52,CRC,pago,sinpe,PU-001,Préstamo Hipotecario
TXN-00021668,CTA-471831,CLI-27378,2026-06-21 15:53:00,3844835.67,CRC,transferencia,app_movil,AL-001,Préstamo Hipotecario
TXN-00021669,CTA-789226,CLI-41831,2026-06-17 21:40:00,3466501.44,CRC,pago,sinpe,AL-001,Préstamo Hipotecario
TXN-00021670,CTA-841820,CLI-41453,2026-06-24 18:32:00,1180979.53,CRC,comision,sucursal,AL-001,Cuenta Corriente
TXN-00021671,CTA-637084,CLI-53861,2026-06-11 10:08:00,4477806.61,CRC,retiro,web,PU-001,Préstamo Hipotecario
TXN-00021672,CTA-544426,CLI-51621,2026-06-04 04:45:00,4235074.51,CRC,comision,atm,SJ-001,Cuenta Ahorro
TXN-00021673,CTA-306871,CLI-54938,2026-06-13 17:51:00,4218252.56,CRC,transferencia,app_movil,CA-001,Préstamo Hipotecario
TXN-00021674,CTA-758770,CLI-78385,2026-06-30 05:15:00,2323891.57,CRC,transferencia,atm,LI-001,Préstamo Hipotecario
TXN-00021675,CTA-831590,CLI-17765,2026-06-11 17:15:00,143580.18,CRC,retiro,app_movil,AL-001,Préstamo Personal
TXN-00021676,CTA-235860,CLI-79938,2026-06-13 13:19:00,774136.06,CRC,retiro,app_movil,HE-001,Cuenta Corriente
TXN-00021677,CTA-930973,CLI-66335,2026-06-14 05:43:00,4148220.38,CRC,comision,sucursal,LI-002,Préstamo Personal
TXN-00021678,CTA-130988,CLI-83791,2026-06-10 22:54:00,3589470.31,CRC,retiro,sinpe,CA-001,Tarjeta Crédito
TXN-00021679,CTA-542663,CLI-58881,2026-06-04 10:39:00,4193335.41,CRC,pago,atm,SJ-002,Préstamo Hipotecario
TXN-00021680,CTA-128736,CLI-88404,2026-06-24 12:38:00,1619965.93,CRC,comision,app_movil,SJ-001,Cuenta Corriente
TXN-00021681,CTA-285107,CLI-23641,2026-06-10 03:08:00,299120.37,CRC,pago,app_movil,CA-001,Tarjeta Crédito
TXN-00021682,CTA-662077,CLI-19412,2026-06-04 19:43:00,2838353.38,CRC,pago,atm,LI-002,Cuenta Corriente
TXN-00021683,CTA-484609,CLI-40427,2026-06-09 14:08:00,2038781.6,CRC,deposito,app_movil,LI-001,Tarjeta Crédito
TXN-00021684,CTA-112387,CLI-78631,2026-06-14 04:30:00,2229216.32,CRC,deposito,sucursal,LI-002,Cuenta Ahorro
TXN-00021685,CTA-740060,CLI-43020,2026-06-13 23:39:00,4945813.67,CRC,deposito,sinpe,LI-001,Préstamo Hipotecario
TXN-00021686,CTA-988187,CLI-95686,2026-06-04 15:51:00,1512223.07,CRC,deposito,sucursal,CA-001,Cuenta Ahorro
TXN-00021687,CTA-658656,CLI-59356,2026-06-07 14:12:00,2083098.49,CRC,comision,atm,PU-001,Cuenta Corriente
TXN-00021688,CTA-624065,CLI-96726,2026-06-26 16:01:00,1804383.66,CRC,deposito,atm,LI-001,Cuenta Corriente
TXN-00021689,CTA-658430,CLI-78238,2026-06-11 13:46:00,2565655.5,CRC,retiro,atm,SJ-001,Cuenta Corriente
TXN-00021690,CTA-307063,CLI-44715,2026-06-01 08:12:00,1766804.79,CRC,pago,atm,PU-001,Préstamo Personal
TXN-00021691,CTA-425971,CLI-75138,2026-06-20 20:22:00,301560.69,CRC,deposito,app_movil,SJ-002,Préstamo Personal
TXN-00021692,CTA-323019,CLI-65286,2026-06-04 07:57:00,4005906.17,CRC,deposito,sucursal,LI-002,Préstamo Hipotecario
TXN-00021693,CTA-885671,CLI-43021,2026-06-27 09:07:00,1673303.0,CRC,deposito,atm,AL-001,Préstamo Hipotecario
TXN-00021694,CTA-310629,CLI-50449,2026-06-03 17:01:00,132427.78,CRC,deposito,sinpe,AL-001,Préstamo Personal
TXN-00021695,CTA-398420,CLI-77468,2026-06-04 04:46:00,4554117.6,CRC,retiro,sinpe,SJ-001,Préstamo Personal
TXN-00021696,CTA-168335,CLI-91128,2026-06-30 14:28:00,4910410.52,CRC,retiro,sucursal,SJ-001,Cuenta Ahorro
TXN-00021697,CTA-809266,CLI-35504,2026-06-22 05:33:00,3307249.63,CRC,retiro,atm,SJ-001,Cuenta Ahorro
TXN-00021698,CTA-292557,CLI-13014,2026-06-01 16:09:00,130442.51,CRC,comision,app_movil,PU-001,Cuenta Ahorro
TXN-00021699,CTA-811988,CLI-94611,2026-06-01 21:32:00,4109507.04,CRC,comision,sucursal,LI-001,Tarjeta Crédito
TXN-00021700,CTA-955511,CLI-47127,2026-06-07 22:26:00,1267044.08,CRC,deposito,sucursal,SJ-002,Cuenta Ahorro
TXN-00021701,CTA-219823,CLI-63721,2026-06-04 17:12:00,1994463.89,CRC,retiro,web,SJ-001,Tarjeta Crédito
TXN-00021702,CTA-706729,CLI-41862,2026-06-13 18:01:00,1676144.12,CRC,deposito,web,AL-001,Cuenta Corriente
TXN-00021703,CTA-261919,CLI-51734,2026-06-25 02:22:00,1830953.81,CRC,deposito,sinpe,HE-001,Préstamo Hipotecario
TXN-00021704,CTA-774987,CLI-63864,2026-06-04 04:09:00,1296350.44,CRC,comision,sucursal,HE-001,Préstamo Hipotecario
TXN-00021705,CTA-507978,CLI-11670,2026-06-17 17:14:00,4989619.5,CRC,pago,sucursal,CA-001,Préstamo Personal
TXN-00021706,CTA-688844,CLI-11866,2026-06-20 03:26:00,791405.87,CRC,deposito,app_movil,AL-001,Tarjeta Crédito
TXN-00021707,CTA-869473,CLI-33970,2026-06-07 00:31:00,2565242.69,CRC,transferencia,atm,SJ-002,Tarjeta Crédito
TXN-00021708,CTA-222643,CLI-45374,2026-06-13 06:02:00,3629558.71,CRC,deposito,atm,PU-001,Préstamo Hipotecario
TXN-00021709,CTA-766229,CLI-35645,2026-06-13 10:38:00,1783186.36,CRC,deposito,app_movil,SJ-002,Cuenta Ahorro
TXN-00021710,CTA-921973,CLI-27435,2026-06-12 02:56:00,2081851.12,CRC,comision,atm,LI-002,Tarjeta Crédito
TXN-00021711,CTA-521255,CLI-85147,2026-06-27 17:09:00,4183536.48,CRC,transferencia,sinpe,LI-001,Préstamo Hipotecario
TXN-00021712,CTA-410162,CLI-29376,2026-06-23 14:32:00,652750.84,CRC,retiro,sinpe,LI-002,Cuenta Ahorro
TXN-00021713,CTA-154184,CLI-32488,2026-06-28 22:08:00,3351963.24,CRC,retiro,app_movil,LI-002,Cuenta Corriente
TXN-00021714,CTA-127648,CLI-75336,2026-06-09 23:35:00,474745.81,CRC,comision,sinpe,LI-001,Préstamo Hipotecario
TXN-00021715,CTA-214576,CLI-12937,2026-06-18 21:44:00,3644304.39,CRC,comision,sinpe,SJ-002,Préstamo Hipotecario
TXN-00021716,CTA-711851,CLI-13110,2026-06-20 03:12:00,671273.42,CRC,transferencia,atm,LI-002,Cuenta Ahorro
TXN-00021717,CTA-167549,CLI-75912,2026-06-21 21:14:00,700813.26,CRC,retiro,web,LI-002,Préstamo Personal
TXN-00021718,CTA-628583,CLI-57932,2026-06-11 20:13:00,610189.24,CRC,comision,sucursal,LI-002,Tarjeta Crédito
TXN-00021719,CTA-892261,CLI-53197,2026-06-22 16:53:00,497367.84,CRC,comision,sinpe,PU-001,Cuenta Ahorro
TXN-00021720,CTA-540438,CLI-45927,2026-06-04 08:11:00,4883329.1,CRC,transferencia,app_movil,CA-001,Cuenta Ahorro
TXN-00021721,CTA-634833,CLI-99810,2026-06-26 19:52:00,1478896.37,CRC,pago,sucursal,HE-001,Préstamo Hipotecario
TXN-00021722,CTA-226473,CLI-49213,2026-06-24 18:47:00,4086835.22,CRC,deposito,app_movil,PU-001,Tarjeta Crédito
TXN-00021723,CTA-201844,CLI-24326,2026-06-03 18:46:00,4230929.55,CRC,transferencia,sinpe,AL-001,Tarjeta Crédito
TXN-00021724,CTA-817601,CLI-20424,2026-06-17 20:18:00,4961799.4,CRC,transferencia,atm,SJ-002,Cuenta Corriente
TXN-00021725,CTA-320865,CLI-84503,2026-06-01 02:12:00,3823295.38,CRC,deposito,app_movil,SJ-002,Préstamo Personal
TXN-00021726,CTA-108996,CLI-24440,2026-06-05 05:08:00,968272.15,CRC,retiro,sinpe,CA-001,Préstamo Hipotecario
TXN-00021727,CTA-981353,CLI-35938,2026-06-07 23:35:00,3267617.34,CRC,comision,sinpe,AL-001,Cuenta Corriente
TXN-00021728,CTA-405434,CLI-83967,2026-06-03 21:28:00,4007632.47,CRC,retiro,sinpe,LI-002,Cuenta Ahorro
TXN-00021729,CTA-354946,CLI-72581,2026-06-21 23:27:00,2585752.15,CRC,pago,atm,CA-001,Tarjeta Crédito
TXN-00021730,CTA-743292,CLI-51914,2026-06-07 19:26:00,1256168.51,CRC,retiro,atm,AL-001,Préstamo Hipotecario
TXN-00021731,CTA-340613,CLI-65034,2026-06-30 18:04:00,1945784.91,CRC,transferencia,sucursal,SJ-001,Préstamo Personal
TXN-00021732,CTA-459395,CLI-37177,2026-06-22 19:01:00,2422312.52,CRC,retiro,app_movil,LI-002,Préstamo Hipotecario
TXN-00021733,CTA-704510,CLI-25091,2026-06-07 10:03:00,1880013.12,CRC,transferencia,app_movil,AL-001,Préstamo Hipotecario
TXN-00021734,CTA-225501,CLI-80900,2026-06-29 02:43:00,3822167.37,CRC,deposito,atm,AL-001,Préstamo Hipotecario
TXN-00021735,CTA-959883,CLI-78707,2026-06-29 03:59:00,2220486.36,CRC,retiro,atm,AL-001,Préstamo Hipotecario
TXN-00021736,CTA-160629,CLI-93136,2026-06-23 23:24:00,2856206.27,CRC,comision,atm,HE-001,Cuenta Ahorro
TXN-00021737,CTA-293307,CLI-61523,2026-06-07 08:11:00,846395.01,CRC,comision,atm,HE-001,Préstamo Personal
TXN-00021738,CTA-161252,CLI-96579,2026-06-15 17:33:00,4792838.6,CRC,pago,web,LI-001,Cuenta Corriente
TXN-00021739,CTA-158265,CLI-25866,2026-06-26 16:49:00,1627558.57,CRC,retiro,sinpe,LI-001,Préstamo Hipotecario
TXN-00021740,CTA-344682,CLI-85961,2026-06-07 09:19:00,4131229.44,CRC,transferencia,sinpe,SJ-002,Cuenta Ahorro
TXN-00021741,CTA-940345,CLI-30538,2026-06-14 20:33:00,1633449.32,CRC,transferencia,atm,HE-001,Préstamo Personal
TXN-00021742,CTA-274666,CLI-63628,2026-06-26 01:42:00,715788.08,CRC,comision,web,LI-002,Cuenta Ahorro
TXN-00021743,CTA-532059,CLI-54101,2026-06-18 14:47:00,2718108.32,CRC,retiro,app_movil,SJ-002,Cuenta Corriente
TXN-00021744,CTA-926393,CLI-22750,2026-06-09 13:12:00,1627197.92,CRC,pago,web,SJ-001,Tarjeta Crédito
TXN-00021745,CTA-613900,CLI-35185,2026-06-02 02:00:00,3170015.85,CRC,retiro,sinpe,SJ-001,Tarjeta Crédito
TXN-00021746,CTA-788931,CLI-78912,2026-06-04 00:41:00,2804885.2,CRC,pago,atm,CA-001,Préstamo Personal
TXN-00021747,CTA-228834,CLI-77388,2026-06-17 12:16:00,3128099.73,CRC,retiro,sinpe,CA-001,Cuenta Ahorro
TXN-00021748,CTA-659405,CLI-15884,2026-06-24 19:54:00,1039037.69,CRC,pago,sinpe,LI-002,Cuenta Ahorro
TXN-00021749,CTA-211051,CLI-91034,2026-06-02 14:37:00,3561864.98,CRC,pago,atm,SJ-002,Cuenta Ahorro
TXN-00021750,CTA-492733,CLI-87753,2026-06-13 10:07:00,1132968.02,CRC,retiro,sinpe,LI-001,Cuenta Ahorro
TXN-00021751,CTA-540493,CLI-18383,2026-06-28 16:14:00,152529.85,CRC,retiro,sinpe,HE-001,Cuenta Ahorro
TXN-00021752,CTA-117117,CLI-13038,2026-06-29 21:47:00,3348124.59,CRC,comision,web,PU-001,Cuenta Ahorro
TXN-00021753,CTA-690115,CLI-60918,2026-06-27 22:06:00,4604839.84,CRC,pago,app_movil,LI-002,Préstamo Hipotecario
TXN-00021754,CTA-365404,CLI-97348,2026-06-19 11:27:00,2717306.69,CRC,comision,app_movil,LI-002,Tarjeta Crédito
TXN-00021755,CTA-671435,CLI-46578,2026-06-29 05:54:00,180368.53,CRC,comision,app_movil,HE-001,Cuenta Ahorro
TXN-00021756,CTA-473772,CLI-35365,2026-06-25 14:21:00,3672908.14,CRC,comision,web,SJ-001,Préstamo Hipotecario
TXN-00021757,CTA-935502,CLI-25289,2026-06-01 01:29:00,2837272.01,CRC,retiro,app_movil,LI-002,Tarjeta Crédito
TXN-00021758,CTA-368302,CLI-88799,2026-06-15 15:58:00,1157934.71,CRC,deposito,sucursal,LI-002,Tarjeta Crédito
TXN-00021759,CTA-483483,CLI-51482,2026-06-21 11:43:00,3292421.28,CRC,pago,atm,AL-001,Préstamo Personal
TXN-00021760,CTA-484874,CLI-81446,2026-06-23 07:13:00,1599226.7,CRC,comision,atm,SJ-001,Cuenta Corriente
TXN-00021761,CTA-156071,CLI-17797,2026-06-20 13:36:00,4929652.8,CRC,deposito,sucursal,LI-001,Préstamo Personal
TXN-00021762,CTA-827045,CLI-83475,2026-06-15 11:46:00,2381413.48,CRC,retiro,web,LI-001,Tarjeta Crédito
TXN-00021763,CTA-871234,CLI-14029,2026-06-11 03:46:00,4517447.84,CRC,pago,app_movil,SJ-002,Tarjeta Crédito
TXN-00021764,CTA-145250,CLI-77452,2026-06-04 01:00:00,1784813.18,CRC,pago,atm,AL-001,Cuenta Corriente
TXN-00021765,CTA-547053,CLI-61912,2026-06-01 11:55:00,2421360.27,CRC,deposito,sinpe,AL-001,Cuenta Ahorro
TXN-00021766,CTA-687306,CLI-41293,2026-06-08 00:51:00,4930735.6,CRC,deposito,app_movil,AL-001,Préstamo Hipotecario
TXN-00021767,CTA-166723,CLI-21006,2026-06-21 05:35:00,64346.58,CRC,comision,sucursal,AL-001,Cuenta Corriente
TXN-00021768,CTA-144073,CLI-64499,2026-06-17 18:47:00,503497.62,CRC,transferencia,sucursal,HE-001,Cuenta Ahorro
TXN-00021769,CTA-752186,CLI-76222,2026-06-25 14:30:00,1926868.15,CRC,comision,sinpe,HE-001,Cuenta Ahorro
TXN-00021770,CTA-814855,CLI-83159,2026-06-12 11:51:00,4576519.65,CRC,comision,sinpe,AL-001,Tarjeta Crédito
TXN-00021771,CTA-366804,CLI-68687,2026-06-06 18:47:00,1627979.94,CRC,comision,atm,SJ-001,Cuenta Ahorro
TXN-00021772,CTA-749198,CLI-19381,2026-06-23 04:34:00,1736195.99,CRC,transferencia,atm,PU-001,Préstamo Hipotecario
TXN-00021773,CTA-878892,CLI-68157,2026-06-15 11:52:00,296379.11,CRC,transferencia,sucursal,SJ-002,Tarjeta Crédito
TXN-00021774,CTA-623516,CLI-98759,2026-06-21 17:55:00,3998895.89,CRC,pago,app_movil,SJ-002,Préstamo Hipotecario
TXN-00021775,CTA-468526,CLI-92353,2026-06-06 05:20:00,4654235.21,CRC,deposito,sucursal,HE-001,Cuenta Corriente
TXN-00021776,CTA-916891,CLI-56165,2026-06-11 18:55:00,3318541.69,CRC,retiro,sinpe,LI-002,Préstamo Personal
TXN-00021777,CTA-960275,CLI-49250,2026-06-16 12:26:00,1645051.18,CRC,deposito,sinpe,CA-001,Préstamo Hipotecario
TXN-00021778,CTA-912753,CLI-98190,2026-06-19 22:00:00,3655486.98,CRC,pago,app_movil,SJ-002,Préstamo Personal
TXN-00021779,CTA-261508,CLI-75994,2026-06-29 17:04:00,3926845.4,CRC,retiro,atm,PU-001,Cuenta Ahorro
TXN-00021780,CTA-345624,CLI-91386,2026-06-02 15:23:00,2196320.53,CRC,pago,atm,LI-002,Tarjeta Crédito
TXN-00021781,CTA-641557,CLI-18948,2026-06-12 11:04:00,1549638.73,CRC,pago,atm,LI-002,Tarjeta Crédito
TXN-00021782,CTA-637278,CLI-18629,2026-06-09 19:27:00,3255352.71,CRC,comision,web,AL-001,Préstamo Hipotecario
TXN-00021783,CTA-275083,CLI-67786,2026-06-13 08:20:00,4074282.83,CRC,retiro,sinpe,SJ-001,Préstamo Personal
TXN-00021784,CTA-702149,CLI-25712,2026-06-09 21:20:00,3447106.48,CRC,deposito,sucursal,SJ-002,Tarjeta Crédito
TXN-00021785,CTA-912455,CLI-96213,2026-06-16 07:27:00,3718226.38,CRC,comision,sinpe,SJ-002,Tarjeta Crédito
TXN-00021786,CTA-724374,CLI-39150,2026-06-25 20:43:00,3142171.37,CRC,transferencia,web,LI-002,Tarjeta Crédito
TXN-00021787,CTA-271453,CLI-18068,2026-06-19 21:00:00,1728826.73,CRC,retiro,app_movil,SJ-001,Préstamo Hipotecario
TXN-00021788,CTA-237171,CLI-68752,2026-06-28 03:15:00,381290.47,CRC,comision,sucursal,LI-001,Cuenta Ahorro
TXN-00021789,CTA-488453,CLI-76968,2026-06-21 05:06:00,266821.16,CRC,transferencia,atm,LI-001,Cuenta Corriente
TXN-00021790,CTA-307435,CLI-53667,2026-06-04 21:49:00,1231345.83,CRC,transferencia,sucursal,HE-001,Préstamo Personal
TXN-00021791,CTA-581126,CLI-24243,2026-06-20 13:25:00,1627796.63,CRC,transferencia,app_movil,HE-001,Tarjeta Crédito
TXN-00021792,CTA-906624,CLI-54839,2026-06-29 01:15:00,4213098.09,CRC,comision,web,CA-001,Cuenta Ahorro
TXN-00021793,CTA-479985,CLI-56545,2026-06-19 03:42:00,4582647.12,CRC,pago,sinpe,PU-001,Tarjeta Crédito
TXN-00021794,CTA-852269,CLI-42934,2026-06-25 23:53:00,4030275.79,CRC,retiro,atm,SJ-001,Préstamo Hipotecario
TXN-00021795,CTA-142312,CLI-40762,2026-06-08 00:31:00,671871.79,CRC,comision,app_movil,LI-001,Préstamo Personal
TXN-00021796,CTA-723800,CLI-92546,2026-06-24 10:33:00,3309019.04,CRC,deposito,app_movil,SJ-001,Tarjeta Crédito
TXN-00021797,CTA-878808,CLI-54279,2026-06-25 17:30:00,2311082.57,CRC,transferencia,sinpe,AL-001,Préstamo Hipotecario
TXN-00021798,CTA-431564,CLI-29142,2026-06-07 04:35:00,1504683.12,CRC,retiro,atm,PU-001,Préstamo Personal
TXN-00021799,CTA-463675,CLI-24247,2026-06-30 23:41:00,1452763.83,CRC,deposito,web,SJ-001,Cuenta Corriente
TXN-00021800,CTA-223305,CLI-27368,2026-06-02 07:31:00,4278171.73,CRC,transferencia,app_movil,HE-001,Préstamo Hipotecario
TXN-00021801,CTA-677024,CLI-92342,2026-06-15 08:08:00,138575.85,CRC,retiro,sinpe,PU-001,Tarjeta Crédito
TXN-00021802,CTA-419323,CLI-36414,2026-06-21 21:18:00,3063829.42,CRC,deposito,app_movil,LI-001,Cuenta Corriente
TXN-00021803,CTA-492284,CLI-51317,2026-06-09 20:11:00,879050.55,CRC,deposito,sucursal,SJ-001,Cuenta Ahorro
TXN-00021804,CTA-375487,CLI-47643,2026-06-26 02:00:00,3458598.05,CRC,pago,app_movil,PU-001,Tarjeta Crédito
TXN-00021805,CTA-429863,CLI-81617,2026-06-26 08:05:00,981334.82,CRC,pago,app_movil,SJ-001,Préstamo Personal
TXN-00021806,CTA-679684,CLI-98872,2026-06-08 21:00:00,311652.21,CRC,pago,sinpe,SJ-001,Préstamo Hipotecario
TXN-00021807,CTA-485333,CLI-22612,2026-06-17 20:37:00,1800943.81,CRC,comision,app_movil,CA-001,Tarjeta Crédito
TXN-00021808,CTA-431900,CLI-91383,2026-06-01 12:51:00,3058542.87,CRC,deposito,sucursal,HE-001,Cuenta Corriente
TXN-00021809,CTA-825071,CLI-88848,2026-06-26 20:37:00,775263.6,CRC,retiro,sucursal,PU-001,Tarjeta Crédito
TXN-00021810,CTA-902032,CLI-50170,2026-06-29 04:36:00,3941805.73,CRC,comision,app_movil,LI-002,Cuenta Ahorro
TXN-00021811,CTA-383608,CLI-85843,2026-06-17 11:16:00,648897.85,CRC,pago,sucursal,LI-002,Préstamo Personal
TXN-00021812,CTA-105099,CLI-53507,2026-06-02 04:49:00,343494.01,CRC,pago,web,SJ-001,Cuenta Ahorro
TXN-00021813,CTA-408886,CLI-29819,2026-06-08 20:11:00,3580707.75,CRC,transferencia,web,LI-002,Préstamo Personal
TXN-00021814,CTA-245715,CLI-20831,2026-06-08 21:53:00,3559068.79,CRC,pago,sucursal,HE-001,Préstamo Personal
TXN-00021815,CTA-613980,CLI-82841,2026-06-09 05:41:00,2926872.16,CRC,comision,web,SJ-001,Préstamo Hipotecario
TXN-00021816,CTA-189138,CLI-88895,2026-06-18 13:07:00,4834908.17,CRC,transferencia,sinpe,CA-001,Préstamo Personal
TXN-00021817,CTA-274490,CLI-47501,2026-06-01 09:28:00,1594256.09,CRC,transferencia,web,PU-001,Tarjeta Crédito
TXN-00021818,CTA-116123,CLI-11764,2026-06-16 01:06:00,4568879.87,CRC,comision,atm,LI-001,Préstamo Hipotecario
TXN-00021819,CTA-146134,CLI-84252,2026-06-05 22:59:00,4116969.01,CRC,retiro,sinpe,AL-001,Tarjeta Crédito
TXN-00021820,CTA-255468,CLI-71253,2026-06-05 13:55:00,3328943.92,CRC,transferencia,atm,LI-001,Cuenta Corriente
TXN-00021821,CTA-591736,CLI-40283,2026-06-13 18:47:00,1961192.81,CRC,deposito,sucursal,SJ-002,Cuenta Ahorro
TXN-00021822,CTA-855148,CLI-52747,2026-06-28 17:53:00,334970.89,CRC,comision,app_movil,SJ-002,Préstamo Personal
TXN-00021823,CTA-527557,CLI-16977,2026-06-01 12:47:00,2612507.79,CRC,comision,sucursal,SJ-002,Cuenta Corriente
TXN-00021824,CTA-548147,CLI-78952,2026-06-24 10:59:00,4978198.06,CRC,deposito,sucursal,CA-001,Tarjeta Crédito
TXN-00021825,CTA-258183,CLI-65379,2026-06-28 05:10:00,4171917.34,CRC,retiro,sucursal,CA-001,Préstamo Personal
TXN-00021826,CTA-647778,CLI-25959,2026-06-07 08:43:00,3699248.49,CRC,transferencia,sinpe,PU-001,Préstamo Hipotecario
TXN-00021827,CTA-140318,CLI-29308,2026-06-29 02:51:00,2134376.77,CRC,transferencia,sinpe,LI-001,Cuenta Ahorro
TXN-00021828,CTA-736217,CLI-48880,2026-06-11 06:40:00,1901052.18,CRC,deposito,app_movil,HE-001,Préstamo Hipotecario
TXN-00021829,CTA-943678,CLI-27128,2026-06-27 02:22:00,1228033.52,CRC,comision,sinpe,PU-001,Cuenta Corriente
TXN-00021830,CTA-401343,CLI-66566,2026-06-16 09:49:00,4182661.35,CRC,transferencia,web,CA-001,Préstamo Personal
TXN-00021831,CTA-116915,CLI-89872,2026-06-24 13:23:00,4995790.18,CRC,transferencia,web,CA-001,Préstamo Personal
TXN-00021832,CTA-101902,CLI-76890,2026-06-23 09:26:00,597706.5,CRC,transferencia,sinpe,LI-001,Tarjeta Crédito
TXN-00021833,CTA-777081,CLI-37766,2026-06-17 01:55:00,4134652.31,CRC,pago,app_movil,AL-001,Tarjeta Crédito
TXN-00021834,CTA-612622,CLI-87669,2026-06-06 04:14:00,245027.68,CRC,retiro,sinpe,HE-001,Cuenta Ahorro
TXN-00021835,CTA-618279,CLI-94611,2026-06-29 03:39:00,3408943.02,CRC,retiro,sucursal,CA-001,Tarjeta Crédito
TXN-00021836,CTA-949561,CLI-75940,2026-06-15 18:25:00,2065095.99,CRC,retiro,sinpe,LI-001,Tarjeta Crédito
TXN-00021837,CTA-574468,CLI-74169,2026-06-09 06:09:00,1052168.32,CRC,deposito,app_movil,AL-001,Préstamo Personal
TXN-00021838,CTA-456680,CLI-12985,2026-06-09 11:10:00,2992373.36,CRC,pago,web,LI-002,Cuenta Ahorro
TXN-00021839,CTA-591604,CLI-81230,2026-06-08 10:09:00,3865927.69,CRC,comision,sucursal,SJ-001,Préstamo Hipotecario
TXN-00021840,CTA-748096,CLI-75275,2026-06-20 09:44:00,2200038.79,CRC,comision,atm,LI-002,Cuenta Ahorro
TXN-00021841,CTA-110051,CLI-84162,2026-06-17 05:32:00,3955023.48,CRC,transferencia,atm,SJ-001,Cuenta Corriente
TXN-00021842,CTA-710471,CLI-17203,2026-06-13 02:30:00,4987491.1,CRC,transferencia,sinpe,SJ-002,Cuenta Corriente
TXN-00021843,CTA-127929,CLI-55664,2026-06-19 17:11:00,4821160.09,CRC,comision,sucursal,LI-002,Tarjeta Crédito
TXN-00021844,CTA-706416,CLI-16662,2026-06-18 08:18:00,2933272.26,CRC,transferencia,sucursal,AL-001,Préstamo Personal
TXN-00021845,CTA-229059,CLI-14916,2026-06-01 22:16:00,1609435.0,CRC,transferencia,atm,HE-001,Préstamo Hipotecario
TXN-00021846,CTA-103647,CLI-26798,2026-06-28 18:44:00,707120.8,CRC,transferencia,app_movil,LI-002,Cuenta Ahorro
TXN-00021847,CTA-230856,CLI-41739,2026-06-28 23:01:00,4646206.57,CRC,retiro,atm,PU-001,Préstamo Personal
TXN-00021848,CTA-520475,CLI-93869,2026-06-22 14:33:00,2769638.51,CRC,comision,sucursal,PU-001,Tarjeta Crédito
TXN-00021849,CTA-106959,CLI-61682,2026-06-22 16:57:00,2584884.95,CRC,transferencia,app_movil,LI-001,Cuenta Ahorro
TXN-00021850,CTA-342381,CLI-91846,2026-06-05 01:48:00,2233850.17,CRC,transferencia,atm,CA-001,Cuenta Corriente
TXN-00021851,CTA-604498,CLI-86326,2026-06-02 08:05:00,534954.02,CRC,pago,web,LI-002,Cuenta Corriente
TXN-00021852,CTA-161125,CLI-43121,2026-06-07 15:08:00,2030588.51,CRC,pago,app_movil,SJ-002,Cuenta Corriente
TXN-00021853,CTA-219674,CLI-98866,2026-06-28 10:28:00,2631256.82,CRC,retiro,atm,LI-002,Préstamo Hipotecario
TXN-00021854,CTA-810089,CLI-63175,2026-06-05 07:26:00,405905.73,CRC,pago,atm,LI-001,Tarjeta Crédito
TXN-00021855,CTA-576028,CLI-26335,2026-06-19 08:20:00,3212206.26,CRC,pago,sinpe,AL-001,Préstamo Hipotecario
TXN-00021856,CTA-302308,CLI-10971,2026-06-06 17:39:00,2858400.26,CRC,pago,sinpe,AL-001,Cuenta Ahorro
TXN-00021857,CTA-681235,CLI-49710,2026-06-06 17:47:00,607827.28,CRC,retiro,atm,SJ-001,Cuenta Corriente
TXN-00021858,CTA-957026,CLI-97691,2026-06-10 21:43:00,488898.05,CRC,transferencia,app_movil,LI-001,Tarjeta Crédito
TXN-00021859,CTA-594270,CLI-24168,2026-06-22 09:09:00,255470.11,CRC,comision,app_movil,PU-001,Cuenta Ahorro
TXN-00021860,CTA-277671,CLI-80493,2026-06-28 13:13:00,1975572.03,CRC,comision,sucursal,SJ-001,Préstamo Personal
TXN-00021861,CTA-582596,CLI-74229,2026-06-22 20:05:00,1314367.8,CRC,pago,web,SJ-001,Préstamo Hipotecario
TXN-00021862,CTA-872158,CLI-92756,2026-06-22 11:31:00,883007.53,CRC,comision,sucursal,AL-001,Tarjeta Crédito
TXN-00021863,CTA-717083,CLI-97209,2026-06-08 22:15:00,1584285.66,CRC,deposito,app_movil,AL-001,Cuenta Corriente
TXN-00021864,CTA-637994,CLI-88041,2026-06-19 04:01:00,2844922.6,CRC,retiro,atm,LI-002,Cuenta Corriente
TXN-00021865,CTA-647633,CLI-29580,2026-06-10 23:14:00,1965452.97,CRC,deposito,atm,AL-001,Cuenta Corriente
TXN-00021866,CTA-956630,CLI-87537,2026-06-16 14:30:00,3204864.69,CRC,comision,sucursal,AL-001,Préstamo Personal
TXN-00021867,CTA-744808,CLI-10465,2026-06-05 15:34:00,2268627.52,CRC,retiro,sucursal,PU-001,Préstamo Hipotecario
TXN-00021868,CTA-316517,CLI-42220,2026-06-24 14:02:00,2523831.85,CRC,retiro,atm,PU-001,Préstamo Personal
TXN-00021869,CTA-429025,CLI-63073,2026-06-19 04:06:00,2953528.56,CRC,retiro,sucursal,SJ-001,Cuenta Ahorro
TXN-00021870,CTA-691782,CLI-82574,2026-06-18 05:14:00,3257225.78,CRC,deposito,web,LI-002,Cuenta Corriente
TXN-00021871,CTA-512458,CLI-42834,2026-06-05 12:22:00,3371293.56,CRC,transferencia,app_movil,SJ-002,Préstamo Hipotecario
TXN-00021872,CTA-500339,CLI-47190,2026-06-11 19:01:00,215142.52,CRC,deposito,atm,CA-001,Cuenta Ahorro
TXN-00021873,CTA-726739,CLI-55694,2026-06-20 15:14:00,4412916.19,CRC,retiro,app_movil,PU-001,Cuenta Ahorro
TXN-00021874,CTA-931620,CLI-79114,2026-06-12 13:05:00,2954108.4,CRC,pago,web,LI-002,Tarjeta Crédito
TXN-00021875,CTA-410983,CLI-36266,2026-06-27 12:09:00,2508727.74,CRC,comision,app_movil,PU-001,Tarjeta Crédito
TXN-00021876,CTA-570409,CLI-89403,2026-06-05 20:10:00,3803085.7,CRC,transferencia,atm,SJ-002,Préstamo Hipotecario
TXN-00021877,CTA-561469,CLI-64617,2026-06-27 08:48:00,1819878.54,CRC,pago,atm,HE-001,Tarjeta Crédito
TXN-00021878,CTA-118993,CLI-44264,2026-06-24 06:11:00,592981.65,CRC,transferencia,app_movil,LI-001,Cuenta Corriente
TXN-00021879,CTA-579738,CLI-90984,2026-06-11 00:40:00,2693139.87,CRC,deposito,atm,CA-001,Préstamo Hipotecario
TXN-00021880,CTA-225469,CLI-61053,2026-06-13 06:34:00,2194222.29,CRC,pago,web,LI-001,Cuenta Corriente
TXN-00021881,CTA-786746,CLI-41220,2026-06-16 19:57:00,1211121.63,CRC,retiro,atm,SJ-001,Tarjeta Crédito
TXN-00021882,CTA-822996,CLI-78600,2026-06-11 04:01:00,2533847.97,CRC,retiro,web,SJ-001,Tarjeta Crédito
TXN-00021883,CTA-677328,CLI-38662,2026-06-06 00:31:00,3069569.88,CRC,transferencia,atm,HE-001,Préstamo Hipotecario
TXN-00021884,CTA-522670,CLI-12556,2026-06-08 22:56:00,1017681.32,CRC,pago,app_movil,PU-001,Cuenta Ahorro
TXN-00021885,CTA-549113,CLI-11601,2026-06-21 23:06:00,819844.84,CRC,retiro,app_movil,CA-001,Préstamo Hipotecario
TXN-00021886,CTA-258882,CLI-20034,2026-06-23 10:34:00,2342711.68,CRC,retiro,sinpe,SJ-002,Cuenta Ahorro
TXN-00021887,CTA-345651,CLI-71595,2026-06-06 09:50:00,2129993.52,CRC,comision,sinpe,SJ-001,Préstamo Personal
TXN-00021888,CTA-950473,CLI-32635,2026-06-19 00:20:00,2332893.15,CRC,deposito,atm,SJ-002,Cuenta Corriente
TXN-00021889,CTA-256695,CLI-99793,2026-06-02 08:53:00,2699713.01,CRC,deposito,app_movil,SJ-002,Préstamo Personal
TXN-00021890,CTA-636058,CLI-42644,2026-06-21 09:30:00,2903317.93,CRC,pago,sucursal,HE-001,Tarjeta Crédito
TXN-00021891,CTA-844835,CLI-82608,2026-06-07 11:51:00,1138988.53,CRC,transferencia,web,HE-001,Cuenta Ahorro
TXN-00021892,CTA-642312,CLI-27843,2026-06-29 09:23:00,1045191.9,CRC,transferencia,sucursal,SJ-001,Préstamo Hipotecario
TXN-00021893,CTA-641048,CLI-52401,2026-06-08 02:59:00,631814.28,CRC,comision,app_movil,SJ-001,Préstamo Personal
TXN-00021894,CTA-209424,CLI-54224,2026-06-01 07:25:00,997461.99,CRC,comision,atm,AL-001,Cuenta Ahorro
TXN-00021895,CTA-693690,CLI-63957,2026-06-03 06:09:00,3093097.32,CRC,comision,sucursal,SJ-002,Tarjeta Crédito
TXN-00021896,CTA-283820,CLI-91609,2026-06-23 04:32:00,4548968.56,CRC,retiro,sucursal,SJ-002,Tarjeta Crédito
TXN-00021897,CTA-303549,CLI-19464,2026-06-25 13:44:00,783173.63,CRC,retiro,atm,LI-001,Préstamo Personal
TXN-00021898,CTA-584696,CLI-30509,2026-06-21 13:29:00,4670905.51,CRC,deposito,sinpe,SJ-001,Préstamo Personal
TXN-00021899,CTA-365122,CLI-12962,2026-06-01 10:41:00,2990871.14,CRC,transferencia,app_movil,HE-001,Cuenta Corriente
TXN-00021900,CTA-243561,CLI-43825,2026-06-27 23:03:00,1333363.17,CRC,pago,sucursal,HE-001,Cuenta Ahorro
TXN-00021901,CTA-466987,CLI-89569,2026-06-10 04:28:00,4635829.26,CRC,transferencia,sinpe,PU-001,Cuenta Corriente
TXN-00021902,CTA-784737,CLI-13472,2026-06-22 10:47:00,646663.86,CRC,pago,app_movil,SJ-002,Tarjeta Crédito
TXN-00021903,CTA-872328,CLI-88585,2026-06-01 15:42:00,4037418.54,CRC,pago,sinpe,PU-001,Tarjeta Crédito
TXN-00021904,CTA-257708,CLI-59885,2026-06-30 17:26:00,220027.91,CRC,deposito,web,SJ-001,Préstamo Personal
TXN-00021905,CTA-516366,CLI-23929,2026-06-09 17:52:00,3236904.51,CRC,pago,sinpe,LI-002,Préstamo Personal
TXN-00021906,CTA-731895,CLI-28666,2026-06-21 18:18:00,2501206.56,CRC,retiro,sinpe,HE-001,Préstamo Personal
TXN-00021907,CTA-986304,CLI-94072,2026-06-14 02:40:00,2843687.76,CRC,transferencia,web,LI-002,Cuenta Ahorro
TXN-00021908,CTA-822442,CLI-39609,2026-06-28 06:40:00,4067215.65,CRC,pago,web,SJ-001,Préstamo Hipotecario
TXN-00021909,CTA-541402,CLI-65484,2026-06-27 02:19:00,1515469.49,CRC,retiro,atm,PU-001,Préstamo Personal
TXN-00021910,CTA-402030,CLI-65511,2026-06-12 06:52:00,366679.46,CRC,retiro,atm,HE-001,Préstamo Personal
TXN-00021911,CTA-597283,CLI-47071,2026-06-12 16:24:00,1186485.81,CRC,deposito,app_movil,LI-002,Préstamo Personal
TXN-00021912,CTA-581345,CLI-44278,2026-06-09 10:29:00,2902726.82,CRC,transferencia,sucursal,AL-001,Tarjeta Crédito
TXN-00021913,CTA-965143,CLI-52996,2026-06-02 12:43:00,247706.38,CRC,comision,app_movil,LI-002,Cuenta Ahorro
TXN-00021914,CTA-917871,CLI-22242,2026-06-09 09:35:00,4005981.67,CRC,retiro,sucursal,AL-001,Cuenta Ahorro
TXN-00021915,CTA-951766,CLI-87001,2026-06-26 00:19:00,3288765.73,CRC,deposito,atm,LI-001,Préstamo Personal
TXN-00021916,CTA-118668,CLI-98415,2026-06-15 00:09:00,4578221.03,CRC,retiro,sucursal,CA-001,Cuenta Corriente
TXN-00021917,CTA-538040,CLI-72841,2026-06-24 23:03:00,4145125.37,CRC,retiro,sucursal,PU-001,Préstamo Hipotecario
TXN-00021918,CTA-722401,CLI-98458,2026-06-08 03:28:00,3998196.79,CRC,comision,sucursal,HE-001,Préstamo Hipotecario
TXN-00021919,CTA-393798,CLI-94946,2026-06-26 06:24:00,3330355.2,CRC,comision,app_movil,CA-001,Cuenta Corriente
TXN-00021920,CTA-211806,CLI-25077,2026-06-23 19:59:00,723977.95,CRC,retiro,sinpe,LI-002,Préstamo Hipotecario
TXN-00021921,CTA-930276,CLI-85381,2026-06-15 11:47:00,1587940.69,CRC,pago,app_movil,SJ-002,Préstamo Hipotecario
TXN-00021922,CTA-217413,CLI-89626,2026-06-26 23:56:00,95387.73,CRC,comision,app_movil,LI-001,Cuenta Ahorro
TXN-00021923,CTA-556435,CLI-22782,2026-06-08 09:34:00,2069991.53,CRC,pago,app_movil,PU-001,Cuenta Corriente
TXN-00021924,CTA-563426,CLI-51056,2026-06-27 02:34:00,1553605.33,CRC,pago,sinpe,CA-001,Préstamo Hipotecario
TXN-00021925,CTA-397313,CLI-13446,2026-06-02 19:31:00,1088912.67,CRC,transferencia,web,SJ-001,Préstamo Personal
TXN-00021926,CTA-777726,CLI-73300,2026-06-08 01:53:00,1715354.97,CRC,comision,app_movil,SJ-001,Cuenta Ahorro
TXN-00021927,CTA-348385,CLI-31757,2026-06-03 14:29:00,100003.1,CRC,transferencia,sinpe,LI-001,Cuenta Ahorro
TXN-00021928,CTA-515761,CLI-32437,2026-06-14 22:52:00,3321871.87,CRC,transferencia,app_movil,LI-001,Cuenta Ahorro
TXN-00021929,CTA-816633,CLI-83083,2026-06-25 14:47:00,3267340.62,CRC,transferencia,app_movil,SJ-001,Cuenta Corriente
TXN-00021930,CTA-851639,CLI-36133,2026-06-30 01:14:00,2335847.8,CRC,retiro,sucursal,PU-001,Cuenta Corriente
TXN-00021931,CTA-778064,CLI-87640,2026-06-30 11:53:00,658153.42,CRC,transferencia,sinpe,CA-001,Tarjeta Crédito
TXN-00021932,CTA-663485,CLI-55624,2026-06-09 19:44:00,3444866.5,CRC,comision,atm,PU-001,Cuenta Ahorro
TXN-00021933,CTA-216750,CLI-92935,2026-06-30 15:10:00,4815655.71,CRC,comision,sucursal,HE-001,Préstamo Hipotecario
TXN-00021934,CTA-363699,CLI-73986,2026-06-06 00:37:00,1065577.62,CRC,transferencia,app_movil,HE-001,Préstamo Hipotecario
TXN-00021935,CTA-701823,CLI-60752,2026-06-20 02:41:00,496241.64,CRC,pago,sucursal,SJ-001,Cuenta Corriente
TXN-00021936,CTA-575723,CLI-43872,2026-06-26 13:56:00,1981420.53,CRC,pago,sucursal,CA-001,Cuenta Corriente
TXN-00021937,CTA-931551,CLI-67423,2026-06-28 19:26:00,2796391.38,CRC,deposito,sinpe,AL-001,Préstamo Hipotecario
TXN-00021938,CTA-227622,CLI-17611,2026-06-15 03:55:00,3244964.03,CRC,pago,app_movil,SJ-001,Tarjeta Crédito
TXN-00021939,CTA-387864,CLI-37212,2026-06-20 02:04:00,4099656.34,CRC,retiro,atm,SJ-002,Préstamo Hipotecario
TXN-00021940,CTA-335333,CLI-29949,2026-06-25 14:47:00,1034514.38,CRC,transferencia,app_movil,SJ-001,Préstamo Personal
TXN-00021941,CTA-165397,CLI-19048,2026-06-16 13:09:00,4448040.91,CRC,comision,sinpe,AL-001,Cuenta Ahorro
TXN-00021942,CTA-194552,CLI-57490,2026-06-25 00:54:00,342984.46,CRC,pago,web,SJ-002,Préstamo Personal
TXN-00021943,CTA-713190,CLI-91886,2026-06-20 04:42:00,4336488.36,CRC,retiro,atm,CA-001,Préstamo Personal
TXN-00021944,CTA-973613,CLI-26784,2026-06-28 17:35:00,756434.26,CRC,pago,sucursal,LI-002,Cuenta Ahorro
TXN-00021945,CTA-971740,CLI-92820,2026-06-07 07:31:00,2951378.32,CRC,transferencia,sucursal,SJ-002,Préstamo Hipotecario
TXN-00021946,CTA-344896,CLI-37653,2026-06-02 22:47:00,25202.78,CRC,comision,sucursal,AL-001,Tarjeta Crédito
TXN-00021947,CTA-718942,CLI-80099,2026-06-23 17:26:00,4119616.94,CRC,comision,web,PU-001,Tarjeta Crédito
TXN-00021948,CTA-524531,CLI-50654,2026-06-06 14:36:00,4111403.23,CRC,retiro,sinpe,CA-001,Préstamo Personal
TXN-00021949,CTA-134685,CLI-38637,2026-06-22 09:32:00,2370943.59,CRC,deposito,app_movil,SJ-002,Préstamo Hipotecario
TXN-00021950,CTA-488522,CLI-93960,2026-06-14 16:26:00,1358471.75,CRC,deposito,sucursal,SJ-001,Préstamo Hipotecario
TXN-00021951,CTA-429785,CLI-25871,2026-06-06 09:13:00,4501516.83,CRC,deposito,web,AL-001,Tarjeta Crédito
TXN-00021952,CTA-714404,CLI-65961,2026-06-03 03:13:00,4576349.94,CRC,deposito,sinpe,HE-001,Préstamo Hipotecario
TXN-00021953,CTA-700560,CLI-82254,2026-06-10 07:48:00,3179411.82,CRC,deposito,sinpe,HE-001,Tarjeta Crédito
TXN-00021954,CTA-358924,CLI-59503,2026-06-17 11:07:00,1848859.94,CRC,deposito,atm,CA-001,Préstamo Personal
TXN-00021955,CTA-631850,CLI-94663,2026-06-12 08:39:00,536336.9,CRC,deposito,sinpe,PU-001,Cuenta Corriente
TXN-00021956,CTA-573832,CLI-60617,2026-06-01 18:31:00,3874794.47,CRC,retiro,atm,HE-001,Préstamo Hipotecario
TXN-00021957,CTA-541161,CLI-20707,2026-06-23 19:14:00,850088.66,CRC,comision,web,HE-001,Préstamo Personal
TXN-00021958,CTA-382742,CLI-60098,2026-06-30 19:47:00,670558.81,CRC,pago,atm,LI-001,Préstamo Personal
TXN-00021959,CTA-674691,CLI-50707,2026-06-23 02:25:00,3160533.52,CRC,comision,web,HE-001,Tarjeta Crédito
TXN-00021960,CTA-593784,CLI-53267,2026-06-30 03:18:00,1349856.23,CRC,comision,app_movil,PU-001,Cuenta Corriente
TXN-00021961,CTA-992750,CLI-96856,2026-06-30 17:25:00,1914142.2,CRC,transferencia,sinpe,AL-001,Préstamo Personal
TXN-00021962,CTA-188442,CLI-14710,2026-06-25 06:28:00,2930152.78,CRC,deposito,atm,HE-001,Tarjeta Crédito
TXN-00021963,CTA-771457,CLI-79091,2026-06-24 17:40:00,3239675.72,CRC,transferencia,app_movil,AL-001,Préstamo Personal
TXN-00021964,CTA-847691,CLI-21791,2026-06-10 19:56:00,675088.33,CRC,comision,sucursal,LI-001,Préstamo Personal
TXN-00021965,CTA-511648,CLI-19958,2026-06-02 18:51:00,2131984.39,CRC,comision,atm,LI-001,Cuenta Corriente
TXN-00021966,CTA-408934,CLI-27998,2026-06-02 12:22:00,544959.6,CRC,comision,atm,SJ-002,Cuenta Ahorro
TXN-00021967,CTA-436106,CLI-93394,2026-06-28 01:39:00,3180971.3,CRC,pago,atm,SJ-001,Préstamo Hipotecario
TXN-00021968,CTA-197511,CLI-93854,2026-06-03 16:17:00,1877634.19,CRC,pago,sinpe,LI-001,Tarjeta Crédito
TXN-00021969,CTA-390615,CLI-84589,2026-06-01 12:57:00,420399.13,CRC,retiro,sinpe,HE-001,Préstamo Personal
TXN-00021970,CTA-513023,CLI-47139,2026-06-19 06:04:00,18812.35,CRC,deposito,web,SJ-002,Cuenta Ahorro
TXN-00021971,CTA-400128,CLI-14761,2026-06-29 10:21:00,660977.48,CRC,transferencia,atm,LI-001,Tarjeta Crédito
TXN-00021972,CTA-152728,CLI-91752,2026-06-13 07:04:00,4401674.76,CRC,comision,app_movil,LI-002,Cuenta Corriente
TXN-00021973,CTA-713274,CLI-71746,2026-06-29 20:16:00,1190134.47,CRC,transferencia,sucursal,AL-001,Préstamo Personal
TXN-00021974,CTA-109221,CLI-61246,2026-06-30 16:53:00,807410.09,CRC,transferencia,atm,LI-001,Cuenta Ahorro
TXN-00021975,CTA-965583,CLI-19634,2026-06-13 04:37:00,4786874.58,CRC,deposito,app_movil,SJ-002,Préstamo Hipotecario
TXN-00021976,CTA-596600,CLI-66460,2026-06-19 07:52:00,4596348.15,CRC,deposito,sucursal,CA-001,Tarjeta Crédito
TXN-00021977,CTA-501116,CLI-97859,2026-06-10 09:54:00,1038553.7,CRC,pago,web,LI-002,Cuenta Ahorro
TXN-00021978,CTA-580877,CLI-87280,2026-06-17 19:51:00,2038520.87,CRC,comision,sinpe,SJ-001,Cuenta Ahorro
TXN-00021979,CTA-450606,CLI-50372,2026-06-04 10:19:00,516504.11,CRC,transferencia,app_movil,LI-002,Préstamo Hipotecario
TXN-00021980,CTA-456184,CLI-58809,2026-06-04 08:58:00,1682762.72,CRC,retiro,atm,PU-001,Préstamo Personal
TXN-00021981,CTA-587696,CLI-36633,2026-06-14 09:14:00,3881228.73,CRC,retiro,sucursal,HE-001,Préstamo Hipotecario
TXN-00021982,CTA-279562,CLI-39242,2026-06-08 14:44:00,768213.66,CRC,comision,atm,LI-002,Préstamo Hipotecario
TXN-00021983,CTA-863071,CLI-25471,2026-06-28 01:22:00,755384.06,CRC,comision,sucursal,LI-001,Préstamo Personal
TXN-00021984,CTA-559979,CLI-35353,2026-06-11 21:34:00,2353017.44,CRC,comision,sinpe,LI-002,Cuenta Corriente
TXN-00021985,CTA-740679,CLI-47918,2026-06-04 10:06:00,979935.07,CRC,comision,sucursal,CA-001,Cuenta Ahorro
TXN-00021986,CTA-321902,CLI-17178,2026-06-14 15:32:00,2670001.08,CRC,deposito,sucursal,HE-001,Tarjeta Crédito
TXN-00021987,CTA-805794,CLI-93315,2026-06-20 04:19:00,3608868.39,CRC,deposito,app_movil,SJ-001,Préstamo Personal
TXN-00021988,CTA-972521,CLI-61229,2026-06-08 23:02:00,3822070.3,CRC,comision,web,SJ-001,Préstamo Personal
TXN-00021989,CTA-991398,CLI-32586,2026-06-27 03:07:00,760253.15,CRC,pago,web,LI-002,Tarjeta Crédito
TXN-00021990,CTA-681541,CLI-15747,2026-06-25 14:04:00,915078.71,CRC,comision,sucursal,LI-001,Cuenta Ahorro
TXN-00021991,CTA-515000,CLI-35190,2026-06-13 12:00:00,2798822.26,CRC,transferencia,sinpe,PU-001,Tarjeta Crédito
TXN-00021992,CTA-177955,CLI-76208,2026-06-27 04:36:00,2422234.95,CRC,comision,sinpe,PU-001,Cuenta Ahorro
TXN-00021993,CTA-515261,CLI-70624,2026-06-01 14:30:00,2048173.1,CRC,comision,web,SJ-002,Tarjeta Crédito
TXN-00021994,CTA-384634,CLI-31828,2026-06-08 06:28:00,3441406.4,CRC,pago,sinpe,LI-002,Cuenta Corriente
TXN-00021995,CTA-638196,CLI-78293,2026-06-20 00:26:00,4391344.81,CRC,comision,sinpe,CA-001,Cuenta Ahorro
TXN-00021996,CTA-490465,CLI-91967,2026-06-20 17:38:00,913923.8,CRC,pago,sinpe,SJ-002,Préstamo Personal
TXN-00021997,CTA-509426,CLI-29611,2026-06-13 18:07:00,3167050.3,CRC,comision,sucursal,PU-001,Préstamo Hipotecario
TXN-00021998,CTA-347021,CLI-47548,2026-06-27 13:57:00,4620066.57,CRC,transferencia,web,HE-001,Préstamo Personal
TXN-00021999,CTA-504466,CLI-46509,2026-06-02 12:29:00,3628587.67,CRC,deposito,web,SJ-002,Préstamo Hipotecario
TXN-00022000,CTA-495390,CLI-61671,2026-06-15 01:23:00,4751945.23,CRC,comision,app_movil,SJ-001,Cuenta Corriente
TXN-00022001,CTA-777337,CLI-31423,2026-06-30 04:08:00,3698033.02,CRC,comision,app_movil,SJ-002,Préstamo Hipotecario
TXN-00022002,CTA-656325,CLI-10445,2026-06-06 17:32:00,4006005.92,CRC,retiro,sinpe,SJ-001,Tarjeta Crédito
TXN-00022003,CTA-975999,CLI-40014,2026-06-21 12:38:00,4342696.52,CRC,retiro,sinpe,AL-001,Tarjeta Crédito
TXN-00022004,CTA-891032,CLI-38128,2026-06-18 00:31:00,1342575.42,CRC,comision,sinpe,CA-001,Préstamo Personal
TXN-00022005,CTA-814886,CLI-72684,2026-06-02 21:43:00,2056508.6,CRC,transferencia,app_movil,HE-001,Préstamo Personal
TXN-00022006,CTA-570134,CLI-65657,2026-06-27 03:52:00,4639261.22,CRC,transferencia,sinpe,AL-001,Préstamo Hipotecario
TXN-00022007,CTA-544968,CLI-18824,2026-06-23 20:21:00,561520.07,CRC,comision,sinpe,CA-001,Cuenta Corriente
TXN-00022008,CTA-940870,CLI-97884,2026-06-19 10:41:00,1648714.0,CRC,comision,sinpe,SJ-002,Tarjeta Crédito
TXN-00022009,CTA-448914,CLI-83784,2026-06-30 02:20:00,3346203.24,CRC,comision,sinpe,SJ-002,Préstamo Hipotecario
TXN-00022010,CTA-788757,CLI-82370,2026-06-23 10:40:00,4471812.28,CRC,comision,atm,CA-001,Tarjeta Crédito
TXN-00022011,CTA-479374,CLI-53627,2026-06-07 11:22:00,1652747.73,CRC,retiro,sinpe,LI-001,Préstamo Hipotecario
TXN-00022012,CTA-469192,CLI-47148,2026-06-17 07:53:00,2576212.04,CRC,pago,web,SJ-001,Préstamo Hipotecario
TXN-00022013,CTA-762748,CLI-77159,2026-06-16 10:42:00,395911.73,CRC,retiro,sinpe,SJ-001,Préstamo Personal
TXN-00022014,CTA-712939,CLI-93007,2026-06-20 20:34:00,1478287.92,CRC,comision,app_movil,PU-001,Cuenta Corriente
TXN-00022015,CTA-205288,CLI-33132,2026-06-25 01:27:00,2372076.91,CRC,comision,web,PU-001,Cuenta Ahorro
TXN-00022016,CTA-799122,CLI-67433,2026-06-01 23:39:00,4737264.87,CRC,deposito,web,LI-001,Tarjeta Crédito
TXN-00022017,CTA-713772,CLI-16452,2026-06-03 09:02:00,4473906.6,CRC,retiro,web,SJ-001,Cuenta Corriente
TXN-00022018,CTA-442418,CLI-12933,2026-06-05 19:55:00,3740338.2,CRC,transferencia,sinpe,SJ-002,Cuenta Corriente
TXN-00022019,CTA-264734,CLI-57480,2026-06-07 01:02:00,1385650.23,CRC,comision,sucursal,LI-001,Cuenta Ahorro
TXN-00022020,CTA-532155,CLI-17711,2026-06-03 12:00:00,4172757.77,CRC,deposito,sucursal,CA-001,Préstamo Personal
TXN-00022021,CTA-435756,CLI-24336,2026-06-02 20:17:00,1608440.89,CRC,transferencia,sucursal,SJ-002,Préstamo Personal
TXN-00022022,CTA-302068,CLI-59885,2026-06-18 08:33:00,2312914.12,CRC,comision,sucursal,CA-001,Cuenta Ahorro
TXN-00022023,CTA-538996,CLI-47652,2026-06-02 03:29:00,2729973.43,CRC,comision,atm,CA-001,Tarjeta Crédito
TXN-00022024,CTA-737892,CLI-88690,2026-06-06 17:00:00,38168.26,CRC,transferencia,sinpe,CA-001,Préstamo Personal
TXN-00022025,CTA-869916,CLI-91412,2026-06-01 13:49:00,1366157.33,CRC,pago,web,SJ-002,Cuenta Ahorro
TXN-00022026,CTA-891252,CLI-94612,2026-06-21 04:15:00,93606.5,CRC,pago,sinpe,LI-001,Tarjeta Crédito
TXN-00022027,CTA-125035,CLI-58302,2026-06-12 06:53:00,4916166.69,CRC,deposito,web,LI-002,Cuenta Corriente
TXN-00022028,CTA-708246,CLI-17256,2026-06-23 17:23:00,4793087.68,CRC,pago,atm,LI-001,Préstamo Personal
TXN-00022029,CTA-911708,CLI-39005,2026-06-25 12:04:00,1314955.98,CRC,retiro,app_movil,SJ-002,Cuenta Corriente
TXN-00022030,CTA-527034,CLI-99314,2026-06-11 16:43:00,1024184.34,CRC,deposito,atm,SJ-001,Tarjeta Crédito
TXN-00022031,CTA-243328,CLI-88526,2026-06-24 21:47:00,3537311.99,CRC,retiro,sinpe,AL-001,Cuenta Ahorro
TXN-00022032,CTA-414372,CLI-69019,2026-06-23 21:22:00,777606.75,CRC,comision,web,AL-001,Cuenta Corriente
TXN-00022033,CTA-738869,CLI-18049,2026-06-03 02:38:00,493784.23,CRC,retiro,atm,AL-001,Cuenta Corriente
TXN-00022034,CTA-407647,CLI-24062,2026-06-16 12:42:00,4666899.48,CRC,deposito,sinpe,LI-001,Tarjeta Crédito
TXN-00022035,CTA-988199,CLI-77947,2026-06-20 06:31:00,1934613.97,CRC,transferencia,web,LI-001,Tarjeta Crédito
TXN-00022036,CTA-152799,CLI-81568,2026-06-28 19:46:00,1377244.48,CRC,transferencia,sinpe,SJ-001,Cuenta Corriente
TXN-00022037,CTA-153139,CLI-92955,2026-06-10 17:20:00,246193.05,CRC,pago,app_movil,HE-001,Cuenta Corriente
TXN-00022038,CTA-185173,CLI-13891,2026-06-06 02:29:00,1386338.01,CRC,pago,atm,PU-001,Tarjeta Crédito
TXN-00022039,CTA-900617,CLI-76564,2026-06-26 18:41:00,3159039.29,CRC,pago,sucursal,SJ-001,Cuenta Ahorro
TXN-00022040,CTA-378563,CLI-72431,2026-06-14 22:18:00,765492.39,CRC,transferencia,sinpe,SJ-001,Cuenta Ahorro
TXN-00022041,CTA-526414,CLI-70284,2026-06-03 02:12:00,4458240.62,CRC,pago,atm,LI-002,Cuenta Corriente
TXN-00022042,CTA-552201,CLI-35645,2026-06-21 12:30:00,2223028.58,CRC,pago,sinpe,PU-001,Préstamo Personal
TXN-00022043,CTA-388290,CLI-56908,2026-06-03 00:43:00,3693650.66,CRC,comision,app_movil,AL-001,Cuenta Corriente
TXN-00022044,CTA-688419,CLI-59314,2026-06-03 19:29:00,4900247.6,CRC,deposito,atm,AL-001,Cuenta Corriente
TXN-00022045,CTA-447684,CLI-42315,2026-06-06 02:09:00,4933992.05,CRC,transferencia,sucursal,LI-001,Préstamo Hipotecario
TXN-00022046,CTA-547659,CLI-25007,2026-06-16 19:33:00,408244.49,CRC,deposito,app_movil,SJ-001,Préstamo Personal
TXN-00022047,CTA-937947,CLI-16882,2026-06-24 05:51:00,3543141.5,CRC,deposito,sinpe,SJ-001,Cuenta Corriente
TXN-00022048,CTA-546829,CLI-24927,2026-06-12 21:48:00,2285796.97,CRC,transferencia,sinpe,PU-001,Tarjeta Crédito
TXN-00022049,CTA-353024,CLI-29330,2026-06-07 05:15:00,3400347.56,CRC,retiro,app_movil,AL-001,Cuenta Ahorro
TXN-00022050,CTA-632395,CLI-37986,2026-06-19 07:08:00,260844.64,CRC,retiro,atm,SJ-001,Tarjeta Crédito
TXN-00022051,CTA-296884,CLI-44853,2026-06-17 00:55:00,2488136.84,CRC,pago,web,LI-002,Préstamo Hipotecario
TXN-00022052,CTA-953564,CLI-57665,2026-06-10 21:34:00,1160292.13,CRC,deposito,sinpe,SJ-002,Préstamo Personal
TXN-00022053,CTA-330740,CLI-43262,2026-06-27 08:44:00,538852.79,CRC,deposito,app_movil,LI-002,Préstamo Personal
TXN-00022054,CTA-446859,CLI-74078,2026-06-07 05:18:00,2991612.31,CRC,pago,sinpe,HE-001,Cuenta Corriente
TXN-00022055,CTA-717844,CLI-39441,2026-06-20 05:27:00,2561945.32,CRC,retiro,web,LI-002,Cuenta Corriente
TXN-00022056,CTA-734436,CLI-30360,2026-06-11 22:07:00,3689429.69,CRC,retiro,sucursal,PU-001,Cuenta Corriente
TXN-00022057,CTA-221360,CLI-60319,2026-06-25 09:24:00,68996.81,CRC,comision,atm,CA-001,Préstamo Personal
TXN-00022058,CTA-154254,CLI-84994,2026-06-05 07:01:00,3599430.23,CRC,deposito,sucursal,SJ-001,Tarjeta Crédito
TXN-00022059,CTA-195306,CLI-93947,2026-06-26 02:44:00,3175807.88,CRC,transferencia,sinpe,AL-001,Cuenta Ahorro
TXN-00022060,CTA-988600,CLI-64579,2026-06-05 13:05:00,357397.06,CRC,deposito,sucursal,LI-002,Tarjeta Crédito
TXN-00022061,CTA-921628,CLI-28651,2026-06-25 14:18:00,2029753.13,CRC,transferencia,atm,LI-002,Cuenta Corriente
TXN-00022062,CTA-977224,CLI-40314,2026-06-17 23:09:00,755083.35,CRC,retiro,sucursal,LI-002,Préstamo Personal
TXN-00022063,CTA-247525,CLI-83870,2026-06-07 08:21:00,3516785.09,CRC,pago,app_movil,LI-001,Préstamo Hipotecario
TXN-00022064,CTA-236317,CLI-42047,2026-06-21 22:01:00,2280762.78,CRC,comision,app_movil,HE-001,Tarjeta Crédito
TXN-00022065,CTA-522298,CLI-45128,2026-06-04 23:45:00,4182873.83,CRC,retiro,web,SJ-001,Préstamo Hipotecario
TXN-00022066,CTA-949560,CLI-53650,2026-06-14 22:29:00,2277128.63,CRC,retiro,sucursal,HE-001,Préstamo Hipotecario
TXN-00022067,CTA-225234,CLI-42290,2026-06-25 04:46:00,2363957.31,CRC,deposito,app_movil,SJ-002,Cuenta Corriente
TXN-00022068,CTA-645335,CLI-69762,2026-06-27 08:19:00,1717357.95,CRC,retiro,web,LI-002,Cuenta Corriente
TXN-00022069,CTA-296321,CLI-80555,2026-06-17 05:19:00,1827815.38,CRC,transferencia,atm,HE-001,Cuenta Ahorro
TXN-00022070,CTA-358883,CLI-50480,2026-06-25 02:58:00,4272002.79,CRC,retiro,web,PU-001,Préstamo Hipotecario
TXN-00022071,CTA-981178,CLI-19260,2026-06-05 19:49:00,2630166.2,CRC,transferencia,sucursal,PU-001,Cuenta Ahorro
TXN-00022072,CTA-526449,CLI-18993,2026-06-15 20:00:00,4040435.0,CRC,comision,sucursal,SJ-002,Tarjeta Crédito
TXN-00022073,CTA-821603,CLI-85092,2026-06-13 22:05:00,2591518.72,CRC,retiro,app_movil,AL-001,Cuenta Corriente
TXN-00022074,CTA-602841,CLI-84948,2026-06-23 17:44:00,4852982.74,CRC,comision,web,AL-001,Cuenta Ahorro
TXN-00022075,CTA-966695,CLI-33850,2026-06-23 10:23:00,3752966.37,CRC,deposito,sinpe,PU-001,Cuenta Ahorro
TXN-00022076,CTA-407730,CLI-44732,2026-06-30 01:18:00,698668.93,CRC,retiro,atm,SJ-001,Cuenta Corriente
TXN-00022077,CTA-495428,CLI-82223,2026-06-19 05:35:00,1735934.54,CRC,deposito,web,LI-002,Cuenta Ahorro
TXN-00022078,CTA-954700,CLI-13265,2026-06-30 07:42:00,2707020.85,CRC,transferencia,atm,LI-001,Tarjeta Crédito
TXN-00022079,CTA-383762,CLI-23519,2026-06-12 04:32:00,1266572.18,CRC,retiro,sucursal,LI-001,Préstamo Hipotecario
TXN-00022080,CTA-780422,CLI-37288,2026-06-01 20:55:00,2489.38,CRC,transferencia,sucursal,PU-001,Cuenta Corriente
TXN-00022081,CTA-887252,CLI-50339,2026-06-25 22:01:00,2872639.29,CRC,pago,sucursal,SJ-002,Cuenta Corriente
TXN-00022082,CTA-889656,CLI-97136,2026-06-20 18:40:00,583043.98,CRC,deposito,web,PU-001,Cuenta Corriente
TXN-00022083,CTA-940281,CLI-79202,2026-06-12 13:38:00,1557460.68,CRC,transferencia,sinpe,PU-001,Tarjeta Crédito
TXN-00022084,CTA-609596,CLI-65553,2026-06-05 08:54:00,2401632.3,CRC,comision,sinpe,CA-001,Tarjeta Crédito
TXN-00022085,CTA-394472,CLI-49941,2026-06-27 05:13:00,2996536.2,CRC,transferencia,web,LI-002,Préstamo Personal
TXN-00022086,CTA-510322,CLI-67023,2026-06-03 03:06:00,1986590.96,CRC,transferencia,sinpe,SJ-002,Préstamo Hipotecario
TXN-00022087,CTA-952586,CLI-21615,2026-06-13 15:04:00,3053685.87,CRC,deposito,atm,SJ-002,Préstamo Hipotecario
TXN-00022088,CTA-972888,CLI-13342,2026-06-11 07:46:00,4960993.85,CRC,pago,sinpe,LI-002,Tarjeta Crédito
TXN-00022089,CTA-177865,CLI-95657,2026-06-13 11:18:00,2660763.15,CRC,pago,app_movil,LI-002,Cuenta Corriente
TXN-00022090,CTA-326896,CLI-92205,2026-06-22 22:16:00,2203543.08,CRC,deposito,app_movil,SJ-002,Préstamo Hipotecario
TXN-00022091,CTA-341543,CLI-95895,2026-06-06 16:53:00,3281781.93,CRC,comision,web,CA-001,Cuenta Ahorro
TXN-00022092,CTA-140719,CLI-83851,2026-06-02 16:41:00,2578750.68,CRC,transferencia,sinpe,PU-001,Cuenta Corriente
TXN-00022093,CTA-354188,CLI-68608,2026-06-10 00:53:00,3471766.11,CRC,deposito,web,SJ-001,Tarjeta Crédito
TXN-00022094,CTA-921000,CLI-98403,2026-06-15 12:51:00,577081.45,CRC,transferencia,sinpe,LI-001,Préstamo Personal
TXN-00022095,CTA-876541,CLI-20878,2026-06-11 06:30:00,1564283.17,CRC,retiro,sinpe,LI-001,Tarjeta Crédito
TXN-00022096,CTA-912361,CLI-99596,2026-06-26 18:46:00,610420.36,CRC,deposito,sucursal,AL-001,Cuenta Ahorro
TXN-00022097,CTA-790688,CLI-78678,2026-06-16 09:41:00,4935365.53,CRC,comision,web,SJ-001,Préstamo Hipotecario
TXN-00022098,CTA-704316,CLI-86526,2026-06-02 14:14:00,3376381.12,CRC,transferencia,sinpe,SJ-001,Tarjeta Crédito
TXN-00022099,CTA-878310,CLI-47198,2026-06-08 16:51:00,663528.27,CRC,retiro,web,PU-001,Cuenta Corriente
TXN-00022100,CTA-411042,CLI-41464,2026-06-10 03:56:00,1779586.57,CRC,deposito,app_movil,AL-001,Cuenta Ahorro
TXN-00022101,CTA-258468,CLI-40803,2026-06-30 21:08:00,1203324.25,CRC,pago,atm,SJ-002,Cuenta Corriente
TXN-00022102,CTA-570210,CLI-77863,2026-06-29 05:33:00,3397180.7,CRC,retiro,app_movil,HE-001,Préstamo Hipotecario
TXN-00022103,CTA-433609,CLI-81005,2026-06-19 02:57:00,4758837.9,CRC,comision,sucursal,HE-001,Préstamo Hipotecario
TXN-00022104,CTA-520992,CLI-61475,2026-06-24 17:47:00,3933677.45,CRC,retiro,atm,SJ-001,Préstamo Personal
TXN-00022105,CTA-382204,CLI-11756,2026-06-07 16:45:00,1156786.52,CRC,deposito,sucursal,LI-002,Tarjeta Crédito
TXN-00022106,CTA-774075,CLI-80666,2026-06-12 17:52:00,3388358.7,CRC,transferencia,sucursal,PU-001,Cuenta Ahorro
TXN-00022107,CTA-968515,CLI-93877,2026-06-30 10:05:00,1426243.49,CRC,retiro,sucursal,HE-001,Cuenta Corriente
TXN-00022108,CTA-338157,CLI-10791,2026-06-09 19:35:00,2275786.2,CRC,comision,web,CA-001,Préstamo Personal
TXN-00022109,CTA-899924,CLI-12637,2026-06-23 13:24:00,107678.72,CRC,pago,web,LI-001,Tarjeta Crédito
TXN-00022110,CTA-893935,CLI-18625,2026-06-16 18:21:00,3885907.19,CRC,deposito,atm,HE-001,Cuenta Corriente
TXN-00022111,CTA-349206,CLI-59600,2026-06-14 01:07:00,1141429.78,CRC,deposito,sucursal,AL-001,Cuenta Corriente
TXN-00022112,CTA-844870,CLI-84660,2026-06-09 05:55:00,3515435.46,CRC,retiro,sinpe,SJ-002,Cuenta Ahorro
TXN-00022113,CTA-338859,CLI-50062,2026-06-24 03:23:00,2817497.33,CRC,retiro,app_movil,SJ-001,Préstamo Hipotecario
TXN-00022114,CTA-144233,CLI-68934,2026-06-25 01:15:00,4020731.53,CRC,transferencia,sinpe,HE-001,Cuenta Corriente
TXN-00022115,CTA-190857,CLI-67864,2026-06-18 07:27:00,2775879.83,CRC,deposito,app_movil,AL-001,Préstamo Hipotecario
TXN-00022116,CTA-610932,CLI-41985,2026-06-27 20:37:00,4885078.63,CRC,deposito,sinpe,HE-001,Préstamo Personal
TXN-00022117,CTA-493786,CLI-56912,2026-06-26 06:07:00,242167.53,CRC,deposito,atm,CA-001,Préstamo Personal
TXN-00022118,CTA-737876,CLI-28743,2026-06-13 21:13:00,1545445.99,CRC,deposito,atm,LI-001,Tarjeta Crédito
TXN-00022119,CTA-662128,CLI-36147,2026-06-06 09:55:00,2552587.79,CRC,deposito,web,LI-001,Cuenta Corriente
TXN-00022120,CTA-630803,CLI-54795,2026-06-27 12:57:00,2508481.72,CRC,deposito,atm,LI-001,Cuenta Ahorro
TXN-00022121,CTA-495812,CLI-17023,2026-06-22 02:35:00,4544693.22,CRC,comision,sucursal,HE-001,Cuenta Ahorro
TXN-00022122,CTA-596730,CLI-41218,2026-06-07 17:43:00,2201411.46,CRC,retiro,sinpe,CA-001,Préstamo Hipotecario
TXN-00022123,CTA-758177,CLI-25374,2026-06-04 22:27:00,2035077.62,CRC,transferencia,app_movil,AL-001,Cuenta Ahorro
TXN-00022124,CTA-969064,CLI-83733,2026-06-06 00:37:00,4761702.67,CRC,pago,atm,AL-001,Préstamo Hipotecario
TXN-00022125,CTA-185971,CLI-84566,2026-06-24 01:17:00,3153112.73,CRC,comision,sinpe,AL-001,Cuenta Ahorro
TXN-00022126,CTA-542287,CLI-85385,2026-06-21 08:57:00,4766067.32,CRC,retiro,atm,LI-002,Cuenta Corriente
TXN-00022127,CTA-570739,CLI-72475,2026-06-05 01:56:00,3600230.89,CRC,deposito,app_movil,PU-001,Préstamo Personal
TXN-00022128,CTA-965496,CLI-70295,2026-06-18 05:38:00,21806.45,CRC,comision,web,SJ-001,Tarjeta Crédito
TXN-00022129,CTA-430870,CLI-82292,2026-06-21 11:29:00,1321937.44,CRC,retiro,sucursal,LI-002,Cuenta Corriente
TXN-00022130,CTA-458900,CLI-71458,2026-06-18 01:22:00,1821459.69,CRC,deposito,web,SJ-002,Cuenta Corriente
TXN-00022131,CTA-427803,CLI-49973,2026-06-27 07:56:00,1158104.79,CRC,deposito,sucursal,HE-001,Cuenta Corriente
TXN-00022132,CTA-132927,CLI-27357,2026-06-30 09:56:00,4378619.03,CRC,retiro,app_movil,CA-001,Tarjeta Crédito
TXN-00022133,CTA-169797,CLI-22451,2026-06-25 18:18:00,997353.69,CRC,pago,app_movil,SJ-001,Cuenta Corriente
TXN-00022134,CTA-559689,CLI-97431,2026-06-02 01:03:00,4191115.03,CRC,retiro,web,SJ-001,Tarjeta Crédito
TXN-00022135,CTA-709519,CLI-96248,2026-06-15 09:36:00,4178551.37,CRC,pago,app_movil,SJ-001,Cuenta Corriente
TXN-00022136,CTA-100252,CLI-11811,2026-06-14 20:02:00,2498158.2,CRC,transferencia,web,SJ-001,Préstamo Personal
TXN-00022137,CTA-246958,CLI-29569,2026-06-20 00:32:00,1025990.8,CRC,pago,app_movil,SJ-002,Préstamo Personal
TXN-00022138,CTA-916896,CLI-32424,2026-06-18 08:20:00,3696310.49,CRC,comision,sucursal,LI-002,Cuenta Corriente
TXN-00022139,CTA-742598,CLI-19724,2026-06-15 17:45:00,2809784.34,CRC,deposito,sucursal,SJ-001,Cuenta Corriente
TXN-00022140,CTA-834025,CLI-19429,2026-06-04 18:50:00,4247270.62,CRC,deposito,sucursal,PU-001,Tarjeta Crédito
TXN-00022141,CTA-797935,CLI-31891,2026-06-02 08:51:00,4612684.81,CRC,transferencia,sinpe,LI-002,Préstamo Personal
TXN-00022142,CTA-285736,CLI-20076,2026-06-19 20:42:00,2790763.86,CRC,retiro,atm,LI-002,Cuenta Ahorro
TXN-00022143,CTA-537236,CLI-89566,2026-06-08 13:16:00,1801334.15,CRC,deposito,app_movil,SJ-002,Préstamo Hipotecario
TXN-00022144,CTA-177733,CLI-91417,2026-06-09 06:39:00,4603446.46,CRC,transferencia,sinpe,AL-001,Tarjeta Crédito
TXN-00022145,CTA-411862,CLI-52808,2026-06-05 16:04:00,2412454.26,CRC,comision,sucursal,AL-001,Préstamo Personal
TXN-00022146,CTA-787469,CLI-50397,2026-06-19 16:34:00,1871043.46,CRC,deposito,web,LI-002,Préstamo Hipotecario
TXN-00022147,CTA-933508,CLI-97790,2026-06-26 23:48:00,3429925.39,CRC,transferencia,app_movil,LI-002,Cuenta Corriente
TXN-00022148,CTA-761260,CLI-97121,2026-06-05 15:34:00,2040918.06,CRC,pago,app_movil,CA-001,Tarjeta Crédito
TXN-00022149,CTA-949177,CLI-80561,2026-06-25 16:21:00,2948528.64,CRC,deposito,atm,PU-001,Cuenta Ahorro
TXN-00022150,CTA-638039,CLI-88285,2026-06-10 21:01:00,894256.49,CRC,transferencia,web,CA-001,Tarjeta Crédito
TXN-00022151,CTA-977568,CLI-62794,2026-06-15 02:40:00,3824270.07,CRC,transferencia,web,HE-001,Cuenta Ahorro
TXN-00022152,CTA-399346,CLI-21623,2026-06-06 18:44:00,4316816.64,CRC,transferencia,sinpe,PU-001,Préstamo Personal
TXN-00022153,CTA-745280,CLI-35626,2026-06-03 04:31:00,4263019.78,CRC,comision,web,SJ-001,Préstamo Hipotecario
TXN-00022154,CTA-754203,CLI-12234,2026-06-17 04:47:00,410891.16,CRC,transferencia,app_movil,LI-002,Préstamo Personal
TXN-00022155,CTA-675113,CLI-25045,2026-06-11 10:59:00,1745173.94,CRC,retiro,sinpe,CA-001,Cuenta Ahorro
TXN-00022156,CTA-607797,CLI-23430,2026-06-19 22:52:00,4278943.9,CRC,deposito,sinpe,LI-002,Préstamo Hipotecario
TXN-00022157,CTA-581577,CLI-14923,2026-06-03 08:23:00,4385854.63,CRC,retiro,sucursal,SJ-001,Cuenta Ahorro
TXN-00022158,CTA-302842,CLI-55820,2026-06-10 23:09:00,4335538.43,CRC,pago,sucursal,LI-001,Cuenta Corriente
TXN-00022159,CTA-160639,CLI-36520,2026-06-12 09:13:00,328474.46,CRC,comision,sinpe,AL-001,Cuenta Corriente
TXN-00022160,CTA-952923,CLI-87951,2026-06-19 15:57:00,1325148.46,CRC,comision,sinpe,LI-001,Cuenta Corriente
TXN-00022161,CTA-508160,CLI-54706,2026-06-23 00:41:00,2569450.42,CRC,retiro,sinpe,LI-002,Cuenta Ahorro
TXN-00022162,CTA-769073,CLI-28322,2026-06-16 02:23:00,3915474.25,CRC,retiro,atm,HE-001,Cuenta Corriente
TXN-00022163,CTA-646383,CLI-75503,2026-06-09 17:51:00,2416913.61,CRC,comision,atm,LI-002,Cuenta Ahorro
TXN-00022164,CTA-525379,CLI-10145,2026-06-17 20:24:00,3945168.17,CRC,comision,app_movil,PU-001,Préstamo Hipotecario
TXN-00022165,CTA-178714,CLI-47231,2026-06-16 13:46:00,2288476.4,CRC,pago,app_movil,CA-001,Préstamo Hipotecario
TXN-00022166,CTA-213944,CLI-70211,2026-06-06 15:48:00,938293.6,CRC,pago,sucursal,SJ-002,Préstamo Personal
TXN-00022167,CTA-346948,CLI-36237,2026-06-20 16:12:00,777642.64,CRC,retiro,web,LI-002,Cuenta Ahorro
TXN-00022168,CTA-671761,CLI-95874,2026-06-29 09:25:00,35135.46,CRC,transferencia,web,AL-001,Préstamo Personal
TXN-00022169,CTA-805239,CLI-94091,2026-06-10 18:23:00,42404.29,CRC,retiro,atm,LI-002,Tarjeta Crédito
TXN-00022170,CTA-467394,CLI-15225,2026-06-07 00:46:00,3675733.65,CRC,comision,web,SJ-002,Tarjeta Crédito
TXN-00022171,CTA-150628,CLI-17262,2026-06-05 19:16:00,2495543.59,CRC,retiro,sinpe,LI-002,Tarjeta Crédito
TXN-00022172,CTA-596580,CLI-47101,2026-06-11 01:59:00,1770462.77,CRC,deposito,sinpe,AL-001,Tarjeta Crédito
TXN-00022173,CTA-788411,CLI-99194,2026-06-06 17:54:00,408858.88,CRC,pago,sucursal,PU-001,Cuenta Ahorro
TXN-00022174,CTA-802110,CLI-64076,2026-06-09 18:45:00,1899918.23,CRC,comision,atm,PU-001,Tarjeta Crédito
TXN-00022175,CTA-229759,CLI-96112,2026-06-18 16:42:00,3200207.29,CRC,transferencia,web,SJ-002,Préstamo Personal
TXN-00022176,CTA-441181,CLI-56207,2026-06-25 13:39:00,916191.12,CRC,retiro,sucursal,PU-001,Préstamo Personal
TXN-00022177,CTA-838276,CLI-83363,2026-06-23 01:04:00,3025870.95,CRC,deposito,sucursal,SJ-001,Préstamo Hipotecario
TXN-00022178,CTA-611737,CLI-52791,2026-06-29 22:43:00,2593602.92,CRC,comision,sinpe,PU-001,Préstamo Hipotecario
TXN-00022179,CTA-491478,CLI-73305,2026-06-19 14:28:00,1784630.45,CRC,deposito,app_movil,LI-002,Préstamo Personal
TXN-00022180,CTA-832876,CLI-69089,2026-06-03 14:29:00,1971395.34,CRC,retiro,app_movil,CA-001,Cuenta Corriente
TXN-00022181,CTA-750239,CLI-50010,2026-06-24 14:10:00,4186719.72,CRC,pago,sinpe,SJ-001,Préstamo Personal
TXN-00022182,CTA-242216,CLI-40518,2026-06-10 00:34:00,4686489.41,CRC,transferencia,atm,AL-001,Préstamo Personal
TXN-00022183,CTA-893035,CLI-29429,2026-06-06 14:28:00,1555140.68,CRC,deposito,sucursal,CA-001,Préstamo Hipotecario
TXN-00022184,CTA-106975,CLI-49406,2026-06-04 05:33:00,4634981.24,CRC,retiro,web,SJ-001,Préstamo Hipotecario
TXN-00022185,CTA-277590,CLI-56057,2026-06-10 12:58:00,4529603.36,CRC,pago,web,LI-002,Cuenta Ahorro
TXN-00022186,CTA-240883,CLI-77524,2026-06-12 12:17:00,3021047.25,CRC,transferencia,atm,AL-001,Cuenta Corriente
TXN-00022187,CTA-898686,CLI-60478,2026-06-17 22:03:00,2472901.92,CRC,deposito,sucursal,SJ-001,Cuenta Corriente
TXN-00022188,CTA-499791,CLI-61152,2026-06-13 23:25:00,1947185.68,CRC,transferencia,sinpe,LI-002,Tarjeta Crédito
TXN-00022189,CTA-216229,CLI-37032,2026-06-24 06:15:00,3483261.89,CRC,pago,web,SJ-001,Préstamo Personal
TXN-00022190,CTA-140835,CLI-48573,2026-06-27 12:57:00,1264734.36,CRC,comision,sinpe,PU-001,Cuenta Ahorro
TXN-00022191,CTA-411165,CLI-67135,2026-06-08 10:00:00,2122839.54,CRC,deposito,app_movil,AL-001,Cuenta Ahorro
TXN-00022192,CTA-729814,CLI-89603,2026-06-10 22:09:00,297881.45,CRC,deposito,atm,HE-001,Cuenta Corriente
TXN-00022193,CTA-877905,CLI-64702,2026-06-09 09:31:00,2012980.07,CRC,retiro,app_movil,AL-001,Préstamo Hipotecario
TXN-00022194,CTA-928269,CLI-40194,2026-06-04 16:02:00,3362358.85,CRC,transferencia,sinpe,HE-001,Cuenta Ahorro
TXN-00022195,CTA-929526,CLI-84478,2026-06-17 09:57:00,1271236.45,CRC,comision,web,PU-001,Cuenta Corriente
TXN-00022196,CTA-385537,CLI-41742,2026-06-01 21:59:00,3141231.65,CRC,deposito,web,CA-001,Cuenta Corriente
TXN-00022197,CTA-711145,CLI-28659,2026-06-25 18:41:00,836205.53,CRC,retiro,sinpe,LI-001,Préstamo Hipotecario
TXN-00022198,CTA-724493,CLI-22952,2026-06-26 09:05:00,638084.24,CRC,deposito,web,LI-001,Préstamo Personal
TXN-00022199,CTA-228729,CLI-84932,2026-06-23 06:55:00,4548303.0,CRC,transferencia,sinpe,AL-001,Cuenta Corriente
TXN-00022200,CTA-294869,CLI-90951,2026-06-13 19:25:00,4545079.53,CRC,pago,sinpe,SJ-002,Cuenta Corriente
TXN-00022201,CTA-388354,CLI-50352,2026-06-29 16:30:00,1319316.83,CRC,deposito,app_movil,CA-001,Cuenta Corriente
TXN-00022202,CTA-365368,CLI-49007,2026-06-29 11:27:00,3906773.73,CRC,comision,sucursal,SJ-002,Cuenta Ahorro
TXN-00022203,CTA-105485,CLI-49443,2026-06-08 20:44:00,817877.27,CRC,pago,web,SJ-001,Cuenta Corriente
TXN-00022204,CTA-616246,CLI-91043,2026-06-22 14:10:00,18550.89,CRC,deposito,sucursal,SJ-002,Préstamo Hipotecario
TXN-00022205,CTA-870802,CLI-68491,2026-06-26 13:05:00,3627218.15,CRC,pago,sinpe,LI-001,Préstamo Hipotecario
TXN-00022206,CTA-300583,CLI-70160,2026-06-30 09:38:00,727559.89,CRC,deposito,web,CA-001,Cuenta Corriente
TXN-00022207,CTA-182826,CLI-82350,2026-06-11 18:00:00,887053.14,CRC,comision,atm,PU-001,Préstamo Personal
TXN-00022208,CTA-295208,CLI-90792,2026-06-29 10:24:00,1614491.8,CRC,retiro,sucursal,SJ-001,Préstamo Hipotecario
TXN-00022209,CTA-611578,CLI-38071,2026-06-16 20:26:00,2856763.64,CRC,retiro,atm,HE-001,Préstamo Personal
TXN-00022210,CTA-807239,CLI-31770,2026-06-08 15:57:00,3095350.37,CRC,transferencia,atm,CA-001,Cuenta Ahorro
TXN-00022211,CTA-659488,CLI-71447,2026-06-18 02:43:00,4245159.35,CRC,retiro,sucursal,PU-001,Cuenta Corriente
TXN-00022212,CTA-717936,CLI-75710,2026-06-06 10:42:00,1390533.53,CRC,retiro,app_movil,LI-002,Préstamo Personal
TXN-00022213,CTA-840786,CLI-24965,2026-06-16 11:16:00,4780610.44,CRC,comision,atm,CA-001,Tarjeta Crédito
TXN-00022214,CTA-908025,CLI-65986,2026-06-17 12:49:00,4957133.62,CRC,deposito,atm,PU-001,Préstamo Hipotecario
TXN-00022215,CTA-841920,CLI-29709,2026-06-01 20:05:00,683363.76,CRC,transferencia,sucursal,LI-001,Préstamo Hipotecario
TXN-00022216,CTA-513875,CLI-41329,2026-06-30 12:45:00,3280080.25,CRC,deposito,sinpe,LI-002,Cuenta Ahorro
TXN-00022217,CTA-431345,CLI-74243,2026-06-26 04:58:00,2553433.11,CRC,transferencia,web,SJ-001,Préstamo Personal
TXN-00022218,CTA-802598,CLI-72985,2026-06-02 13:19:00,933329.69,CRC,deposito,sucursal,AL-001,Préstamo Hipotecario
TXN-00022219,CTA-374887,CLI-35069,2026-06-14 22:44:00,2959431.51,CRC,pago,atm,LI-001,Préstamo Personal
TXN-00022220,CTA-678538,CLI-87574,2026-06-01 21:44:00,3399976.96,CRC,retiro,atm,LI-002,Tarjeta Crédito
TXN-00022221,CTA-205036,CLI-27004,2026-06-09 05:08:00,4022266.63,CRC,deposito,sinpe,LI-001,Cuenta Ahorro
TXN-00022222,CTA-729627,CLI-25924,2026-06-30 14:20:00,1061778.2,CRC,retiro,web,SJ-002,Préstamo Personal
TXN-00022223,CTA-696997,CLI-77230,2026-06-01 02:06:00,261607.5,CRC,transferencia,app_movil,LI-002,Cuenta Corriente
TXN-00022224,CTA-920292,CLI-78798,2026-06-28 20:50:00,4934454.07,CRC,pago,atm,PU-001,Cuenta Ahorro
TXN-00022225,CTA-950154,CLI-90548,2026-06-14 07:34:00,4738816.77,CRC,deposito,sinpe,SJ-001,Cuenta Ahorro
TXN-00022226,CTA-482554,CLI-25078,2026-06-30 21:43:00,4182382.58,CRC,deposito,app_movil,SJ-002,Tarjeta Crédito
TXN-00022227,CTA-937702,CLI-20381,2026-06-04 23:59:00,252534.76,CRC,deposito,app_movil,SJ-002,Préstamo Hipotecario
TXN-00022228,CTA-152716,CLI-46994,2026-06-06 10:13:00,2042074.35,CRC,comision,app_movil,LI-002,Préstamo Hipotecario
TXN-00022229,CTA-179602,CLI-51333,2026-06-06 08:43:00,693581.11,CRC,transferencia,atm,CA-001,Tarjeta Crédito
TXN-00022230,CTA-576880,CLI-35209,2026-06-11 19:51:00,1613078.54,CRC,deposito,sucursal,CA-001,Cuenta Ahorro
TXN-00022231,CTA-275739,CLI-33348,2026-06-04 06:21:00,3311642.96,CRC,retiro,atm,HE-001,Cuenta Corriente
TXN-00022232,CTA-660627,CLI-76482,2026-06-30 00:51:00,3675352.67,CRC,deposito,sinpe,HE-001,Cuenta Corriente
TXN-00022233,CTA-467011,CLI-71376,2026-06-07 10:13:00,3868956.53,CRC,transferencia,sucursal,LI-002,Cuenta Corriente
TXN-00022234,CTA-112401,CLI-23488,2026-06-17 12:11:00,3902541.58,CRC,pago,atm,AL-001,Préstamo Personal
TXN-00022235,CTA-255262,CLI-51432,2026-06-14 20:48:00,1993737.9,CRC,transferencia,app_movil,LI-002,Préstamo Personal
TXN-00022236,CTA-230533,CLI-11927,2026-06-05 03:35:00,1649951.57,CRC,transferencia,sinpe,PU-001,Préstamo Personal
TXN-00022237,CTA-118969,CLI-97696,2026-06-22 17:12:00,1804154.42,CRC,comision,atm,SJ-001,Cuenta Corriente
TXN-00022238,CTA-622278,CLI-14446,2026-06-26 08:26:00,2032056.46,CRC,deposito,sinpe,LI-001,Préstamo Personal
TXN-00022239,CTA-520110,CLI-71663,2026-06-18 05:05:00,35830.12,CRC,retiro,web,LI-001,Préstamo Hipotecario
TXN-00022240,CTA-789411,CLI-41338,2026-06-02 05:02:00,1302011.34,CRC,transferencia,sinpe,SJ-002,Cuenta Corriente
TXN-00022241,CTA-275584,CLI-23170,2026-06-18 18:22:00,1177053.79,CRC,deposito,sinpe,HE-001,Préstamo Hipotecario
TXN-00022242,CTA-674555,CLI-53309,2026-06-29 17:14:00,1177596.02,CRC,pago,sucursal,PU-001,Préstamo Hipotecario
TXN-00022243,CTA-544705,CLI-83441,2026-06-09 07:46:00,832714.95,CRC,comision,sucursal,HE-001,Préstamo Personal
TXN-00022244,CTA-853502,CLI-41050,2026-06-06 02:10:00,776671.86,CRC,transferencia,sucursal,LI-001,Cuenta Corriente
TXN-00022245,CTA-167721,CLI-28547,2026-06-06 01:01:00,4587647.33,CRC,comision,atm,AL-001,Tarjeta Crédito
TXN-00022246,CTA-292763,CLI-81795,2026-06-01 05:29:00,2193318.89,CRC,transferencia,sinpe,SJ-002,Cuenta Ahorro
TXN-00022247,CTA-234838,CLI-92443,2026-06-03 09:28:00,4731530.84,CRC,pago,atm,AL-001,Cuenta Ahorro
TXN-00022248,CTA-322072,CLI-66142,2026-06-13 22:44:00,4348428.29,CRC,retiro,sinpe,LI-001,Cuenta Corriente
TXN-00022249,CTA-414196,CLI-59302,2026-06-03 23:21:00,1724631.82,CRC,pago,web,SJ-002,Tarjeta Crédito
TXN-00022250,CTA-569025,CLI-58462,2026-06-10 17:48:00,4230905.37,CRC,pago,app_movil,CA-001,Tarjeta Crédito
TXN-00022251,CTA-158896,CLI-19620,2026-06-27 00:54:00,917201.73,CRC,comision,sucursal,AL-001,Préstamo Hipotecario
TXN-00022252,CTA-667607,CLI-93572,2026-06-02 03:10:00,1438552.98,CRC,retiro,sinpe,SJ-001,Cuenta Corriente
TXN-00022253,CTA-840959,CLI-66356,2026-06-26 21:18:00,4959689.13,CRC,deposito,web,SJ-002,Cuenta Ahorro
TXN-00022254,CTA-135843,CLI-67464,2026-06-28 09:30:00,1324815.69,CRC,pago,sucursal,LI-002,Cuenta Corriente
TXN-00022255,CTA-633619,CLI-32649,2026-06-27 18:17:00,2807459.13,CRC,transferencia,app_movil,AL-001,Cuenta Ahorro
TXN-00022256,CTA-353263,CLI-75608,2026-06-03 16:03:00,4928625.24,CRC,comision,web,LI-002,Cuenta Ahorro
TXN-00022257,CTA-949032,CLI-66156,2026-06-04 03:42:00,2418870.13,CRC,retiro,app_movil,PU-001,Cuenta Corriente
TXN-00022258,CTA-685790,CLI-67441,2026-06-17 13:29:00,2021393.33,CRC,deposito,web,SJ-002,Cuenta Corriente
TXN-00022259,CTA-862158,CLI-65694,2026-06-23 02:21:00,3255732.56,CRC,retiro,atm,AL-001,Cuenta Ahorro
TXN-00022260,CTA-397526,CLI-83042,2026-06-01 10:05:00,2514838.26,CRC,pago,web,PU-001,Préstamo Hipotecario
TXN-00022261,CTA-100604,CLI-98047,2026-06-20 19:37:00,4515302.96,CRC,deposito,sinpe,CA-001,Préstamo Hipotecario
TXN-00022262,CTA-253032,CLI-73414,2026-06-12 13:55:00,3480461.56,CRC,transferencia,sucursal,AL-001,Cuenta Ahorro
TXN-00022263,CTA-429118,CLI-46515,2026-06-09 14:02:00,3013782.77,CRC,retiro,web,CA-001,Préstamo Personal
TXN-00022264,CTA-408501,CLI-11947,2026-06-02 01:40:00,4248522.16,CRC,comision,web,SJ-002,Cuenta Corriente
TXN-00022265,CTA-633110,CLI-34584,2026-06-06 17:02:00,528297.35,CRC,deposito,sucursal,LI-002,Préstamo Personal
TXN-00022266,CTA-396438,CLI-23603,2026-06-17 23:26:00,2672600.37,CRC,transferencia,app_movil,LI-001,Préstamo Hipotecario
TXN-00022267,CTA-239295,CLI-68051,2026-06-24 21:38:00,2556727.65,CRC,pago,app_movil,SJ-001,Préstamo Hipotecario
TXN-00022268,CTA-331176,CLI-10214,2026-06-12 17:49:00,3522710.78,CRC,pago,app_movil,CA-001,Tarjeta Crédito
TXN-00022269,CTA-402921,CLI-69643,2026-06-10 15:57:00,375168.12,CRC,transferencia,atm,SJ-002,Cuenta Ahorro
TXN-00022270,CTA-757348,CLI-32777,2026-06-12 16:35:00,4506781.94,CRC,pago,app_movil,CA-001,Tarjeta Crédito
TXN-00022271,CTA-827747,CLI-92579,2026-06-08 17:49:00,2629428.72,CRC,deposito,atm,SJ-002,Tarjeta Crédito
TXN-00022272,CTA-900334,CLI-83762,2026-06-12 19:43:00,3778087.02,CRC,deposito,atm,SJ-002,Préstamo Personal
TXN-00022273,CTA-329267,CLI-12457,2026-06-26 09:04:00,1022630.97,CRC,transferencia,sucursal,LI-002,Cuenta Ahorro
TXN-00022274,CTA-362743,CLI-43491,2026-06-25 20:41:00,3670914.42,CRC,comision,web,AL-001,Cuenta Ahorro
TXN-00022275,CTA-790807,CLI-89348,2026-06-15 18:59:00,700991.14,CRC,transferencia,web,SJ-001,Cuenta Ahorro
TXN-00022276,CTA-125489,CLI-77933,2026-06-12 20:08:00,1985123.32,CRC,deposito,web,PU-001,Préstamo Personal
TXN-00022277,CTA-332160,CLI-78069,2026-06-05 06:06:00,1999295.32,CRC,retiro,atm,LI-001,Cuenta Corriente
TXN-00022278,CTA-415607,CLI-41780,2026-06-13 15:39:00,240688.48,CRC,pago,app_movil,LI-001,Cuenta Ahorro
TXN-00022279,CTA-362365,CLI-51349,2026-06-03 19:05:00,147021.0,CRC,comision,web,CA-001,Préstamo Hipotecario
TXN-00022280,CTA-811674,CLI-72885,2026-06-03 12:24:00,1105211.25,CRC,pago,atm,SJ-001,Cuenta Ahorro
TXN-00022281,CTA-980376,CLI-58026,2026-06-05 00:13:00,524005.74,CRC,deposito,atm,LI-002,Cuenta Ahorro
TXN-00022282,CTA-624592,CLI-58897,2026-06-27 02:11:00,4673987.16,CRC,deposito,atm,AL-001,Tarjeta Crédito
TXN-00022283,CTA-142417,CLI-90509,2026-06-21 05:40:00,1884084.36,CRC,pago,app_movil,AL-001,Cuenta Corriente
TXN-00022284,CTA-170116,CLI-48195,2026-06-25 08:29:00,2808663.33,CRC,pago,web,LI-002,Cuenta Corriente
TXN-00022285,CTA-180777,CLI-53496,2026-06-20 17:32:00,2093927.33,CRC,comision,app_movil,AL-001,Cuenta Corriente
TXN-00022286,CTA-340683,CLI-66484,2026-06-08 01:46:00,862766.96,CRC,transferencia,atm,CA-001,Tarjeta Crédito
TXN-00022287,CTA-292111,CLI-37016,2026-06-13 03:21:00,2264673.58,CRC,deposito,app_movil,LI-002,Cuenta Ahorro
TXN-00022288,CTA-728057,CLI-56713,2026-06-11 19:26:00,1088087.97,CRC,retiro,atm,LI-001,Préstamo Hipotecario
TXN-00022289,CTA-887137,CLI-53416,2026-06-06 23:50:00,1267312.4,CRC,deposito,atm,SJ-002,Préstamo Hipotecario
TXN-00022290,CTA-605031,CLI-55779,2026-06-30 03:43:00,3244960.54,CRC,deposito,web,AL-001,Tarjeta Crédito
TXN-00022291,CTA-671422,CLI-62095,2026-06-04 12:24:00,3734358.39,CRC,transferencia,sucursal,SJ-001,Cuenta Corriente
TXN-00022292,CTA-877901,CLI-70574,2026-06-13 15:50:00,4992132.15,CRC,retiro,sinpe,PU-001,Préstamo Hipotecario
TXN-00022293,CTA-243820,CLI-10159,2026-06-28 14:20:00,4512548.62,CRC,deposito,sucursal,HE-001,Cuenta Ahorro
TXN-00022294,CTA-937865,CLI-22789,2026-06-17 16:20:00,4730791.98,CRC,comision,atm,LI-001,Préstamo Personal
TXN-00022295,CTA-906162,CLI-92813,2026-06-07 14:29:00,4340473.76,CRC,comision,atm,LI-002,Tarjeta Crédito
TXN-00022296,CTA-850923,CLI-76157,2026-06-14 15:44:00,3880026.84,CRC,transferencia,app_movil,HE-001,Préstamo Personal
TXN-00022297,CTA-931015,CLI-87039,2026-06-16 03:08:00,2866481.46,CRC,pago,web,HE-001,Préstamo Personal
TXN-00022298,CTA-338545,CLI-40002,2026-06-22 11:00:00,4028114.18,CRC,transferencia,sucursal,HE-001,Cuenta Ahorro
TXN-00022299,CTA-725037,CLI-76198,2026-06-24 21:55:00,2021547.84,CRC,deposito,sucursal,LI-002,Préstamo Hipotecario
TXN-00022300,CTA-787001,CLI-29852,2026-06-22 01:13:00,4832897.62,CRC,deposito,web,LI-002,Tarjeta Crédito
TXN-00022301,CTA-782480,CLI-65054,2026-06-06 22:17:00,4001304.22,CRC,comision,atm,PU-001,Préstamo Hipotecario
TXN-00022302,CTA-678673,CLI-68306,2026-06-17 00:37:00,2164747.49,CRC,retiro,app_movil,AL-001,Préstamo Hipotecario
TXN-00022303,CTA-195504,CLI-65448,2026-06-05 06:00:00,4607024.39,CRC,deposito,sucursal,LI-002,Préstamo Personal
TXN-00022304,CTA-136613,CLI-12875,2026-06-19 04:28:00,1515852.18,CRC,transferencia,sinpe,PU-001,Tarjeta Crédito
TXN-00022305,CTA-846636,CLI-34776,2026-06-07 05:34:00,2634749.85,CRC,comision,sinpe,PU-001,Tarjeta Crédito
TXN-00022306,CTA-961662,CLI-23851,2026-06-02 19:06:00,4141240.99,CRC,deposito,sinpe,LI-002,Préstamo Hipotecario
TXN-00022307,CTA-474275,CLI-38364,2026-06-24 20:24:00,2470752.83,CRC,retiro,web,CA-001,Préstamo Hipotecario
TXN-00022308,CTA-519408,CLI-31658,2026-06-23 17:03:00,4754361.32,CRC,transferencia,web,LI-001,Préstamo Hipotecario
TXN-00022309,CTA-650559,CLI-37193,2026-06-12 12:29:00,3224751.14,CRC,deposito,sinpe,LI-001,Tarjeta Crédito
TXN-00022310,CTA-577656,CLI-43932,2026-06-07 19:25:00,321254.35,CRC,deposito,sinpe,HE-001,Cuenta Corriente
TXN-00022311,CTA-509227,CLI-37046,2026-06-27 21:56:00,4112636.39,CRC,pago,web,CA-001,Cuenta Corriente
TXN-00022312,CTA-657471,CLI-26050,2026-06-10 07:09:00,4021555.12,CRC,comision,sinpe,CA-001,Cuenta Corriente
TXN-00022313,CTA-955851,CLI-79463,2026-06-01 08:40:00,2383227.14,CRC,transferencia,app_movil,LI-002,Tarjeta Crédito
TXN-00022314,CTA-106543,CLI-80210,2026-06-20 09:14:00,3799833.04,CRC,pago,web,SJ-001,Préstamo Personal
TXN-00022315,CTA-691732,CLI-60455,2026-06-02 12:11:00,272568.75,CRC,deposito,sinpe,AL-001,Cuenta Ahorro
TXN-00022316,CTA-939286,CLI-24856,2026-06-14 07:48:00,3432221.81,CRC,deposito,sucursal,HE-001,Préstamo Hipotecario
TXN-00022317,CTA-281774,CLI-75932,2026-06-30 19:59:00,4833916.59,CRC,transferencia,atm,AL-001,Cuenta Ahorro
TXN-00022318,CTA-254340,CLI-75976,2026-06-15 18:45:00,3179487.09,CRC,retiro,atm,CA-001,Préstamo Personal
TXN-00022319,CTA-875017,CLI-46253,2026-06-21 23:56:00,1883674.96,CRC,transferencia,sucursal,LI-001,Cuenta Corriente
TXN-00022320,CTA-383760,CLI-26681,2026-06-01 17:50:00,1769078.0,CRC,pago,web,SJ-001,Cuenta Corriente
TXN-00022321,CTA-603116,CLI-57919,2026-06-12 09:37:00,3078402.5,CRC,deposito,web,LI-001,Cuenta Corriente
TXN-00022322,CTA-712965,CLI-52858,2026-06-03 07:37:00,3356663.87,CRC,retiro,web,HE-001,Cuenta Corriente
TXN-00022323,CTA-780657,CLI-16678,2026-06-03 01:04:00,4441909.19,CRC,retiro,web,LI-001,Tarjeta Crédito
TXN-00022324,CTA-295024,CLI-60669,2026-06-26 23:08:00,4319478.71,CRC,pago,web,HE-001,Préstamo Personal
TXN-00022325,CTA-533032,CLI-78806,2026-06-08 11:01:00,2914524.62,CRC,retiro,web,PU-001,Préstamo Hipotecario
TXN-00022326,CTA-512071,CLI-78513,2026-06-28 02:26:00,2017794.2,CRC,retiro,atm,LI-002,Tarjeta Crédito
TXN-00022327,CTA-700742,CLI-40003,2026-06-16 04:10:00,3296551.84,CRC,transferencia,sinpe,LI-001,Tarjeta Crédito
TXN-00022328,CTA-466255,CLI-86169,2026-06-07 11:39:00,1145237.45,CRC,retiro,atm,SJ-001,Préstamo Hipotecario
TXN-00022329,CTA-130713,CLI-16215,2026-06-29 10:28:00,956416.11,CRC,pago,atm,SJ-001,Tarjeta Crédito
TXN-00022330,CTA-991837,CLI-64771,2026-06-02 20:45:00,3309449.85,CRC,pago,sucursal,SJ-001,Préstamo Hipotecario
TXN-00022331,CTA-743654,CLI-11548,2026-06-18 05:44:00,1404935.87,CRC,comision,atm,LI-001,Préstamo Personal
TXN-00022332,CTA-222275,CLI-87149,2026-06-14 15:13:00,3481328.18,CRC,deposito,atm,CA-001,Tarjeta Crédito
TXN-00022333,CTA-138825,CLI-55013,2026-06-27 04:38:00,3126538.62,CRC,transferencia,app_movil,HE-001,Cuenta Corriente
TXN-00022334,CTA-904469,CLI-92388,2026-06-03 20:23:00,944794.29,CRC,transferencia,sucursal,SJ-001,Préstamo Hipotecario
TXN-00022335,CTA-219077,CLI-51267,2026-06-30 18:46:00,350976.87,CRC,comision,sinpe,CA-001,Cuenta Corriente
TXN-00022336,CTA-872534,CLI-36010,2026-06-02 13:03:00,4226537.25,CRC,transferencia,atm,HE-001,Préstamo Personal
TXN-00022337,CTA-308397,CLI-34911,2026-06-12 18:18:00,3190789.58,CRC,retiro,sinpe,PU-001,Préstamo Hipotecario
TXN-00022338,CTA-444744,CLI-45117,2026-06-26 06:04:00,2422405.69,CRC,retiro,web,LI-002,Préstamo Hipotecario
TXN-00022339,CTA-831785,CLI-26372,2026-06-17 23:01:00,4635579.76,CRC,retiro,sucursal,LI-001,Tarjeta Crédito
TXN-00022340,CTA-445155,CLI-92125,2026-06-09 00:56:00,2685465.82,CRC,retiro,app_movil,CA-001,Cuenta Corriente
TXN-00022341,CTA-111551,CLI-61764,2026-06-13 18:28:00,309338.97,CRC,retiro,sinpe,SJ-002,Cuenta Ahorro
TXN-00022342,CTA-728624,CLI-41517,2026-06-26 13:14:00,2684324.34,CRC,pago,sucursal,SJ-002,Tarjeta Crédito
TXN-00022343,CTA-277788,CLI-94773,2026-06-25 15:24:00,4219401.02,CRC,pago,web,PU-001,Préstamo Hipotecario
TXN-00022344,CTA-113192,CLI-46153,2026-06-04 16:49:00,2346476.44,CRC,transferencia,web,PU-001,Cuenta Ahorro
TXN-00022345,CTA-189337,CLI-46398,2026-06-15 04:23:00,4543579.9,CRC,deposito,app_movil,SJ-001,Cuenta Corriente
TXN-00022346,CTA-400353,CLI-82087,2026-06-13 19:33:00,4925690.4,CRC,comision,app_movil,LI-002,Préstamo Personal
TXN-00022347,CTA-802959,CLI-56528,2026-06-29 01:55:00,1987414.32,CRC,retiro,atm,LI-002,Cuenta Ahorro
TXN-00022348,CTA-121208,CLI-95628,2026-06-28 02:47:00,3570378.92,CRC,comision,web,SJ-001,Cuenta Corriente
TXN-00022349,CTA-321491,CLI-34721,2026-06-20 09:53:00,3685929.14,CRC,transferencia,sinpe,PU-001,Préstamo Hipotecario
TXN-00022350,CTA-843473,CLI-62381,2026-06-24 04:26:00,3779469.4,CRC,comision,sinpe,HE-001,Préstamo Personal
TXN-00022351,CTA-509338,CLI-91154,2026-06-17 02:28:00,3208275.38,CRC,pago,web,PU-001,Tarjeta Crédito
TXN-00022352,CTA-902683,CLI-88825,2026-06-26 22:10:00,4420214.85,CRC,comision,web,CA-001,Préstamo Hipotecario
TXN-00022353,CTA-825669,CLI-46462,2026-06-22 09:06:00,430778.59,CRC,retiro,sinpe,AL-001,Cuenta Corriente
TXN-00022354,CTA-743793,CLI-15056,2026-06-01 17:03:00,4670493.0,CRC,deposito,atm,CA-001,Tarjeta Crédito
TXN-00022355,CTA-161188,CLI-96032,2026-06-15 02:46:00,4359130.88,CRC,retiro,web,LI-002,Tarjeta Crédito
TXN-00022356,CTA-883189,CLI-27836,2026-06-27 04:59:00,1256866.07,CRC,retiro,sucursal,LI-002,Cuenta Ahorro
TXN-00022357,CTA-701466,CLI-12150,2026-06-25 07:08:00,3077047.97,CRC,transferencia,sinpe,AL-001,Cuenta Ahorro
TXN-00022358,CTA-783209,CLI-82243,2026-06-26 09:25:00,866023.06,CRC,retiro,sinpe,HE-001,Cuenta Corriente
TXN-00022359,CTA-538658,CLI-65884,2026-06-10 08:15:00,1494141.02,CRC,retiro,sucursal,CA-001,Préstamo Hipotecario
TXN-00022360,CTA-182870,CLI-14043,2026-06-21 23:33:00,4072242.95,CRC,transferencia,app_movil,AL-001,Cuenta Corriente
TXN-00022361,CTA-599013,CLI-61756,2026-06-10 14:01:00,3700447.52,CRC,retiro,app_movil,AL-001,Cuenta Ahorro
TXN-00022362,CTA-751653,CLI-52935,2026-06-11 12:56:00,1477102.34,CRC,pago,sinpe,LI-002,Préstamo Hipotecario
TXN-00022363,CTA-144946,CLI-66558,2026-06-19 11:24:00,862875.15,CRC,deposito,atm,LI-002,Cuenta Corriente
TXN-00022364,CTA-590652,CLI-80644,2026-06-30 00:08:00,4127516.46,CRC,deposito,atm,LI-002,Cuenta Ahorro
TXN-00022365,CTA-166219,CLI-47663,2026-06-28 16:27:00,1127267.97,CRC,transferencia,sucursal,AL-001,Tarjeta Crédito
TXN-00022366,CTA-871070,CLI-10652,2026-06-11 04:08:00,4052239.05,CRC,pago,web,AL-001,Cuenta Corriente
TXN-00022367,CTA-347829,CLI-15642,2026-06-13 07:54:00,2104007.3,CRC,comision,web,CA-001,Cuenta Ahorro
TXN-00022368,CTA-488623,CLI-47342,2026-06-28 02:31:00,2568768.93,CRC,retiro,sucursal,LI-002,Préstamo Personal
TXN-00022369,CTA-242303,CLI-43138,2026-06-28 17:05:00,4705653.65,CRC,transferencia,sinpe,SJ-001,Cuenta Corriente
TXN-00022370,CTA-305772,CLI-92267,2026-06-03 22:46:00,6340.66,CRC,retiro,atm,LI-001,Tarjeta Crédito
TXN-00022371,CTA-686565,CLI-81082,2026-06-13 06:10:00,2669226.78,CRC,retiro,atm,LI-002,Préstamo Personal
TXN-00022372,CTA-263663,CLI-54457,2026-06-07 19:10:00,1429093.85,CRC,transferencia,sinpe,LI-001,Préstamo Hipotecario
TXN-00022373,CTA-911051,CLI-80933,2026-06-11 01:31:00,2544044.23,CRC,deposito,sucursal,HE-001,Préstamo Personal
TXN-00022374,CTA-427873,CLI-90764,2026-06-25 19:01:00,2336617.71,CRC,comision,sinpe,SJ-001,Préstamo Personal
TXN-00022375,CTA-645646,CLI-27954,2026-06-04 11:35:00,1009114.88,CRC,deposito,atm,PU-001,Cuenta Corriente
TXN-00022376,CTA-744087,CLI-89421,2026-06-10 05:47:00,1830060.03,CRC,transferencia,sucursal,SJ-002,Tarjeta Crédito
TXN-00022377,CTA-268664,CLI-62416,2026-06-30 10:43:00,1623833.98,CRC,pago,web,HE-001,Préstamo Personal
TXN-00022378,CTA-744794,CLI-99997,2026-06-28 23:14:00,2052045.46,CRC,transferencia,sinpe,PU-001,Préstamo Hipotecario
TXN-00022379,CTA-258717,CLI-93447,2026-06-26 13:53:00,1731987.69,CRC,pago,sinpe,LI-001,Préstamo Personal
TXN-00022380,CTA-109626,CLI-25757,2026-06-03 02:00:00,1906521.6,CRC,retiro,atm,LI-002,Préstamo Hipotecario
TXN-00022381,CTA-582267,CLI-25799,2026-06-17 10:33:00,3210526.19,CRC,retiro,sinpe,SJ-002,Cuenta Ahorro
TXN-00022382,CTA-345617,CLI-98517,2026-06-19 02:25:00,3920685.83,CRC,pago,atm,SJ-002,Cuenta Ahorro
TXN-00022383,CTA-617937,CLI-64940,2026-06-04 15:15:00,323575.99,CRC,deposito,sinpe,AL-001,Cuenta Corriente
TXN-00022384,CTA-190859,CLI-30663,2026-06-16 02:13:00,1039800.24,CRC,pago,web,LI-001,Tarjeta Crédito
TXN-00022385,CTA-366728,CLI-58452,2026-06-23 02:42:00,3029721.15,CRC,retiro,app_movil,LI-002,Préstamo Hipotecario
TXN-00022386,CTA-821082,CLI-24362,2026-06-01 03:02:00,3841230.91,CRC,comision,sinpe,CA-001,Cuenta Ahorro
TXN-00022387,CTA-965369,CLI-27281,2026-06-05 08:51:00,4492415.88,CRC,comision,atm,AL-001,Cuenta Ahorro
TXN-00022388,CTA-879835,CLI-80254,2026-06-27 04:46:00,4883466.62,CRC,deposito,web,LI-001,Tarjeta Crédito
TXN-00022389,CTA-928808,CLI-54931,2026-06-09 17:14:00,1950638.32,CRC,comision,atm,LI-001,Préstamo Personal
TXN-00022390,CTA-190981,CLI-17429,2026-06-21 19:49:00,205043.65,CRC,transferencia,web,CA-001,Cuenta Corriente
TXN-00022391,CTA-480513,CLI-28606,2026-06-05 06:33:00,3621696.86,CRC,comision,web,LI-002,Préstamo Personal
TXN-00022392,CTA-530793,CLI-85454,2026-06-12 13:40:00,3185836.09,CRC,deposito,app_movil,CA-001,Préstamo Hipotecario
TXN-00022393,CTA-100822,CLI-33923,2026-06-24 23:30:00,1050687.0,CRC,comision,sinpe,PU-001,Cuenta Corriente
TXN-00022394,CTA-597225,CLI-32286,2026-06-19 01:41:00,3100320.89,CRC,deposito,app_movil,AL-001,Préstamo Hipotecario
TXN-00022395,CTA-567940,CLI-43560,2026-06-07 15:53:00,876653.12,CRC,pago,atm,LI-001,Préstamo Hipotecario
TXN-00022396,CTA-508453,CLI-44527,2026-06-30 04:50:00,3111998.4,CRC,retiro,app_movil,HE-001,Cuenta Corriente
TXN-00022397,CTA-206931,CLI-96713,2026-06-11 10:35:00,122210.34,CRC,pago,atm,LI-001,Préstamo Personal
TXN-00022398,CTA-713170,CLI-18965,2026-06-11 12:34:00,2468481.66,CRC,retiro,web,CA-001,Tarjeta Crédito
TXN-00022399,CTA-722217,CLI-35544,2026-06-22 06:25:00,1999713.81,CRC,deposito,sucursal,LI-001,Cuenta Ahorro
TXN-00022400,CTA-935492,CLI-52736,2026-06-03 04:54:00,2021939.41,CRC,retiro,sucursal,CA-001,Préstamo Personal
TXN-00022401,CTA-945909,CLI-18132,2026-06-24 12:13:00,3899301.98,CRC,retiro,sucursal,AL-001,Préstamo Hipotecario
TXN-00022402,CTA-709357,CLI-20821,2026-06-23 10:47:00,2932314.26,CRC,comision,sinpe,AL-001,Cuenta Corriente
TXN-00022403,CTA-223455,CLI-36689,2026-06-19 14:44:00,2775686.97,CRC,deposito,web,LI-001,Préstamo Personal
TXN-00022404,CTA-324849,CLI-33804,2026-06-17 02:00:00,1111328.07,CRC,pago,atm,SJ-001,Préstamo Personal
TXN-00022405,CTA-404397,CLI-96715,2026-06-22 21:40:00,4786319.93,CRC,deposito,sinpe,SJ-001,Cuenta Ahorro
TXN-00022406,CTA-106726,CLI-59407,2026-06-29 17:57:00,2991979.37,CRC,pago,web,HE-001,Préstamo Hipotecario
TXN-00022407,CTA-552876,CLI-74210,2026-06-18 08:38:00,3138903.26,CRC,retiro,app_movil,PU-001,Préstamo Personal
TXN-00022408,CTA-235068,CLI-28706,2026-06-12 13:06:00,2097042.06,CRC,retiro,sinpe,AL-001,Tarjeta Crédito
TXN-00022409,CTA-717676,CLI-20972,2026-06-03 23:59:00,4134123.4,CRC,deposito,sucursal,HE-001,Cuenta Ahorro
TXN-00022410,CTA-163821,CLI-11620,2026-06-19 10:07:00,4582506.01,CRC,comision,web,LI-002,Préstamo Hipotecario
TXN-00022411,CTA-896526,CLI-69541,2026-06-06 21:32:00,1298644.91,CRC,retiro,sinpe,LI-002,Cuenta Ahorro
TXN-00022412,CTA-756828,CLI-24503,2026-06-05 21:30:00,2966870.91,CRC,pago,app_movil,CA-001,Cuenta Corriente
TXN-00022413,CTA-874989,CLI-51548,2026-06-30 12:15:00,4541087.75,CRC,comision,app_movil,SJ-001,Préstamo Hipotecario
TXN-00022414,CTA-550506,CLI-94745,2026-06-22 02:49:00,83697.33,CRC,retiro,web,CA-001,Cuenta Ahorro
TXN-00022415,CTA-979816,CLI-11557,2026-06-29 15:32:00,4783247.53,CRC,transferencia,atm,SJ-002,Cuenta Ahorro
TXN-00022416,CTA-921345,CLI-20750,2026-06-08 14:04:00,1349716.51,CRC,deposito,sucursal,SJ-002,Cuenta Corriente
TXN-00022417,CTA-739122,CLI-84073,2026-06-30 09:12:00,639744.89,CRC,comision,web,SJ-002,Tarjeta Crédito
TXN-00022418,CTA-268264,CLI-54328,2026-06-06 12:43:00,4032047.69,CRC,transferencia,web,LI-001,Cuenta Corriente
TXN-00022419,CTA-626638,CLI-85622,2026-06-03 09:44:00,1729888.8,CRC,comision,app_movil,SJ-002,Préstamo Personal
TXN-00022420,CTA-364844,CLI-65055,2026-06-08 23:54:00,371495.11,CRC,pago,sinpe,LI-002,Préstamo Hipotecario
TXN-00022421,CTA-709764,CLI-45890,2026-06-07 02:02:00,331394.28,CRC,transferencia,sinpe,AL-001,Préstamo Personal
TXN-00022422,CTA-279502,CLI-95546,2026-06-29 11:04:00,1139284.46,CRC,comision,app_movil,PU-001,Cuenta Corriente
TXN-00022423,CTA-768465,CLI-95338,2026-06-03 15:56:00,338716.97,CRC,comision,sucursal,AL-001,Tarjeta Crédito
TXN-00022424,CTA-236046,CLI-15378,2026-06-11 10:19:00,307322.56,CRC,pago,web,PU-001,Cuenta Ahorro
TXN-00022425,CTA-609292,CLI-83266,2026-06-22 12:52:00,2346532.47,CRC,retiro,atm,SJ-002,Cuenta Corriente
TXN-00022426,CTA-684809,CLI-41649,2026-06-01 00:20:00,4190339.13,CRC,pago,app_movil,LI-001,Cuenta Corriente
TXN-00022427,CTA-436764,CLI-25793,2026-06-08 07:48:00,2073596.25,CRC,comision,atm,HE-001,Cuenta Ahorro
TXN-00022428,CTA-860798,CLI-68375,2026-06-16 02:42:00,4768375.52,CRC,deposito,sucursal,PU-001,Préstamo Hipotecario
TXN-00022429,CTA-264679,CLI-50314,2026-06-18 03:46:00,4618016.67,CRC,transferencia,app_movil,LI-001,Tarjeta Crédito
TXN-00022430,CTA-595052,CLI-87244,2026-06-27 20:59:00,2349730.44,CRC,transferencia,web,SJ-001,Tarjeta Crédito
TXN-00022431,CTA-270567,CLI-61027,2026-06-12 07:02:00,524356.3,CRC,transferencia,atm,LI-001,Préstamo Personal
TXN-00022432,CTA-340122,CLI-58978,2026-06-29 19:10:00,1026897.61,CRC,pago,web,SJ-001,Préstamo Hipotecario
TXN-00022433,CTA-742528,CLI-53969,2026-06-07 09:49:00,4441386.4,CRC,pago,atm,HE-001,Cuenta Ahorro
TXN-00022434,CTA-173612,CLI-12528,2026-06-17 06:02:00,2640227.92,CRC,deposito,web,LI-002,Préstamo Hipotecario
TXN-00022435,CTA-185120,CLI-92807,2026-06-11 05:54:00,530831.85,CRC,retiro,sinpe,HE-001,Préstamo Hipotecario
TXN-00022436,CTA-769197,CLI-92540,2026-06-22 06:34:00,1280393.26,CRC,deposito,app_movil,PU-001,Préstamo Personal
TXN-00022437,CTA-634168,CLI-96897,2026-06-24 13:12:00,2344914.53,CRC,deposito,app_movil,LI-001,Cuenta Ahorro
TXN-00022438,CTA-563885,CLI-61318,2026-06-27 08:58:00,643558.66,CRC,retiro,app_movil,LI-002,Préstamo Hipotecario
TXN-00022439,CTA-431067,CLI-60253,2026-06-28 11:57:00,4240712.27,CRC,pago,atm,AL-001,Préstamo Hipotecario
TXN-00022440,CTA-701037,CLI-53432,2026-06-19 16:59:00,661421.34,CRC,comision,sinpe,CA-001,Cuenta Ahorro
TXN-00022441,CTA-856688,CLI-91048,2026-06-21 01:23:00,4258298.59,CRC,transferencia,atm,SJ-001,Préstamo Hipotecario
TXN-00022442,CTA-414361,CLI-87987,2026-06-24 02:21:00,526948.74,CRC,retiro,sinpe,PU-001,Préstamo Personal
TXN-00022443,CTA-463944,CLI-55500,2026-06-16 22:18:00,470608.64,CRC,transferencia,web,AL-001,Cuenta Corriente
TXN-00022444,CTA-340673,CLI-25837,2026-06-30 14:56:00,2262986.52,CRC,deposito,app_movil,CA-001,Préstamo Personal
TXN-00022445,CTA-875360,CLI-64163,2026-06-03 08:16:00,2857870.43,CRC,deposito,atm,SJ-001,Tarjeta Crédito
TXN-00022446,CTA-843163,CLI-87791,2026-06-07 14:29:00,1927090.52,CRC,comision,app_movil,CA-001,Préstamo Hipotecario
TXN-00022447,CTA-835864,CLI-47458,2026-06-23 16:10:00,2259095.21,CRC,retiro,atm,LI-002,Préstamo Personal
TXN-00022448,CTA-448515,CLI-55932,2026-06-13 11:28:00,3935936.14,CRC,deposito,web,AL-001,Tarjeta Crédito
TXN-00022449,CTA-452612,CLI-36164,2026-06-05 03:12:00,2676562.85,CRC,comision,web,PU-001,Préstamo Hipotecario
TXN-00022450,CTA-797742,CLI-84048,2026-06-09 04:08:00,3466511.25,CRC,transferencia,app_movil,LI-002,Tarjeta Crédito
TXN-00022451,CTA-192933,CLI-34086,2026-06-30 02:02:00,4770453.84,CRC,transferencia,app_movil,LI-001,Préstamo Hipotecario
TXN-00022452,CTA-675748,CLI-66462,2026-06-08 14:17:00,2417253.38,CRC,comision,app_movil,LI-002,Cuenta Corriente
TXN-00022453,CTA-999875,CLI-84145,2026-06-03 09:21:00,3450600.21,CRC,pago,sucursal,SJ-001,Tarjeta Crédito
TXN-00022454,CTA-426864,CLI-86108,2026-06-03 01:00:00,1168880.79,CRC,pago,app_movil,LI-002,Cuenta Corriente
TXN-00022455,CTA-393894,CLI-29410,2026-06-26 11:05:00,941144.83,CRC,deposito,atm,PU-001,Cuenta Ahorro
TXN-00022456,CTA-585440,CLI-16930,2026-06-17 08:34:00,2961788.27,CRC,deposito,sinpe,HE-001,Cuenta Corriente
TXN-00022457,CTA-167965,CLI-87772,2026-06-03 02:44:00,2761099.29,CRC,comision,sucursal,SJ-002,Tarjeta Crédito
TXN-00022458,CTA-939568,CLI-75615,2026-06-02 23:57:00,3636603.4,CRC,retiro,web,LI-002,Préstamo Personal
TXN-00022459,CTA-528054,CLI-92671,2026-06-30 06:23:00,2833072.34,CRC,pago,sucursal,LI-002,Cuenta Ahorro
TXN-00022460,CTA-698736,CLI-31639,2026-06-30 05:56:00,3276819.22,CRC,comision,web,AL-001,Cuenta Corriente
TXN-00022461,CTA-796317,CLI-38059,2026-06-15 07:42:00,820313.34,CRC,retiro,web,SJ-001,Tarjeta Crédito
TXN-00022462,CTA-416830,CLI-66359,2026-06-29 11:53:00,1236202.06,CRC,comision,app_movil,LI-002,Cuenta Ahorro
TXN-00022463,CTA-790896,CLI-96449,2026-06-02 07:21:00,3662707.45,CRC,comision,atm,PU-001,Tarjeta Crédito
TXN-00022464,CTA-427387,CLI-53801,2026-06-03 04:43:00,2490067.25,CRC,comision,sinpe,SJ-002,Cuenta Ahorro
TXN-00022465,CTA-394113,CLI-41811,2026-06-13 20:35:00,613543.0,CRC,comision,sinpe,SJ-001,Préstamo Personal
TXN-00022466,CTA-282239,CLI-90751,2026-06-01 12:03:00,579964.65,CRC,comision,sinpe,AL-001,Cuenta Corriente
TXN-00022467,CTA-459694,CLI-82217,2026-06-29 08:38:00,1342914.15,CRC,retiro,sinpe,CA-001,Tarjeta Crédito
TXN-00022468,CTA-450841,CLI-61462,2026-06-18 23:59:00,1803713.75,CRC,transferencia,sucursal,SJ-002,Cuenta Ahorro
TXN-00022469,CTA-334928,CLI-11614,2026-06-09 01:12:00,2140718.02,CRC,comision,sinpe,LI-001,Cuenta Corriente
TXN-00022470,CTA-170298,CLI-97049,2026-06-24 17:13:00,3659976.09,CRC,comision,sinpe,PU-001,Préstamo Hipotecario
TXN-00022471,CTA-139849,CLI-83909,2026-06-22 20:15:00,1759807.02,CRC,comision,sucursal,LI-002,Préstamo Hipotecario
TXN-00022472,CTA-910553,CLI-45225,2026-06-08 13:09:00,2043044.03,CRC,transferencia,sucursal,AL-001,Préstamo Personal
TXN-00022473,CTA-666824,CLI-29068,2026-06-21 10:04:00,4418334.61,CRC,retiro,sinpe,SJ-001,Cuenta Corriente
TXN-00022474,CTA-925411,CLI-66675,2026-06-14 06:35:00,4182150.0,CRC,deposito,app_movil,LI-001,Cuenta Corriente
TXN-00022475,CTA-527620,CLI-75389,2026-06-27 19:40:00,3189103.73,CRC,retiro,web,AL-001,Cuenta Ahorro
TXN-00022476,CTA-999544,CLI-95902,2026-06-23 20:55:00,4237801.87,CRC,retiro,app_movil,SJ-002,Cuenta Corriente
TXN-00022477,CTA-927778,CLI-45483,2026-06-24 15:47:00,1268220.59,CRC,retiro,atm,PU-001,Tarjeta Crédito
TXN-00022478,CTA-355538,CLI-60888,2026-06-16 23:38:00,4192023.68,CRC,retiro,app_movil,LI-001,Cuenta Ahorro
TXN-00022479,CTA-135146,CLI-24403,2026-06-26 23:17:00,2882344.7,CRC,retiro,sucursal,LI-001,Tarjeta Crédito
TXN-00022480,CTA-545029,CLI-29056,2026-06-01 21:58:00,2824444.28,CRC,pago,atm,SJ-002,Cuenta Corriente
TXN-00022481,CTA-316585,CLI-74876,2026-06-08 14:32:00,3157194.59,CRC,pago,atm,LI-002,Cuenta Ahorro
TXN-00022482,CTA-429133,CLI-83982,2026-06-13 00:59:00,4247744.46,CRC,pago,web,SJ-002,Tarjeta Crédito
TXN-00022483,CTA-139196,CLI-86059,2026-06-30 02:27:00,222073.54,CRC,retiro,app_movil,SJ-002,Cuenta Ahorro
TXN-00022484,CTA-432166,CLI-24721,2026-06-26 22:35:00,4021373.3,CRC,retiro,atm,SJ-001,Cuenta Ahorro
TXN-00022485,CTA-104676,CLI-27373,2026-06-24 07:34:00,4415498.63,CRC,deposito,sucursal,PU-001,Cuenta Ahorro
TXN-00022486,CTA-886121,CLI-79001,2026-06-29 04:22:00,2478231.95,CRC,transferencia,web,SJ-001,Cuenta Corriente
TXN-00022487,CTA-887758,CLI-24105,2026-06-10 01:17:00,4231911.66,CRC,pago,sucursal,LI-001,Cuenta Ahorro
TXN-00022488,CTA-104293,CLI-20396,2026-06-27 12:45:00,4238703.94,CRC,pago,atm,LI-001,Tarjeta Crédito
TXN-00022489,CTA-848893,CLI-53393,2026-06-03 05:18:00,898605.94,CRC,retiro,sinpe,LI-002,Préstamo Hipotecario
TXN-00022490,CTA-439772,CLI-35183,2026-06-07 00:46:00,71491.53,CRC,transferencia,web,PU-001,Préstamo Personal
TXN-00022491,CTA-365411,CLI-61717,2026-06-25 01:52:00,4732247.1,CRC,deposito,sucursal,SJ-002,Cuenta Corriente
TXN-00022492,CTA-727447,CLI-46201,2026-06-26 05:21:00,3560312.42,CRC,pago,sinpe,CA-001,Préstamo Hipotecario
TXN-00022493,CTA-616831,CLI-45631,2026-06-08 21:14:00,1081102.68,CRC,deposito,app_movil,LI-002,Préstamo Personal
TXN-00022494,CTA-123778,CLI-81425,2026-06-20 13:42:00,544752.36,CRC,transferencia,atm,CA-001,Cuenta Corriente
TXN-00022495,CTA-526796,CLI-85115,2026-06-21 10:56:00,3830274.26,CRC,deposito,sinpe,PU-001,Préstamo Hipotecario
TXN-00022496,CTA-368599,CLI-54386,2026-06-14 23:52:00,4458330.58,CRC,comision,web,LI-001,Tarjeta Crédito
TXN-00022497,CTA-441258,CLI-17323,2026-06-08 21:00:00,2353386.05,CRC,deposito,web,LI-002,Cuenta Ahorro
TXN-00022498,CTA-359510,CLI-10833,2026-06-22 21:49:00,3637424.57,CRC,deposito,web,SJ-002,Cuenta Ahorro
TXN-00022499,CTA-855988,CLI-25763,2026-06-25 01:23:00,2943906.23,CRC,transferencia,sinpe,CA-001,Cuenta Ahorro
TXN-00022500,CTA-988726,CLI-41218,2026-06-27 04:56:00,4963543.46,CRC,pago,sucursal,LI-002,Cuenta Ahorro
