transaccion_id,cuenta_id,cliente_id,fecha_hora,monto,moneda,tipo_transaccion,canal,sucursal_id,producto
TXN-00005001,CTA-767929,CLI-18711,2026-06-04 07:46:00,1289914.49,CRC,deposito,sinpe,LI-001,Cuenta Corriente
TXN-00005002,CTA-112142,CLI-74068,2026-06-30 03:08:00,139812.06,CRC,deposito,sucursal,AL-001,Préstamo Personal
TXN-00005003,CTA-134653,CLI-57248,2026-06-30 13:33:00,264737.61,CRC,retiro,sucursal,CA-001,Cuenta Corriente
TXN-00005004,CTA-544419,CLI-67375,2026-06-15 01:49:00,820586.95,CRC,retiro,atm,HE-001,Cuenta Ahorro
TXN-00005005,CTA-431311,CLI-65629,2026-06-26 12:15:00,3349203.86,CRC,deposito,app_movil,HE-001,Préstamo Personal
TXN-00005006,CTA-751347,CLI-84825,2026-06-05 22:41:00,3340709.28,CRC,comision,atm,LI-001,Tarjeta Crédito
TXN-00005007,CTA-189413,CLI-79984,2026-06-07 10:44:00,3960738.9,CRC,transferencia,atm,PU-001,Tarjeta Crédito
TXN-00005008,CTA-432115,CLI-80164,2026-06-10 12:59:00,3816180.25,CRC,retiro,web,LI-002,Préstamo Hipotecario
TXN-00005009,CTA-211638,CLI-45351,2026-06-06 18:59:00,301071.62,CRC,comision,sinpe,LI-001,Tarjeta Crédito
TXN-00005010,CTA-240054,CLI-35539,2026-06-02 10:17:00,3995562.23,CRC,transferencia,sinpe,AL-001,Tarjeta Crédito
TXN-00005011,CTA-636006,CLI-17335,2026-06-27 23:53:00,4127560.15,CRC,retiro,atm,CA-001,Cuenta Ahorro
TXN-00005012,CTA-945010,CLI-74990,2026-06-24 02:51:00,1680980.19,CRC,transferencia,app_movil,SJ-001,Préstamo Personal
TXN-00005013,CTA-761076,CLI-69121,2026-06-24 03:23:00,2929960.61,CRC,retiro,atm,SJ-002,Tarjeta Crédito
TXN-00005014,CTA-394124,CLI-72044,2026-06-14 09:52:00,1791284.54,CRC,pago,web,AL-001,Préstamo Personal
TXN-00005015,CTA-386756,CLI-84120,2026-06-12 12:27:00,3893246.24,CRC,pago,atm,HE-001,Préstamo Hipotecario
TXN-00005016,CTA-396025,CLI-16929,2026-06-12 03:54:00,1531289.58,CRC,deposito,web,SJ-001,Cuenta Corriente
TXN-00005017,CTA-672875,CLI-66936,2026-06-18 14:11:00,1951482.9,CRC,retiro,web,AL-001,Tarjeta Crédito
TXN-00005018,CTA-722531,CLI-39867,2026-06-17 14:41:00,2484698.6,CRC,comision,atm,CA-001,Tarjeta Crédito
TXN-00005019,CTA-205566,CLI-28312,2026-06-30 17:29:00,104467.81,CRC,deposito,app_movil,PU-001,Tarjeta Crédito
TXN-00005020,CTA-477971,CLI-43198,2026-06-02 02:36:00,786642.87,CRC,transferencia,sucursal,LI-002,Préstamo Hipotecario
TXN-00005021,CTA-555229,CLI-17922,2026-06-20 19:12:00,463806.69,CRC,comision,sinpe,SJ-001,Cuenta Ahorro
TXN-00005022,CTA-561751,CLI-83880,2026-06-07 10:22:00,2344204.86,CRC,retiro,web,HE-001,Cuenta Ahorro
TXN-00005023,CTA-411058,CLI-36383,2026-06-17 09:50:00,3533601.15,CRC,deposito,web,SJ-002,Cuenta Corriente
TXN-00005024,CTA-780614,CLI-40295,2026-06-10 21:41:00,1859293.06,CRC,comision,atm,AL-001,Cuenta Ahorro
TXN-00005025,CTA-262062,CLI-70283,2026-06-29 21:10:00,4738728.82,CRC,comision,sinpe,HE-001,Tarjeta Crédito
TXN-00005026,CTA-924556,CLI-75454,2026-06-08 01:37:00,2137471.3,CRC,comision,atm,CA-001,Préstamo Hipotecario
TXN-00005027,CTA-937223,CLI-50146,2026-06-19 20:21:00,1681280.31,CRC,comision,atm,HE-001,Préstamo Hipotecario
TXN-00005028,CTA-221608,CLI-32714,2026-06-17 02:42:00,3665496.8,CRC,pago,sucursal,LI-002,Cuenta Corriente
TXN-00005029,CTA-790746,CLI-28838,2026-06-23 10:30:00,3405588.88,CRC,pago,app_movil,HE-001,Préstamo Hipotecario
TXN-00005030,CTA-815941,CLI-46681,2026-06-11 09:40:00,4250182.42,CRC,deposito,sucursal,AL-001,Cuenta Ahorro
TXN-00005031,CTA-797995,CLI-26953,2026-06-28 07:02:00,1971297.31,CRC,pago,web,CA-001,Cuenta Corriente
TXN-00005032,CTA-383769,CLI-13984,2026-06-22 00:15:00,4590691.73,CRC,transferencia,app_movil,PU-001,Tarjeta Crédito
TXN-00005033,CTA-204122,CLI-20586,2026-06-18 17:22:00,3319236.33,CRC,retiro,sinpe,LI-001,Préstamo Personal
TXN-00005034,CTA-116680,CLI-55903,2026-06-11 12:45:00,4785051.73,CRC,deposito,sucursal,SJ-002,Cuenta Ahorro
TXN-00005035,CTA-912588,CLI-95177,2026-06-25 04:58:00,190267.4,CRC,transferencia,atm,AL-001,Préstamo Hipotecario
TXN-00005036,CTA-651434,CLI-27672,2026-06-17 05:24:00,3965914.8,CRC,pago,web,AL-001,Préstamo Personal
TXN-00005037,CTA-755307,CLI-37550,2026-06-22 21:56:00,913619.41,CRC,transferencia,atm,HE-001,Cuenta Ahorro
TXN-00005038,CTA-925792,CLI-27457,2026-06-11 10:23:00,968438.06,CRC,pago,sinpe,LI-002,Cuenta Ahorro
TXN-00005039,CTA-706567,CLI-34524,2026-06-28 16:00:00,3848913.23,CRC,deposito,atm,PU-001,Cuenta Corriente
TXN-00005040,CTA-101483,CLI-74188,2026-06-02 20:51:00,690629.14,CRC,pago,sucursal,SJ-001,Cuenta Corriente
TXN-00005041,CTA-757080,CLI-42949,2026-06-12 17:12:00,4470275.01,CRC,comision,web,CA-001,Préstamo Hipotecario
TXN-00005042,CTA-620846,CLI-18950,2026-06-18 09:57:00,1083663.8,CRC,transferencia,atm,LI-001,Préstamo Personal
TXN-00005043,CTA-473394,CLI-33791,2026-06-12 07:33:00,4847990.32,CRC,deposito,sinpe,SJ-002,Préstamo Hipotecario
TXN-00005044,CTA-575189,CLI-39095,2026-06-26 11:02:00,328401.22,CRC,deposito,sinpe,CA-001,Tarjeta Crédito
TXN-00005045,CTA-982163,CLI-40531,2026-06-03 08:30:00,3113861.25,CRC,pago,web,LI-002,Cuenta Ahorro
TXN-00005046,CTA-302134,CLI-46065,2026-06-05 19:10:00,3061891.56,CRC,deposito,atm,AL-001,Préstamo Hipotecario
TXN-00005047,CTA-904460,CLI-30959,2026-06-16 11:14:00,4468723.6,CRC,pago,atm,SJ-001,Préstamo Hipotecario
TXN-00005048,CTA-531986,CLI-81317,2026-06-30 01:51:00,2627901.5,CRC,deposito,app_movil,SJ-001,Préstamo Hipotecario
TXN-00005049,CTA-128855,CLI-83501,2026-06-03 16:13:00,754565.9,CRC,pago,app_movil,LI-002,Cuenta Ahorro
TXN-00005050,CTA-357227,CLI-88146,2026-06-06 12:25:00,1736500.8,CRC,transferencia,sinpe,HE-001,Préstamo Personal
TXN-00005051,CTA-179048,CLI-52972,2026-06-02 17:17:00,1173651.47,CRC,comision,sinpe,AL-001,Préstamo Hipotecario
TXN-00005052,CTA-478303,CLI-68389,2026-06-22 03:25:00,575824.02,CRC,comision,app_movil,LI-001,Cuenta Ahorro
TXN-00005053,CTA-677553,CLI-78914,2026-06-08 14:47:00,69789.25,CRC,comision,app_movil,CA-001,Préstamo Personal
TXN-00005054,CTA-587437,CLI-54069,2026-06-01 03:18:00,4694856.02,CRC,deposito,sucursal,HE-001,Tarjeta Crédito
TXN-00005055,CTA-149366,CLI-68156,2026-06-06 12:59:00,4663842.59,CRC,comision,sinpe,CA-001,Préstamo Personal
TXN-00005056,CTA-919325,CLI-73516,2026-06-23 11:10:00,2578856.04,CRC,transferencia,atm,LI-001,Préstamo Hipotecario
TXN-00005057,CTA-702973,CLI-22709,2026-06-16 09:16:00,2938917.24,CRC,transferencia,atm,SJ-001,Cuenta Corriente
TXN-00005058,CTA-360159,CLI-61226,2026-06-14 12:02:00,880701.6,CRC,pago,sinpe,LI-002,Tarjeta Crédito
TXN-00005059,CTA-626075,CLI-66262,2026-06-18 21:38:00,2227119.84,CRC,transferencia,app_movil,AL-001,Préstamo Hipotecario
TXN-00005060,CTA-240858,CLI-15159,2026-06-06 16:21:00,3836093.12,CRC,transferencia,sucursal,HE-001,Préstamo Hipotecario
TXN-00005061,CTA-815106,CLI-43980,2026-06-13 07:20:00,4566609.38,CRC,pago,sucursal,LI-001,Cuenta Corriente
TXN-00005062,CTA-302772,CLI-48783,2026-06-23 03:55:00,1304690.86,CRC,comision,sucursal,PU-001,Préstamo Hipotecario
TXN-00005063,CTA-849587,CLI-59500,2026-06-14 00:58:00,2129298.52,CRC,pago,atm,SJ-002,Cuenta Corriente
TXN-00005064,CTA-871516,CLI-57173,2026-06-21 02:21:00,2818635.48,CRC,comision,atm,PU-001,Préstamo Personal
TXN-00005065,CTA-190222,CLI-17156,2026-06-13 07:42:00,4788722.78,CRC,pago,web,SJ-002,Préstamo Personal
TXN-00005066,CTA-403769,CLI-22012,2026-06-30 04:15:00,4891707.11,CRC,comision,web,AL-001,Préstamo Hipotecario
TXN-00005067,CTA-432431,CLI-38393,2026-06-11 17:56:00,2690337.34,CRC,pago,web,LI-002,Cuenta Corriente
TXN-00005068,CTA-323096,CLI-24354,2026-06-04 07:10:00,1394419.51,CRC,pago,atm,AL-001,Tarjeta Crédito
TXN-00005069,CTA-371245,CLI-42354,2026-06-28 04:46:00,4631584.56,CRC,pago,sinpe,AL-001,Cuenta Corriente
TXN-00005070,CTA-141185,CLI-73238,2026-06-13 07:21:00,14712.04,CRC,comision,sucursal,LI-002,Préstamo Personal
TXN-00005071,CTA-978709,CLI-68596,2026-06-16 16:21:00,4009201.89,CRC,transferencia,web,SJ-002,Préstamo Hipotecario
TXN-00005072,CTA-718123,CLI-28292,2026-06-09 02:53:00,4499775.39,CRC,deposito,sucursal,PU-001,Cuenta Ahorro
TXN-00005073,CTA-914024,CLI-75053,2026-06-22 08:57:00,4819535.89,CRC,deposito,sucursal,CA-001,Tarjeta Crédito
TXN-00005074,CTA-175880,CLI-30224,2026-06-18 17:19:00,4951134.16,CRC,retiro,app_movil,LI-002,Cuenta Corriente
TXN-00005075,CTA-630524,CLI-85511,2026-06-26 03:33:00,2289716.2,CRC,transferencia,sinpe,LI-001,Cuenta Corriente
TXN-00005076,CTA-419747,CLI-33806,2026-06-17 17:18:00,710165.66,CRC,transferencia,web,CA-001,Préstamo Personal
TXN-00005077,CTA-922587,CLI-10110,2026-06-01 21:32:00,2902088.72,CRC,transferencia,web,SJ-001,Préstamo Hipotecario
TXN-00005078,CTA-148420,CLI-36940,2026-06-10 16:29:00,3267163.84,CRC,deposito,sucursal,PU-001,Tarjeta Crédito
TXN-00005079,CTA-525367,CLI-54351,2026-06-04 07:55:00,4109249.96,CRC,retiro,sucursal,CA-001,Préstamo Hipotecario
TXN-00005080,CTA-662147,CLI-44991,2026-06-24 11:09:00,2168981.2,CRC,comision,sinpe,LI-001,Préstamo Personal
TXN-00005081,CTA-940190,CLI-15702,2026-06-21 01:53:00,3682098.81,CRC,pago,app_movil,SJ-001,Cuenta Corriente
TXN-00005082,CTA-204137,CLI-46437,2026-06-23 16:44:00,4693268.14,CRC,retiro,sucursal,HE-001,Préstamo Personal
TXN-00005083,CTA-868874,CLI-87496,2026-06-02 10:16:00,3919886.43,CRC,deposito,web,SJ-001,Tarjeta Crédito
TXN-00005084,CTA-558943,CLI-20806,2026-06-13 21:53:00,1938208.96,CRC,pago,sucursal,CA-001,Préstamo Hipotecario
TXN-00005085,CTA-183189,CLI-56895,2026-06-21 20:43:00,933106.29,CRC,pago,web,PU-001,Tarjeta Crédito
TXN-00005086,CTA-492855,CLI-75744,2026-06-01 06:47:00,1275578.53,CRC,pago,web,LI-001,Cuenta Corriente
TXN-00005087,CTA-665406,CLI-75466,2026-06-24 19:49:00,1453059.39,CRC,transferencia,app_movil,AL-001,Tarjeta Crédito
TXN-00005088,CTA-345226,CLI-92282,2026-06-08 18:03:00,2530016.66,CRC,deposito,atm,LI-002,Cuenta Corriente
TXN-00005089,CTA-317306,CLI-43847,2026-06-28 12:07:00,866431.66,CRC,comision,sucursal,LI-002,Cuenta Corriente
TXN-00005090,CTA-848428,CLI-38678,2026-06-29 19:23:00,682628.47,CRC,comision,sinpe,AL-001,Préstamo Hipotecario
TXN-00005091,CTA-923635,CLI-13120,2026-06-08 05:54:00,1570902.25,CRC,deposito,web,SJ-002,Cuenta Corriente
TXN-00005092,CTA-107047,CLI-47941,2026-06-10 15:08:00,3309423.84,CRC,transferencia,sinpe,AL-001,Tarjeta Crédito
TXN-00005093,CTA-933689,CLI-73304,2026-06-16 23:30:00,2267443.25,CRC,deposito,atm,PU-001,Tarjeta Crédito
TXN-00005094,CTA-498323,CLI-61195,2026-06-06 00:39:00,3249867.65,CRC,deposito,atm,LI-002,Tarjeta Crédito
TXN-00005095,CTA-203526,CLI-62673,2026-06-20 00:13:00,2884074.57,CRC,transferencia,atm,CA-001,Préstamo Personal
TXN-00005096,CTA-925135,CLI-97472,2026-06-30 17:08:00,2458259.3,CRC,pago,web,PU-001,Tarjeta Crédito
TXN-00005097,CTA-363934,CLI-73000,2026-06-22 13:33:00,1924949.54,CRC,pago,app_movil,PU-001,Préstamo Hipotecario
TXN-00005098,CTA-803819,CLI-54829,2026-06-17 01:20:00,43094.83,CRC,retiro,sinpe,AL-001,Préstamo Personal
TXN-00005099,CTA-294034,CLI-19254,2026-06-15 03:31:00,4402438.52,CRC,pago,atm,LI-001,Cuenta Corriente
TXN-00005100,CTA-722104,CLI-83179,2026-06-14 02:02:00,2646569.48,CRC,comision,web,LI-002,Cuenta Ahorro
TXN-00005101,CTA-389274,CLI-28578,2026-06-22 07:12:00,1496132.19,CRC,retiro,app_movil,LI-001,Préstamo Personal
TXN-00005102,CTA-534272,CLI-89603,2026-06-04 12:06:00,3462015.9,CRC,retiro,sinpe,LI-001,Préstamo Hipotecario
TXN-00005103,CTA-552769,CLI-99859,2026-06-22 06:32:00,3227128.52,CRC,transferencia,app_movil,CA-001,Cuenta Corriente
TXN-00005104,CTA-535039,CLI-66595,2026-06-18 06:57:00,699323.45,CRC,retiro,sinpe,LI-002,Cuenta Corriente
TXN-00005105,CTA-191981,CLI-43678,2026-06-12 04:25:00,4000701.9,CRC,retiro,app_movil,AL-001,Cuenta Ahorro
TXN-00005106,CTA-960630,CLI-41334,2026-06-05 01:10:00,4999123.23,CRC,retiro,app_movil,CA-001,Cuenta Corriente
TXN-00005107,CTA-633001,CLI-44451,2026-06-05 22:30:00,4005055.86,CRC,deposito,web,SJ-002,Tarjeta Crédito
TXN-00005108,CTA-622350,CLI-51914,2026-06-12 10:48:00,1716347.6,CRC,transferencia,sucursal,LI-001,Tarjeta Crédito
TXN-00005109,CTA-209410,CLI-55036,2026-06-17 04:16:00,2847996.4,CRC,deposito,atm,AL-001,Cuenta Ahorro
TXN-00005110,CTA-463270,CLI-69614,2026-06-19 18:05:00,4682076.81,CRC,comision,sucursal,LI-002,Tarjeta Crédito
TXN-00005111,CTA-672739,CLI-36177,2026-06-04 07:34:00,4788271.8,CRC,comision,web,LI-002,Cuenta Corriente
TXN-00005112,CTA-516721,CLI-65602,2026-06-30 21:19:00,1641564.35,CRC,comision,web,CA-001,Cuenta Ahorro
TXN-00005113,CTA-668966,CLI-85388,2026-06-30 21:40:00,4039619.19,CRC,transferencia,sinpe,CA-001,Préstamo Personal
TXN-00005114,CTA-659818,CLI-28463,2026-06-12 09:26:00,2320412.38,CRC,transferencia,web,SJ-002,Cuenta Corriente
TXN-00005115,CTA-870670,CLI-66644,2026-06-06 13:59:00,3874792.49,CRC,retiro,atm,SJ-002,Préstamo Personal
TXN-00005116,CTA-541351,CLI-32035,2026-06-28 10:22:00,3169469.2,CRC,comision,sucursal,HE-001,Préstamo Personal
TXN-00005117,CTA-650723,CLI-57433,2026-06-25 10:11:00,687803.48,CRC,deposito,web,HE-001,Préstamo Hipotecario
TXN-00005118,CTA-692014,CLI-89456,2026-06-21 19:47:00,2171101.46,CRC,deposito,app_movil,CA-001,Cuenta Corriente
TXN-00005119,CTA-736189,CLI-17618,2026-06-06 23:12:00,4066137.88,CRC,comision,atm,LI-002,Cuenta Ahorro
TXN-00005120,CTA-792488,CLI-69532,2026-06-01 09:51:00,2700592.44,CRC,retiro,app_movil,CA-001,Cuenta Ahorro
TXN-00005121,CTA-699923,CLI-15434,2026-06-06 15:39:00,3185071.72,CRC,transferencia,atm,LI-001,Préstamo Personal
TXN-00005122,CTA-858252,CLI-45476,2026-06-08 19:20:00,4077731.27,CRC,pago,sucursal,HE-001,Cuenta Ahorro
TXN-00005123,CTA-545668,CLI-63481,2026-06-02 14:56:00,1954039.69,CRC,retiro,sucursal,SJ-002,Préstamo Hipotecario
TXN-00005124,CTA-263220,CLI-47742,2026-06-10 15:42:00,183311.29,CRC,retiro,sucursal,LI-001,Préstamo Personal
TXN-00005125,CTA-664616,CLI-21972,2026-06-06 20:03:00,1203671.18,CRC,transferencia,app_movil,LI-001,Cuenta Ahorro
TXN-00005126,CTA-996665,CLI-88027,2026-06-03 10:36:00,1570080.04,CRC,comision,atm,LI-002,Cuenta Corriente
TXN-00005127,CTA-396833,CLI-79365,2026-06-13 10:54:00,307380.2,CRC,transferencia,sucursal,AL-001,Tarjeta Crédito
TXN-00005128,CTA-115186,CLI-88675,2026-06-03 05:48:00,1400819.2,CRC,retiro,sucursal,LI-002,Cuenta Ahorro
TXN-00005129,CTA-770722,CLI-84056,2026-06-24 11:03:00,4274988.39,CRC,comision,web,SJ-001,Cuenta Corriente
TXN-00005130,CTA-416963,CLI-36504,2026-06-07 08:36:00,1349878.96,CRC,deposito,app_movil,HE-001,Préstamo Hipotecario
TXN-00005131,CTA-801785,CLI-83041,2026-06-01 13:08:00,2421598.16,CRC,retiro,sucursal,LI-002,Tarjeta Crédito
TXN-00005132,CTA-612715,CLI-72221,2026-06-11 23:48:00,3782697.97,CRC,retiro,web,AL-001,Préstamo Personal
TXN-00005133,CTA-517162,CLI-18502,2026-06-17 03:18:00,1287018.22,CRC,pago,sucursal,LI-001,Préstamo Personal
TXN-00005134,CTA-453950,CLI-52007,2026-06-17 05:54:00,4735121.0,CRC,transferencia,sinpe,LI-002,Cuenta Corriente
TXN-00005135,CTA-288454,CLI-61070,2026-06-14 02:40:00,4688109.42,CRC,pago,web,LI-002,Cuenta Corriente
TXN-00005136,CTA-937431,CLI-85641,2026-06-16 10:55:00,2900908.55,CRC,retiro,sinpe,CA-001,Tarjeta Crédito
TXN-00005137,CTA-972697,CLI-28197,2026-06-09 03:46:00,3539305.99,CRC,deposito,atm,LI-002,Cuenta Corriente
TXN-00005138,CTA-367054,CLI-39174,2026-06-30 04:52:00,1039262.76,CRC,retiro,sinpe,SJ-002,Cuenta Corriente
TXN-00005139,CTA-996194,CLI-80725,2026-06-20 20:57:00,2363276.19,CRC,comision,atm,AL-001,Préstamo Hipotecario
TXN-00005140,CTA-596138,CLI-34765,2026-06-09 05:37:00,4061968.42,CRC,retiro,sinpe,HE-001,Cuenta Corriente
TXN-00005141,CTA-217358,CLI-88710,2026-06-06 23:44:00,1106015.42,CRC,deposito,sucursal,SJ-001,Préstamo Personal
TXN-00005142,CTA-925766,CLI-57530,2026-06-16 18:37:00,2837229.01,CRC,transferencia,web,CA-001,Cuenta Corriente
TXN-00005143,CTA-875312,CLI-21740,2026-06-14 02:22:00,422294.66,CRC,pago,sucursal,AL-001,Cuenta Ahorro
TXN-00005144,CTA-856699,CLI-98208,2026-06-02 12:41:00,4282018.25,CRC,transferencia,sinpe,PU-001,Cuenta Corriente
TXN-00005145,CTA-974680,CLI-42955,2026-06-03 02:05:00,3585989.97,CRC,retiro,web,SJ-001,Tarjeta Crédito
TXN-00005146,CTA-363171,CLI-37559,2026-06-10 19:28:00,1335961.31,CRC,retiro,sinpe,PU-001,Préstamo Personal
TXN-00005147,CTA-263903,CLI-10977,2026-06-27 18:30:00,1265160.05,CRC,deposito,web,SJ-002,Cuenta Ahorro
TXN-00005148,CTA-624524,CLI-41323,2026-06-08 12:23:00,1990469.33,CRC,transferencia,sucursal,LI-002,Préstamo Personal
TXN-00005149,CTA-631912,CLI-68463,2026-06-24 03:32:00,4236045.33,CRC,comision,atm,SJ-001,Préstamo Personal
TXN-00005150,CTA-328903,CLI-34688,2026-06-05 20:14:00,3008322.45,CRC,comision,atm,SJ-001,Cuenta Ahorro
TXN-00005151,CTA-145495,CLI-17863,2026-06-02 19:08:00,218946.11,CRC,pago,sucursal,SJ-001,Cuenta Ahorro
TXN-00005152,CTA-598958,CLI-68450,2026-06-16 13:40:00,3227298.26,CRC,transferencia,atm,PU-001,Préstamo Personal
TXN-00005153,CTA-273747,CLI-82448,2026-06-17 19:47:00,603857.03,CRC,transferencia,web,PU-001,Cuenta Corriente
TXN-00005154,CTA-541615,CLI-93587,2026-06-11 23:35:00,1371814.25,CRC,retiro,sucursal,HE-001,Cuenta Ahorro
TXN-00005155,CTA-927276,CLI-97838,2026-06-14 01:31:00,1769181.58,CRC,pago,sinpe,PU-001,Tarjeta Crédito
TXN-00005156,CTA-530774,CLI-36305,2026-06-03 23:03:00,1484134.87,CRC,transferencia,app_movil,LI-001,Préstamo Personal
TXN-00005157,CTA-893035,CLI-18910,2026-06-15 05:27:00,1020860.95,CRC,comision,atm,LI-002,Cuenta Corriente
TXN-00005158,CTA-505384,CLI-57051,2026-06-23 17:48:00,2844838.11,CRC,comision,atm,PU-001,Préstamo Hipotecario
TXN-00005159,CTA-113219,CLI-15475,2026-06-19 14:04:00,3945556.71,CRC,retiro,sucursal,LI-001,Préstamo Personal
TXN-00005160,CTA-983957,CLI-61794,2026-06-15 07:49:00,912509.21,CRC,transferencia,sinpe,AL-001,Tarjeta Crédito
TXN-00005161,CTA-691348,CLI-30939,2026-06-30 00:14:00,442290.23,CRC,retiro,sucursal,AL-001,Tarjeta Crédito
TXN-00005162,CTA-603271,CLI-87053,2026-06-05 05:07:00,1693218.84,CRC,transferencia,sucursal,HE-001,Préstamo Personal
TXN-00005163,CTA-515759,CLI-64160,2026-06-30 04:19:00,1150031.13,CRC,deposito,atm,AL-001,Cuenta Corriente
TXN-00005164,CTA-421792,CLI-38049,2026-06-13 23:00:00,4678633.07,CRC,deposito,sucursal,AL-001,Préstamo Hipotecario
TXN-00005165,CTA-331398,CLI-73791,2026-06-22 11:24:00,2726071.24,CRC,retiro,sucursal,SJ-001,Préstamo Hipotecario
TXN-00005166,CTA-750047,CLI-36255,2026-06-26 11:11:00,610176.9,CRC,transferencia,sucursal,AL-001,Tarjeta Crédito
TXN-00005167,CTA-768950,CLI-58402,2026-06-09 15:44:00,831811.76,CRC,deposito,app_movil,AL-001,Tarjeta Crédito
TXN-00005168,CTA-684048,CLI-44118,2026-06-26 20:09:00,4488951.84,CRC,deposito,web,PU-001,Préstamo Personal
TXN-00005169,CTA-157079,CLI-81535,2026-06-30 10:03:00,991484.58,CRC,pago,sinpe,LI-001,Cuenta Ahorro
TXN-00005170,CTA-522444,CLI-70018,2026-06-30 20:49:00,3757870.14,CRC,comision,app_movil,HE-001,Cuenta Corriente
TXN-00005171,CTA-518632,CLI-66484,2026-06-20 22:44:00,1554208.6,CRC,pago,web,AL-001,Préstamo Hipotecario
TXN-00005172,CTA-817523,CLI-10638,2026-06-15 01:04:00,2157716.58,CRC,comision,atm,CA-001,Cuenta Ahorro
TXN-00005173,CTA-815418,CLI-56659,2026-06-24 13:50:00,2528289.4,CRC,deposito,sinpe,PU-001,Tarjeta Crédito
TXN-00005174,CTA-763970,CLI-65990,2026-06-16 06:20:00,1671655.19,CRC,retiro,sinpe,AL-001,Préstamo Personal
TXN-00005175,CTA-887251,CLI-29181,2026-06-09 09:22:00,1902233.47,CRC,retiro,sucursal,PU-001,Tarjeta Crédito
TXN-00005176,CTA-762707,CLI-49868,2026-06-21 09:15:00,2439720.27,CRC,pago,sinpe,AL-001,Préstamo Hipotecario
TXN-00005177,CTA-863002,CLI-99394,2026-06-08 12:55:00,4804755.36,CRC,transferencia,web,LI-002,Cuenta Ahorro
TXN-00005178,CTA-363617,CLI-66416,2026-06-09 18:11:00,1267323.24,CRC,pago,web,CA-001,Cuenta Corriente
TXN-00005179,CTA-412750,CLI-88577,2026-06-03 02:12:00,501550.39,CRC,pago,app_movil,LI-001,Préstamo Hipotecario
TXN-00005180,CTA-515084,CLI-32125,2026-06-03 04:38:00,4350574.49,CRC,comision,sinpe,PU-001,Préstamo Personal
TXN-00005181,CTA-746000,CLI-32204,2026-06-24 15:55:00,4713290.24,CRC,transferencia,atm,LI-002,Préstamo Hipotecario
TXN-00005182,CTA-813221,CLI-95198,2026-06-12 14:19:00,3769803.8,CRC,comision,atm,SJ-001,Cuenta Corriente
TXN-00005183,CTA-439748,CLI-64668,2026-06-24 16:07:00,3108294.26,CRC,deposito,sucursal,PU-001,Tarjeta Crédito
TXN-00005184,CTA-666474,CLI-39865,2026-06-13 10:16:00,4250621.7,CRC,retiro,app_movil,SJ-001,Préstamo Hipotecario
TXN-00005185,CTA-707442,CLI-34984,2026-06-12 06:25:00,607404.29,CRC,transferencia,web,SJ-001,Préstamo Personal
TXN-00005186,CTA-776752,CLI-36671,2026-06-27 15:38:00,4022700.34,CRC,pago,web,SJ-002,Préstamo Hipotecario
TXN-00005187,CTA-806162,CLI-30676,2026-06-12 06:33:00,456203.67,CRC,retiro,app_movil,SJ-001,Cuenta Corriente
TXN-00005188,CTA-901512,CLI-58111,2026-06-18 13:07:00,479905.25,CRC,retiro,app_movil,CA-001,Cuenta Corriente
TXN-00005189,CTA-204234,CLI-57685,2026-06-29 13:03:00,1203060.91,CRC,retiro,sucursal,AL-001,Cuenta Corriente
TXN-00005190,CTA-514164,CLI-93513,2026-06-09 20:49:00,4068629.67,CRC,retiro,app_movil,CA-001,Tarjeta Crédito
TXN-00005191,CTA-608595,CLI-15963,2026-06-01 05:19:00,398667.88,CRC,retiro,sucursal,AL-001,Cuenta Corriente
TXN-00005192,CTA-136662,CLI-24732,2026-06-25 23:56:00,2420048.75,CRC,retiro,sinpe,PU-001,Tarjeta Crédito
TXN-00005193,CTA-356780,CLI-22803,2026-06-28 12:09:00,4487931.26,CRC,pago,web,SJ-001,Tarjeta Crédito
TXN-00005194,CTA-105980,CLI-23788,2026-06-19 03:39:00,40004.95,CRC,comision,app_movil,SJ-001,Préstamo Personal
TXN-00005195,CTA-322890,CLI-32828,2026-06-18 02:55:00,4214633.23,CRC,transferencia,atm,LI-001,Préstamo Hipotecario
TXN-00005196,CTA-922249,CLI-76887,2026-06-11 20:27:00,4955947.61,CRC,pago,app_movil,HE-001,Tarjeta Crédito
TXN-00005197,CTA-616751,CLI-49904,2026-06-04 07:26:00,1424106.34,CRC,pago,sinpe,LI-001,Cuenta Corriente
TXN-00005198,CTA-161428,CLI-82410,2026-06-06 04:02:00,4881867.09,CRC,pago,app_movil,LI-002,Cuenta Ahorro
TXN-00005199,CTA-295428,CLI-14348,2026-06-22 23:09:00,2665660.41,CRC,transferencia,app_movil,AL-001,Cuenta Corriente
TXN-00005200,CTA-868371,CLI-78114,2026-06-29 08:44:00,3284287.12,CRC,deposito,sinpe,CA-001,Cuenta Ahorro
TXN-00005201,CTA-314848,CLI-31984,2026-06-13 21:08:00,894427.33,CRC,deposito,web,SJ-002,Cuenta Corriente
TXN-00005202,CTA-844686,CLI-38140,2026-06-02 03:18:00,4305743.97,CRC,retiro,atm,LI-001,Cuenta Corriente
TXN-00005203,CTA-871780,CLI-55914,2026-06-25 20:47:00,695022.96,CRC,retiro,web,CA-001,Préstamo Personal
TXN-00005204,CTA-145016,CLI-31499,2026-06-08 06:57:00,738629.64,CRC,deposito,sucursal,LI-001,Cuenta Corriente
TXN-00005205,CTA-463145,CLI-48028,2026-06-05 11:50:00,2337144.93,CRC,retiro,sinpe,PU-001,Cuenta Ahorro
TXN-00005206,CTA-127863,CLI-23305,2026-06-08 14:55:00,2471043.08,CRC,deposito,web,PU-001,Préstamo Personal
TXN-00005207,CTA-554040,CLI-71378,2026-06-24 00:10:00,565585.89,CRC,comision,web,SJ-002,Cuenta Ahorro
TXN-00005208,CTA-200506,CLI-53659,2026-06-28 04:57:00,898412.43,CRC,retiro,sinpe,SJ-001,Préstamo Personal
TXN-00005209,CTA-345221,CLI-12063,2026-06-12 16:15:00,2162118.9,CRC,retiro,sucursal,AL-001,Cuenta Corriente
TXN-00005210,CTA-819081,CLI-54303,2026-06-28 23:30:00,419263.13,CRC,retiro,app_movil,HE-001,Tarjeta Crédito
TXN-00005211,CTA-181373,CLI-89735,2026-06-01 13:01:00,3959912.44,CRC,comision,atm,LI-001,Cuenta Corriente
TXN-00005212,CTA-438010,CLI-51907,2026-06-03 18:14:00,138315.81,CRC,deposito,sinpe,LI-001,Tarjeta Crédito
TXN-00005213,CTA-405359,CLI-64114,2026-06-23 20:06:00,819919.4,CRC,pago,web,LI-001,Cuenta Corriente
TXN-00005214,CTA-557351,CLI-69255,2026-06-11 14:09:00,2521533.93,CRC,comision,web,LI-002,Cuenta Corriente
TXN-00005215,CTA-782005,CLI-68917,2026-06-01 07:34:00,4980947.2,CRC,pago,atm,CA-001,Tarjeta Crédito
TXN-00005216,CTA-343576,CLI-52196,2026-06-02 20:03:00,4668885.86,CRC,transferencia,app_movil,LI-001,Cuenta Corriente
TXN-00005217,CTA-576643,CLI-94048,2026-06-23 15:27:00,2209887.97,CRC,comision,web,AL-001,Cuenta Ahorro
TXN-00005218,CTA-223527,CLI-81715,2026-06-07 06:14:00,2823974.52,CRC,retiro,sucursal,AL-001,Cuenta Corriente
TXN-00005219,CTA-265308,CLI-18285,2026-06-17 10:18:00,450864.53,CRC,retiro,atm,SJ-002,Cuenta Corriente
TXN-00005220,CTA-660111,CLI-14067,2026-06-20 10:35:00,4249309.58,CRC,deposito,sinpe,CA-001,Préstamo Hipotecario
TXN-00005221,CTA-417560,CLI-15433,2026-06-02 19:11:00,148321.56,CRC,pago,atm,LI-001,Cuenta Corriente
TXN-00005222,CTA-972332,CLI-45804,2026-06-04 00:14:00,3190546.15,CRC,pago,app_movil,LI-002,Cuenta Corriente
TXN-00005223,CTA-384705,CLI-80879,2026-06-21 23:24:00,3341798.54,CRC,transferencia,web,SJ-001,Préstamo Hipotecario
TXN-00005224,CTA-761394,CLI-96161,2026-06-20 19:49:00,4760690.68,CRC,deposito,sucursal,PU-001,Tarjeta Crédito
TXN-00005225,CTA-733512,CLI-13308,2026-06-03 13:10:00,3691642.18,CRC,transferencia,atm,LI-002,Préstamo Hipotecario
TXN-00005226,CTA-789589,CLI-78316,2026-06-04 15:39:00,2712501.23,CRC,deposito,sinpe,CA-001,Cuenta Corriente
TXN-00005227,CTA-985539,CLI-45962,2026-06-06 15:45:00,4983975.02,CRC,transferencia,web,SJ-002,Préstamo Personal
TXN-00005228,CTA-174686,CLI-86607,2026-06-19 07:13:00,2195451.6,CRC,transferencia,sucursal,LI-002,Tarjeta Crédito
TXN-00005229,CTA-201117,CLI-73430,2026-06-26 16:34:00,3689229.7,CRC,deposito,sinpe,PU-001,Cuenta Ahorro
TXN-00005230,CTA-447189,CLI-19843,2026-06-05 07:16:00,2111405.78,CRC,pago,web,LI-002,Cuenta Corriente
TXN-00005231,CTA-682084,CLI-10550,2026-06-06 20:49:00,3327737.86,CRC,transferencia,atm,AL-001,Cuenta Ahorro
TXN-00005232,CTA-270040,CLI-67727,2026-06-14 21:30:00,2524503.09,CRC,pago,sucursal,LI-002,Tarjeta Crédito
TXN-00005233,CTA-470475,CLI-93376,2026-06-09 15:05:00,297534.2,CRC,comision,sucursal,AL-001,Préstamo Hipotecario
TXN-00005234,CTA-478285,CLI-75802,2026-06-13 04:28:00,3919417.36,CRC,pago,sucursal,LI-002,Préstamo Personal
TXN-00005235,CTA-859959,CLI-54492,2026-06-08 19:12:00,1075586.63,CRC,pago,app_movil,CA-001,Cuenta Ahorro
TXN-00005236,CTA-742155,CLI-41808,2026-06-12 14:27:00,4471504.79,CRC,comision,sinpe,SJ-001,Préstamo Personal
TXN-00005237,CTA-938766,CLI-79272,2026-06-20 06:46:00,3569623.14,CRC,transferencia,web,CA-001,Tarjeta Crédito
TXN-00005238,CTA-810231,CLI-69626,2026-06-25 06:57:00,1333569.1,CRC,retiro,sinpe,HE-001,Préstamo Hipotecario
TXN-00005239,CTA-511984,CLI-98740,2026-06-11 13:58:00,3614459.44,CRC,transferencia,sucursal,LI-001,Cuenta Ahorro
TXN-00005240,CTA-679712,CLI-64566,2026-06-28 10:25:00,2765815.29,CRC,pago,web,SJ-002,Cuenta Ahorro
TXN-00005241,CTA-336713,CLI-40759,2026-06-08 01:52:00,1245392.96,CRC,transferencia,app_movil,LI-002,Préstamo Personal
TXN-00005242,CTA-209429,CLI-63872,2026-06-29 16:58:00,283548.02,CRC,pago,sucursal,AL-001,Cuenta Ahorro
TXN-00005243,CTA-824730,CLI-27457,2026-06-13 07:05:00,584337.84,CRC,deposito,atm,SJ-001,Préstamo Personal
TXN-00005244,CTA-460048,CLI-33206,2026-06-09 22:21:00,4411311.89,CRC,pago,sucursal,HE-001,Préstamo Personal
TXN-00005245,CTA-327697,CLI-35553,2026-06-08 19:08:00,910554.99,CRC,transferencia,web,PU-001,Cuenta Corriente
TXN-00005246,CTA-480706,CLI-25360,2026-06-13 21:27:00,1332456.18,CRC,transferencia,sucursal,HE-001,Tarjeta Crédito
TXN-00005247,CTA-210365,CLI-71235,2026-06-14 05:17:00,421179.55,CRC,transferencia,atm,AL-001,Préstamo Hipotecario
TXN-00005248,CTA-448598,CLI-72659,2026-06-13 01:25:00,4958141.83,CRC,transferencia,sucursal,HE-001,Cuenta Corriente
TXN-00005249,CTA-755842,CLI-49355,2026-06-29 18:04:00,898979.51,CRC,pago,sucursal,HE-001,Préstamo Hipotecario
TXN-00005250,CTA-754353,CLI-24580,2026-06-05 23:46:00,373897.16,CRC,deposito,web,LI-001,Tarjeta Crédito
TXN-00005251,CTA-792718,CLI-60776,2026-06-23 08:25:00,4510475.21,CRC,transferencia,sucursal,AL-001,Préstamo Hipotecario
TXN-00005252,CTA-562345,CLI-36777,2026-06-28 03:14:00,868473.67,CRC,transferencia,sucursal,LI-002,Préstamo Hipotecario
TXN-00005253,CTA-776485,CLI-84700,2026-06-29 03:22:00,1873911.29,CRC,deposito,atm,LI-002,Cuenta Ahorro
TXN-00005254,CTA-948844,CLI-25627,2026-06-01 02:17:00,2324123.87,CRC,transferencia,atm,SJ-001,Cuenta Corriente
TXN-00005255,CTA-603428,CLI-84558,2026-06-25 01:50:00,4283304.06,CRC,retiro,sucursal,CA-001,Cuenta Corriente
TXN-00005256,CTA-684796,CLI-32480,2026-06-16 10:56:00,4064022.37,CRC,transferencia,atm,LI-002,Cuenta Ahorro
TXN-00005257,CTA-196248,CLI-28391,2026-06-04 11:15:00,3621366.26,CRC,transferencia,web,SJ-001,Tarjeta Crédito
TXN-00005258,CTA-813613,CLI-60322,2026-06-11 20:37:00,2675828.26,CRC,retiro,atm,LI-002,Cuenta Ahorro
TXN-00005259,CTA-762599,CLI-64494,2026-06-03 03:49:00,4604659.94,CRC,deposito,web,SJ-002,Préstamo Personal
TXN-00005260,CTA-127771,CLI-59495,2026-06-27 20:48:00,572045.18,CRC,comision,web,PU-001,Cuenta Ahorro
TXN-00005261,CTA-951496,CLI-29272,2026-06-21 07:00:00,3036072.48,CRC,deposito,sinpe,HE-001,Préstamo Personal
TXN-00005262,CTA-109389,CLI-65671,2026-06-28 04:52:00,1929401.67,CRC,deposito,atm,SJ-001,Préstamo Personal
TXN-00005263,CTA-207348,CLI-24087,2026-06-04 19:13:00,2906960.26,CRC,retiro,atm,LI-001,Cuenta Corriente
TXN-00005264,CTA-146242,CLI-10215,2026-06-07 07:35:00,407901.85,CRC,transferencia,app_movil,CA-001,Cuenta Ahorro
TXN-00005265,CTA-950767,CLI-91393,2026-06-22 20:56:00,2790051.28,CRC,comision,web,AL-001,Préstamo Hipotecario
TXN-00005266,CTA-281038,CLI-17874,2026-06-11 07:45:00,564987.62,CRC,comision,web,AL-001,Cuenta Corriente
TXN-00005267,CTA-138468,CLI-70567,2026-06-13 00:39:00,705908.6,CRC,comision,web,HE-001,Préstamo Personal
TXN-00005268,CTA-373959,CLI-31486,2026-06-29 02:53:00,2526769.55,CRC,deposito,app_movil,LI-002,Cuenta Corriente
TXN-00005269,CTA-382786,CLI-27880,2026-06-14 00:17:00,1392044.57,CRC,transferencia,web,SJ-002,Cuenta Corriente
TXN-00005270,CTA-612059,CLI-32227,2026-06-30 04:50:00,1114967.04,CRC,retiro,sinpe,LI-002,Préstamo Personal
TXN-00005271,CTA-277898,CLI-78002,2026-06-04 01:58:00,2894497.38,CRC,transferencia,sinpe,LI-001,Préstamo Hipotecario
TXN-00005272,CTA-791743,CLI-71674,2026-06-13 10:28:00,4876454.57,CRC,pago,sucursal,LI-002,Préstamo Personal
TXN-00005273,CTA-130109,CLI-54566,2026-06-28 16:58:00,2965573.95,CRC,transferencia,web,AL-001,Préstamo Personal
TXN-00005274,CTA-730003,CLI-94058,2026-06-27 03:48:00,3300726.99,CRC,comision,sucursal,LI-002,Préstamo Personal
TXN-00005275,CTA-427032,CLI-92016,2026-06-21 04:30:00,80329.52,CRC,deposito,app_movil,PU-001,Tarjeta Crédito
TXN-00005276,CTA-865212,CLI-98165,2026-06-27 16:45:00,3026615.71,CRC,comision,app_movil,CA-001,Tarjeta Crédito
TXN-00005277,CTA-341052,CLI-84684,2026-06-01 04:51:00,4086722.32,CRC,deposito,sucursal,HE-001,Tarjeta Crédito
TXN-00005278,CTA-656520,CLI-56604,2026-06-20 17:39:00,4372988.72,CRC,comision,web,SJ-001,Préstamo Hipotecario
TXN-00005279,CTA-115810,CLI-90924,2026-06-29 19:06:00,2128248.97,CRC,pago,sucursal,PU-001,Tarjeta Crédito
TXN-00005280,CTA-511876,CLI-12240,2026-06-14 23:36:00,4536101.44,CRC,pago,atm,LI-002,Cuenta Corriente
TXN-00005281,CTA-624716,CLI-48137,2026-06-08 19:13:00,285645.36,CRC,retiro,web,SJ-002,Cuenta Ahorro
TXN-00005282,CTA-787236,CLI-47448,2026-06-07 05:23:00,1554696.57,CRC,deposito,sinpe,PU-001,Cuenta Corriente
TXN-00005283,CTA-407646,CLI-17980,2026-06-06 22:42:00,1726816.89,CRC,comision,atm,HE-001,Préstamo Hipotecario
TXN-00005284,CTA-491644,CLI-41510,2026-06-29 19:37:00,1608929.96,CRC,transferencia,sucursal,CA-001,Tarjeta Crédito
TXN-00005285,CTA-575169,CLI-87425,2026-06-30 04:02:00,2353676.85,CRC,transferencia,app_movil,CA-001,Préstamo Personal
TXN-00005286,CTA-438421,CLI-70128,2026-06-19 23:51:00,3867432.01,CRC,retiro,web,LI-001,Tarjeta Crédito
TXN-00005287,CTA-886339,CLI-30278,2026-06-26 11:48:00,3637374.67,CRC,transferencia,app_movil,LI-001,Cuenta Ahorro
TXN-00005288,CTA-880633,CLI-82195,2026-06-08 18:16:00,4691118.54,CRC,transferencia,web,LI-001,Préstamo Personal
TXN-00005289,CTA-615662,CLI-52548,2026-06-27 23:15:00,412372.73,CRC,retiro,sucursal,SJ-001,Préstamo Personal
TXN-00005290,CTA-689937,CLI-99869,2026-06-27 19:19:00,3106206.68,CRC,pago,atm,AL-001,Cuenta Ahorro
TXN-00005291,CTA-811609,CLI-86651,2026-06-10 12:18:00,2482258.75,CRC,comision,sinpe,PU-001,Cuenta Corriente
TXN-00005292,CTA-797065,CLI-77765,2026-06-07 11:19:00,4099843.35,CRC,transferencia,atm,SJ-001,Cuenta Corriente
TXN-00005293,CTA-374966,CLI-21754,2026-06-20 22:02:00,295190.97,CRC,transferencia,sinpe,SJ-001,Cuenta Corriente
TXN-00005294,CTA-691640,CLI-51927,2026-06-06 20:47:00,718367.32,CRC,pago,atm,HE-001,Cuenta Ahorro
TXN-00005295,CTA-311514,CLI-98567,2026-06-25 17:29:00,346884.02,CRC,comision,web,LI-001,Préstamo Personal
TXN-00005296,CTA-398131,CLI-64687,2026-06-12 06:30:00,805963.71,CRC,deposito,atm,LI-001,Cuenta Ahorro
TXN-00005297,CTA-162443,CLI-76993,2026-06-20 18:27:00,109806.01,CRC,transferencia,sucursal,AL-001,Cuenta Corriente
TXN-00005298,CTA-527417,CLI-19991,2026-06-19 02:34:00,1023261.08,CRC,deposito,sinpe,CA-001,Préstamo Hipotecario
TXN-00005299,CTA-250914,CLI-78325,2026-06-23 16:08:00,945088.36,CRC,retiro,web,LI-002,Tarjeta Crédito
TXN-00005300,CTA-825135,CLI-76530,2026-06-28 10:53:00,3295399.42,CRC,deposito,atm,CA-001,Cuenta Corriente
TXN-00005301,CTA-943525,CLI-60409,2026-06-28 21:31:00,2405334.67,CRC,deposito,sucursal,SJ-002,Cuenta Ahorro
TXN-00005302,CTA-491857,CLI-48256,2026-06-11 12:45:00,2523512.36,CRC,transferencia,app_movil,SJ-001,Préstamo Hipotecario
TXN-00005303,CTA-784396,CLI-66345,2026-06-30 14:05:00,1249755.26,CRC,deposito,sucursal,HE-001,Cuenta Corriente
TXN-00005304,CTA-594116,CLI-82525,2026-06-29 16:37:00,436721.93,CRC,comision,app_movil,CA-001,Cuenta Ahorro
TXN-00005305,CTA-535687,CLI-73638,2026-06-04 00:58:00,2902178.99,CRC,pago,web,SJ-001,Préstamo Personal
TXN-00005306,CTA-536247,CLI-54835,2026-06-22 02:34:00,1201600.34,CRC,pago,web,LI-002,Tarjeta Crédito
TXN-00005307,CTA-747474,CLI-17624,2026-06-17 06:01:00,1494677.18,CRC,retiro,atm,LI-001,Préstamo Hipotecario
TXN-00005308,CTA-829609,CLI-42783,2026-06-06 01:03:00,4029807.28,CRC,retiro,atm,LI-001,Cuenta Corriente
TXN-00005309,CTA-754586,CLI-36780,2026-06-05 21:49:00,699410.61,CRC,comision,atm,SJ-001,Tarjeta Crédito
TXN-00005310,CTA-663458,CLI-91037,2026-06-10 08:22:00,4113103.69,CRC,retiro,sucursal,CA-001,Cuenta Ahorro
TXN-00005311,CTA-811684,CLI-19153,2026-06-09 13:59:00,1029669.2,CRC,transferencia,sinpe,SJ-002,Tarjeta Crédito
TXN-00005312,CTA-250214,CLI-59350,2026-06-16 07:23:00,2323085.8,CRC,transferencia,app_movil,SJ-001,Préstamo Personal
TXN-00005313,CTA-561390,CLI-46889,2026-06-07 07:24:00,72014.5,CRC,deposito,atm,PU-001,Cuenta Corriente
TXN-00005314,CTA-600707,CLI-67275,2026-06-14 12:21:00,4075017.44,CRC,retiro,app_movil,HE-001,Préstamo Personal
TXN-00005315,CTA-367361,CLI-96625,2026-06-14 00:00:00,3674068.0,CRC,retiro,web,CA-001,Préstamo Hipotecario
TXN-00005316,CTA-711458,CLI-46945,2026-06-21 15:27:00,273604.35,CRC,deposito,web,CA-001,Préstamo Hipotecario
TXN-00005317,CTA-461629,CLI-31984,2026-06-15 21:22:00,4591215.23,CRC,deposito,sucursal,LI-002,Cuenta Ahorro
TXN-00005318,CTA-905736,CLI-24635,2026-06-17 10:33:00,2270299.25,CRC,retiro,atm,CA-001,Préstamo Hipotecario
TXN-00005319,CTA-903744,CLI-83313,2026-06-09 05:24:00,2654078.08,CRC,comision,app_movil,HE-001,Préstamo Hipotecario
TXN-00005320,CTA-475638,CLI-20820,2026-06-27 19:51:00,4150926.54,CRC,pago,atm,HE-001,Préstamo Hipotecario
TXN-00005321,CTA-834413,CLI-86543,2026-06-27 12:06:00,3745951.34,CRC,transferencia,atm,SJ-002,Préstamo Personal
TXN-00005322,CTA-553570,CLI-42954,2026-06-30 21:24:00,4992185.47,CRC,transferencia,sucursal,HE-001,Cuenta Ahorro
TXN-00005323,CTA-176074,CLI-58549,2026-06-27 14:04:00,151831.28,CRC,retiro,atm,SJ-001,Cuenta Ahorro
TXN-00005324,CTA-483231,CLI-53284,2026-06-24 22:52:00,2478079.56,CRC,transferencia,web,PU-001,Cuenta Corriente
TXN-00005325,CTA-728218,CLI-55436,2026-06-04 03:30:00,3810700.17,CRC,deposito,app_movil,LI-002,Tarjeta Crédito
TXN-00005326,CTA-884974,CLI-90748,2026-06-18 02:25:00,4694490.79,CRC,retiro,web,LI-002,Préstamo Personal
TXN-00005327,CTA-878991,CLI-26800,2026-06-07 12:28:00,4518584.54,CRC,comision,app_movil,LI-001,Cuenta Corriente
TXN-00005328,CTA-845627,CLI-14253,2026-06-15 02:09:00,2307669.62,CRC,pago,sucursal,SJ-002,Tarjeta Crédito
TXN-00005329,CTA-210987,CLI-64212,2026-06-20 06:25:00,3364931.13,CRC,deposito,sucursal,SJ-001,Tarjeta Crédito
TXN-00005330,CTA-233696,CLI-99814,2026-06-01 13:44:00,2937439.87,CRC,deposito,web,LI-002,Tarjeta Crédito
TXN-00005331,CTA-286108,CLI-73936,2026-06-16 22:20:00,1618744.67,CRC,transferencia,atm,LI-002,Cuenta Ahorro
TXN-00005332,CTA-897212,CLI-83603,2026-06-23 21:13:00,4346150.91,CRC,pago,web,CA-001,Préstamo Hipotecario
TXN-00005333,CTA-813089,CLI-16845,2026-06-16 09:40:00,4797400.13,CRC,pago,web,SJ-002,Préstamo Hipotecario
TXN-00005334,CTA-878793,CLI-71354,2026-06-24 02:58:00,1738283.19,CRC,deposito,atm,SJ-002,Tarjeta Crédito
TXN-00005335,CTA-541836,CLI-64340,2026-06-19 22:15:00,405673.32,CRC,comision,sinpe,PU-001,Tarjeta Crédito
TXN-00005336,CTA-882519,CLI-41324,2026-06-02 23:07:00,2103468.39,CRC,pago,atm,CA-001,Préstamo Personal
TXN-00005337,CTA-488493,CLI-51102,2026-06-30 02:12:00,1708833.96,CRC,deposito,web,SJ-001,Cuenta Corriente
TXN-00005338,CTA-450456,CLI-64437,2026-06-04 06:22:00,1036043.99,CRC,retiro,sucursal,CA-001,Cuenta Ahorro
TXN-00005339,CTA-635570,CLI-29476,2026-06-12 20:51:00,4655600.43,CRC,transferencia,web,LI-001,Préstamo Hipotecario
TXN-00005340,CTA-185484,CLI-29047,2026-06-19 09:22:00,2967701.07,CRC,pago,sinpe,SJ-002,Préstamo Personal
TXN-00005341,CTA-680330,CLI-49868,2026-06-15 04:40:00,2899089.68,CRC,comision,web,PU-001,Préstamo Hipotecario
TXN-00005342,CTA-189416,CLI-84927,2026-06-24 02:17:00,3697889.42,CRC,pago,sucursal,PU-001,Cuenta Corriente
TXN-00005343,CTA-153425,CLI-44061,2026-06-16 19:34:00,2473808.44,CRC,retiro,web,AL-001,Préstamo Hipotecario
TXN-00005344,CTA-953230,CLI-83845,2026-06-09 08:06:00,3809826.94,CRC,deposito,web,AL-001,Tarjeta Crédito
TXN-00005345,CTA-226354,CLI-27582,2026-06-07 01:25:00,22617.63,CRC,pago,atm,CA-001,Préstamo Personal
TXN-00005346,CTA-509419,CLI-36712,2026-06-27 16:30:00,553870.69,CRC,deposito,sinpe,SJ-001,Cuenta Corriente
TXN-00005347,CTA-815311,CLI-95404,2026-06-26 23:19:00,1219341.3,CRC,deposito,sinpe,PU-001,Tarjeta Crédito
TXN-00005348,CTA-104646,CLI-65058,2026-06-16 17:48:00,4061707.33,CRC,retiro,sucursal,CA-001,Cuenta Ahorro
TXN-00005349,CTA-537443,CLI-71662,2026-06-01 13:11:00,943627.07,CRC,retiro,atm,PU-001,Préstamo Personal
TXN-00005350,CTA-866939,CLI-47923,2026-06-21 16:44:00,1958572.84,CRC,retiro,sinpe,LI-001,Préstamo Hipotecario
TXN-00005351,CTA-412442,CLI-11100,2026-06-15 01:56:00,10334.0,CRC,deposito,sucursal,SJ-002,Cuenta Ahorro
TXN-00005352,CTA-888945,CLI-26706,2026-06-22 08:01:00,93312.41,CRC,transferencia,sinpe,CA-001,Cuenta Ahorro
TXN-00005353,CTA-499441,CLI-37134,2026-06-21 05:30:00,4324502.01,CRC,transferencia,sucursal,HE-001,Cuenta Ahorro
TXN-00005354,CTA-683835,CLI-77482,2026-06-16 13:03:00,405237.08,CRC,retiro,app_movil,PU-001,Cuenta Ahorro
TXN-00005355,CTA-550119,CLI-98158,2026-06-25 13:52:00,3433974.91,CRC,comision,atm,SJ-001,Préstamo Hipotecario
TXN-00005356,CTA-689490,CLI-53888,2026-06-19 19:11:00,3306920.4,CRC,retiro,app_movil,AL-001,Cuenta Corriente
TXN-00005357,CTA-182420,CLI-71162,2026-06-05 06:32:00,2513080.46,CRC,pago,sinpe,AL-001,Cuenta Corriente
TXN-00005358,CTA-512346,CLI-39954,2026-06-10 12:23:00,2120069.86,CRC,pago,sinpe,PU-001,Tarjeta Crédito
TXN-00005359,CTA-781620,CLI-42278,2026-06-22 20:27:00,2536084.08,CRC,retiro,web,AL-001,Tarjeta Crédito
TXN-00005360,CTA-301845,CLI-36352,2026-06-27 11:10:00,1682100.24,CRC,pago,sinpe,HE-001,Cuenta Corriente
TXN-00005361,CTA-132365,CLI-39480,2026-06-08 20:59:00,4939458.0,CRC,pago,atm,HE-001,Cuenta Ahorro
TXN-00005362,CTA-212885,CLI-96527,2026-06-16 16:52:00,3331807.05,CRC,retiro,sucursal,CA-001,Tarjeta Crédito
TXN-00005363,CTA-569986,CLI-53256,2026-06-16 14:35:00,4227275.03,CRC,pago,web,AL-001,Cuenta Corriente
TXN-00005364,CTA-945401,CLI-42705,2026-06-27 11:45:00,238133.78,CRC,deposito,atm,LI-001,Préstamo Personal
TXN-00005365,CTA-578235,CLI-18789,2026-06-23 19:34:00,2777689.11,CRC,retiro,web,LI-002,Tarjeta Crédito
TXN-00005366,CTA-752828,CLI-48287,2026-06-07 21:45:00,4246227.09,CRC,comision,sinpe,HE-001,Cuenta Corriente
TXN-00005367,CTA-858359,CLI-88563,2026-06-23 18:40:00,800707.9,CRC,comision,sucursal,LI-001,Préstamo Hipotecario
TXN-00005368,CTA-847678,CLI-19677,2026-06-23 21:10:00,4546705.3,CRC,transferencia,app_movil,AL-001,Tarjeta Crédito
TXN-00005369,CTA-533749,CLI-45159,2026-06-27 17:16:00,2209144.56,CRC,comision,app_movil,LI-002,Cuenta Ahorro
TXN-00005370,CTA-469149,CLI-67732,2026-06-19 04:51:00,2041639.86,CRC,pago,atm,SJ-002,Cuenta Ahorro
TXN-00005371,CTA-837293,CLI-60689,2026-06-24 03:01:00,4794075.34,CRC,deposito,sinpe,AL-001,Tarjeta Crédito
TXN-00005372,CTA-690928,CLI-97347,2026-06-30 21:07:00,3542464.43,CRC,deposito,sucursal,HE-001,Préstamo Hipotecario
TXN-00005373,CTA-410905,CLI-34865,2026-06-14 21:03:00,2902425.65,CRC,transferencia,atm,HE-001,Préstamo Personal
TXN-00005374,CTA-180556,CLI-41157,2026-06-22 20:34:00,4317342.64,CRC,comision,sinpe,PU-001,Préstamo Personal
TXN-00005375,CTA-872591,CLI-14451,2026-06-16 14:55:00,83262.42,CRC,comision,app_movil,LI-001,Tarjeta Crédito
TXN-00005376,CTA-880994,CLI-68143,2026-06-28 01:10:00,3601594.48,CRC,comision,sucursal,LI-001,Cuenta Ahorro
TXN-00005377,CTA-893554,CLI-87483,2026-06-10 11:30:00,4796410.1,CRC,retiro,web,LI-001,Cuenta Corriente
TXN-00005378,CTA-768066,CLI-70250,2026-06-06 07:49:00,435714.66,CRC,deposito,web,HE-001,Préstamo Personal
TXN-00005379,CTA-529667,CLI-14500,2026-06-05 19:51:00,3357102.36,CRC,comision,web,LI-001,Préstamo Hipotecario
TXN-00005380,CTA-801435,CLI-28331,2026-06-02 21:25:00,679924.93,CRC,deposito,sucursal,LI-002,Cuenta Ahorro
TXN-00005381,CTA-265615,CLI-11495,2026-06-26 01:22:00,4717571.05,CRC,comision,sinpe,SJ-002,Préstamo Personal
TXN-00005382,CTA-330518,CLI-68048,2026-06-19 00:33:00,2143623.24,CRC,retiro,app_movil,LI-002,Cuenta Ahorro
TXN-00005383,CTA-911959,CLI-42796,2026-06-30 10:33:00,1118502.43,CRC,comision,sucursal,LI-002,Préstamo Personal
TXN-00005384,CTA-582345,CLI-93964,2026-06-17 10:57:00,2415582.57,CRC,deposito,sinpe,PU-001,Cuenta Corriente
TXN-00005385,CTA-441811,CLI-74275,2026-06-16 19:34:00,3297103.61,CRC,transferencia,sucursal,PU-001,Préstamo Hipotecario
TXN-00005386,CTA-433076,CLI-44162,2026-06-19 13:41:00,2392102.7,CRC,pago,web,LI-002,Cuenta Ahorro
TXN-00005387,CTA-363462,CLI-88248,2026-06-28 08:29:00,380397.35,CRC,deposito,sinpe,CA-001,Tarjeta Crédito
TXN-00005388,CTA-785561,CLI-79819,2026-06-13 07:30:00,4471433.53,CRC,pago,sucursal,PU-001,Cuenta Corriente
TXN-00005389,CTA-160957,CLI-31080,2026-06-17 02:25:00,2669465.38,CRC,transferencia,sucursal,PU-001,Cuenta Corriente
TXN-00005390,CTA-539954,CLI-26748,2026-06-07 05:12:00,2112685.78,CRC,transferencia,atm,AL-001,Préstamo Personal
TXN-00005391,CTA-690925,CLI-52962,2026-06-24 03:17:00,3432417.01,CRC,comision,app_movil,SJ-001,Tarjeta Crédito
TXN-00005392,CTA-504860,CLI-26010,2026-06-01 15:25:00,3898122.95,CRC,transferencia,sinpe,SJ-002,Préstamo Personal
TXN-00005393,CTA-708076,CLI-98017,2026-06-01 14:11:00,128851.39,CRC,deposito,app_movil,SJ-001,Préstamo Personal
TXN-00005394,CTA-562451,CLI-40381,2026-06-10 12:58:00,1288908.17,CRC,transferencia,web,LI-001,Tarjeta Crédito
TXN-00005395,CTA-343245,CLI-85200,2026-06-12 02:31:00,3766434.14,CRC,deposito,sinpe,PU-001,Préstamo Hipotecario
TXN-00005396,CTA-702278,CLI-79616,2026-06-13 13:47:00,1054128.58,CRC,transferencia,sinpe,SJ-002,Préstamo Personal
TXN-00005397,CTA-250419,CLI-24314,2026-06-23 15:44:00,2618855.29,CRC,retiro,app_movil,SJ-002,Tarjeta Crédito
TXN-00005398,CTA-667871,CLI-93545,2026-06-14 08:54:00,4662640.66,CRC,transferencia,sucursal,AL-001,Tarjeta Crédito
TXN-00005399,CTA-711240,CLI-96011,2026-06-29 16:24:00,518719.46,CRC,deposito,sucursal,SJ-002,Tarjeta Crédito
TXN-00005400,CTA-115100,CLI-85736,2026-06-28 08:37:00,4299234.59,CRC,transferencia,sucursal,HE-001,Préstamo Hipotecario
TXN-00005401,CTA-428742,CLI-84018,2026-06-13 20:46:00,4128632.18,CRC,pago,sinpe,SJ-002,Préstamo Hipotecario
TXN-00005402,CTA-339357,CLI-28287,2026-06-27 20:01:00,3643760.92,CRC,retiro,sinpe,SJ-001,Préstamo Hipotecario
TXN-00005403,CTA-508094,CLI-66387,2026-06-21 08:57:00,4936296.77,CRC,deposito,web,PU-001,Cuenta Ahorro
TXN-00005404,CTA-978214,CLI-19310,2026-06-24 19:53:00,4481467.47,CRC,retiro,atm,LI-001,Cuenta Corriente
TXN-00005405,CTA-957846,CLI-71654,2026-06-30 11:25:00,2821310.93,CRC,comision,sucursal,CA-001,Préstamo Hipotecario
TXN-00005406,CTA-833711,CLI-95521,2026-06-21 23:40:00,1451692.74,CRC,retiro,app_movil,HE-001,Préstamo Hipotecario
TXN-00005407,CTA-268904,CLI-84511,2026-06-05 13:08:00,2037927.73,CRC,retiro,sinpe,CA-001,Préstamo Personal
TXN-00005408,CTA-500429,CLI-41766,2026-06-01 09:18:00,1924758.0,CRC,comision,sucursal,AL-001,Cuenta Corriente
TXN-00005409,CTA-423923,CLI-83300,2026-06-22 11:27:00,1741906.41,CRC,deposito,sinpe,SJ-002,Tarjeta Crédito
TXN-00005410,CTA-210561,CLI-20181,2026-06-06 08:02:00,1117091.52,CRC,pago,sinpe,CA-001,Préstamo Personal
TXN-00005411,CTA-570890,CLI-63214,2026-06-03 13:41:00,2189130.54,CRC,pago,web,LI-001,Cuenta Corriente
TXN-00005412,CTA-920232,CLI-97148,2026-06-27 23:37:00,4937703.99,CRC,comision,sinpe,AL-001,Préstamo Hipotecario
TXN-00005413,CTA-161945,CLI-30458,2026-06-07 03:12:00,4372985.18,CRC,comision,web,SJ-001,Tarjeta Crédito
TXN-00005414,CTA-627938,CLI-91821,2026-06-20 22:15:00,168448.79,CRC,retiro,sucursal,HE-001,Cuenta Corriente
TXN-00005415,CTA-559177,CLI-74068,2026-06-10 12:31:00,65784.9,CRC,comision,web,PU-001,Cuenta Corriente
TXN-00005416,CTA-726103,CLI-71885,2026-06-28 01:29:00,1332175.78,CRC,retiro,web,AL-001,Tarjeta Crédito
TXN-00005417,CTA-524542,CLI-46936,2026-06-16 13:07:00,321657.62,CRC,comision,web,LI-002,Préstamo Personal
TXN-00005418,CTA-881294,CLI-50524,2026-06-12 18:38:00,474628.77,CRC,transferencia,sucursal,LI-001,Préstamo Personal
TXN-00005419,CTA-854110,CLI-49380,2026-06-17 05:16:00,1777864.94,CRC,transferencia,sinpe,AL-001,Préstamo Hipotecario
TXN-00005420,CTA-539626,CLI-95812,2026-06-07 15:42:00,698340.15,CRC,comision,sinpe,LI-001,Cuenta Corriente
TXN-00005421,CTA-898907,CLI-23503,2026-06-06 02:52:00,4741446.58,CRC,deposito,atm,LI-001,Préstamo Personal
TXN-00005422,CTA-669844,CLI-55130,2026-06-22 16:16:00,3936944.96,CRC,deposito,atm,CA-001,Préstamo Personal
TXN-00005423,CTA-618463,CLI-14859,2026-06-20 11:17:00,3680406.86,CRC,transferencia,app_movil,HE-001,Préstamo Personal
TXN-00005424,CTA-671050,CLI-36512,2026-06-25 05:08:00,4852804.95,CRC,comision,sucursal,SJ-001,Cuenta Corriente
TXN-00005425,CTA-439330,CLI-17934,2026-06-27 12:40:00,1296625.24,CRC,retiro,web,CA-001,Tarjeta Crédito
TXN-00005426,CTA-755994,CLI-49216,2026-06-24 04:07:00,259051.59,CRC,transferencia,web,PU-001,Cuenta Ahorro
TXN-00005427,CTA-706164,CLI-29756,2026-06-11 23:17:00,3887350.98,CRC,retiro,atm,CA-001,Préstamo Hipotecario
TXN-00005428,CTA-436617,CLI-69253,2026-06-17 08:44:00,1395203.35,CRC,deposito,atm,AL-001,Cuenta Corriente
TXN-00005429,CTA-994676,CLI-79529,2026-06-15 10:01:00,3612614.36,CRC,retiro,web,LI-001,Cuenta Ahorro
TXN-00005430,CTA-312367,CLI-31782,2026-06-25 08:48:00,4119613.03,CRC,transferencia,sucursal,SJ-001,Préstamo Personal
TXN-00005431,CTA-650853,CLI-98043,2026-06-05 00:51:00,551398.38,CRC,pago,sucursal,PU-001,Préstamo Hipotecario
TXN-00005432,CTA-585168,CLI-42890,2026-06-29 18:14:00,2900448.03,CRC,pago,web,PU-001,Cuenta Ahorro
TXN-00005433,CTA-817781,CLI-82942,2026-06-10 19:29:00,123902.7,CRC,transferencia,atm,LI-002,Préstamo Personal
TXN-00005434,CTA-828827,CLI-34303,2026-06-26 11:57:00,3760744.31,CRC,pago,sinpe,LI-002,Cuenta Corriente
TXN-00005435,CTA-935217,CLI-90046,2026-06-26 23:27:00,4590115.33,CRC,retiro,sucursal,CA-001,Préstamo Hipotecario
TXN-00005436,CTA-847346,CLI-33029,2026-06-13 18:24:00,3859694.15,CRC,retiro,sucursal,SJ-002,Préstamo Hipotecario
TXN-00005437,CTA-352342,CLI-99810,2026-06-01 01:03:00,927963.57,CRC,comision,atm,PU-001,Cuenta Corriente
TXN-00005438,CTA-485935,CLI-46464,2026-06-23 20:05:00,1373598.74,CRC,deposito,sinpe,LI-001,Préstamo Hipotecario
TXN-00005439,CTA-655574,CLI-41330,2026-06-08 11:20:00,2694322.39,CRC,deposito,atm,LI-001,Cuenta Corriente
TXN-00005440,CTA-335570,CLI-13668,2026-06-03 07:53:00,1736434.85,CRC,retiro,sucursal,CA-001,Préstamo Hipotecario
TXN-00005441,CTA-442237,CLI-97521,2026-06-07 20:33:00,2374742.38,CRC,transferencia,sinpe,PU-001,Cuenta Corriente
TXN-00005442,CTA-891684,CLI-81652,2026-06-15 00:48:00,2898280.23,CRC,pago,atm,LI-002,Préstamo Personal
TXN-00005443,CTA-628215,CLI-86574,2026-06-05 13:30:00,4141763.5,CRC,pago,sucursal,PU-001,Cuenta Corriente
TXN-00005444,CTA-932313,CLI-58062,2026-06-09 20:39:00,3897523.91,CRC,deposito,sinpe,AL-001,Préstamo Personal
TXN-00005445,CTA-428968,CLI-60585,2026-06-08 20:32:00,4536207.99,CRC,transferencia,sucursal,PU-001,Tarjeta Crédito
TXN-00005446,CTA-813119,CLI-78662,2026-06-20 22:41:00,253643.79,CRC,comision,sucursal,PU-001,Cuenta Ahorro
TXN-00005447,CTA-670818,CLI-67588,2026-06-01 22:09:00,4255340.44,CRC,retiro,sinpe,AL-001,Préstamo Hipotecario
TXN-00005448,CTA-796652,CLI-37979,2026-06-30 15:08:00,1975906.24,CRC,pago,sucursal,HE-001,Cuenta Corriente
TXN-00005449,CTA-993313,CLI-82628,2026-06-19 01:13:00,1221190.85,CRC,transferencia,web,CA-001,Cuenta Corriente
TXN-00005450,CTA-513276,CLI-29955,2026-06-05 16:38:00,789329.23,CRC,comision,app_movil,LI-002,Cuenta Ahorro
TXN-00005451,CTA-151486,CLI-77576,2026-06-10 10:37:00,1558670.54,CRC,transferencia,web,PU-001,Tarjeta Crédito
TXN-00005452,CTA-554145,CLI-41397,2026-06-26 23:38:00,3158810.47,CRC,transferencia,sucursal,SJ-002,Cuenta Corriente
TXN-00005453,CTA-823175,CLI-22834,2026-06-11 09:50:00,306254.37,CRC,pago,web,SJ-002,Cuenta Ahorro
TXN-00005454,CTA-888254,CLI-28832,2026-06-18 01:58:00,895439.59,CRC,comision,atm,PU-001,Tarjeta Crédito
TXN-00005455,CTA-886568,CLI-10348,2026-06-15 11:30:00,362780.29,CRC,comision,atm,HE-001,Préstamo Personal
TXN-00005456,CTA-702865,CLI-56136,2026-06-29 00:05:00,762165.47,CRC,deposito,app_movil,PU-001,Cuenta Corriente
TXN-00005457,CTA-183675,CLI-14769,2026-06-24 06:38:00,2635716.46,CRC,pago,web,HE-001,Cuenta Corriente
TXN-00005458,CTA-106424,CLI-48822,2026-06-03 17:40:00,4331659.01,CRC,pago,sinpe,AL-001,Cuenta Corriente
TXN-00005459,CTA-742235,CLI-96523,2026-06-29 23:55:00,2211545.58,CRC,transferencia,sucursal,SJ-002,Préstamo Hipotecario
TXN-00005460,CTA-853984,CLI-59772,2026-06-29 20:43:00,4545162.1,CRC,retiro,atm,SJ-002,Tarjeta Crédito
TXN-00005461,CTA-756918,CLI-74435,2026-06-04 07:17:00,2082649.5,CRC,comision,sinpe,SJ-001,Tarjeta Crédito
TXN-00005462,CTA-331576,CLI-29333,2026-06-15 12:55:00,4368328.26,CRC,deposito,web,LI-002,Tarjeta Crédito
TXN-00005463,CTA-387105,CLI-30037,2026-06-03 13:08:00,4555964.88,CRC,retiro,sinpe,AL-001,Préstamo Hipotecario
TXN-00005464,CTA-366594,CLI-11833,2026-06-09 21:02:00,1331117.71,CRC,pago,app_movil,LI-001,Cuenta Corriente
TXN-00005465,CTA-892670,CLI-32483,2026-06-30 05:29:00,3435397.08,CRC,comision,sinpe,SJ-001,Tarjeta Crédito
TXN-00005466,CTA-790780,CLI-13346,2026-06-02 02:11:00,1220170.54,CRC,transferencia,app_movil,AL-001,Préstamo Personal
TXN-00005467,CTA-667162,CLI-54540,2026-06-20 17:44:00,472335.32,CRC,retiro,sucursal,LI-002,Cuenta Ahorro
TXN-00005468,CTA-367097,CLI-69648,2026-06-06 13:19:00,3820032.78,CRC,comision,atm,LI-002,Tarjeta Crédito
TXN-00005469,CTA-938484,CLI-82404,2026-06-12 15:02:00,854352.26,CRC,retiro,atm,SJ-002,Préstamo Hipotecario
TXN-00005470,CTA-921037,CLI-33580,2026-06-09 02:10:00,29926.93,CRC,comision,sinpe,AL-001,Cuenta Corriente
TXN-00005471,CTA-715000,CLI-99137,2026-06-17 05:26:00,238745.75,CRC,transferencia,sucursal,AL-001,Cuenta Corriente
TXN-00005472,CTA-226036,CLI-30699,2026-06-21 01:07:00,2738168.71,CRC,pago,sinpe,PU-001,Préstamo Personal
TXN-00005473,CTA-992377,CLI-52940,2026-06-08 13:35:00,4824337.82,CRC,deposito,web,LI-001,Cuenta Ahorro
TXN-00005474,CTA-729295,CLI-18304,2026-06-07 04:24:00,3749428.44,CRC,retiro,sinpe,HE-001,Tarjeta Crédito
TXN-00005475,CTA-821419,CLI-32120,2026-06-11 20:37:00,1236077.22,CRC,transferencia,app_movil,SJ-001,Cuenta Ahorro
TXN-00005476,CTA-953628,CLI-29917,2026-06-23 03:13:00,3002170.08,CRC,retiro,sinpe,HE-001,Cuenta Ahorro
TXN-00005477,CTA-895536,CLI-99020,2026-06-24 00:29:00,1479143.36,CRC,retiro,web,HE-001,Préstamo Personal
TXN-00005478,CTA-712401,CLI-87577,2026-06-17 03:30:00,1053223.05,CRC,transferencia,sucursal,HE-001,Préstamo Hipotecario
TXN-00005479,CTA-127578,CLI-78516,2026-06-17 05:14:00,956195.5,CRC,pago,atm,SJ-001,Cuenta Corriente
TXN-00005480,CTA-969781,CLI-26782,2026-06-14 02:00:00,3277147.96,CRC,comision,app_movil,PU-001,Préstamo Hipotecario
TXN-00005481,CTA-160005,CLI-45701,2026-06-15 12:47:00,1664166.96,CRC,comision,web,SJ-001,Cuenta Corriente
TXN-00005482,CTA-223646,CLI-83019,2026-06-16 05:27:00,4181502.4,CRC,retiro,sucursal,SJ-001,Préstamo Personal
TXN-00005483,CTA-744128,CLI-16813,2026-06-23 05:16:00,524758.55,CRC,pago,atm,AL-001,Tarjeta Crédito
TXN-00005484,CTA-342750,CLI-84448,2026-06-12 16:52:00,2862366.93,CRC,deposito,app_movil,LI-002,Préstamo Personal
TXN-00005485,CTA-995599,CLI-11295,2026-06-06 16:23:00,4698336.58,CRC,deposito,sucursal,LI-002,Tarjeta Crédito
TXN-00005486,CTA-628613,CLI-46312,2026-06-17 05:26:00,2639838.65,CRC,comision,web,PU-001,Tarjeta Crédito
TXN-00005487,CTA-918657,CLI-46455,2026-06-23 03:40:00,2394835.3,CRC,comision,web,CA-001,Préstamo Personal
TXN-00005488,CTA-329765,CLI-61610,2026-06-18 03:49:00,2212974.16,CRC,pago,app_movil,SJ-001,Tarjeta Crédito
TXN-00005489,CTA-107004,CLI-83181,2026-06-22 09:19:00,518581.03,CRC,deposito,sinpe,HE-001,Cuenta Corriente
TXN-00005490,CTA-320941,CLI-75676,2026-06-09 18:45:00,2584273.28,CRC,retiro,atm,PU-001,Cuenta Ahorro
TXN-00005491,CTA-326434,CLI-86135,2026-06-25 06:42:00,24730.95,CRC,retiro,atm,HE-001,Cuenta Corriente
TXN-00005492,CTA-737220,CLI-53071,2026-06-19 07:15:00,684525.09,CRC,pago,web,SJ-001,Tarjeta Crédito
TXN-00005493,CTA-403740,CLI-83258,2026-06-07 00:36:00,2094259.74,CRC,deposito,sucursal,PU-001,Cuenta Corriente
TXN-00005494,CTA-648656,CLI-19109,2026-06-20 10:47:00,2002513.83,CRC,pago,atm,CA-001,Cuenta Ahorro
TXN-00005495,CTA-355962,CLI-73895,2026-06-12 21:45:00,1243219.06,CRC,pago,atm,SJ-002,Cuenta Ahorro
TXN-00005496,CTA-330910,CLI-11497,2026-06-28 18:04:00,3779573.26,CRC,retiro,sinpe,CA-001,Tarjeta Crédito
TXN-00005497,CTA-832101,CLI-62052,2026-06-11 22:30:00,679110.77,CRC,deposito,sinpe,LI-001,Préstamo Hipotecario
TXN-00005498,CTA-944936,CLI-83250,2026-06-16 17:37:00,905021.35,CRC,pago,sucursal,CA-001,Tarjeta Crédito
TXN-00005499,CTA-749489,CLI-88959,2026-06-02 08:58:00,421352.07,CRC,pago,atm,SJ-002,Préstamo Personal
TXN-00005500,CTA-311503,CLI-98075,2026-06-15 23:24:00,3637842.46,CRC,pago,web,HE-001,Cuenta Corriente
TXN-00005501,CTA-537267,CLI-70138,2026-06-13 12:52:00,2880041.85,CRC,comision,app_movil,SJ-001,Préstamo Hipotecario
TXN-00005502,CTA-508272,CLI-54091,2026-06-15 02:38:00,4114580.05,CRC,comision,web,LI-001,Préstamo Personal
TXN-00005503,CTA-132840,CLI-96943,2026-06-11 14:30:00,471367.37,CRC,retiro,atm,PU-001,Cuenta Corriente
TXN-00005504,CTA-520967,CLI-80966,2026-06-16 14:46:00,1028764.16,CRC,comision,app_movil,LI-002,Cuenta Corriente
TXN-00005505,CTA-214824,CLI-98398,2026-06-24 14:45:00,1467396.36,CRC,pago,atm,SJ-001,Préstamo Personal
TXN-00005506,CTA-133236,CLI-72102,2026-06-29 10:33:00,4452145.25,CRC,retiro,app_movil,HE-001,Préstamo Hipotecario
TXN-00005507,CTA-940828,CLI-18959,2026-06-24 00:57:00,3309115.96,CRC,pago,sinpe,LI-002,Préstamo Hipotecario
TXN-00005508,CTA-585064,CLI-33729,2026-06-05 14:10:00,1602053.15,CRC,retiro,web,PU-001,Cuenta Ahorro
TXN-00005509,CTA-376499,CLI-80520,2026-06-15 00:38:00,594454.92,CRC,transferencia,web,SJ-002,Préstamo Hipotecario
TXN-00005510,CTA-215738,CLI-29056,2026-06-20 02:17:00,4665290.01,CRC,pago,atm,LI-002,Préstamo Personal
TXN-00005511,CTA-250544,CLI-86919,2026-06-08 06:33:00,2766582.4,CRC,deposito,sucursal,SJ-002,Préstamo Personal
TXN-00005512,CTA-272600,CLI-43849,2026-06-26 14:05:00,4559069.25,CRC,comision,sinpe,LI-001,Cuenta Corriente
TXN-00005513,CTA-655565,CLI-48299,2026-06-29 10:08:00,130139.21,CRC,deposito,atm,PU-001,Préstamo Hipotecario
TXN-00005514,CTA-847909,CLI-39741,2026-06-16 05:37:00,967312.01,CRC,deposito,atm,LI-001,Cuenta Ahorro
TXN-00005515,CTA-655338,CLI-52056,2026-06-21 17:46:00,1016805.88,CRC,transferencia,sinpe,PU-001,Préstamo Personal
TXN-00005516,CTA-229244,CLI-67043,2026-06-23 11:36:00,2465756.24,CRC,comision,atm,SJ-001,Tarjeta Crédito
TXN-00005517,CTA-420262,CLI-10297,2026-06-25 21:56:00,1355645.85,CRC,deposito,app_movil,SJ-002,Tarjeta Crédito
TXN-00005518,CTA-147328,CLI-29529,2026-06-02 15:33:00,1848588.24,CRC,retiro,app_movil,LI-002,Cuenta Corriente
TXN-00005519,CTA-142310,CLI-68265,2026-06-20 05:49:00,4844987.58,CRC,comision,web,HE-001,Cuenta Ahorro
TXN-00005520,CTA-269165,CLI-33129,2026-06-27 14:13:00,2620749.02,CRC,comision,sinpe,PU-001,Tarjeta Crédito
TXN-00005521,CTA-316145,CLI-45045,2026-06-14 21:41:00,2267807.13,CRC,transferencia,sinpe,AL-001,Préstamo Personal
TXN-00005522,CTA-493041,CLI-25061,2026-06-27 04:50:00,4480751.24,CRC,comision,web,AL-001,Cuenta Ahorro
TXN-00005523,CTA-437329,CLI-46157,2026-06-19 16:58:00,3155717.22,CRC,pago,atm,PU-001,Préstamo Hipotecario
TXN-00005524,CTA-607841,CLI-18772,2026-06-22 00:01:00,4773793.46,CRC,deposito,atm,CA-001,Cuenta Ahorro
TXN-00005525,CTA-848627,CLI-87344,2026-06-27 17:07:00,1773676.55,CRC,deposito,web,AL-001,Préstamo Personal
TXN-00005526,CTA-304513,CLI-62599,2026-06-21 21:59:00,2791668.24,CRC,deposito,app_movil,SJ-002,Préstamo Personal
TXN-00005527,CTA-369678,CLI-18030,2026-06-14 04:11:00,3503499.47,CRC,retiro,atm,CA-001,Préstamo Personal
TXN-00005528,CTA-310740,CLI-23055,2026-06-03 16:18:00,1468292.16,CRC,pago,web,SJ-001,Préstamo Personal
TXN-00005529,CTA-914125,CLI-10078,2026-06-22 03:44:00,739149.61,CRC,pago,app_movil,LI-001,Cuenta Ahorro
TXN-00005530,CTA-550860,CLI-37917,2026-06-21 09:12:00,513826.88,CRC,transferencia,app_movil,LI-002,Préstamo Personal
TXN-00005531,CTA-580792,CLI-30615,2026-06-14 10:54:00,4997904.93,CRC,comision,sinpe,AL-001,Cuenta Corriente
TXN-00005532,CTA-759632,CLI-23197,2026-06-14 09:14:00,2559092.41,CRC,pago,web,CA-001,Préstamo Personal
TXN-00005533,CTA-276108,CLI-67462,2026-06-19 02:19:00,4664679.89,CRC,deposito,sucursal,AL-001,Tarjeta Crédito
TXN-00005534,CTA-515515,CLI-93931,2026-06-15 04:47:00,4753824.29,CRC,retiro,sinpe,CA-001,Cuenta Corriente
TXN-00005535,CTA-385956,CLI-73241,2026-06-15 11:57:00,4978061.51,CRC,retiro,atm,HE-001,Préstamo Personal
TXN-00005536,CTA-590097,CLI-77157,2026-06-03 11:10:00,1920366.61,CRC,retiro,app_movil,HE-001,Cuenta Ahorro
TXN-00005537,CTA-212721,CLI-51978,2026-06-20 20:03:00,1954513.95,CRC,transferencia,app_movil,SJ-001,Cuenta Ahorro
TXN-00005538,CTA-130945,CLI-91766,2026-06-18 21:07:00,1188553.2,CRC,pago,sucursal,SJ-002,Cuenta Corriente
TXN-00005539,CTA-804658,CLI-17264,2026-06-07 03:31:00,3965022.24,CRC,pago,web,AL-001,Préstamo Personal
TXN-00005540,CTA-400403,CLI-95981,2026-06-20 19:36:00,4850735.21,CRC,deposito,atm,PU-001,Cuenta Ahorro
TXN-00005541,CTA-757677,CLI-95449,2026-06-29 21:30:00,1389303.09,CRC,deposito,web,AL-001,Préstamo Hipotecario
TXN-00005542,CTA-835340,CLI-31845,2026-06-13 15:08:00,1675365.26,CRC,comision,web,CA-001,Cuenta Corriente
TXN-00005543,CTA-171074,CLI-41425,2026-06-22 05:23:00,1829099.45,CRC,comision,app_movil,SJ-001,Tarjeta Crédito
TXN-00005544,CTA-334438,CLI-59566,2026-06-21 14:53:00,934767.78,CRC,pago,sinpe,CA-001,Préstamo Hipotecario
TXN-00005545,CTA-972581,CLI-58796,2026-06-18 12:21:00,1785133.65,CRC,retiro,web,HE-001,Cuenta Corriente
TXN-00005546,CTA-111675,CLI-55584,2026-06-15 08:23:00,151831.7,CRC,transferencia,web,SJ-002,Cuenta Corriente
TXN-00005547,CTA-491623,CLI-14734,2026-06-17 13:46:00,3114849.47,CRC,comision,web,AL-001,Préstamo Hipotecario
TXN-00005548,CTA-232862,CLI-35028,2026-06-23 10:10:00,1447179.58,CRC,transferencia,sinpe,HE-001,Préstamo Hipotecario
TXN-00005549,CTA-433409,CLI-83572,2026-06-25 20:33:00,3279346.11,CRC,pago,sinpe,PU-001,Cuenta Ahorro
TXN-00005550,CTA-126167,CLI-14586,2026-06-19 03:59:00,1568894.04,CRC,pago,sucursal,CA-001,Tarjeta Crédito
TXN-00005551,CTA-606009,CLI-86988,2026-06-16 17:44:00,1831656.19,CRC,pago,atm,SJ-002,Cuenta Corriente
TXN-00005552,CTA-646289,CLI-42828,2026-06-27 15:00:00,2373635.28,CRC,comision,atm,CA-001,Cuenta Ahorro
TXN-00005553,CTA-307498,CLI-45011,2026-06-04 01:05:00,2272257.89,CRC,transferencia,atm,AL-001,Préstamo Hipotecario
TXN-00005554,CTA-754743,CLI-74554,2026-06-30 10:00:00,3345520.54,CRC,pago,sucursal,SJ-001,Cuenta Corriente
TXN-00005555,CTA-193511,CLI-61997,2026-06-09 23:34:00,2084967.49,CRC,transferencia,web,HE-001,Cuenta Corriente
TXN-00005556,CTA-943613,CLI-66561,2026-06-15 13:21:00,4692603.59,CRC,transferencia,sucursal,AL-001,Cuenta Ahorro
TXN-00005557,CTA-929282,CLI-44302,2026-06-07 10:09:00,4234417.29,CRC,pago,app_movil,AL-001,Préstamo Hipotecario
TXN-00005558,CTA-653674,CLI-24174,2026-06-05 07:31:00,536948.33,CRC,retiro,sinpe,SJ-001,Préstamo Personal
TXN-00005559,CTA-980878,CLI-82817,2026-06-04 06:58:00,218757.54,CRC,comision,atm,HE-001,Cuenta Ahorro
TXN-00005560,CTA-901436,CLI-94919,2026-06-21 08:43:00,2769462.81,CRC,deposito,sucursal,HE-001,Préstamo Personal
TXN-00005561,CTA-730691,CLI-42733,2026-06-24 10:52:00,2438180.12,CRC,deposito,app_movil,SJ-002,Préstamo Hipotecario
TXN-00005562,CTA-945601,CLI-87695,2026-06-01 19:47:00,2575410.31,CRC,comision,app_movil,LI-001,Tarjeta Crédito
TXN-00005563,CTA-380777,CLI-12107,2026-06-30 18:45:00,2732983.66,CRC,retiro,sucursal,SJ-001,Tarjeta Crédito
TXN-00005564,CTA-679722,CLI-24720,2026-06-02 03:29:00,4969851.82,CRC,deposito,atm,LI-001,Préstamo Personal
TXN-00005565,CTA-643385,CLI-96152,2026-06-11 01:46:00,4786023.71,CRC,pago,sinpe,LI-001,Préstamo Hipotecario
TXN-00005566,CTA-915680,CLI-40921,2026-06-02 17:32:00,4807191.06,CRC,deposito,app_movil,AL-001,Préstamo Personal
TXN-00005567,CTA-243756,CLI-93410,2026-06-19 21:07:00,2090680.39,CRC,deposito,sucursal,HE-001,Tarjeta Crédito
TXN-00005568,CTA-913463,CLI-43853,2026-06-20 13:51:00,4147470.83,CRC,retiro,sinpe,LI-002,Cuenta Corriente
TXN-00005569,CTA-299382,CLI-61975,2026-06-07 18:46:00,2830344.11,CRC,retiro,app_movil,LI-001,Préstamo Personal
TXN-00005570,CTA-823771,CLI-52078,2026-06-13 04:09:00,2924354.88,CRC,comision,app_movil,HE-001,Cuenta Ahorro
TXN-00005571,CTA-255855,CLI-10063,2026-06-18 16:39:00,4310035.65,CRC,retiro,sucursal,SJ-001,Cuenta Corriente
TXN-00005572,CTA-820212,CLI-56393,2026-06-12 19:40:00,1847851.53,CRC,pago,app_movil,PU-001,Préstamo Personal
TXN-00005573,CTA-637175,CLI-92800,2026-06-18 18:47:00,2455352.29,CRC,deposito,sucursal,LI-001,Cuenta Corriente
TXN-00005574,CTA-417934,CLI-40817,2026-06-13 23:44:00,4246973.9,CRC,comision,sinpe,LI-001,Préstamo Personal
TXN-00005575,CTA-468794,CLI-15172,2026-06-14 05:31:00,1990280.11,CRC,comision,web,SJ-002,Cuenta Ahorro
TXN-00005576,CTA-236507,CLI-26656,2026-06-26 15:32:00,950961.27,CRC,retiro,app_movil,LI-001,Préstamo Personal
TXN-00005577,CTA-679426,CLI-74120,2026-06-07 17:22:00,4466834.47,CRC,pago,atm,HE-001,Cuenta Corriente
TXN-00005578,CTA-328138,CLI-97752,2026-06-09 11:32:00,494587.79,CRC,comision,atm,PU-001,Tarjeta Crédito
TXN-00005579,CTA-516138,CLI-25541,2026-06-23 07:13:00,1603653.85,CRC,comision,app_movil,HE-001,Tarjeta Crédito
TXN-00005580,CTA-427461,CLI-14736,2026-06-23 22:30:00,2883467.02,CRC,comision,sucursal,CA-001,Tarjeta Crédito
TXN-00005581,CTA-808133,CLI-93763,2026-06-13 08:19:00,4202155.9,CRC,pago,sinpe,HE-001,Préstamo Hipotecario
TXN-00005582,CTA-115914,CLI-66802,2026-06-17 01:25:00,2947966.39,CRC,comision,web,SJ-002,Tarjeta Crédito
TXN-00005583,CTA-796573,CLI-88368,2026-06-18 08:02:00,889721.84,CRC,pago,sucursal,CA-001,Préstamo Personal
TXN-00005584,CTA-534443,CLI-80631,2026-06-20 19:46:00,695142.83,CRC,retiro,app_movil,AL-001,Cuenta Ahorro
TXN-00005585,CTA-366670,CLI-26091,2026-06-22 09:22:00,1154249.04,CRC,comision,sucursal,LI-001,Préstamo Hipotecario
TXN-00005586,CTA-765615,CLI-71643,2026-06-28 15:22:00,4826294.45,CRC,comision,app_movil,LI-001,Cuenta Ahorro
TXN-00005587,CTA-576420,CLI-75160,2026-06-07 02:35:00,440564.6,CRC,deposito,app_movil,SJ-001,Préstamo Personal
TXN-00005588,CTA-118591,CLI-27500,2026-06-06 21:56:00,1814910.48,CRC,pago,sinpe,HE-001,Tarjeta Crédito
TXN-00005589,CTA-482472,CLI-97417,2026-06-13 04:08:00,1116825.92,CRC,retiro,atm,LI-002,Cuenta Corriente
TXN-00005590,CTA-751464,CLI-19597,2026-06-30 05:49:00,3482890.01,CRC,deposito,sucursal,HE-001,Cuenta Ahorro
TXN-00005591,CTA-552128,CLI-96898,2026-06-11 20:19:00,4135088.21,CRC,pago,web,SJ-002,Préstamo Hipotecario
TXN-00005592,CTA-542529,CLI-93850,2026-06-29 23:56:00,4442289.63,CRC,pago,atm,SJ-001,Préstamo Personal
TXN-00005593,CTA-847037,CLI-22791,2026-06-22 22:32:00,3756028.08,CRC,deposito,app_movil,AL-001,Tarjeta Crédito
TXN-00005594,CTA-358893,CLI-71377,2026-06-01 01:40:00,2546975.07,CRC,comision,sucursal,CA-001,Préstamo Personal
TXN-00005595,CTA-568677,CLI-71443,2026-06-01 19:29:00,3212412.39,CRC,pago,sinpe,SJ-002,Tarjeta Crédito
TXN-00005596,CTA-883260,CLI-47028,2026-06-30 07:48:00,942758.07,CRC,retiro,sucursal,CA-001,Tarjeta Crédito
TXN-00005597,CTA-235970,CLI-27554,2026-06-10 15:16:00,4705937.79,CRC,transferencia,sucursal,CA-001,Tarjeta Crédito
TXN-00005598,CTA-290272,CLI-69767,2026-06-23 09:59:00,2255609.28,CRC,pago,atm,LI-002,Tarjeta Crédito
TXN-00005599,CTA-211831,CLI-96293,2026-06-21 07:02:00,240459.47,CRC,comision,sinpe,LI-001,Tarjeta Crédito
TXN-00005600,CTA-395671,CLI-78987,2026-06-09 11:55:00,499937.77,CRC,transferencia,web,SJ-002,Cuenta Corriente
TXN-00005601,CTA-341479,CLI-86341,2026-06-11 08:14:00,948832.31,CRC,pago,sinpe,PU-001,Préstamo Personal
TXN-00005602,CTA-921843,CLI-12072,2026-06-25 16:01:00,882553.63,CRC,transferencia,web,HE-001,Tarjeta Crédito
TXN-00005603,CTA-627400,CLI-87864,2026-06-29 11:35:00,1843162.56,CRC,transferencia,web,CA-001,Préstamo Personal
TXN-00005604,CTA-857351,CLI-42039,2026-06-03 13:08:00,2881565.18,CRC,comision,sucursal,PU-001,Préstamo Hipotecario
TXN-00005605,CTA-770007,CLI-17152,2026-06-16 11:44:00,654880.55,CRC,retiro,atm,CA-001,Tarjeta Crédito
TXN-00005606,CTA-847307,CLI-97184,2026-06-19 12:52:00,4261017.95,CRC,pago,sinpe,SJ-002,Tarjeta Crédito
TXN-00005607,CTA-650858,CLI-97098,2026-06-19 17:28:00,3224578.65,CRC,deposito,sinpe,LI-002,Préstamo Hipotecario
TXN-00005608,CTA-534388,CLI-20279,2026-06-24 12:27:00,1077031.09,CRC,retiro,sinpe,PU-001,Tarjeta Crédito
TXN-00005609,CTA-443963,CLI-86778,2026-06-29 03:27:00,3901559.82,CRC,retiro,app_movil,HE-001,Cuenta Corriente
TXN-00005610,CTA-281316,CLI-40101,2026-06-26 11:58:00,3741864.24,CRC,transferencia,app_movil,LI-001,Cuenta Corriente
TXN-00005611,CTA-618341,CLI-73886,2026-06-29 03:51:00,2303670.79,CRC,comision,web,HE-001,Cuenta Ahorro
TXN-00005612,CTA-919921,CLI-86469,2026-06-19 06:01:00,2526402.61,CRC,pago,atm,CA-001,Tarjeta Crédito
TXN-00005613,CTA-697889,CLI-21258,2026-06-26 14:38:00,3395152.77,CRC,pago,sinpe,LI-002,Cuenta Ahorro
TXN-00005614,CTA-852981,CLI-94515,2026-06-07 03:36:00,220918.33,CRC,deposito,app_movil,SJ-001,Cuenta Corriente
TXN-00005615,CTA-956683,CLI-63451,2026-06-05 10:24:00,890350.88,CRC,pago,sinpe,HE-001,Cuenta Corriente
TXN-00005616,CTA-437443,CLI-74021,2026-06-18 23:34:00,1599364.31,CRC,transferencia,sinpe,AL-001,Tarjeta Crédito
TXN-00005617,CTA-904487,CLI-15602,2026-06-05 21:36:00,4335336.86,CRC,comision,web,HE-001,Préstamo Personal
TXN-00005618,CTA-108307,CLI-10205,2026-06-05 11:12:00,3319336.63,CRC,transferencia,atm,SJ-001,Préstamo Hipotecario
TXN-00005619,CTA-790967,CLI-32871,2026-06-23 00:22:00,1365213.25,CRC,pago,atm,AL-001,Préstamo Hipotecario
TXN-00005620,CTA-791252,CLI-26843,2026-06-18 22:26:00,1748505.29,CRC,comision,atm,PU-001,Préstamo Hipotecario
TXN-00005621,CTA-462106,CLI-25068,2026-06-10 00:40:00,4749303.84,CRC,pago,app_movil,SJ-001,Préstamo Hipotecario
TXN-00005622,CTA-167052,CLI-33598,2026-06-22 03:37:00,3714968.33,CRC,retiro,atm,AL-001,Cuenta Ahorro
TXN-00005623,CTA-553005,CLI-70725,2026-06-11 16:41:00,1160836.61,CRC,transferencia,web,LI-001,Préstamo Personal
TXN-00005624,CTA-857265,CLI-27049,2026-06-23 15:37:00,1064166.72,CRC,pago,atm,LI-002,Préstamo Hipotecario
TXN-00005625,CTA-797948,CLI-19122,2026-06-22 22:35:00,241392.77,CRC,deposito,atm,LI-001,Préstamo Hipotecario
TXN-00005626,CTA-593158,CLI-72571,2026-06-20 21:58:00,1284546.93,CRC,deposito,sucursal,SJ-002,Préstamo Hipotecario
TXN-00005627,CTA-792439,CLI-85552,2026-06-02 08:35:00,427609.97,CRC,comision,app_movil,PU-001,Préstamo Personal
TXN-00005628,CTA-842372,CLI-64041,2026-06-13 00:34:00,1965789.57,CRC,comision,web,PU-001,Tarjeta Crédito
TXN-00005629,CTA-886411,CLI-21809,2026-06-22 14:21:00,3968479.89,CRC,pago,app_movil,AL-001,Cuenta Ahorro
TXN-00005630,CTA-543752,CLI-75595,2026-06-14 04:34:00,1841893.3,CRC,retiro,app_movil,CA-001,Cuenta Ahorro
TXN-00005631,CTA-505649,CLI-85080,2026-06-07 23:48:00,3786084.97,CRC,transferencia,sucursal,LI-001,Tarjeta Crédito
TXN-00005632,CTA-498205,CLI-74175,2026-06-15 19:59:00,3638506.71,CRC,retiro,atm,LI-002,Cuenta Corriente
TXN-00005633,CTA-793304,CLI-75433,2026-06-22 14:20:00,3730842.22,CRC,retiro,sinpe,SJ-002,Cuenta Ahorro
TXN-00005634,CTA-981996,CLI-60594,2026-06-30 16:39:00,4058649.55,CRC,transferencia,web,HE-001,Cuenta Corriente
TXN-00005635,CTA-738995,CLI-93756,2026-06-09 08:20:00,441749.32,CRC,comision,sucursal,PU-001,Préstamo Personal
TXN-00005636,CTA-514040,CLI-33075,2026-06-11 18:21:00,3854907.02,CRC,pago,atm,SJ-002,Préstamo Personal
TXN-00005637,CTA-899071,CLI-15013,2026-06-14 13:37:00,1115602.81,CRC,comision,atm,HE-001,Cuenta Corriente
TXN-00005638,CTA-520372,CLI-38535,2026-06-29 15:38:00,1966850.28,CRC,deposito,app_movil,LI-001,Préstamo Personal
TXN-00005639,CTA-223858,CLI-17053,2026-06-10 03:23:00,726320.5,CRC,transferencia,app_movil,PU-001,Préstamo Personal
TXN-00005640,CTA-584778,CLI-94931,2026-06-12 18:52:00,2227220.56,CRC,deposito,atm,SJ-001,Préstamo Hipotecario
TXN-00005641,CTA-785806,CLI-57703,2026-06-05 22:04:00,1023204.04,CRC,retiro,web,SJ-002,Cuenta Ahorro
TXN-00005642,CTA-267868,CLI-73272,2026-06-28 12:06:00,1825087.39,CRC,retiro,sinpe,PU-001,Tarjeta Crédito
TXN-00005643,CTA-591586,CLI-18020,2026-06-27 10:19:00,2203893.1,CRC,transferencia,atm,PU-001,Tarjeta Crédito
TXN-00005644,CTA-290994,CLI-87046,2026-06-24 12:30:00,2371542.47,CRC,comision,web,SJ-001,Préstamo Hipotecario
TXN-00005645,CTA-837991,CLI-81970,2026-06-28 08:48:00,1628964.54,CRC,retiro,web,SJ-002,Cuenta Corriente
TXN-00005646,CTA-327426,CLI-23745,2026-06-03 06:12:00,2869828.75,CRC,retiro,sucursal,AL-001,Préstamo Personal
TXN-00005647,CTA-374538,CLI-65141,2026-06-24 04:18:00,2355354.47,CRC,deposito,sucursal,CA-001,Cuenta Corriente
TXN-00005648,CTA-985319,CLI-80221,2026-06-12 08:45:00,3789465.38,CRC,transferencia,app_movil,PU-001,Tarjeta Crédito
TXN-00005649,CTA-241985,CLI-89629,2026-06-23 17:49:00,418876.31,CRC,deposito,sinpe,LI-002,Tarjeta Crédito
TXN-00005650,CTA-719116,CLI-56293,2026-06-08 20:43:00,316558.47,CRC,pago,app_movil,LI-001,Préstamo Personal
TXN-00005651,CTA-729181,CLI-30514,2026-06-20 19:56:00,1680646.94,CRC,retiro,sucursal,LI-001,Tarjeta Crédito
TXN-00005652,CTA-438861,CLI-82924,2026-06-17 10:53:00,3454325.96,CRC,pago,app_movil,AL-001,Préstamo Personal
TXN-00005653,CTA-258713,CLI-29377,2026-06-09 20:56:00,3919390.53,CRC,comision,sucursal,SJ-001,Préstamo Hipotecario
TXN-00005654,CTA-250700,CLI-81194,2026-06-11 03:21:00,1784715.66,CRC,pago,sinpe,CA-001,Préstamo Hipotecario
TXN-00005655,CTA-303304,CLI-55973,2026-06-23 15:47:00,1873446.91,CRC,comision,web,SJ-002,Tarjeta Crédito
TXN-00005656,CTA-796452,CLI-50606,2026-06-23 01:07:00,2053281.99,CRC,pago,atm,AL-001,Préstamo Personal
TXN-00005657,CTA-576948,CLI-99712,2026-06-13 14:32:00,1605473.19,CRC,retiro,sinpe,LI-001,Cuenta Ahorro
TXN-00005658,CTA-228873,CLI-82171,2026-06-05 16:11:00,4616583.17,CRC,transferencia,app_movil,SJ-001,Préstamo Hipotecario
TXN-00005659,CTA-603508,CLI-51430,2026-06-25 20:44:00,4673215.27,CRC,pago,atm,SJ-001,Tarjeta Crédito
TXN-00005660,CTA-782109,CLI-11569,2026-06-02 03:55:00,2715140.03,CRC,transferencia,sinpe,LI-001,Cuenta Corriente
TXN-00005661,CTA-772923,CLI-82883,2026-06-05 22:55:00,2810497.99,CRC,pago,web,SJ-001,Préstamo Hipotecario
TXN-00005662,CTA-556384,CLI-20404,2026-06-23 09:12:00,1268939.95,CRC,comision,sucursal,HE-001,Préstamo Personal
TXN-00005663,CTA-970397,CLI-60344,2026-06-25 04:25:00,1885262.04,CRC,transferencia,web,PU-001,Tarjeta Crédito
TXN-00005664,CTA-956936,CLI-68223,2026-06-12 00:35:00,1170617.46,CRC,pago,atm,CA-001,Préstamo Hipotecario
TXN-00005665,CTA-602804,CLI-85649,2026-06-19 14:06:00,993965.03,CRC,retiro,sucursal,CA-001,Préstamo Personal
TXN-00005666,CTA-177872,CLI-55210,2026-06-08 17:58:00,3081042.59,CRC,deposito,sucursal,SJ-002,Cuenta Ahorro
TXN-00005667,CTA-769848,CLI-75370,2026-06-23 01:39:00,1034473.35,CRC,retiro,atm,HE-001,Tarjeta Crédito
TXN-00005668,CTA-220904,CLI-88680,2026-06-03 06:55:00,4818187.56,CRC,transferencia,app_movil,LI-001,Tarjeta Crédito
TXN-00005669,CTA-236906,CLI-64618,2026-06-29 19:50:00,1263239.91,CRC,deposito,sinpe,SJ-001,Préstamo Personal
TXN-00005670,CTA-179728,CLI-45347,2026-06-30 04:47:00,820063.65,CRC,transferencia,sinpe,PU-001,Préstamo Personal
TXN-00005671,CTA-529590,CLI-59499,2026-06-21 12:29:00,4882556.86,CRC,deposito,sinpe,CA-001,Préstamo Hipotecario
TXN-00005672,CTA-197657,CLI-67551,2026-06-15 10:20:00,3032884.8,CRC,transferencia,web,SJ-002,Cuenta Ahorro
TXN-00005673,CTA-743823,CLI-67831,2026-06-18 16:44:00,1824828.62,CRC,comision,sinpe,PU-001,Tarjeta Crédito
TXN-00005674,CTA-630542,CLI-88066,2026-06-24 20:19:00,4031388.26,CRC,transferencia,atm,LI-002,Préstamo Personal
TXN-00005675,CTA-762435,CLI-90225,2026-06-06 07:12:00,567044.2,CRC,comision,atm,CA-001,Tarjeta Crédito
TXN-00005676,CTA-556278,CLI-41871,2026-06-13 00:17:00,323536.12,CRC,comision,atm,PU-001,Cuenta Ahorro
TXN-00005677,CTA-599888,CLI-73356,2026-06-16 10:13:00,1255620.87,CRC,transferencia,sucursal,LI-002,Préstamo Personal
TXN-00005678,CTA-333056,CLI-76530,2026-06-30 03:16:00,397715.03,CRC,transferencia,sinpe,AL-001,Préstamo Personal
TXN-00005679,CTA-954400,CLI-19529,2026-06-21 05:22:00,1918057.21,CRC,comision,app_movil,LI-001,Préstamo Hipotecario
TXN-00005680,CTA-616713,CLI-87676,2026-06-26 14:42:00,1661218.51,CRC,comision,sucursal,LI-002,Cuenta Ahorro
TXN-00005681,CTA-129850,CLI-17829,2026-06-09 12:41:00,3196613.21,CRC,transferencia,sinpe,SJ-001,Cuenta Corriente
TXN-00005682,CTA-218814,CLI-67429,2026-06-15 13:11:00,1754049.2,CRC,retiro,web,HE-001,Tarjeta Crédito
TXN-00005683,CTA-438186,CLI-84353,2026-06-26 01:19:00,1422627.97,CRC,deposito,sinpe,LI-001,Cuenta Ahorro
TXN-00005684,CTA-404558,CLI-63575,2026-06-13 14:49:00,4627866.05,CRC,retiro,web,HE-001,Cuenta Corriente
TXN-00005685,CTA-358959,CLI-17251,2026-06-07 03:09:00,3050728.49,CRC,pago,atm,CA-001,Cuenta Ahorro
TXN-00005686,CTA-304209,CLI-58290,2026-06-10 04:49:00,4386532.27,CRC,comision,web,LI-001,Tarjeta Crédito
TXN-00005687,CTA-949925,CLI-30503,2026-06-27 15:19:00,2852038.2,CRC,comision,sucursal,SJ-001,Cuenta Corriente
TXN-00005688,CTA-650866,CLI-74236,2026-06-28 01:15:00,4581218.24,CRC,comision,web,PU-001,Tarjeta Crédito
TXN-00005689,CTA-678845,CLI-29175,2026-06-29 19:17:00,2521732.39,CRC,pago,sucursal,LI-002,Préstamo Personal
TXN-00005690,CTA-591638,CLI-69723,2026-06-20 08:07:00,237963.15,CRC,retiro,sinpe,CA-001,Préstamo Hipotecario
TXN-00005691,CTA-531924,CLI-13568,2026-06-12 06:04:00,4227872.73,CRC,comision,web,PU-001,Préstamo Hipotecario
TXN-00005692,CTA-111676,CLI-17241,2026-06-23 16:35:00,4649734.8,CRC,transferencia,atm,LI-001,Tarjeta Crédito
TXN-00005693,CTA-729776,CLI-62393,2026-06-03 02:38:00,3521577.86,CRC,retiro,sinpe,LI-002,Cuenta Corriente
TXN-00005694,CTA-741889,CLI-40319,2026-06-04 17:13:00,4645470.46,CRC,retiro,sucursal,SJ-001,Préstamo Personal
TXN-00005695,CTA-266030,CLI-55302,2026-06-17 04:30:00,2243746.78,CRC,transferencia,web,AL-001,Cuenta Ahorro
TXN-00005696,CTA-803291,CLI-20277,2026-06-01 17:08:00,3106139.0,CRC,transferencia,web,LI-001,Préstamo Personal
TXN-00005697,CTA-435007,CLI-36646,2026-06-06 12:14:00,2294605.26,CRC,comision,sinpe,SJ-002,Préstamo Personal
TXN-00005698,CTA-431068,CLI-82563,2026-06-08 11:46:00,4007932.09,CRC,deposito,sinpe,HE-001,Préstamo Hipotecario
TXN-00005699,CTA-803863,CLI-75642,2026-06-21 22:49:00,4911113.41,CRC,transferencia,app_movil,SJ-001,Préstamo Personal
TXN-00005700,CTA-824233,CLI-82170,2026-06-15 23:43:00,3824306.33,CRC,deposito,atm,LI-001,Cuenta Ahorro
TXN-00005701,CTA-600400,CLI-28603,2026-06-18 20:02:00,3093319.69,CRC,pago,sinpe,LI-001,Cuenta Ahorro
TXN-00005702,CTA-575465,CLI-13150,2026-06-29 04:20:00,167150.87,CRC,transferencia,app_movil,LI-001,Cuenta Ahorro
TXN-00005703,CTA-570217,CLI-33812,2026-06-03 01:38:00,3030443.28,CRC,deposito,sucursal,PU-001,Préstamo Hipotecario
TXN-00005704,CTA-354103,CLI-82455,2026-06-05 20:36:00,1941245.03,CRC,pago,app_movil,LI-001,Cuenta Ahorro
TXN-00005705,CTA-696809,CLI-82973,2026-06-23 00:06:00,1122748.42,CRC,retiro,app_movil,LI-001,Tarjeta Crédito
TXN-00005706,CTA-333512,CLI-72014,2026-06-27 02:25:00,1551589.08,CRC,deposito,web,AL-001,Cuenta Ahorro
TXN-00005707,CTA-693869,CLI-14632,2026-06-01 02:45:00,3442760.83,CRC,comision,atm,PU-001,Préstamo Hipotecario
TXN-00005708,CTA-373473,CLI-99583,2026-06-10 19:39:00,2040577.35,CRC,comision,sucursal,SJ-001,Préstamo Personal
TXN-00005709,CTA-269746,CLI-36076,2026-06-24 11:29:00,2117500.49,CRC,comision,web,SJ-002,Préstamo Personal
TXN-00005710,CTA-518476,CLI-72233,2026-06-16 06:58:00,230593.56,CRC,pago,atm,PU-001,Tarjeta Crédito
TXN-00005711,CTA-355342,CLI-52879,2026-06-26 16:10:00,2245063.01,CRC,transferencia,app_movil,LI-001,Cuenta Corriente
TXN-00005712,CTA-790948,CLI-27149,2026-06-15 11:50:00,2407472.77,CRC,transferencia,app_movil,LI-002,Tarjeta Crédito
TXN-00005713,CTA-965159,CLI-79886,2026-06-02 18:42:00,1641719.41,CRC,comision,sinpe,AL-001,Préstamo Hipotecario
TXN-00005714,CTA-435708,CLI-52642,2026-06-03 22:39:00,3141285.09,CRC,comision,web,SJ-001,Cuenta Ahorro
TXN-00005715,CTA-406143,CLI-57158,2026-06-10 14:43:00,2422669.76,CRC,pago,sucursal,LI-001,Cuenta Corriente
TXN-00005716,CTA-219685,CLI-12151,2026-06-24 22:57:00,765427.09,CRC,transferencia,app_movil,SJ-001,Tarjeta Crédito
TXN-00005717,CTA-899775,CLI-49711,2026-06-03 16:44:00,3675976.72,CRC,comision,sucursal,LI-002,Cuenta Corriente
TXN-00005718,CTA-803717,CLI-25582,2026-06-19 11:32:00,69872.67,CRC,pago,app_movil,PU-001,Cuenta Corriente
TXN-00005719,CTA-557940,CLI-21708,2026-06-16 14:56:00,3148802.37,CRC,retiro,atm,LI-001,Cuenta Corriente
TXN-00005720,CTA-473601,CLI-15903,2026-06-13 12:54:00,3318161.77,CRC,deposito,app_movil,LI-002,Tarjeta Crédito
TXN-00005721,CTA-771845,CLI-82578,2026-06-16 06:41:00,170550.09,CRC,comision,sucursal,HE-001,Cuenta Ahorro
TXN-00005722,CTA-698400,CLI-91653,2026-06-29 11:58:00,116495.7,CRC,deposito,web,LI-002,Tarjeta Crédito
TXN-00005723,CTA-448162,CLI-67290,2026-06-28 14:59:00,3119451.05,CRC,transferencia,sinpe,HE-001,Cuenta Corriente
TXN-00005724,CTA-328101,CLI-62880,2026-06-11 06:02:00,1056617.56,CRC,transferencia,web,PU-001,Cuenta Ahorro
TXN-00005725,CTA-908678,CLI-76845,2026-06-08 11:56:00,1814737.0,CRC,deposito,web,HE-001,Cuenta Corriente
TXN-00005726,CTA-167760,CLI-48900,2026-06-24 20:19:00,1179326.68,CRC,retiro,atm,CA-001,Tarjeta Crédito
TXN-00005727,CTA-359821,CLI-97974,2026-06-30 10:35:00,2007486.67,CRC,comision,app_movil,PU-001,Cuenta Corriente
TXN-00005728,CTA-720440,CLI-81928,2026-06-02 14:04:00,1785472.8,CRC,deposito,atm,HE-001,Préstamo Hipotecario
TXN-00005729,CTA-273766,CLI-51442,2026-06-25 17:54:00,2479580.22,CRC,deposito,atm,PU-001,Cuenta Corriente
TXN-00005730,CTA-558783,CLI-16675,2026-06-27 04:26:00,548338.04,CRC,comision,sinpe,PU-001,Préstamo Hipotecario
TXN-00005731,CTA-964692,CLI-11823,2026-06-21 09:08:00,368507.34,CRC,comision,sinpe,CA-001,Cuenta Corriente
TXN-00005732,CTA-688199,CLI-23454,2026-06-19 02:43:00,4796275.89,CRC,retiro,app_movil,PU-001,Cuenta Ahorro
TXN-00005733,CTA-213856,CLI-99045,2026-06-29 12:31:00,1899259.5,CRC,retiro,sinpe,HE-001,Cuenta Corriente
TXN-00005734,CTA-364642,CLI-52665,2026-06-17 14:29:00,506638.35,CRC,transferencia,web,SJ-001,Préstamo Personal
TXN-00005735,CTA-217128,CLI-30288,2026-06-07 23:37:00,2196522.78,CRC,transferencia,sucursal,LI-001,Préstamo Personal
TXN-00005736,CTA-722333,CLI-75611,2026-06-05 21:58:00,2207434.28,CRC,pago,web,AL-001,Cuenta Ahorro
TXN-00005737,CTA-930241,CLI-93738,2026-06-08 08:43:00,4639478.83,CRC,comision,atm,LI-001,Préstamo Personal
TXN-00005738,CTA-162838,CLI-92689,2026-06-13 17:56:00,186586.81,CRC,comision,sinpe,LI-001,Préstamo Hipotecario
TXN-00005739,CTA-342787,CLI-95462,2026-06-21 12:59:00,2331770.28,CRC,retiro,app_movil,SJ-002,Tarjeta Crédito
TXN-00005740,CTA-138611,CLI-46404,2026-06-23 13:48:00,4664250.36,CRC,retiro,web,SJ-002,Cuenta Corriente
TXN-00005741,CTA-537667,CLI-53642,2026-06-13 01:30:00,2239538.74,CRC,deposito,atm,HE-001,Tarjeta Crédito
TXN-00005742,CTA-373925,CLI-47215,2026-06-05 18:27:00,927590.52,CRC,transferencia,sinpe,LI-001,Cuenta Ahorro
TXN-00005743,CTA-399689,CLI-58380,2026-06-28 06:55:00,3692963.54,CRC,transferencia,app_movil,PU-001,Préstamo Hipotecario
TXN-00005744,CTA-957526,CLI-70674,2026-06-06 05:04:00,4660201.76,CRC,comision,app_movil,CA-001,Tarjeta Crédito
TXN-00005745,CTA-241596,CLI-12741,2026-06-28 01:49:00,4142627.39,CRC,comision,sucursal,LI-002,Préstamo Hipotecario
TXN-00005746,CTA-511227,CLI-52632,2026-06-09 18:04:00,1233406.04,CRC,retiro,atm,LI-002,Cuenta Ahorro
TXN-00005747,CTA-940588,CLI-73680,2026-06-22 15:04:00,13150.91,CRC,transferencia,app_movil,PU-001,Tarjeta Crédito
TXN-00005748,CTA-383388,CLI-10445,2026-06-20 20:50:00,4224445.16,CRC,retiro,web,HE-001,Cuenta Corriente
TXN-00005749,CTA-262447,CLI-52670,2026-06-09 15:53:00,957217.37,CRC,transferencia,atm,LI-001,Préstamo Personal
TXN-00005750,CTA-551141,CLI-29980,2026-06-04 22:16:00,717748.5,CRC,deposito,sucursal,CA-001,Préstamo Hipotecario
TXN-00005751,CTA-477576,CLI-55177,2026-06-12 15:26:00,4315580.39,CRC,deposito,app_movil,SJ-002,Préstamo Hipotecario
TXN-00005752,CTA-758956,CLI-57451,2026-06-17 00:00:00,4648736.13,CRC,retiro,web,HE-001,Tarjeta Crédito
TXN-00005753,CTA-667455,CLI-75970,2026-06-01 07:14:00,2010413.68,CRC,deposito,sinpe,LI-001,Tarjeta Crédito
TXN-00005754,CTA-559907,CLI-30493,2026-06-30 10:56:00,3485921.71,CRC,pago,app_movil,AL-001,Cuenta Ahorro
TXN-00005755,CTA-134203,CLI-97026,2026-06-18 19:23:00,1028404.72,CRC,retiro,sinpe,CA-001,Cuenta Ahorro
TXN-00005756,CTA-360288,CLI-29850,2026-06-23 05:48:00,3666782.49,CRC,pago,web,SJ-002,Cuenta Ahorro
TXN-00005757,CTA-529314,CLI-26433,2026-06-21 12:56:00,1219969.99,CRC,pago,web,CA-001,Préstamo Personal
TXN-00005758,CTA-744252,CLI-54006,2026-06-20 23:28:00,2172652.19,CRC,comision,sinpe,HE-001,Cuenta Corriente
TXN-00005759,CTA-663534,CLI-68503,2026-06-27 10:12:00,3811819.17,CRC,pago,atm,HE-001,Préstamo Hipotecario
TXN-00005760,CTA-740234,CLI-35412,2026-06-07 20:59:00,1343163.03,CRC,deposito,sucursal,HE-001,Préstamo Personal
TXN-00005761,CTA-618945,CLI-30576,2026-06-23 06:06:00,3186394.07,CRC,pago,web,LI-001,Préstamo Hipotecario
TXN-00005762,CTA-446380,CLI-40134,2026-06-12 20:40:00,4549214.22,CRC,pago,web,SJ-001,Préstamo Personal
TXN-00005763,CTA-133290,CLI-35085,2026-06-30 09:47:00,3816519.16,CRC,deposito,web,CA-001,Cuenta Corriente
TXN-00005764,CTA-725866,CLI-11941,2026-06-10 09:26:00,2418833.4,CRC,transferencia,sucursal,SJ-002,Tarjeta Crédito
TXN-00005765,CTA-659951,CLI-39046,2026-06-02 21:02:00,2773336.19,CRC,retiro,sucursal,CA-001,Cuenta Corriente
TXN-00005766,CTA-797037,CLI-22561,2026-06-30 18:32:00,3977648.64,CRC,comision,app_movil,LI-001,Cuenta Corriente
TXN-00005767,CTA-957530,CLI-11485,2026-06-19 02:44:00,1398458.3,CRC,retiro,sucursal,PU-001,Préstamo Personal
TXN-00005768,CTA-725991,CLI-39108,2026-06-07 03:38:00,4343706.64,CRC,comision,sinpe,SJ-001,Préstamo Hipotecario
TXN-00005769,CTA-175458,CLI-24463,2026-06-30 07:54:00,4775225.56,CRC,transferencia,atm,LI-001,Cuenta Ahorro
TXN-00005770,CTA-198825,CLI-57117,2026-06-26 15:20:00,2721343.18,CRC,pago,sucursal,LI-002,Tarjeta Crédito
TXN-00005771,CTA-188562,CLI-12816,2026-06-04 22:34:00,2899430.37,CRC,pago,web,LI-001,Cuenta Corriente
TXN-00005772,CTA-347128,CLI-59814,2026-06-23 18:15:00,4230313.5,CRC,transferencia,app_movil,PU-001,Tarjeta Crédito
TXN-00005773,CTA-530333,CLI-95592,2026-06-19 01:49:00,4752921.98,CRC,retiro,sucursal,SJ-001,Tarjeta Crédito
TXN-00005774,CTA-453255,CLI-23731,2026-06-23 12:04:00,723892.44,CRC,comision,sucursal,AL-001,Préstamo Personal
TXN-00005775,CTA-914061,CLI-42075,2026-06-30 04:23:00,4713880.99,CRC,transferencia,app_movil,SJ-002,Préstamo Personal
TXN-00005776,CTA-403133,CLI-14347,2026-06-06 16:56:00,302667.14,CRC,deposito,atm,SJ-002,Préstamo Personal
TXN-00005777,CTA-118519,CLI-61731,2026-06-28 22:09:00,4616223.4,CRC,retiro,sinpe,LI-002,Préstamo Hipotecario
TXN-00005778,CTA-741504,CLI-72601,2026-06-03 22:13:00,2822091.58,CRC,transferencia,sucursal,SJ-001,Préstamo Personal
TXN-00005779,CTA-492344,CLI-16503,2026-06-25 03:57:00,2092578.83,CRC,comision,sucursal,PU-001,Préstamo Personal
TXN-00005780,CTA-684217,CLI-98292,2026-06-26 03:18:00,3814238.33,CRC,retiro,app_movil,SJ-002,Tarjeta Crédito
TXN-00005781,CTA-593925,CLI-35685,2026-06-02 21:50:00,4769136.9,CRC,deposito,sinpe,LI-002,Préstamo Personal
TXN-00005782,CTA-706668,CLI-12344,2026-06-04 18:23:00,3772385.43,CRC,retiro,sinpe,HE-001,Cuenta Corriente
TXN-00005783,CTA-154577,CLI-54733,2026-06-28 10:23:00,131804.42,CRC,pago,sucursal,AL-001,Préstamo Personal
TXN-00005784,CTA-285882,CLI-95455,2026-06-02 19:12:00,37352.67,CRC,transferencia,web,LI-002,Tarjeta Crédito
TXN-00005785,CTA-570688,CLI-91749,2026-06-24 09:03:00,4464170.07,CRC,comision,sinpe,LI-001,Préstamo Hipotecario
TXN-00005786,CTA-276410,CLI-70535,2026-06-29 00:53:00,316491.82,CRC,retiro,sinpe,AL-001,Cuenta Corriente
TXN-00005787,CTA-922786,CLI-37159,2026-06-16 00:38:00,764227.99,CRC,retiro,sucursal,AL-001,Préstamo Hipotecario
TXN-00005788,CTA-443905,CLI-43544,2026-06-21 15:21:00,4820390.54,CRC,deposito,app_movil,AL-001,Tarjeta Crédito
TXN-00005789,CTA-986840,CLI-48763,2026-06-27 23:20:00,2753786.91,CRC,pago,atm,CA-001,Tarjeta Crédito
TXN-00005790,CTA-521337,CLI-50800,2026-06-11 16:22:00,2529793.87,CRC,transferencia,sinpe,SJ-002,Tarjeta Crédito
TXN-00005791,CTA-953531,CLI-92467,2026-06-21 16:27:00,288095.23,CRC,comision,sucursal,SJ-001,Tarjeta Crédito
TXN-00005792,CTA-727733,CLI-78582,2026-06-20 12:02:00,1999516.46,CRC,retiro,web,CA-001,Tarjeta Crédito
TXN-00005793,CTA-393750,CLI-54064,2026-06-17 08:38:00,3241971.48,CRC,comision,sucursal,LI-001,Préstamo Hipotecario
TXN-00005794,CTA-877711,CLI-75509,2026-06-23 10:18:00,194423.64,CRC,pago,app_movil,LI-001,Préstamo Hipotecario
TXN-00005795,CTA-221183,CLI-68169,2026-06-27 10:40:00,3658996.97,CRC,retiro,app_movil,SJ-001,Cuenta Corriente
TXN-00005796,CTA-840937,CLI-75578,2026-06-11 07:58:00,4956892.77,CRC,deposito,atm,LI-001,Cuenta Ahorro
TXN-00005797,CTA-894152,CLI-59120,2026-06-10 12:48:00,550846.45,CRC,pago,sinpe,CA-001,Préstamo Personal
TXN-00005798,CTA-187447,CLI-50944,2026-06-13 01:03:00,578543.52,CRC,pago,app_movil,SJ-001,Cuenta Corriente
TXN-00005799,CTA-318943,CLI-52844,2026-06-29 03:06:00,4944929.62,CRC,retiro,app_movil,CA-001,Préstamo Personal
TXN-00005800,CTA-501832,CLI-17151,2026-06-08 13:43:00,4047452.25,CRC,comision,sucursal,AL-001,Cuenta Corriente
TXN-00005801,CTA-505095,CLI-62246,2026-06-18 15:30:00,653133.93,CRC,retiro,sucursal,HE-001,Cuenta Corriente
TXN-00005802,CTA-676438,CLI-30468,2026-06-18 06:07:00,1464882.08,CRC,retiro,app_movil,SJ-002,Cuenta Corriente
TXN-00005803,CTA-570682,CLI-25869,2026-06-03 21:41:00,429489.81,CRC,comision,sinpe,LI-002,Tarjeta Crédito
TXN-00005804,CTA-362195,CLI-16055,2026-06-15 09:37:00,4606281.81,CRC,transferencia,app_movil,LI-002,Préstamo Hipotecario
TXN-00005805,CTA-177178,CLI-88383,2026-06-29 23:35:00,145177.91,CRC,deposito,app_movil,LI-001,Tarjeta Crédito
TXN-00005806,CTA-344056,CLI-93582,2026-06-19 19:10:00,3989826.23,CRC,transferencia,sucursal,LI-002,Préstamo Personal
TXN-00005807,CTA-191255,CLI-71845,2026-06-11 06:40:00,2990906.19,CRC,pago,sucursal,LI-001,Tarjeta Crédito
TXN-00005808,CTA-783839,CLI-13687,2026-06-09 06:55:00,548027.43,CRC,retiro,sucursal,HE-001,Préstamo Hipotecario
TXN-00005809,CTA-156961,CLI-62016,2026-06-18 03:05:00,4971243.76,CRC,pago,atm,LI-002,Préstamo Personal
TXN-00005810,CTA-275751,CLI-35332,2026-06-01 23:42:00,1474969.02,CRC,transferencia,web,AL-001,Préstamo Personal
TXN-00005811,CTA-415636,CLI-86018,2026-06-21 04:44:00,406685.5,CRC,deposito,atm,HE-001,Préstamo Personal
TXN-00005812,CTA-258501,CLI-26843,2026-06-04 21:20:00,1686317.92,CRC,pago,sinpe,LI-002,Préstamo Hipotecario
TXN-00005813,CTA-227949,CLI-51406,2026-06-23 10:42:00,816910.07,CRC,comision,web,LI-001,Préstamo Hipotecario
TXN-00005814,CTA-864093,CLI-82592,2026-06-29 10:03:00,2005819.97,CRC,retiro,app_movil,SJ-002,Préstamo Personal
TXN-00005815,CTA-218830,CLI-22270,2026-06-05 19:39:00,4328980.3,CRC,deposito,atm,LI-001,Cuenta Ahorro
TXN-00005816,CTA-835805,CLI-75634,2026-06-12 23:22:00,786912.91,CRC,transferencia,atm,SJ-002,Tarjeta Crédito
TXN-00005817,CTA-805476,CLI-36724,2026-06-19 22:53:00,1084950.75,CRC,pago,app_movil,LI-002,Préstamo Personal
TXN-00005818,CTA-100572,CLI-99442,2026-06-13 00:01:00,2867248.48,CRC,pago,web,SJ-002,Préstamo Hipotecario
TXN-00005819,CTA-432901,CLI-95806,2026-06-15 14:48:00,4523577.1,CRC,deposito,sinpe,HE-001,Tarjeta Crédito
TXN-00005820,CTA-107801,CLI-26023,2026-06-22 15:28:00,961089.0,CRC,deposito,web,SJ-001,Préstamo Personal
TXN-00005821,CTA-209330,CLI-37039,2026-06-05 01:34:00,145606.71,CRC,deposito,app_movil,LI-002,Cuenta Corriente
TXN-00005822,CTA-332423,CLI-21858,2026-06-06 17:19:00,1066872.69,CRC,comision,app_movil,LI-002,Préstamo Personal
TXN-00005823,CTA-433343,CLI-71620,2026-06-08 09:18:00,4687679.12,CRC,comision,web,SJ-001,Tarjeta Crédito
TXN-00005824,CTA-166743,CLI-84676,2026-06-20 04:49:00,62064.67,CRC,deposito,atm,HE-001,Tarjeta Crédito
TXN-00005825,CTA-844077,CLI-67368,2026-06-06 21:51:00,3614268.9,CRC,comision,sucursal,PU-001,Tarjeta Crédito
TXN-00005826,CTA-393768,CLI-36971,2026-06-04 10:03:00,2106307.72,CRC,transferencia,sucursal,SJ-002,Tarjeta Crédito
TXN-00005827,CTA-596004,CLI-51563,2026-06-04 04:08:00,1268141.01,CRC,transferencia,web,SJ-002,Préstamo Personal
TXN-00005828,CTA-653825,CLI-29117,2026-06-07 13:49:00,4547959.01,CRC,retiro,sucursal,HE-001,Cuenta Corriente
TXN-00005829,CTA-408126,CLI-26553,2026-06-30 07:39:00,4472884.22,CRC,deposito,app_movil,PU-001,Préstamo Personal
TXN-00005830,CTA-335212,CLI-77963,2026-06-24 06:22:00,2002256.52,CRC,comision,atm,HE-001,Cuenta Corriente
TXN-00005831,CTA-349630,CLI-46579,2026-06-29 13:50:00,3067294.71,CRC,pago,web,LI-001,Tarjeta Crédito
TXN-00005832,CTA-619303,CLI-47568,2026-06-07 16:24:00,4227660.56,CRC,pago,atm,SJ-002,Tarjeta Crédito
TXN-00005833,CTA-554196,CLI-45433,2026-06-09 13:42:00,493649.06,CRC,comision,atm,CA-001,Cuenta Corriente
TXN-00005834,CTA-776933,CLI-47747,2026-06-20 13:50:00,3895861.59,CRC,deposito,app_movil,SJ-001,Cuenta Ahorro
TXN-00005835,CTA-773039,CLI-98381,2026-06-22 15:42:00,4656810.35,CRC,transferencia,web,SJ-002,Cuenta Ahorro
TXN-00005836,CTA-112458,CLI-75059,2026-06-29 19:07:00,3784814.48,CRC,comision,sinpe,SJ-002,Cuenta Corriente
TXN-00005837,CTA-704611,CLI-99718,2026-06-30 01:55:00,2678108.05,CRC,transferencia,web,LI-002,Préstamo Personal
TXN-00005838,CTA-903169,CLI-79060,2026-06-03 10:27:00,2787583.25,CRC,retiro,app_movil,SJ-002,Tarjeta Crédito
TXN-00005839,CTA-391829,CLI-93719,2026-06-05 20:18:00,3170358.49,CRC,transferencia,web,LI-001,Tarjeta Crédito
TXN-00005840,CTA-836241,CLI-39215,2026-06-23 16:17:00,1191351.48,CRC,transferencia,sinpe,CA-001,Préstamo Personal
TXN-00005841,CTA-601025,CLI-14512,2026-06-12 07:32:00,3795523.21,CRC,deposito,web,PU-001,Préstamo Hipotecario
TXN-00005842,CTA-480436,CLI-41643,2026-06-17 09:29:00,4180670.29,CRC,deposito,web,AL-001,Tarjeta Crédito
TXN-00005843,CTA-933788,CLI-83860,2026-06-03 05:16:00,4917462.51,CRC,retiro,web,HE-001,Cuenta Corriente
TXN-00005844,CTA-751562,CLI-62144,2026-06-04 18:13:00,2592179.58,CRC,comision,sinpe,SJ-002,Préstamo Personal
TXN-00005845,CTA-475881,CLI-32171,2026-06-13 05:27:00,3689020.25,CRC,comision,app_movil,SJ-001,Tarjeta Crédito
TXN-00005846,CTA-467107,CLI-73319,2026-06-30 21:50:00,163514.0,CRC,comision,sucursal,LI-001,Préstamo Hipotecario
TXN-00005847,CTA-260766,CLI-61192,2026-06-04 01:38:00,2235116.01,CRC,pago,sinpe,HE-001,Cuenta Corriente
TXN-00005848,CTA-735797,CLI-89377,2026-06-19 01:19:00,3705311.23,CRC,retiro,atm,CA-001,Cuenta Corriente
TXN-00005849,CTA-463152,CLI-45311,2026-06-20 09:19:00,452836.41,CRC,deposito,web,SJ-002,Cuenta Ahorro
TXN-00005850,CTA-658619,CLI-96000,2026-06-23 04:59:00,2553101.94,CRC,deposito,web,SJ-001,Préstamo Hipotecario
TXN-00005851,CTA-257383,CLI-97522,2026-06-10 03:57:00,3810929.4,CRC,deposito,web,SJ-002,Préstamo Hipotecario
TXN-00005852,CTA-255734,CLI-30996,2026-06-16 02:53:00,4391106.63,CRC,retiro,sucursal,AL-001,Cuenta Corriente
TXN-00005853,CTA-622577,CLI-27957,2026-06-09 10:28:00,1951482.24,CRC,transferencia,app_movil,LI-001,Cuenta Ahorro
TXN-00005854,CTA-549753,CLI-26159,2026-06-24 14:59:00,4714431.51,CRC,pago,sucursal,LI-001,Préstamo Personal
TXN-00005855,CTA-392834,CLI-32867,2026-06-06 06:50:00,460552.84,CRC,pago,web,HE-001,Cuenta Ahorro
TXN-00005856,CTA-615792,CLI-40477,2026-06-07 13:15:00,1578426.2,CRC,pago,atm,CA-001,Cuenta Ahorro
TXN-00005857,CTA-112441,CLI-89849,2026-06-05 14:34:00,3612424.1,CRC,transferencia,sucursal,HE-001,Cuenta Corriente
TXN-00005858,CTA-373577,CLI-24671,2026-06-20 23:49:00,4482018.87,CRC,transferencia,sinpe,CA-001,Préstamo Personal
TXN-00005859,CTA-152863,CLI-96836,2026-06-03 23:32:00,718226.49,CRC,transferencia,sinpe,HE-001,Cuenta Ahorro
TXN-00005860,CTA-772133,CLI-10286,2026-06-16 00:27:00,4761662.73,CRC,comision,atm,CA-001,Tarjeta Crédito
TXN-00005861,CTA-939622,CLI-89544,2026-06-25 21:54:00,2472357.02,CRC,retiro,web,LI-002,Tarjeta Crédito
TXN-00005862,CTA-713386,CLI-55643,2026-06-09 06:56:00,1055066.84,CRC,pago,sucursal,LI-002,Cuenta Ahorro
TXN-00005863,CTA-814096,CLI-19364,2026-06-24 16:36:00,2111955.33,CRC,retiro,sinpe,SJ-002,Cuenta Ahorro
TXN-00005864,CTA-206931,CLI-96468,2026-06-04 20:54:00,1603777.11,CRC,deposito,sucursal,CA-001,Cuenta Ahorro
TXN-00005865,CTA-444114,CLI-34605,2026-06-03 07:24:00,147875.89,CRC,transferencia,app_movil,SJ-002,Cuenta Ahorro
TXN-00005866,CTA-392468,CLI-78848,2026-06-12 20:08:00,4871755.51,CRC,transferencia,app_movil,PU-001,Cuenta Ahorro
TXN-00005867,CTA-232227,CLI-33771,2026-06-10 14:36:00,4114056.86,CRC,retiro,sucursal,AL-001,Cuenta Corriente
TXN-00005868,CTA-649162,CLI-52172,2026-06-26 09:10:00,3926975.36,CRC,pago,app_movil,LI-002,Préstamo Hipotecario
TXN-00005869,CTA-974265,CLI-23739,2026-06-14 20:29:00,2924248.62,CRC,retiro,web,CA-001,Cuenta Corriente
TXN-00005870,CTA-560960,CLI-78049,2026-06-24 23:23:00,2809722.95,CRC,retiro,web,LI-001,Préstamo Hipotecario
TXN-00005871,CTA-217027,CLI-65607,2026-06-08 17:05:00,1126730.54,CRC,comision,sucursal,SJ-002,Cuenta Ahorro
TXN-00005872,CTA-747255,CLI-88126,2026-06-18 02:27:00,2579806.07,CRC,retiro,web,SJ-001,Cuenta Corriente
TXN-00005873,CTA-178132,CLI-68869,2026-06-17 22:44:00,3123350.49,CRC,comision,atm,SJ-002,Tarjeta Crédito
TXN-00005874,CTA-306928,CLI-68230,2026-06-28 05:47:00,2702021.1,CRC,transferencia,web,CA-001,Cuenta Ahorro
TXN-00005875,CTA-931490,CLI-37376,2026-06-25 17:53:00,479494.09,CRC,pago,app_movil,SJ-002,Tarjeta Crédito
TXN-00005876,CTA-421072,CLI-58004,2026-06-27 03:54:00,1979046.95,CRC,transferencia,atm,HE-001,Cuenta Corriente
TXN-00005877,CTA-115996,CLI-12033,2026-06-21 00:11:00,4411777.32,CRC,transferencia,sucursal,LI-002,Tarjeta Crédito
TXN-00005878,CTA-376615,CLI-82321,2026-06-15 15:36:00,4270427.04,CRC,deposito,app_movil,AL-001,Préstamo Hipotecario
TXN-00005879,CTA-882271,CLI-40453,2026-06-02 05:57:00,2823689.09,CRC,comision,atm,AL-001,Cuenta Corriente
TXN-00005880,CTA-720294,CLI-82526,2026-06-07 04:51:00,2461281.56,CRC,retiro,atm,HE-001,Préstamo Hipotecario
TXN-00005881,CTA-173558,CLI-58640,2026-06-23 03:11:00,1096689.86,CRC,pago,atm,LI-001,Cuenta Corriente
TXN-00005882,CTA-134939,CLI-68490,2026-06-15 14:45:00,1082607.89,CRC,deposito,web,CA-001,Préstamo Personal
TXN-00005883,CTA-794682,CLI-62637,2026-06-19 22:29:00,305208.89,CRC,retiro,sucursal,LI-002,Cuenta Corriente
TXN-00005884,CTA-830817,CLI-22228,2026-06-05 13:05:00,3593449.53,CRC,deposito,sinpe,SJ-002,Tarjeta Crédito
TXN-00005885,CTA-356799,CLI-74235,2026-06-16 08:02:00,128783.17,CRC,retiro,app_movil,CA-001,Cuenta Ahorro
TXN-00005886,CTA-616837,CLI-91627,2026-06-12 15:13:00,1152598.68,CRC,deposito,web,SJ-001,Cuenta Corriente
TXN-00005887,CTA-783808,CLI-37683,2026-06-10 18:44:00,2861610.1,CRC,deposito,web,LI-002,Cuenta Corriente
TXN-00005888,CTA-115275,CLI-47590,2026-06-25 12:08:00,4395715.93,CRC,transferencia,sinpe,AL-001,Cuenta Ahorro
TXN-00005889,CTA-201187,CLI-61269,2026-06-03 01:14:00,720258.28,CRC,retiro,atm,LI-002,Préstamo Personal
TXN-00005890,CTA-686028,CLI-45391,2026-06-14 14:07:00,1493472.48,CRC,pago,sucursal,AL-001,Cuenta Ahorro
TXN-00005891,CTA-545224,CLI-53053,2026-06-17 09:25:00,304038.71,CRC,retiro,sinpe,LI-001,Préstamo Hipotecario
TXN-00005892,CTA-329473,CLI-60408,2026-06-02 02:17:00,3582805.32,CRC,pago,sinpe,LI-001,Cuenta Corriente
TXN-00005893,CTA-266625,CLI-14483,2026-06-06 21:19:00,4072410.22,CRC,comision,atm,SJ-001,Préstamo Personal
TXN-00005894,CTA-429018,CLI-52050,2026-06-25 23:21:00,4235683.32,CRC,deposito,sinpe,SJ-001,Cuenta Corriente
TXN-00005895,CTA-939628,CLI-44478,2026-06-26 20:48:00,2698495.37,CRC,transferencia,atm,PU-001,Préstamo Personal
TXN-00005896,CTA-880263,CLI-80599,2026-06-15 20:46:00,4994489.94,CRC,deposito,web,LI-002,Tarjeta Crédito
TXN-00005897,CTA-429875,CLI-44118,2026-06-14 09:35:00,169047.76,CRC,deposito,atm,AL-001,Cuenta Corriente
TXN-00005898,CTA-936306,CLI-46779,2026-06-17 20:02:00,2099716.34,CRC,deposito,sinpe,LI-001,Cuenta Ahorro
TXN-00005899,CTA-777368,CLI-75328,2026-06-03 04:58:00,3646996.87,CRC,transferencia,sinpe,SJ-002,Préstamo Hipotecario
TXN-00005900,CTA-125204,CLI-19378,2026-06-12 01:07:00,4623853.11,CRC,retiro,atm,SJ-001,Cuenta Corriente
TXN-00005901,CTA-759707,CLI-80627,2026-06-14 19:11:00,1746223.86,CRC,deposito,web,SJ-001,Préstamo Personal
TXN-00005902,CTA-921483,CLI-45621,2026-06-01 20:52:00,4214676.63,CRC,pago,atm,SJ-002,Tarjeta Crédito
TXN-00005903,CTA-151405,CLI-11776,2026-06-24 15:02:00,28781.38,CRC,deposito,atm,HE-001,Cuenta Corriente
TXN-00005904,CTA-367250,CLI-57026,2026-06-02 00:34:00,3566339.01,CRC,transferencia,sinpe,HE-001,Préstamo Personal
TXN-00005905,CTA-661501,CLI-67766,2026-06-18 12:34:00,1479158.55,CRC,transferencia,sucursal,CA-001,Tarjeta Crédito
TXN-00005906,CTA-678391,CLI-86147,2026-06-19 11:46:00,1410987.79,CRC,comision,sucursal,SJ-001,Tarjeta Crédito
TXN-00005907,CTA-565025,CLI-65319,2026-06-19 00:52:00,673622.04,CRC,deposito,app_movil,PU-001,Cuenta Ahorro
TXN-00005908,CTA-731702,CLI-53437,2026-06-25 03:16:00,3483705.17,CRC,deposito,app_movil,SJ-001,Préstamo Hipotecario
TXN-00005909,CTA-211953,CLI-60339,2026-06-06 02:26:00,3338270.19,CRC,transferencia,sucursal,AL-001,Tarjeta Crédito
TXN-00005910,CTA-445926,CLI-88861,2026-06-03 17:24:00,1841309.71,CRC,deposito,atm,SJ-002,Cuenta Ahorro
TXN-00005911,CTA-560526,CLI-19258,2026-06-05 22:53:00,4700476.32,CRC,pago,atm,LI-001,Cuenta Corriente
TXN-00005912,CTA-604393,CLI-73464,2026-06-29 18:15:00,3419129.6,CRC,pago,sucursal,PU-001,Cuenta Corriente
TXN-00005913,CTA-339808,CLI-30487,2026-06-29 11:35:00,3454215.4,CRC,retiro,app_movil,SJ-001,Préstamo Hipotecario
TXN-00005914,CTA-270038,CLI-57477,2026-06-21 20:52:00,2359577.81,CRC,transferencia,web,PU-001,Cuenta Corriente
TXN-00005915,CTA-391570,CLI-59771,2026-06-19 19:25:00,4603230.99,CRC,comision,web,HE-001,Tarjeta Crédito
TXN-00005916,CTA-423287,CLI-21009,2026-06-17 15:11:00,1257224.81,CRC,comision,sucursal,AL-001,Cuenta Ahorro
TXN-00005917,CTA-997765,CLI-41729,2026-06-24 03:24:00,4334189.35,CRC,pago,sucursal,SJ-002,Tarjeta Crédito
TXN-00005918,CTA-724633,CLI-30593,2026-06-13 16:47:00,4667754.61,CRC,comision,web,LI-002,Tarjeta Crédito
TXN-00005919,CTA-379083,CLI-49234,2026-06-27 03:43:00,3588208.25,CRC,comision,sinpe,SJ-002,Tarjeta Crédito
TXN-00005920,CTA-424572,CLI-60395,2026-06-01 21:51:00,2872588.05,CRC,transferencia,sinpe,SJ-001,Tarjeta Crédito
TXN-00005921,CTA-934202,CLI-86026,2026-06-19 10:33:00,4409964.62,CRC,retiro,atm,CA-001,Préstamo Hipotecario
TXN-00005922,CTA-775303,CLI-72467,2026-06-23 21:33:00,2801189.28,CRC,retiro,web,LI-002,Préstamo Personal
TXN-00005923,CTA-367012,CLI-84995,2026-06-30 01:31:00,2090892.24,CRC,pago,sucursal,LI-002,Préstamo Personal
TXN-00005924,CTA-387504,CLI-29400,2026-06-25 04:08:00,1608823.58,CRC,transferencia,app_movil,SJ-001,Préstamo Hipotecario
TXN-00005925,CTA-232955,CLI-80546,2026-06-05 12:48:00,613973.94,CRC,comision,web,LI-002,Tarjeta Crédito
TXN-00005926,CTA-553541,CLI-65719,2026-06-21 02:16:00,4033850.0,CRC,pago,app_movil,PU-001,Préstamo Hipotecario
TXN-00005927,CTA-482500,CLI-31454,2026-06-04 17:08:00,3007340.0,CRC,pago,atm,SJ-002,Cuenta Ahorro
TXN-00005928,CTA-556370,CLI-85939,2026-06-16 14:06:00,567006.46,CRC,pago,app_movil,CA-001,Préstamo Hipotecario
TXN-00005929,CTA-569237,CLI-51754,2026-06-17 03:47:00,3760371.93,CRC,comision,app_movil,PU-001,Cuenta Corriente
TXN-00005930,CTA-557253,CLI-37860,2026-06-29 14:19:00,4228729.91,CRC,comision,web,LI-001,Préstamo Personal
TXN-00005931,CTA-923233,CLI-68370,2026-06-03 02:41:00,4278750.5,CRC,pago,web,HE-001,Cuenta Corriente
TXN-00005932,CTA-572154,CLI-71350,2026-06-13 08:45:00,1777832.29,CRC,deposito,sucursal,SJ-001,Tarjeta Crédito
TXN-00005933,CTA-395802,CLI-43560,2026-06-01 19:57:00,1800516.32,CRC,comision,atm,SJ-002,Cuenta Corriente
TXN-00005934,CTA-439496,CLI-27325,2026-06-30 02:56:00,2291996.45,CRC,transferencia,web,LI-001,Cuenta Ahorro
TXN-00005935,CTA-380091,CLI-82033,2026-06-23 07:52:00,4748938.35,CRC,transferencia,atm,HE-001,Tarjeta Crédito
TXN-00005936,CTA-973931,CLI-98226,2026-06-16 07:54:00,1952490.97,CRC,pago,sucursal,LI-002,Cuenta Ahorro
TXN-00005937,CTA-103380,CLI-53773,2026-06-16 09:28:00,4857825.03,CRC,deposito,sinpe,HE-001,Tarjeta Crédito
TXN-00005938,CTA-268347,CLI-71659,2026-06-10 19:43:00,3429443.2,CRC,pago,sucursal,SJ-001,Préstamo Hipotecario
TXN-00005939,CTA-699559,CLI-52858,2026-06-29 10:41:00,2374538.58,CRC,comision,sinpe,AL-001,Préstamo Personal
TXN-00005940,CTA-265246,CLI-94556,2026-06-03 17:44:00,4207637.23,CRC,pago,web,HE-001,Cuenta Corriente
TXN-00005941,CTA-950349,CLI-89970,2026-06-11 16:24:00,4625700.31,CRC,comision,app_movil,PU-001,Cuenta Ahorro
TXN-00005942,CTA-421107,CLI-44629,2026-06-22 03:33:00,3407038.03,CRC,comision,sucursal,PU-001,Préstamo Hipotecario
TXN-00005943,CTA-148426,CLI-17422,2026-06-13 23:48:00,3460127.27,CRC,pago,sinpe,CA-001,Préstamo Personal
TXN-00005944,CTA-601427,CLI-74976,2026-06-05 16:04:00,1775080.65,CRC,pago,sinpe,PU-001,Tarjeta Crédito
TXN-00005945,CTA-540480,CLI-47739,2026-06-07 08:26:00,2455371.74,CRC,comision,app_movil,HE-001,Préstamo Hipotecario
TXN-00005946,CTA-813402,CLI-66141,2026-06-06 02:00:00,966030.38,CRC,comision,atm,PU-001,Cuenta Corriente
TXN-00005947,CTA-284478,CLI-55123,2026-06-22 10:10:00,1716193.44,CRC,deposito,app_movil,AL-001,Préstamo Personal
TXN-00005948,CTA-742828,CLI-72446,2026-06-28 14:23:00,1744067.11,CRC,comision,app_movil,SJ-002,Préstamo Personal
TXN-00005949,CTA-601480,CLI-97803,2026-06-29 10:32:00,1041590.31,CRC,deposito,app_movil,AL-001,Préstamo Hipotecario
TXN-00005950,CTA-991255,CLI-50353,2026-06-03 21:09:00,1079578.72,CRC,comision,app_movil,CA-001,Cuenta Ahorro
TXN-00005951,CTA-286489,CLI-66648,2026-06-10 11:44:00,1498958.96,CRC,comision,sucursal,LI-002,Tarjeta Crédito
TXN-00005952,CTA-103964,CLI-21834,2026-06-29 09:02:00,489247.64,CRC,pago,sinpe,HE-001,Tarjeta Crédito
TXN-00005953,CTA-827989,CLI-32877,2026-06-28 19:09:00,590800.09,CRC,comision,atm,SJ-002,Préstamo Personal
TXN-00005954,CTA-212175,CLI-81093,2026-06-12 23:05:00,1237139.1,CRC,retiro,sinpe,SJ-001,Préstamo Personal
TXN-00005955,CTA-474580,CLI-87348,2026-06-28 06:52:00,1316575.13,CRC,transferencia,app_movil,SJ-002,Cuenta Corriente
TXN-00005956,CTA-297725,CLI-40210,2026-06-30 17:49:00,138445.55,CRC,comision,app_movil,AL-001,Tarjeta Crédito
TXN-00005957,CTA-813006,CLI-66716,2026-06-28 10:21:00,4919334.78,CRC,comision,atm,PU-001,Cuenta Ahorro
TXN-00005958,CTA-684711,CLI-98560,2026-06-10 20:51:00,4135632.73,CRC,retiro,web,HE-001,Tarjeta Crédito
TXN-00005959,CTA-414478,CLI-60450,2026-06-14 01:28:00,2649975.93,CRC,retiro,web,AL-001,Préstamo Personal
TXN-00005960,CTA-760516,CLI-52533,2026-06-11 23:35:00,3139413.69,CRC,deposito,sucursal,HE-001,Cuenta Corriente
TXN-00005961,CTA-243279,CLI-99624,2026-06-09 03:51:00,2375015.74,CRC,deposito,web,LI-002,Préstamo Hipotecario
TXN-00005962,CTA-475128,CLI-16105,2026-06-10 07:12:00,2005754.62,CRC,transferencia,atm,SJ-002,Cuenta Ahorro
TXN-00005963,CTA-735777,CLI-29095,2026-06-08 04:30:00,2218127.91,CRC,transferencia,atm,PU-001,Préstamo Hipotecario
TXN-00005964,CTA-685473,CLI-70472,2026-06-12 04:47:00,718771.36,CRC,pago,sinpe,LI-002,Cuenta Ahorro
TXN-00005965,CTA-183108,CLI-32474,2026-06-24 05:16:00,4303212.25,CRC,comision,web,HE-001,Préstamo Personal
TXN-00005966,CTA-622047,CLI-80565,2026-06-08 13:02:00,2401154.51,CRC,pago,sinpe,LI-002,Cuenta Corriente
TXN-00005967,CTA-497829,CLI-31678,2026-06-03 08:48:00,91042.02,CRC,comision,web,HE-001,Préstamo Hipotecario
TXN-00005968,CTA-885748,CLI-46922,2026-06-18 08:02:00,914022.5,CRC,deposito,atm,LI-001,Préstamo Personal
TXN-00005969,CTA-152633,CLI-28445,2026-06-11 00:44:00,3328936.28,CRC,deposito,atm,SJ-002,Cuenta Corriente
TXN-00005970,CTA-108337,CLI-70318,2026-06-13 00:13:00,3522121.97,CRC,deposito,sinpe,SJ-002,Cuenta Corriente
TXN-00005971,CTA-821919,CLI-42570,2026-06-07 03:04:00,1247511.46,CRC,pago,app_movil,HE-001,Cuenta Ahorro
TXN-00005972,CTA-204533,CLI-48155,2026-06-20 05:18:00,2189575.99,CRC,comision,web,LI-001,Cuenta Ahorro
TXN-00005973,CTA-710732,CLI-37461,2026-06-17 06:35:00,150791.04,CRC,transferencia,sucursal,LI-001,Cuenta Corriente
TXN-00005974,CTA-854215,CLI-52375,2026-06-04 14:47:00,4411414.33,CRC,comision,atm,SJ-001,Tarjeta Crédito
TXN-00005975,CTA-196079,CLI-38691,2026-06-19 00:10:00,4216878.69,CRC,pago,app_movil,LI-002,Cuenta Corriente
TXN-00005976,CTA-299814,CLI-22094,2026-06-03 23:39:00,1376884.69,CRC,pago,atm,LI-002,Préstamo Personal
TXN-00005977,CTA-107142,CLI-34233,2026-06-02 06:19:00,4994630.63,CRC,deposito,web,LI-002,Cuenta Ahorro
TXN-00005978,CTA-724494,CLI-73055,2026-06-21 14:57:00,1181005.57,CRC,deposito,app_movil,CA-001,Cuenta Corriente
TXN-00005979,CTA-533828,CLI-30510,2026-06-05 10:43:00,2828838.0,CRC,deposito,sinpe,HE-001,Préstamo Hipotecario
TXN-00005980,CTA-810166,CLI-44219,2026-06-08 04:38:00,4746535.04,CRC,deposito,app_movil,AL-001,Préstamo Personal
TXN-00005981,CTA-450894,CLI-45379,2026-06-04 12:28:00,2621566.62,CRC,comision,web,CA-001,Préstamo Personal
TXN-00005982,CTA-428301,CLI-21142,2026-06-03 09:53:00,4577833.59,CRC,transferencia,sucursal,AL-001,Tarjeta Crédito
TXN-00005983,CTA-968924,CLI-71729,2026-06-25 16:32:00,4172862.84,CRC,deposito,app_movil,SJ-001,Préstamo Hipotecario
TXN-00005984,CTA-455427,CLI-16893,2026-06-02 09:47:00,4784314.39,CRC,deposito,atm,SJ-001,Cuenta Ahorro
TXN-00005985,CTA-443909,CLI-90117,2026-06-04 04:30:00,2861300.79,CRC,pago,app_movil,SJ-002,Cuenta Ahorro
TXN-00005986,CTA-299796,CLI-45917,2026-06-22 22:23:00,3002526.3,CRC,pago,web,PU-001,Préstamo Hipotecario
TXN-00005987,CTA-443235,CLI-43642,2026-06-20 21:20:00,249377.33,CRC,comision,atm,PU-001,Préstamo Personal
TXN-00005988,CTA-108629,CLI-45830,2026-06-07 19:28:00,2361503.37,CRC,retiro,sucursal,LI-001,Tarjeta Crédito
TXN-00005989,CTA-505578,CLI-87419,2026-06-19 05:41:00,3785851.81,CRC,transferencia,sinpe,HE-001,Préstamo Personal
TXN-00005990,CTA-370378,CLI-23879,2026-06-05 23:44:00,1688210.5,CRC,comision,sucursal,LI-002,Préstamo Personal
TXN-00005991,CTA-414687,CLI-83630,2026-06-23 17:02:00,3966878.9,CRC,comision,app_movil,SJ-002,Préstamo Personal
TXN-00005992,CTA-122084,CLI-19914,2026-06-03 12:38:00,4822583.39,CRC,comision,web,LI-001,Tarjeta Crédito
TXN-00005993,CTA-278681,CLI-62624,2026-06-17 02:47:00,211150.93,CRC,pago,sinpe,LI-002,Préstamo Personal
TXN-00005994,CTA-869782,CLI-47970,2026-06-15 20:11:00,1314003.33,CRC,deposito,atm,SJ-001,Tarjeta Crédito
TXN-00005995,CTA-885089,CLI-63006,2026-06-07 06:04:00,3829001.08,CRC,pago,app_movil,HE-001,Préstamo Hipotecario
TXN-00005996,CTA-989243,CLI-15718,2026-06-25 12:31:00,3500188.59,CRC,deposito,atm,SJ-001,Cuenta Corriente
TXN-00005997,CTA-789885,CLI-64401,2026-06-11 08:18:00,3345739.19,CRC,retiro,web,LI-002,Préstamo Hipotecario
TXN-00005998,CTA-249924,CLI-43395,2026-06-12 11:19:00,215958.9,CRC,deposito,web,LI-002,Préstamo Hipotecario
TXN-00005999,CTA-105848,CLI-68364,2026-06-23 23:29:00,1474770.27,CRC,pago,sinpe,SJ-002,Cuenta Corriente
TXN-00006000,CTA-660856,CLI-20198,2026-06-20 23:39:00,221412.42,CRC,transferencia,sucursal,SJ-001,Préstamo Personal
TXN-00006001,CTA-336591,CLI-88114,2026-06-17 09:09:00,771653.2,CRC,pago,web,LI-002,Préstamo Personal
TXN-00006002,CTA-227400,CLI-70160,2026-06-05 18:26:00,1565131.98,CRC,deposito,atm,SJ-001,Cuenta Corriente
TXN-00006003,CTA-184229,CLI-69920,2026-06-02 07:59:00,2162665.53,CRC,transferencia,app_movil,LI-002,Préstamo Hipotecario
TXN-00006004,CTA-596240,CLI-82561,2026-06-01 06:31:00,4495712.53,CRC,transferencia,sucursal,SJ-001,Préstamo Hipotecario
TXN-00006005,CTA-558018,CLI-23454,2026-06-13 22:08:00,1813585.38,CRC,comision,web,LI-001,Préstamo Personal
TXN-00006006,CTA-611814,CLI-27200,2026-06-22 22:42:00,2167909.63,CRC,deposito,sinpe,SJ-001,Cuenta Ahorro
TXN-00006007,CTA-223019,CLI-43940,2026-06-09 01:11:00,1497665.1,CRC,retiro,app_movil,CA-001,Préstamo Hipotecario
TXN-00006008,CTA-574454,CLI-33161,2026-06-07 20:58:00,1812539.29,CRC,transferencia,sinpe,SJ-002,Préstamo Personal
TXN-00006009,CTA-969010,CLI-70799,2026-06-25 08:04:00,982198.83,CRC,transferencia,app_movil,CA-001,Préstamo Hipotecario
TXN-00006010,CTA-907780,CLI-15890,2026-06-27 05:23:00,853719.42,CRC,transferencia,sinpe,SJ-002,Préstamo Hipotecario
TXN-00006011,CTA-758558,CLI-61259,2026-06-13 04:17:00,3440680.79,CRC,comision,sinpe,HE-001,Préstamo Hipotecario
TXN-00006012,CTA-911816,CLI-31649,2026-06-02 07:57:00,882654.37,CRC,transferencia,web,SJ-002,Cuenta Ahorro
TXN-00006013,CTA-879079,CLI-11908,2026-06-03 18:26:00,2075292.62,CRC,comision,sinpe,CA-001,Cuenta Corriente
TXN-00006014,CTA-790151,CLI-15044,2026-06-07 18:26:00,2454955.03,CRC,deposito,web,LI-001,Cuenta Ahorro
TXN-00006015,CTA-579911,CLI-18161,2026-06-03 03:37:00,3591631.09,CRC,retiro,atm,PU-001,Tarjeta Crédito
TXN-00006016,CTA-752998,CLI-23842,2026-06-29 04:10:00,4425106.57,CRC,transferencia,app_movil,LI-001,Préstamo Personal
TXN-00006017,CTA-556752,CLI-64178,2026-06-20 22:32:00,3766631.97,CRC,retiro,sinpe,PU-001,Préstamo Personal
TXN-00006018,CTA-882458,CLI-35278,2026-06-16 19:15:00,4618536.13,CRC,pago,app_movil,PU-001,Cuenta Ahorro
TXN-00006019,CTA-493967,CLI-77296,2026-06-17 08:56:00,4904105.99,CRC,pago,sucursal,CA-001,Cuenta Ahorro
TXN-00006020,CTA-389310,CLI-57131,2026-06-03 18:12:00,889766.79,CRC,deposito,sinpe,AL-001,Cuenta Corriente
TXN-00006021,CTA-560527,CLI-83288,2026-06-18 14:56:00,92688.31,CRC,pago,sucursal,HE-001,Préstamo Hipotecario
TXN-00006022,CTA-661844,CLI-36226,2026-06-23 15:58:00,4086302.08,CRC,transferencia,app_movil,SJ-002,Cuenta Corriente
TXN-00006023,CTA-438284,CLI-80767,2026-06-03 07:35:00,2185651.06,CRC,transferencia,sinpe,SJ-001,Tarjeta Crédito
TXN-00006024,CTA-893213,CLI-10762,2026-06-11 23:04:00,4773322.91,CRC,transferencia,web,CA-001,Cuenta Corriente
TXN-00006025,CTA-849279,CLI-64275,2026-06-11 05:55:00,4182871.15,CRC,deposito,sinpe,LI-001,Préstamo Hipotecario
TXN-00006026,CTA-502457,CLI-46165,2026-06-29 14:43:00,4438033.09,CRC,comision,sucursal,LI-002,Préstamo Personal
TXN-00006027,CTA-590186,CLI-90032,2026-06-17 23:22:00,1423855.22,CRC,deposito,atm,SJ-001,Préstamo Hipotecario
TXN-00006028,CTA-115473,CLI-26579,2026-06-12 00:57:00,1314760.5,CRC,pago,sinpe,SJ-001,Préstamo Hipotecario
TXN-00006029,CTA-546119,CLI-44456,2026-06-02 01:46:00,4243962.7,CRC,transferencia,app_movil,AL-001,Cuenta Ahorro
TXN-00006030,CTA-761208,CLI-16544,2026-06-01 04:47:00,1603887.69,CRC,deposito,sinpe,SJ-001,Préstamo Hipotecario
TXN-00006031,CTA-605620,CLI-37492,2026-06-15 22:00:00,1642687.89,CRC,comision,sinpe,LI-002,Cuenta Corriente
TXN-00006032,CTA-422391,CLI-13193,2026-06-25 15:56:00,900568.2,CRC,pago,sucursal,HE-001,Préstamo Hipotecario
TXN-00006033,CTA-566000,CLI-31469,2026-06-08 11:47:00,3920501.46,CRC,transferencia,atm,LI-001,Cuenta Ahorro
TXN-00006034,CTA-246837,CLI-80286,2026-06-09 08:44:00,1852886.49,CRC,transferencia,app_movil,SJ-001,Tarjeta Crédito
TXN-00006035,CTA-445480,CLI-30578,2026-06-17 19:54:00,586214.56,CRC,transferencia,web,SJ-001,Cuenta Corriente
TXN-00006036,CTA-597007,CLI-98144,2026-06-05 04:20:00,2764735.83,CRC,transferencia,app_movil,LI-002,Tarjeta Crédito
TXN-00006037,CTA-752593,CLI-25776,2026-06-06 13:20:00,4916946.4,CRC,comision,atm,CA-001,Cuenta Corriente
TXN-00006038,CTA-197085,CLI-47944,2026-06-24 08:12:00,1794922.29,CRC,deposito,sucursal,SJ-001,Cuenta Corriente
TXN-00006039,CTA-143740,CLI-46024,2026-06-01 03:32:00,1292197.99,CRC,transferencia,app_movil,LI-002,Tarjeta Crédito
TXN-00006040,CTA-909172,CLI-30188,2026-06-20 11:17:00,1082130.97,CRC,pago,web,CA-001,Préstamo Hipotecario
TXN-00006041,CTA-712279,CLI-44764,2026-06-07 14:48:00,2809215.25,CRC,pago,sucursal,PU-001,Préstamo Hipotecario
TXN-00006042,CTA-258181,CLI-98393,2026-06-22 04:24:00,211169.26,CRC,transferencia,sucursal,CA-001,Cuenta Ahorro
TXN-00006043,CTA-153722,CLI-58099,2026-06-28 10:20:00,1877993.88,CRC,pago,sucursal,SJ-001,Préstamo Personal
TXN-00006044,CTA-416323,CLI-26134,2026-06-03 01:33:00,405687.23,CRC,retiro,web,LI-002,Cuenta Ahorro
TXN-00006045,CTA-243553,CLI-94565,2026-06-28 18:00:00,3078634.23,CRC,transferencia,sinpe,HE-001,Cuenta Corriente
TXN-00006046,CTA-508285,CLI-85838,2026-06-26 19:51:00,4468039.12,CRC,transferencia,sucursal,CA-001,Préstamo Personal
TXN-00006047,CTA-466943,CLI-98865,2026-06-14 12:55:00,4839637.49,CRC,retiro,app_movil,CA-001,Tarjeta Crédito
TXN-00006048,CTA-541149,CLI-82341,2026-06-15 08:11:00,1864790.22,CRC,deposito,atm,HE-001,Cuenta Corriente
TXN-00006049,CTA-407805,CLI-60000,2026-06-25 17:09:00,4961172.77,CRC,retiro,app_movil,LI-001,Préstamo Hipotecario
TXN-00006050,CTA-918996,CLI-39919,2026-06-21 09:03:00,4387160.4,CRC,retiro,app_movil,LI-002,Cuenta Ahorro
TXN-00006051,CTA-949818,CLI-37550,2026-06-10 00:47:00,1406674.33,CRC,retiro,sucursal,SJ-001,Préstamo Hipotecario
TXN-00006052,CTA-697685,CLI-60670,2026-06-24 21:36:00,519120.13,CRC,deposito,sucursal,CA-001,Tarjeta Crédito
TXN-00006053,CTA-371062,CLI-10755,2026-06-02 05:35:00,2478800.43,CRC,deposito,atm,AL-001,Cuenta Ahorro
TXN-00006054,CTA-549567,CLI-77514,2026-06-25 20:40:00,4644456.97,CRC,transferencia,web,PU-001,Cuenta Corriente
TXN-00006055,CTA-874081,CLI-30996,2026-06-23 17:44:00,1944102.93,CRC,pago,atm,AL-001,Préstamo Personal
TXN-00006056,CTA-312375,CLI-64175,2026-06-24 00:56:00,4761866.08,CRC,comision,app_movil,PU-001,Tarjeta Crédito
TXN-00006057,CTA-160695,CLI-82712,2026-06-10 08:05:00,968466.59,CRC,comision,sucursal,LI-002,Cuenta Ahorro
TXN-00006058,CTA-130977,CLI-22237,2026-06-09 15:25:00,2821637.09,CRC,comision,sinpe,SJ-001,Préstamo Hipotecario
TXN-00006059,CTA-152822,CLI-92693,2026-06-08 17:23:00,2321243.32,CRC,pago,atm,HE-001,Cuenta Corriente
TXN-00006060,CTA-103335,CLI-83851,2026-06-24 19:57:00,693904.6,CRC,comision,web,PU-001,Cuenta Ahorro
TXN-00006061,CTA-818899,CLI-32789,2026-06-19 09:01:00,2637481.14,CRC,comision,app_movil,LI-002,Préstamo Personal
TXN-00006062,CTA-496782,CLI-62290,2026-06-25 18:40:00,57355.24,CRC,comision,sinpe,PU-001,Cuenta Corriente
TXN-00006063,CTA-426713,CLI-31421,2026-06-08 06:21:00,2940379.26,CRC,transferencia,sucursal,LI-002,Préstamo Hipotecario
TXN-00006064,CTA-124366,CLI-65350,2026-06-13 02:49:00,1613304.29,CRC,comision,app_movil,PU-001,Préstamo Personal
TXN-00006065,CTA-399352,CLI-23220,2026-06-28 03:50:00,784757.34,CRC,comision,sinpe,AL-001,Préstamo Personal
TXN-00006066,CTA-229301,CLI-15411,2026-06-28 12:16:00,42932.02,CRC,comision,app_movil,LI-002,Préstamo Hipotecario
TXN-00006067,CTA-104597,CLI-90976,2026-06-10 15:42:00,2794264.56,CRC,comision,atm,HE-001,Tarjeta Crédito
TXN-00006068,CTA-146688,CLI-45615,2026-06-12 17:09:00,2755350.87,CRC,comision,sucursal,LI-002,Cuenta Ahorro
TXN-00006069,CTA-433782,CLI-80672,2026-06-12 14:30:00,4500454.71,CRC,pago,web,PU-001,Cuenta Ahorro
TXN-00006070,CTA-327070,CLI-19207,2026-06-18 14:35:00,914807.12,CRC,comision,app_movil,SJ-001,Préstamo Personal
TXN-00006071,CTA-435729,CLI-93881,2026-06-20 05:28:00,1488924.87,CRC,comision,sinpe,PU-001,Préstamo Personal
TXN-00006072,CTA-125476,CLI-79626,2026-06-29 22:02:00,1113629.7,CRC,pago,sinpe,HE-001,Cuenta Corriente
TXN-00006073,CTA-773621,CLI-53834,2026-06-10 15:10:00,2620665.94,CRC,retiro,web,LI-002,Cuenta Corriente
TXN-00006074,CTA-651429,CLI-79140,2026-06-06 18:24:00,3675029.19,CRC,pago,app_movil,PU-001,Tarjeta Crédito
TXN-00006075,CTA-435579,CLI-73781,2026-06-04 15:42:00,3932810.52,CRC,comision,app_movil,LI-001,Cuenta Ahorro
TXN-00006076,CTA-181607,CLI-47185,2026-06-29 18:01:00,1002232.28,CRC,retiro,app_movil,LI-002,Préstamo Personal
TXN-00006077,CTA-383220,CLI-72976,2026-06-16 09:25:00,4910942.44,CRC,comision,sinpe,PU-001,Tarjeta Crédito
TXN-00006078,CTA-216613,CLI-75114,2026-06-12 11:17:00,982770.04,CRC,comision,sucursal,CA-001,Préstamo Personal
TXN-00006079,CTA-746615,CLI-72599,2026-06-11 06:53:00,1759932.83,CRC,pago,web,SJ-001,Cuenta Ahorro
TXN-00006080,CTA-561930,CLI-78269,2026-06-02 10:58:00,4124740.73,CRC,transferencia,web,HE-001,Tarjeta Crédito
TXN-00006081,CTA-570832,CLI-48574,2026-06-01 14:48:00,1660933.22,CRC,pago,web,SJ-002,Cuenta Ahorro
TXN-00006082,CTA-431991,CLI-66024,2026-06-06 07:37:00,2555478.86,CRC,transferencia,sucursal,LI-002,Tarjeta Crédito
TXN-00006083,CTA-450329,CLI-83690,2026-06-16 15:18:00,749295.27,CRC,pago,web,HE-001,Préstamo Personal
TXN-00006084,CTA-157495,CLI-70715,2026-06-08 22:37:00,2863196.42,CRC,retiro,sucursal,AL-001,Préstamo Personal
TXN-00006085,CTA-798568,CLI-13076,2026-06-22 11:44:00,219313.27,CRC,deposito,atm,HE-001,Tarjeta Crédito
TXN-00006086,CTA-559583,CLI-40590,2026-06-05 17:49:00,2584303.43,CRC,comision,web,CA-001,Préstamo Hipotecario
TXN-00006087,CTA-746078,CLI-27689,2026-06-24 22:06:00,4945121.63,CRC,retiro,sinpe,CA-001,Préstamo Hipotecario
TXN-00006088,CTA-475549,CLI-94790,2026-06-24 21:09:00,689995.58,CRC,transferencia,web,PU-001,Préstamo Hipotecario
TXN-00006089,CTA-551652,CLI-21387,2026-06-20 04:08:00,2815419.44,CRC,deposito,sucursal,AL-001,Tarjeta Crédito
TXN-00006090,CTA-772582,CLI-82697,2026-06-19 06:29:00,2486690.81,CRC,deposito,sinpe,LI-001,Tarjeta Crédito
TXN-00006091,CTA-183049,CLI-50030,2026-06-10 03:17:00,3259464.21,CRC,comision,sucursal,LI-002,Préstamo Personal
TXN-00006092,CTA-483393,CLI-10533,2026-06-07 15:05:00,1159840.5,CRC,pago,app_movil,LI-002,Cuenta Corriente
TXN-00006093,CTA-532632,CLI-47403,2026-06-04 12:16:00,4109791.06,CRC,pago,app_movil,AL-001,Préstamo Hipotecario
TXN-00006094,CTA-921232,CLI-14752,2026-06-20 17:58:00,1424430.74,CRC,comision,app_movil,SJ-002,Cuenta Corriente
TXN-00006095,CTA-472892,CLI-97294,2026-06-03 03:17:00,2149018.11,CRC,comision,atm,SJ-002,Tarjeta Crédito
TXN-00006096,CTA-360695,CLI-15078,2026-06-16 11:10:00,4677524.43,CRC,deposito,app_movil,HE-001,Préstamo Personal
TXN-00006097,CTA-236622,CLI-95789,2026-06-24 14:48:00,4271203.54,CRC,pago,atm,HE-001,Cuenta Ahorro
TXN-00006098,CTA-848770,CLI-27109,2026-06-01 04:38:00,905308.81,CRC,transferencia,sinpe,LI-001,Préstamo Hipotecario
TXN-00006099,CTA-964582,CLI-35887,2026-06-24 01:10:00,3432905.6,CRC,deposito,web,LI-002,Cuenta Ahorro
TXN-00006100,CTA-516113,CLI-58957,2026-06-08 04:24:00,2058919.63,CRC,pago,sinpe,SJ-002,Cuenta Corriente
TXN-00006101,CTA-658067,CLI-98965,2026-06-03 02:04:00,296530.58,CRC,pago,app_movil,LI-002,Cuenta Corriente
TXN-00006102,CTA-365108,CLI-10121,2026-06-23 12:19:00,1067781.67,CRC,retiro,atm,SJ-002,Cuenta Corriente
TXN-00006103,CTA-254869,CLI-70081,2026-06-02 00:31:00,1349402.63,CRC,pago,atm,PU-001,Cuenta Ahorro
TXN-00006104,CTA-534002,CLI-54358,2026-06-15 02:43:00,3814167.69,CRC,retiro,web,HE-001,Tarjeta Crédito
TXN-00006105,CTA-398265,CLI-75416,2026-06-03 18:29:00,4865802.18,CRC,pago,atm,LI-001,Cuenta Corriente
TXN-00006106,CTA-633039,CLI-59022,2026-06-04 17:13:00,75354.22,CRC,comision,atm,PU-001,Cuenta Ahorro
TXN-00006107,CTA-728627,CLI-93796,2026-06-26 00:07:00,1717465.59,CRC,comision,web,LI-002,Tarjeta Crédito
TXN-00006108,CTA-858789,CLI-19142,2026-06-26 15:47:00,297612.62,CRC,transferencia,atm,AL-001,Cuenta Ahorro
TXN-00006109,CTA-152149,CLI-22972,2026-06-25 02:15:00,3813738.57,CRC,pago,atm,AL-001,Cuenta Ahorro
TXN-00006110,CTA-240403,CLI-89048,2026-06-01 22:21:00,3136264.23,CRC,pago,web,CA-001,Tarjeta Crédito
TXN-00006111,CTA-913386,CLI-29068,2026-06-14 10:07:00,1137090.04,CRC,comision,atm,HE-001,Tarjeta Crédito
TXN-00006112,CTA-623120,CLI-94351,2026-06-21 18:40:00,4743550.79,CRC,transferencia,app_movil,PU-001,Tarjeta Crédito
TXN-00006113,CTA-767198,CLI-93421,2026-06-22 12:02:00,648264.07,CRC,pago,atm,LI-002,Préstamo Hipotecario
TXN-00006114,CTA-927550,CLI-76838,2026-06-22 21:11:00,3935698.27,CRC,retiro,atm,AL-001,Cuenta Corriente
TXN-00006115,CTA-758315,CLI-96390,2026-06-26 14:51:00,2050949.75,CRC,deposito,app_movil,SJ-001,Cuenta Corriente
TXN-00006116,CTA-405730,CLI-32772,2026-06-28 03:28:00,2795622.81,CRC,comision,sinpe,LI-002,Cuenta Ahorro
TXN-00006117,CTA-766951,CLI-44035,2026-06-27 08:21:00,331073.94,CRC,retiro,app_movil,CA-001,Cuenta Ahorro
TXN-00006118,CTA-630496,CLI-55698,2026-06-23 21:09:00,2118931.42,CRC,comision,web,AL-001,Cuenta Corriente
TXN-00006119,CTA-174909,CLI-10231,2026-06-09 04:32:00,2579074.78,CRC,transferencia,atm,HE-001,Préstamo Personal
TXN-00006120,CTA-989841,CLI-79309,2026-06-26 15:46:00,1808941.7,CRC,transferencia,sucursal,SJ-002,Tarjeta Crédito
TXN-00006121,CTA-222658,CLI-95282,2026-06-16 23:06:00,1752040.08,CRC,retiro,sucursal,PU-001,Tarjeta Crédito
TXN-00006122,CTA-851537,CLI-71262,2026-06-10 07:27:00,1376889.32,CRC,deposito,sinpe,HE-001,Cuenta Corriente
TXN-00006123,CTA-869390,CLI-41370,2026-06-19 20:38:00,356507.17,CRC,comision,atm,CA-001,Préstamo Hipotecario
TXN-00006124,CTA-571649,CLI-80762,2026-06-30 12:17:00,1194011.33,CRC,transferencia,atm,HE-001,Préstamo Hipotecario
TXN-00006125,CTA-824534,CLI-26188,2026-06-01 22:26:00,1047146.84,CRC,retiro,sinpe,LI-002,Cuenta Ahorro
TXN-00006126,CTA-291352,CLI-61570,2026-06-04 08:05:00,3970946.4,CRC,transferencia,sucursal,SJ-002,Cuenta Corriente
TXN-00006127,CTA-375330,CLI-74983,2026-06-24 06:00:00,1597360.51,CRC,comision,sinpe,SJ-002,Préstamo Hipotecario
TXN-00006128,CTA-577867,CLI-16795,2026-06-10 21:28:00,3178599.53,CRC,pago,app_movil,LI-002,Tarjeta Crédito
TXN-00006129,CTA-489049,CLI-94582,2026-06-02 06:52:00,126666.07,CRC,deposito,web,LI-002,Cuenta Ahorro
TXN-00006130,CTA-524321,CLI-33501,2026-06-18 12:20:00,928325.82,CRC,transferencia,sucursal,CA-001,Cuenta Ahorro
TXN-00006131,CTA-103477,CLI-75015,2026-06-20 10:50:00,2265566.94,CRC,comision,sinpe,LI-001,Cuenta Corriente
TXN-00006132,CTA-638364,CLI-91462,2026-06-12 14:53:00,201425.02,CRC,retiro,web,LI-002,Préstamo Hipotecario
TXN-00006133,CTA-444783,CLI-31375,2026-06-24 12:49:00,2473665.2,CRC,retiro,sinpe,LI-002,Préstamo Hipotecario
TXN-00006134,CTA-304644,CLI-60961,2026-06-29 07:04:00,4179177.97,CRC,comision,app_movil,PU-001,Préstamo Hipotecario
TXN-00006135,CTA-212857,CLI-98979,2026-06-14 16:16:00,1386276.49,CRC,comision,sinpe,LI-001,Cuenta Ahorro
TXN-00006136,CTA-853103,CLI-84540,2026-06-24 01:42:00,2262418.28,CRC,retiro,sinpe,LI-001,Cuenta Ahorro
TXN-00006137,CTA-118722,CLI-23186,2026-06-19 04:39:00,3712089.9,CRC,pago,atm,AL-001,Cuenta Corriente
TXN-00006138,CTA-397858,CLI-68501,2026-06-15 08:48:00,830568.72,CRC,comision,web,LI-001,Cuenta Corriente
TXN-00006139,CTA-302445,CLI-36840,2026-06-17 10:26:00,3673137.55,CRC,deposito,web,LI-001,Préstamo Hipotecario
TXN-00006140,CTA-323518,CLI-94036,2026-06-11 08:43:00,3965101.27,CRC,transferencia,web,SJ-002,Tarjeta Crédito
TXN-00006141,CTA-543569,CLI-22421,2026-06-18 10:15:00,3081687.61,CRC,pago,web,SJ-002,Tarjeta Crédito
TXN-00006142,CTA-941616,CLI-12673,2026-06-29 16:37:00,713347.14,CRC,deposito,app_movil,SJ-001,Cuenta Ahorro
TXN-00006143,CTA-740476,CLI-83800,2026-06-23 16:43:00,1539152.74,CRC,transferencia,sinpe,PU-001,Préstamo Personal
TXN-00006144,CTA-767418,CLI-26414,2026-06-03 13:36:00,1755823.33,CRC,transferencia,sucursal,SJ-001,Préstamo Hipotecario
TXN-00006145,CTA-923734,CLI-65286,2026-06-30 15:59:00,4373061.14,CRC,retiro,app_movil,SJ-001,Préstamo Hipotecario
TXN-00006146,CTA-620032,CLI-60210,2026-06-01 03:03:00,4501795.6,CRC,comision,sucursal,LI-001,Cuenta Ahorro
TXN-00006147,CTA-968276,CLI-99609,2026-06-26 07:36:00,3168851.15,CRC,retiro,web,LI-002,Tarjeta Crédito
TXN-00006148,CTA-640663,CLI-98647,2026-06-18 12:18:00,895750.76,CRC,comision,web,AL-001,Tarjeta Crédito
TXN-00006149,CTA-464813,CLI-31432,2026-06-09 20:22:00,384477.94,CRC,transferencia,sucursal,SJ-002,Préstamo Hipotecario
TXN-00006150,CTA-127564,CLI-68257,2026-06-23 09:23:00,4296364.79,CRC,transferencia,web,AL-001,Préstamo Hipotecario
TXN-00006151,CTA-782630,CLI-49293,2026-06-09 18:36:00,1553094.8,CRC,transferencia,sinpe,SJ-002,Tarjeta Crédito
TXN-00006152,CTA-430903,CLI-98936,2026-06-06 05:39:00,3299137.97,CRC,comision,web,PU-001,Cuenta Ahorro
TXN-00006153,CTA-679719,CLI-46431,2026-06-29 19:23:00,3345989.69,CRC,deposito,sinpe,HE-001,Cuenta Ahorro
TXN-00006154,CTA-178079,CLI-56497,2026-06-23 10:39:00,4706324.81,CRC,pago,sucursal,LI-002,Préstamo Personal
TXN-00006155,CTA-566300,CLI-17705,2026-06-25 00:39:00,28690.71,CRC,transferencia,app_movil,LI-001,Préstamo Hipotecario
TXN-00006156,CTA-224347,CLI-14000,2026-06-08 02:27:00,444277.48,CRC,retiro,app_movil,LI-001,Préstamo Hipotecario
TXN-00006157,CTA-119861,CLI-72503,2026-06-20 18:39:00,653770.13,CRC,transferencia,sinpe,LI-002,Cuenta Corriente
TXN-00006158,CTA-491417,CLI-64296,2026-06-13 11:09:00,4143529.01,CRC,pago,app_movil,HE-001,Préstamo Hipotecario
TXN-00006159,CTA-819634,CLI-59340,2026-06-19 13:50:00,3641262.08,CRC,deposito,app_movil,PU-001,Tarjeta Crédito
TXN-00006160,CTA-101541,CLI-20639,2026-06-03 11:37:00,1173718.26,CRC,deposito,sucursal,HE-001,Préstamo Personal
TXN-00006161,CTA-496875,CLI-49858,2026-06-30 18:23:00,1711481.55,CRC,pago,atm,LI-001,Préstamo Personal
TXN-00006162,CTA-580228,CLI-35241,2026-06-30 05:40:00,1814404.49,CRC,retiro,sinpe,PU-001,Préstamo Personal
TXN-00006163,CTA-161507,CLI-54244,2026-06-22 19:57:00,418861.9,CRC,deposito,web,HE-001,Préstamo Hipotecario
TXN-00006164,CTA-940707,CLI-29908,2026-06-15 18:21:00,3961572.87,CRC,retiro,sucursal,SJ-001,Cuenta Corriente
TXN-00006165,CTA-546929,CLI-34355,2026-06-28 20:25:00,4456110.84,CRC,deposito,atm,HE-001,Préstamo Personal
TXN-00006166,CTA-978556,CLI-22802,2026-06-29 23:11:00,4319208.49,CRC,pago,atm,SJ-001,Cuenta Ahorro
TXN-00006167,CTA-928920,CLI-11663,2026-06-22 01:33:00,4181966.06,CRC,transferencia,sucursal,CA-001,Tarjeta Crédito
TXN-00006168,CTA-843798,CLI-79230,2026-06-08 12:07:00,4754745.46,CRC,deposito,web,SJ-001,Cuenta Ahorro
TXN-00006169,CTA-703456,CLI-95110,2026-06-27 08:11:00,312989.4,CRC,pago,app_movil,CA-001,Tarjeta Crédito
TXN-00006170,CTA-983140,CLI-16616,2026-06-03 13:20:00,558654.22,CRC,pago,web,LI-002,Cuenta Corriente
TXN-00006171,CTA-988525,CLI-70245,2026-06-19 01:57:00,1102048.55,CRC,deposito,atm,SJ-001,Préstamo Hipotecario
TXN-00006172,CTA-582472,CLI-96103,2026-06-03 16:00:00,592948.94,CRC,comision,web,HE-001,Préstamo Personal
TXN-00006173,CTA-208956,CLI-87912,2026-06-28 16:57:00,3373990.34,CRC,comision,atm,PU-001,Préstamo Personal
TXN-00006174,CTA-752138,CLI-60756,2026-06-21 04:03:00,2839005.14,CRC,deposito,sinpe,SJ-001,Préstamo Personal
TXN-00006175,CTA-255943,CLI-29605,2026-06-13 08:09:00,4137158.93,CRC,comision,sinpe,PU-001,Cuenta Ahorro
TXN-00006176,CTA-426076,CLI-71484,2026-06-01 20:05:00,2705737.17,CRC,pago,sinpe,LI-002,Préstamo Hipotecario
TXN-00006177,CTA-327327,CLI-69673,2026-06-24 03:21:00,1280570.0,CRC,transferencia,sinpe,AL-001,Préstamo Personal
TXN-00006178,CTA-551731,CLI-33195,2026-06-25 04:01:00,2689919.07,CRC,pago,atm,PU-001,Préstamo Hipotecario
TXN-00006179,CTA-917201,CLI-14686,2026-06-09 12:41:00,62038.7,CRC,comision,web,CA-001,Cuenta Corriente
TXN-00006180,CTA-449123,CLI-87386,2026-06-15 18:23:00,2441146.57,CRC,transferencia,app_movil,HE-001,Cuenta Corriente
TXN-00006181,CTA-999568,CLI-29842,2026-06-09 20:20:00,1923837.13,CRC,deposito,app_movil,CA-001,Tarjeta Crédito
TXN-00006182,CTA-647233,CLI-18668,2026-06-18 09:05:00,3823823.35,CRC,transferencia,app_movil,LI-002,Préstamo Hipotecario
TXN-00006183,CTA-888884,CLI-63177,2026-06-08 06:05:00,4737296.51,CRC,transferencia,sinpe,AL-001,Cuenta Corriente
TXN-00006184,CTA-540549,CLI-52736,2026-06-30 03:49:00,2247452.28,CRC,deposito,sinpe,CA-001,Tarjeta Crédito
TXN-00006185,CTA-920636,CLI-38392,2026-06-30 02:54:00,3319887.43,CRC,deposito,atm,AL-001,Préstamo Hipotecario
TXN-00006186,CTA-664851,CLI-21245,2026-06-19 13:59:00,2346448.45,CRC,retiro,app_movil,CA-001,Préstamo Hipotecario
TXN-00006187,CTA-862446,CLI-19772,2026-06-03 20:31:00,531934.17,CRC,retiro,web,LI-001,Préstamo Hipotecario
TXN-00006188,CTA-561476,CLI-87875,2026-06-02 01:35:00,1379565.48,CRC,deposito,atm,SJ-001,Préstamo Personal
TXN-00006189,CTA-162896,CLI-55497,2026-06-14 21:26:00,2992527.26,CRC,comision,app_movil,HE-001,Tarjeta Crédito
TXN-00006190,CTA-263277,CLI-74816,2026-06-05 11:18:00,3081520.24,CRC,comision,sinpe,CA-001,Cuenta Corriente
TXN-00006191,CTA-818991,CLI-31041,2026-06-29 11:43:00,3111627.44,CRC,pago,sinpe,SJ-002,Préstamo Hipotecario
TXN-00006192,CTA-984883,CLI-65830,2026-06-03 11:21:00,3118530.87,CRC,deposito,web,SJ-001,Préstamo Hipotecario
TXN-00006193,CTA-184641,CLI-66216,2026-06-04 07:18:00,1542195.21,CRC,pago,web,HE-001,Cuenta Corriente
TXN-00006194,CTA-818102,CLI-29937,2026-06-05 16:18:00,3796441.19,CRC,comision,atm,LI-002,Cuenta Ahorro
TXN-00006195,CTA-591561,CLI-16573,2026-06-01 02:08:00,4442991.87,CRC,comision,app_movil,PU-001,Tarjeta Crédito
TXN-00006196,CTA-393738,CLI-98911,2026-06-24 14:45:00,2772301.75,CRC,deposito,atm,LI-001,Préstamo Hipotecario
TXN-00006197,CTA-817399,CLI-87254,2026-06-30 11:16:00,2423152.69,CRC,transferencia,web,LI-002,Cuenta Ahorro
TXN-00006198,CTA-161572,CLI-35859,2026-06-13 23:09:00,168375.52,CRC,deposito,atm,SJ-001,Cuenta Corriente
TXN-00006199,CTA-464431,CLI-87264,2026-06-24 15:53:00,462727.61,CRC,comision,sinpe,PU-001,Préstamo Personal
TXN-00006200,CTA-740441,CLI-49813,2026-06-09 02:30:00,3431611.63,CRC,pago,web,AL-001,Tarjeta Crédito
TXN-00006201,CTA-718445,CLI-55381,2026-06-30 08:48:00,3050497.27,CRC,comision,sucursal,SJ-002,Cuenta Ahorro
TXN-00006202,CTA-139739,CLI-20846,2026-06-17 12:22:00,2995819.47,CRC,deposito,sucursal,SJ-002,Préstamo Personal
TXN-00006203,CTA-753014,CLI-27549,2026-06-11 13:50:00,1312525.01,CRC,retiro,web,CA-001,Préstamo Personal
TXN-00006204,CTA-705295,CLI-50100,2026-06-22 13:09:00,2657987.45,CRC,retiro,web,SJ-001,Préstamo Hipotecario
TXN-00006205,CTA-879655,CLI-57239,2026-06-08 20:12:00,3085389.87,CRC,transferencia,atm,CA-001,Cuenta Ahorro
TXN-00006206,CTA-290668,CLI-21980,2026-06-13 15:55:00,2691504.06,CRC,retiro,sinpe,HE-001,Cuenta Corriente
TXN-00006207,CTA-999357,CLI-54416,2026-06-06 08:00:00,1567434.25,CRC,pago,web,SJ-002,Préstamo Hipotecario
TXN-00006208,CTA-488662,CLI-23455,2026-06-13 13:58:00,3361329.63,CRC,retiro,sinpe,SJ-002,Préstamo Hipotecario
TXN-00006209,CTA-360485,CLI-30590,2026-06-17 11:56:00,4030117.36,CRC,retiro,web,LI-001,Tarjeta Crédito
TXN-00006210,CTA-353979,CLI-25388,2026-06-01 15:12:00,3049358.2,CRC,pago,atm,CA-001,Cuenta Ahorro
TXN-00006211,CTA-852215,CLI-38883,2026-06-15 13:16:00,3407458.31,CRC,retiro,atm,AL-001,Cuenta Ahorro
TXN-00006212,CTA-314450,CLI-84571,2026-06-12 10:17:00,480921.31,CRC,transferencia,web,AL-001,Préstamo Hipotecario
TXN-00006213,CTA-273833,CLI-82313,2026-06-20 16:21:00,4715758.29,CRC,deposito,web,LI-001,Cuenta Ahorro
TXN-00006214,CTA-540734,CLI-43951,2026-06-11 03:14:00,96006.18,CRC,transferencia,atm,LI-001,Préstamo Hipotecario
TXN-00006215,CTA-278982,CLI-90360,2026-06-03 00:23:00,3909846.19,CRC,transferencia,app_movil,HE-001,Préstamo Personal
TXN-00006216,CTA-296274,CLI-57882,2026-06-25 14:58:00,2597439.57,CRC,transferencia,sinpe,AL-001,Préstamo Personal
TXN-00006217,CTA-885545,CLI-69219,2026-06-09 04:16:00,4336586.9,CRC,deposito,web,CA-001,Cuenta Ahorro
TXN-00006218,CTA-585525,CLI-38519,2026-06-29 16:10:00,4344799.85,CRC,pago,app_movil,LI-001,Préstamo Hipotecario
TXN-00006219,CTA-239438,CLI-98662,2026-06-03 18:04:00,1760948.95,CRC,retiro,web,LI-001,Cuenta Ahorro
TXN-00006220,CTA-582539,CLI-58925,2026-06-10 05:34:00,4859827.61,CRC,deposito,app_movil,SJ-002,Cuenta Corriente
TXN-00006221,CTA-766800,CLI-68882,2026-06-17 20:14:00,4250721.32,CRC,deposito,sucursal,CA-001,Tarjeta Crédito
TXN-00006222,CTA-565387,CLI-72495,2026-06-05 08:15:00,4686119.31,CRC,transferencia,web,HE-001,Préstamo Hipotecario
TXN-00006223,CTA-611237,CLI-21763,2026-06-24 04:19:00,1058508.41,CRC,retiro,web,PU-001,Préstamo Hipotecario
TXN-00006224,CTA-132531,CLI-53616,2026-06-27 18:05:00,40499.38,CRC,retiro,sinpe,LI-002,Cuenta Ahorro
TXN-00006225,CTA-838674,CLI-29665,2026-06-25 13:24:00,3990673.46,CRC,retiro,sinpe,SJ-002,Préstamo Personal
TXN-00006226,CTA-481437,CLI-35592,2026-06-16 00:33:00,3439975.89,CRC,pago,web,LI-002,Tarjeta Crédito
TXN-00006227,CTA-756684,CLI-52951,2026-06-14 02:44:00,569749.2,CRC,pago,sucursal,LI-001,Cuenta Ahorro
TXN-00006228,CTA-788707,CLI-36936,2026-06-07 23:19:00,2708719.55,CRC,transferencia,web,SJ-001,Tarjeta Crédito
TXN-00006229,CTA-820600,CLI-60678,2026-06-13 05:37:00,2940843.4,CRC,deposito,sucursal,AL-001,Préstamo Hipotecario
TXN-00006230,CTA-810700,CLI-59293,2026-06-03 14:07:00,376783.69,CRC,deposito,web,LI-002,Préstamo Hipotecario
TXN-00006231,CTA-375768,CLI-54547,2026-06-27 23:18:00,3026458.14,CRC,deposito,app_movil,CA-001,Préstamo Personal
TXN-00006232,CTA-259344,CLI-90786,2026-06-30 22:44:00,2593978.96,CRC,retiro,app_movil,CA-001,Préstamo Personal
TXN-00006233,CTA-827729,CLI-34319,2026-06-07 15:08:00,74533.6,CRC,pago,sinpe,PU-001,Tarjeta Crédito
TXN-00006234,CTA-357390,CLI-65248,2026-06-23 13:04:00,3751250.41,CRC,retiro,app_movil,SJ-002,Tarjeta Crédito
TXN-00006235,CTA-782108,CLI-64416,2026-06-18 03:21:00,3257055.36,CRC,retiro,atm,LI-001,Cuenta Corriente
TXN-00006236,CTA-176879,CLI-28372,2026-06-27 10:54:00,3067891.5,CRC,retiro,atm,PU-001,Cuenta Ahorro
TXN-00006237,CTA-675068,CLI-77426,2026-06-25 21:35:00,3387127.4,CRC,comision,web,SJ-001,Cuenta Corriente
TXN-00006238,CTA-103801,CLI-70344,2026-06-24 21:45:00,459718.9,CRC,deposito,atm,SJ-002,Préstamo Hipotecario
TXN-00006239,CTA-126913,CLI-42045,2026-06-08 22:30:00,3520248.17,CRC,pago,sinpe,CA-001,Cuenta Corriente
TXN-00006240,CTA-794519,CLI-76268,2026-06-24 02:25:00,4907815.51,CRC,transferencia,atm,LI-001,Tarjeta Crédito
TXN-00006241,CTA-218415,CLI-36005,2026-06-10 12:44:00,672519.52,CRC,retiro,web,LI-002,Préstamo Personal
TXN-00006242,CTA-686225,CLI-39314,2026-06-23 13:31:00,1062857.0,CRC,deposito,sinpe,PU-001,Cuenta Corriente
TXN-00006243,CTA-344250,CLI-77171,2026-06-23 22:49:00,4005358.34,CRC,transferencia,sucursal,SJ-001,Cuenta Corriente
TXN-00006244,CTA-611927,CLI-53181,2026-06-27 21:49:00,2850403.41,CRC,pago,sinpe,LI-002,Tarjeta Crédito
TXN-00006245,CTA-683154,CLI-14318,2026-06-09 00:52:00,2777064.55,CRC,deposito,sinpe,SJ-002,Préstamo Personal
TXN-00006246,CTA-195940,CLI-39936,2026-06-13 17:02:00,831492.19,CRC,deposito,app_movil,LI-002,Cuenta Ahorro
TXN-00006247,CTA-562175,CLI-50523,2026-06-18 14:06:00,3095967.88,CRC,pago,app_movil,LI-001,Cuenta Ahorro
TXN-00006248,CTA-212080,CLI-27423,2026-06-03 14:32:00,3430506.22,CRC,deposito,web,AL-001,Préstamo Hipotecario
TXN-00006249,CTA-117785,CLI-50425,2026-06-06 03:46:00,3932969.44,CRC,retiro,sucursal,LI-002,Cuenta Ahorro
TXN-00006250,CTA-678191,CLI-22044,2026-06-23 11:30:00,2629888.19,CRC,deposito,sinpe,LI-001,Tarjeta Crédito
TXN-00006251,CTA-329266,CLI-13185,2026-06-28 19:24:00,121855.44,CRC,transferencia,app_movil,AL-001,Préstamo Personal
TXN-00006252,CTA-275599,CLI-61936,2026-06-16 15:48:00,4327597.77,CRC,deposito,sinpe,AL-001,Préstamo Hipotecario
TXN-00006253,CTA-336188,CLI-22696,2026-06-05 16:25:00,2874399.7,CRC,deposito,app_movil,SJ-001,Cuenta Corriente
TXN-00006254,CTA-167565,CLI-39557,2026-06-21 22:05:00,3788929.86,CRC,pago,sucursal,AL-001,Cuenta Ahorro
TXN-00006255,CTA-794686,CLI-68822,2026-06-09 20:57:00,376732.8,CRC,deposito,sucursal,SJ-001,Cuenta Corriente
TXN-00006256,CTA-426878,CLI-10640,2026-06-26 17:52:00,4162770.04,CRC,deposito,atm,SJ-002,Préstamo Personal
TXN-00006257,CTA-838739,CLI-40961,2026-06-29 00:58:00,412743.89,CRC,pago,app_movil,PU-001,Préstamo Personal
TXN-00006258,CTA-264332,CLI-14761,2026-06-23 13:02:00,4472521.54,CRC,transferencia,atm,AL-001,Cuenta Corriente
TXN-00006259,CTA-983411,CLI-36830,2026-06-27 00:07:00,2170090.93,CRC,transferencia,sucursal,SJ-001,Cuenta Ahorro
TXN-00006260,CTA-521789,CLI-34575,2026-06-10 09:53:00,137084.79,CRC,pago,sucursal,LI-001,Tarjeta Crédito
TXN-00006261,CTA-974027,CLI-85522,2026-06-04 02:31:00,1562233.64,CRC,transferencia,web,SJ-001,Cuenta Corriente
TXN-00006262,CTA-480828,CLI-97233,2026-06-23 02:07:00,178442.14,CRC,deposito,atm,CA-001,Cuenta Corriente
TXN-00006263,CTA-130742,CLI-87552,2026-06-10 10:02:00,3287974.83,CRC,pago,web,CA-001,Cuenta Ahorro
TXN-00006264,CTA-100126,CLI-72620,2026-06-03 12:11:00,1467788.79,CRC,transferencia,app_movil,AL-001,Cuenta Ahorro
TXN-00006265,CTA-350462,CLI-40998,2026-06-16 09:09:00,2074951.05,CRC,comision,app_movil,PU-001,Cuenta Ahorro
TXN-00006266,CTA-642615,CLI-57435,2026-06-18 11:18:00,3305016.22,CRC,pago,atm,CA-001,Cuenta Ahorro
TXN-00006267,CTA-628870,CLI-12547,2026-06-11 01:42:00,2940631.57,CRC,deposito,app_movil,SJ-002,Préstamo Hipotecario
TXN-00006268,CTA-814777,CLI-59439,2026-06-14 13:58:00,1959849.67,CRC,pago,atm,SJ-002,Cuenta Corriente
TXN-00006269,CTA-352883,CLI-94985,2026-06-05 05:03:00,2153192.58,CRC,deposito,atm,HE-001,Préstamo Personal
TXN-00006270,CTA-919540,CLI-12331,2026-06-17 12:11:00,4825476.48,CRC,retiro,sinpe,SJ-001,Tarjeta Crédito
TXN-00006271,CTA-478278,CLI-76960,2026-06-29 19:32:00,4336370.5,CRC,transferencia,web,LI-001,Tarjeta Crédito
TXN-00006272,CTA-626389,CLI-23834,2026-06-30 06:08:00,294213.11,CRC,comision,app_movil,AL-001,Cuenta Ahorro
TXN-00006273,CTA-493532,CLI-55620,2026-06-10 17:19:00,11950.95,CRC,deposito,sinpe,AL-001,Préstamo Hipotecario
TXN-00006274,CTA-116591,CLI-87835,2026-06-25 22:04:00,2030432.7,CRC,deposito,web,SJ-001,Tarjeta Crédito
TXN-00006275,CTA-225812,CLI-85808,2026-06-02 11:19:00,4845209.55,CRC,retiro,web,LI-002,Préstamo Personal
TXN-00006276,CTA-394192,CLI-62591,2026-06-22 12:49:00,4012264.98,CRC,deposito,web,LI-001,Cuenta Ahorro
TXN-00006277,CTA-868992,CLI-89180,2026-06-07 14:46:00,4958028.67,CRC,pago,atm,HE-001,Préstamo Personal
TXN-00006278,CTA-272666,CLI-11331,2026-06-25 11:33:00,3923135.08,CRC,retiro,app_movil,LI-002,Tarjeta Crédito
TXN-00006279,CTA-131327,CLI-39801,2026-06-26 06:58:00,402583.52,CRC,pago,atm,LI-002,Cuenta Ahorro
TXN-00006280,CTA-409701,CLI-21585,2026-06-13 22:32:00,1883596.93,CRC,transferencia,atm,LI-002,Cuenta Ahorro
TXN-00006281,CTA-710316,CLI-67388,2026-06-22 08:17:00,3431453.84,CRC,transferencia,atm,SJ-002,Cuenta Ahorro
TXN-00006282,CTA-486088,CLI-56547,2026-06-03 22:22:00,1817276.44,CRC,deposito,sinpe,HE-001,Cuenta Corriente
TXN-00006283,CTA-119361,CLI-65906,2026-06-03 06:19:00,3141019.04,CRC,comision,atm,AL-001,Tarjeta Crédito
TXN-00006284,CTA-545356,CLI-43328,2026-06-22 09:52:00,4869436.49,CRC,retiro,web,CA-001,Cuenta Ahorro
TXN-00006285,CTA-759751,CLI-22168,2026-06-28 00:15:00,1016439.32,CRC,deposito,sinpe,HE-001,Cuenta Corriente
TXN-00006286,CTA-159440,CLI-94538,2026-06-26 17:40:00,1306093.25,CRC,comision,app_movil,AL-001,Tarjeta Crédito
TXN-00006287,CTA-258197,CLI-35966,2026-06-20 14:20:00,2210323.03,CRC,pago,app_movil,HE-001,Préstamo Personal
TXN-00006288,CTA-922452,CLI-66084,2026-06-14 10:52:00,2460429.56,CRC,deposito,sucursal,SJ-002,Cuenta Ahorro
TXN-00006289,CTA-311973,CLI-96604,2026-06-17 12:29:00,1678794.98,CRC,deposito,sucursal,AL-001,Tarjeta Crédito
TXN-00006290,CTA-295779,CLI-81563,2026-06-05 05:54:00,2106886.49,CRC,deposito,sinpe,LI-002,Tarjeta Crédito
TXN-00006291,CTA-378819,CLI-98993,2026-06-14 14:46:00,2459440.48,CRC,deposito,app_movil,SJ-002,Préstamo Personal
TXN-00006292,CTA-468045,CLI-82006,2026-06-12 06:08:00,3070682.25,CRC,transferencia,sinpe,LI-002,Cuenta Ahorro
TXN-00006293,CTA-743369,CLI-36760,2026-06-26 04:47:00,2228611.15,CRC,retiro,sinpe,SJ-002,Préstamo Personal
TXN-00006294,CTA-900322,CLI-81195,2026-06-29 03:29:00,132474.76,CRC,retiro,sinpe,SJ-002,Préstamo Personal
TXN-00006295,CTA-214387,CLI-27906,2026-06-30 15:51:00,2170900.84,CRC,deposito,web,LI-001,Tarjeta Crédito
TXN-00006296,CTA-977362,CLI-72850,2026-06-18 14:07:00,3604542.34,CRC,pago,atm,HE-001,Préstamo Personal
TXN-00006297,CTA-446967,CLI-16257,2026-06-26 06:12:00,1912690.12,CRC,comision,atm,LI-001,Tarjeta Crédito
TXN-00006298,CTA-420552,CLI-42481,2026-06-03 15:19:00,3244207.24,CRC,comision,sinpe,SJ-002,Préstamo Hipotecario
TXN-00006299,CTA-116372,CLI-86037,2026-06-08 01:33:00,2343066.93,CRC,comision,sucursal,LI-001,Préstamo Hipotecario
TXN-00006300,CTA-646273,CLI-55134,2026-06-20 15:46:00,42415.46,CRC,transferencia,app_movil,SJ-002,Tarjeta Crédito
TXN-00006301,CTA-449766,CLI-28475,2026-06-11 20:24:00,1612348.77,CRC,deposito,sucursal,AL-001,Cuenta Ahorro
TXN-00006302,CTA-691836,CLI-25443,2026-06-25 15:28:00,1687400.37,CRC,comision,app_movil,PU-001,Préstamo Hipotecario
TXN-00006303,CTA-294695,CLI-79479,2026-06-25 01:54:00,3894982.34,CRC,retiro,sinpe,SJ-001,Cuenta Corriente
TXN-00006304,CTA-554100,CLI-74092,2026-06-16 10:07:00,76549.34,CRC,retiro,app_movil,CA-001,Préstamo Hipotecario
TXN-00006305,CTA-652907,CLI-47946,2026-06-11 05:44:00,1135758.11,CRC,deposito,app_movil,SJ-001,Préstamo Personal
TXN-00006306,CTA-521368,CLI-87656,2026-06-30 00:09:00,2320127.72,CRC,retiro,app_movil,LI-002,Préstamo Hipotecario
TXN-00006307,CTA-444333,CLI-11664,2026-06-30 10:21:00,3672538.74,CRC,pago,app_movil,SJ-002,Préstamo Hipotecario
TXN-00006308,CTA-608597,CLI-48435,2026-06-21 20:28:00,3009782.08,CRC,transferencia,atm,SJ-001,Tarjeta Crédito
TXN-00006309,CTA-222009,CLI-50554,2026-06-02 02:45:00,2955897.2,CRC,retiro,sinpe,PU-001,Préstamo Personal
TXN-00006310,CTA-774775,CLI-50001,2026-06-20 18:01:00,1037092.75,CRC,retiro,app_movil,LI-002,Tarjeta Crédito
TXN-00006311,CTA-737831,CLI-51217,2026-06-17 23:02:00,2477199.67,CRC,comision,web,PU-001,Préstamo Hipotecario
TXN-00006312,CTA-528801,CLI-39698,2026-06-08 10:35:00,901102.05,CRC,retiro,web,PU-001,Cuenta Ahorro
TXN-00006313,CTA-612782,CLI-15621,2026-06-08 14:50:00,4738902.83,CRC,retiro,sinpe,HE-001,Cuenta Corriente
TXN-00006314,CTA-525197,CLI-52093,2026-06-26 23:39:00,1632997.49,CRC,deposito,atm,SJ-001,Cuenta Corriente
TXN-00006315,CTA-570109,CLI-62058,2026-06-11 15:07:00,956775.18,CRC,comision,sucursal,HE-001,Cuenta Ahorro
TXN-00006316,CTA-828938,CLI-81736,2026-06-27 06:33:00,1923866.61,CRC,deposito,web,LI-002,Cuenta Corriente
TXN-00006317,CTA-593660,CLI-10974,2026-06-17 02:54:00,2915482.69,CRC,retiro,atm,SJ-002,Cuenta Ahorro
TXN-00006318,CTA-562879,CLI-42814,2026-06-11 19:40:00,3747014.12,CRC,retiro,web,PU-001,Cuenta Ahorro
TXN-00006319,CTA-178900,CLI-78882,2026-06-25 07:23:00,337845.35,CRC,transferencia,sucursal,SJ-001,Tarjeta Crédito
TXN-00006320,CTA-806703,CLI-73117,2026-06-04 09:59:00,1722946.65,CRC,deposito,web,CA-001,Préstamo Hipotecario
TXN-00006321,CTA-213930,CLI-47611,2026-06-07 12:04:00,622551.67,CRC,pago,web,PU-001,Cuenta Ahorro
TXN-00006322,CTA-583669,CLI-80605,2026-06-02 03:29:00,1025658.61,CRC,pago,sucursal,LI-002,Tarjeta Crédito
TXN-00006323,CTA-439343,CLI-55742,2026-06-15 04:49:00,1403571.92,CRC,pago,atm,SJ-002,Préstamo Personal
TXN-00006324,CTA-916253,CLI-61960,2026-06-09 19:53:00,3259884.05,CRC,comision,sinpe,SJ-002,Tarjeta Crédito
TXN-00006325,CTA-342634,CLI-72051,2026-06-27 23:07:00,2023220.29,CRC,deposito,app_movil,AL-001,Préstamo Hipotecario
TXN-00006326,CTA-303784,CLI-15943,2026-06-30 10:49:00,1118741.67,CRC,deposito,atm,HE-001,Préstamo Hipotecario
TXN-00006327,CTA-209103,CLI-63031,2026-06-17 15:40:00,2536005.3,CRC,transferencia,web,LI-002,Cuenta Corriente
TXN-00006328,CTA-930685,CLI-44681,2026-06-24 14:58:00,4450296.7,CRC,deposito,sinpe,SJ-001,Préstamo Hipotecario
TXN-00006329,CTA-521681,CLI-34193,2026-06-02 17:13:00,1407227.1,CRC,comision,sinpe,AL-001,Cuenta Ahorro
TXN-00006330,CTA-375044,CLI-59484,2026-06-20 16:06:00,2336974.78,CRC,deposito,sinpe,SJ-002,Préstamo Personal
TXN-00006331,CTA-181990,CLI-44328,2026-06-10 21:36:00,4172659.29,CRC,comision,sucursal,PU-001,Cuenta Corriente
TXN-00006332,CTA-240190,CLI-29884,2026-06-24 11:54:00,950736.07,CRC,comision,sucursal,SJ-002,Préstamo Hipotecario
TXN-00006333,CTA-781504,CLI-40042,2026-06-01 07:33:00,1697475.01,CRC,deposito,sinpe,HE-001,Cuenta Ahorro
TXN-00006334,CTA-521360,CLI-47516,2026-06-13 14:45:00,3273005.81,CRC,pago,web,SJ-002,Tarjeta Crédito
TXN-00006335,CTA-307186,CLI-83513,2026-06-27 10:12:00,3627048.06,CRC,pago,sinpe,AL-001,Cuenta Corriente
TXN-00006336,CTA-598140,CLI-95062,2026-06-10 06:14:00,4629280.73,CRC,retiro,sucursal,CA-001,Préstamo Personal
TXN-00006337,CTA-481449,CLI-55266,2026-06-26 09:55:00,2791770.54,CRC,retiro,sinpe,SJ-002,Cuenta Ahorro
TXN-00006338,CTA-283402,CLI-21583,2026-06-17 14:43:00,171857.33,CRC,retiro,web,CA-001,Préstamo Personal
TXN-00006339,CTA-350108,CLI-42027,2026-06-03 21:18:00,257714.04,CRC,comision,atm,PU-001,Cuenta Corriente
TXN-00006340,CTA-262047,CLI-76964,2026-06-22 13:15:00,2018918.57,CRC,pago,atm,LI-002,Préstamo Hipotecario
TXN-00006341,CTA-824484,CLI-99877,2026-06-01 15:41:00,800161.05,CRC,transferencia,sinpe,LI-002,Préstamo Hipotecario
TXN-00006342,CTA-131753,CLI-42529,2026-06-04 05:30:00,1693178.1,CRC,comision,app_movil,SJ-001,Préstamo Personal
TXN-00006343,CTA-635537,CLI-97713,2026-06-22 21:07:00,868996.46,CRC,retiro,web,SJ-002,Préstamo Hipotecario
TXN-00006344,CTA-666280,CLI-53114,2026-06-29 20:10:00,3009084.89,CRC,comision,sucursal,CA-001,Cuenta Corriente
TXN-00006345,CTA-931295,CLI-34095,2026-06-26 07:28:00,4827743.58,CRC,pago,sinpe,AL-001,Cuenta Corriente
TXN-00006346,CTA-362068,CLI-87799,2026-06-13 11:09:00,2861292.13,CRC,transferencia,sucursal,PU-001,Préstamo Personal
TXN-00006347,CTA-913991,CLI-32850,2026-06-27 20:30:00,1215617.07,CRC,deposito,web,AL-001,Cuenta Ahorro
TXN-00006348,CTA-534450,CLI-22993,2026-06-29 18:40:00,4071283.69,CRC,deposito,atm,HE-001,Préstamo Personal
TXN-00006349,CTA-957313,CLI-60961,2026-06-08 05:59:00,4967000.68,CRC,pago,sinpe,CA-001,Cuenta Corriente
TXN-00006350,CTA-139224,CLI-21095,2026-06-03 22:28:00,1929194.22,CRC,transferencia,app_movil,HE-001,Cuenta Ahorro
TXN-00006351,CTA-558776,CLI-23787,2026-06-26 13:09:00,1277361.03,CRC,retiro,app_movil,SJ-001,Préstamo Hipotecario
TXN-00006352,CTA-675142,CLI-68515,2026-06-10 04:08:00,641673.82,CRC,transferencia,sinpe,PU-001,Tarjeta Crédito
TXN-00006353,CTA-570468,CLI-81373,2026-06-19 07:50:00,1071120.02,CRC,comision,web,AL-001,Cuenta Corriente
TXN-00006354,CTA-236245,CLI-69257,2026-06-22 19:54:00,4015118.61,CRC,pago,web,CA-001,Cuenta Corriente
TXN-00006355,CTA-781742,CLI-99991,2026-06-19 22:23:00,3056492.1,CRC,transferencia,app_movil,CA-001,Cuenta Ahorro
TXN-00006356,CTA-910134,CLI-72195,2026-06-19 13:15:00,2133791.12,CRC,transferencia,app_movil,SJ-001,Préstamo Personal
TXN-00006357,CTA-535377,CLI-63040,2026-06-28 00:26:00,3222435.99,CRC,retiro,sucursal,HE-001,Préstamo Personal
TXN-00006358,CTA-631839,CLI-45698,2026-06-17 21:48:00,3905500.22,CRC,transferencia,sucursal,PU-001,Tarjeta Crédito
TXN-00006359,CTA-620059,CLI-78757,2026-06-22 22:18:00,2408817.74,CRC,transferencia,sinpe,LI-002,Cuenta Ahorro
TXN-00006360,CTA-629637,CLI-40633,2026-06-28 17:36:00,4822728.64,CRC,pago,app_movil,HE-001,Préstamo Hipotecario
TXN-00006361,CTA-427213,CLI-80952,2026-06-24 08:23:00,2199618.4,CRC,comision,sucursal,CA-001,Cuenta Ahorro
TXN-00006362,CTA-236867,CLI-45215,2026-06-29 04:37:00,188620.4,CRC,transferencia,atm,PU-001,Cuenta Corriente
TXN-00006363,CTA-508879,CLI-75081,2026-06-09 07:14:00,4163188.65,CRC,deposito,sucursal,LI-001,Cuenta Corriente
TXN-00006364,CTA-927832,CLI-87032,2026-06-22 19:37:00,3089626.34,CRC,comision,sinpe,AL-001,Cuenta Corriente
TXN-00006365,CTA-345521,CLI-67430,2026-06-19 02:40:00,3616698.76,CRC,pago,sucursal,SJ-002,Cuenta Ahorro
TXN-00006366,CTA-974549,CLI-76575,2026-06-27 19:27:00,13767.3,CRC,deposito,atm,HE-001,Cuenta Ahorro
TXN-00006367,CTA-264379,CLI-67284,2026-06-23 08:08:00,451045.28,CRC,comision,sinpe,HE-001,Cuenta Corriente
TXN-00006368,CTA-225958,CLI-11989,2026-06-24 07:47:00,1594801.94,CRC,comision,web,PU-001,Cuenta Corriente
TXN-00006369,CTA-103230,CLI-75015,2026-06-28 23:26:00,4589790.39,CRC,comision,sucursal,LI-002,Préstamo Hipotecario
TXN-00006370,CTA-752719,CLI-49844,2026-06-10 09:41:00,1175319.92,CRC,deposito,sucursal,SJ-002,Préstamo Personal
TXN-00006371,CTA-144885,CLI-18645,2026-06-17 17:01:00,908872.55,CRC,pago,atm,HE-001,Préstamo Personal
TXN-00006372,CTA-415915,CLI-78344,2026-06-17 14:04:00,1597396.53,CRC,pago,sucursal,LI-001,Cuenta Ahorro
TXN-00006373,CTA-818784,CLI-97334,2026-06-26 06:28:00,4862744.92,CRC,pago,app_movil,SJ-002,Tarjeta Crédito
TXN-00006374,CTA-453772,CLI-51228,2026-06-18 22:40:00,4357371.39,CRC,pago,sucursal,SJ-001,Préstamo Hipotecario
TXN-00006375,CTA-700041,CLI-63048,2026-06-29 11:16:00,579873.11,CRC,deposito,app_movil,HE-001,Préstamo Personal
TXN-00006376,CTA-943143,CLI-98348,2026-06-18 06:32:00,2040693.19,CRC,deposito,atm,SJ-002,Cuenta Ahorro
TXN-00006377,CTA-121859,CLI-31564,2026-06-04 14:36:00,1892953.39,CRC,transferencia,atm,LI-002,Tarjeta Crédito
TXN-00006378,CTA-195842,CLI-76881,2026-06-18 03:21:00,3512199.44,CRC,deposito,atm,LI-002,Cuenta Ahorro
TXN-00006379,CTA-573484,CLI-53010,2026-06-11 11:22:00,4334177.52,CRC,pago,atm,PU-001,Tarjeta Crédito
TXN-00006380,CTA-503183,CLI-82953,2026-06-12 23:06:00,3926764.02,CRC,retiro,atm,PU-001,Cuenta Ahorro
TXN-00006381,CTA-346905,CLI-78798,2026-06-20 00:28:00,1864236.58,CRC,comision,sucursal,SJ-001,Tarjeta Crédito
TXN-00006382,CTA-495487,CLI-16577,2026-06-28 16:05:00,2942339.5,CRC,comision,app_movil,PU-001,Préstamo Hipotecario
TXN-00006383,CTA-137955,CLI-47807,2026-06-22 05:16:00,2588124.31,CRC,deposito,atm,LI-001,Cuenta Corriente
TXN-00006384,CTA-420661,CLI-79001,2026-06-09 18:46:00,4905661.26,CRC,pago,atm,PU-001,Tarjeta Crédito
TXN-00006385,CTA-509303,CLI-25851,2026-06-05 19:00:00,4010178.07,CRC,comision,sucursal,AL-001,Préstamo Personal
TXN-00006386,CTA-265848,CLI-95846,2026-06-28 20:58:00,4329854.54,CRC,comision,sucursal,SJ-001,Cuenta Corriente
TXN-00006387,CTA-173563,CLI-99981,2026-06-28 08:04:00,1472236.87,CRC,retiro,app_movil,HE-001,Cuenta Ahorro
TXN-00006388,CTA-560876,CLI-89515,2026-06-13 12:01:00,1652464.06,CRC,comision,sinpe,LI-001,Cuenta Corriente
TXN-00006389,CTA-520557,CLI-60772,2026-06-02 20:41:00,928508.65,CRC,comision,web,LI-002,Cuenta Ahorro
TXN-00006390,CTA-319928,CLI-64931,2026-06-12 08:33:00,1908568.59,CRC,transferencia,web,SJ-001,Préstamo Hipotecario
TXN-00006391,CTA-778796,CLI-99261,2026-06-10 00:21:00,3489258.86,CRC,transferencia,app_movil,LI-002,Cuenta Corriente
TXN-00006392,CTA-609274,CLI-69694,2026-06-13 23:05:00,1181480.36,CRC,pago,web,SJ-002,Préstamo Personal
TXN-00006393,CTA-788314,CLI-94378,2026-06-28 14:08:00,4022907.81,CRC,retiro,sucursal,LI-001,Cuenta Ahorro
TXN-00006394,CTA-590643,CLI-20428,2026-06-13 08:20:00,2397720.59,CRC,comision,web,PU-001,Préstamo Personal
TXN-00006395,CTA-710922,CLI-25501,2026-06-15 06:32:00,3897540.25,CRC,retiro,app_movil,LI-001,Préstamo Hipotecario
TXN-00006396,CTA-125073,CLI-31395,2026-06-14 21:56:00,1320596.57,CRC,comision,sinpe,LI-001,Tarjeta Crédito
TXN-00006397,CTA-872554,CLI-79248,2026-06-14 13:38:00,2799528.87,CRC,retiro,web,CA-001,Préstamo Hipotecario
TXN-00006398,CTA-226963,CLI-40873,2026-06-21 08:06:00,2857547.92,CRC,pago,web,PU-001,Préstamo Personal
TXN-00006399,CTA-733691,CLI-86431,2026-06-13 06:24:00,4206053.72,CRC,pago,sinpe,PU-001,Cuenta Corriente
TXN-00006400,CTA-343212,CLI-84035,2026-06-24 15:16:00,2591567.31,CRC,deposito,atm,LI-002,Cuenta Corriente
TXN-00006401,CTA-140024,CLI-91687,2026-06-25 12:59:00,1618436.98,CRC,transferencia,sinpe,CA-001,Cuenta Corriente
TXN-00006402,CTA-392382,CLI-34413,2026-06-13 19:25:00,1302799.79,CRC,pago,app_movil,HE-001,Préstamo Personal
TXN-00006403,CTA-460279,CLI-29734,2026-06-07 06:24:00,1501484.61,CRC,pago,sinpe,LI-001,Préstamo Personal
TXN-00006404,CTA-364812,CLI-70301,2026-06-03 21:37:00,3008245.66,CRC,retiro,sinpe,SJ-001,Préstamo Personal
TXN-00006405,CTA-194756,CLI-90431,2026-06-13 14:50:00,2282413.14,CRC,retiro,sinpe,SJ-001,Cuenta Corriente
TXN-00006406,CTA-350854,CLI-68829,2026-06-12 11:51:00,3989436.72,CRC,comision,sucursal,PU-001,Préstamo Hipotecario
TXN-00006407,CTA-648609,CLI-88424,2026-06-02 09:50:00,1571416.49,CRC,comision,app_movil,CA-001,Cuenta Corriente
TXN-00006408,CTA-603640,CLI-70168,2026-06-26 11:28:00,2675168.3,CRC,deposito,web,LI-001,Tarjeta Crédito
TXN-00006409,CTA-785819,CLI-98125,2026-06-02 08:06:00,957756.21,CRC,comision,sucursal,SJ-002,Préstamo Hipotecario
TXN-00006410,CTA-512813,CLI-69224,2026-06-29 13:51:00,4925656.45,CRC,comision,web,AL-001,Tarjeta Crédito
TXN-00006411,CTA-602479,CLI-73227,2026-06-18 22:48:00,460860.5,CRC,deposito,sinpe,CA-001,Préstamo Personal
TXN-00006412,CTA-560997,CLI-79143,2026-06-09 06:01:00,2032523.21,CRC,pago,app_movil,PU-001,Préstamo Personal
TXN-00006413,CTA-511386,CLI-37214,2026-06-11 13:52:00,3828253.47,CRC,comision,app_movil,CA-001,Cuenta Ahorro
TXN-00006414,CTA-938202,CLI-63749,2026-06-01 11:18:00,712925.43,CRC,retiro,atm,CA-001,Préstamo Hipotecario
TXN-00006415,CTA-739675,CLI-43143,2026-06-24 11:17:00,1516491.83,CRC,pago,web,PU-001,Tarjeta Crédito
TXN-00006416,CTA-915511,CLI-50999,2026-06-13 14:20:00,2263089.26,CRC,retiro,web,LI-002,Tarjeta Crédito
TXN-00006417,CTA-690501,CLI-95175,2026-06-13 05:50:00,4085811.83,CRC,transferencia,atm,CA-001,Cuenta Corriente
TXN-00006418,CTA-498763,CLI-32332,2026-06-07 00:07:00,3264126.58,CRC,deposito,sinpe,SJ-002,Cuenta Corriente
TXN-00006419,CTA-745653,CLI-42706,2026-06-04 11:17:00,4320320.24,CRC,transferencia,sinpe,AL-001,Cuenta Ahorro
TXN-00006420,CTA-928224,CLI-98356,2026-06-25 05:46:00,4585698.13,CRC,comision,sucursal,SJ-001,Cuenta Corriente
TXN-00006421,CTA-436955,CLI-13392,2026-06-17 04:08:00,4292602.43,CRC,transferencia,atm,CA-001,Préstamo Personal
TXN-00006422,CTA-727749,CLI-15168,2026-06-24 21:02:00,3095337.86,CRC,deposito,app_movil,PU-001,Préstamo Hipotecario
TXN-00006423,CTA-923797,CLI-51436,2026-06-08 17:02:00,941530.44,CRC,retiro,atm,CA-001,Cuenta Corriente
TXN-00006424,CTA-768220,CLI-69791,2026-06-13 09:30:00,4639332.3,CRC,transferencia,sinpe,SJ-002,Tarjeta Crédito
TXN-00006425,CTA-537510,CLI-22215,2026-06-07 14:48:00,2116351.21,CRC,retiro,web,LI-002,Préstamo Personal
TXN-00006426,CTA-337188,CLI-41329,2026-06-26 23:16:00,4021834.5,CRC,transferencia,web,CA-001,Préstamo Hipotecario
TXN-00006427,CTA-678196,CLI-45094,2026-06-15 03:22:00,100596.35,CRC,transferencia,atm,AL-001,Préstamo Personal
TXN-00006428,CTA-966422,CLI-97619,2026-06-18 22:04:00,420786.88,CRC,retiro,sinpe,PU-001,Tarjeta Crédito
TXN-00006429,CTA-114564,CLI-38023,2026-06-03 09:56:00,1407428.36,CRC,deposito,sinpe,PU-001,Tarjeta Crédito
TXN-00006430,CTA-800832,CLI-33671,2026-06-03 20:48:00,4438835.33,CRC,pago,atm,LI-002,Cuenta Ahorro
TXN-00006431,CTA-548818,CLI-58425,2026-06-10 15:30:00,3173053.83,CRC,transferencia,atm,HE-001,Préstamo Personal
TXN-00006432,CTA-939079,CLI-18068,2026-06-03 21:24:00,4091216.46,CRC,retiro,sinpe,AL-001,Tarjeta Crédito
TXN-00006433,CTA-556752,CLI-44119,2026-06-19 17:18:00,3377412.19,CRC,transferencia,app_movil,LI-002,Cuenta Corriente
TXN-00006434,CTA-634915,CLI-88854,2026-06-28 09:32:00,3527098.6,CRC,deposito,atm,AL-001,Cuenta Ahorro
TXN-00006435,CTA-954909,CLI-93967,2026-06-16 04:45:00,1698912.72,CRC,transferencia,sucursal,CA-001,Tarjeta Crédito
TXN-00006436,CTA-658837,CLI-97602,2026-06-29 15:40:00,627734.14,CRC,pago,app_movil,PU-001,Préstamo Personal
TXN-00006437,CTA-360109,CLI-76425,2026-06-24 06:20:00,4178606.7,CRC,transferencia,web,SJ-002,Tarjeta Crédito
TXN-00006438,CTA-369814,CLI-15684,2026-06-04 07:43:00,3695122.14,CRC,pago,atm,CA-001,Préstamo Hipotecario
TXN-00006439,CTA-832747,CLI-80212,2026-06-05 00:20:00,93262.44,CRC,retiro,atm,LI-001,Cuenta Corriente
TXN-00006440,CTA-537956,CLI-56048,2026-06-16 17:40:00,3844443.27,CRC,deposito,sucursal,LI-001,Cuenta Corriente
TXN-00006441,CTA-775997,CLI-66460,2026-06-19 06:33:00,3309699.42,CRC,deposito,app_movil,SJ-001,Préstamo Hipotecario
TXN-00006442,CTA-560984,CLI-30386,2026-06-16 20:57:00,1093405.64,CRC,transferencia,sucursal,LI-002,Cuenta Corriente
TXN-00006443,CTA-386126,CLI-59621,2026-06-11 13:26:00,1578654.36,CRC,transferencia,sucursal,SJ-002,Préstamo Hipotecario
TXN-00006444,CTA-895292,CLI-26739,2026-06-12 09:21:00,4460296.07,CRC,comision,app_movil,HE-001,Tarjeta Crédito
TXN-00006445,CTA-272919,CLI-37617,2026-06-12 13:37:00,306845.82,CRC,deposito,sinpe,SJ-001,Tarjeta Crédito
TXN-00006446,CTA-354737,CLI-11978,2026-06-03 04:14:00,2801444.28,CRC,transferencia,sucursal,LI-002,Préstamo Hipotecario
TXN-00006447,CTA-384758,CLI-93102,2026-06-02 05:27:00,1200231.67,CRC,retiro,sucursal,SJ-001,Préstamo Hipotecario
TXN-00006448,CTA-446895,CLI-99306,2026-06-08 05:44:00,711798.43,CRC,transferencia,atm,PU-001,Tarjeta Crédito
TXN-00006449,CTA-416180,CLI-89560,2026-06-18 09:52:00,4440676.57,CRC,pago,atm,AL-001,Préstamo Personal
TXN-00006450,CTA-330309,CLI-40072,2026-06-16 16:56:00,2732280.3,CRC,comision,sucursal,LI-002,Préstamo Hipotecario
TXN-00006451,CTA-130916,CLI-85805,2026-06-27 10:00:00,1038396.66,CRC,transferencia,app_movil,HE-001,Préstamo Hipotecario
TXN-00006452,CTA-673513,CLI-67657,2026-06-23 23:08:00,3809534.61,CRC,comision,sucursal,LI-001,Préstamo Hipotecario
TXN-00006453,CTA-861310,CLI-76812,2026-06-01 16:31:00,2412002.2,CRC,retiro,sinpe,LI-001,Préstamo Personal
TXN-00006454,CTA-995420,CLI-19330,2026-06-24 14:15:00,61573.46,CRC,comision,sinpe,CA-001,Préstamo Hipotecario
TXN-00006455,CTA-717100,CLI-99183,2026-06-20 16:02:00,3156181.78,CRC,comision,atm,LI-001,Préstamo Personal
TXN-00006456,CTA-890295,CLI-48316,2026-06-29 21:37:00,4163057.9,CRC,transferencia,web,SJ-001,Cuenta Ahorro
TXN-00006457,CTA-103716,CLI-37420,2026-06-15 12:51:00,3202010.7,CRC,retiro,web,PU-001,Cuenta Corriente
TXN-00006458,CTA-573955,CLI-53019,2026-06-25 07:35:00,1784048.21,CRC,deposito,sinpe,LI-002,Préstamo Hipotecario
TXN-00006459,CTA-457985,CLI-96902,2026-06-02 10:48:00,173747.07,CRC,retiro,app_movil,AL-001,Tarjeta Crédito
TXN-00006460,CTA-401496,CLI-37283,2026-06-19 05:19:00,4433457.88,CRC,comision,app_movil,SJ-001,Préstamo Personal
TXN-00006461,CTA-618972,CLI-34922,2026-06-12 19:39:00,2400572.46,CRC,comision,sucursal,HE-001,Cuenta Corriente
TXN-00006462,CTA-367806,CLI-45247,2026-06-07 18:47:00,3145973.96,CRC,deposito,web,HE-001,Cuenta Ahorro
TXN-00006463,CTA-184626,CLI-80964,2026-06-29 22:04:00,2871212.13,CRC,comision,app_movil,SJ-002,Cuenta Corriente
TXN-00006464,CTA-305372,CLI-62109,2026-06-04 01:48:00,290564.76,CRC,pago,sucursal,AL-001,Préstamo Hipotecario
TXN-00006465,CTA-748423,CLI-92601,2026-06-30 12:50:00,3675137.04,CRC,transferencia,sucursal,SJ-002,Préstamo Personal
TXN-00006466,CTA-540712,CLI-45990,2026-06-04 18:10:00,2076129.21,CRC,pago,app_movil,PU-001,Cuenta Corriente
TXN-00006467,CTA-564485,CLI-54780,2026-06-23 05:48:00,1733492.23,CRC,pago,atm,CA-001,Cuenta Ahorro
TXN-00006468,CTA-817951,CLI-35267,2026-06-02 03:14:00,532877.87,CRC,deposito,app_movil,CA-001,Cuenta Corriente
TXN-00006469,CTA-650388,CLI-38993,2026-06-18 13:53:00,3178060.25,CRC,retiro,app_movil,SJ-002,Tarjeta Crédito
TXN-00006470,CTA-616205,CLI-48693,2026-06-08 04:56:00,298015.23,CRC,deposito,web,SJ-001,Préstamo Personal
TXN-00006471,CTA-676548,CLI-59517,2026-06-13 04:30:00,4747055.56,CRC,deposito,atm,CA-001,Cuenta Ahorro
TXN-00006472,CTA-614573,CLI-28388,2026-06-26 07:32:00,483016.84,CRC,retiro,sucursal,CA-001,Tarjeta Crédito
TXN-00006473,CTA-597230,CLI-25162,2026-06-18 09:13:00,4927475.14,CRC,deposito,web,HE-001,Cuenta Corriente
TXN-00006474,CTA-775173,CLI-41050,2026-06-18 21:45:00,2150863.06,CRC,pago,web,SJ-001,Préstamo Hipotecario
TXN-00006475,CTA-228187,CLI-81222,2026-06-25 04:41:00,362926.25,CRC,deposito,app_movil,AL-001,Cuenta Corriente
TXN-00006476,CTA-126659,CLI-76031,2026-06-21 21:29:00,4031788.92,CRC,transferencia,web,AL-001,Préstamo Hipotecario
TXN-00006477,CTA-787134,CLI-22455,2026-06-25 06:14:00,3632348.63,CRC,pago,app_movil,SJ-001,Tarjeta Crédito
TXN-00006478,CTA-810941,CLI-66172,2026-06-18 18:45:00,2325288.14,CRC,transferencia,sinpe,HE-001,Tarjeta Crédito
TXN-00006479,CTA-122322,CLI-39527,2026-06-21 16:28:00,2249854.22,CRC,retiro,web,LI-001,Préstamo Personal
TXN-00006480,CTA-732504,CLI-20894,2026-06-15 13:44:00,3841289.49,CRC,deposito,sinpe,HE-001,Préstamo Hipotecario
TXN-00006481,CTA-606548,CLI-79370,2026-06-29 03:58:00,3711680.32,CRC,transferencia,sinpe,CA-001,Préstamo Personal
TXN-00006482,CTA-145071,CLI-80522,2026-06-15 07:30:00,1086844.3,CRC,deposito,atm,AL-001,Tarjeta Crédito
TXN-00006483,CTA-322333,CLI-13251,2026-06-10 17:45:00,1323556.14,CRC,transferencia,sinpe,CA-001,Préstamo Hipotecario
TXN-00006484,CTA-989882,CLI-14230,2026-06-08 22:09:00,3937845.94,CRC,deposito,app_movil,SJ-001,Cuenta Ahorro
TXN-00006485,CTA-374612,CLI-68546,2026-06-18 20:52:00,1748219.94,CRC,transferencia,sucursal,LI-002,Préstamo Hipotecario
TXN-00006486,CTA-193700,CLI-65625,2026-06-20 18:13:00,3949720.95,CRC,retiro,sinpe,HE-001,Cuenta Ahorro
TXN-00006487,CTA-995246,CLI-28489,2026-06-16 13:00:00,521380.96,CRC,retiro,app_movil,SJ-002,Cuenta Ahorro
TXN-00006488,CTA-940441,CLI-32974,2026-06-16 21:09:00,449567.08,CRC,pago,sucursal,AL-001,Cuenta Ahorro
TXN-00006489,CTA-885049,CLI-43847,2026-06-02 07:52:00,3914065.18,CRC,comision,app_movil,SJ-001,Préstamo Hipotecario
TXN-00006490,CTA-182915,CLI-24065,2026-06-24 11:05:00,4402833.56,CRC,retiro,atm,PU-001,Préstamo Hipotecario
TXN-00006491,CTA-342918,CLI-17874,2026-06-01 22:36:00,1523436.2,CRC,pago,atm,HE-001,Préstamo Personal
TXN-00006492,CTA-240025,CLI-68356,2026-06-23 00:20:00,464686.56,CRC,deposito,web,AL-001,Préstamo Hipotecario
TXN-00006493,CTA-199355,CLI-96442,2026-06-05 19:27:00,2823769.2,CRC,pago,web,SJ-001,Préstamo Personal
TXN-00006494,CTA-450041,CLI-29954,2026-06-11 14:28:00,644348.56,CRC,pago,web,LI-001,Cuenta Ahorro
TXN-00006495,CTA-113101,CLI-69244,2026-06-30 17:44:00,573615.13,CRC,deposito,web,LI-002,Préstamo Hipotecario
TXN-00006496,CTA-874033,CLI-50257,2026-06-19 16:16:00,1371188.51,CRC,deposito,atm,PU-001,Préstamo Personal
TXN-00006497,CTA-980708,CLI-50745,2026-06-11 16:55:00,4374458.07,CRC,pago,sinpe,LI-001,Préstamo Hipotecario
TXN-00006498,CTA-405995,CLI-34344,2026-06-16 06:39:00,3179347.07,CRC,transferencia,sucursal,CA-001,Tarjeta Crédito
TXN-00006499,CTA-664520,CLI-86407,2026-06-21 21:45:00,4626992.62,CRC,comision,web,LI-002,Préstamo Personal
TXN-00006500,CTA-756920,CLI-60560,2026-06-11 01:30:00,443097.98,CRC,deposito,sucursal,LI-001,Cuenta Ahorro
TXN-00006501,CTA-875525,CLI-13949,2026-06-30 14:51:00,3283279.2,CRC,deposito,atm,CA-001,Cuenta Corriente
TXN-00006502,CTA-164775,CLI-98982,2026-06-28 23:46:00,3562702.63,CRC,pago,app_movil,LI-001,Tarjeta Crédito
TXN-00006503,CTA-498437,CLI-97481,2026-06-30 07:33:00,3105304.04,CRC,retiro,sucursal,SJ-002,Cuenta Ahorro
TXN-00006504,CTA-615174,CLI-29784,2026-06-03 15:18:00,2438832.81,CRC,transferencia,sinpe,HE-001,Préstamo Personal
TXN-00006505,CTA-773649,CLI-89775,2026-06-04 10:14:00,1807628.61,CRC,transferencia,sucursal,SJ-002,Cuenta Ahorro
TXN-00006506,CTA-231811,CLI-99571,2026-06-23 23:43:00,459038.82,CRC,comision,app_movil,HE-001,Préstamo Personal
TXN-00006507,CTA-829379,CLI-63559,2026-06-09 10:16:00,1605244.01,CRC,pago,app_movil,SJ-002,Cuenta Ahorro
TXN-00006508,CTA-187920,CLI-93742,2026-06-02 05:10:00,1757444.32,CRC,comision,sucursal,SJ-001,Tarjeta Crédito
TXN-00006509,CTA-314782,CLI-63400,2026-06-10 02:29:00,4078558.33,CRC,retiro,atm,HE-001,Préstamo Personal
TXN-00006510,CTA-647672,CLI-75375,2026-06-25 00:06:00,3462225.55,CRC,pago,sinpe,SJ-001,Cuenta Ahorro
TXN-00006511,CTA-835347,CLI-44155,2026-06-13 22:36:00,725721.17,CRC,deposito,web,LI-002,Préstamo Personal
TXN-00006512,CTA-662855,CLI-74326,2026-06-18 15:24:00,472597.11,CRC,transferencia,sucursal,AL-001,Cuenta Corriente
TXN-00006513,CTA-416063,CLI-27102,2026-06-29 02:11:00,1430961.69,CRC,comision,sucursal,PU-001,Cuenta Ahorro
TXN-00006514,CTA-647872,CLI-73310,2026-06-18 18:54:00,3647109.87,CRC,deposito,sinpe,CA-001,Cuenta Ahorro
TXN-00006515,CTA-804661,CLI-32123,2026-06-27 13:33:00,522135.59,CRC,comision,sinpe,LI-001,Cuenta Corriente
TXN-00006516,CTA-651774,CLI-30232,2026-06-26 07:49:00,1742898.42,CRC,pago,sucursal,HE-001,Préstamo Personal
TXN-00006517,CTA-296341,CLI-54252,2026-06-22 16:46:00,1117001.51,CRC,comision,app_movil,CA-001,Cuenta Ahorro
TXN-00006518,CTA-521975,CLI-39221,2026-06-26 12:06:00,1967352.17,CRC,transferencia,app_movil,LI-002,Tarjeta Crédito
TXN-00006519,CTA-878342,CLI-43070,2026-06-05 17:54:00,4873673.66,CRC,transferencia,web,LI-002,Préstamo Personal
TXN-00006520,CTA-235326,CLI-49760,2026-06-16 12:32:00,4249054.72,CRC,pago,sinpe,AL-001,Préstamo Personal
TXN-00006521,CTA-220401,CLI-64030,2026-06-24 11:39:00,4700461.86,CRC,comision,sucursal,LI-001,Cuenta Corriente
TXN-00006522,CTA-209379,CLI-42445,2026-06-22 16:38:00,361679.21,CRC,transferencia,sucursal,LI-001,Préstamo Hipotecario
TXN-00006523,CTA-576345,CLI-13822,2026-06-14 12:28:00,1303492.38,CRC,transferencia,app_movil,LI-001,Cuenta Corriente
TXN-00006524,CTA-448678,CLI-79015,2026-06-17 03:09:00,1299821.95,CRC,deposito,web,LI-002,Préstamo Personal
TXN-00006525,CTA-642802,CLI-49074,2026-06-20 02:12:00,2673872.94,CRC,deposito,sucursal,HE-001,Préstamo Hipotecario
TXN-00006526,CTA-556872,CLI-16089,2026-06-12 08:45:00,894823.46,CRC,pago,sinpe,SJ-002,Cuenta Ahorro
TXN-00006527,CTA-666921,CLI-33129,2026-06-09 22:38:00,3033631.6,CRC,retiro,atm,LI-001,Tarjeta Crédito
TXN-00006528,CTA-942503,CLI-80920,2026-06-06 18:29:00,4130719.86,CRC,comision,app_movil,HE-001,Préstamo Personal
TXN-00006529,CTA-946122,CLI-42547,2026-06-01 16:53:00,4399910.15,CRC,transferencia,app_movil,CA-001,Préstamo Personal
TXN-00006530,CTA-211812,CLI-44347,2026-06-20 07:01:00,1557704.72,CRC,deposito,app_movil,LI-001,Préstamo Hipotecario
TXN-00006531,CTA-204665,CLI-48391,2026-06-30 20:17:00,163982.47,CRC,pago,sucursal,SJ-002,Préstamo Hipotecario
TXN-00006532,CTA-968550,CLI-85625,2026-06-30 04:00:00,3147147.99,CRC,comision,sucursal,SJ-002,Tarjeta Crédito
TXN-00006533,CTA-844521,CLI-11074,2026-06-24 15:44:00,1409372.56,CRC,deposito,sucursal,HE-001,Préstamo Personal
TXN-00006534,CTA-563933,CLI-74204,2026-06-22 14:38:00,678178.19,CRC,deposito,atm,SJ-002,Préstamo Personal
TXN-00006535,CTA-974303,CLI-88849,2026-06-30 10:53:00,973982.58,CRC,deposito,sinpe,LI-001,Cuenta Corriente
TXN-00006536,CTA-697606,CLI-43083,2026-06-21 12:29:00,1357783.73,CRC,deposito,sinpe,HE-001,Cuenta Corriente
TXN-00006537,CTA-941077,CLI-80498,2026-06-30 21:38:00,144950.28,CRC,comision,sucursal,CA-001,Cuenta Ahorro
TXN-00006538,CTA-374123,CLI-22699,2026-06-26 18:24:00,4311206.42,CRC,comision,sinpe,SJ-001,Préstamo Personal
TXN-00006539,CTA-828272,CLI-84061,2026-06-15 19:51:00,165649.75,CRC,retiro,web,HE-001,Préstamo Personal
TXN-00006540,CTA-536172,CLI-93880,2026-06-12 11:03:00,634612.81,CRC,transferencia,sinpe,LI-001,Préstamo Personal
TXN-00006541,CTA-349563,CLI-82107,2026-06-06 21:26:00,4644059.97,CRC,pago,atm,SJ-001,Préstamo Personal
TXN-00006542,CTA-114028,CLI-82669,2026-06-09 02:52:00,219696.62,CRC,deposito,atm,PU-001,Préstamo Hipotecario
TXN-00006543,CTA-225959,CLI-78902,2026-06-25 17:55:00,3345967.85,CRC,comision,sinpe,SJ-001,Cuenta Corriente
TXN-00006544,CTA-448315,CLI-35574,2026-06-01 07:33:00,1254.05,CRC,pago,sinpe,CA-001,Cuenta Ahorro
TXN-00006545,CTA-871923,CLI-72791,2026-06-25 20:32:00,4326468.31,CRC,retiro,sucursal,PU-001,Cuenta Corriente
TXN-00006546,CTA-164397,CLI-81092,2026-06-09 16:13:00,2272062.58,CRC,deposito,web,SJ-001,Préstamo Hipotecario
TXN-00006547,CTA-841976,CLI-87374,2026-06-08 17:44:00,1026137.42,CRC,pago,web,AL-001,Préstamo Personal
TXN-00006548,CTA-172450,CLI-55665,2026-06-08 14:46:00,1832023.36,CRC,deposito,sinpe,SJ-002,Préstamo Hipotecario
TXN-00006549,CTA-916419,CLI-98993,2026-06-03 16:59:00,14039.4,CRC,retiro,web,LI-002,Cuenta Ahorro
TXN-00006550,CTA-828272,CLI-87902,2026-06-29 04:49:00,4159271.66,CRC,transferencia,sucursal,AL-001,Préstamo Hipotecario
TXN-00006551,CTA-906261,CLI-41157,2026-06-19 14:37:00,1661330.81,CRC,transferencia,sinpe,CA-001,Cuenta Ahorro
TXN-00006552,CTA-908828,CLI-93465,2026-06-18 18:28:00,2797669.38,CRC,comision,web,CA-001,Tarjeta Crédito
TXN-00006553,CTA-192742,CLI-16948,2026-06-29 00:34:00,1756386.05,CRC,comision,sucursal,LI-001,Cuenta Ahorro
TXN-00006554,CTA-649950,CLI-76080,2026-06-11 21:52:00,1816849.96,CRC,transferencia,web,LI-001,Cuenta Ahorro
TXN-00006555,CTA-786601,CLI-38252,2026-06-24 11:01:00,1313460.37,CRC,comision,sinpe,CA-001,Cuenta Corriente
TXN-00006556,CTA-128043,CLI-55894,2026-06-20 18:46:00,3313397.44,CRC,transferencia,sinpe,SJ-002,Préstamo Personal
TXN-00006557,CTA-767151,CLI-29606,2026-06-17 15:25:00,93735.35,CRC,comision,web,CA-001,Cuenta Corriente
TXN-00006558,CTA-809375,CLI-89917,2026-06-13 08:57:00,4903554.98,CRC,transferencia,app_movil,SJ-001,Préstamo Personal
TXN-00006559,CTA-264444,CLI-95469,2026-06-22 07:11:00,3136459.12,CRC,deposito,sucursal,LI-001,Préstamo Personal
TXN-00006560,CTA-992138,CLI-44505,2026-06-28 02:46:00,1374917.78,CRC,comision,app_movil,SJ-002,Cuenta Corriente
TXN-00006561,CTA-269593,CLI-77282,2026-06-26 14:19:00,2366556.55,CRC,transferencia,atm,SJ-002,Préstamo Hipotecario
TXN-00006562,CTA-369970,CLI-15626,2026-06-14 16:36:00,1352977.99,CRC,deposito,sinpe,LI-002,Cuenta Ahorro
TXN-00006563,CTA-917743,CLI-77732,2026-06-20 03:43:00,2763583.1,CRC,pago,atm,AL-001,Préstamo Hipotecario
TXN-00006564,CTA-122446,CLI-17314,2026-06-02 00:09:00,3284273.68,CRC,comision,app_movil,LI-002,Tarjeta Crédito
TXN-00006565,CTA-621915,CLI-47384,2026-06-21 18:58:00,402587.53,CRC,retiro,atm,SJ-001,Préstamo Personal
TXN-00006566,CTA-746874,CLI-26888,2026-06-15 15:10:00,3288321.47,CRC,transferencia,atm,AL-001,Tarjeta Crédito
TXN-00006567,CTA-836312,CLI-81727,2026-06-29 23:01:00,2501590.73,CRC,transferencia,web,PU-001,Préstamo Hipotecario
TXN-00006568,CTA-828300,CLI-95630,2026-06-01 14:29:00,520603.83,CRC,comision,app_movil,SJ-001,Cuenta Ahorro
TXN-00006569,CTA-386469,CLI-34540,2026-06-10 14:32:00,4286087.48,CRC,transferencia,sinpe,PU-001,Tarjeta Crédito
TXN-00006570,CTA-461710,CLI-25216,2026-06-23 00:06:00,24339.27,CRC,comision,app_movil,SJ-001,Préstamo Personal
TXN-00006571,CTA-423239,CLI-45299,2026-06-30 14:55:00,4520833.13,CRC,pago,app_movil,LI-002,Préstamo Hipotecario
TXN-00006572,CTA-267075,CLI-47652,2026-06-17 08:42:00,3445790.72,CRC,comision,web,LI-002,Préstamo Personal
TXN-00006573,CTA-157000,CLI-99941,2026-06-14 03:29:00,1932307.71,CRC,comision,sucursal,LI-002,Tarjeta Crédito
TXN-00006574,CTA-732520,CLI-13881,2026-06-21 00:01:00,3347146.4,CRC,comision,app_movil,AL-001,Cuenta Corriente
TXN-00006575,CTA-772078,CLI-70319,2026-06-02 16:21:00,1249979.51,CRC,transferencia,app_movil,PU-001,Préstamo Hipotecario
TXN-00006576,CTA-241153,CLI-15971,2026-06-01 15:41:00,4446995.19,CRC,retiro,sucursal,HE-001,Cuenta Ahorro
TXN-00006577,CTA-691052,CLI-72486,2026-06-01 16:49:00,3905146.68,CRC,transferencia,web,LI-001,Cuenta Ahorro
TXN-00006578,CTA-912261,CLI-95521,2026-06-10 18:37:00,4963286.47,CRC,retiro,sinpe,PU-001,Préstamo Personal
TXN-00006579,CTA-477403,CLI-56822,2026-06-18 05:02:00,4787791.37,CRC,transferencia,sucursal,LI-001,Tarjeta Crédito
TXN-00006580,CTA-502835,CLI-80858,2026-06-24 03:52:00,2787686.4,CRC,transferencia,app_movil,PU-001,Préstamo Personal
TXN-00006581,CTA-625298,CLI-72515,2026-06-18 11:59:00,4928821.0,CRC,comision,sucursal,HE-001,Préstamo Personal
TXN-00006582,CTA-147146,CLI-16720,2026-06-15 02:28:00,558722.31,CRC,deposito,sucursal,LI-002,Tarjeta Crédito
TXN-00006583,CTA-377892,CLI-54639,2026-06-17 00:51:00,2026642.04,CRC,retiro,sucursal,HE-001,Tarjeta Crédito
TXN-00006584,CTA-378402,CLI-93287,2026-06-21 05:45:00,682021.61,CRC,comision,atm,LI-001,Tarjeta Crédito
TXN-00006585,CTA-224010,CLI-50811,2026-06-21 17:06:00,1433936.39,CRC,transferencia,app_movil,SJ-001,Tarjeta Crédito
TXN-00006586,CTA-605814,CLI-15291,2026-06-18 13:13:00,3825989.27,CRC,pago,sinpe,CA-001,Tarjeta Crédito
TXN-00006587,CTA-647959,CLI-23690,2026-06-30 12:37:00,4263897.49,CRC,comision,web,SJ-002,Cuenta Corriente
TXN-00006588,CTA-481652,CLI-95846,2026-06-10 00:04:00,4277670.44,CRC,comision,atm,LI-002,Tarjeta Crédito
TXN-00006589,CTA-702791,CLI-78746,2026-06-26 15:52:00,818496.64,CRC,deposito,sucursal,HE-001,Cuenta Ahorro
TXN-00006590,CTA-745921,CLI-97521,2026-06-30 11:26:00,1444765.96,CRC,comision,web,AL-001,Préstamo Personal
TXN-00006591,CTA-213188,CLI-59470,2026-06-04 23:09:00,2599491.86,CRC,pago,web,SJ-002,Tarjeta Crédito
TXN-00006592,CTA-376833,CLI-81500,2026-06-09 19:32:00,258958.27,CRC,comision,app_movil,PU-001,Préstamo Hipotecario
TXN-00006593,CTA-559789,CLI-23023,2026-06-24 15:43:00,3018470.28,CRC,transferencia,sucursal,LI-001,Préstamo Personal
TXN-00006594,CTA-733819,CLI-36934,2026-06-27 02:21:00,2352173.83,CRC,transferencia,web,HE-001,Préstamo Personal
TXN-00006595,CTA-538212,CLI-20681,2026-06-24 12:27:00,3576930.73,CRC,pago,app_movil,CA-001,Préstamo Hipotecario
TXN-00006596,CTA-862497,CLI-51469,2026-06-22 20:50:00,1916113.5,CRC,comision,app_movil,LI-002,Préstamo Hipotecario
TXN-00006597,CTA-748346,CLI-64297,2026-06-14 07:56:00,407391.12,CRC,transferencia,sucursal,CA-001,Cuenta Corriente
TXN-00006598,CTA-129043,CLI-52111,2026-06-21 08:16:00,3201327.74,CRC,retiro,app_movil,SJ-001,Cuenta Ahorro
TXN-00006599,CTA-830765,CLI-74237,2026-06-20 02:39:00,1853176.36,CRC,transferencia,app_movil,SJ-001,Cuenta Ahorro
TXN-00006600,CTA-751345,CLI-58149,2026-06-29 14:10:00,4632260.5,CRC,comision,web,HE-001,Préstamo Personal
TXN-00006601,CTA-980777,CLI-22330,2026-06-27 02:06:00,1872274.49,CRC,retiro,web,LI-001,Préstamo Hipotecario
TXN-00006602,CTA-643612,CLI-41689,2026-06-05 02:48:00,174680.29,CRC,pago,sucursal,CA-001,Cuenta Corriente
TXN-00006603,CTA-421964,CLI-24301,2026-06-24 16:12:00,1743418.82,CRC,retiro,sucursal,CA-001,Tarjeta Crédito
TXN-00006604,CTA-950297,CLI-58467,2026-06-15 22:01:00,1009901.84,CRC,comision,app_movil,AL-001,Cuenta Ahorro
TXN-00006605,CTA-624227,CLI-20166,2026-06-14 03:38:00,1596954.52,CRC,deposito,web,LI-001,Cuenta Ahorro
TXN-00006606,CTA-449115,CLI-23459,2026-06-22 04:09:00,3857543.95,CRC,transferencia,sinpe,HE-001,Cuenta Ahorro
TXN-00006607,CTA-619900,CLI-17170,2026-06-24 09:46:00,1006607.59,CRC,retiro,sucursal,PU-001,Cuenta Corriente
TXN-00006608,CTA-134914,CLI-27001,2026-06-22 03:32:00,3170108.5,CRC,comision,app_movil,HE-001,Cuenta Corriente
TXN-00006609,CTA-994603,CLI-73516,2026-06-18 07:25:00,3906095.24,CRC,pago,sucursal,SJ-001,Tarjeta Crédito
TXN-00006610,CTA-812741,CLI-64410,2026-06-13 11:03:00,1038930.91,CRC,deposito,sucursal,CA-001,Préstamo Personal
TXN-00006611,CTA-517416,CLI-46402,2026-06-10 11:15:00,3623080.71,CRC,deposito,web,CA-001,Cuenta Ahorro
TXN-00006612,CTA-279364,CLI-53355,2026-06-27 23:04:00,189609.55,CRC,retiro,app_movil,LI-002,Tarjeta Crédito
TXN-00006613,CTA-862868,CLI-39853,2026-06-05 00:16:00,3390369.86,CRC,transferencia,app_movil,HE-001,Préstamo Personal
TXN-00006614,CTA-631981,CLI-57953,2026-06-06 22:45:00,3343079.45,CRC,deposito,atm,CA-001,Tarjeta Crédito
TXN-00006615,CTA-153783,CLI-93034,2026-06-25 09:26:00,848191.67,CRC,retiro,sucursal,LI-001,Tarjeta Crédito
TXN-00006616,CTA-276640,CLI-43616,2026-06-14 01:48:00,769671.94,CRC,deposito,atm,LI-002,Tarjeta Crédito
TXN-00006617,CTA-180592,CLI-25194,2026-06-11 19:02:00,3819452.85,CRC,retiro,sinpe,SJ-001,Cuenta Corriente
TXN-00006618,CTA-656612,CLI-89208,2026-06-01 04:39:00,1828488.93,CRC,retiro,web,HE-001,Tarjeta Crédito
TXN-00006619,CTA-154005,CLI-76398,2026-06-29 21:06:00,982409.49,CRC,pago,app_movil,AL-001,Tarjeta Crédito
TXN-00006620,CTA-483761,CLI-56885,2026-06-20 01:28:00,1095451.63,CRC,pago,sucursal,CA-001,Préstamo Hipotecario
TXN-00006621,CTA-261313,CLI-82947,2026-06-17 20:49:00,2629553.51,CRC,transferencia,sucursal,SJ-002,Préstamo Hipotecario
TXN-00006622,CTA-928592,CLI-61058,2026-06-26 15:51:00,1486143.44,CRC,comision,sinpe,LI-002,Cuenta Corriente
TXN-00006623,CTA-612052,CLI-37328,2026-06-02 23:50:00,3583137.3,CRC,retiro,sinpe,LI-001,Cuenta Corriente
TXN-00006624,CTA-507176,CLI-10127,2026-06-21 23:22:00,2030874.09,CRC,comision,atm,AL-001,Cuenta Corriente
TXN-00006625,CTA-488256,CLI-13437,2026-06-14 20:01:00,2280300.37,CRC,deposito,web,HE-001,Tarjeta Crédito
TXN-00006626,CTA-979518,CLI-61338,2026-06-01 16:57:00,2062459.13,CRC,transferencia,atm,LI-001,Préstamo Hipotecario
TXN-00006627,CTA-438768,CLI-80111,2026-06-28 02:10:00,3227983.29,CRC,pago,sinpe,SJ-001,Préstamo Personal
TXN-00006628,CTA-403534,CLI-33813,2026-06-07 01:20:00,1010576.1,CRC,deposito,atm,AL-001,Cuenta Ahorro
TXN-00006629,CTA-823727,CLI-18398,2026-06-01 19:49:00,1997082.65,CRC,comision,app_movil,SJ-001,Cuenta Corriente
TXN-00006630,CTA-205623,CLI-42276,2026-06-20 13:13:00,4190801.27,CRC,pago,sucursal,LI-002,Tarjeta Crédito
TXN-00006631,CTA-935683,CLI-21915,2026-06-27 22:19:00,3809109.01,CRC,transferencia,sucursal,SJ-002,Cuenta Corriente
TXN-00006632,CTA-955352,CLI-28928,2026-06-08 00:11:00,544944.96,CRC,retiro,sucursal,PU-001,Préstamo Hipotecario
TXN-00006633,CTA-850541,CLI-27249,2026-06-19 17:05:00,1348575.48,CRC,transferencia,atm,SJ-002,Tarjeta Crédito
TXN-00006634,CTA-723504,CLI-30473,2026-06-07 04:56:00,1306977.7,CRC,retiro,atm,AL-001,Cuenta Ahorro
TXN-00006635,CTA-237888,CLI-17304,2026-06-02 00:25:00,1157972.2,CRC,deposito,app_movil,AL-001,Cuenta Corriente
TXN-00006636,CTA-732923,CLI-32452,2026-06-09 16:16:00,2238503.55,CRC,comision,sucursal,AL-001,Tarjeta Crédito
TXN-00006637,CTA-714519,CLI-74003,2026-06-11 17:33:00,307798.12,CRC,comision,app_movil,LI-001,Cuenta Ahorro
TXN-00006638,CTA-733514,CLI-52298,2026-06-16 06:37:00,3794903.73,CRC,pago,app_movil,CA-001,Préstamo Personal
TXN-00006639,CTA-872291,CLI-78084,2026-06-19 16:45:00,2942327.65,CRC,transferencia,web,AL-001,Préstamo Personal
TXN-00006640,CTA-904911,CLI-80432,2026-06-18 02:31:00,280966.87,CRC,comision,web,HE-001,Préstamo Personal
TXN-00006641,CTA-172472,CLI-46054,2026-06-27 09:32:00,1078438.88,CRC,deposito,sinpe,LI-001,Cuenta Ahorro
TXN-00006642,CTA-156364,CLI-61394,2026-06-01 00:17:00,199676.65,CRC,retiro,sucursal,LI-002,Préstamo Personal
TXN-00006643,CTA-296805,CLI-25988,2026-06-03 11:48:00,2426286.91,CRC,transferencia,web,AL-001,Préstamo Personal
TXN-00006644,CTA-882119,CLI-35926,2026-06-08 10:59:00,345231.54,CRC,pago,sucursal,PU-001,Préstamo Hipotecario
TXN-00006645,CTA-727276,CLI-97623,2026-06-07 15:00:00,1606934.51,CRC,comision,sinpe,HE-001,Préstamo Personal
TXN-00006646,CTA-861561,CLI-33895,2026-06-21 12:02:00,978216.81,CRC,transferencia,sucursal,LI-002,Préstamo Hipotecario
TXN-00006647,CTA-274248,CLI-87857,2026-06-08 02:36:00,1397536.84,CRC,retiro,sucursal,SJ-002,Cuenta Ahorro
TXN-00006648,CTA-855730,CLI-20841,2026-06-08 07:26:00,984769.89,CRC,retiro,sinpe,CA-001,Tarjeta Crédito
TXN-00006649,CTA-730600,CLI-13663,2026-06-09 00:53:00,1088135.59,CRC,pago,sucursal,AL-001,Préstamo Personal
TXN-00006650,CTA-957942,CLI-15553,2026-06-02 05:56:00,4596934.97,CRC,deposito,atm,HE-001,Tarjeta Crédito
TXN-00006651,CTA-268194,CLI-34317,2026-06-04 09:16:00,1558185.82,CRC,comision,sucursal,AL-001,Tarjeta Crédito
TXN-00006652,CTA-127559,CLI-78472,2026-06-17 19:47:00,2214433.39,CRC,comision,sucursal,PU-001,Préstamo Hipotecario
TXN-00006653,CTA-535141,CLI-30482,2026-06-11 07:36:00,173993.29,CRC,comision,sucursal,LI-001,Cuenta Ahorro
TXN-00006654,CTA-469533,CLI-35788,2026-06-30 06:01:00,1392394.87,CRC,transferencia,sinpe,LI-002,Cuenta Ahorro
TXN-00006655,CTA-710806,CLI-57868,2026-06-10 10:20:00,2542813.32,CRC,comision,app_movil,LI-002,Préstamo Hipotecario
TXN-00006656,CTA-133836,CLI-85930,2026-06-01 23:37:00,1212303.78,CRC,transferencia,atm,LI-001,Préstamo Hipotecario
TXN-00006657,CTA-162071,CLI-76685,2026-06-22 22:42:00,2852341.9,CRC,retiro,atm,LI-001,Préstamo Personal
TXN-00006658,CTA-832055,CLI-99247,2026-06-06 21:01:00,910338.06,CRC,retiro,app_movil,CA-001,Cuenta Corriente
TXN-00006659,CTA-173440,CLI-83079,2026-06-22 22:31:00,2798234.2,CRC,pago,sinpe,SJ-001,Tarjeta Crédito
TXN-00006660,CTA-578549,CLI-47372,2026-06-23 21:21:00,1969684.39,CRC,pago,atm,HE-001,Cuenta Ahorro
TXN-00006661,CTA-361737,CLI-58068,2026-06-29 04:57:00,1345117.11,CRC,pago,atm,SJ-002,Cuenta Corriente
TXN-00006662,CTA-796854,CLI-28271,2026-06-26 07:17:00,2857309.43,CRC,pago,app_movil,PU-001,Cuenta Ahorro
TXN-00006663,CTA-486906,CLI-93249,2026-06-16 03:39:00,3387759.81,CRC,transferencia,app_movil,AL-001,Cuenta Corriente
TXN-00006664,CTA-530419,CLI-33322,2026-06-03 19:49:00,1776077.95,CRC,transferencia,app_movil,LI-001,Cuenta Ahorro
TXN-00006665,CTA-776177,CLI-76505,2026-06-20 05:49:00,2229042.57,CRC,deposito,sinpe,PU-001,Tarjeta Crédito
TXN-00006666,CTA-416897,CLI-73422,2026-06-03 05:54:00,2842552.49,CRC,deposito,sucursal,LI-001,Cuenta Ahorro
TXN-00006667,CTA-403102,CLI-52586,2026-06-20 07:26:00,853456.25,CRC,retiro,sucursal,HE-001,Cuenta Corriente
TXN-00006668,CTA-861757,CLI-39480,2026-06-20 13:51:00,1354000.68,CRC,retiro,web,LI-001,Cuenta Corriente
TXN-00006669,CTA-161506,CLI-97261,2026-06-14 10:08:00,1492559.39,CRC,retiro,web,CA-001,Cuenta Corriente
TXN-00006670,CTA-845810,CLI-44929,2026-06-16 17:04:00,4448261.69,CRC,retiro,app_movil,AL-001,Cuenta Corriente
TXN-00006671,CTA-984276,CLI-63904,2026-06-28 16:51:00,1676411.28,CRC,comision,sucursal,SJ-002,Cuenta Corriente
TXN-00006672,CTA-181820,CLI-34423,2026-06-29 04:13:00,1204610.25,CRC,retiro,atm,LI-001,Cuenta Ahorro
TXN-00006673,CTA-395410,CLI-67413,2026-06-19 06:55:00,2932727.16,CRC,comision,web,HE-001,Cuenta Corriente
TXN-00006674,CTA-800432,CLI-59982,2026-06-20 18:59:00,3252978.02,CRC,transferencia,atm,LI-002,Cuenta Ahorro
TXN-00006675,CTA-344062,CLI-14851,2026-06-24 00:58:00,3136649.35,CRC,pago,app_movil,PU-001,Préstamo Personal
TXN-00006676,CTA-867281,CLI-19068,2026-06-24 20:34:00,3672970.42,CRC,deposito,app_movil,SJ-002,Cuenta Ahorro
TXN-00006677,CTA-109718,CLI-58748,2026-06-14 09:28:00,2619033.2,CRC,pago,sinpe,HE-001,Tarjeta Crédito
TXN-00006678,CTA-634005,CLI-73224,2026-06-06 20:43:00,563239.87,CRC,transferencia,sinpe,SJ-002,Cuenta Corriente
TXN-00006679,CTA-172956,CLI-17162,2026-06-02 03:52:00,1281628.96,CRC,deposito,web,HE-001,Cuenta Ahorro
TXN-00006680,CTA-944735,CLI-48461,2026-06-09 18:05:00,3660094.92,CRC,comision,sucursal,SJ-002,Cuenta Corriente
TXN-00006681,CTA-534370,CLI-47901,2026-06-13 21:21:00,82365.14,CRC,deposito,atm,CA-001,Cuenta Corriente
TXN-00006682,CTA-142048,CLI-97981,2026-06-06 22:05:00,295922.43,CRC,transferencia,sucursal,SJ-002,Cuenta Corriente
TXN-00006683,CTA-109786,CLI-38446,2026-06-02 07:55:00,1852971.56,CRC,deposito,atm,LI-001,Préstamo Hipotecario
TXN-00006684,CTA-140786,CLI-60729,2026-06-24 08:56:00,2748621.62,CRC,pago,app_movil,LI-002,Préstamo Personal
TXN-00006685,CTA-380256,CLI-25206,2026-06-21 05:55:00,3237764.2,CRC,transferencia,sinpe,LI-001,Cuenta Ahorro
TXN-00006686,CTA-122040,CLI-84292,2026-06-16 17:26:00,1661324.33,CRC,transferencia,app_movil,SJ-002,Tarjeta Crédito
TXN-00006687,CTA-818588,CLI-30457,2026-06-06 23:43:00,2371170.79,CRC,deposito,atm,LI-002,Cuenta Ahorro
TXN-00006688,CTA-451224,CLI-26012,2026-06-25 13:41:00,575176.53,CRC,deposito,app_movil,PU-001,Préstamo Personal
TXN-00006689,CTA-368492,CLI-37237,2026-06-08 22:14:00,4230500.69,CRC,transferencia,sinpe,LI-002,Cuenta Ahorro
TXN-00006690,CTA-210140,CLI-94824,2026-06-12 23:32:00,179771.22,CRC,pago,atm,SJ-002,Cuenta Corriente
TXN-00006691,CTA-623142,CLI-34480,2026-06-29 18:05:00,4768932.48,CRC,transferencia,atm,HE-001,Cuenta Ahorro
TXN-00006692,CTA-623514,CLI-19749,2026-06-06 12:41:00,2484392.02,CRC,retiro,sucursal,SJ-001,Cuenta Corriente
TXN-00006693,CTA-133387,CLI-81531,2026-06-20 23:11:00,1610216.62,CRC,transferencia,atm,AL-001,Cuenta Ahorro
TXN-00006694,CTA-558181,CLI-14519,2026-06-14 16:22:00,2744419.26,CRC,comision,web,SJ-001,Préstamo Hipotecario
TXN-00006695,CTA-341419,CLI-40774,2026-06-06 20:10:00,3828991.2,CRC,pago,app_movil,LI-001,Cuenta Corriente
TXN-00006696,CTA-973621,CLI-87434,2026-06-01 16:18:00,3910915.93,CRC,deposito,atm,CA-001,Cuenta Corriente
TXN-00006697,CTA-853768,CLI-91832,2026-06-02 04:06:00,824539.59,CRC,pago,app_movil,SJ-002,Préstamo Hipotecario
TXN-00006698,CTA-569200,CLI-50095,2026-06-07 04:14:00,2582223.88,CRC,deposito,atm,AL-001,Préstamo Hipotecario
TXN-00006699,CTA-377545,CLI-93351,2026-06-12 16:35:00,4002809.34,CRC,retiro,atm,AL-001,Tarjeta Crédito
TXN-00006700,CTA-373257,CLI-94511,2026-06-03 00:00:00,2026468.76,CRC,retiro,web,AL-001,Cuenta Ahorro
TXN-00006701,CTA-995727,CLI-61604,2026-06-25 05:40:00,3127131.93,CRC,pago,atm,PU-001,Préstamo Hipotecario
TXN-00006702,CTA-173473,CLI-32421,2026-06-03 20:19:00,188590.53,CRC,comision,sucursal,SJ-002,Préstamo Personal
TXN-00006703,CTA-871676,CLI-65845,2026-06-07 18:06:00,945939.62,CRC,pago,web,HE-001,Préstamo Personal
TXN-00006704,CTA-577643,CLI-70132,2026-06-29 02:30:00,3316445.3,CRC,comision,app_movil,CA-001,Cuenta Corriente
TXN-00006705,CTA-241298,CLI-42957,2026-06-23 10:40:00,2553892.13,CRC,deposito,sinpe,SJ-001,Préstamo Hipotecario
TXN-00006706,CTA-828357,CLI-38702,2026-06-11 03:40:00,417139.07,CRC,retiro,app_movil,LI-001,Tarjeta Crédito
TXN-00006707,CTA-289048,CLI-98058,2026-06-21 16:19:00,274757.26,CRC,retiro,web,AL-001,Préstamo Personal
TXN-00006708,CTA-116936,CLI-20793,2026-06-04 19:38:00,3215017.1,CRC,pago,sucursal,PU-001,Préstamo Hipotecario
TXN-00006709,CTA-499880,CLI-94464,2026-06-15 19:24:00,3396365.95,CRC,pago,app_movil,SJ-002,Préstamo Hipotecario
TXN-00006710,CTA-191682,CLI-12608,2026-06-20 01:05:00,3879648.34,CRC,comision,atm,PU-001,Cuenta Corriente
TXN-00006711,CTA-289298,CLI-96283,2026-06-11 21:27:00,3711679.0,CRC,pago,web,SJ-001,Préstamo Personal
TXN-00006712,CTA-654310,CLI-64712,2026-06-10 20:18:00,104171.53,CRC,retiro,sucursal,PU-001,Cuenta Ahorro
TXN-00006713,CTA-510038,CLI-63005,2026-06-27 13:01:00,221174.57,CRC,pago,web,LI-001,Cuenta Corriente
TXN-00006714,CTA-776951,CLI-13474,2026-06-16 11:46:00,99981.52,CRC,deposito,atm,LI-001,Cuenta Corriente
TXN-00006715,CTA-145142,CLI-64537,2026-06-28 16:33:00,2742445.39,CRC,comision,sucursal,SJ-001,Tarjeta Crédito
TXN-00006716,CTA-488780,CLI-66502,2026-06-03 04:22:00,1758072.09,CRC,transferencia,atm,SJ-001,Cuenta Corriente
TXN-00006717,CTA-985232,CLI-26620,2026-06-27 15:01:00,3874407.12,CRC,transferencia,sucursal,HE-001,Préstamo Personal
TXN-00006718,CTA-113475,CLI-33600,2026-06-03 23:54:00,241813.06,CRC,comision,sinpe,PU-001,Préstamo Hipotecario
TXN-00006719,CTA-709496,CLI-25420,2026-06-02 22:12:00,1995242.72,CRC,comision,app_movil,LI-002,Tarjeta Crédito
TXN-00006720,CTA-647227,CLI-44541,2026-06-28 19:42:00,2065873.11,CRC,comision,app_movil,CA-001,Cuenta Ahorro
TXN-00006721,CTA-392639,CLI-83857,2026-06-07 02:17:00,2250143.46,CRC,deposito,app_movil,SJ-002,Préstamo Personal
TXN-00006722,CTA-124421,CLI-97540,2026-06-20 19:37:00,1664869.2,CRC,deposito,atm,LI-002,Cuenta Ahorro
TXN-00006723,CTA-308746,CLI-23790,2026-06-23 11:15:00,3208787.82,CRC,transferencia,web,LI-001,Tarjeta Crédito
TXN-00006724,CTA-750950,CLI-52236,2026-06-30 08:06:00,4465772.73,CRC,deposito,sinpe,AL-001,Cuenta Ahorro
TXN-00006725,CTA-307440,CLI-86446,2026-06-26 10:31:00,179856.5,CRC,deposito,sucursal,PU-001,Préstamo Personal
TXN-00006726,CTA-563579,CLI-57194,2026-06-23 13:26:00,2776522.04,CRC,pago,web,HE-001,Tarjeta Crédito
TXN-00006727,CTA-430802,CLI-42549,2026-06-10 06:08:00,4712553.27,CRC,transferencia,web,LI-001,Tarjeta Crédito
TXN-00006728,CTA-643288,CLI-23717,2026-06-10 04:34:00,2482847.93,CRC,retiro,app_movil,AL-001,Préstamo Personal
TXN-00006729,CTA-849948,CLI-13377,2026-06-25 20:02:00,3813002.14,CRC,retiro,web,SJ-001,Préstamo Hipotecario
TXN-00006730,CTA-361177,CLI-93101,2026-06-05 01:12:00,579265.71,CRC,retiro,app_movil,SJ-001,Préstamo Hipotecario
TXN-00006731,CTA-201540,CLI-63086,2026-06-07 22:16:00,1286157.35,CRC,deposito,sinpe,CA-001,Préstamo Hipotecario
TXN-00006732,CTA-838505,CLI-78190,2026-06-02 02:51:00,1738133.84,CRC,comision,atm,LI-002,Cuenta Corriente
TXN-00006733,CTA-119373,CLI-75363,2026-06-19 05:30:00,422753.71,CRC,pago,atm,PU-001,Tarjeta Crédito
TXN-00006734,CTA-922164,CLI-87329,2026-06-13 02:23:00,1404201.72,CRC,transferencia,web,SJ-001,Cuenta Corriente
TXN-00006735,CTA-277106,CLI-71110,2026-06-20 18:13:00,626564.22,CRC,pago,sucursal,AL-001,Préstamo Personal
TXN-00006736,CTA-918437,CLI-94958,2026-06-05 18:18:00,1703045.79,CRC,deposito,sucursal,SJ-001,Préstamo Personal
TXN-00006737,CTA-416957,CLI-64036,2026-06-01 21:06:00,2616591.12,CRC,transferencia,atm,AL-001,Préstamo Hipotecario
TXN-00006738,CTA-716302,CLI-51558,2026-06-07 11:13:00,3536745.86,CRC,pago,sinpe,SJ-002,Préstamo Hipotecario
TXN-00006739,CTA-755109,CLI-85514,2026-06-19 05:40:00,4367852.56,CRC,retiro,sucursal,HE-001,Préstamo Hipotecario
TXN-00006740,CTA-735950,CLI-18308,2026-06-21 11:17:00,1762033.75,CRC,comision,app_movil,HE-001,Cuenta Ahorro
TXN-00006741,CTA-530565,CLI-21043,2026-06-11 14:48:00,2782734.62,CRC,transferencia,atm,HE-001,Tarjeta Crédito
TXN-00006742,CTA-905569,CLI-67824,2026-06-11 04:30:00,3348458.0,CRC,retiro,web,CA-001,Cuenta Corriente
TXN-00006743,CTA-559650,CLI-54492,2026-06-29 05:43:00,2560939.92,CRC,retiro,web,SJ-001,Préstamo Hipotecario
TXN-00006744,CTA-326569,CLI-23721,2026-06-14 22:11:00,1962335.23,CRC,comision,sucursal,LI-002,Tarjeta Crédito
TXN-00006745,CTA-399379,CLI-87809,2026-06-09 04:18:00,66129.9,CRC,retiro,web,SJ-001,Préstamo Hipotecario
TXN-00006746,CTA-409752,CLI-62362,2026-06-16 13:26:00,4234898.56,CRC,deposito,atm,AL-001,Cuenta Corriente
TXN-00006747,CTA-547216,CLI-74479,2026-06-08 06:22:00,3777714.64,CRC,pago,app_movil,SJ-002,Préstamo Hipotecario
TXN-00006748,CTA-120690,CLI-59557,2026-06-28 16:40:00,222079.1,CRC,pago,atm,PU-001,Préstamo Hipotecario
TXN-00006749,CTA-267840,CLI-50689,2026-06-29 07:02:00,2510684.24,CRC,retiro,atm,LI-002,Préstamo Personal
TXN-00006750,CTA-329148,CLI-82979,2026-06-17 09:47:00,3777549.15,CRC,transferencia,atm,AL-001,Cuenta Corriente
TXN-00006751,CTA-756415,CLI-54138,2026-06-29 13:53:00,3609773.09,CRC,deposito,sucursal,HE-001,Préstamo Hipotecario
TXN-00006752,CTA-308129,CLI-43260,2026-06-26 01:19:00,968999.12,CRC,pago,web,PU-001,Préstamo Hipotecario
TXN-00006753,CTA-408505,CLI-89581,2026-06-02 00:45:00,4994768.14,CRC,comision,web,SJ-002,Cuenta Corriente
TXN-00006754,CTA-336064,CLI-34026,2026-06-07 06:07:00,3968485.2,CRC,comision,sucursal,PU-001,Cuenta Corriente
TXN-00006755,CTA-117463,CLI-71118,2026-06-16 16:20:00,111775.44,CRC,comision,app_movil,CA-001,Préstamo Hipotecario
TXN-00006756,CTA-829833,CLI-75036,2026-06-02 22:21:00,3527618.94,CRC,comision,web,HE-001,Cuenta Corriente
TXN-00006757,CTA-845314,CLI-93529,2026-06-04 10:41:00,311512.26,CRC,retiro,sucursal,LI-001,Tarjeta Crédito
TXN-00006758,CTA-653452,CLI-29525,2026-06-15 12:08:00,897563.39,CRC,comision,atm,SJ-002,Tarjeta Crédito
TXN-00006759,CTA-308982,CLI-75034,2026-06-13 10:35:00,2540253.2,CRC,comision,sinpe,SJ-002,Cuenta Corriente
TXN-00006760,CTA-842897,CLI-50313,2026-06-14 20:23:00,3764062.32,CRC,retiro,atm,LI-002,Cuenta Corriente
TXN-00006761,CTA-985165,CLI-27416,2026-06-21 20:06:00,1112645.41,CRC,deposito,sucursal,HE-001,Préstamo Hipotecario
TXN-00006762,CTA-941514,CLI-17274,2026-06-17 04:21:00,3252174.9,CRC,pago,sinpe,SJ-001,Préstamo Personal
TXN-00006763,CTA-450275,CLI-10076,2026-06-21 08:30:00,4335950.51,CRC,deposito,atm,LI-002,Cuenta Ahorro
TXN-00006764,CTA-991598,CLI-93497,2026-06-15 12:05:00,3977340.36,CRC,pago,app_movil,LI-002,Cuenta Ahorro
TXN-00006765,CTA-507949,CLI-18907,2026-06-18 20:40:00,1045683.14,CRC,transferencia,sucursal,LI-002,Tarjeta Crédito
TXN-00006766,CTA-473595,CLI-22209,2026-06-22 11:17:00,423590.52,CRC,pago,sucursal,HE-001,Cuenta Ahorro
TXN-00006767,CTA-843212,CLI-18439,2026-06-29 00:38:00,2184243.66,CRC,transferencia,sinpe,LI-001,Cuenta Ahorro
TXN-00006768,CTA-672183,CLI-54829,2026-06-13 00:49:00,2083460.82,CRC,deposito,web,CA-001,Préstamo Hipotecario
TXN-00006769,CTA-880748,CLI-74940,2026-06-08 08:54:00,3406267.74,CRC,pago,sucursal,LI-002,Cuenta Corriente
TXN-00006770,CTA-510009,CLI-13864,2026-06-18 14:30:00,1302901.0,CRC,deposito,web,SJ-002,Tarjeta Crédito
TXN-00006771,CTA-860949,CLI-17889,2026-06-04 21:54:00,1533563.36,CRC,deposito,sinpe,PU-001,Cuenta Ahorro
TXN-00006772,CTA-928449,CLI-36510,2026-06-15 21:36:00,3383337.77,CRC,transferencia,sinpe,PU-001,Préstamo Personal
TXN-00006773,CTA-756273,CLI-82988,2026-06-06 18:04:00,2601910.18,CRC,pago,web,LI-002,Préstamo Personal
TXN-00006774,CTA-240578,CLI-39414,2026-06-18 09:42:00,1304278.08,CRC,transferencia,web,LI-001,Cuenta Corriente
TXN-00006775,CTA-302652,CLI-69205,2026-06-13 21:14:00,573283.37,CRC,transferencia,app_movil,LI-001,Cuenta Ahorro
TXN-00006776,CTA-473374,CLI-94524,2026-06-25 04:45:00,2091336.2,CRC,pago,atm,AL-001,Cuenta Ahorro
TXN-00006777,CTA-494711,CLI-72741,2026-06-26 22:40:00,4565519.87,CRC,transferencia,web,CA-001,Cuenta Ahorro
TXN-00006778,CTA-457616,CLI-98370,2026-06-21 16:11:00,3808450.8,CRC,transferencia,app_movil,LI-001,Cuenta Ahorro
TXN-00006779,CTA-478796,CLI-91287,2026-06-14 21:05:00,3025677.02,CRC,transferencia,atm,CA-001,Cuenta Ahorro
TXN-00006780,CTA-277744,CLI-33750,2026-06-19 04:09:00,3142271.73,CRC,deposito,sinpe,HE-001,Tarjeta Crédito
TXN-00006781,CTA-372594,CLI-74864,2026-06-20 22:27:00,1659135.59,CRC,pago,atm,SJ-001,Préstamo Hipotecario
TXN-00006782,CTA-689504,CLI-95859,2026-06-10 03:25:00,341242.98,CRC,pago,web,SJ-001,Préstamo Hipotecario
TXN-00006783,CTA-999285,CLI-41456,2026-06-08 11:32:00,313121.52,CRC,comision,sinpe,LI-002,Tarjeta Crédito
TXN-00006784,CTA-470341,CLI-77856,2026-06-07 16:17:00,314825.41,CRC,retiro,atm,LI-002,Tarjeta Crédito
TXN-00006785,CTA-711322,CLI-91248,2026-06-11 05:26:00,658137.41,CRC,pago,sucursal,SJ-001,Préstamo Hipotecario
TXN-00006786,CTA-988406,CLI-33165,2026-06-15 11:15:00,1352313.61,CRC,transferencia,app_movil,HE-001,Cuenta Ahorro
TXN-00006787,CTA-661635,CLI-10971,2026-06-29 00:03:00,4100831.9,CRC,transferencia,web,HE-001,Préstamo Hipotecario
TXN-00006788,CTA-758334,CLI-91277,2026-06-24 21:36:00,3513334.46,CRC,comision,sinpe,PU-001,Cuenta Corriente
TXN-00006789,CTA-981542,CLI-43415,2026-06-25 13:01:00,2003442.54,CRC,retiro,web,LI-002,Cuenta Ahorro
TXN-00006790,CTA-208632,CLI-24605,2026-06-14 23:41:00,4026274.28,CRC,transferencia,web,LI-002,Préstamo Hipotecario
TXN-00006791,CTA-663102,CLI-21151,2026-06-21 18:11:00,2402646.32,CRC,transferencia,web,CA-001,Cuenta Corriente
TXN-00006792,CTA-612531,CLI-37738,2026-06-19 08:54:00,325823.54,CRC,pago,web,AL-001,Cuenta Corriente
TXN-00006793,CTA-405936,CLI-12628,2026-06-11 16:11:00,988244.58,CRC,retiro,app_movil,LI-002,Préstamo Hipotecario
TXN-00006794,CTA-912415,CLI-25766,2026-06-06 08:11:00,2126384.79,CRC,pago,sucursal,PU-001,Tarjeta Crédito
TXN-00006795,CTA-512390,CLI-32582,2026-06-19 01:45:00,2398113.74,CRC,deposito,sinpe,PU-001,Cuenta Ahorro
TXN-00006796,CTA-759732,CLI-92574,2026-06-09 04:46:00,2322749.08,CRC,retiro,sucursal,HE-001,Tarjeta Crédito
TXN-00006797,CTA-678863,CLI-65523,2026-06-23 11:37:00,3261615.1,CRC,pago,app_movil,PU-001,Préstamo Personal
TXN-00006798,CTA-196471,CLI-93606,2026-06-05 15:57:00,4210672.86,CRC,transferencia,sinpe,PU-001,Préstamo Hipotecario
TXN-00006799,CTA-450206,CLI-69782,2026-06-17 08:27:00,3048813.1,CRC,comision,atm,LI-002,Cuenta Ahorro
TXN-00006800,CTA-726687,CLI-75897,2026-06-09 18:01:00,4982942.78,CRC,deposito,app_movil,LI-001,Préstamo Hipotecario
TXN-00006801,CTA-333522,CLI-67865,2026-06-09 14:33:00,3792567.62,CRC,retiro,atm,HE-001,Tarjeta Crédito
TXN-00006802,CTA-601567,CLI-22567,2026-06-13 06:14:00,4978140.47,CRC,deposito,atm,AL-001,Tarjeta Crédito
TXN-00006803,CTA-169430,CLI-83055,2026-06-24 13:40:00,4287615.44,CRC,deposito,sinpe,AL-001,Tarjeta Crédito
TXN-00006804,CTA-732984,CLI-10252,2026-06-04 20:01:00,461302.5,CRC,pago,app_movil,LI-002,Préstamo Personal
TXN-00006805,CTA-799891,CLI-89393,2026-06-21 18:18:00,3266142.38,CRC,retiro,app_movil,LI-002,Cuenta Ahorro
TXN-00006806,CTA-412198,CLI-50988,2026-06-05 10:09:00,4508815.54,CRC,retiro,sinpe,PU-001,Cuenta Ahorro
TXN-00006807,CTA-269190,CLI-55715,2026-06-09 18:59:00,4448656.29,CRC,transferencia,app_movil,PU-001,Cuenta Ahorro
TXN-00006808,CTA-873565,CLI-32915,2026-06-17 10:01:00,1216125.01,CRC,deposito,app_movil,CA-001,Cuenta Corriente
TXN-00006809,CTA-832019,CLI-62887,2026-06-08 07:18:00,4739768.31,CRC,pago,atm,LI-001,Préstamo Hipotecario
TXN-00006810,CTA-800999,CLI-89338,2026-06-04 03:22:00,2897039.62,CRC,transferencia,sinpe,HE-001,Préstamo Personal
TXN-00006811,CTA-837025,CLI-72926,2026-06-22 10:42:00,1163130.75,CRC,deposito,atm,SJ-001,Préstamo Personal
TXN-00006812,CTA-305706,CLI-34459,2026-06-25 06:01:00,1849084.58,CRC,deposito,app_movil,AL-001,Tarjeta Crédito
TXN-00006813,CTA-507216,CLI-35293,2026-06-10 20:22:00,1533774.59,CRC,pago,web,LI-001,Préstamo Hipotecario
TXN-00006814,CTA-554642,CLI-40837,2026-06-24 05:22:00,2185297.42,CRC,pago,atm,CA-001,Tarjeta Crédito
TXN-00006815,CTA-523420,CLI-35426,2026-06-15 01:58:00,152760.01,CRC,retiro,web,SJ-002,Préstamo Personal
TXN-00006816,CTA-495320,CLI-13017,2026-06-09 18:40:00,3169162.24,CRC,transferencia,sucursal,AL-001,Préstamo Hipotecario
TXN-00006817,CTA-246944,CLI-20009,2026-06-14 09:42:00,3080335.74,CRC,deposito,sinpe,AL-001,Cuenta Ahorro
TXN-00006818,CTA-322799,CLI-94187,2026-06-13 02:55:00,1313958.73,CRC,transferencia,app_movil,LI-002,Préstamo Personal
TXN-00006819,CTA-277717,CLI-17832,2026-06-28 09:36:00,2707933.89,CRC,comision,sinpe,LI-002,Cuenta Ahorro
TXN-00006820,CTA-224431,CLI-22373,2026-06-23 21:00:00,672816.3,CRC,retiro,app_movil,LI-002,Cuenta Ahorro
TXN-00006821,CTA-745072,CLI-76228,2026-06-24 06:48:00,3616754.39,CRC,retiro,sinpe,AL-001,Préstamo Hipotecario
TXN-00006822,CTA-102704,CLI-97355,2026-06-02 20:42:00,1846035.61,CRC,transferencia,sinpe,SJ-002,Tarjeta Crédito
TXN-00006823,CTA-182444,CLI-66960,2026-06-14 13:34:00,4921318.51,CRC,comision,app_movil,LI-002,Préstamo Personal
TXN-00006824,CTA-139973,CLI-50679,2026-06-24 08:10:00,4750153.6,CRC,deposito,app_movil,SJ-001,Tarjeta Crédito
TXN-00006825,CTA-183094,CLI-36288,2026-06-13 07:00:00,2604531.02,CRC,deposito,atm,PU-001,Cuenta Ahorro
TXN-00006826,CTA-475103,CLI-74697,2026-06-11 22:24:00,5859.93,CRC,transferencia,sucursal,PU-001,Cuenta Ahorro
TXN-00006827,CTA-460744,CLI-44873,2026-06-05 15:48:00,599464.51,CRC,comision,atm,SJ-002,Préstamo Hipotecario
TXN-00006828,CTA-895426,CLI-99574,2026-06-29 17:36:00,2890048.77,CRC,pago,sinpe,AL-001,Cuenta Corriente
TXN-00006829,CTA-751746,CLI-96238,2026-06-28 03:20:00,4212410.79,CRC,deposito,sinpe,PU-001,Cuenta Corriente
TXN-00006830,CTA-613912,CLI-94337,2026-06-11 16:37:00,1464665.31,CRC,pago,atm,PU-001,Préstamo Hipotecario
TXN-00006831,CTA-966845,CLI-58315,2026-06-06 20:43:00,4543932.56,CRC,comision,atm,SJ-001,Préstamo Hipotecario
TXN-00006832,CTA-126275,CLI-84713,2026-06-29 21:01:00,3931094.94,CRC,deposito,app_movil,CA-001,Préstamo Personal
TXN-00006833,CTA-186120,CLI-54607,2026-06-24 15:48:00,537966.15,CRC,retiro,web,SJ-001,Cuenta Corriente
TXN-00006834,CTA-738022,CLI-49240,2026-06-29 09:38:00,1460654.99,CRC,transferencia,sucursal,PU-001,Tarjeta Crédito
TXN-00006835,CTA-161678,CLI-10390,2026-06-28 15:50:00,1038662.26,CRC,comision,web,LI-002,Cuenta Corriente
TXN-00006836,CTA-311247,CLI-92668,2026-06-06 07:17:00,983040.46,CRC,deposito,atm,LI-001,Cuenta Ahorro
TXN-00006837,CTA-881208,CLI-32647,2026-06-09 03:35:00,4826193.78,CRC,transferencia,sinpe,LI-001,Préstamo Hipotecario
TXN-00006838,CTA-415025,CLI-88110,2026-06-26 13:26:00,4320901.87,CRC,pago,app_movil,SJ-001,Tarjeta Crédito
TXN-00006839,CTA-835036,CLI-53314,2026-06-19 17:47:00,2757287.72,CRC,transferencia,atm,HE-001,Cuenta Corriente
TXN-00006840,CTA-396552,CLI-14140,2026-06-19 09:50:00,815754.13,CRC,transferencia,web,CA-001,Tarjeta Crédito
TXN-00006841,CTA-693227,CLI-36850,2026-06-05 12:56:00,4558388.44,CRC,transferencia,sucursal,SJ-002,Préstamo Hipotecario
TXN-00006842,CTA-775227,CLI-85911,2026-06-05 11:12:00,1172994.92,CRC,deposito,web,SJ-001,Préstamo Personal
TXN-00006843,CTA-754804,CLI-98880,2026-06-23 15:31:00,3436420.97,CRC,transferencia,sucursal,LI-002,Cuenta Corriente
TXN-00006844,CTA-991808,CLI-59641,2026-06-24 02:10:00,3382580.08,CRC,comision,app_movil,LI-001,Tarjeta Crédito
TXN-00006845,CTA-114690,CLI-14287,2026-06-09 14:35:00,722874.99,CRC,comision,sinpe,HE-001,Préstamo Hipotecario
TXN-00006846,CTA-925990,CLI-80756,2026-06-07 12:06:00,3868543.27,CRC,transferencia,web,LI-001,Préstamo Hipotecario
TXN-00006847,CTA-124858,CLI-38095,2026-06-10 02:20:00,959450.13,CRC,pago,web,SJ-001,Cuenta Ahorro
TXN-00006848,CTA-678580,CLI-82740,2026-06-04 18:09:00,259662.46,CRC,pago,sinpe,AL-001,Tarjeta Crédito
TXN-00006849,CTA-164539,CLI-69888,2026-06-24 15:16:00,1027055.81,CRC,transferencia,sinpe,LI-001,Préstamo Personal
TXN-00006850,CTA-368797,CLI-12938,2026-06-26 02:04:00,4019102.54,CRC,comision,atm,SJ-002,Cuenta Corriente
TXN-00006851,CTA-879746,CLI-19423,2026-06-13 11:03:00,1597781.04,CRC,comision,app_movil,SJ-001,Cuenta Ahorro
TXN-00006852,CTA-135107,CLI-10308,2026-06-18 13:55:00,2471838.5,CRC,deposito,atm,SJ-002,Préstamo Hipotecario
TXN-00006853,CTA-214458,CLI-27716,2026-06-17 06:49:00,3641051.09,CRC,retiro,atm,HE-001,Préstamo Hipotecario
TXN-00006854,CTA-710968,CLI-47279,2026-06-05 17:05:00,4373558.78,CRC,transferencia,sucursal,SJ-001,Tarjeta Crédito
TXN-00006855,CTA-503897,CLI-29150,2026-06-15 20:59:00,3498891.71,CRC,transferencia,atm,CA-001,Préstamo Personal
TXN-00006856,CTA-262913,CLI-96922,2026-06-04 13:32:00,1345381.54,CRC,comision,sinpe,HE-001,Préstamo Personal
TXN-00006857,CTA-161400,CLI-90236,2026-06-03 18:53:00,4557167.62,CRC,retiro,sucursal,SJ-002,Cuenta Corriente
TXN-00006858,CTA-213111,CLI-75044,2026-06-16 04:04:00,2944476.64,CRC,pago,app_movil,AL-001,Cuenta Corriente
TXN-00006859,CTA-345556,CLI-30650,2026-06-05 09:07:00,2576017.87,CRC,transferencia,app_movil,HE-001,Préstamo Hipotecario
TXN-00006860,CTA-242107,CLI-98704,2026-06-19 11:42:00,4640464.76,CRC,pago,app_movil,LI-001,Cuenta Ahorro
TXN-00006861,CTA-532989,CLI-83869,2026-06-06 14:50:00,4089208.12,CRC,transferencia,sinpe,PU-001,Cuenta Corriente
TXN-00006862,CTA-167403,CLI-31587,2026-06-29 23:53:00,10228.68,CRC,retiro,sucursal,SJ-001,Cuenta Corriente
TXN-00006863,CTA-965695,CLI-60009,2026-06-06 13:52:00,2274328.17,CRC,transferencia,atm,PU-001,Préstamo Personal
TXN-00006864,CTA-295831,CLI-39019,2026-06-30 14:33:00,4528513.03,CRC,comision,sucursal,LI-002,Préstamo Personal
TXN-00006865,CTA-352544,CLI-50276,2026-06-23 23:31:00,498104.78,CRC,transferencia,web,HE-001,Cuenta Ahorro
TXN-00006866,CTA-376655,CLI-96829,2026-06-08 23:22:00,3750084.69,CRC,comision,app_movil,SJ-001,Tarjeta Crédito
TXN-00006867,CTA-743545,CLI-58131,2026-06-10 02:08:00,1714352.52,CRC,deposito,sinpe,SJ-001,Tarjeta Crédito
TXN-00006868,CTA-342675,CLI-62068,2026-06-08 08:44:00,2180529.96,CRC,retiro,atm,SJ-002,Préstamo Personal
TXN-00006869,CTA-834155,CLI-75788,2026-06-23 09:12:00,429836.21,CRC,pago,sucursal,AL-001,Préstamo Personal
TXN-00006870,CTA-973126,CLI-58848,2026-06-14 01:08:00,4767171.86,CRC,comision,app_movil,SJ-002,Tarjeta Crédito
TXN-00006871,CTA-452480,CLI-21937,2026-06-21 23:03:00,1866256.89,CRC,comision,atm,SJ-002,Préstamo Hipotecario
TXN-00006872,CTA-544780,CLI-43552,2026-06-17 06:15:00,838163.64,CRC,retiro,atm,LI-001,Cuenta Ahorro
TXN-00006873,CTA-234443,CLI-82311,2026-06-07 06:26:00,2420084.88,CRC,transferencia,sucursal,SJ-002,Tarjeta Crédito
TXN-00006874,CTA-802543,CLI-32488,2026-06-24 20:53:00,4630990.78,CRC,comision,sinpe,LI-002,Cuenta Corriente
TXN-00006875,CTA-747200,CLI-19970,2026-06-08 09:03:00,4455713.29,CRC,pago,sucursal,SJ-001,Préstamo Personal
TXN-00006876,CTA-355822,CLI-44432,2026-06-15 07:21:00,3269202.85,CRC,retiro,app_movil,SJ-002,Tarjeta Crédito
TXN-00006877,CTA-640744,CLI-24577,2026-06-29 10:47:00,4205203.48,CRC,retiro,app_movil,LI-001,Tarjeta Crédito
TXN-00006878,CTA-490990,CLI-39771,2026-06-17 12:22:00,686793.09,CRC,deposito,sucursal,PU-001,Cuenta Corriente
TXN-00006879,CTA-330273,CLI-12052,2026-06-07 07:16:00,4249442.61,CRC,deposito,app_movil,HE-001,Cuenta Corriente
TXN-00006880,CTA-417055,CLI-50295,2026-06-10 14:23:00,1409174.66,CRC,retiro,app_movil,SJ-002,Tarjeta Crédito
TXN-00006881,CTA-626566,CLI-98852,2026-06-12 07:14:00,3211326.53,CRC,deposito,atm,LI-002,Tarjeta Crédito
TXN-00006882,CTA-601662,CLI-72161,2026-06-29 02:06:00,3695187.26,CRC,deposito,sucursal,AL-001,Préstamo Personal
TXN-00006883,CTA-518907,CLI-91651,2026-06-03 09:58:00,2817253.04,CRC,pago,sinpe,HE-001,Préstamo Hipotecario
TXN-00006884,CTA-468613,CLI-62801,2026-06-24 13:57:00,3479460.71,CRC,comision,web,LI-002,Tarjeta Crédito
TXN-00006885,CTA-116166,CLI-68698,2026-06-04 13:02:00,1059243.06,CRC,pago,atm,SJ-002,Préstamo Hipotecario
TXN-00006886,CTA-834611,CLI-68618,2026-06-29 08:00:00,2259048.8,CRC,pago,sucursal,PU-001,Cuenta Ahorro
TXN-00006887,CTA-142005,CLI-68050,2026-06-26 16:50:00,2530641.85,CRC,deposito,app_movil,PU-001,Préstamo Hipotecario
TXN-00006888,CTA-790133,CLI-56685,2026-06-13 20:45:00,1571575.89,CRC,retiro,sucursal,LI-002,Cuenta Corriente
TXN-00006889,CTA-984330,CLI-73384,2026-06-05 07:55:00,721023.49,CRC,deposito,atm,SJ-002,Cuenta Ahorro
TXN-00006890,CTA-860192,CLI-39281,2026-06-06 20:27:00,4659746.13,CRC,retiro,sucursal,LI-001,Cuenta Ahorro
TXN-00006891,CTA-343583,CLI-37812,2026-06-26 02:49:00,4041174.61,CRC,deposito,web,SJ-002,Cuenta Corriente
TXN-00006892,CTA-751642,CLI-97093,2026-06-20 15:10:00,3693503.42,CRC,pago,atm,PU-001,Tarjeta Crédito
TXN-00006893,CTA-220035,CLI-24680,2026-06-19 19:27:00,199302.07,CRC,comision,sinpe,LI-002,Préstamo Hipotecario
TXN-00006894,CTA-223421,CLI-58506,2026-06-16 00:59:00,3959243.03,CRC,pago,sinpe,SJ-002,Préstamo Personal
TXN-00006895,CTA-306835,CLI-74843,2026-06-06 20:13:00,2914904.56,CRC,deposito,atm,CA-001,Tarjeta Crédito
TXN-00006896,CTA-521887,CLI-49508,2026-06-24 11:22:00,53304.73,CRC,retiro,sucursal,PU-001,Préstamo Personal
TXN-00006897,CTA-634230,CLI-80480,2026-06-09 02:08:00,1695252.27,CRC,transferencia,web,HE-001,Préstamo Hipotecario
TXN-00006898,CTA-394810,CLI-70514,2026-06-10 09:32:00,346876.53,CRC,comision,web,LI-002,Tarjeta Crédito
TXN-00006899,CTA-827410,CLI-70230,2026-06-02 04:11:00,1785523.1,CRC,deposito,app_movil,SJ-001,Préstamo Personal
TXN-00006900,CTA-392650,CLI-16433,2026-06-25 01:23:00,3161029.26,CRC,deposito,sucursal,HE-001,Préstamo Personal
TXN-00006901,CTA-421744,CLI-40285,2026-06-12 20:28:00,850755.68,CRC,pago,sinpe,HE-001,Cuenta Ahorro
TXN-00006902,CTA-154693,CLI-47564,2026-06-19 11:28:00,2139398.3,CRC,transferencia,sinpe,PU-001,Préstamo Personal
TXN-00006903,CTA-649480,CLI-19964,2026-06-21 20:50:00,598524.98,CRC,pago,app_movil,SJ-002,Préstamo Hipotecario
TXN-00006904,CTA-775929,CLI-38869,2026-06-08 16:22:00,3584520.6,CRC,transferencia,web,LI-002,Préstamo Personal
TXN-00006905,CTA-643036,CLI-48231,2026-06-14 02:49:00,2191334.1,CRC,transferencia,sucursal,PU-001,Préstamo Personal
TXN-00006906,CTA-771178,CLI-23414,2026-06-11 16:44:00,3211451.42,CRC,comision,sinpe,CA-001,Cuenta Corriente
TXN-00006907,CTA-996492,CLI-47342,2026-06-15 10:57:00,2478043.35,CRC,deposito,sucursal,PU-001,Tarjeta Crédito
TXN-00006908,CTA-559471,CLI-88272,2026-06-13 14:52:00,1718257.62,CRC,pago,app_movil,LI-001,Préstamo Personal
TXN-00006909,CTA-563434,CLI-94139,2026-06-28 08:35:00,2381454.7,CRC,deposito,atm,SJ-001,Tarjeta Crédito
TXN-00006910,CTA-120665,CLI-19337,2026-06-16 08:31:00,134976.62,CRC,pago,sucursal,CA-001,Cuenta Corriente
TXN-00006911,CTA-280447,CLI-56064,2026-06-12 22:22:00,757610.92,CRC,comision,sucursal,SJ-002,Cuenta Corriente
TXN-00006912,CTA-681143,CLI-56842,2026-06-30 01:12:00,2873923.71,CRC,pago,web,AL-001,Cuenta Ahorro
TXN-00006913,CTA-458539,CLI-94637,2026-06-12 18:10:00,1834276.04,CRC,retiro,atm,SJ-001,Cuenta Corriente
TXN-00006914,CTA-657621,CLI-56559,2026-06-23 16:01:00,1444299.78,CRC,pago,atm,LI-002,Cuenta Ahorro
TXN-00006915,CTA-263261,CLI-45345,2026-06-30 14:03:00,1540862.46,CRC,retiro,web,PU-001,Tarjeta Crédito
TXN-00006916,CTA-124820,CLI-34226,2026-06-08 00:42:00,3910758.39,CRC,retiro,app_movil,AL-001,Tarjeta Crédito
TXN-00006917,CTA-698565,CLI-63191,2026-06-04 07:33:00,2092525.24,CRC,deposito,web,SJ-001,Cuenta Ahorro
TXN-00006918,CTA-164698,CLI-99989,2026-06-18 02:40:00,782767.03,CRC,deposito,atm,LI-001,Préstamo Hipotecario
TXN-00006919,CTA-531171,CLI-69167,2026-06-21 23:53:00,236448.79,CRC,retiro,web,PU-001,Cuenta Ahorro
TXN-00006920,CTA-350214,CLI-31075,2026-06-18 00:26:00,275673.35,CRC,deposito,sinpe,SJ-001,Tarjeta Crédito
TXN-00006921,CTA-162085,CLI-59084,2026-06-18 17:40:00,3946308.5,CRC,deposito,web,CA-001,Tarjeta Crédito
TXN-00006922,CTA-507128,CLI-92361,2026-06-02 21:31:00,4468036.67,CRC,deposito,atm,PU-001,Préstamo Hipotecario
TXN-00006923,CTA-468299,CLI-26594,2026-06-24 15:48:00,1363379.71,CRC,retiro,web,HE-001,Tarjeta Crédito
TXN-00006924,CTA-878776,CLI-13572,2026-06-27 09:55:00,361878.27,CRC,deposito,sucursal,HE-001,Cuenta Corriente
TXN-00006925,CTA-883012,CLI-14468,2026-06-25 11:23:00,2458882.65,CRC,transferencia,app_movil,PU-001,Préstamo Personal
TXN-00006926,CTA-201283,CLI-57523,2026-06-07 13:02:00,4727968.38,CRC,deposito,web,CA-001,Tarjeta Crédito
TXN-00006927,CTA-931189,CLI-33439,2026-06-06 16:06:00,2364409.79,CRC,comision,web,PU-001,Cuenta Corriente
TXN-00006928,CTA-184531,CLI-45469,2026-06-16 08:26:00,1768874.18,CRC,retiro,atm,PU-001,Cuenta Ahorro
TXN-00006929,CTA-148943,CLI-47591,2026-06-09 04:03:00,2476818.93,CRC,retiro,app_movil,SJ-001,Cuenta Corriente
TXN-00006930,CTA-250373,CLI-83578,2026-06-21 17:27:00,842693.26,CRC,pago,atm,LI-002,Préstamo Hipotecario
TXN-00006931,CTA-693925,CLI-35228,2026-06-28 04:34:00,4562762.1,CRC,pago,web,LI-001,Tarjeta Crédito
TXN-00006932,CTA-609760,CLI-61364,2026-06-08 11:33:00,165858.77,CRC,pago,sinpe,PU-001,Préstamo Personal
TXN-00006933,CTA-166836,CLI-37081,2026-06-10 17:07:00,591303.81,CRC,deposito,atm,SJ-001,Cuenta Ahorro
TXN-00006934,CTA-655358,CLI-39166,2026-06-27 10:05:00,4724954.3,CRC,transferencia,sucursal,AL-001,Cuenta Ahorro
TXN-00006935,CTA-146384,CLI-45357,2026-06-10 13:47:00,2469490.01,CRC,transferencia,sinpe,LI-002,Cuenta Corriente
TXN-00006936,CTA-376767,CLI-46524,2026-06-19 02:12:00,3146284.38,CRC,comision,sinpe,CA-001,Préstamo Personal
TXN-00006937,CTA-392280,CLI-24371,2026-06-25 23:31:00,2049399.1,CRC,retiro,web,HE-001,Cuenta Corriente
TXN-00006938,CTA-426099,CLI-27012,2026-06-19 00:33:00,1625087.19,CRC,pago,sinpe,LI-001,Cuenta Ahorro
TXN-00006939,CTA-226633,CLI-49037,2026-06-09 22:30:00,279402.87,CRC,pago,app_movil,LI-002,Préstamo Personal
TXN-00006940,CTA-801908,CLI-59814,2026-06-28 21:11:00,1560038.12,CRC,deposito,app_movil,SJ-001,Cuenta Ahorro
TXN-00006941,CTA-779992,CLI-95091,2026-06-28 19:03:00,3310318.1,CRC,transferencia,atm,PU-001,Tarjeta Crédito
TXN-00006942,CTA-378065,CLI-36005,2026-06-04 18:09:00,3788154.54,CRC,pago,web,SJ-001,Cuenta Corriente
TXN-00006943,CTA-134479,CLI-53273,2026-06-08 14:21:00,2292551.78,CRC,deposito,sucursal,PU-001,Tarjeta Crédito
TXN-00006944,CTA-573016,CLI-34490,2026-06-19 19:42:00,1189080.24,CRC,transferencia,web,AL-001,Tarjeta Crédito
TXN-00006945,CTA-663392,CLI-56829,2026-06-15 19:31:00,49037.52,CRC,deposito,app_movil,PU-001,Préstamo Hipotecario
TXN-00006946,CTA-435781,CLI-61500,2026-06-27 23:53:00,4557152.26,CRC,retiro,sucursal,SJ-001,Cuenta Ahorro
TXN-00006947,CTA-897454,CLI-25120,2026-06-19 09:33:00,3026405.19,CRC,deposito,web,LI-002,Préstamo Hipotecario
TXN-00006948,CTA-732061,CLI-32461,2026-06-16 07:51:00,899348.67,CRC,pago,sucursal,SJ-002,Préstamo Hipotecario
TXN-00006949,CTA-246398,CLI-29114,2026-06-04 12:17:00,2984674.62,CRC,retiro,sinpe,PU-001,Cuenta Ahorro
TXN-00006950,CTA-174122,CLI-82346,2026-06-16 20:16:00,2731858.93,CRC,pago,atm,CA-001,Préstamo Personal
TXN-00006951,CTA-492552,CLI-99081,2026-06-18 18:16:00,2450306.85,CRC,pago,sucursal,SJ-002,Cuenta Ahorro
TXN-00006952,CTA-958005,CLI-78217,2026-06-12 18:11:00,4203420.99,CRC,retiro,web,LI-001,Préstamo Personal
TXN-00006953,CTA-326794,CLI-40788,2026-06-01 15:21:00,2926948.68,CRC,transferencia,app_movil,LI-002,Préstamo Hipotecario
TXN-00006954,CTA-328737,CLI-61428,2026-06-10 03:34:00,2360049.73,CRC,deposito,atm,CA-001,Préstamo Hipotecario
TXN-00006955,CTA-525525,CLI-60140,2026-06-09 07:20:00,2073825.5,CRC,comision,app_movil,PU-001,Préstamo Hipotecario
TXN-00006956,CTA-537339,CLI-54027,2026-06-02 00:10:00,2944617.81,CRC,retiro,app_movil,LI-002,Cuenta Corriente
TXN-00006957,CTA-608074,CLI-57788,2026-06-03 06:01:00,4058020.69,CRC,deposito,sinpe,AL-001,Cuenta Ahorro
TXN-00006958,CTA-106005,CLI-91106,2026-06-19 14:55:00,1405286.2,CRC,retiro,sinpe,SJ-001,Cuenta Corriente
TXN-00006959,CTA-191221,CLI-44716,2026-06-11 16:31:00,2263567.0,CRC,retiro,app_movil,CA-001,Cuenta Ahorro
TXN-00006960,CTA-285120,CLI-75381,2026-06-22 11:50:00,2248422.96,CRC,comision,sucursal,HE-001,Préstamo Hipotecario
TXN-00006961,CTA-858950,CLI-75968,2026-06-08 23:36:00,3426507.85,CRC,comision,atm,AL-001,Préstamo Hipotecario
TXN-00006962,CTA-963216,CLI-64602,2026-06-15 21:58:00,789856.73,CRC,retiro,sinpe,HE-001,Cuenta Ahorro
TXN-00006963,CTA-635570,CLI-38084,2026-06-12 05:17:00,3655081.86,CRC,retiro,atm,PU-001,Cuenta Corriente
TXN-00006964,CTA-640080,CLI-21203,2026-06-22 10:49:00,3991229.34,CRC,comision,atm,AL-001,Préstamo Hipotecario
TXN-00006965,CTA-799479,CLI-64584,2026-06-23 20:41:00,3153493.49,CRC,deposito,sinpe,SJ-002,Cuenta Corriente
TXN-00006966,CTA-688573,CLI-18178,2026-06-27 19:55:00,2999394.66,CRC,transferencia,app_movil,SJ-001,Préstamo Hipotecario
TXN-00006967,CTA-285592,CLI-67355,2026-06-10 11:02:00,1970788.42,CRC,retiro,atm,CA-001,Tarjeta Crédito
TXN-00006968,CTA-476850,CLI-88943,2026-06-15 23:41:00,929206.38,CRC,transferencia,sucursal,AL-001,Préstamo Personal
TXN-00006969,CTA-822998,CLI-73487,2026-06-23 05:36:00,3986501.26,CRC,retiro,sucursal,CA-001,Cuenta Ahorro
TXN-00006970,CTA-349679,CLI-29137,2026-06-05 15:18:00,4983350.33,CRC,transferencia,app_movil,LI-001,Cuenta Corriente
TXN-00006971,CTA-294935,CLI-84278,2026-06-18 20:33:00,3886800.24,CRC,pago,atm,CA-001,Tarjeta Crédito
TXN-00006972,CTA-513801,CLI-54335,2026-06-05 09:30:00,3523403.02,CRC,deposito,web,SJ-002,Cuenta Corriente
TXN-00006973,CTA-410559,CLI-87711,2026-06-25 21:04:00,868277.86,CRC,transferencia,app_movil,PU-001,Cuenta Ahorro
TXN-00006974,CTA-856600,CLI-10609,2026-06-10 01:40:00,2131050.8,CRC,transferencia,web,PU-001,Tarjeta Crédito
TXN-00006975,CTA-419633,CLI-72770,2026-06-07 18:40:00,1976183.32,CRC,deposito,app_movil,PU-001,Préstamo Hipotecario
TXN-00006976,CTA-241146,CLI-96291,2026-06-04 21:37:00,4562921.86,CRC,deposito,web,CA-001,Cuenta Ahorro
TXN-00006977,CTA-191506,CLI-80429,2026-06-09 19:08:00,2915172.12,CRC,transferencia,web,SJ-002,Tarjeta Crédito
TXN-00006978,CTA-327868,CLI-66705,2026-06-17 14:37:00,3876623.05,CRC,comision,sinpe,SJ-001,Tarjeta Crédito
TXN-00006979,CTA-873235,CLI-65118,2026-06-03 21:11:00,2291174.74,CRC,transferencia,atm,PU-001,Préstamo Hipotecario
TXN-00006980,CTA-725942,CLI-59688,2026-06-29 03:44:00,4707784.51,CRC,pago,sinpe,SJ-002,Préstamo Personal
TXN-00006981,CTA-244610,CLI-35862,2026-06-19 11:25:00,3703458.62,CRC,pago,atm,SJ-001,Tarjeta Crédito
TXN-00006982,CTA-988716,CLI-47921,2026-06-27 00:53:00,3431725.44,CRC,retiro,web,LI-001,Cuenta Corriente
TXN-00006983,CTA-364179,CLI-30326,2026-06-13 05:44:00,4436955.72,CRC,transferencia,sinpe,CA-001,Cuenta Corriente
TXN-00006984,CTA-225452,CLI-75201,2026-06-20 00:40:00,2149696.26,CRC,pago,web,AL-001,Tarjeta Crédito
TXN-00006985,CTA-203562,CLI-34370,2026-06-13 10:38:00,906350.84,CRC,transferencia,sucursal,AL-001,Cuenta Corriente
TXN-00006986,CTA-638143,CLI-22143,2026-06-27 20:48:00,959803.35,CRC,comision,app_movil,LI-002,Cuenta Ahorro
TXN-00006987,CTA-575740,CLI-52816,2026-06-12 17:07:00,1020808.39,CRC,deposito,app_movil,LI-002,Cuenta Ahorro
TXN-00006988,CTA-864140,CLI-83337,2026-06-27 21:26:00,2702705.09,CRC,transferencia,app_movil,LI-001,Préstamo Hipotecario
TXN-00006989,CTA-206033,CLI-13197,2026-06-10 08:46:00,842289.72,CRC,transferencia,atm,CA-001,Cuenta Ahorro
TXN-00006990,CTA-433265,CLI-95221,2026-06-15 16:23:00,4826373.07,CRC,pago,sucursal,SJ-002,Tarjeta Crédito
TXN-00006991,CTA-181630,CLI-89356,2026-06-11 05:56:00,3484168.8,CRC,deposito,web,SJ-002,Cuenta Ahorro
TXN-00006992,CTA-758734,CLI-21156,2026-06-09 21:38:00,1306698.38,CRC,transferencia,atm,LI-001,Cuenta Ahorro
TXN-00006993,CTA-212986,CLI-73539,2026-06-12 01:32:00,1618910.21,CRC,pago,sinpe,AL-001,Préstamo Hipotecario
TXN-00006994,CTA-665605,CLI-27426,2026-06-07 09:43:00,163995.91,CRC,comision,sinpe,AL-001,Tarjeta Crédito
TXN-00006995,CTA-637103,CLI-49798,2026-06-16 12:27:00,869447.33,CRC,transferencia,web,SJ-001,Cuenta Corriente
TXN-00006996,CTA-820047,CLI-23104,2026-06-26 08:01:00,2864945.52,CRC,comision,sinpe,PU-001,Cuenta Corriente
TXN-00006997,CTA-407586,CLI-88239,2026-06-20 10:38:00,1846367.24,CRC,comision,sucursal,AL-001,Cuenta Corriente
TXN-00006998,CTA-538545,CLI-54395,2026-06-14 18:20:00,1244784.72,CRC,deposito,sucursal,LI-001,Cuenta Ahorro
TXN-00006999,CTA-333870,CLI-64299,2026-06-24 13:01:00,555784.26,CRC,pago,atm,PU-001,Préstamo Personal
TXN-00007000,CTA-966159,CLI-11421,2026-06-04 17:16:00,503234.68,CRC,transferencia,atm,PU-001,Cuenta Ahorro
TXN-00007001,CTA-607615,CLI-97581,2026-06-11 07:25:00,3410080.77,CRC,retiro,web,LI-002,Préstamo Personal
TXN-00007002,CTA-372274,CLI-73423,2026-06-04 13:26:00,2491280.51,CRC,deposito,web,AL-001,Préstamo Hipotecario
TXN-00007003,CTA-282535,CLI-24158,2026-06-18 01:27:00,4023134.55,CRC,pago,sinpe,CA-001,Préstamo Hipotecario
TXN-00007004,CTA-506711,CLI-91499,2026-06-14 18:29:00,3315565.24,CRC,pago,sucursal,SJ-001,Préstamo Hipotecario
TXN-00007005,CTA-995533,CLI-16897,2026-06-20 09:30:00,4929789.01,CRC,transferencia,app_movil,LI-002,Préstamo Hipotecario
TXN-00007006,CTA-168350,CLI-90722,2026-06-20 13:42:00,3064672.37,CRC,deposito,web,AL-001,Préstamo Personal
TXN-00007007,CTA-823014,CLI-83164,2026-06-26 02:52:00,1568294.74,CRC,pago,atm,LI-002,Préstamo Personal
TXN-00007008,CTA-222705,CLI-89630,2026-06-12 18:20:00,4443362.31,CRC,retiro,atm,SJ-001,Tarjeta Crédito
TXN-00007009,CTA-451141,CLI-52756,2026-06-12 05:31:00,2265802.44,CRC,deposito,atm,SJ-002,Préstamo Personal
TXN-00007010,CTA-840297,CLI-40667,2026-06-05 16:17:00,561860.36,CRC,comision,atm,PU-001,Cuenta Corriente
TXN-00007011,CTA-497029,CLI-72490,2026-06-11 07:36:00,629375.81,CRC,transferencia,atm,LI-002,Tarjeta Crédito
TXN-00007012,CTA-762968,CLI-17525,2026-06-21 00:36:00,4092804.08,CRC,comision,atm,PU-001,Cuenta Corriente
TXN-00007013,CTA-792142,CLI-18101,2026-06-12 17:48:00,1779565.29,CRC,comision,atm,AL-001,Préstamo Personal
TXN-00007014,CTA-158954,CLI-38582,2026-06-09 22:45:00,3386440.28,CRC,comision,atm,PU-001,Tarjeta Crédito
TXN-00007015,CTA-320330,CLI-29473,2026-06-08 07:16:00,949956.29,CRC,comision,sinpe,AL-001,Préstamo Personal
TXN-00007016,CTA-423672,CLI-36564,2026-06-23 03:03:00,4470307.39,CRC,transferencia,sinpe,CA-001,Tarjeta Crédito
TXN-00007017,CTA-585744,CLI-71097,2026-06-29 02:34:00,4357379.09,CRC,pago,sucursal,SJ-002,Préstamo Hipotecario
TXN-00007018,CTA-789460,CLI-85441,2026-06-17 11:22:00,3518361.93,CRC,retiro,sucursal,PU-001,Tarjeta Crédito
TXN-00007019,CTA-825944,CLI-63344,2026-06-30 10:51:00,1133684.43,CRC,retiro,web,HE-001,Préstamo Personal
TXN-00007020,CTA-583874,CLI-25187,2026-06-09 00:55:00,485670.49,CRC,pago,atm,LI-002,Cuenta Ahorro
TXN-00007021,CTA-449005,CLI-55494,2026-06-29 23:41:00,2985247.39,CRC,retiro,sinpe,LI-001,Tarjeta Crédito
TXN-00007022,CTA-695717,CLI-78337,2026-06-17 19:22:00,2125531.21,CRC,comision,atm,SJ-001,Préstamo Hipotecario
TXN-00007023,CTA-664258,CLI-64133,2026-06-30 21:58:00,3034975.38,CRC,retiro,app_movil,AL-001,Préstamo Hipotecario
TXN-00007024,CTA-645793,CLI-53715,2026-06-27 02:40:00,3519685.72,CRC,transferencia,atm,LI-002,Cuenta Corriente
TXN-00007025,CTA-906072,CLI-90772,2026-06-21 07:53:00,3504340.1,CRC,transferencia,sucursal,CA-001,Cuenta Corriente
TXN-00007026,CTA-174687,CLI-56690,2026-06-15 05:02:00,1317280.1,CRC,transferencia,atm,SJ-002,Cuenta Corriente
TXN-00007027,CTA-508290,CLI-29271,2026-06-27 09:17:00,2313596.17,CRC,transferencia,sucursal,PU-001,Préstamo Hipotecario
TXN-00007028,CTA-424259,CLI-12960,2026-06-17 10:00:00,1309246.0,CRC,transferencia,sucursal,LI-002,Préstamo Personal
TXN-00007029,CTA-928659,CLI-12586,2026-06-29 23:21:00,4959085.87,CRC,retiro,atm,LI-002,Tarjeta Crédito
TXN-00007030,CTA-953022,CLI-40338,2026-06-22 00:29:00,1902418.04,CRC,deposito,web,PU-001,Préstamo Personal
TXN-00007031,CTA-799506,CLI-94510,2026-06-26 22:57:00,1603037.08,CRC,deposito,sinpe,LI-002,Cuenta Corriente
TXN-00007032,CTA-203240,CLI-91455,2026-06-18 23:41:00,3833000.75,CRC,transferencia,app_movil,LI-001,Préstamo Personal
TXN-00007033,CTA-943837,CLI-63495,2026-06-08 17:13:00,1403170.53,CRC,deposito,atm,CA-001,Cuenta Corriente
TXN-00007034,CTA-165582,CLI-75408,2026-06-13 09:02:00,3561000.11,CRC,deposito,sinpe,SJ-002,Cuenta Ahorro
TXN-00007035,CTA-716076,CLI-28813,2026-06-26 15:35:00,696652.09,CRC,transferencia,app_movil,AL-001,Cuenta Ahorro
TXN-00007036,CTA-713566,CLI-56648,2026-06-29 03:13:00,22859.21,CRC,deposito,app_movil,SJ-001,Cuenta Corriente
TXN-00007037,CTA-807203,CLI-68427,2026-06-14 19:53:00,1284317.42,CRC,retiro,sinpe,LI-002,Préstamo Hipotecario
TXN-00007038,CTA-437643,CLI-26586,2026-06-03 11:52:00,4996088.38,CRC,retiro,web,LI-001,Préstamo Hipotecario
TXN-00007039,CTA-618558,CLI-55210,2026-06-09 13:06:00,1263019.83,CRC,pago,atm,SJ-001,Tarjeta Crédito
TXN-00007040,CTA-964753,CLI-60092,2026-06-18 03:30:00,1418481.55,CRC,retiro,sucursal,HE-001,Cuenta Ahorro
TXN-00007041,CTA-534506,CLI-54911,2026-06-12 04:17:00,4421692.01,CRC,deposito,sinpe,HE-001,Cuenta Corriente
TXN-00007042,CTA-930454,CLI-16955,2026-06-10 10:17:00,2807706.98,CRC,comision,sucursal,HE-001,Tarjeta Crédito
TXN-00007043,CTA-542749,CLI-16427,2026-06-05 01:25:00,206671.81,CRC,pago,atm,CA-001,Tarjeta Crédito
TXN-00007044,CTA-769854,CLI-84182,2026-06-27 11:19:00,1007530.77,CRC,retiro,atm,SJ-001,Cuenta Corriente
TXN-00007045,CTA-755630,CLI-35487,2026-06-23 02:06:00,3696697.33,CRC,retiro,atm,LI-002,Cuenta Ahorro
TXN-00007046,CTA-837717,CLI-69491,2026-06-29 16:39:00,4785629.13,CRC,deposito,sinpe,SJ-001,Cuenta Ahorro
TXN-00007047,CTA-501505,CLI-97888,2026-06-05 13:05:00,461018.87,CRC,deposito,web,AL-001,Cuenta Ahorro
TXN-00007048,CTA-170284,CLI-79217,2026-06-26 21:28:00,4807952.66,CRC,pago,web,AL-001,Préstamo Hipotecario
TXN-00007049,CTA-964077,CLI-13574,2026-06-06 03:57:00,3307423.54,CRC,comision,app_movil,SJ-002,Cuenta Ahorro
TXN-00007050,CTA-705227,CLI-99119,2026-06-11 17:16:00,4436728.06,CRC,pago,app_movil,CA-001,Cuenta Ahorro
TXN-00007051,CTA-431836,CLI-41427,2026-06-17 04:42:00,3041135.99,CRC,transferencia,web,LI-002,Tarjeta Crédito
TXN-00007052,CTA-735147,CLI-95915,2026-06-13 07:23:00,4517684.84,CRC,retiro,atm,SJ-002,Tarjeta Crédito
TXN-00007053,CTA-361109,CLI-87572,2026-06-21 13:00:00,2617328.5,CRC,comision,web,AL-001,Cuenta Ahorro
TXN-00007054,CTA-342789,CLI-75824,2026-06-14 22:24:00,3318147.45,CRC,transferencia,sinpe,SJ-001,Cuenta Ahorro
TXN-00007055,CTA-764456,CLI-55220,2026-06-03 14:53:00,352521.7,CRC,comision,app_movil,CA-001,Tarjeta Crédito
TXN-00007056,CTA-730725,CLI-94240,2026-06-15 14:22:00,3036416.25,CRC,deposito,sucursal,SJ-001,Préstamo Hipotecario
TXN-00007057,CTA-494587,CLI-90702,2026-06-17 14:54:00,693060.41,CRC,retiro,sinpe,LI-002,Tarjeta Crédito
TXN-00007058,CTA-991449,CLI-73023,2026-06-11 17:17:00,123768.44,CRC,retiro,sucursal,SJ-002,Cuenta Ahorro
TXN-00007059,CTA-435503,CLI-38364,2026-06-24 15:39:00,2223777.18,CRC,transferencia,sinpe,AL-001,Cuenta Corriente
TXN-00007060,CTA-510213,CLI-78306,2026-06-09 02:25:00,2882834.94,CRC,comision,sinpe,HE-001,Cuenta Ahorro
TXN-00007061,CTA-859749,CLI-53411,2026-06-11 17:11:00,2739661.74,CRC,retiro,app_movil,LI-001,Cuenta Corriente
TXN-00007062,CTA-833343,CLI-99102,2026-06-01 01:45:00,4909997.77,CRC,transferencia,atm,SJ-002,Tarjeta Crédito
TXN-00007063,CTA-248063,CLI-10512,2026-06-15 00:36:00,2456945.34,CRC,pago,atm,HE-001,Cuenta Corriente
TXN-00007064,CTA-963637,CLI-82006,2026-06-17 16:14:00,3992891.6,CRC,pago,app_movil,SJ-002,Cuenta Ahorro
TXN-00007065,CTA-783377,CLI-69252,2026-06-07 03:05:00,514290.41,CRC,pago,atm,AL-001,Préstamo Hipotecario
TXN-00007066,CTA-915134,CLI-42917,2026-06-28 20:47:00,670605.24,CRC,comision,sinpe,SJ-001,Cuenta Ahorro
TXN-00007067,CTA-318946,CLI-33061,2026-06-27 03:08:00,131242.99,CRC,deposito,atm,SJ-002,Cuenta Corriente
TXN-00007068,CTA-237615,CLI-76610,2026-06-03 09:03:00,3199880.37,CRC,deposito,app_movil,CA-001,Cuenta Ahorro
TXN-00007069,CTA-458158,CLI-68726,2026-06-28 04:34:00,862441.34,CRC,transferencia,atm,LI-002,Cuenta Corriente
TXN-00007070,CTA-158551,CLI-94357,2026-06-08 02:07:00,1073812.03,CRC,deposito,web,PU-001,Préstamo Hipotecario
TXN-00007071,CTA-124217,CLI-33682,2026-06-20 09:41:00,1040032.99,CRC,retiro,atm,CA-001,Cuenta Corriente
TXN-00007072,CTA-976278,CLI-79800,2026-06-22 06:02:00,2147654.52,CRC,comision,sinpe,PU-001,Cuenta Ahorro
TXN-00007073,CTA-538192,CLI-31021,2026-06-06 08:58:00,2446019.82,CRC,deposito,sucursal,AL-001,Cuenta Ahorro
TXN-00007074,CTA-851865,CLI-55563,2026-06-14 18:50:00,2885941.23,CRC,comision,sucursal,LI-001,Préstamo Hipotecario
TXN-00007075,CTA-517082,CLI-30921,2026-06-17 17:26:00,4683740.94,CRC,deposito,sinpe,PU-001,Cuenta Ahorro
TXN-00007076,CTA-134474,CLI-86475,2026-06-28 05:05:00,4225052.96,CRC,comision,atm,LI-001,Tarjeta Crédito
TXN-00007077,CTA-318146,CLI-67539,2026-06-04 10:00:00,2492790.02,CRC,pago,sucursal,HE-001,Préstamo Personal
TXN-00007078,CTA-537697,CLI-48287,2026-06-26 06:54:00,1744902.85,CRC,comision,atm,AL-001,Préstamo Hipotecario
TXN-00007079,CTA-558194,CLI-64747,2026-06-20 11:56:00,4975719.45,CRC,comision,atm,HE-001,Tarjeta Crédito
TXN-00007080,CTA-437176,CLI-25415,2026-06-23 14:29:00,3614843.93,CRC,comision,web,LI-002,Tarjeta Crédito
TXN-00007081,CTA-865142,CLI-86162,2026-06-03 09:04:00,2320331.55,CRC,pago,atm,PU-001,Tarjeta Crédito
TXN-00007082,CTA-772307,CLI-10687,2026-06-04 00:46:00,1870906.81,CRC,transferencia,sinpe,SJ-002,Cuenta Ahorro
TXN-00007083,CTA-102912,CLI-50685,2026-06-16 01:57:00,2515894.42,CRC,retiro,web,PU-001,Tarjeta Crédito
TXN-00007084,CTA-148639,CLI-81494,2026-06-18 04:46:00,3087031.6,CRC,deposito,atm,LI-002,Préstamo Personal
TXN-00007085,CTA-758580,CLI-61084,2026-06-19 12:48:00,3463420.5,CRC,retiro,sinpe,SJ-001,Cuenta Ahorro
TXN-00007086,CTA-410116,CLI-23396,2026-06-23 23:04:00,159281.62,CRC,pago,sucursal,LI-001,Préstamo Personal
TXN-00007087,CTA-760229,CLI-93783,2026-06-16 00:42:00,4294761.22,CRC,retiro,app_movil,SJ-001,Préstamo Hipotecario
TXN-00007088,CTA-215242,CLI-34175,2026-06-08 04:28:00,1673814.73,CRC,retiro,sinpe,AL-001,Cuenta Corriente
TXN-00007089,CTA-959946,CLI-60102,2026-06-08 22:39:00,1328006.85,CRC,retiro,web,HE-001,Préstamo Personal
TXN-00007090,CTA-200583,CLI-48488,2026-06-12 01:56:00,4781722.75,CRC,comision,web,LI-001,Tarjeta Crédito
TXN-00007091,CTA-430421,CLI-97866,2026-06-27 20:33:00,3150596.06,CRC,deposito,sucursal,LI-002,Préstamo Hipotecario
TXN-00007092,CTA-944599,CLI-83440,2026-06-15 23:08:00,1849144.89,CRC,comision,sucursal,HE-001,Préstamo Hipotecario
TXN-00007093,CTA-338079,CLI-53449,2026-06-15 06:02:00,4487933.27,CRC,comision,atm,CA-001,Préstamo Hipotecario
TXN-00007094,CTA-464325,CLI-39208,2026-06-28 17:18:00,2166852.65,CRC,transferencia,sinpe,SJ-002,Tarjeta Crédito
TXN-00007095,CTA-596480,CLI-95495,2026-06-07 12:21:00,2751072.23,CRC,transferencia,app_movil,AL-001,Cuenta Ahorro
TXN-00007096,CTA-194177,CLI-75082,2026-06-01 07:39:00,329647.11,CRC,transferencia,sinpe,SJ-001,Préstamo Personal
TXN-00007097,CTA-401078,CLI-89591,2026-06-12 08:26:00,613379.19,CRC,pago,sucursal,SJ-002,Cuenta Ahorro
TXN-00007098,CTA-739799,CLI-22622,2026-06-20 06:43:00,2823090.89,CRC,deposito,atm,SJ-001,Cuenta Corriente
TXN-00007099,CTA-508429,CLI-93245,2026-06-13 19:50:00,3026219.14,CRC,deposito,sinpe,LI-001,Préstamo Personal
TXN-00007100,CTA-988035,CLI-57467,2026-06-30 12:42:00,308919.66,CRC,comision,web,HE-001,Tarjeta Crédito
TXN-00007101,CTA-805050,CLI-48123,2026-06-24 15:47:00,1309363.72,CRC,transferencia,sinpe,CA-001,Tarjeta Crédito
TXN-00007102,CTA-414245,CLI-31352,2026-06-08 15:32:00,83376.35,CRC,deposito,sinpe,SJ-002,Tarjeta Crédito
TXN-00007103,CTA-526839,CLI-52013,2026-06-05 02:05:00,2727171.56,CRC,transferencia,sinpe,AL-001,Cuenta Corriente
TXN-00007104,CTA-444929,CLI-14565,2026-06-22 04:08:00,871167.68,CRC,transferencia,atm,LI-002,Cuenta Corriente
TXN-00007105,CTA-701636,CLI-36877,2026-06-16 05:27:00,3031478.43,CRC,pago,atm,SJ-002,Préstamo Personal
TXN-00007106,CTA-996385,CLI-68040,2026-06-22 04:51:00,4911541.3,CRC,comision,web,SJ-001,Cuenta Corriente
TXN-00007107,CTA-544350,CLI-86934,2026-06-19 07:00:00,4541032.58,CRC,transferencia,app_movil,SJ-002,Cuenta Ahorro
TXN-00007108,CTA-668302,CLI-44413,2026-06-17 14:43:00,860005.79,CRC,comision,sucursal,SJ-002,Préstamo Personal
TXN-00007109,CTA-922951,CLI-57189,2026-06-28 08:23:00,4891348.64,CRC,comision,atm,LI-001,Préstamo Hipotecario
TXN-00007110,CTA-164580,CLI-63638,2026-06-08 06:53:00,2315647.61,CRC,comision,sinpe,LI-002,Cuenta Ahorro
TXN-00007111,CTA-788164,CLI-24472,2026-06-07 05:03:00,2995650.72,CRC,transferencia,web,PU-001,Préstamo Hipotecario
TXN-00007112,CTA-121856,CLI-78644,2026-06-12 11:03:00,2175374.5,CRC,retiro,web,SJ-001,Préstamo Personal
TXN-00007113,CTA-846209,CLI-39532,2026-06-06 15:53:00,54835.48,CRC,transferencia,app_movil,SJ-001,Cuenta Ahorro
TXN-00007114,CTA-714839,CLI-60297,2026-06-02 05:37:00,1827832.86,CRC,comision,app_movil,HE-001,Tarjeta Crédito
TXN-00007115,CTA-730090,CLI-44256,2026-06-22 08:38:00,3519799.84,CRC,retiro,sinpe,CA-001,Tarjeta Crédito
TXN-00007116,CTA-599809,CLI-56992,2026-06-29 21:20:00,1002990.2,CRC,comision,sinpe,PU-001,Tarjeta Crédito
TXN-00007117,CTA-666872,CLI-72069,2026-06-27 22:54:00,1214468.9,CRC,comision,web,SJ-002,Cuenta Corriente
TXN-00007118,CTA-794487,CLI-99229,2026-06-06 03:25:00,3149775.16,CRC,deposito,app_movil,SJ-002,Cuenta Ahorro
TXN-00007119,CTA-800974,CLI-30950,2026-06-11 15:12:00,3050914.39,CRC,retiro,sucursal,LI-002,Cuenta Corriente
TXN-00007120,CTA-185498,CLI-92509,2026-06-13 02:29:00,832957.04,CRC,pago,app_movil,CA-001,Préstamo Personal
TXN-00007121,CTA-608727,CLI-88865,2026-06-05 11:21:00,2448870.71,CRC,pago,sucursal,AL-001,Cuenta Ahorro
TXN-00007122,CTA-746220,CLI-94656,2026-06-24 04:56:00,3797553.58,CRC,deposito,sinpe,LI-002,Cuenta Corriente
TXN-00007123,CTA-152965,CLI-76517,2026-06-09 17:41:00,864212.44,CRC,retiro,sucursal,AL-001,Cuenta Corriente
TXN-00007124,CTA-790811,CLI-41355,2026-06-14 21:24:00,2595777.12,CRC,transferencia,app_movil,HE-001,Préstamo Hipotecario
TXN-00007125,CTA-367817,CLI-86825,2026-06-23 08:05:00,2077504.03,CRC,transferencia,web,SJ-002,Cuenta Corriente
TXN-00007126,CTA-801094,CLI-54657,2026-06-02 13:33:00,4861974.91,CRC,comision,sinpe,HE-001,Cuenta Corriente
TXN-00007127,CTA-272032,CLI-27447,2026-06-01 16:13:00,2556540.97,CRC,transferencia,app_movil,AL-001,Préstamo Personal
TXN-00007128,CTA-919125,CLI-95652,2026-06-02 23:44:00,2696336.51,CRC,retiro,app_movil,SJ-002,Cuenta Ahorro
TXN-00007129,CTA-319794,CLI-43743,2026-06-23 12:02:00,3380147.39,CRC,deposito,sucursal,LI-002,Cuenta Corriente
TXN-00007130,CTA-448225,CLI-93770,2026-06-16 12:53:00,2870292.08,CRC,deposito,web,LI-002,Cuenta Ahorro
TXN-00007131,CTA-645842,CLI-25101,2026-06-11 03:32:00,4608749.87,CRC,retiro,web,CA-001,Préstamo Hipotecario
TXN-00007132,CTA-758684,CLI-53866,2026-06-08 10:21:00,235337.77,CRC,retiro,sinpe,AL-001,Préstamo Personal
TXN-00007133,CTA-401730,CLI-62958,2026-06-29 01:07:00,2765624.65,CRC,retiro,app_movil,PU-001,Cuenta Corriente
TXN-00007134,CTA-156143,CLI-64665,2026-06-18 12:55:00,44449.15,CRC,retiro,app_movil,LI-002,Préstamo Hipotecario
TXN-00007135,CTA-380838,CLI-11292,2026-06-07 05:32:00,4117409.98,CRC,pago,web,SJ-002,Préstamo Personal
TXN-00007136,CTA-323435,CLI-60970,2026-06-13 22:43:00,3339424.46,CRC,retiro,sinpe,LI-001,Cuenta Ahorro
TXN-00007137,CTA-448856,CLI-15744,2026-06-06 06:59:00,4443289.49,CRC,deposito,app_movil,CA-001,Cuenta Ahorro
TXN-00007138,CTA-495288,CLI-81010,2026-06-13 07:51:00,4620154.77,CRC,comision,atm,HE-001,Cuenta Corriente
TXN-00007139,CTA-186632,CLI-79027,2026-06-27 20:19:00,4099431.28,CRC,transferencia,sinpe,AL-001,Préstamo Hipotecario
TXN-00007140,CTA-801079,CLI-86539,2026-06-28 00:14:00,1780501.95,CRC,transferencia,sinpe,HE-001,Préstamo Personal
TXN-00007141,CTA-983574,CLI-29231,2026-06-07 09:47:00,1474420.77,CRC,deposito,atm,LI-001,Préstamo Personal
TXN-00007142,CTA-811865,CLI-24124,2026-06-12 09:50:00,4958159.36,CRC,pago,atm,HE-001,Préstamo Personal
TXN-00007143,CTA-375649,CLI-60367,2026-06-11 12:14:00,2934415.44,CRC,transferencia,app_movil,HE-001,Tarjeta Crédito
TXN-00007144,CTA-827465,CLI-57592,2026-06-14 16:50:00,1526502.42,CRC,pago,atm,HE-001,Préstamo Hipotecario
TXN-00007145,CTA-267825,CLI-51559,2026-06-04 02:30:00,3696474.39,CRC,retiro,sinpe,HE-001,Préstamo Hipotecario
TXN-00007146,CTA-433449,CLI-12251,2026-06-25 07:25:00,1490656.91,CRC,comision,sinpe,PU-001,Cuenta Ahorro
TXN-00007147,CTA-186207,CLI-72345,2026-06-02 03:11:00,1191913.17,CRC,comision,atm,HE-001,Cuenta Ahorro
TXN-00007148,CTA-202674,CLI-39335,2026-06-04 11:29:00,4695726.02,CRC,pago,sinpe,CA-001,Préstamo Hipotecario
TXN-00007149,CTA-329416,CLI-90641,2026-06-23 17:18:00,1303902.0,CRC,retiro,web,LI-001,Préstamo Personal
TXN-00007150,CTA-562735,CLI-25988,2026-06-23 00:20:00,3742271.05,CRC,transferencia,atm,AL-001,Cuenta Ahorro
TXN-00007151,CTA-432752,CLI-10196,2026-06-08 10:17:00,578812.51,CRC,retiro,sinpe,HE-001,Cuenta Ahorro
TXN-00007152,CTA-597870,CLI-28015,2026-06-13 12:25:00,931003.5,CRC,retiro,sucursal,SJ-002,Préstamo Personal
TXN-00007153,CTA-172183,CLI-88538,2026-06-07 15:43:00,2223292.43,CRC,pago,atm,SJ-001,Cuenta Ahorro
TXN-00007154,CTA-154481,CLI-66308,2026-06-22 17:33:00,4714885.45,CRC,retiro,sucursal,SJ-001,Cuenta Ahorro
TXN-00007155,CTA-319925,CLI-39637,2026-06-28 02:43:00,4690089.99,CRC,transferencia,sucursal,LI-002,Cuenta Corriente
TXN-00007156,CTA-298379,CLI-93906,2026-06-01 00:42:00,4580418.6,CRC,pago,atm,LI-001,Tarjeta Crédito
TXN-00007157,CTA-337361,CLI-30855,2026-06-25 20:27:00,4846744.14,CRC,deposito,sinpe,AL-001,Préstamo Hipotecario
TXN-00007158,CTA-862588,CLI-17987,2026-06-13 19:05:00,4395219.82,CRC,comision,sinpe,LI-001,Tarjeta Crédito
TXN-00007159,CTA-204554,CLI-88858,2026-06-24 02:12:00,2639319.73,CRC,comision,atm,SJ-002,Cuenta Ahorro
TXN-00007160,CTA-845306,CLI-83437,2026-06-26 13:09:00,2485083.99,CRC,retiro,atm,SJ-002,Cuenta Ahorro
TXN-00007161,CTA-298914,CLI-36276,2026-06-30 05:48:00,2059279.88,CRC,comision,atm,SJ-001,Tarjeta Crédito
TXN-00007162,CTA-397577,CLI-83903,2026-06-09 13:25:00,978137.06,CRC,pago,app_movil,HE-001,Préstamo Hipotecario
TXN-00007163,CTA-383523,CLI-16617,2026-06-21 05:51:00,3127602.02,CRC,comision,sucursal,AL-001,Cuenta Ahorro
TXN-00007164,CTA-305494,CLI-92135,2026-06-14 05:53:00,1385875.0,CRC,deposito,app_movil,AL-001,Préstamo Hipotecario
TXN-00007165,CTA-899950,CLI-70233,2026-06-30 08:44:00,3403762.59,CRC,retiro,app_movil,SJ-002,Préstamo Personal
TXN-00007166,CTA-779416,CLI-39807,2026-06-09 18:29:00,669753.32,CRC,deposito,sinpe,CA-001,Préstamo Personal
TXN-00007167,CTA-627147,CLI-41341,2026-06-08 18:27:00,1273206.64,CRC,comision,app_movil,HE-001,Préstamo Personal
TXN-00007168,CTA-275129,CLI-57946,2026-06-06 09:47:00,418720.26,CRC,pago,sinpe,AL-001,Préstamo Hipotecario
TXN-00007169,CTA-181904,CLI-16533,2026-06-27 18:18:00,4672767.21,CRC,retiro,atm,PU-001,Cuenta Corriente
TXN-00007170,CTA-270744,CLI-46828,2026-06-26 21:23:00,2354324.51,CRC,transferencia,sinpe,AL-001,Tarjeta Crédito
TXN-00007171,CTA-698254,CLI-86402,2026-06-09 00:45:00,2203825.39,CRC,deposito,atm,SJ-001,Cuenta Ahorro
TXN-00007172,CTA-911832,CLI-84117,2026-06-25 14:17:00,427215.21,CRC,pago,web,CA-001,Préstamo Hipotecario
TXN-00007173,CTA-525396,CLI-56960,2026-06-27 05:25:00,534598.93,CRC,deposito,app_movil,LI-001,Préstamo Hipotecario
TXN-00007174,CTA-411173,CLI-12731,2026-06-03 04:46:00,1862800.21,CRC,retiro,web,SJ-001,Préstamo Personal
TXN-00007175,CTA-232598,CLI-39133,2026-06-18 17:49:00,586554.4,CRC,deposito,web,SJ-001,Cuenta Ahorro
TXN-00007176,CTA-125693,CLI-14407,2026-06-16 10:49:00,1840093.1,CRC,deposito,sucursal,LI-002,Préstamo Personal
TXN-00007177,CTA-427423,CLI-41346,2026-06-19 16:55:00,2357910.73,CRC,comision,web,LI-001,Cuenta Ahorro
TXN-00007178,CTA-572937,CLI-93740,2026-06-25 23:18:00,4288213.88,CRC,deposito,sinpe,HE-001,Tarjeta Crédito
TXN-00007179,CTA-337892,CLI-16220,2026-06-17 15:52:00,4329034.74,CRC,retiro,app_movil,SJ-002,Cuenta Ahorro
TXN-00007180,CTA-301327,CLI-63352,2026-06-27 22:53:00,2680236.35,CRC,retiro,web,SJ-002,Cuenta Ahorro
TXN-00007181,CTA-724692,CLI-97001,2026-06-16 00:40:00,467762.4,CRC,comision,app_movil,SJ-002,Cuenta Ahorro
TXN-00007182,CTA-260311,CLI-40470,2026-06-04 22:24:00,772000.92,CRC,pago,app_movil,SJ-001,Tarjeta Crédito
TXN-00007183,CTA-806107,CLI-48642,2026-06-02 16:28:00,3911862.43,CRC,comision,sucursal,PU-001,Tarjeta Crédito
TXN-00007184,CTA-441844,CLI-46877,2026-06-08 06:50:00,2879217.54,CRC,pago,atm,AL-001,Tarjeta Crédito
TXN-00007185,CTA-180606,CLI-66688,2026-06-23 11:55:00,1113474.02,CRC,comision,app_movil,PU-001,Tarjeta Crédito
TXN-00007186,CTA-983293,CLI-17019,2026-06-17 20:46:00,4496988.94,CRC,retiro,web,LI-001,Tarjeta Crédito
TXN-00007187,CTA-994663,CLI-46980,2026-06-11 06:05:00,4995194.28,CRC,retiro,sucursal,LI-001,Préstamo Personal
TXN-00007188,CTA-573846,CLI-60328,2026-06-08 05:53:00,2185506.32,CRC,retiro,sucursal,HE-001,Préstamo Personal
TXN-00007189,CTA-418905,CLI-94412,2026-06-22 22:17:00,370303.69,CRC,pago,sinpe,PU-001,Cuenta Corriente
TXN-00007190,CTA-451623,CLI-31774,2026-06-13 15:05:00,4975199.21,CRC,retiro,atm,LI-001,Cuenta Ahorro
TXN-00007191,CTA-547504,CLI-44173,2026-06-02 23:13:00,2987261.41,CRC,retiro,atm,LI-001,Tarjeta Crédito
TXN-00007192,CTA-493678,CLI-45627,2026-06-28 12:02:00,2662472.99,CRC,retiro,web,LI-002,Cuenta Corriente
TXN-00007193,CTA-778228,CLI-34778,2026-06-29 02:20:00,200968.36,CRC,transferencia,sinpe,PU-001,Préstamo Hipotecario
TXN-00007194,CTA-548998,CLI-16080,2026-06-23 02:38:00,346404.83,CRC,deposito,atm,CA-001,Préstamo Personal
TXN-00007195,CTA-693654,CLI-89034,2026-06-16 14:53:00,4440035.63,CRC,transferencia,sucursal,CA-001,Cuenta Corriente
TXN-00007196,CTA-292476,CLI-43432,2026-06-05 08:42:00,1400516.08,CRC,deposito,app_movil,LI-001,Tarjeta Crédito
TXN-00007197,CTA-770380,CLI-70989,2026-06-02 01:01:00,1069168.1,CRC,comision,app_movil,HE-001,Préstamo Hipotecario
TXN-00007198,CTA-636582,CLI-41583,2026-06-19 22:15:00,2656587.6,CRC,transferencia,sinpe,SJ-001,Tarjeta Crédito
TXN-00007199,CTA-436264,CLI-44460,2026-06-17 00:47:00,2136366.16,CRC,comision,web,CA-001,Tarjeta Crédito
TXN-00007200,CTA-909444,CLI-73322,2026-06-28 21:28:00,2872726.27,CRC,transferencia,sucursal,LI-002,Tarjeta Crédito
TXN-00007201,CTA-779452,CLI-17579,2026-06-14 07:25:00,3160602.89,CRC,transferencia,sucursal,AL-001,Préstamo Personal
TXN-00007202,CTA-442482,CLI-62898,2026-06-25 03:06:00,3986515.39,CRC,comision,atm,AL-001,Préstamo Hipotecario
TXN-00007203,CTA-826434,CLI-69391,2026-06-23 12:23:00,309592.24,CRC,comision,web,LI-001,Préstamo Personal
TXN-00007204,CTA-896258,CLI-77054,2026-06-09 06:02:00,1163612.59,CRC,deposito,atm,LI-001,Préstamo Hipotecario
TXN-00007205,CTA-647816,CLI-98429,2026-06-01 06:13:00,4817113.15,CRC,comision,atm,PU-001,Tarjeta Crédito
TXN-00007206,CTA-731713,CLI-39156,2026-06-05 22:18:00,4230731.79,CRC,retiro,atm,SJ-002,Préstamo Personal
TXN-00007207,CTA-773720,CLI-83752,2026-06-22 22:50:00,3228884.76,CRC,comision,sinpe,SJ-002,Cuenta Ahorro
TXN-00007208,CTA-560434,CLI-23828,2026-06-22 02:59:00,856221.37,CRC,deposito,app_movil,LI-001,Cuenta Ahorro
TXN-00007209,CTA-771748,CLI-60548,2026-06-29 08:08:00,4342436.74,CRC,retiro,atm,LI-001,Cuenta Corriente
TXN-00007210,CTA-158288,CLI-58003,2026-06-26 11:06:00,1754970.94,CRC,retiro,sucursal,LI-002,Cuenta Corriente
TXN-00007211,CTA-332007,CLI-99653,2026-06-26 14:38:00,1881976.06,CRC,deposito,app_movil,CA-001,Tarjeta Crédito
TXN-00007212,CTA-213613,CLI-91497,2026-06-15 04:31:00,1368693.45,CRC,pago,sucursal,PU-001,Préstamo Hipotecario
TXN-00007213,CTA-160128,CLI-37699,2026-06-30 21:04:00,355834.28,CRC,pago,web,HE-001,Tarjeta Crédito
TXN-00007214,CTA-918572,CLI-39115,2026-06-25 03:32:00,1938637.66,CRC,retiro,sinpe,SJ-001,Préstamo Hipotecario
TXN-00007215,CTA-195832,CLI-69776,2026-06-13 02:43:00,355157.69,CRC,deposito,sucursal,SJ-001,Cuenta Corriente
TXN-00007216,CTA-582245,CLI-23283,2026-06-12 07:20:00,140758.67,CRC,comision,atm,LI-002,Préstamo Personal
TXN-00007217,CTA-599218,CLI-40687,2026-06-21 21:12:00,2759893.44,CRC,pago,sucursal,SJ-001,Cuenta Corriente
TXN-00007218,CTA-739230,CLI-32202,2026-06-19 22:32:00,2237709.25,CRC,pago,atm,AL-001,Préstamo Personal
TXN-00007219,CTA-519130,CLI-93527,2026-06-03 03:40:00,216629.31,CRC,comision,web,SJ-002,Préstamo Personal
TXN-00007220,CTA-822510,CLI-70548,2026-06-14 07:00:00,9095.69,CRC,deposito,app_movil,SJ-001,Préstamo Hipotecario
TXN-00007221,CTA-808402,CLI-62196,2026-06-10 19:17:00,1852597.58,CRC,pago,app_movil,AL-001,Préstamo Hipotecario
TXN-00007222,CTA-652229,CLI-54398,2026-06-01 09:29:00,469662.58,CRC,retiro,web,PU-001,Cuenta Corriente
TXN-00007223,CTA-121686,CLI-23138,2026-06-01 07:04:00,312738.02,CRC,deposito,sucursal,LI-002,Cuenta Ahorro
TXN-00007224,CTA-514990,CLI-83348,2026-06-07 00:37:00,847200.99,CRC,retiro,sinpe,SJ-002,Cuenta Corriente
TXN-00007225,CTA-137495,CLI-25976,2026-06-15 12:01:00,4224497.08,CRC,deposito,sinpe,SJ-002,Cuenta Corriente
TXN-00007226,CTA-861560,CLI-87073,2026-06-18 05:45:00,3948743.17,CRC,deposito,app_movil,CA-001,Préstamo Personal
TXN-00007227,CTA-600018,CLI-18490,2026-06-22 01:56:00,3080363.03,CRC,deposito,app_movil,PU-001,Tarjeta Crédito
TXN-00007228,CTA-929929,CLI-65777,2026-06-28 22:30:00,397704.0,CRC,retiro,sucursal,HE-001,Préstamo Hipotecario
TXN-00007229,CTA-694982,CLI-59956,2026-06-07 19:38:00,1814645.41,CRC,transferencia,sucursal,AL-001,Préstamo Hipotecario
TXN-00007230,CTA-567735,CLI-29117,2026-06-15 23:44:00,608593.01,CRC,deposito,app_movil,PU-001,Préstamo Personal
TXN-00007231,CTA-365484,CLI-49508,2026-06-01 21:35:00,4063901.79,CRC,comision,web,AL-001,Tarjeta Crédito
TXN-00007232,CTA-840409,CLI-46099,2026-06-15 20:59:00,4860334.66,CRC,retiro,app_movil,SJ-001,Préstamo Hipotecario
TXN-00007233,CTA-376168,CLI-93429,2026-06-07 11:01:00,4169320.07,CRC,comision,app_movil,LI-001,Tarjeta Crédito
TXN-00007234,CTA-444651,CLI-10258,2026-06-22 05:39:00,3088824.36,CRC,retiro,atm,LI-001,Cuenta Ahorro
TXN-00007235,CTA-357014,CLI-59125,2026-06-12 11:04:00,2095232.39,CRC,retiro,sucursal,AL-001,Cuenta Corriente
TXN-00007236,CTA-564133,CLI-75239,2026-06-22 01:39:00,1438125.67,CRC,deposito,sucursal,LI-001,Cuenta Ahorro
TXN-00007237,CTA-194474,CLI-37047,2026-06-01 02:36:00,84146.09,CRC,comision,sucursal,AL-001,Cuenta Corriente
TXN-00007238,CTA-535495,CLI-68931,2026-06-11 16:47:00,3890957.27,CRC,pago,web,SJ-002,Tarjeta Crédito
TXN-00007239,CTA-881776,CLI-74119,2026-06-14 23:34:00,890255.72,CRC,comision,app_movil,AL-001,Préstamo Personal
TXN-00007240,CTA-974589,CLI-49227,2026-06-09 21:19:00,220441.34,CRC,comision,web,SJ-001,Cuenta Ahorro
TXN-00007241,CTA-570928,CLI-67277,2026-06-02 10:10:00,2087675.03,CRC,retiro,sinpe,PU-001,Préstamo Personal
TXN-00007242,CTA-843501,CLI-89781,2026-06-02 10:33:00,4736659.97,CRC,pago,atm,AL-001,Préstamo Hipotecario
TXN-00007243,CTA-768400,CLI-15447,2026-06-28 05:24:00,4534719.86,CRC,transferencia,web,SJ-002,Cuenta Corriente
TXN-00007244,CTA-724274,CLI-52945,2026-06-19 21:19:00,4108874.77,CRC,transferencia,atm,HE-001,Préstamo Hipotecario
TXN-00007245,CTA-460890,CLI-71312,2026-06-13 01:06:00,4546524.23,CRC,pago,app_movil,HE-001,Cuenta Ahorro
TXN-00007246,CTA-307115,CLI-43379,2026-06-29 19:42:00,557191.57,CRC,retiro,web,LI-002,Préstamo Hipotecario
TXN-00007247,CTA-282990,CLI-78304,2026-06-27 11:42:00,3178425.26,CRC,pago,sucursal,CA-001,Cuenta Ahorro
TXN-00007248,CTA-546955,CLI-51997,2026-06-08 21:32:00,3837784.83,CRC,transferencia,sinpe,LI-002,Tarjeta Crédito
TXN-00007249,CTA-905809,CLI-87862,2026-06-06 19:54:00,4306357.62,CRC,transferencia,web,LI-002,Tarjeta Crédito
TXN-00007250,CTA-298290,CLI-13941,2026-06-16 14:23:00,3238552.46,CRC,deposito,sucursal,HE-001,Cuenta Corriente
TXN-00007251,CTA-442211,CLI-83853,2026-06-14 15:57:00,1924347.88,CRC,transferencia,atm,CA-001,Cuenta Ahorro
TXN-00007252,CTA-325526,CLI-27884,2026-06-26 05:15:00,4916221.12,CRC,retiro,atm,AL-001,Tarjeta Crédito
TXN-00007253,CTA-537502,CLI-77462,2026-06-12 03:16:00,1746195.54,CRC,retiro,sucursal,CA-001,Préstamo Hipotecario
TXN-00007254,CTA-907786,CLI-73474,2026-06-28 05:54:00,4080023.78,CRC,transferencia,atm,PU-001,Préstamo Hipotecario
TXN-00007255,CTA-925464,CLI-38977,2026-06-29 20:55:00,3323030.4,CRC,comision,sinpe,AL-001,Cuenta Corriente
TXN-00007256,CTA-766431,CLI-71174,2026-06-06 03:28:00,1164569.08,CRC,pago,app_movil,CA-001,Préstamo Hipotecario
TXN-00007257,CTA-605226,CLI-11052,2026-06-04 13:11:00,3360280.78,CRC,deposito,atm,LI-001,Cuenta Corriente
TXN-00007258,CTA-909536,CLI-79248,2026-06-06 05:49:00,1781321.37,CRC,deposito,web,SJ-002,Cuenta Ahorro
TXN-00007259,CTA-739163,CLI-45825,2026-06-10 15:24:00,1768930.16,CRC,retiro,sinpe,SJ-002,Cuenta Corriente
TXN-00007260,CTA-857513,CLI-63085,2026-06-06 03:35:00,2727245.71,CRC,transferencia,app_movil,LI-001,Préstamo Hipotecario
TXN-00007261,CTA-729294,CLI-68784,2026-06-03 22:07:00,1010761.61,CRC,transferencia,app_movil,PU-001,Tarjeta Crédito
TXN-00007262,CTA-941460,CLI-58580,2026-06-20 23:41:00,604713.99,CRC,deposito,app_movil,AL-001,Préstamo Hipotecario
TXN-00007263,CTA-775768,CLI-85792,2026-06-26 08:01:00,311540.44,CRC,transferencia,atm,SJ-002,Cuenta Ahorro
TXN-00007264,CTA-611832,CLI-39528,2026-06-01 16:31:00,696566.77,CRC,retiro,app_movil,SJ-001,Préstamo Personal
TXN-00007265,CTA-253129,CLI-68519,2026-06-16 06:53:00,2829734.28,CRC,pago,sucursal,PU-001,Préstamo Hipotecario
TXN-00007266,CTA-307273,CLI-31621,2026-06-01 09:18:00,1913858.42,CRC,pago,web,AL-001,Préstamo Personal
TXN-00007267,CTA-358457,CLI-20375,2026-06-11 07:12:00,439502.34,CRC,deposito,web,SJ-002,Tarjeta Crédito
TXN-00007268,CTA-389743,CLI-24257,2026-06-11 09:46:00,4962516.81,CRC,transferencia,sucursal,LI-002,Préstamo Personal
TXN-00007269,CTA-132230,CLI-59335,2026-06-14 06:45:00,2960006.84,CRC,transferencia,web,AL-001,Cuenta Corriente
TXN-00007270,CTA-311579,CLI-76356,2026-06-13 19:14:00,2531553.94,CRC,deposito,web,CA-001,Préstamo Personal
TXN-00007271,CTA-861538,CLI-87996,2026-06-14 16:11:00,3452944.12,CRC,transferencia,atm,AL-001,Cuenta Corriente
TXN-00007272,CTA-372173,CLI-42260,2026-06-17 04:35:00,3283545.21,CRC,comision,sinpe,HE-001,Tarjeta Crédito
TXN-00007273,CTA-632990,CLI-87258,2026-06-23 05:38:00,668780.49,CRC,pago,sucursal,LI-001,Tarjeta Crédito
TXN-00007274,CTA-682853,CLI-87280,2026-06-16 04:31:00,4562555.83,CRC,comision,sucursal,LI-002,Cuenta Ahorro
TXN-00007275,CTA-409432,CLI-13457,2026-06-14 02:17:00,1724772.27,CRC,transferencia,sucursal,LI-001,Cuenta Corriente
TXN-00007276,CTA-767081,CLI-87535,2026-06-01 23:17:00,564713.4,CRC,comision,web,SJ-001,Cuenta Corriente
TXN-00007277,CTA-437351,CLI-46669,2026-06-05 23:37:00,2228170.4,CRC,transferencia,sucursal,LI-002,Préstamo Hipotecario
TXN-00007278,CTA-561567,CLI-91257,2026-06-30 12:46:00,3606775.28,CRC,comision,web,SJ-001,Préstamo Personal
TXN-00007279,CTA-990856,CLI-38174,2026-06-06 19:52:00,2973182.08,CRC,retiro,sinpe,PU-001,Tarjeta Crédito
TXN-00007280,CTA-804301,CLI-92422,2026-06-11 23:29:00,163612.78,CRC,retiro,atm,SJ-001,Tarjeta Crédito
TXN-00007281,CTA-292205,CLI-93833,2026-06-09 21:21:00,4303411.85,CRC,transferencia,web,LI-001,Cuenta Ahorro
TXN-00007282,CTA-328795,CLI-23829,2026-06-21 16:21:00,3341297.27,CRC,retiro,atm,LI-002,Cuenta Ahorro
TXN-00007283,CTA-981088,CLI-74159,2026-06-15 04:11:00,2654643.83,CRC,deposito,app_movil,LI-001,Cuenta Ahorro
TXN-00007284,CTA-468108,CLI-25980,2026-06-05 07:44:00,313490.63,CRC,pago,sucursal,SJ-002,Cuenta Ahorro
TXN-00007285,CTA-408264,CLI-83808,2026-06-17 14:30:00,2056869.38,CRC,retiro,app_movil,CA-001,Tarjeta Crédito
TXN-00007286,CTA-424036,CLI-50824,2026-06-04 22:31:00,2144272.3,CRC,retiro,sinpe,LI-001,Préstamo Personal
TXN-00007287,CTA-171763,CLI-40275,2026-06-25 22:10:00,350513.13,CRC,transferencia,sinpe,LI-002,Cuenta Ahorro
TXN-00007288,CTA-466807,CLI-46517,2026-06-16 20:41:00,4565031.59,CRC,comision,sucursal,SJ-002,Tarjeta Crédito
TXN-00007289,CTA-607415,CLI-37908,2026-06-20 17:11:00,3608201.02,CRC,comision,web,AL-001,Tarjeta Crédito
TXN-00007290,CTA-551371,CLI-20806,2026-06-10 01:28:00,4278307.28,CRC,retiro,app_movil,CA-001,Préstamo Hipotecario
TXN-00007291,CTA-541134,CLI-96630,2026-06-29 01:15:00,4666747.71,CRC,comision,web,AL-001,Préstamo Hipotecario
TXN-00007292,CTA-595049,CLI-73099,2026-06-14 08:19:00,3333543.77,CRC,transferencia,app_movil,AL-001,Tarjeta Crédito
TXN-00007293,CTA-928568,CLI-27926,2026-06-11 02:44:00,3286891.22,CRC,deposito,sinpe,PU-001,Préstamo Personal
TXN-00007294,CTA-493740,CLI-90734,2026-06-17 02:21:00,4134606.06,CRC,comision,app_movil,SJ-001,Cuenta Ahorro
TXN-00007295,CTA-874092,CLI-61876,2026-06-25 20:56:00,4829076.67,CRC,comision,atm,LI-001,Préstamo Hipotecario
TXN-00007296,CTA-399509,CLI-84954,2026-06-13 12:41:00,394527.5,CRC,retiro,sucursal,HE-001,Cuenta Corriente
TXN-00007297,CTA-893545,CLI-93521,2026-06-04 19:31:00,1599888.51,CRC,comision,atm,SJ-002,Tarjeta Crédito
TXN-00007298,CTA-983982,CLI-26407,2026-06-02 07:06:00,1934815.65,CRC,deposito,sinpe,AL-001,Cuenta Corriente
TXN-00007299,CTA-886636,CLI-63585,2026-06-18 21:27:00,3579115.76,CRC,retiro,sucursal,SJ-001,Cuenta Ahorro
TXN-00007300,CTA-280061,CLI-28954,2026-06-17 19:24:00,2749770.64,CRC,comision,app_movil,SJ-002,Préstamo Personal
TXN-00007301,CTA-829024,CLI-18104,2026-06-17 02:46:00,467273.14,CRC,pago,sucursal,PU-001,Préstamo Hipotecario
TXN-00007302,CTA-802712,CLI-48139,2026-06-24 11:07:00,393592.72,CRC,comision,atm,LI-002,Tarjeta Crédito
TXN-00007303,CTA-308483,CLI-13886,2026-06-13 07:56:00,4618788.95,CRC,deposito,web,HE-001,Tarjeta Crédito
TXN-00007304,CTA-591653,CLI-48143,2026-06-16 08:00:00,3690695.99,CRC,deposito,atm,LI-002,Préstamo Personal
TXN-00007305,CTA-201807,CLI-62609,2026-06-16 18:17:00,2507630.02,CRC,retiro,sucursal,SJ-002,Cuenta Ahorro
TXN-00007306,CTA-353991,CLI-66826,2026-06-17 16:44:00,4296960.12,CRC,retiro,app_movil,CA-001,Tarjeta Crédito
TXN-00007307,CTA-630209,CLI-59773,2026-06-21 18:54:00,2317202.01,CRC,pago,app_movil,LI-001,Préstamo Personal
TXN-00007308,CTA-452907,CLI-13044,2026-06-03 15:44:00,4136624.08,CRC,pago,web,AL-001,Préstamo Personal
TXN-00007309,CTA-703538,CLI-93982,2026-06-20 10:07:00,4681779.67,CRC,transferencia,app_movil,SJ-001,Préstamo Hipotecario
TXN-00007310,CTA-149548,CLI-65163,2026-06-17 10:20:00,2133259.88,CRC,comision,sinpe,AL-001,Préstamo Personal
TXN-00007311,CTA-870964,CLI-37418,2026-06-17 22:49:00,4297710.77,CRC,retiro,web,LI-001,Tarjeta Crédito
TXN-00007312,CTA-780011,CLI-44037,2026-06-23 14:15:00,4328367.47,CRC,deposito,sucursal,HE-001,Tarjeta Crédito
TXN-00007313,CTA-557128,CLI-78208,2026-06-01 15:17:00,978276.37,CRC,transferencia,sinpe,HE-001,Cuenta Ahorro
TXN-00007314,CTA-105605,CLI-18815,2026-06-15 11:43:00,251370.41,CRC,comision,sucursal,PU-001,Cuenta Corriente
TXN-00007315,CTA-762887,CLI-38407,2026-06-24 09:02:00,529268.99,CRC,comision,sinpe,LI-002,Cuenta Corriente
TXN-00007316,CTA-709983,CLI-92759,2026-06-27 23:04:00,3554911.11,CRC,retiro,web,CA-001,Cuenta Corriente
TXN-00007317,CTA-703666,CLI-38886,2026-06-26 18:38:00,2530260.74,CRC,comision,app_movil,SJ-002,Préstamo Hipotecario
TXN-00007318,CTA-234821,CLI-22625,2026-06-25 07:34:00,4376367.72,CRC,pago,atm,LI-002,Cuenta Corriente
TXN-00007319,CTA-479626,CLI-69847,2026-06-05 10:18:00,2327317.31,CRC,pago,app_movil,SJ-002,Cuenta Corriente
TXN-00007320,CTA-551979,CLI-67610,2026-06-24 06:36:00,4826111.88,CRC,transferencia,sucursal,SJ-001,Cuenta Ahorro
TXN-00007321,CTA-920695,CLI-21338,2026-06-19 17:27:00,1531758.51,CRC,transferencia,sucursal,AL-001,Préstamo Hipotecario
TXN-00007322,CTA-212568,CLI-62914,2026-06-28 23:23:00,841108.29,CRC,pago,atm,CA-001,Cuenta Corriente
TXN-00007323,CTA-316244,CLI-20937,2026-06-23 04:28:00,1005378.27,CRC,comision,web,LI-002,Tarjeta Crédito
TXN-00007324,CTA-441999,CLI-28038,2026-06-26 21:53:00,579488.78,CRC,pago,web,CA-001,Cuenta Ahorro
TXN-00007325,CTA-615746,CLI-65453,2026-06-16 16:25:00,3084631.54,CRC,transferencia,app_movil,LI-001,Cuenta Corriente
TXN-00007326,CTA-890054,CLI-65556,2026-06-24 14:31:00,1603119.93,CRC,transferencia,app_movil,AL-001,Préstamo Personal
TXN-00007327,CTA-591574,CLI-22535,2026-06-10 18:17:00,2279350.51,CRC,transferencia,atm,SJ-002,Préstamo Hipotecario
TXN-00007328,CTA-197519,CLI-35588,2026-06-09 20:13:00,861603.42,CRC,transferencia,app_movil,PU-001,Cuenta Ahorro
TXN-00007329,CTA-397009,CLI-62723,2026-06-16 04:32:00,939959.58,CRC,deposito,web,SJ-001,Tarjeta Crédito
TXN-00007330,CTA-629543,CLI-67799,2026-06-27 23:26:00,4227935.54,CRC,transferencia,web,PU-001,Tarjeta Crédito
TXN-00007331,CTA-430619,CLI-49920,2026-06-30 09:18:00,2140043.42,CRC,transferencia,sinpe,HE-001,Cuenta Ahorro
TXN-00007332,CTA-684816,CLI-96445,2026-06-06 05:30:00,1089137.24,CRC,retiro,app_movil,LI-002,Cuenta Ahorro
TXN-00007333,CTA-613391,CLI-71744,2026-06-16 00:21:00,2551007.72,CRC,transferencia,app_movil,LI-001,Tarjeta Crédito
TXN-00007334,CTA-456978,CLI-18688,2026-06-03 15:26:00,3847868.02,CRC,retiro,atm,CA-001,Préstamo Personal
TXN-00007335,CTA-794947,CLI-64498,2026-06-17 23:52:00,2727763.47,CRC,transferencia,web,SJ-001,Préstamo Hipotecario
TXN-00007336,CTA-329787,CLI-81501,2026-06-26 14:34:00,3448975.88,CRC,pago,atm,PU-001,Tarjeta Crédito
TXN-00007337,CTA-422880,CLI-21374,2026-06-22 19:32:00,391984.96,CRC,retiro,atm,LI-002,Cuenta Ahorro
TXN-00007338,CTA-971605,CLI-21438,2026-06-30 04:22:00,1318844.44,CRC,deposito,web,CA-001,Tarjeta Crédito
TXN-00007339,CTA-860162,CLI-91365,2026-06-21 21:03:00,3054774.89,CRC,pago,web,AL-001,Préstamo Personal
TXN-00007340,CTA-847706,CLI-15587,2026-06-17 16:31:00,3822403.2,CRC,pago,web,PU-001,Cuenta Corriente
TXN-00007341,CTA-494114,CLI-67750,2026-06-11 18:06:00,1070793.83,CRC,pago,web,CA-001,Tarjeta Crédito
TXN-00007342,CTA-871081,CLI-99613,2026-06-15 04:07:00,168324.59,CRC,comision,atm,SJ-002,Cuenta Ahorro
TXN-00007343,CTA-885747,CLI-24676,2026-06-27 15:25:00,4510151.02,CRC,comision,sucursal,LI-002,Cuenta Corriente
TXN-00007344,CTA-388738,CLI-14610,2026-06-01 13:22:00,3356665.2,CRC,comision,sucursal,CA-001,Tarjeta Crédito
TXN-00007345,CTA-817411,CLI-24857,2026-06-24 06:18:00,2387294.75,CRC,pago,sucursal,AL-001,Cuenta Ahorro
TXN-00007346,CTA-111287,CLI-67297,2026-06-03 09:52:00,399593.03,CRC,pago,web,CA-001,Tarjeta Crédito
TXN-00007347,CTA-625923,CLI-44967,2026-06-20 19:46:00,483123.68,CRC,pago,sinpe,LI-001,Préstamo Hipotecario
TXN-00007348,CTA-636862,CLI-49919,2026-06-23 16:21:00,2630238.89,CRC,transferencia,sinpe,LI-002,Préstamo Personal
TXN-00007349,CTA-709196,CLI-72533,2026-06-29 04:21:00,2326748.8,CRC,deposito,app_movil,LI-001,Tarjeta Crédito
TXN-00007350,CTA-730840,CLI-48496,2026-06-28 06:02:00,2291062.49,CRC,pago,app_movil,SJ-002,Préstamo Hipotecario
TXN-00007351,CTA-285513,CLI-39530,2026-06-03 11:09:00,2944941.63,CRC,comision,atm,PU-001,Cuenta Corriente
TXN-00007352,CTA-898936,CLI-74641,2026-06-01 22:39:00,4741327.32,CRC,comision,web,CA-001,Préstamo Personal
TXN-00007353,CTA-792354,CLI-89487,2026-06-24 16:13:00,2710450.71,CRC,comision,sinpe,PU-001,Tarjeta Crédito
TXN-00007354,CTA-296382,CLI-60497,2026-06-07 15:34:00,105354.84,CRC,transferencia,app_movil,SJ-001,Cuenta Ahorro
TXN-00007355,CTA-374231,CLI-22292,2026-06-03 06:17:00,4579398.28,CRC,deposito,atm,LI-001,Cuenta Ahorro
TXN-00007356,CTA-492082,CLI-22476,2026-06-02 18:57:00,4988468.23,CRC,retiro,sucursal,LI-002,Tarjeta Crédito
TXN-00007357,CTA-599527,CLI-67310,2026-06-09 02:11:00,3001344.79,CRC,deposito,sucursal,HE-001,Préstamo Hipotecario
TXN-00007358,CTA-666170,CLI-45451,2026-06-20 00:06:00,4969132.87,CRC,comision,sucursal,SJ-002,Préstamo Hipotecario
TXN-00007359,CTA-432754,CLI-37001,2026-06-22 17:56:00,1505816.31,CRC,comision,web,SJ-001,Préstamo Hipotecario
TXN-00007360,CTA-828502,CLI-84422,2026-06-21 05:12:00,350229.2,CRC,pago,web,PU-001,Préstamo Personal
TXN-00007361,CTA-767605,CLI-35711,2026-06-18 03:30:00,568557.71,CRC,transferencia,atm,AL-001,Tarjeta Crédito
TXN-00007362,CTA-856293,CLI-39711,2026-06-19 09:18:00,4965030.29,CRC,deposito,atm,SJ-002,Cuenta Ahorro
TXN-00007363,CTA-418945,CLI-83200,2026-06-24 07:21:00,3420093.31,CRC,comision,sinpe,CA-001,Tarjeta Crédito
TXN-00007364,CTA-152977,CLI-14179,2026-06-12 03:37:00,892083.1,CRC,comision,atm,SJ-002,Préstamo Hipotecario
TXN-00007365,CTA-916536,CLI-13871,2026-06-02 22:28:00,239616.79,CRC,retiro,atm,HE-001,Cuenta Corriente
TXN-00007366,CTA-851191,CLI-42968,2026-06-21 12:47:00,1075410.87,CRC,retiro,sucursal,SJ-001,Préstamo Personal
TXN-00007367,CTA-413461,CLI-93033,2026-06-12 07:09:00,389043.62,CRC,retiro,atm,CA-001,Cuenta Corriente
TXN-00007368,CTA-637474,CLI-85018,2026-06-14 07:19:00,620456.49,CRC,pago,web,LI-002,Cuenta Ahorro
TXN-00007369,CTA-591836,CLI-89369,2026-06-04 09:45:00,3918537.5,CRC,transferencia,sucursal,LI-002,Préstamo Hipotecario
TXN-00007370,CTA-208649,CLI-74882,2026-06-09 02:02:00,176279.85,CRC,retiro,web,SJ-002,Tarjeta Crédito
TXN-00007371,CTA-457200,CLI-21389,2026-06-25 15:59:00,405454.87,CRC,pago,atm,AL-001,Cuenta Corriente
TXN-00007372,CTA-335837,CLI-28844,2026-06-23 07:34:00,1180483.03,CRC,transferencia,app_movil,PU-001,Tarjeta Crédito
TXN-00007373,CTA-752546,CLI-65016,2026-06-27 16:55:00,4082531.51,CRC,transferencia,app_movil,PU-001,Préstamo Hipotecario
TXN-00007374,CTA-196370,CLI-46221,2026-06-19 00:58:00,859328.02,CRC,transferencia,web,PU-001,Cuenta Corriente
TXN-00007375,CTA-657096,CLI-66818,2026-06-20 07:14:00,4630157.6,CRC,comision,web,LI-001,Cuenta Ahorro
TXN-00007376,CTA-830120,CLI-68793,2026-06-10 17:56:00,2558084.46,CRC,pago,app_movil,LI-002,Préstamo Personal
TXN-00007377,CTA-719427,CLI-84807,2026-06-06 14:19:00,330106.54,CRC,retiro,sinpe,AL-001,Cuenta Corriente
TXN-00007378,CTA-601508,CLI-10136,2026-06-23 10:06:00,3606842.52,CRC,pago,app_movil,PU-001,Cuenta Corriente
TXN-00007379,CTA-705469,CLI-65560,2026-06-06 18:40:00,3233770.49,CRC,retiro,atm,AL-001,Tarjeta Crédito
TXN-00007380,CTA-988885,CLI-48039,2026-06-16 07:54:00,2212831.42,CRC,retiro,app_movil,AL-001,Cuenta Corriente
TXN-00007381,CTA-891375,CLI-15241,2026-06-10 23:39:00,2504057.67,CRC,pago,atm,LI-002,Préstamo Personal
TXN-00007382,CTA-191938,CLI-96335,2026-06-16 11:54:00,3689196.98,CRC,comision,web,HE-001,Préstamo Hipotecario
TXN-00007383,CTA-636034,CLI-73775,2026-06-30 09:05:00,3005661.32,CRC,transferencia,sinpe,HE-001,Cuenta Ahorro
TXN-00007384,CTA-709545,CLI-28509,2026-06-09 02:52:00,1048391.95,CRC,retiro,web,SJ-001,Préstamo Hipotecario
TXN-00007385,CTA-818326,CLI-37134,2026-06-19 07:48:00,129143.26,CRC,pago,atm,LI-002,Tarjeta Crédito
TXN-00007386,CTA-400885,CLI-52949,2026-06-23 08:25:00,3930865.19,CRC,pago,web,LI-001,Tarjeta Crédito
TXN-00007387,CTA-373322,CLI-64860,2026-06-10 18:08:00,2900366.44,CRC,transferencia,sucursal,SJ-001,Cuenta Corriente
TXN-00007388,CTA-257386,CLI-32715,2026-06-23 23:53:00,1113275.96,CRC,transferencia,web,SJ-002,Tarjeta Crédito
TXN-00007389,CTA-271575,CLI-65255,2026-06-01 20:49:00,381049.32,CRC,pago,atm,HE-001,Cuenta Ahorro
TXN-00007390,CTA-979022,CLI-51313,2026-06-17 23:54:00,2860403.3,CRC,transferencia,web,SJ-001,Cuenta Ahorro
TXN-00007391,CTA-258011,CLI-96441,2026-06-05 11:05:00,3850705.51,CRC,pago,web,HE-001,Cuenta Ahorro
TXN-00007392,CTA-549283,CLI-10319,2026-06-07 14:54:00,2457069.51,CRC,retiro,sinpe,HE-001,Cuenta Ahorro
TXN-00007393,CTA-173680,CLI-17977,2026-06-23 20:39:00,2406946.05,CRC,deposito,sucursal,SJ-001,Tarjeta Crédito
TXN-00007394,CTA-759513,CLI-70270,2026-06-15 09:17:00,1364905.08,CRC,comision,sucursal,PU-001,Préstamo Hipotecario
TXN-00007395,CTA-732338,CLI-42061,2026-06-28 10:38:00,3063432.07,CRC,retiro,sinpe,PU-001,Cuenta Ahorro
TXN-00007396,CTA-652580,CLI-68472,2026-06-12 04:26:00,3622510.1,CRC,pago,sinpe,CA-001,Préstamo Hipotecario
TXN-00007397,CTA-929343,CLI-79379,2026-06-10 13:39:00,2610497.43,CRC,retiro,atm,PU-001,Préstamo Hipotecario
TXN-00007398,CTA-854888,CLI-66843,2026-06-06 14:05:00,1052757.63,CRC,comision,app_movil,LI-002,Préstamo Personal
TXN-00007399,CTA-361593,CLI-53597,2026-06-16 20:45:00,3714146.61,CRC,deposito,web,AL-001,Préstamo Hipotecario
TXN-00007400,CTA-614314,CLI-40519,2026-06-29 18:06:00,2400132.06,CRC,transferencia,sucursal,CA-001,Cuenta Corriente
TXN-00007401,CTA-641499,CLI-43508,2026-06-27 09:15:00,1885125.94,CRC,comision,web,SJ-001,Cuenta Corriente
TXN-00007402,CTA-285083,CLI-87890,2026-06-09 23:08:00,4645894.38,CRC,comision,atm,CA-001,Cuenta Corriente
TXN-00007403,CTA-854567,CLI-30219,2026-06-25 15:06:00,2319027.68,CRC,pago,web,PU-001,Cuenta Ahorro
TXN-00007404,CTA-571359,CLI-62973,2026-06-25 07:55:00,4491408.25,CRC,pago,web,SJ-002,Préstamo Personal
TXN-00007405,CTA-803268,CLI-40005,2026-06-25 11:57:00,4809175.18,CRC,comision,web,PU-001,Cuenta Corriente
TXN-00007406,CTA-147612,CLI-57039,2026-06-25 05:55:00,4916497.62,CRC,comision,web,SJ-002,Tarjeta Crédito
TXN-00007407,CTA-479113,CLI-38250,2026-06-20 13:53:00,1086823.45,CRC,pago,atm,CA-001,Cuenta Corriente
TXN-00007408,CTA-247100,CLI-60844,2026-06-20 07:37:00,4872857.59,CRC,deposito,app_movil,AL-001,Cuenta Ahorro
TXN-00007409,CTA-683117,CLI-71896,2026-06-11 23:54:00,1398993.83,CRC,pago,sucursal,AL-001,Préstamo Personal
TXN-00007410,CTA-387041,CLI-89384,2026-06-16 22:29:00,2641229.58,CRC,deposito,sinpe,SJ-002,Préstamo Hipotecario
TXN-00007411,CTA-248091,CLI-86063,2026-06-19 14:34:00,406228.82,CRC,transferencia,app_movil,PU-001,Préstamo Personal
TXN-00007412,CTA-291351,CLI-44656,2026-06-11 20:11:00,4858748.65,CRC,pago,web,LI-001,Cuenta Ahorro
TXN-00007413,CTA-254584,CLI-62001,2026-06-28 06:43:00,2379522.33,CRC,comision,atm,LI-001,Cuenta Corriente
TXN-00007414,CTA-809778,CLI-49198,2026-06-01 12:16:00,700216.61,CRC,retiro,sinpe,LI-002,Tarjeta Crédito
TXN-00007415,CTA-752125,CLI-87175,2026-06-24 21:04:00,136054.64,CRC,comision,web,SJ-001,Préstamo Personal
TXN-00007416,CTA-380751,CLI-94524,2026-06-26 20:53:00,3920858.52,CRC,transferencia,app_movil,AL-001,Tarjeta Crédito
TXN-00007417,CTA-425540,CLI-75958,2026-06-03 22:46:00,3082096.75,CRC,pago,sucursal,HE-001,Tarjeta Crédito
TXN-00007418,CTA-336642,CLI-47630,2026-06-28 15:23:00,1874162.01,CRC,transferencia,sucursal,LI-002,Préstamo Personal
TXN-00007419,CTA-164485,CLI-73874,2026-06-14 08:46:00,502551.94,CRC,pago,sinpe,PU-001,Préstamo Hipotecario
TXN-00007420,CTA-256760,CLI-31063,2026-06-29 22:41:00,2283166.42,CRC,retiro,web,LI-002,Tarjeta Crédito
TXN-00007421,CTA-439479,CLI-41714,2026-06-18 05:49:00,3781257.21,CRC,retiro,app_movil,SJ-002,Cuenta Corriente
TXN-00007422,CTA-582569,CLI-57620,2026-06-07 17:23:00,56531.08,CRC,deposito,web,LI-002,Préstamo Personal
TXN-00007423,CTA-826528,CLI-67264,2026-06-28 19:55:00,3820158.7,CRC,comision,sucursal,LI-002,Préstamo Hipotecario
TXN-00007424,CTA-475752,CLI-41499,2026-06-02 18:16:00,542246.6,CRC,comision,web,LI-001,Préstamo Hipotecario
TXN-00007425,CTA-640773,CLI-19223,2026-06-01 10:40:00,4653295.77,CRC,retiro,app_movil,SJ-002,Préstamo Personal
TXN-00007426,CTA-522096,CLI-90198,2026-06-16 13:35:00,274262.92,CRC,comision,app_movil,SJ-001,Tarjeta Crédito
TXN-00007427,CTA-329683,CLI-86732,2026-06-17 15:42:00,4639781.71,CRC,retiro,sucursal,LI-001,Tarjeta Crédito
TXN-00007428,CTA-557314,CLI-54396,2026-06-12 15:46:00,1780253.92,CRC,retiro,sucursal,LI-001,Cuenta Ahorro
TXN-00007429,CTA-662123,CLI-90613,2026-06-06 18:54:00,1519232.38,CRC,transferencia,atm,SJ-002,Cuenta Corriente
TXN-00007430,CTA-568944,CLI-62694,2026-06-09 15:01:00,3280114.59,CRC,comision,sinpe,LI-001,Cuenta Ahorro
TXN-00007431,CTA-182980,CLI-51527,2026-06-10 11:51:00,1193102.66,CRC,pago,sinpe,SJ-001,Tarjeta Crédito
TXN-00007432,CTA-466190,CLI-96415,2026-06-27 17:26:00,2408641.13,CRC,pago,sinpe,SJ-001,Tarjeta Crédito
TXN-00007433,CTA-962162,CLI-37350,2026-06-03 23:10:00,4197555.01,CRC,pago,app_movil,SJ-001,Cuenta Corriente
TXN-00007434,CTA-839175,CLI-75862,2026-06-07 09:06:00,1457054.87,CRC,deposito,app_movil,LI-002,Préstamo Personal
TXN-00007435,CTA-705978,CLI-88791,2026-06-09 16:20:00,3434492.45,CRC,retiro,sinpe,SJ-001,Cuenta Ahorro
TXN-00007436,CTA-671710,CLI-67777,2026-06-04 03:38:00,1570535.73,CRC,comision,sinpe,HE-001,Préstamo Hipotecario
TXN-00007437,CTA-704279,CLI-40745,2026-06-27 09:56:00,675647.46,CRC,deposito,sucursal,PU-001,Préstamo Hipotecario
TXN-00007438,CTA-178347,CLI-75858,2026-06-14 01:22:00,1803731.45,CRC,transferencia,app_movil,SJ-001,Tarjeta Crédito
TXN-00007439,CTA-299001,CLI-24003,2026-06-18 10:41:00,2798605.71,CRC,comision,app_movil,SJ-001,Cuenta Ahorro
TXN-00007440,CTA-835779,CLI-81604,2026-06-30 16:49:00,267826.39,CRC,transferencia,sinpe,PU-001,Préstamo Hipotecario
TXN-00007441,CTA-678417,CLI-18907,2026-06-20 03:53:00,1317958.99,CRC,comision,atm,LI-001,Tarjeta Crédito
TXN-00007442,CTA-970286,CLI-66081,2026-06-01 16:52:00,2718523.14,CRC,transferencia,atm,CA-001,Préstamo Personal
TXN-00007443,CTA-772626,CLI-16742,2026-06-04 03:47:00,4522455.92,CRC,transferencia,atm,AL-001,Préstamo Hipotecario
TXN-00007444,CTA-138727,CLI-54073,2026-06-21 19:33:00,2647913.98,CRC,pago,web,HE-001,Cuenta Ahorro
TXN-00007445,CTA-862062,CLI-16199,2026-06-11 05:48:00,4289645.93,CRC,transferencia,web,SJ-001,Cuenta Corriente
TXN-00007446,CTA-510346,CLI-24164,2026-06-27 14:20:00,1361803.93,CRC,transferencia,app_movil,HE-001,Cuenta Corriente
TXN-00007447,CTA-155191,CLI-64663,2026-06-07 07:18:00,4584941.87,CRC,pago,atm,CA-001,Préstamo Personal
TXN-00007448,CTA-970289,CLI-57196,2026-06-20 16:41:00,4232354.5,CRC,deposito,atm,SJ-001,Préstamo Hipotecario
TXN-00007449,CTA-830053,CLI-70000,2026-06-01 22:44:00,3219955.33,CRC,pago,atm,LI-001,Préstamo Personal
TXN-00007450,CTA-599433,CLI-85095,2026-06-25 11:27:00,4130573.81,CRC,retiro,sinpe,CA-001,Cuenta Corriente
TXN-00007451,CTA-336717,CLI-70511,2026-06-28 09:22:00,2438081.77,CRC,retiro,sinpe,HE-001,Préstamo Hipotecario
TXN-00007452,CTA-259809,CLI-20832,2026-06-02 21:30:00,1628706.68,CRC,comision,web,CA-001,Cuenta Corriente
TXN-00007453,CTA-577698,CLI-65389,2026-06-27 23:09:00,135505.89,CRC,transferencia,web,SJ-002,Cuenta Corriente
TXN-00007454,CTA-784002,CLI-39868,2026-06-15 00:56:00,1256570.71,CRC,retiro,app_movil,AL-001,Cuenta Corriente
TXN-00007455,CTA-779513,CLI-64595,2026-06-04 09:07:00,654716.78,CRC,retiro,sucursal,SJ-001,Préstamo Personal
TXN-00007456,CTA-679039,CLI-24295,2026-06-21 11:32:00,4960162.81,CRC,retiro,sucursal,CA-001,Cuenta Corriente
TXN-00007457,CTA-375957,CLI-58495,2026-06-28 20:32:00,489596.12,CRC,retiro,sucursal,CA-001,Préstamo Personal
TXN-00007458,CTA-504621,CLI-38425,2026-06-25 07:16:00,1037218.44,CRC,retiro,sucursal,SJ-001,Préstamo Hipotecario
TXN-00007459,CTA-942134,CLI-57762,2026-06-21 03:50:00,3165736.97,CRC,pago,atm,HE-001,Préstamo Personal
TXN-00007460,CTA-657292,CLI-14465,2026-06-26 03:26:00,2070243.54,CRC,transferencia,sinpe,PU-001,Cuenta Corriente
TXN-00007461,CTA-683181,CLI-85467,2026-06-02 10:16:00,3577931.54,CRC,transferencia,sucursal,SJ-001,Préstamo Hipotecario
TXN-00007462,CTA-490560,CLI-16964,2026-06-06 06:31:00,2346128.69,CRC,deposito,atm,LI-001,Tarjeta Crédito
TXN-00007463,CTA-211710,CLI-83376,2026-06-11 01:15:00,2270829.29,CRC,deposito,web,LI-001,Préstamo Personal
TXN-00007464,CTA-859157,CLI-23975,2026-06-29 06:17:00,3096496.51,CRC,transferencia,sinpe,HE-001,Préstamo Hipotecario
TXN-00007465,CTA-983861,CLI-93178,2026-06-06 05:01:00,3348859.77,CRC,deposito,atm,LI-001,Tarjeta Crédito
TXN-00007466,CTA-725603,CLI-96221,2026-06-20 11:08:00,464191.15,CRC,comision,atm,PU-001,Tarjeta Crédito
TXN-00007467,CTA-103910,CLI-63303,2026-06-06 00:43:00,466922.84,CRC,transferencia,web,LI-002,Cuenta Ahorro
TXN-00007468,CTA-680161,CLI-57452,2026-06-19 00:02:00,2141551.52,CRC,transferencia,atm,PU-001,Tarjeta Crédito
TXN-00007469,CTA-941663,CLI-75048,2026-06-11 16:37:00,1099939.98,CRC,pago,web,PU-001,Tarjeta Crédito
TXN-00007470,CTA-147762,CLI-32109,2026-06-28 12:15:00,3091800.41,CRC,retiro,atm,LI-001,Tarjeta Crédito
TXN-00007471,CTA-688299,CLI-23406,2026-06-07 01:01:00,4470428.17,CRC,pago,sucursal,CA-001,Cuenta Ahorro
TXN-00007472,CTA-635164,CLI-50596,2026-06-18 08:22:00,4862474.72,CRC,comision,app_movil,PU-001,Préstamo Hipotecario
TXN-00007473,CTA-503625,CLI-30993,2026-06-30 11:55:00,484373.54,CRC,comision,sinpe,PU-001,Cuenta Ahorro
TXN-00007474,CTA-663605,CLI-17838,2026-06-19 09:09:00,3561936.19,CRC,transferencia,sucursal,CA-001,Cuenta Ahorro
TXN-00007475,CTA-309359,CLI-20123,2026-06-04 22:42:00,411241.18,CRC,retiro,atm,LI-001,Préstamo Personal
TXN-00007476,CTA-105053,CLI-31476,2026-06-06 04:10:00,4731256.68,CRC,pago,sinpe,SJ-002,Tarjeta Crédito
TXN-00007477,CTA-578402,CLI-85712,2026-06-22 14:37:00,1486224.33,CRC,retiro,web,CA-001,Cuenta Ahorro
TXN-00007478,CTA-945496,CLI-24449,2026-06-08 23:55:00,3849320.28,CRC,pago,web,CA-001,Cuenta Corriente
TXN-00007479,CTA-278425,CLI-55382,2026-06-28 18:26:00,2788268.35,CRC,comision,sinpe,PU-001,Tarjeta Crédito
TXN-00007480,CTA-225955,CLI-38241,2026-06-24 18:53:00,3307976.95,CRC,transferencia,web,HE-001,Tarjeta Crédito
TXN-00007481,CTA-387172,CLI-13618,2026-06-01 16:30:00,1537917.0,CRC,pago,sucursal,LI-002,Préstamo Hipotecario
TXN-00007482,CTA-540266,CLI-23677,2026-06-22 16:39:00,2873956.52,CRC,pago,atm,AL-001,Préstamo Personal
TXN-00007483,CTA-699510,CLI-17283,2026-06-16 13:03:00,2426039.32,CRC,pago,app_movil,LI-002,Préstamo Hipotecario
TXN-00007484,CTA-444774,CLI-26295,2026-06-12 01:19:00,1313448.59,CRC,deposito,sinpe,HE-001,Cuenta Corriente
TXN-00007485,CTA-428443,CLI-20214,2026-06-28 04:25:00,1304244.17,CRC,comision,sucursal,LI-001,Tarjeta Crédito
TXN-00007486,CTA-638833,CLI-66621,2026-06-05 18:06:00,4609522.7,CRC,retiro,atm,LI-001,Préstamo Hipotecario
TXN-00007487,CTA-546613,CLI-21420,2026-06-12 10:16:00,334297.07,CRC,pago,app_movil,SJ-001,Préstamo Personal
TXN-00007488,CTA-441233,CLI-37832,2026-06-12 11:09:00,1522127.31,CRC,retiro,web,SJ-002,Tarjeta Crédito
TXN-00007489,CTA-476871,CLI-59960,2026-06-09 03:45:00,482771.34,CRC,comision,app_movil,SJ-001,Tarjeta Crédito
TXN-00007490,CTA-413303,CLI-20039,2026-06-20 19:33:00,1898617.16,CRC,transferencia,web,SJ-002,Cuenta Ahorro
TXN-00007491,CTA-642855,CLI-45406,2026-06-09 13:06:00,2127870.83,CRC,deposito,sinpe,LI-002,Cuenta Corriente
TXN-00007492,CTA-615267,CLI-76431,2026-06-10 04:12:00,359440.13,CRC,deposito,app_movil,HE-001,Préstamo Hipotecario
TXN-00007493,CTA-492522,CLI-73166,2026-06-01 06:17:00,557267.71,CRC,deposito,atm,LI-002,Tarjeta Crédito
TXN-00007494,CTA-203429,CLI-46670,2026-06-05 15:02:00,2914790.94,CRC,comision,atm,HE-001,Tarjeta Crédito
TXN-00007495,CTA-999129,CLI-37876,2026-06-25 05:19:00,2713631.64,CRC,pago,sinpe,CA-001,Cuenta Corriente
TXN-00007496,CTA-547049,CLI-20208,2026-06-22 06:05:00,2974240.94,CRC,comision,app_movil,AL-001,Préstamo Hipotecario
TXN-00007497,CTA-643770,CLI-18989,2026-06-12 16:58:00,4474081.2,CRC,pago,sinpe,CA-001,Tarjeta Crédito
TXN-00007498,CTA-848178,CLI-32269,2026-06-25 02:18:00,4288119.6,CRC,retiro,app_movil,AL-001,Préstamo Hipotecario
TXN-00007499,CTA-118335,CLI-50859,2026-06-28 11:53:00,2278918.5,CRC,pago,atm,SJ-001,Tarjeta Crédito
TXN-00007500,CTA-795203,CLI-10898,2026-06-16 11:47:00,1181276.77,CRC,pago,app_movil,SJ-001,Tarjeta Crédito
TXN-00007501,CTA-744532,CLI-16236,2026-06-17 06:36:00,3370693.72,CRC,comision,app_movil,SJ-002,Préstamo Hipotecario
TXN-00007502,CTA-129911,CLI-33245,2026-06-22 19:38:00,1055803.84,CRC,pago,web,CA-001,Cuenta Ahorro
TXN-00007503,CTA-316770,CLI-75043,2026-06-07 07:30:00,917535.61,CRC,retiro,web,LI-002,Préstamo Hipotecario
TXN-00007504,CTA-317622,CLI-29155,2026-06-15 17:52:00,1309337.46,CRC,pago,app_movil,SJ-001,Tarjeta Crédito
TXN-00007505,CTA-345182,CLI-56745,2026-06-27 15:07:00,1302569.54,CRC,retiro,atm,SJ-001,Cuenta Ahorro
TXN-00007506,CTA-788810,CLI-57979,2026-06-08 11:27:00,3788345.39,CRC,transferencia,sinpe,PU-001,Cuenta Ahorro
TXN-00007507,CTA-690698,CLI-71372,2026-06-03 09:15:00,4306213.36,CRC,retiro,atm,LI-001,Tarjeta Crédito
TXN-00007508,CTA-463562,CLI-90553,2026-06-05 09:27:00,3385556.41,CRC,comision,web,CA-001,Tarjeta Crédito
TXN-00007509,CTA-498296,CLI-18117,2026-06-07 14:27:00,297122.97,CRC,deposito,sinpe,PU-001,Préstamo Hipotecario
TXN-00007510,CTA-367658,CLI-11451,2026-06-29 07:33:00,782519.56,CRC,transferencia,app_movil,LI-002,Tarjeta Crédito
TXN-00007511,CTA-993867,CLI-60692,2026-06-30 19:08:00,573156.41,CRC,transferencia,app_movil,CA-001,Cuenta Corriente
TXN-00007512,CTA-555301,CLI-58127,2026-06-28 16:06:00,3506316.65,CRC,pago,atm,SJ-002,Cuenta Corriente
TXN-00007513,CTA-402550,CLI-32719,2026-06-30 04:02:00,3490980.25,CRC,pago,app_movil,AL-001,Cuenta Corriente
TXN-00007514,CTA-777304,CLI-85389,2026-06-19 18:49:00,2700551.8,CRC,retiro,sucursal,AL-001,Cuenta Ahorro
TXN-00007515,CTA-992271,CLI-70620,2026-06-24 16:41:00,1019024.53,CRC,comision,sinpe,HE-001,Cuenta Ahorro
TXN-00007516,CTA-415214,CLI-58140,2026-06-25 11:23:00,4619048.73,CRC,comision,sinpe,LI-001,Cuenta Ahorro
TXN-00007517,CTA-606029,CLI-46533,2026-06-08 01:58:00,319918.53,CRC,pago,atm,LI-001,Cuenta Ahorro
TXN-00007518,CTA-580688,CLI-56578,2026-06-28 03:31:00,3113735.37,CRC,pago,atm,HE-001,Tarjeta Crédito
TXN-00007519,CTA-914689,CLI-77251,2026-06-05 15:33:00,2575052.02,CRC,comision,atm,AL-001,Préstamo Personal
TXN-00007520,CTA-527652,CLI-65498,2026-06-10 04:28:00,2141361.0,CRC,transferencia,web,CA-001,Cuenta Corriente
TXN-00007521,CTA-182079,CLI-31974,2026-06-10 13:34:00,3676232.78,CRC,retiro,app_movil,SJ-002,Cuenta Ahorro
TXN-00007522,CTA-320428,CLI-94017,2026-06-11 05:12:00,1782830.33,CRC,transferencia,sucursal,LI-002,Cuenta Corriente
TXN-00007523,CTA-324900,CLI-54013,2026-06-14 17:06:00,3685729.72,CRC,transferencia,atm,HE-001,Préstamo Personal
TXN-00007524,CTA-645617,CLI-36240,2026-06-14 03:09:00,3092540.1,CRC,comision,sucursal,CA-001,Tarjeta Crédito
TXN-00007525,CTA-325580,CLI-14707,2026-06-07 20:35:00,4338102.1,CRC,comision,sucursal,LI-001,Tarjeta Crédito
TXN-00007526,CTA-167177,CLI-56133,2026-06-12 07:51:00,865223.62,CRC,deposito,web,LI-001,Cuenta Ahorro
TXN-00007527,CTA-991118,CLI-12785,2026-06-14 00:57:00,2100464.06,CRC,pago,sinpe,PU-001,Préstamo Hipotecario
TXN-00007528,CTA-368179,CLI-71632,2026-06-30 03:24:00,4860646.2,CRC,deposito,atm,AL-001,Préstamo Personal
TXN-00007529,CTA-118019,CLI-81505,2026-06-15 14:29:00,4457425.27,CRC,deposito,app_movil,PU-001,Cuenta Corriente
TXN-00007530,CTA-207583,CLI-28334,2026-06-10 17:01:00,812511.97,CRC,retiro,sinpe,SJ-001,Tarjeta Crédito
TXN-00007531,CTA-952633,CLI-64725,2026-06-17 12:55:00,895153.81,CRC,comision,sinpe,SJ-002,Cuenta Ahorro
TXN-00007532,CTA-472338,CLI-43995,2026-06-07 04:58:00,767305.31,CRC,deposito,atm,CA-001,Cuenta Ahorro
TXN-00007533,CTA-758410,CLI-27440,2026-06-08 11:25:00,4094376.05,CRC,pago,sucursal,PU-001,Cuenta Corriente
TXN-00007534,CTA-597869,CLI-23946,2026-06-14 10:11:00,1597822.98,CRC,transferencia,app_movil,HE-001,Tarjeta Crédito
TXN-00007535,CTA-511844,CLI-74028,2026-06-15 15:32:00,4173858.68,CRC,comision,web,SJ-002,Préstamo Personal
TXN-00007536,CTA-182261,CLI-98997,2026-06-26 01:14:00,3829148.15,CRC,deposito,atm,SJ-001,Préstamo Hipotecario
TXN-00007537,CTA-662805,CLI-49126,2026-06-05 13:41:00,893878.13,CRC,retiro,sucursal,CA-001,Cuenta Ahorro
TXN-00007538,CTA-931622,CLI-45221,2026-06-18 21:31:00,1689128.47,CRC,pago,sinpe,CA-001,Cuenta Corriente
TXN-00007539,CTA-962399,CLI-83745,2026-06-10 10:46:00,3586609.81,CRC,retiro,app_movil,CA-001,Cuenta Corriente
TXN-00007540,CTA-577093,CLI-42419,2026-06-16 12:42:00,415239.36,CRC,retiro,sucursal,LI-002,Préstamo Hipotecario
TXN-00007541,CTA-454991,CLI-28041,2026-06-05 13:26:00,1467120.35,CRC,pago,sinpe,LI-001,Préstamo Personal
TXN-00007542,CTA-106917,CLI-33874,2026-06-20 21:21:00,3150383.1,CRC,retiro,atm,AL-001,Préstamo Personal
TXN-00007543,CTA-711612,CLI-40503,2026-06-13 22:24:00,4937241.4,CRC,deposito,sinpe,SJ-001,Préstamo Hipotecario
TXN-00007544,CTA-182103,CLI-88604,2026-06-29 00:45:00,2544637.41,CRC,transferencia,app_movil,PU-001,Préstamo Personal
TXN-00007545,CTA-696620,CLI-61377,2026-06-26 12:24:00,2477721.46,CRC,comision,sinpe,PU-001,Préstamo Hipotecario
TXN-00007546,CTA-213492,CLI-84644,2026-06-26 18:27:00,3339740.89,CRC,deposito,sinpe,CA-001,Tarjeta Crédito
TXN-00007547,CTA-223427,CLI-32718,2026-06-26 13:48:00,1365090.5,CRC,retiro,app_movil,LI-002,Préstamo Hipotecario
TXN-00007548,CTA-195467,CLI-57485,2026-06-01 09:35:00,710957.55,CRC,transferencia,app_movil,SJ-001,Préstamo Personal
TXN-00007549,CTA-575091,CLI-37622,2026-06-15 21:01:00,4530254.18,CRC,transferencia,sucursal,PU-001,Cuenta Ahorro
TXN-00007550,CTA-629210,CLI-87743,2026-06-08 13:07:00,172268.45,CRC,comision,web,LI-002,Préstamo Personal
TXN-00007551,CTA-658933,CLI-58362,2026-06-20 18:34:00,4046626.96,CRC,comision,atm,PU-001,Cuenta Ahorro
TXN-00007552,CTA-170283,CLI-17782,2026-06-04 04:01:00,1926660.44,CRC,pago,atm,SJ-002,Cuenta Corriente
TXN-00007553,CTA-316788,CLI-90430,2026-06-14 20:48:00,4212026.7,CRC,pago,atm,HE-001,Tarjeta Crédito
TXN-00007554,CTA-470846,CLI-67533,2026-06-10 03:29:00,92010.5,CRC,pago,app_movil,SJ-002,Cuenta Corriente
TXN-00007555,CTA-910066,CLI-28861,2026-06-10 07:48:00,4991439.05,CRC,pago,atm,SJ-001,Préstamo Hipotecario
TXN-00007556,CTA-760222,CLI-81538,2026-06-19 20:34:00,2786566.04,CRC,comision,atm,SJ-001,Préstamo Hipotecario
TXN-00007557,CTA-447855,CLI-78341,2026-06-18 10:23:00,3039907.53,CRC,transferencia,sucursal,LI-002,Tarjeta Crédito
TXN-00007558,CTA-694932,CLI-46246,2026-06-08 07:58:00,500032.5,CRC,transferencia,sucursal,CA-001,Cuenta Corriente
TXN-00007559,CTA-674842,CLI-66785,2026-06-08 16:23:00,3536298.48,CRC,deposito,web,LI-001,Cuenta Ahorro
TXN-00007560,CTA-637058,CLI-24088,2026-06-30 05:59:00,3783213.14,CRC,comision,app_movil,SJ-001,Tarjeta Crédito
TXN-00007561,CTA-936951,CLI-49581,2026-06-03 04:09:00,1585511.83,CRC,deposito,atm,SJ-002,Cuenta Corriente
TXN-00007562,CTA-114955,CLI-97193,2026-06-17 07:19:00,2792221.03,CRC,deposito,sucursal,SJ-001,Tarjeta Crédito
TXN-00007563,CTA-730622,CLI-62630,2026-06-22 19:24:00,3576183.72,CRC,retiro,web,HE-001,Tarjeta Crédito
TXN-00007564,CTA-531941,CLI-49742,2026-06-04 06:49:00,859625.03,CRC,pago,sucursal,AL-001,Tarjeta Crédito
TXN-00007565,CTA-875737,CLI-33370,2026-06-13 03:34:00,3497106.69,CRC,transferencia,atm,CA-001,Cuenta Ahorro
TXN-00007566,CTA-403286,CLI-26579,2026-06-28 07:02:00,66544.39,CRC,transferencia,app_movil,PU-001,Préstamo Hipotecario
TXN-00007567,CTA-759662,CLI-46234,2026-06-04 19:22:00,1416593.6,CRC,retiro,atm,LI-002,Cuenta Ahorro
TXN-00007568,CTA-453811,CLI-92017,2026-06-26 23:54:00,2640084.55,CRC,retiro,web,PU-001,Préstamo Personal
TXN-00007569,CTA-202652,CLI-81838,2026-06-23 21:32:00,96784.9,CRC,comision,app_movil,AL-001,Cuenta Ahorro
TXN-00007570,CTA-906589,CLI-60354,2026-06-07 22:28:00,3916939.0,CRC,pago,app_movil,HE-001,Tarjeta Crédito
TXN-00007571,CTA-611932,CLI-10209,2026-06-08 06:17:00,3027610.6,CRC,retiro,app_movil,SJ-001,Préstamo Hipotecario
TXN-00007572,CTA-806822,CLI-42353,2026-06-22 07:13:00,3037368.07,CRC,transferencia,app_movil,SJ-001,Tarjeta Crédito
TXN-00007573,CTA-458169,CLI-95117,2026-06-29 08:12:00,374931.1,CRC,retiro,sucursal,SJ-002,Cuenta Corriente
TXN-00007574,CTA-986658,CLI-55912,2026-06-21 00:26:00,677240.68,CRC,retiro,sucursal,SJ-001,Préstamo Personal
TXN-00007575,CTA-508185,CLI-16741,2026-06-28 05:47:00,9519.28,CRC,transferencia,sucursal,LI-002,Préstamo Personal
TXN-00007576,CTA-288818,CLI-58207,2026-06-22 18:45:00,2752153.01,CRC,retiro,web,LI-001,Cuenta Corriente
TXN-00007577,CTA-220441,CLI-52379,2026-06-23 09:46:00,178360.97,CRC,retiro,sucursal,AL-001,Cuenta Ahorro
TXN-00007578,CTA-295413,CLI-54127,2026-06-02 03:06:00,999294.25,CRC,pago,sinpe,SJ-001,Préstamo Personal
TXN-00007579,CTA-170411,CLI-35014,2026-06-13 08:40:00,3817704.84,CRC,retiro,app_movil,LI-002,Cuenta Corriente
TXN-00007580,CTA-627593,CLI-39727,2026-06-17 05:42:00,2974639.73,CRC,comision,atm,SJ-002,Préstamo Hipotecario
TXN-00007581,CTA-787873,CLI-66669,2026-06-14 16:55:00,705937.21,CRC,retiro,app_movil,AL-001,Tarjeta Crédito
TXN-00007582,CTA-974186,CLI-90595,2026-06-14 18:33:00,89071.18,CRC,deposito,sucursal,CA-001,Tarjeta Crédito
TXN-00007583,CTA-473065,CLI-59935,2026-06-26 20:50:00,1234573.97,CRC,transferencia,sucursal,SJ-002,Préstamo Personal
TXN-00007584,CTA-520415,CLI-50124,2026-06-20 15:58:00,440703.77,CRC,pago,sucursal,LI-002,Tarjeta Crédito
TXN-00007585,CTA-292676,CLI-77507,2026-06-04 19:10:00,1624781.47,CRC,retiro,sucursal,HE-001,Cuenta Ahorro
TXN-00007586,CTA-636361,CLI-96500,2026-06-15 19:07:00,4153778.71,CRC,transferencia,sucursal,CA-001,Préstamo Hipotecario
TXN-00007587,CTA-725044,CLI-63258,2026-06-21 08:05:00,3560454.26,CRC,transferencia,web,CA-001,Préstamo Personal
TXN-00007588,CTA-331951,CLI-55419,2026-06-15 08:22:00,4992615.89,CRC,retiro,app_movil,CA-001,Préstamo Hipotecario
TXN-00007589,CTA-506388,CLI-48561,2026-06-23 13:58:00,4896443.66,CRC,deposito,web,SJ-001,Tarjeta Crédito
TXN-00007590,CTA-825693,CLI-93972,2026-06-05 00:29:00,982197.99,CRC,deposito,atm,AL-001,Tarjeta Crédito
TXN-00007591,CTA-582574,CLI-75934,2026-06-02 20:41:00,1541546.26,CRC,retiro,app_movil,AL-001,Préstamo Personal
TXN-00007592,CTA-306386,CLI-28578,2026-06-16 04:50:00,536149.64,CRC,pago,app_movil,SJ-001,Cuenta Ahorro
TXN-00007593,CTA-364966,CLI-23396,2026-06-30 14:46:00,2856044.87,CRC,deposito,atm,HE-001,Cuenta Ahorro
TXN-00007594,CTA-533493,CLI-49005,2026-06-18 07:31:00,1005832.39,CRC,retiro,web,PU-001,Cuenta Ahorro
TXN-00007595,CTA-525957,CLI-44275,2026-06-04 08:58:00,4556156.18,CRC,transferencia,atm,AL-001,Cuenta Ahorro
TXN-00007596,CTA-779344,CLI-73053,2026-06-18 15:16:00,2091476.27,CRC,comision,web,LI-002,Préstamo Personal
TXN-00007597,CTA-760159,CLI-34368,2026-06-30 23:55:00,1949958.11,CRC,pago,sinpe,HE-001,Préstamo Hipotecario
TXN-00007598,CTA-926219,CLI-21664,2026-06-19 14:00:00,24827.48,CRC,retiro,sucursal,CA-001,Cuenta Ahorro
TXN-00007599,CTA-688190,CLI-82109,2026-06-07 00:49:00,3075630.38,CRC,retiro,app_movil,LI-002,Préstamo Personal
TXN-00007600,CTA-537291,CLI-97331,2026-06-01 01:16:00,3205266.34,CRC,pago,app_movil,AL-001,Préstamo Hipotecario
TXN-00007601,CTA-998342,CLI-89025,2026-06-26 18:57:00,353484.72,CRC,transferencia,sinpe,PU-001,Cuenta Corriente
TXN-00007602,CTA-870433,CLI-70248,2026-06-25 13:53:00,599024.73,CRC,transferencia,web,LI-001,Cuenta Corriente
TXN-00007603,CTA-671183,CLI-47114,2026-06-19 22:10:00,3981292.56,CRC,comision,atm,SJ-001,Cuenta Ahorro
TXN-00007604,CTA-640472,CLI-34107,2026-06-19 03:04:00,4095818.95,CRC,retiro,sinpe,SJ-001,Préstamo Personal
TXN-00007605,CTA-175110,CLI-50219,2026-06-26 18:33:00,3553756.01,CRC,deposito,app_movil,LI-001,Préstamo Hipotecario
TXN-00007606,CTA-486515,CLI-90610,2026-06-18 07:27:00,350605.17,CRC,retiro,sinpe,PU-001,Cuenta Ahorro
TXN-00007607,CTA-573742,CLI-79183,2026-06-08 04:36:00,4765966.37,CRC,comision,app_movil,LI-001,Préstamo Hipotecario
TXN-00007608,CTA-145388,CLI-65516,2026-06-23 23:14:00,3984481.1,CRC,comision,app_movil,LI-001,Cuenta Ahorro
TXN-00007609,CTA-884796,CLI-73260,2026-06-03 11:54:00,1428729.99,CRC,deposito,app_movil,CA-001,Cuenta Ahorro
TXN-00007610,CTA-125707,CLI-95193,2026-06-03 05:48:00,2344292.32,CRC,retiro,sucursal,AL-001,Préstamo Hipotecario
TXN-00007611,CTA-972832,CLI-53326,2026-06-29 11:01:00,3192522.39,CRC,deposito,sucursal,LI-001,Préstamo Hipotecario
TXN-00007612,CTA-136902,CLI-70908,2026-06-29 11:53:00,4907776.12,CRC,retiro,sucursal,AL-001,Cuenta Ahorro
TXN-00007613,CTA-871725,CLI-82541,2026-06-03 01:55:00,1213372.82,CRC,retiro,sucursal,CA-001,Cuenta Ahorro
TXN-00007614,CTA-832681,CLI-25724,2026-06-27 05:31:00,339027.48,CRC,retiro,sinpe,LI-001,Préstamo Hipotecario
TXN-00007615,CTA-355481,CLI-80919,2026-06-23 14:59:00,4596823.93,CRC,pago,sinpe,LI-002,Cuenta Ahorro
TXN-00007616,CTA-558868,CLI-79920,2026-06-20 23:30:00,1950718.72,CRC,retiro,sucursal,LI-002,Préstamo Personal
TXN-00007617,CTA-721969,CLI-60225,2026-06-01 08:23:00,912534.7,CRC,pago,atm,HE-001,Cuenta Corriente
TXN-00007618,CTA-934925,CLI-76712,2026-06-14 20:41:00,3431807.57,CRC,pago,atm,HE-001,Préstamo Personal
TXN-00007619,CTA-522506,CLI-30345,2026-06-13 07:44:00,119167.67,CRC,deposito,web,CA-001,Préstamo Hipotecario
TXN-00007620,CTA-985381,CLI-83018,2026-06-03 22:32:00,3380013.84,CRC,transferencia,sinpe,HE-001,Préstamo Hipotecario
TXN-00007621,CTA-837180,CLI-67546,2026-06-29 12:01:00,2938448.92,CRC,retiro,app_movil,SJ-002,Cuenta Ahorro
TXN-00007622,CTA-110587,CLI-10617,2026-06-27 20:37:00,315693.35,CRC,comision,atm,SJ-002,Cuenta Ahorro
TXN-00007623,CTA-403642,CLI-21032,2026-06-30 10:33:00,2925474.79,CRC,comision,sinpe,CA-001,Cuenta Corriente
TXN-00007624,CTA-361287,CLI-35561,2026-06-04 10:25:00,2954816.24,CRC,deposito,atm,LI-002,Cuenta Corriente
TXN-00007625,CTA-456271,CLI-16920,2026-06-21 16:30:00,2857726.27,CRC,transferencia,atm,HE-001,Cuenta Ahorro
TXN-00007626,CTA-981317,CLI-87410,2026-06-08 18:34:00,484993.96,CRC,retiro,sinpe,LI-002,Préstamo Hipotecario
TXN-00007627,CTA-645346,CLI-46827,2026-06-30 14:04:00,711275.31,CRC,transferencia,app_movil,SJ-001,Préstamo Personal
TXN-00007628,CTA-817078,CLI-63539,2026-06-04 22:26:00,2959921.62,CRC,retiro,atm,PU-001,Cuenta Corriente
TXN-00007629,CTA-220229,CLI-95823,2026-06-24 15:34:00,4908758.69,CRC,pago,sucursal,LI-001,Cuenta Ahorro
TXN-00007630,CTA-114625,CLI-51960,2026-06-11 22:43:00,979863.54,CRC,pago,atm,SJ-002,Cuenta Corriente
TXN-00007631,CTA-266446,CLI-32965,2026-06-02 17:08:00,2379681.06,CRC,pago,atm,CA-001,Préstamo Hipotecario
TXN-00007632,CTA-234876,CLI-57202,2026-06-13 04:27:00,3593895.2,CRC,comision,sucursal,SJ-002,Préstamo Hipotecario
TXN-00007633,CTA-345648,CLI-51264,2026-06-16 22:12:00,4012570.41,CRC,pago,sinpe,SJ-002,Cuenta Corriente
TXN-00007634,CTA-914056,CLI-46443,2026-06-06 09:33:00,1415074.81,CRC,pago,web,PU-001,Préstamo Hipotecario
TXN-00007635,CTA-299298,CLI-32361,2026-06-13 12:02:00,532841.48,CRC,comision,app_movil,LI-002,Cuenta Corriente
TXN-00007636,CTA-780403,CLI-23238,2026-06-03 16:16:00,4160413.0,CRC,transferencia,sinpe,AL-001,Tarjeta Crédito
TXN-00007637,CTA-651185,CLI-20645,2026-06-06 11:55:00,2755017.11,CRC,deposito,app_movil,SJ-002,Cuenta Corriente
TXN-00007638,CTA-300614,CLI-58588,2026-06-13 23:33:00,229164.31,CRC,retiro,atm,PU-001,Préstamo Hipotecario
TXN-00007639,CTA-115462,CLI-22763,2026-06-19 01:51:00,2551733.71,CRC,transferencia,app_movil,AL-001,Préstamo Hipotecario
TXN-00007640,CTA-452947,CLI-66203,2026-06-06 04:10:00,3466556.02,CRC,retiro,app_movil,AL-001,Préstamo Personal
TXN-00007641,CTA-249799,CLI-69374,2026-06-23 12:52:00,1976665.1,CRC,deposito,web,PU-001,Préstamo Hipotecario
TXN-00007642,CTA-763643,CLI-82712,2026-06-27 12:48:00,2316354.93,CRC,comision,atm,AL-001,Préstamo Personal
TXN-00007643,CTA-671769,CLI-20054,2026-06-24 07:52:00,4791681.35,CRC,comision,sucursal,LI-002,Préstamo Hipotecario
TXN-00007644,CTA-565175,CLI-15990,2026-06-11 10:43:00,2493737.48,CRC,transferencia,app_movil,HE-001,Cuenta Corriente
TXN-00007645,CTA-101755,CLI-92193,2026-06-30 12:13:00,2372130.61,CRC,comision,app_movil,HE-001,Cuenta Ahorro
TXN-00007646,CTA-326042,CLI-24907,2026-06-24 12:52:00,4708023.18,CRC,deposito,atm,AL-001,Préstamo Hipotecario
TXN-00007647,CTA-997324,CLI-22105,2026-06-08 20:38:00,3145717.94,CRC,transferencia,sucursal,HE-001,Cuenta Corriente
TXN-00007648,CTA-694632,CLI-70875,2026-06-13 11:18:00,1546360.61,CRC,comision,sinpe,HE-001,Tarjeta Crédito
TXN-00007649,CTA-331803,CLI-49363,2026-06-07 16:13:00,2813547.37,CRC,comision,app_movil,LI-001,Cuenta Corriente
TXN-00007650,CTA-855078,CLI-89831,2026-06-05 03:52:00,2099549.34,CRC,retiro,sucursal,LI-002,Tarjeta Crédito
TXN-00007651,CTA-209044,CLI-91062,2026-06-17 08:53:00,306845.66,CRC,transferencia,app_movil,SJ-001,Cuenta Corriente
TXN-00007652,CTA-564827,CLI-60978,2026-06-10 00:23:00,1073169.94,CRC,pago,app_movil,SJ-001,Préstamo Personal
TXN-00007653,CTA-211430,CLI-60823,2026-06-01 04:32:00,3514503.68,CRC,pago,sinpe,PU-001,Tarjeta Crédito
TXN-00007654,CTA-664624,CLI-98395,2026-06-19 19:56:00,3981102.26,CRC,retiro,app_movil,HE-001,Préstamo Hipotecario
TXN-00007655,CTA-424557,CLI-78584,2026-06-24 18:23:00,633265.34,CRC,deposito,sinpe,LI-002,Cuenta Corriente
TXN-00007656,CTA-733725,CLI-28309,2026-06-25 07:52:00,2870892.67,CRC,retiro,atm,PU-001,Tarjeta Crédito
TXN-00007657,CTA-561303,CLI-28636,2026-06-12 15:43:00,1633514.41,CRC,transferencia,web,SJ-001,Préstamo Personal
TXN-00007658,CTA-918437,CLI-84803,2026-06-08 18:55:00,3954613.2,CRC,pago,sucursal,SJ-002,Préstamo Personal
TXN-00007659,CTA-711221,CLI-19749,2026-06-07 22:48:00,3536119.78,CRC,pago,app_movil,SJ-001,Tarjeta Crédito
TXN-00007660,CTA-600242,CLI-30653,2026-06-27 14:07:00,4760711.72,CRC,retiro,app_movil,HE-001,Préstamo Hipotecario
TXN-00007661,CTA-832698,CLI-61166,2026-06-02 07:12:00,2194965.61,CRC,pago,sinpe,SJ-002,Préstamo Personal
TXN-00007662,CTA-831440,CLI-81505,2026-06-12 01:11:00,671739.28,CRC,transferencia,sinpe,LI-002,Préstamo Hipotecario
TXN-00007663,CTA-362344,CLI-95880,2026-06-10 19:20:00,2568473.02,CRC,deposito,atm,LI-001,Préstamo Personal
TXN-00007664,CTA-192645,CLI-30831,2026-06-02 19:01:00,3469490.07,CRC,pago,atm,LI-001,Préstamo Personal
TXN-00007665,CTA-826612,CLI-46472,2026-06-16 18:25:00,4284820.86,CRC,deposito,web,PU-001,Tarjeta Crédito
TXN-00007666,CTA-199748,CLI-53931,2026-06-18 23:29:00,2098546.68,CRC,pago,app_movil,PU-001,Cuenta Corriente
TXN-00007667,CTA-618152,CLI-12352,2026-06-06 09:50:00,195866.19,CRC,deposito,sinpe,AL-001,Cuenta Corriente
TXN-00007668,CTA-697351,CLI-65412,2026-06-16 08:44:00,3826251.78,CRC,pago,sinpe,CA-001,Cuenta Ahorro
TXN-00007669,CTA-455543,CLI-27989,2026-06-19 15:02:00,1808341.56,CRC,transferencia,web,AL-001,Préstamo Personal
TXN-00007670,CTA-846973,CLI-41148,2026-06-04 13:23:00,142357.73,CRC,retiro,atm,LI-001,Préstamo Hipotecario
TXN-00007671,CTA-981304,CLI-77596,2026-06-29 14:02:00,2678027.25,CRC,pago,app_movil,HE-001,Préstamo Hipotecario
TXN-00007672,CTA-958914,CLI-43144,2026-06-20 14:53:00,3759444.0,CRC,retiro,atm,CA-001,Cuenta Ahorro
TXN-00007673,CTA-327430,CLI-27141,2026-06-08 07:54:00,2701390.55,CRC,deposito,app_movil,LI-002,Cuenta Corriente
TXN-00007674,CTA-670564,CLI-84086,2026-06-11 22:37:00,4505220.37,CRC,retiro,app_movil,CA-001,Préstamo Hipotecario
TXN-00007675,CTA-359289,CLI-74223,2026-06-01 14:57:00,37780.63,CRC,pago,atm,HE-001,Préstamo Hipotecario
TXN-00007676,CTA-418807,CLI-15554,2026-06-15 01:48:00,531072.73,CRC,transferencia,web,SJ-001,Tarjeta Crédito
TXN-00007677,CTA-571968,CLI-81862,2026-06-01 00:26:00,4170624.13,CRC,pago,app_movil,AL-001,Préstamo Hipotecario
TXN-00007678,CTA-249967,CLI-99416,2026-06-03 02:43:00,3053313.73,CRC,pago,sinpe,LI-001,Préstamo Hipotecario
TXN-00007679,CTA-514114,CLI-89250,2026-06-01 07:34:00,1955161.29,CRC,deposito,sinpe,HE-001,Préstamo Hipotecario
TXN-00007680,CTA-540376,CLI-44959,2026-06-06 01:41:00,3842043.63,CRC,comision,sinpe,CA-001,Cuenta Ahorro
TXN-00007681,CTA-534803,CLI-20423,2026-06-18 07:29:00,2043437.54,CRC,pago,sucursal,AL-001,Préstamo Personal
TXN-00007682,CTA-577538,CLI-69990,2026-06-21 06:08:00,4427440.52,CRC,transferencia,sucursal,LI-002,Préstamo Hipotecario
TXN-00007683,CTA-926895,CLI-33582,2026-06-19 16:58:00,4666912.72,CRC,pago,sinpe,HE-001,Cuenta Corriente
TXN-00007684,CTA-763242,CLI-90493,2026-06-17 06:30:00,3536872.24,CRC,pago,sinpe,HE-001,Préstamo Hipotecario
TXN-00007685,CTA-244974,CLI-43793,2026-06-05 00:02:00,482349.71,CRC,transferencia,sucursal,HE-001,Préstamo Personal
TXN-00007686,CTA-931090,CLI-79890,2026-06-22 11:53:00,1808717.12,CRC,pago,atm,SJ-001,Tarjeta Crédito
TXN-00007687,CTA-378410,CLI-48704,2026-06-02 20:43:00,2150353.5,CRC,comision,app_movil,LI-001,Préstamo Hipotecario
TXN-00007688,CTA-720464,CLI-58234,2026-06-25 10:10:00,2210077.52,CRC,deposito,app_movil,PU-001,Cuenta Ahorro
TXN-00007689,CTA-310660,CLI-78885,2026-06-27 02:56:00,4600796.41,CRC,pago,app_movil,SJ-002,Préstamo Personal
TXN-00007690,CTA-276412,CLI-12877,2026-06-13 16:03:00,1494730.73,CRC,deposito,sucursal,SJ-002,Tarjeta Crédito
TXN-00007691,CTA-883439,CLI-32864,2026-06-29 08:56:00,1059759.88,CRC,comision,app_movil,HE-001,Tarjeta Crédito
TXN-00007692,CTA-427113,CLI-72227,2026-06-01 18:11:00,1952667.0,CRC,comision,web,HE-001,Cuenta Ahorro
TXN-00007693,CTA-293948,CLI-38267,2026-06-17 06:43:00,4635017.2,CRC,pago,sucursal,LI-002,Préstamo Personal
TXN-00007694,CTA-792945,CLI-84772,2026-06-11 08:12:00,238073.28,CRC,deposito,sucursal,CA-001,Tarjeta Crédito
TXN-00007695,CTA-787134,CLI-75537,2026-06-15 11:53:00,1550121.4,CRC,transferencia,sucursal,HE-001,Cuenta Ahorro
TXN-00007696,CTA-722714,CLI-52189,2026-06-03 20:38:00,4326522.59,CRC,transferencia,sinpe,SJ-001,Préstamo Personal
TXN-00007697,CTA-582865,CLI-97201,2026-06-26 13:59:00,509519.52,CRC,retiro,app_movil,PU-001,Préstamo Personal
TXN-00007698,CTA-179678,CLI-84859,2026-06-26 18:31:00,2864907.74,CRC,comision,sinpe,SJ-001,Tarjeta Crédito
TXN-00007699,CTA-587977,CLI-12515,2026-06-19 01:24:00,2097439.4,CRC,comision,sinpe,LI-002,Tarjeta Crédito
TXN-00007700,CTA-325848,CLI-56018,2026-06-06 08:59:00,3762018.11,CRC,pago,sucursal,SJ-002,Tarjeta Crédito
TXN-00007701,CTA-159509,CLI-92029,2026-06-22 22:57:00,665840.79,CRC,comision,app_movil,PU-001,Cuenta Ahorro
TXN-00007702,CTA-894931,CLI-87376,2026-06-24 23:16:00,1732900.07,CRC,transferencia,atm,SJ-001,Cuenta Corriente
TXN-00007703,CTA-412282,CLI-45937,2026-06-02 02:10:00,3826029.42,CRC,deposito,atm,SJ-001,Préstamo Personal
TXN-00007704,CTA-492557,CLI-68828,2026-06-18 09:30:00,207273.95,CRC,retiro,web,CA-001,Tarjeta Crédito
TXN-00007705,CTA-296487,CLI-12849,2026-06-20 17:49:00,4009925.4,CRC,retiro,app_movil,AL-001,Préstamo Personal
TXN-00007706,CTA-688630,CLI-37802,2026-06-15 12:46:00,4112066.66,CRC,comision,app_movil,AL-001,Tarjeta Crédito
TXN-00007707,CTA-880438,CLI-39730,2026-06-09 19:46:00,147160.99,CRC,pago,web,LI-002,Cuenta Corriente
TXN-00007708,CTA-973932,CLI-38382,2026-06-21 18:30:00,25043.08,CRC,retiro,atm,AL-001,Préstamo Hipotecario
TXN-00007709,CTA-247618,CLI-39809,2026-06-28 15:55:00,4154599.32,CRC,pago,web,CA-001,Tarjeta Crédito
TXN-00007710,CTA-384139,CLI-59268,2026-06-20 03:14:00,2379792.32,CRC,pago,sinpe,LI-002,Tarjeta Crédito
TXN-00007711,CTA-899431,CLI-48474,2026-06-10 07:22:00,1387153.43,CRC,comision,atm,AL-001,Cuenta Ahorro
TXN-00007712,CTA-562744,CLI-57055,2026-06-20 01:11:00,4437657.15,CRC,pago,atm,SJ-001,Préstamo Personal
TXN-00007713,CTA-560312,CLI-81977,2026-06-16 16:18:00,3384055.27,CRC,transferencia,web,LI-001,Tarjeta Crédito
TXN-00007714,CTA-710031,CLI-33525,2026-06-17 16:31:00,3878869.04,CRC,transferencia,sucursal,SJ-002,Préstamo Personal
TXN-00007715,CTA-664302,CLI-99315,2026-06-26 20:12:00,1327556.88,CRC,retiro,sinpe,CA-001,Préstamo Hipotecario
TXN-00007716,CTA-251403,CLI-34063,2026-06-17 12:43:00,1993162.24,CRC,comision,web,SJ-002,Cuenta Ahorro
TXN-00007717,CTA-589601,CLI-72985,2026-06-15 20:20:00,433329.4,CRC,comision,web,SJ-002,Cuenta Ahorro
TXN-00007718,CTA-686981,CLI-72710,2026-06-12 19:32:00,1369425.49,CRC,pago,web,SJ-002,Tarjeta Crédito
TXN-00007719,CTA-712568,CLI-68428,2026-06-21 05:59:00,3888001.12,CRC,deposito,app_movil,PU-001,Cuenta Ahorro
TXN-00007720,CTA-960305,CLI-33469,2026-06-04 01:31:00,4262971.41,CRC,pago,web,LI-002,Préstamo Hipotecario
TXN-00007721,CTA-799783,CLI-80695,2026-06-20 00:45:00,4374552.18,CRC,comision,sinpe,SJ-001,Préstamo Personal
TXN-00007722,CTA-283204,CLI-11200,2026-06-20 22:30:00,3652401.8,CRC,transferencia,app_movil,HE-001,Tarjeta Crédito
TXN-00007723,CTA-251248,CLI-19132,2026-06-22 10:05:00,2017795.89,CRC,pago,sucursal,HE-001,Tarjeta Crédito
TXN-00007724,CTA-856264,CLI-63043,2026-06-19 12:30:00,464124.28,CRC,transferencia,app_movil,LI-001,Tarjeta Crédito
TXN-00007725,CTA-407309,CLI-19403,2026-06-11 14:11:00,664063.21,CRC,retiro,sinpe,SJ-002,Cuenta Ahorro
TXN-00007726,CTA-657471,CLI-66383,2026-06-29 14:37:00,3118009.23,CRC,comision,web,LI-002,Tarjeta Crédito
TXN-00007727,CTA-529768,CLI-16955,2026-06-05 22:00:00,2184066.21,CRC,deposito,web,HE-001,Cuenta Corriente
TXN-00007728,CTA-585609,CLI-14848,2026-06-16 22:13:00,3070798.88,CRC,deposito,atm,CA-001,Tarjeta Crédito
TXN-00007729,CTA-181628,CLI-27527,2026-06-08 12:10:00,1938902.65,CRC,transferencia,web,AL-001,Tarjeta Crédito
TXN-00007730,CTA-871293,CLI-88786,2026-06-16 05:44:00,3441708.85,CRC,transferencia,web,AL-001,Préstamo Hipotecario
TXN-00007731,CTA-220318,CLI-59727,2026-06-21 14:04:00,4598004.67,CRC,comision,sucursal,CA-001,Cuenta Ahorro
TXN-00007732,CTA-585621,CLI-26297,2026-06-01 06:12:00,796387.58,CRC,deposito,sucursal,AL-001,Cuenta Corriente
TXN-00007733,CTA-186259,CLI-46440,2026-06-23 18:39:00,300259.92,CRC,comision,sinpe,SJ-001,Cuenta Corriente
TXN-00007734,CTA-819082,CLI-51293,2026-06-02 10:48:00,2214772.0,CRC,transferencia,atm,HE-001,Préstamo Personal
TXN-00007735,CTA-776534,CLI-38389,2026-06-23 02:43:00,1451274.92,CRC,retiro,sinpe,CA-001,Cuenta Ahorro
TXN-00007736,CTA-794617,CLI-18688,2026-06-11 10:00:00,941987.4,CRC,comision,sucursal,SJ-002,Préstamo Personal
TXN-00007737,CTA-361059,CLI-56966,2026-06-18 18:13:00,3118774.42,CRC,comision,sinpe,HE-001,Cuenta Corriente
TXN-00007738,CTA-641010,CLI-75175,2026-06-24 20:45:00,1950822.55,CRC,retiro,sucursal,HE-001,Préstamo Hipotecario
TXN-00007739,CTA-893717,CLI-53896,2026-06-21 14:58:00,2552864.77,CRC,pago,sucursal,LI-001,Préstamo Personal
TXN-00007740,CTA-755495,CLI-28826,2026-06-05 20:54:00,2331733.3,CRC,transferencia,atm,CA-001,Préstamo Personal
TXN-00007741,CTA-668126,CLI-90541,2026-06-28 18:26:00,1739114.85,CRC,deposito,sinpe,HE-001,Cuenta Corriente
TXN-00007742,CTA-129461,CLI-85191,2026-06-18 06:37:00,4650037.44,CRC,transferencia,web,PU-001,Préstamo Hipotecario
TXN-00007743,CTA-254187,CLI-65795,2026-06-10 00:44:00,4082068.04,CRC,transferencia,web,SJ-001,Tarjeta Crédito
TXN-00007744,CTA-380589,CLI-45115,2026-06-23 20:21:00,888049.5,CRC,transferencia,web,LI-002,Cuenta Ahorro
TXN-00007745,CTA-817561,CLI-46719,2026-06-04 17:40:00,3639631.1,CRC,retiro,app_movil,AL-001,Préstamo Hipotecario
TXN-00007746,CTA-357600,CLI-99846,2026-06-08 20:41:00,1529270.4,CRC,comision,app_movil,LI-002,Préstamo Hipotecario
TXN-00007747,CTA-250196,CLI-28138,2026-06-24 11:15:00,3427484.71,CRC,deposito,sucursal,SJ-002,Cuenta Corriente
TXN-00007748,CTA-776781,CLI-99752,2026-06-16 12:43:00,4938620.8,CRC,comision,atm,SJ-002,Cuenta Corriente
TXN-00007749,CTA-133605,CLI-52559,2026-06-10 13:36:00,2548630.82,CRC,transferencia,app_movil,PU-001,Préstamo Personal
TXN-00007750,CTA-612286,CLI-11029,2026-06-16 02:32:00,4981228.0,CRC,deposito,sinpe,AL-001,Préstamo Personal
TXN-00007751,CTA-744338,CLI-17070,2026-06-23 16:07:00,1859573.37,CRC,deposito,sucursal,LI-002,Cuenta Ahorro
TXN-00007752,CTA-353671,CLI-47609,2026-06-08 05:02:00,133893.17,CRC,pago,sinpe,PU-001,Tarjeta Crédito
TXN-00007753,CTA-369049,CLI-79722,2026-06-11 21:57:00,2131349.95,CRC,transferencia,web,AL-001,Tarjeta Crédito
TXN-00007754,CTA-164870,CLI-37375,2026-06-29 22:29:00,389059.09,CRC,retiro,sucursal,CA-001,Cuenta Ahorro
TXN-00007755,CTA-354495,CLI-68535,2026-06-25 19:01:00,4055197.3,CRC,pago,web,LI-001,Cuenta Ahorro
TXN-00007756,CTA-664198,CLI-32809,2026-06-03 12:12:00,2740359.2,CRC,deposito,sinpe,LI-001,Préstamo Personal
TXN-00007757,CTA-742533,CLI-64993,2026-06-13 15:14:00,3012968.89,CRC,comision,sucursal,LI-001,Cuenta Ahorro
TXN-00007758,CTA-242806,CLI-99174,2026-06-13 08:28:00,466778.1,CRC,deposito,sucursal,CA-001,Tarjeta Crédito
TXN-00007759,CTA-276581,CLI-37001,2026-06-17 15:25:00,3677506.15,CRC,deposito,web,CA-001,Préstamo Hipotecario
TXN-00007760,CTA-913226,CLI-53233,2026-06-06 10:30:00,556228.02,CRC,pago,app_movil,HE-001,Préstamo Personal
TXN-00007761,CTA-972010,CLI-91235,2026-06-21 12:06:00,2286881.45,CRC,retiro,atm,SJ-001,Tarjeta Crédito
TXN-00007762,CTA-591673,CLI-52713,2026-06-16 15:14:00,3680904.92,CRC,comision,web,HE-001,Cuenta Corriente
TXN-00007763,CTA-492024,CLI-64423,2026-06-05 16:36:00,4198405.13,CRC,comision,web,CA-001,Cuenta Ahorro
TXN-00007764,CTA-264955,CLI-60751,2026-06-06 07:55:00,653456.72,CRC,transferencia,atm,SJ-001,Préstamo Hipotecario
TXN-00007765,CTA-393346,CLI-66023,2026-06-20 12:51:00,2859883.9,CRC,comision,atm,CA-001,Tarjeta Crédito
TXN-00007766,CTA-946678,CLI-11646,2026-06-24 08:55:00,3544019.14,CRC,comision,app_movil,CA-001,Cuenta Ahorro
TXN-00007767,CTA-599365,CLI-27726,2026-06-16 18:08:00,2517620.83,CRC,pago,sucursal,LI-001,Cuenta Ahorro
TXN-00007768,CTA-296413,CLI-74340,2026-06-22 13:14:00,173291.31,CRC,deposito,sinpe,LI-001,Cuenta Ahorro
TXN-00007769,CTA-882134,CLI-10877,2026-06-18 16:44:00,922106.37,CRC,retiro,sucursal,HE-001,Préstamo Hipotecario
TXN-00007770,CTA-641373,CLI-81742,2026-06-20 23:21:00,4646807.78,CRC,deposito,web,AL-001,Cuenta Ahorro
TXN-00007771,CTA-914155,CLI-93558,2026-06-20 18:48:00,4668923.71,CRC,transferencia,sinpe,PU-001,Préstamo Personal
TXN-00007772,CTA-964369,CLI-51011,2026-06-02 21:43:00,3243639.13,CRC,comision,sinpe,PU-001,Cuenta Corriente
TXN-00007773,CTA-524350,CLI-96904,2026-06-29 16:53:00,2816436.52,CRC,transferencia,sucursal,SJ-002,Cuenta Ahorro
TXN-00007774,CTA-709380,CLI-53687,2026-06-16 17:22:00,718586.69,CRC,deposito,sucursal,PU-001,Cuenta Corriente
TXN-00007775,CTA-633489,CLI-71812,2026-06-04 12:26:00,4413470.94,CRC,deposito,app_movil,SJ-002,Cuenta Corriente
TXN-00007776,CTA-157733,CLI-57047,2026-06-02 19:47:00,894727.95,CRC,retiro,sucursal,AL-001,Cuenta Ahorro
TXN-00007777,CTA-476816,CLI-60263,2026-06-02 22:26:00,2879730.99,CRC,deposito,sinpe,CA-001,Préstamo Hipotecario
TXN-00007778,CTA-501575,CLI-19290,2026-06-25 01:05:00,1458037.61,CRC,pago,app_movil,SJ-001,Cuenta Corriente
TXN-00007779,CTA-662603,CLI-33770,2026-06-05 04:39:00,2351346.71,CRC,transferencia,web,HE-001,Tarjeta Crédito
TXN-00007780,CTA-610750,CLI-35094,2026-06-26 17:24:00,3845068.62,CRC,comision,app_movil,SJ-002,Préstamo Personal
TXN-00007781,CTA-522461,CLI-77488,2026-06-20 01:20:00,292382.9,CRC,comision,sinpe,LI-001,Tarjeta Crédito
TXN-00007782,CTA-291689,CLI-70928,2026-06-22 00:40:00,3894429.46,CRC,retiro,app_movil,PU-001,Préstamo Personal
TXN-00007783,CTA-465308,CLI-16973,2026-06-01 21:43:00,4145932.84,CRC,retiro,atm,CA-001,Tarjeta Crédito
TXN-00007784,CTA-308921,CLI-26599,2026-06-01 17:03:00,4111757.86,CRC,pago,app_movil,PU-001,Tarjeta Crédito
TXN-00007785,CTA-793147,CLI-66028,2026-06-08 00:44:00,4574523.3,CRC,comision,atm,HE-001,Tarjeta Crédito
TXN-00007786,CTA-535875,CLI-59662,2026-06-20 15:03:00,1908576.85,CRC,pago,web,HE-001,Tarjeta Crédito
TXN-00007787,CTA-848981,CLI-76194,2026-06-19 17:43:00,1390986.88,CRC,transferencia,app_movil,SJ-002,Cuenta Corriente
TXN-00007788,CTA-215070,CLI-37751,2026-06-01 05:30:00,4184617.22,CRC,pago,atm,SJ-001,Cuenta Ahorro
TXN-00007789,CTA-202362,CLI-12259,2026-06-21 08:37:00,2446031.12,CRC,pago,sucursal,HE-001,Préstamo Hipotecario
TXN-00007790,CTA-254423,CLI-52613,2026-06-09 02:44:00,4794203.16,CRC,comision,sucursal,CA-001,Cuenta Ahorro
TXN-00007791,CTA-272421,CLI-94174,2026-06-22 21:15:00,3902187.82,CRC,retiro,sucursal,PU-001,Cuenta Ahorro
TXN-00007792,CTA-458939,CLI-46168,2026-06-13 05:21:00,222972.25,CRC,deposito,web,LI-001,Préstamo Personal
TXN-00007793,CTA-542016,CLI-67290,2026-06-19 10:13:00,2309636.67,CRC,deposito,app_movil,LI-001,Cuenta Corriente
TXN-00007794,CTA-727527,CLI-21309,2026-06-02 15:02:00,4436047.03,CRC,deposito,sinpe,SJ-001,Préstamo Personal
TXN-00007795,CTA-888693,CLI-41291,2026-06-08 09:41:00,2498388.95,CRC,comision,sucursal,HE-001,Cuenta Ahorro
TXN-00007796,CTA-234631,CLI-61742,2026-06-14 17:11:00,1426575.13,CRC,comision,web,SJ-002,Cuenta Ahorro
TXN-00007797,CTA-464528,CLI-93015,2026-06-04 22:08:00,4850741.26,CRC,transferencia,sinpe,LI-001,Cuenta Corriente
TXN-00007798,CTA-488536,CLI-75310,2026-06-30 12:19:00,2517372.54,CRC,transferencia,web,SJ-001,Tarjeta Crédito
TXN-00007799,CTA-899354,CLI-39277,2026-06-05 11:36:00,549127.0,CRC,comision,sucursal,CA-001,Cuenta Ahorro
TXN-00007800,CTA-663613,CLI-46814,2026-06-23 08:31:00,3326822.27,CRC,transferencia,atm,SJ-001,Préstamo Personal
TXN-00007801,CTA-800055,CLI-35957,2026-06-25 09:26:00,83625.46,CRC,comision,app_movil,LI-001,Cuenta Ahorro
TXN-00007802,CTA-809175,CLI-49103,2026-06-24 01:17:00,3574834.42,CRC,deposito,sinpe,LI-001,Tarjeta Crédito
TXN-00007803,CTA-522521,CLI-46677,2026-06-09 01:17:00,805036.98,CRC,transferencia,web,CA-001,Cuenta Corriente
TXN-00007804,CTA-570599,CLI-42716,2026-06-03 23:47:00,4309138.71,CRC,retiro,web,LI-002,Cuenta Corriente
TXN-00007805,CTA-301947,CLI-62642,2026-06-04 00:56:00,2111754.78,CRC,deposito,atm,SJ-001,Tarjeta Crédito
TXN-00007806,CTA-595957,CLI-85707,2026-06-26 17:05:00,415513.59,CRC,retiro,app_movil,LI-002,Cuenta Corriente
TXN-00007807,CTA-273044,CLI-94840,2026-06-25 07:16:00,4392160.41,CRC,pago,web,AL-001,Tarjeta Crédito
TXN-00007808,CTA-123105,CLI-49410,2026-06-20 01:00:00,2171940.01,CRC,deposito,sinpe,SJ-001,Préstamo Personal
TXN-00007809,CTA-476878,CLI-60360,2026-06-29 01:05:00,54415.55,CRC,pago,app_movil,PU-001,Cuenta Corriente
TXN-00007810,CTA-235961,CLI-21397,2026-06-26 07:26:00,2753707.53,CRC,deposito,web,AL-001,Tarjeta Crédito
TXN-00007811,CTA-478583,CLI-83674,2026-06-23 21:02:00,1521801.33,CRC,retiro,app_movil,PU-001,Préstamo Hipotecario
TXN-00007812,CTA-307826,CLI-59469,2026-06-23 10:32:00,1116838.71,CRC,retiro,app_movil,LI-001,Tarjeta Crédito
TXN-00007813,CTA-720486,CLI-63485,2026-06-27 07:36:00,2508476.96,CRC,comision,app_movil,AL-001,Préstamo Hipotecario
TXN-00007814,CTA-435297,CLI-94775,2026-06-19 09:35:00,3296668.34,CRC,pago,sinpe,SJ-002,Préstamo Personal
TXN-00007815,CTA-791622,CLI-46026,2026-06-10 22:03:00,4506987.25,CRC,comision,web,HE-001,Tarjeta Crédito
TXN-00007816,CTA-948522,CLI-84421,2026-06-08 17:13:00,144222.15,CRC,comision,sucursal,AL-001,Tarjeta Crédito
TXN-00007817,CTA-307775,CLI-55835,2026-06-16 14:47:00,273298.64,CRC,comision,app_movil,CA-001,Préstamo Hipotecario
TXN-00007818,CTA-357543,CLI-43287,2026-06-21 22:27:00,2029172.45,CRC,transferencia,sinpe,LI-001,Cuenta Corriente
TXN-00007819,CTA-404360,CLI-83075,2026-06-02 18:48:00,4214221.34,CRC,comision,sucursal,LI-001,Cuenta Corriente
TXN-00007820,CTA-271530,CLI-69344,2026-06-28 16:04:00,2203821.12,CRC,pago,sinpe,AL-001,Cuenta Ahorro
TXN-00007821,CTA-975895,CLI-99861,2026-06-14 03:10:00,2484006.69,CRC,retiro,sucursal,SJ-001,Préstamo Hipotecario
TXN-00007822,CTA-596845,CLI-21275,2026-06-04 14:17:00,1931174.01,CRC,pago,web,SJ-002,Cuenta Corriente
TXN-00007823,CTA-145570,CLI-32873,2026-06-06 10:12:00,1130311.55,CRC,deposito,web,SJ-001,Cuenta Ahorro
TXN-00007824,CTA-434858,CLI-69638,2026-06-20 21:03:00,2491031.06,CRC,transferencia,app_movil,SJ-002,Préstamo Personal
TXN-00007825,CTA-769868,CLI-79266,2026-06-29 12:26:00,2510349.5,CRC,deposito,app_movil,SJ-002,Cuenta Corriente
TXN-00007826,CTA-194609,CLI-39840,2026-06-02 06:52:00,4382501.31,CRC,retiro,app_movil,SJ-001,Cuenta Ahorro
TXN-00007827,CTA-717368,CLI-12415,2026-06-06 08:16:00,4122936.58,CRC,transferencia,app_movil,HE-001,Cuenta Corriente
TXN-00007828,CTA-908243,CLI-94218,2026-06-05 06:17:00,4173470.48,CRC,comision,sucursal,CA-001,Cuenta Corriente
TXN-00007829,CTA-588710,CLI-74490,2026-06-17 04:00:00,2901531.07,CRC,retiro,atm,SJ-002,Tarjeta Crédito
TXN-00007830,CTA-403033,CLI-52244,2026-06-12 08:51:00,3553687.85,CRC,pago,app_movil,LI-002,Préstamo Hipotecario
TXN-00007831,CTA-203450,CLI-58929,2026-06-15 02:52:00,2804816.34,CRC,comision,sucursal,PU-001,Cuenta Ahorro
TXN-00007832,CTA-564654,CLI-50575,2026-06-19 01:49:00,3105569.16,CRC,pago,app_movil,LI-001,Préstamo Hipotecario
TXN-00007833,CTA-878180,CLI-25558,2026-06-05 17:53:00,2577200.51,CRC,comision,sucursal,HE-001,Préstamo Hipotecario
TXN-00007834,CTA-647536,CLI-27210,2026-06-01 16:18:00,1114679.06,CRC,pago,atm,CA-001,Préstamo Personal
TXN-00007835,CTA-942303,CLI-86106,2026-06-06 12:28:00,2673924.57,CRC,pago,sinpe,LI-002,Cuenta Corriente
TXN-00007836,CTA-816709,CLI-90867,2026-06-07 04:07:00,2016432.38,CRC,comision,app_movil,PU-001,Préstamo Personal
TXN-00007837,CTA-579793,CLI-69377,2026-06-27 03:01:00,3643804.8,CRC,deposito,sinpe,AL-001,Préstamo Personal
TXN-00007838,CTA-929689,CLI-48855,2026-06-18 03:35:00,2280299.93,CRC,comision,web,LI-001,Tarjeta Crédito
TXN-00007839,CTA-435286,CLI-88703,2026-06-28 04:14:00,2212137.95,CRC,pago,web,LI-002,Préstamo Personal
TXN-00007840,CTA-930779,CLI-92137,2026-06-22 22:54:00,3459637.76,CRC,comision,app_movil,CA-001,Cuenta Corriente
TXN-00007841,CTA-954550,CLI-63933,2026-06-22 01:01:00,170934.82,CRC,comision,sucursal,LI-001,Cuenta Ahorro
TXN-00007842,CTA-346417,CLI-39357,2026-06-30 20:09:00,3901929.63,CRC,comision,sucursal,CA-001,Tarjeta Crédito
TXN-00007843,CTA-796558,CLI-33030,2026-06-22 06:46:00,3456368.75,CRC,pago,web,HE-001,Préstamo Hipotecario
TXN-00007844,CTA-570598,CLI-16841,2026-06-23 18:15:00,4079795.62,CRC,pago,sucursal,PU-001,Préstamo Hipotecario
TXN-00007845,CTA-103167,CLI-57107,2026-06-17 18:02:00,4200735.92,CRC,retiro,app_movil,HE-001,Préstamo Personal
TXN-00007846,CTA-328437,CLI-10397,2026-06-10 13:29:00,334481.86,CRC,transferencia,sinpe,AL-001,Préstamo Personal
TXN-00007847,CTA-632590,CLI-78850,2026-06-26 12:10:00,3994786.79,CRC,deposito,sucursal,AL-001,Cuenta Ahorro
TXN-00007848,CTA-888358,CLI-75526,2026-06-27 18:42:00,1669008.19,CRC,pago,sinpe,LI-001,Cuenta Ahorro
TXN-00007849,CTA-816888,CLI-14178,2026-06-03 12:14:00,2491336.31,CRC,pago,sinpe,CA-001,Préstamo Hipotecario
TXN-00007850,CTA-297576,CLI-99782,2026-06-04 02:44:00,2087741.92,CRC,deposito,atm,SJ-001,Tarjeta Crédito
TXN-00007851,CTA-182560,CLI-83788,2026-06-11 05:35:00,1468717.0,CRC,pago,atm,HE-001,Préstamo Personal
TXN-00007852,CTA-516284,CLI-73961,2026-06-01 03:20:00,2706628.17,CRC,deposito,app_movil,HE-001,Préstamo Personal
TXN-00007853,CTA-761903,CLI-51444,2026-06-08 04:57:00,3048629.28,CRC,comision,web,HE-001,Cuenta Ahorro
TXN-00007854,CTA-970708,CLI-16162,2026-06-12 15:43:00,2113046.45,CRC,comision,atm,CA-001,Cuenta Corriente
TXN-00007855,CTA-917209,CLI-61353,2026-06-20 00:04:00,3156070.2,CRC,pago,sucursal,AL-001,Tarjeta Crédito
TXN-00007856,CTA-797018,CLI-74550,2026-06-01 11:50:00,820600.06,CRC,deposito,app_movil,PU-001,Cuenta Ahorro
TXN-00007857,CTA-994476,CLI-62184,2026-06-07 11:50:00,1861554.82,CRC,pago,web,SJ-002,Cuenta Corriente
TXN-00007858,CTA-224538,CLI-70917,2026-06-03 20:50:00,2554543.88,CRC,deposito,app_movil,SJ-002,Tarjeta Crédito
TXN-00007859,CTA-147261,CLI-72433,2026-06-16 04:23:00,3582400.72,CRC,deposito,sinpe,AL-001,Préstamo Hipotecario
TXN-00007860,CTA-182596,CLI-41757,2026-06-26 01:05:00,750096.56,CRC,deposito,sinpe,SJ-001,Préstamo Hipotecario
TXN-00007861,CTA-136644,CLI-35008,2026-06-30 11:37:00,162745.35,CRC,transferencia,web,PU-001,Cuenta Corriente
TXN-00007862,CTA-409711,CLI-21783,2026-06-29 20:29:00,2368935.1,CRC,pago,atm,SJ-002,Cuenta Corriente
TXN-00007863,CTA-462231,CLI-57738,2026-06-13 16:33:00,4177242.29,CRC,transferencia,atm,PU-001,Cuenta Corriente
TXN-00007864,CTA-456793,CLI-57733,2026-06-09 08:12:00,4297033.29,CRC,comision,app_movil,CA-001,Préstamo Personal
TXN-00007865,CTA-530611,CLI-63237,2026-06-14 17:31:00,1745357.27,CRC,retiro,app_movil,SJ-002,Cuenta Ahorro
TXN-00007866,CTA-532085,CLI-50334,2026-06-18 09:04:00,1164241.91,CRC,comision,web,CA-001,Tarjeta Crédito
TXN-00007867,CTA-408867,CLI-44329,2026-06-01 20:50:00,2232828.81,CRC,retiro,atm,SJ-001,Cuenta Ahorro
TXN-00007868,CTA-694184,CLI-21486,2026-06-15 10:19:00,322441.89,CRC,pago,atm,SJ-001,Cuenta Ahorro
TXN-00007869,CTA-946270,CLI-61489,2026-06-19 02:18:00,2305692.58,CRC,pago,sinpe,HE-001,Préstamo Personal
TXN-00007870,CTA-755427,CLI-22987,2026-06-29 11:00:00,2427739.24,CRC,retiro,atm,LI-002,Cuenta Corriente
TXN-00007871,CTA-997891,CLI-46105,2026-06-15 01:26:00,749369.68,CRC,comision,web,LI-001,Tarjeta Crédito
TXN-00007872,CTA-431714,CLI-38321,2026-06-27 13:51:00,3425699.79,CRC,transferencia,app_movil,SJ-002,Préstamo Hipotecario
TXN-00007873,CTA-468219,CLI-19947,2026-06-01 18:54:00,982478.04,CRC,comision,atm,HE-001,Cuenta Corriente
TXN-00007874,CTA-730246,CLI-43750,2026-06-18 05:33:00,2993269.3,CRC,pago,atm,CA-001,Cuenta Corriente
TXN-00007875,CTA-189963,CLI-16444,2026-06-10 07:19:00,4587899.46,CRC,deposito,atm,AL-001,Préstamo Hipotecario
TXN-00007876,CTA-550114,CLI-46735,2026-06-30 19:58:00,4328255.66,CRC,retiro,sinpe,SJ-002,Tarjeta Crédito
TXN-00007877,CTA-688162,CLI-22846,2026-06-22 11:36:00,3664689.29,CRC,comision,sucursal,SJ-001,Cuenta Corriente
TXN-00007878,CTA-199682,CLI-60225,2026-06-17 11:48:00,4649164.44,CRC,retiro,sucursal,SJ-001,Préstamo Hipotecario
TXN-00007879,CTA-939612,CLI-61253,2026-06-07 21:22:00,4091364.3,CRC,retiro,atm,CA-001,Préstamo Hipotecario
TXN-00007880,CTA-549310,CLI-57357,2026-06-11 00:19:00,4356057.66,CRC,pago,app_movil,AL-001,Cuenta Corriente
TXN-00007881,CTA-701768,CLI-24174,2026-06-28 15:35:00,3541717.6,CRC,retiro,sinpe,AL-001,Cuenta Ahorro
TXN-00007882,CTA-350596,CLI-79731,2026-06-01 02:50:00,2138615.89,CRC,deposito,sinpe,SJ-001,Cuenta Ahorro
TXN-00007883,CTA-221569,CLI-64321,2026-06-30 20:08:00,1341999.36,CRC,pago,sinpe,AL-001,Cuenta Corriente
TXN-00007884,CTA-815113,CLI-85115,2026-06-23 11:05:00,2000504.98,CRC,pago,app_movil,LI-002,Préstamo Personal
TXN-00007885,CTA-247476,CLI-90339,2026-06-29 05:23:00,475339.36,CRC,retiro,sucursal,SJ-002,Cuenta Ahorro
TXN-00007886,CTA-319744,CLI-57366,2026-06-15 20:22:00,1245277.85,CRC,retiro,app_movil,SJ-002,Tarjeta Crédito
TXN-00007887,CTA-846427,CLI-81225,2026-06-12 06:02:00,2159420.79,CRC,pago,sucursal,LI-001,Tarjeta Crédito
TXN-00007888,CTA-853657,CLI-13675,2026-06-17 02:42:00,3857342.87,CRC,comision,atm,SJ-001,Cuenta Corriente
TXN-00007889,CTA-194432,CLI-66244,2026-06-13 03:02:00,3325972.32,CRC,comision,sucursal,LI-002,Préstamo Hipotecario
TXN-00007890,CTA-782126,CLI-26853,2026-06-28 18:09:00,388522.68,CRC,transferencia,atm,AL-001,Préstamo Personal
TXN-00007891,CTA-201456,CLI-62452,2026-06-25 21:54:00,4064002.26,CRC,retiro,web,AL-001,Cuenta Ahorro
TXN-00007892,CTA-648599,CLI-66537,2026-06-28 05:03:00,20538.67,CRC,transferencia,web,LI-002,Cuenta Ahorro
TXN-00007893,CTA-245808,CLI-28110,2026-06-07 10:34:00,1089296.21,CRC,transferencia,sucursal,AL-001,Préstamo Personal
TXN-00007894,CTA-683231,CLI-38159,2026-06-10 02:24:00,4924730.18,CRC,pago,sinpe,LI-002,Cuenta Corriente
TXN-00007895,CTA-407870,CLI-54873,2026-06-08 05:11:00,1257617.62,CRC,retiro,sinpe,LI-001,Préstamo Personal
TXN-00007896,CTA-740706,CLI-10973,2026-06-25 15:27:00,2384600.21,CRC,transferencia,atm,HE-001,Préstamo Personal
TXN-00007897,CTA-427350,CLI-38158,2026-06-13 21:08:00,2214461.91,CRC,transferencia,atm,SJ-002,Cuenta Corriente
TXN-00007898,CTA-414098,CLI-97520,2026-06-01 03:49:00,2291753.08,CRC,deposito,web,LI-001,Tarjeta Crédito
TXN-00007899,CTA-707153,CLI-42338,2026-06-09 07:20:00,1085418.34,CRC,retiro,atm,LI-001,Tarjeta Crédito
TXN-00007900,CTA-492386,CLI-25558,2026-06-13 05:24:00,1389510.53,CRC,comision,sinpe,CA-001,Tarjeta Crédito
TXN-00007901,CTA-783768,CLI-89124,2026-06-15 12:42:00,3767709.31,CRC,pago,web,SJ-001,Tarjeta Crédito
TXN-00007902,CTA-670156,CLI-25844,2026-06-13 00:10:00,682318.28,CRC,transferencia,web,LI-002,Cuenta Corriente
TXN-00007903,CTA-930161,CLI-10069,2026-06-20 11:25:00,890459.63,CRC,deposito,web,PU-001,Cuenta Ahorro
TXN-00007904,CTA-791408,CLI-68798,2026-06-09 12:28:00,1504472.25,CRC,pago,app_movil,SJ-001,Tarjeta Crédito
TXN-00007905,CTA-599043,CLI-31628,2026-06-28 21:09:00,2740168.49,CRC,transferencia,sinpe,HE-001,Tarjeta Crédito
TXN-00007906,CTA-465422,CLI-32530,2026-06-27 14:23:00,2148823.64,CRC,comision,sucursal,AL-001,Cuenta Corriente
TXN-00007907,CTA-863510,CLI-16728,2026-06-15 16:29:00,2748176.42,CRC,comision,app_movil,PU-001,Préstamo Hipotecario
TXN-00007908,CTA-772523,CLI-75828,2026-06-08 23:47:00,3623111.06,CRC,deposito,sinpe,SJ-001,Préstamo Hipotecario
TXN-00007909,CTA-137756,CLI-86057,2026-06-24 09:52:00,856063.4,CRC,retiro,atm,AL-001,Cuenta Ahorro
TXN-00007910,CTA-837569,CLI-87775,2026-06-29 11:53:00,20555.34,CRC,transferencia,sucursal,SJ-002,Cuenta Ahorro
TXN-00007911,CTA-614970,CLI-84042,2026-06-29 21:49:00,3394001.88,CRC,deposito,sucursal,LI-001,Cuenta Corriente
TXN-00007912,CTA-709269,CLI-27131,2026-06-08 03:17:00,4326735.29,CRC,comision,sinpe,LI-002,Cuenta Corriente
TXN-00007913,CTA-116209,CLI-98154,2026-06-08 14:58:00,435478.59,CRC,retiro,sucursal,LI-001,Préstamo Personal
TXN-00007914,CTA-978208,CLI-70766,2026-06-28 04:49:00,4219854.12,CRC,comision,sinpe,AL-001,Préstamo Hipotecario
TXN-00007915,CTA-742103,CLI-97485,2026-06-24 21:54:00,1665458.22,CRC,transferencia,sucursal,CA-001,Cuenta Ahorro
TXN-00007916,CTA-981579,CLI-32378,2026-06-20 14:59:00,1160928.76,CRC,transferencia,app_movil,SJ-001,Préstamo Hipotecario
TXN-00007917,CTA-133668,CLI-11644,2026-06-01 04:51:00,2368560.76,CRC,retiro,web,LI-002,Préstamo Hipotecario
TXN-00007918,CTA-464022,CLI-16451,2026-06-05 17:43:00,529899.94,CRC,pago,sinpe,LI-002,Tarjeta Crédito
TXN-00007919,CTA-630842,CLI-76858,2026-06-07 18:06:00,1906751.92,CRC,comision,sinpe,HE-001,Tarjeta Crédito
TXN-00007920,CTA-152412,CLI-80956,2026-06-27 05:02:00,4777094.52,CRC,transferencia,app_movil,AL-001,Tarjeta Crédito
TXN-00007921,CTA-635010,CLI-64610,2026-06-04 20:02:00,702309.21,CRC,pago,app_movil,AL-001,Cuenta Corriente
TXN-00007922,CTA-403829,CLI-85739,2026-06-27 01:21:00,4833555.5,CRC,transferencia,app_movil,LI-002,Cuenta Corriente
TXN-00007923,CTA-711013,CLI-18184,2026-06-21 02:49:00,1867028.45,CRC,retiro,web,SJ-002,Tarjeta Crédito
TXN-00007924,CTA-231944,CLI-55077,2026-06-23 19:01:00,1241272.61,CRC,comision,app_movil,LI-002,Cuenta Corriente
TXN-00007925,CTA-546770,CLI-76340,2026-06-07 15:27:00,3011397.49,CRC,transferencia,sinpe,LI-001,Cuenta Ahorro
TXN-00007926,CTA-691786,CLI-99798,2026-06-13 05:53:00,3493546.45,CRC,pago,sinpe,CA-001,Préstamo Personal
TXN-00007927,CTA-427407,CLI-96135,2026-06-29 14:43:00,372965.62,CRC,retiro,sinpe,LI-002,Tarjeta Crédito
TXN-00007928,CTA-185690,CLI-86221,2026-06-29 06:08:00,4016187.24,CRC,transferencia,web,LI-001,Préstamo Personal
TXN-00007929,CTA-192591,CLI-88668,2026-06-03 08:22:00,2339182.2,CRC,deposito,app_movil,SJ-001,Cuenta Ahorro
TXN-00007930,CTA-954345,CLI-39199,2026-06-17 16:19:00,1095513.73,CRC,transferencia,sinpe,CA-001,Cuenta Ahorro
TXN-00007931,CTA-378613,CLI-11442,2026-06-06 04:57:00,898521.55,CRC,transferencia,app_movil,LI-002,Tarjeta Crédito
TXN-00007932,CTA-957763,CLI-24446,2026-06-15 14:06:00,2102904.02,CRC,transferencia,sucursal,PU-001,Préstamo Hipotecario
TXN-00007933,CTA-167423,CLI-54937,2026-06-22 05:18:00,1877539.42,CRC,transferencia,sucursal,SJ-001,Cuenta Corriente
TXN-00007934,CTA-726429,CLI-25030,2026-06-06 02:47:00,3059487.25,CRC,comision,sucursal,LI-001,Préstamo Personal
TXN-00007935,CTA-315261,CLI-40510,2026-06-15 19:15:00,588844.55,CRC,pago,web,LI-001,Préstamo Personal
TXN-00007936,CTA-192476,CLI-38574,2026-06-14 21:39:00,1393706.62,CRC,pago,atm,SJ-002,Cuenta Corriente
TXN-00007937,CTA-160915,CLI-25345,2026-06-01 00:40:00,2834541.71,CRC,deposito,app_movil,SJ-002,Préstamo Personal
TXN-00007938,CTA-978439,CLI-45570,2026-06-12 06:54:00,906658.01,CRC,retiro,sucursal,AL-001,Préstamo Personal
TXN-00007939,CTA-696176,CLI-51187,2026-06-16 19:22:00,4826669.01,CRC,deposito,sinpe,HE-001,Préstamo Hipotecario
TXN-00007940,CTA-610780,CLI-75612,2026-06-29 11:04:00,3209023.35,CRC,transferencia,atm,SJ-002,Cuenta Corriente
TXN-00007941,CTA-350020,CLI-62521,2026-06-21 11:39:00,1732428.02,CRC,comision,sinpe,SJ-002,Cuenta Corriente
TXN-00007942,CTA-731714,CLI-43628,2026-06-30 04:38:00,1349322.11,CRC,comision,sinpe,CA-001,Cuenta Ahorro
TXN-00007943,CTA-151806,CLI-78748,2026-06-02 07:15:00,3085474.52,CRC,deposito,sinpe,HE-001,Cuenta Corriente
TXN-00007944,CTA-441701,CLI-62524,2026-06-02 12:32:00,2082579.38,CRC,comision,sinpe,SJ-001,Cuenta Corriente
TXN-00007945,CTA-299928,CLI-21240,2026-06-28 10:30:00,941846.05,CRC,pago,web,CA-001,Préstamo Hipotecario
TXN-00007946,CTA-402055,CLI-12255,2026-06-08 15:59:00,3996361.0,CRC,retiro,app_movil,PU-001,Préstamo Personal
TXN-00007947,CTA-958440,CLI-85319,2026-06-16 19:00:00,1684524.01,CRC,comision,app_movil,SJ-001,Préstamo Personal
TXN-00007948,CTA-163106,CLI-59218,2026-06-13 15:44:00,2579945.71,CRC,pago,app_movil,SJ-001,Cuenta Corriente
TXN-00007949,CTA-494103,CLI-58434,2026-06-27 04:17:00,2208620.34,CRC,deposito,app_movil,SJ-002,Tarjeta Crédito
TXN-00007950,CTA-126715,CLI-80819,2026-06-28 13:09:00,4148436.25,CRC,pago,atm,AL-001,Cuenta Ahorro
TXN-00007951,CTA-471056,CLI-56841,2026-06-23 16:48:00,2896517.12,CRC,comision,sucursal,HE-001,Préstamo Hipotecario
TXN-00007952,CTA-983149,CLI-66966,2026-06-09 13:34:00,2626627.83,CRC,pago,atm,SJ-002,Tarjeta Crédito
TXN-00007953,CTA-584675,CLI-76852,2026-06-26 16:48:00,1279558.35,CRC,deposito,sucursal,CA-001,Préstamo Personal
TXN-00007954,CTA-758218,CLI-92602,2026-06-24 12:55:00,37120.17,CRC,comision,web,SJ-002,Cuenta Ahorro
TXN-00007955,CTA-586907,CLI-15218,2026-06-09 00:03:00,405542.96,CRC,retiro,app_movil,SJ-001,Préstamo Personal
TXN-00007956,CTA-544408,CLI-26853,2026-06-29 13:23:00,2321714.97,CRC,retiro,sucursal,SJ-002,Tarjeta Crédito
TXN-00007957,CTA-876590,CLI-91526,2026-06-16 06:21:00,425211.42,CRC,deposito,sucursal,SJ-002,Préstamo Personal
TXN-00007958,CTA-480216,CLI-22500,2026-06-22 02:07:00,493405.73,CRC,comision,app_movil,PU-001,Préstamo Personal
TXN-00007959,CTA-376046,CLI-60991,2026-06-23 21:15:00,1555979.73,CRC,pago,web,HE-001,Cuenta Corriente
TXN-00007960,CTA-245690,CLI-55247,2026-06-03 18:44:00,4349224.09,CRC,comision,web,HE-001,Préstamo Personal
TXN-00007961,CTA-455057,CLI-43636,2026-06-15 08:40:00,463223.71,CRC,transferencia,atm,LI-002,Préstamo Hipotecario
TXN-00007962,CTA-937601,CLI-56249,2026-06-14 17:07:00,2841321.39,CRC,deposito,sinpe,LI-002,Préstamo Personal
TXN-00007963,CTA-745166,CLI-12338,2026-06-03 21:38:00,2868669.21,CRC,deposito,atm,HE-001,Cuenta Corriente
TXN-00007964,CTA-776199,CLI-49413,2026-06-27 17:40:00,1674312.82,CRC,transferencia,sinpe,SJ-001,Préstamo Personal
TXN-00007965,CTA-214846,CLI-65181,2026-06-08 17:38:00,724223.4,CRC,transferencia,sucursal,LI-001,Préstamo Hipotecario
TXN-00007966,CTA-951891,CLI-38454,2026-06-28 23:45:00,4083628.97,CRC,comision,app_movil,LI-002,Préstamo Personal
TXN-00007967,CTA-609677,CLI-56743,2026-06-19 08:56:00,3715434.87,CRC,retiro,atm,PU-001,Tarjeta Crédito
TXN-00007968,CTA-352297,CLI-23603,2026-06-09 06:30:00,4836849.83,CRC,transferencia,web,SJ-001,Préstamo Hipotecario
TXN-00007969,CTA-464030,CLI-83061,2026-06-28 00:30:00,46265.79,CRC,deposito,app_movil,LI-002,Cuenta Ahorro
TXN-00007970,CTA-934355,CLI-71970,2026-06-13 15:03:00,3785767.53,CRC,pago,sinpe,LI-001,Cuenta Ahorro
TXN-00007971,CTA-808426,CLI-91780,2026-06-20 19:44:00,1637155.55,CRC,pago,sinpe,CA-001,Cuenta Corriente
TXN-00007972,CTA-581842,CLI-25697,2026-06-05 16:25:00,4958982.26,CRC,pago,web,AL-001,Cuenta Ahorro
TXN-00007973,CTA-539898,CLI-10160,2026-06-10 09:21:00,1791267.3,CRC,deposito,web,CA-001,Préstamo Personal
TXN-00007974,CTA-629462,CLI-18825,2026-06-08 21:23:00,1717214.96,CRC,retiro,sucursal,PU-001,Préstamo Personal
TXN-00007975,CTA-932762,CLI-44073,2026-06-05 11:41:00,1677996.56,CRC,retiro,web,CA-001,Cuenta Corriente
TXN-00007976,CTA-777497,CLI-27382,2026-06-04 17:49:00,1069948.85,CRC,deposito,app_movil,AL-001,Cuenta Ahorro
TXN-00007977,CTA-970325,CLI-62305,2026-06-15 18:13:00,216401.67,CRC,pago,atm,CA-001,Cuenta Corriente
TXN-00007978,CTA-908481,CLI-58784,2026-06-21 14:58:00,2723169.96,CRC,retiro,sucursal,SJ-002,Cuenta Corriente
TXN-00007979,CTA-830932,CLI-76465,2026-06-04 12:40:00,2018635.96,CRC,retiro,atm,LI-001,Préstamo Personal
TXN-00007980,CTA-819783,CLI-23958,2026-06-09 02:06:00,1698083.5,CRC,comision,atm,LI-002,Préstamo Hipotecario
TXN-00007981,CTA-690046,CLI-29748,2026-06-11 18:38:00,1894108.25,CRC,deposito,atm,CA-001,Cuenta Ahorro
TXN-00007982,CTA-646219,CLI-71186,2026-06-27 17:04:00,1267809.47,CRC,deposito,web,PU-001,Préstamo Personal
TXN-00007983,CTA-317571,CLI-27376,2026-06-09 20:00:00,3593564.57,CRC,retiro,app_movil,CA-001,Préstamo Personal
TXN-00007984,CTA-200298,CLI-77095,2026-06-26 03:01:00,2332290.9,CRC,retiro,app_movil,SJ-001,Tarjeta Crédito
TXN-00007985,CTA-951934,CLI-98236,2026-06-16 07:14:00,1315024.25,CRC,deposito,sucursal,LI-002,Tarjeta Crédito
TXN-00007986,CTA-672672,CLI-34960,2026-06-05 13:41:00,520109.33,CRC,retiro,atm,AL-001,Cuenta Corriente
TXN-00007987,CTA-847991,CLI-19487,2026-06-30 15:31:00,2346339.16,CRC,comision,atm,SJ-002,Tarjeta Crédito
TXN-00007988,CTA-558200,CLI-60884,2026-06-16 13:24:00,4414007.56,CRC,comision,web,LI-001,Cuenta Ahorro
TXN-00007989,CTA-973763,CLI-23534,2026-06-16 15:32:00,2055470.05,CRC,deposito,web,CA-001,Cuenta Corriente
TXN-00007990,CTA-484606,CLI-72856,2026-06-07 04:54:00,1141545.23,CRC,transferencia,app_movil,SJ-001,Préstamo Personal
TXN-00007991,CTA-949540,CLI-91090,2026-06-16 12:13:00,1723203.46,CRC,retiro,sucursal,PU-001,Cuenta Corriente
TXN-00007992,CTA-286922,CLI-26916,2026-06-03 03:40:00,925392.92,CRC,retiro,web,AL-001,Cuenta Corriente
TXN-00007993,CTA-327756,CLI-96778,2026-06-19 07:32:00,1556257.28,CRC,retiro,atm,PU-001,Cuenta Corriente
TXN-00007994,CTA-267615,CLI-18577,2026-06-28 06:38:00,3134783.08,CRC,deposito,app_movil,LI-002,Tarjeta Crédito
TXN-00007995,CTA-985632,CLI-11142,2026-06-07 01:48:00,2210212.03,CRC,comision,sinpe,AL-001,Cuenta Ahorro
TXN-00007996,CTA-549801,CLI-92647,2026-06-03 12:40:00,4059405.19,CRC,transferencia,sucursal,PU-001,Cuenta Corriente
TXN-00007997,CTA-197970,CLI-75360,2026-06-29 20:54:00,3638749.47,CRC,retiro,app_movil,SJ-002,Cuenta Corriente
TXN-00007998,CTA-220300,CLI-14047,2026-06-04 12:58:00,3063149.17,CRC,transferencia,web,SJ-001,Cuenta Corriente
TXN-00007999,CTA-149092,CLI-50807,2026-06-03 04:29:00,930511.99,CRC,comision,atm,LI-001,Préstamo Personal
TXN-00008000,CTA-193266,CLI-12735,2026-06-20 00:07:00,3550621.8,CRC,retiro,sinpe,PU-001,Préstamo Hipotecario
TXN-00008001,CTA-763646,CLI-33800,2026-06-17 07:22:00,2361411.2,CRC,retiro,web,CA-001,Préstamo Hipotecario
TXN-00008002,CTA-108556,CLI-31826,2026-06-11 11:19:00,3689368.83,CRC,transferencia,sucursal,AL-001,Cuenta Ahorro
TXN-00008003,CTA-670837,CLI-12912,2026-06-14 23:52:00,2644494.66,CRC,pago,web,HE-001,Préstamo Hipotecario
TXN-00008004,CTA-932938,CLI-62285,2026-06-20 19:54:00,2313793.41,CRC,transferencia,atm,LI-001,Cuenta Ahorro
TXN-00008005,CTA-272171,CLI-82630,2026-06-27 00:32:00,4813030.27,CRC,comision,app_movil,LI-001,Tarjeta Crédito
TXN-00008006,CTA-274263,CLI-96007,2026-06-20 06:47:00,3813063.94,CRC,transferencia,atm,CA-001,Cuenta Ahorro
TXN-00008007,CTA-837562,CLI-99184,2026-06-12 19:04:00,1308917.29,CRC,deposito,app_movil,LI-002,Préstamo Personal
TXN-00008008,CTA-588102,CLI-81320,2026-06-02 13:12:00,3395522.11,CRC,deposito,sinpe,HE-001,Cuenta Ahorro
TXN-00008009,CTA-848336,CLI-44939,2026-06-07 14:22:00,1068200.64,CRC,transferencia,sinpe,AL-001,Tarjeta Crédito
TXN-00008010,CTA-800083,CLI-49593,2026-06-13 16:07:00,3945371.99,CRC,comision,atm,LI-002,Préstamo Hipotecario
TXN-00008011,CTA-929488,CLI-50683,2026-06-17 03:51:00,3891733.65,CRC,transferencia,atm,PU-001,Cuenta Corriente
TXN-00008012,CTA-485855,CLI-70747,2026-06-12 22:41:00,591148.63,CRC,retiro,sinpe,AL-001,Préstamo Hipotecario
TXN-00008013,CTA-852773,CLI-17268,2026-06-05 05:38:00,663402.53,CRC,pago,app_movil,HE-001,Cuenta Ahorro
TXN-00008014,CTA-661067,CLI-26993,2026-06-10 05:42:00,1349822.39,CRC,pago,web,SJ-002,Tarjeta Crédito
TXN-00008015,CTA-238732,CLI-37729,2026-06-19 01:08:00,4709188.02,CRC,comision,atm,SJ-002,Tarjeta Crédito
TXN-00008016,CTA-768438,CLI-29306,2026-06-13 00:17:00,3699203.21,CRC,transferencia,sinpe,LI-001,Cuenta Corriente
TXN-00008017,CTA-111004,CLI-64166,2026-06-10 11:11:00,864785.39,CRC,pago,web,LI-002,Cuenta Ahorro
TXN-00008018,CTA-352913,CLI-90155,2026-06-03 17:50:00,2808623.73,CRC,comision,sucursal,LI-002,Tarjeta Crédito
TXN-00008019,CTA-849125,CLI-72767,2026-06-19 05:16:00,805338.94,CRC,transferencia,sucursal,PU-001,Préstamo Hipotecario
TXN-00008020,CTA-921207,CLI-93960,2026-06-06 06:25:00,3804055.14,CRC,comision,sucursal,SJ-002,Préstamo Hipotecario
TXN-00008021,CTA-856265,CLI-37625,2026-06-08 04:47:00,2550914.54,CRC,transferencia,app_movil,SJ-002,Préstamo Personal
TXN-00008022,CTA-437478,CLI-54528,2026-06-11 18:01:00,2661571.41,CRC,deposito,atm,HE-001,Cuenta Corriente
TXN-00008023,CTA-817946,CLI-21356,2026-06-18 19:18:00,1729249.33,CRC,transferencia,web,SJ-002,Cuenta Ahorro
TXN-00008024,CTA-765426,CLI-63343,2026-06-21 23:06:00,1977003.35,CRC,retiro,app_movil,LI-001,Préstamo Personal
TXN-00008025,CTA-850242,CLI-33219,2026-06-18 20:54:00,3374898.43,CRC,transferencia,sucursal,AL-001,Préstamo Hipotecario
TXN-00008026,CTA-480214,CLI-63678,2026-06-06 14:29:00,1346381.38,CRC,transferencia,app_movil,HE-001,Tarjeta Crédito
TXN-00008027,CTA-781778,CLI-14584,2026-06-27 23:27:00,1715425.02,CRC,deposito,atm,LI-002,Tarjeta Crédito
TXN-00008028,CTA-374317,CLI-52132,2026-06-18 12:26:00,1221316.13,CRC,transferencia,atm,CA-001,Tarjeta Crédito
TXN-00008029,CTA-249191,CLI-28322,2026-06-01 03:36:00,626439.67,CRC,deposito,sinpe,SJ-002,Préstamo Hipotecario
TXN-00008030,CTA-314406,CLI-20341,2026-06-30 10:44:00,2799656.0,CRC,retiro,app_movil,HE-001,Tarjeta Crédito
TXN-00008031,CTA-701807,CLI-78209,2026-06-28 14:36:00,280512.8,CRC,comision,sucursal,CA-001,Cuenta Corriente
TXN-00008032,CTA-294335,CLI-29862,2026-06-26 18:05:00,3268960.31,CRC,deposito,sucursal,AL-001,Tarjeta Crédito
TXN-00008033,CTA-920587,CLI-87610,2026-06-04 03:27:00,2134191.51,CRC,pago,app_movil,LI-002,Préstamo Personal
TXN-00008034,CTA-266623,CLI-82443,2026-06-25 03:26:00,3484008.39,CRC,retiro,web,CA-001,Préstamo Personal
TXN-00008035,CTA-119283,CLI-97324,2026-06-21 09:44:00,302765.21,CRC,deposito,sinpe,HE-001,Préstamo Personal
TXN-00008036,CTA-993740,CLI-48487,2026-06-23 04:44:00,1639383.97,CRC,comision,web,CA-001,Cuenta Ahorro
TXN-00008037,CTA-866218,CLI-25106,2026-06-17 15:03:00,2956530.38,CRC,retiro,app_movil,LI-001,Cuenta Ahorro
TXN-00008038,CTA-154312,CLI-25488,2026-06-17 13:51:00,4583184.1,CRC,retiro,atm,LI-001,Cuenta Ahorro
TXN-00008039,CTA-371006,CLI-60965,2026-06-12 11:46:00,2158826.15,CRC,pago,sinpe,CA-001,Cuenta Ahorro
TXN-00008040,CTA-765511,CLI-53025,2026-06-22 03:54:00,2131526.42,CRC,pago,atm,SJ-001,Tarjeta Crédito
TXN-00008041,CTA-380887,CLI-77504,2026-06-02 00:58:00,3149544.25,CRC,retiro,sucursal,CA-001,Cuenta Corriente
TXN-00008042,CTA-446535,CLI-74721,2026-06-04 08:52:00,4548750.33,CRC,retiro,app_movil,HE-001,Tarjeta Crédito
TXN-00008043,CTA-270629,CLI-23215,2026-06-18 01:34:00,4903459.61,CRC,pago,sinpe,LI-001,Tarjeta Crédito
TXN-00008044,CTA-506332,CLI-88091,2026-06-17 00:15:00,4989.14,CRC,transferencia,atm,LI-001,Cuenta Corriente
TXN-00008045,CTA-156394,CLI-70631,2026-06-17 01:10:00,3636612.46,CRC,retiro,sucursal,CA-001,Préstamo Hipotecario
TXN-00008046,CTA-704613,CLI-36122,2026-06-23 21:17:00,3908772.81,CRC,comision,sucursal,HE-001,Préstamo Hipotecario
TXN-00008047,CTA-629991,CLI-85824,2026-06-29 20:47:00,4382566.8,CRC,comision,app_movil,PU-001,Cuenta Corriente
TXN-00008048,CTA-457056,CLI-33596,2026-06-02 10:00:00,3162512.54,CRC,comision,atm,PU-001,Tarjeta Crédito
TXN-00008049,CTA-283167,CLI-96539,2026-06-15 04:23:00,160912.8,CRC,retiro,web,CA-001,Cuenta Corriente
TXN-00008050,CTA-925623,CLI-40612,2026-06-12 14:04:00,2161415.83,CRC,pago,app_movil,SJ-002,Préstamo Personal
TXN-00008051,CTA-373363,CLI-28258,2026-06-30 00:50:00,2483510.89,CRC,deposito,app_movil,AL-001,Tarjeta Crédito
TXN-00008052,CTA-408074,CLI-10610,2026-06-03 09:49:00,3249512.37,CRC,pago,sinpe,AL-001,Préstamo Hipotecario
TXN-00008053,CTA-688196,CLI-77187,2026-06-11 07:43:00,2368955.94,CRC,deposito,app_movil,LI-002,Tarjeta Crédito
TXN-00008054,CTA-464980,CLI-88324,2026-06-24 02:40:00,2928905.54,CRC,deposito,atm,LI-001,Tarjeta Crédito
TXN-00008055,CTA-568835,CLI-78513,2026-06-08 18:24:00,2781091.51,CRC,transferencia,app_movil,HE-001,Tarjeta Crédito
TXN-00008056,CTA-209528,CLI-44115,2026-06-05 18:24:00,2497675.6,CRC,deposito,sinpe,HE-001,Préstamo Hipotecario
TXN-00008057,CTA-896286,CLI-55779,2026-06-22 01:39:00,4074203.0,CRC,deposito,atm,LI-002,Préstamo Personal
TXN-00008058,CTA-220205,CLI-94646,2026-06-28 18:08:00,669870.65,CRC,retiro,web,AL-001,Préstamo Hipotecario
TXN-00008059,CTA-648928,CLI-46956,2026-06-02 12:59:00,1990426.16,CRC,deposito,atm,SJ-002,Préstamo Personal
TXN-00008060,CTA-918620,CLI-91669,2026-06-19 09:02:00,1149557.01,CRC,comision,atm,CA-001,Préstamo Personal
TXN-00008061,CTA-429719,CLI-95782,2026-06-30 04:16:00,1524535.07,CRC,comision,sucursal,SJ-002,Préstamo Hipotecario
TXN-00008062,CTA-498513,CLI-74268,2026-06-14 17:50:00,2336875.32,CRC,pago,atm,AL-001,Cuenta Corriente
TXN-00008063,CTA-566203,CLI-46690,2026-06-20 17:24:00,1210815.42,CRC,pago,web,LI-001,Préstamo Personal
TXN-00008064,CTA-315981,CLI-99636,2026-06-26 07:05:00,4136749.91,CRC,pago,app_movil,LI-001,Préstamo Personal
TXN-00008065,CTA-784780,CLI-24880,2026-06-14 11:54:00,1985949.46,CRC,deposito,web,CA-001,Préstamo Hipotecario
TXN-00008066,CTA-244975,CLI-50725,2026-06-17 19:06:00,4952872.95,CRC,deposito,web,LI-001,Cuenta Corriente
TXN-00008067,CTA-674240,CLI-31487,2026-06-20 13:58:00,1504716.59,CRC,transferencia,web,LI-002,Cuenta Ahorro
TXN-00008068,CTA-192068,CLI-11319,2026-06-13 10:03:00,867266.59,CRC,deposito,app_movil,CA-001,Cuenta Corriente
TXN-00008069,CTA-923076,CLI-45118,2026-06-08 12:48:00,3468438.66,CRC,comision,app_movil,CA-001,Tarjeta Crédito
TXN-00008070,CTA-877548,CLI-26939,2026-06-04 11:37:00,425106.41,CRC,deposito,app_movil,SJ-001,Préstamo Personal
TXN-00008071,CTA-687305,CLI-22221,2026-06-14 21:41:00,1291772.58,CRC,transferencia,web,LI-002,Préstamo Hipotecario
TXN-00008072,CTA-950588,CLI-45925,2026-06-20 20:26:00,4970217.4,CRC,retiro,sucursal,SJ-002,Préstamo Hipotecario
TXN-00008073,CTA-281207,CLI-43757,2026-06-03 13:42:00,3694901.58,CRC,transferencia,sinpe,AL-001,Cuenta Ahorro
TXN-00008074,CTA-633645,CLI-13286,2026-06-12 22:53:00,3747907.52,CRC,pago,app_movil,LI-002,Préstamo Hipotecario
TXN-00008075,CTA-924673,CLI-57583,2026-06-09 05:05:00,2587479.55,CRC,pago,atm,LI-002,Cuenta Ahorro
TXN-00008076,CTA-387846,CLI-33391,2026-06-19 15:31:00,818756.7,CRC,transferencia,web,HE-001,Cuenta Corriente
TXN-00008077,CTA-213320,CLI-92482,2026-06-08 20:07:00,3122988.2,CRC,transferencia,atm,PU-001,Préstamo Personal
TXN-00008078,CTA-237987,CLI-10196,2026-06-19 11:07:00,3033169.44,CRC,pago,sucursal,PU-001,Préstamo Hipotecario
TXN-00008079,CTA-890509,CLI-40866,2026-06-21 21:28:00,658576.83,CRC,deposito,sinpe,AL-001,Préstamo Personal
TXN-00008080,CTA-352528,CLI-37274,2026-06-02 03:48:00,4710085.07,CRC,transferencia,atm,PU-001,Tarjeta Crédito
TXN-00008081,CTA-149071,CLI-81950,2026-06-11 11:51:00,4729998.16,CRC,retiro,sinpe,LI-002,Cuenta Corriente
TXN-00008082,CTA-998638,CLI-88011,2026-06-10 03:41:00,1947526.48,CRC,comision,app_movil,LI-001,Cuenta Ahorro
TXN-00008083,CTA-261098,CLI-69078,2026-06-26 08:31:00,1393233.19,CRC,comision,sucursal,HE-001,Préstamo Personal
TXN-00008084,CTA-852459,CLI-46165,2026-06-07 00:02:00,2761354.11,CRC,comision,atm,PU-001,Cuenta Corriente
TXN-00008085,CTA-376796,CLI-47531,2026-06-14 08:23:00,2997733.01,CRC,pago,atm,LI-002,Cuenta Corriente
TXN-00008086,CTA-763728,CLI-89376,2026-06-16 18:09:00,4478516.68,CRC,retiro,web,CA-001,Cuenta Corriente
TXN-00008087,CTA-907691,CLI-26930,2026-06-20 15:05:00,4479575.24,CRC,retiro,sinpe,SJ-001,Cuenta Ahorro
TXN-00008088,CTA-767403,CLI-32582,2026-06-01 12:25:00,69936.18,CRC,comision,web,SJ-001,Préstamo Hipotecario
TXN-00008089,CTA-866244,CLI-82386,2026-06-01 09:21:00,3189682.57,CRC,retiro,atm,PU-001,Préstamo Personal
TXN-00008090,CTA-739231,CLI-29325,2026-06-15 07:02:00,1013450.77,CRC,retiro,sucursal,LI-001,Cuenta Ahorro
TXN-00008091,CTA-208521,CLI-62261,2026-06-06 12:06:00,2570594.17,CRC,comision,app_movil,AL-001,Cuenta Ahorro
TXN-00008092,CTA-283002,CLI-29592,2026-06-15 13:47:00,3868160.01,CRC,retiro,sucursal,CA-001,Préstamo Personal
TXN-00008093,CTA-244899,CLI-45117,2026-06-07 12:53:00,1525544.95,CRC,deposito,web,CA-001,Cuenta Corriente
TXN-00008094,CTA-775572,CLI-97489,2026-06-24 11:20:00,2781423.55,CRC,deposito,atm,CA-001,Préstamo Hipotecario
TXN-00008095,CTA-801881,CLI-31856,2026-06-27 14:00:00,2710176.18,CRC,retiro,sucursal,HE-001,Cuenta Ahorro
TXN-00008096,CTA-862615,CLI-49465,2026-06-06 18:36:00,2511059.38,CRC,pago,web,AL-001,Cuenta Corriente
TXN-00008097,CTA-633008,CLI-22295,2026-06-28 09:14:00,406332.69,CRC,comision,web,LI-002,Cuenta Ahorro
TXN-00008098,CTA-337792,CLI-68470,2026-06-07 16:14:00,1200196.62,CRC,transferencia,sucursal,SJ-002,Cuenta Corriente
TXN-00008099,CTA-965502,CLI-49573,2026-06-12 19:56:00,3310392.36,CRC,transferencia,web,LI-001,Cuenta Ahorro
TXN-00008100,CTA-153761,CLI-44620,2026-06-08 00:34:00,140407.41,CRC,comision,sinpe,LI-002,Préstamo Hipotecario
TXN-00008101,CTA-273329,CLI-32951,2026-06-23 09:51:00,3861586.13,CRC,transferencia,sinpe,HE-001,Préstamo Personal
TXN-00008102,CTA-365358,CLI-77516,2026-06-10 03:09:00,1092672.94,CRC,transferencia,app_movil,SJ-001,Préstamo Hipotecario
TXN-00008103,CTA-987734,CLI-39139,2026-06-10 15:35:00,4199373.37,CRC,retiro,app_movil,LI-002,Cuenta Corriente
TXN-00008104,CTA-919806,CLI-82186,2026-06-19 05:04:00,4153820.33,CRC,retiro,app_movil,SJ-001,Préstamo Personal
TXN-00008105,CTA-882935,CLI-97057,2026-06-23 04:29:00,4774671.36,CRC,pago,web,CA-001,Tarjeta Crédito
TXN-00008106,CTA-563224,CLI-73769,2026-06-24 02:35:00,2908214.81,CRC,deposito,atm,LI-001,Préstamo Personal
TXN-00008107,CTA-333185,CLI-75737,2026-06-11 15:59:00,1163829.74,CRC,retiro,web,CA-001,Préstamo Hipotecario
TXN-00008108,CTA-858505,CLI-87610,2026-06-02 16:42:00,1233979.4,CRC,transferencia,app_movil,AL-001,Tarjeta Crédito
TXN-00008109,CTA-580769,CLI-59783,2026-06-20 21:07:00,3395541.81,CRC,deposito,sinpe,HE-001,Cuenta Ahorro
TXN-00008110,CTA-809395,CLI-15756,2026-06-22 02:05:00,767791.67,CRC,pago,sinpe,SJ-002,Préstamo Personal
TXN-00008111,CTA-702333,CLI-90438,2026-06-08 01:01:00,2705268.91,CRC,transferencia,sucursal,HE-001,Cuenta Ahorro
TXN-00008112,CTA-443642,CLI-65927,2026-06-12 22:22:00,3772098.5,CRC,deposito,web,AL-001,Cuenta Ahorro
TXN-00008113,CTA-599024,CLI-12981,2026-06-21 07:49:00,272781.26,CRC,deposito,app_movil,AL-001,Préstamo Personal
TXN-00008114,CTA-510470,CLI-69594,2026-06-15 14:48:00,1665385.62,CRC,pago,atm,LI-001,Préstamo Personal
TXN-00008115,CTA-538968,CLI-69414,2026-06-12 06:39:00,560294.21,CRC,transferencia,atm,LI-001,Tarjeta Crédito
TXN-00008116,CTA-614803,CLI-26313,2026-06-28 12:39:00,3927664.27,CRC,pago,web,SJ-001,Préstamo Personal
TXN-00008117,CTA-949445,CLI-31718,2026-06-24 15:17:00,1175975.77,CRC,transferencia,sinpe,SJ-001,Cuenta Ahorro
TXN-00008118,CTA-110178,CLI-83408,2026-06-10 23:19:00,4891453.49,CRC,retiro,sucursal,SJ-001,Tarjeta Crédito
TXN-00008119,CTA-226256,CLI-51962,2026-06-06 11:47:00,4027073.06,CRC,transferencia,app_movil,LI-002,Cuenta Ahorro
TXN-00008120,CTA-980975,CLI-40121,2026-06-29 01:57:00,274809.6,CRC,comision,app_movil,CA-001,Cuenta Ahorro
TXN-00008121,CTA-967053,CLI-42674,2026-06-17 19:14:00,1029779.59,CRC,pago,sucursal,HE-001,Cuenta Corriente
TXN-00008122,CTA-130239,CLI-45463,2026-06-07 20:56:00,3980184.6,CRC,comision,sinpe,LI-001,Préstamo Hipotecario
TXN-00008123,CTA-692604,CLI-84198,2026-06-05 22:19:00,3509140.76,CRC,pago,sucursal,LI-002,Cuenta Ahorro
TXN-00008124,CTA-604340,CLI-78836,2026-06-09 01:47:00,4373916.38,CRC,deposito,sinpe,AL-001,Préstamo Hipotecario
TXN-00008125,CTA-834583,CLI-96876,2026-06-07 12:28:00,4412852.62,CRC,comision,sinpe,CA-001,Préstamo Personal
TXN-00008126,CTA-539929,CLI-33398,2026-06-10 14:06:00,3145742.83,CRC,deposito,atm,SJ-002,Préstamo Personal
TXN-00008127,CTA-142268,CLI-39173,2026-06-21 22:25:00,4553322.86,CRC,comision,app_movil,PU-001,Préstamo Personal
TXN-00008128,CTA-891213,CLI-43742,2026-06-27 08:12:00,4566640.17,CRC,comision,web,SJ-002,Préstamo Personal
TXN-00008129,CTA-832449,CLI-90258,2026-06-02 18:40:00,3245514.62,CRC,comision,web,LI-002,Tarjeta Crédito
TXN-00008130,CTA-225829,CLI-81527,2026-06-13 09:42:00,2933437.6,CRC,transferencia,app_movil,HE-001,Cuenta Corriente
TXN-00008131,CTA-274564,CLI-67717,2026-06-05 19:33:00,1314353.56,CRC,retiro,atm,LI-001,Tarjeta Crédito
TXN-00008132,CTA-207455,CLI-76073,2026-06-21 21:45:00,74650.12,CRC,deposito,sinpe,CA-001,Préstamo Personal
TXN-00008133,CTA-283936,CLI-39393,2026-06-07 04:04:00,2516303.52,CRC,deposito,sucursal,LI-001,Cuenta Ahorro
TXN-00008134,CTA-941424,CLI-33553,2026-06-30 03:45:00,4637522.79,CRC,pago,atm,LI-002,Cuenta Ahorro
TXN-00008135,CTA-276194,CLI-73852,2026-06-06 05:12:00,4213121.62,CRC,retiro,sucursal,LI-001,Cuenta Corriente
TXN-00008136,CTA-171081,CLI-60606,2026-06-06 11:41:00,1108809.86,CRC,pago,sucursal,HE-001,Préstamo Hipotecario
TXN-00008137,CTA-893869,CLI-57892,2026-06-08 05:19:00,2310601.28,CRC,comision,web,PU-001,Cuenta Ahorro
TXN-00008138,CTA-785232,CLI-84951,2026-06-22 04:02:00,2331326.73,CRC,comision,atm,LI-002,Préstamo Personal
TXN-00008139,CTA-415836,CLI-61651,2026-06-02 05:01:00,944269.64,CRC,transferencia,web,LI-001,Tarjeta Crédito
TXN-00008140,CTA-343549,CLI-44021,2026-06-03 18:32:00,3962175.15,CRC,comision,web,PU-001,Préstamo Hipotecario
TXN-00008141,CTA-828797,CLI-48048,2026-06-23 22:27:00,470149.99,CRC,pago,sucursal,LI-002,Préstamo Hipotecario
TXN-00008142,CTA-603617,CLI-35301,2026-06-06 17:26:00,3816648.19,CRC,pago,app_movil,SJ-002,Tarjeta Crédito
TXN-00008143,CTA-670133,CLI-18437,2026-06-11 23:42:00,4570471.51,CRC,deposito,app_movil,SJ-001,Cuenta Corriente
TXN-00008144,CTA-593762,CLI-80834,2026-06-02 10:54:00,4248372.53,CRC,retiro,app_movil,LI-002,Préstamo Hipotecario
TXN-00008145,CTA-770426,CLI-42786,2026-06-08 02:54:00,1017599.63,CRC,deposito,sinpe,PU-001,Préstamo Hipotecario
TXN-00008146,CTA-292332,CLI-34375,2026-06-23 01:23:00,1039674.43,CRC,transferencia,app_movil,SJ-001,Préstamo Hipotecario
TXN-00008147,CTA-806797,CLI-29672,2026-06-05 00:37:00,1155184.11,CRC,retiro,web,CA-001,Tarjeta Crédito
TXN-00008148,CTA-377967,CLI-96482,2026-06-30 12:17:00,4368333.75,CRC,transferencia,atm,HE-001,Tarjeta Crédito
TXN-00008149,CTA-618299,CLI-88604,2026-06-22 22:42:00,2218997.88,CRC,retiro,atm,AL-001,Tarjeta Crédito
TXN-00008150,CTA-179506,CLI-69716,2026-06-20 22:23:00,4611019.66,CRC,transferencia,app_movil,LI-002,Préstamo Personal
TXN-00008151,CTA-908147,CLI-85740,2026-06-18 20:05:00,2247329.68,CRC,transferencia,sucursal,PU-001,Cuenta Corriente
TXN-00008152,CTA-549914,CLI-89859,2026-06-18 02:36:00,1094279.3,CRC,comision,sucursal,SJ-002,Cuenta Ahorro
TXN-00008153,CTA-688040,CLI-27158,2026-06-21 14:24:00,427921.48,CRC,transferencia,sinpe,PU-001,Cuenta Ahorro
TXN-00008154,CTA-908910,CLI-74716,2026-06-02 08:27:00,2589431.15,CRC,comision,app_movil,LI-002,Préstamo Hipotecario
TXN-00008155,CTA-180428,CLI-33092,2026-06-04 04:26:00,2502013.13,CRC,deposito,sucursal,AL-001,Préstamo Personal
TXN-00008156,CTA-849382,CLI-82794,2026-06-10 21:18:00,3990310.79,CRC,deposito,atm,LI-001,Préstamo Personal
TXN-00008157,CTA-507658,CLI-32460,2026-06-22 18:22:00,168978.9,CRC,retiro,atm,SJ-002,Cuenta Corriente
TXN-00008158,CTA-539658,CLI-27109,2026-06-28 15:55:00,960783.14,CRC,comision,atm,CA-001,Tarjeta Crédito
TXN-00008159,CTA-936286,CLI-80924,2026-06-11 11:01:00,3362571.74,CRC,retiro,sinpe,LI-002,Tarjeta Crédito
TXN-00008160,CTA-472072,CLI-27386,2026-06-02 06:39:00,4334978.62,CRC,deposito,app_movil,SJ-002,Tarjeta Crédito
TXN-00008161,CTA-172947,CLI-80890,2026-06-12 04:13:00,233792.93,CRC,retiro,sinpe,AL-001,Cuenta Corriente
TXN-00008162,CTA-747814,CLI-62079,2026-06-07 23:38:00,2407882.14,CRC,pago,web,HE-001,Préstamo Personal
TXN-00008163,CTA-202259,CLI-74250,2026-06-24 08:24:00,130999.67,CRC,retiro,sinpe,CA-001,Tarjeta Crédito
TXN-00008164,CTA-598675,CLI-55916,2026-06-03 06:50:00,4377887.64,CRC,deposito,sucursal,CA-001,Préstamo Personal
TXN-00008165,CTA-417796,CLI-95590,2026-06-19 22:14:00,2652702.47,CRC,deposito,sinpe,HE-001,Préstamo Personal
TXN-00008166,CTA-952652,CLI-52773,2026-06-23 12:18:00,2783509.43,CRC,deposito,sinpe,SJ-002,Cuenta Ahorro
TXN-00008167,CTA-885710,CLI-65908,2026-06-01 03:07:00,4959464.27,CRC,transferencia,sucursal,HE-001,Préstamo Hipotecario
TXN-00008168,CTA-375117,CLI-15139,2026-06-16 06:58:00,4533114.87,CRC,transferencia,web,SJ-002,Préstamo Hipotecario
TXN-00008169,CTA-710231,CLI-38063,2026-06-14 04:47:00,3169492.64,CRC,transferencia,app_movil,LI-001,Cuenta Corriente
TXN-00008170,CTA-283075,CLI-81932,2026-06-03 03:20:00,1818527.42,CRC,pago,sinpe,LI-002,Préstamo Hipotecario
TXN-00008171,CTA-456178,CLI-71944,2026-06-22 13:33:00,696817.56,CRC,transferencia,app_movil,AL-001,Cuenta Ahorro
TXN-00008172,CTA-852742,CLI-25420,2026-06-08 22:49:00,3085367.17,CRC,retiro,sucursal,LI-001,Préstamo Personal
TXN-00008173,CTA-399310,CLI-98794,2026-06-08 16:18:00,1346122.12,CRC,comision,atm,LI-001,Tarjeta Crédito
TXN-00008174,CTA-114008,CLI-69366,2026-06-29 10:52:00,1237118.97,CRC,comision,atm,SJ-001,Préstamo Hipotecario
TXN-00008175,CTA-548733,CLI-71527,2026-06-07 00:44:00,1257575.41,CRC,pago,sucursal,LI-001,Cuenta Ahorro
TXN-00008176,CTA-608502,CLI-78178,2026-06-29 03:49:00,2209211.61,CRC,retiro,sinpe,PU-001,Cuenta Corriente
TXN-00008177,CTA-526888,CLI-36419,2026-06-21 04:45:00,4469791.62,CRC,comision,app_movil,LI-001,Préstamo Personal
TXN-00008178,CTA-606285,CLI-91463,2026-06-20 09:32:00,2022299.56,CRC,transferencia,app_movil,AL-001,Préstamo Hipotecario
TXN-00008179,CTA-589417,CLI-27855,2026-06-27 07:42:00,2295469.04,CRC,retiro,sinpe,SJ-001,Cuenta Corriente
TXN-00008180,CTA-115745,CLI-38508,2026-06-23 17:37:00,1371838.23,CRC,pago,app_movil,PU-001,Tarjeta Crédito
TXN-00008181,CTA-126611,CLI-98975,2026-06-29 20:57:00,1519230.28,CRC,retiro,sinpe,LI-001,Cuenta Corriente
TXN-00008182,CTA-120268,CLI-97201,2026-06-28 19:51:00,1912267.24,CRC,transferencia,sinpe,LI-001,Tarjeta Crédito
TXN-00008183,CTA-770255,CLI-45558,2026-06-26 12:06:00,355635.81,CRC,comision,sucursal,HE-001,Cuenta Ahorro
TXN-00008184,CTA-847761,CLI-62631,2026-06-25 11:21:00,4185523.24,CRC,deposito,sucursal,CA-001,Cuenta Ahorro
TXN-00008185,CTA-167151,CLI-20748,2026-06-28 00:07:00,4877770.53,CRC,pago,atm,CA-001,Préstamo Hipotecario
TXN-00008186,CTA-751843,CLI-41805,2026-06-29 21:18:00,947729.21,CRC,comision,app_movil,PU-001,Tarjeta Crédito
TXN-00008187,CTA-134885,CLI-72203,2026-06-25 12:36:00,1958928.07,CRC,deposito,atm,HE-001,Cuenta Ahorro
TXN-00008188,CTA-735680,CLI-35095,2026-06-16 08:24:00,2435170.75,CRC,deposito,web,SJ-002,Cuenta Ahorro
TXN-00008189,CTA-134987,CLI-80925,2026-06-20 05:02:00,4400479.06,CRC,transferencia,atm,SJ-002,Préstamo Personal
TXN-00008190,CTA-363138,CLI-68570,2026-06-10 03:31:00,3777744.96,CRC,comision,web,SJ-002,Cuenta Corriente
TXN-00008191,CTA-653195,CLI-80179,2026-06-09 04:06:00,1679396.55,CRC,comision,sinpe,PU-001,Préstamo Personal
TXN-00008192,CTA-435574,CLI-35495,2026-06-17 09:23:00,2528669.44,CRC,pago,sinpe,LI-001,Préstamo Hipotecario
TXN-00008193,CTA-539616,CLI-77497,2026-06-22 16:52:00,2129848.55,CRC,deposito,sinpe,SJ-002,Préstamo Personal
TXN-00008194,CTA-675862,CLI-76502,2026-06-16 00:28:00,525334.42,CRC,comision,web,SJ-002,Tarjeta Crédito
TXN-00008195,CTA-303571,CLI-33683,2026-06-30 07:20:00,3526281.57,CRC,deposito,web,HE-001,Préstamo Personal
TXN-00008196,CTA-583789,CLI-47378,2026-06-24 03:48:00,1467572.74,CRC,pago,web,LI-001,Cuenta Corriente
TXN-00008197,CTA-768703,CLI-54809,2026-06-19 01:26:00,2605059.08,CRC,transferencia,sinpe,SJ-001,Préstamo Hipotecario
TXN-00008198,CTA-491380,CLI-64288,2026-06-09 16:25:00,2701933.34,CRC,transferencia,sucursal,HE-001,Cuenta Ahorro
TXN-00008199,CTA-174376,CLI-52172,2026-06-22 05:26:00,1541578.4,CRC,pago,atm,LI-001,Cuenta Ahorro
TXN-00008200,CTA-188545,CLI-94205,2026-06-22 12:24:00,257281.3,CRC,transferencia,web,LI-002,Cuenta Ahorro
TXN-00008201,CTA-754283,CLI-83988,2026-06-18 17:42:00,4438844.1,CRC,comision,app_movil,PU-001,Préstamo Hipotecario
TXN-00008202,CTA-947008,CLI-87055,2026-06-03 14:04:00,629798.15,CRC,retiro,app_movil,LI-001,Cuenta Corriente
TXN-00008203,CTA-349729,CLI-23361,2026-06-26 09:46:00,1274955.65,CRC,pago,atm,LI-001,Préstamo Personal
TXN-00008204,CTA-521351,CLI-93176,2026-06-02 18:40:00,4877276.89,CRC,transferencia,sinpe,PU-001,Cuenta Ahorro
TXN-00008205,CTA-444923,CLI-80612,2026-06-08 07:28:00,2424779.9,CRC,retiro,sinpe,CA-001,Préstamo Hipotecario
TXN-00008206,CTA-193216,CLI-44527,2026-06-10 04:15:00,1134452.14,CRC,comision,sucursal,CA-001,Cuenta Ahorro
TXN-00008207,CTA-706038,CLI-99887,2026-06-17 06:39:00,2556568.16,CRC,retiro,sinpe,HE-001,Cuenta Ahorro
TXN-00008208,CTA-437506,CLI-37215,2026-06-01 08:43:00,2148753.59,CRC,transferencia,web,PU-001,Préstamo Hipotecario
TXN-00008209,CTA-122303,CLI-12810,2026-06-21 09:50:00,175788.35,CRC,retiro,sinpe,SJ-002,Cuenta Corriente
TXN-00008210,CTA-275955,CLI-64805,2026-06-01 00:07:00,98904.04,CRC,pago,web,SJ-001,Cuenta Corriente
TXN-00008211,CTA-636279,CLI-63220,2026-06-22 05:32:00,2541138.43,CRC,transferencia,atm,SJ-001,Préstamo Hipotecario
TXN-00008212,CTA-250622,CLI-74773,2026-06-27 09:53:00,1958007.28,CRC,pago,web,SJ-002,Tarjeta Crédito
TXN-00008213,CTA-738492,CLI-48666,2026-06-01 03:50:00,4318171.11,CRC,retiro,atm,AL-001,Cuenta Corriente
TXN-00008214,CTA-701774,CLI-25260,2026-06-04 20:55:00,666426.02,CRC,transferencia,sucursal,AL-001,Tarjeta Crédito
TXN-00008215,CTA-713931,CLI-30482,2026-06-10 05:28:00,1639156.38,CRC,pago,app_movil,LI-002,Préstamo Hipotecario
TXN-00008216,CTA-221896,CLI-59278,2026-06-22 02:48:00,3726808.32,CRC,retiro,atm,PU-001,Cuenta Ahorro
TXN-00008217,CTA-126088,CLI-24339,2026-06-28 13:57:00,1063793.27,CRC,deposito,web,CA-001,Cuenta Corriente
TXN-00008218,CTA-407951,CLI-50436,2026-06-06 06:14:00,2305371.25,CRC,pago,app_movil,LI-002,Préstamo Hipotecario
TXN-00008219,CTA-493486,CLI-44777,2026-06-11 01:26:00,4953023.3,CRC,comision,app_movil,HE-001,Préstamo Personal
TXN-00008220,CTA-895917,CLI-36503,2026-06-15 17:16:00,2279385.39,CRC,deposito,sucursal,SJ-001,Cuenta Ahorro
TXN-00008221,CTA-995240,CLI-99468,2026-06-11 03:10:00,4284113.07,CRC,retiro,atm,SJ-002,Préstamo Hipotecario
TXN-00008222,CTA-977684,CLI-74228,2026-06-23 16:40:00,866160.87,CRC,transferencia,app_movil,PU-001,Cuenta Corriente
TXN-00008223,CTA-209668,CLI-49081,2026-06-30 00:07:00,2263208.68,CRC,deposito,web,CA-001,Tarjeta Crédito
TXN-00008224,CTA-653915,CLI-99823,2026-06-26 12:54:00,3473942.35,CRC,comision,sinpe,PU-001,Cuenta Ahorro
TXN-00008225,CTA-302033,CLI-94905,2026-06-09 15:05:00,3370170.77,CRC,retiro,web,LI-002,Préstamo Hipotecario
TXN-00008226,CTA-651292,CLI-47993,2026-06-18 21:23:00,797652.58,CRC,comision,web,SJ-001,Cuenta Ahorro
TXN-00008227,CTA-787365,CLI-97346,2026-06-17 09:02:00,4607452.46,CRC,deposito,app_movil,LI-001,Cuenta Ahorro
TXN-00008228,CTA-809621,CLI-87605,2026-06-04 00:30:00,1313475.55,CRC,comision,atm,SJ-002,Cuenta Ahorro
TXN-00008229,CTA-453245,CLI-85588,2026-06-15 15:14:00,4425423.12,CRC,transferencia,sucursal,CA-001,Cuenta Corriente
TXN-00008230,CTA-696927,CLI-73964,2026-06-04 19:43:00,1824620.72,CRC,deposito,atm,PU-001,Préstamo Hipotecario
TXN-00008231,CTA-794719,CLI-86992,2026-06-14 04:43:00,1804780.41,CRC,comision,app_movil,HE-001,Tarjeta Crédito
TXN-00008232,CTA-173732,CLI-10592,2026-06-15 05:55:00,3853242.39,CRC,retiro,app_movil,AL-001,Cuenta Ahorro
TXN-00008233,CTA-573999,CLI-19546,2026-06-23 22:55:00,9220.91,CRC,retiro,web,LI-002,Cuenta Corriente
TXN-00008234,CTA-204147,CLI-10806,2026-06-14 02:36:00,334379.62,CRC,deposito,atm,AL-001,Préstamo Personal
TXN-00008235,CTA-470852,CLI-28909,2026-06-25 15:16:00,3044149.24,CRC,deposito,app_movil,LI-002,Cuenta Corriente
TXN-00008236,CTA-428955,CLI-49266,2026-06-24 22:49:00,2756604.4,CRC,retiro,atm,HE-001,Tarjeta Crédito
TXN-00008237,CTA-291694,CLI-31678,2026-06-20 17:26:00,4063969.46,CRC,comision,app_movil,PU-001,Tarjeta Crédito
TXN-00008238,CTA-582332,CLI-21600,2026-06-13 02:50:00,4032177.93,CRC,deposito,atm,HE-001,Préstamo Personal
TXN-00008239,CTA-250539,CLI-91271,2026-06-23 15:48:00,3003187.67,CRC,retiro,web,CA-001,Préstamo Hipotecario
TXN-00008240,CTA-973680,CLI-59792,2026-06-02 11:59:00,4946864.93,CRC,transferencia,sinpe,LI-002,Préstamo Personal
TXN-00008241,CTA-649936,CLI-34629,2026-06-07 10:47:00,1672758.55,CRC,comision,sinpe,CA-001,Tarjeta Crédito
TXN-00008242,CTA-766556,CLI-28185,2026-06-04 18:14:00,4382693.33,CRC,deposito,atm,LI-002,Préstamo Personal
TXN-00008243,CTA-646369,CLI-35609,2026-06-22 23:42:00,200071.85,CRC,deposito,web,SJ-001,Préstamo Personal
TXN-00008244,CTA-278363,CLI-57440,2026-06-06 21:43:00,4376599.85,CRC,transferencia,sucursal,LI-002,Préstamo Hipotecario
TXN-00008245,CTA-421881,CLI-38310,2026-06-08 04:09:00,4213117.59,CRC,comision,sucursal,LI-002,Cuenta Ahorro
TXN-00008246,CTA-453685,CLI-17652,2026-06-18 23:04:00,4330696.62,CRC,pago,sucursal,AL-001,Tarjeta Crédito
TXN-00008247,CTA-882807,CLI-99148,2026-06-25 02:20:00,2277848.85,CRC,retiro,sucursal,CA-001,Cuenta Corriente
TXN-00008248,CTA-530798,CLI-43634,2026-06-04 05:53:00,4478997.31,CRC,pago,web,HE-001,Tarjeta Crédito
TXN-00008249,CTA-932518,CLI-88935,2026-06-02 08:38:00,2651620.74,CRC,transferencia,atm,CA-001,Cuenta Corriente
TXN-00008250,CTA-164694,CLI-37799,2026-06-25 15:23:00,3475952.67,CRC,comision,web,LI-001,Cuenta Corriente
TXN-00008251,CTA-120565,CLI-46208,2026-06-02 23:38:00,3461016.04,CRC,transferencia,sucursal,SJ-002,Cuenta Ahorro
TXN-00008252,CTA-712275,CLI-80700,2026-06-02 15:09:00,3817756.01,CRC,deposito,sinpe,LI-001,Préstamo Hipotecario
TXN-00008253,CTA-708068,CLI-63592,2026-06-11 23:41:00,206085.81,CRC,deposito,app_movil,HE-001,Préstamo Hipotecario
TXN-00008254,CTA-799347,CLI-79039,2026-06-22 21:05:00,2519621.42,CRC,pago,atm,PU-001,Tarjeta Crédito
TXN-00008255,CTA-468620,CLI-34256,2026-06-24 17:31:00,778306.3,CRC,pago,web,HE-001,Préstamo Personal
TXN-00008256,CTA-484002,CLI-66980,2026-06-24 18:47:00,2338336.55,CRC,transferencia,atm,LI-001,Cuenta Ahorro
TXN-00008257,CTA-457854,CLI-13022,2026-06-27 10:57:00,2471809.66,CRC,deposito,sinpe,AL-001,Cuenta Ahorro
TXN-00008258,CTA-527627,CLI-67832,2026-06-07 15:56:00,653331.89,CRC,transferencia,sinpe,LI-001,Tarjeta Crédito
TXN-00008259,CTA-281494,CLI-21819,2026-06-07 06:18:00,3815400.0,CRC,pago,web,AL-001,Cuenta Corriente
TXN-00008260,CTA-633936,CLI-23410,2026-06-28 21:40:00,874274.95,CRC,transferencia,sinpe,LI-001,Préstamo Hipotecario
TXN-00008261,CTA-290450,CLI-12851,2026-06-21 11:36:00,3445557.7,CRC,retiro,atm,SJ-002,Préstamo Personal
TXN-00008262,CTA-226045,CLI-33175,2026-06-23 16:45:00,3114482.8,CRC,transferencia,app_movil,LI-002,Tarjeta Crédito
TXN-00008263,CTA-845745,CLI-37937,2026-06-27 19:59:00,2587166.57,CRC,pago,sucursal,CA-001,Cuenta Ahorro
TXN-00008264,CTA-468274,CLI-36749,2026-06-04 02:15:00,1690341.0,CRC,retiro,web,LI-002,Cuenta Ahorro
TXN-00008265,CTA-590662,CLI-95220,2026-06-29 17:59:00,4564475.42,CRC,pago,sucursal,HE-001,Cuenta Corriente
TXN-00008266,CTA-473332,CLI-76752,2026-06-20 18:30:00,4882431.43,CRC,retiro,web,LI-001,Préstamo Personal
TXN-00008267,CTA-760018,CLI-60905,2026-06-17 05:03:00,4619014.7,CRC,comision,sinpe,HE-001,Cuenta Corriente
TXN-00008268,CTA-129918,CLI-93918,2026-06-16 17:09:00,1096244.71,CRC,retiro,web,LI-002,Préstamo Hipotecario
TXN-00008269,CTA-801852,CLI-98657,2026-06-15 14:17:00,4598704.92,CRC,transferencia,sucursal,SJ-002,Préstamo Hipotecario
TXN-00008270,CTA-590169,CLI-63713,2026-06-24 20:21:00,2041764.21,CRC,deposito,sinpe,CA-001,Cuenta Corriente
TXN-00008271,CTA-515056,CLI-20298,2026-06-21 22:25:00,118892.22,CRC,deposito,atm,LI-001,Tarjeta Crédito
TXN-00008272,CTA-413538,CLI-88008,2026-06-17 13:22:00,217798.27,CRC,comision,app_movil,SJ-002,Préstamo Hipotecario
TXN-00008273,CTA-735210,CLI-59955,2026-06-24 17:16:00,3976357.41,CRC,deposito,app_movil,PU-001,Tarjeta Crédito
TXN-00008274,CTA-175402,CLI-75902,2026-06-26 05:59:00,321602.69,CRC,pago,sucursal,SJ-001,Préstamo Hipotecario
TXN-00008275,CTA-864655,CLI-34393,2026-06-21 18:19:00,4118438.02,CRC,pago,sinpe,SJ-001,Cuenta Ahorro
TXN-00008276,CTA-525677,CLI-32109,2026-06-30 04:56:00,1781259.91,CRC,transferencia,sucursal,SJ-002,Cuenta Corriente
TXN-00008277,CTA-172517,CLI-22651,2026-06-18 18:21:00,1872040.86,CRC,pago,sinpe,SJ-001,Préstamo Personal
TXN-00008278,CTA-358757,CLI-53738,2026-06-19 23:58:00,1717140.13,CRC,retiro,web,SJ-001,Préstamo Hipotecario
TXN-00008279,CTA-411812,CLI-68655,2026-06-06 16:56:00,3023579.3,CRC,deposito,sinpe,SJ-002,Cuenta Corriente
TXN-00008280,CTA-840582,CLI-23810,2026-06-06 23:04:00,866393.75,CRC,deposito,web,CA-001,Cuenta Ahorro
TXN-00008281,CTA-483203,CLI-91717,2026-06-06 17:37:00,4750594.37,CRC,retiro,app_movil,LI-001,Cuenta Ahorro
TXN-00008282,CTA-312673,CLI-49230,2026-06-11 22:14:00,4034748.53,CRC,comision,sinpe,SJ-001,Préstamo Hipotecario
TXN-00008283,CTA-847452,CLI-42934,2026-06-29 23:14:00,1623820.32,CRC,retiro,app_movil,SJ-001,Préstamo Personal
TXN-00008284,CTA-777413,CLI-95726,2026-06-07 06:22:00,3685937.09,CRC,transferencia,web,SJ-002,Cuenta Ahorro
TXN-00008285,CTA-505045,CLI-69623,2026-06-04 00:49:00,2625567.95,CRC,deposito,app_movil,SJ-002,Préstamo Hipotecario
TXN-00008286,CTA-992209,CLI-37425,2026-06-25 10:56:00,2673154.46,CRC,transferencia,app_movil,LI-002,Tarjeta Crédito
TXN-00008287,CTA-298764,CLI-24319,2026-06-14 16:40:00,1808761.88,CRC,comision,app_movil,HE-001,Cuenta Ahorro
TXN-00008288,CTA-564768,CLI-10466,2026-06-05 07:53:00,1795701.52,CRC,comision,sinpe,AL-001,Préstamo Personal
TXN-00008289,CTA-347425,CLI-56907,2026-06-09 18:54:00,4115604.02,CRC,deposito,atm,HE-001,Tarjeta Crédito
TXN-00008290,CTA-531769,CLI-43312,2026-06-01 06:52:00,4492183.28,CRC,pago,app_movil,LI-002,Préstamo Hipotecario
TXN-00008291,CTA-383135,CLI-35148,2026-06-18 12:04:00,3150057.43,CRC,pago,sinpe,AL-001,Cuenta Corriente
TXN-00008292,CTA-449216,CLI-40658,2026-06-09 14:56:00,1478596.07,CRC,comision,atm,SJ-002,Préstamo Hipotecario
TXN-00008293,CTA-971004,CLI-27531,2026-06-30 14:02:00,3893730.71,CRC,deposito,web,SJ-001,Préstamo Hipotecario
TXN-00008294,CTA-643197,CLI-46309,2026-06-12 09:17:00,3332520.09,CRC,transferencia,sinpe,LI-001,Tarjeta Crédito
TXN-00008295,CTA-565026,CLI-73368,2026-06-03 11:10:00,661670.27,CRC,pago,app_movil,AL-001,Cuenta Ahorro
TXN-00008296,CTA-554849,CLI-73556,2026-06-05 08:38:00,2118365.04,CRC,retiro,atm,SJ-001,Cuenta Ahorro
TXN-00008297,CTA-865554,CLI-47188,2026-06-21 10:07:00,3755990.89,CRC,transferencia,atm,CA-001,Tarjeta Crédito
TXN-00008298,CTA-612529,CLI-48945,2026-06-06 14:15:00,2028512.53,CRC,retiro,app_movil,SJ-001,Cuenta Corriente
TXN-00008299,CTA-318728,CLI-46265,2026-06-26 08:02:00,75377.66,CRC,transferencia,sucursal,CA-001,Préstamo Personal
TXN-00008300,CTA-644033,CLI-43580,2026-06-05 16:19:00,3414777.33,CRC,retiro,atm,SJ-001,Préstamo Personal
TXN-00008301,CTA-340198,CLI-70319,2026-06-16 17:46:00,927306.95,CRC,retiro,atm,HE-001,Cuenta Ahorro
TXN-00008302,CTA-426625,CLI-78363,2026-06-12 17:54:00,628654.25,CRC,pago,sinpe,LI-002,Préstamo Hipotecario
TXN-00008303,CTA-448632,CLI-38986,2026-06-24 04:43:00,830175.36,CRC,transferencia,app_movil,CA-001,Cuenta Ahorro
TXN-00008304,CTA-374263,CLI-95333,2026-06-09 06:44:00,4670611.52,CRC,pago,sinpe,LI-002,Cuenta Corriente
TXN-00008305,CTA-616057,CLI-24507,2026-06-09 18:13:00,2589593.89,CRC,retiro,web,CA-001,Cuenta Corriente
TXN-00008306,CTA-846840,CLI-74365,2026-06-16 10:49:00,4399029.27,CRC,transferencia,sucursal,LI-002,Cuenta Ahorro
TXN-00008307,CTA-757036,CLI-97525,2026-06-09 07:15:00,4246566.24,CRC,retiro,app_movil,SJ-002,Cuenta Corriente
TXN-00008308,CTA-325230,CLI-96734,2026-06-14 21:33:00,3169842.57,CRC,transferencia,sucursal,SJ-001,Cuenta Corriente
TXN-00008309,CTA-671468,CLI-72727,2026-06-09 13:03:00,3389799.6,CRC,retiro,sinpe,CA-001,Tarjeta Crédito
TXN-00008310,CTA-134478,CLI-17121,2026-06-17 23:20:00,1795202.08,CRC,retiro,app_movil,CA-001,Tarjeta Crédito
TXN-00008311,CTA-522491,CLI-59490,2026-06-19 17:19:00,2715652.27,CRC,pago,sinpe,CA-001,Tarjeta Crédito
TXN-00008312,CTA-455287,CLI-76552,2026-06-30 02:58:00,2036083.92,CRC,pago,sinpe,CA-001,Tarjeta Crédito
TXN-00008313,CTA-602930,CLI-81041,2026-06-29 01:11:00,3029173.03,CRC,transferencia,app_movil,SJ-002,Cuenta Ahorro
TXN-00008314,CTA-430504,CLI-52040,2026-06-30 06:37:00,1469491.23,CRC,retiro,sucursal,HE-001,Préstamo Hipotecario
TXN-00008315,CTA-615482,CLI-51320,2026-06-18 17:50:00,2487122.71,CRC,comision,atm,LI-002,Cuenta Ahorro
TXN-00008316,CTA-778766,CLI-81254,2026-06-25 15:35:00,444617.04,CRC,comision,web,CA-001,Cuenta Corriente
TXN-00008317,CTA-355705,CLI-49244,2026-06-19 02:14:00,2000871.56,CRC,retiro,sinpe,PU-001,Cuenta Corriente
TXN-00008318,CTA-372200,CLI-24733,2026-06-28 10:52:00,487917.82,CRC,pago,sinpe,SJ-002,Cuenta Ahorro
TXN-00008319,CTA-892906,CLI-56692,2026-06-14 10:34:00,2282071.44,CRC,transferencia,sinpe,LI-002,Cuenta Corriente
TXN-00008320,CTA-549444,CLI-58659,2026-06-04 05:10:00,4419332.93,CRC,transferencia,web,HE-001,Préstamo Personal
TXN-00008321,CTA-544671,CLI-73239,2026-06-17 01:58:00,4886154.7,CRC,transferencia,sinpe,SJ-002,Cuenta Corriente
TXN-00008322,CTA-465352,CLI-23285,2026-06-21 20:17:00,4017234.2,CRC,retiro,sinpe,LI-001,Cuenta Ahorro
TXN-00008323,CTA-961442,CLI-84091,2026-06-12 20:45:00,2066734.85,CRC,retiro,sucursal,LI-001,Tarjeta Crédito
TXN-00008324,CTA-446782,CLI-24233,2026-06-28 08:00:00,2110366.39,CRC,transferencia,sinpe,LI-001,Cuenta Ahorro
TXN-00008325,CTA-722774,CLI-49234,2026-06-08 01:09:00,4229560.95,CRC,pago,web,CA-001,Cuenta Corriente
TXN-00008326,CTA-875491,CLI-57714,2026-06-16 13:42:00,2237903.78,CRC,pago,app_movil,PU-001,Cuenta Ahorro
TXN-00008327,CTA-413032,CLI-43848,2026-06-13 10:21:00,1151487.77,CRC,deposito,atm,CA-001,Préstamo Personal
TXN-00008328,CTA-874188,CLI-36829,2026-06-23 02:34:00,2907665.53,CRC,comision,sinpe,PU-001,Cuenta Ahorro
TXN-00008329,CTA-205824,CLI-47520,2026-06-17 21:54:00,4238706.51,CRC,comision,sucursal,AL-001,Préstamo Personal
TXN-00008330,CTA-789788,CLI-30913,2026-06-10 16:52:00,3196232.93,CRC,comision,app_movil,LI-001,Préstamo Hipotecario
TXN-00008331,CTA-184165,CLI-61221,2026-06-11 05:25:00,3802961.28,CRC,comision,web,SJ-002,Préstamo Personal
TXN-00008332,CTA-569777,CLI-78704,2026-06-13 00:16:00,3893450.15,CRC,pago,sinpe,HE-001,Préstamo Personal
TXN-00008333,CTA-166385,CLI-79716,2026-06-10 01:48:00,17236.32,CRC,deposito,app_movil,AL-001,Préstamo Personal
TXN-00008334,CTA-220209,CLI-96922,2026-06-29 02:04:00,1255834.0,CRC,comision,sucursal,HE-001,Préstamo Personal
TXN-00008335,CTA-801774,CLI-20762,2026-06-28 10:26:00,4710401.11,CRC,comision,web,LI-002,Cuenta Corriente
TXN-00008336,CTA-699248,CLI-82889,2026-06-06 04:24:00,1142190.41,CRC,pago,atm,LI-001,Cuenta Corriente
TXN-00008337,CTA-167724,CLI-86410,2026-06-16 23:06:00,387147.69,CRC,comision,sinpe,HE-001,Tarjeta Crédito
TXN-00008338,CTA-227280,CLI-26011,2026-06-28 09:04:00,3283520.0,CRC,pago,atm,LI-001,Cuenta Ahorro
TXN-00008339,CTA-248751,CLI-68181,2026-06-18 18:30:00,1558209.43,CRC,transferencia,app_movil,SJ-002,Tarjeta Crédito
TXN-00008340,CTA-975217,CLI-31815,2026-06-17 06:53:00,4927164.74,CRC,comision,atm,SJ-002,Préstamo Hipotecario
TXN-00008341,CTA-131408,CLI-83346,2026-06-26 17:54:00,3249095.51,CRC,deposito,app_movil,CA-001,Cuenta Ahorro
TXN-00008342,CTA-334650,CLI-21445,2026-06-16 17:33:00,3417769.24,CRC,comision,sinpe,LI-002,Cuenta Corriente
TXN-00008343,CTA-710683,CLI-33518,2026-06-02 16:27:00,1557630.54,CRC,transferencia,web,SJ-001,Cuenta Corriente
TXN-00008344,CTA-476197,CLI-44020,2026-06-06 11:38:00,2710823.75,CRC,comision,sinpe,AL-001,Préstamo Personal
TXN-00008345,CTA-339045,CLI-23135,2026-06-09 03:10:00,3873566.67,CRC,transferencia,app_movil,PU-001,Préstamo Hipotecario
TXN-00008346,CTA-558703,CLI-67980,2026-06-04 05:52:00,2768483.39,CRC,deposito,atm,SJ-001,Cuenta Ahorro
TXN-00008347,CTA-570762,CLI-88482,2026-06-27 07:29:00,4127598.16,CRC,deposito,sucursal,LI-001,Tarjeta Crédito
TXN-00008348,CTA-506171,CLI-45502,2026-06-13 16:24:00,4151293.42,CRC,retiro,sinpe,SJ-001,Cuenta Ahorro
TXN-00008349,CTA-625180,CLI-46687,2026-06-11 02:43:00,2842879.63,CRC,comision,sinpe,LI-001,Préstamo Personal
TXN-00008350,CTA-938891,CLI-64876,2026-06-19 03:09:00,2689073.34,CRC,transferencia,sinpe,SJ-002,Tarjeta Crédito
TXN-00008351,CTA-349414,CLI-46925,2026-06-04 10:51:00,403314.13,CRC,comision,web,AL-001,Cuenta Corriente
TXN-00008352,CTA-144405,CLI-61363,2026-06-16 22:28:00,3786265.48,CRC,retiro,web,CA-001,Cuenta Ahorro
TXN-00008353,CTA-383496,CLI-37491,2026-06-11 06:38:00,697045.82,CRC,pago,app_movil,LI-001,Cuenta Corriente
TXN-00008354,CTA-435883,CLI-71510,2026-06-12 04:27:00,289831.73,CRC,deposito,web,LI-002,Cuenta Ahorro
TXN-00008355,CTA-491884,CLI-49629,2026-06-29 05:51:00,2487983.02,CRC,comision,web,HE-001,Cuenta Corriente
TXN-00008356,CTA-223585,CLI-44985,2026-06-03 09:35:00,1275616.01,CRC,pago,sinpe,PU-001,Préstamo Hipotecario
TXN-00008357,CTA-930092,CLI-77178,2026-06-13 17:20:00,4919866.66,CRC,transferencia,web,CA-001,Cuenta Corriente
TXN-00008358,CTA-627499,CLI-54376,2026-06-06 13:40:00,4030850.21,CRC,comision,web,PU-001,Préstamo Personal
TXN-00008359,CTA-243795,CLI-50227,2026-06-21 00:00:00,1154849.84,CRC,comision,web,LI-001,Tarjeta Crédito
TXN-00008360,CTA-772594,CLI-61215,2026-06-10 19:14:00,206955.29,CRC,deposito,sinpe,CA-001,Préstamo Hipotecario
TXN-00008361,CTA-867060,CLI-12830,2026-06-26 15:06:00,630314.52,CRC,retiro,sinpe,CA-001,Préstamo Personal
TXN-00008362,CTA-773287,CLI-47407,2026-06-06 01:56:00,3607231.46,CRC,retiro,sucursal,LI-001,Préstamo Personal
TXN-00008363,CTA-649960,CLI-11120,2026-06-25 08:25:00,2247649.37,CRC,retiro,web,CA-001,Cuenta Corriente
TXN-00008364,CTA-437583,CLI-80536,2026-06-22 06:25:00,2749678.87,CRC,comision,app_movil,SJ-002,Préstamo Personal
TXN-00008365,CTA-823801,CLI-29213,2026-06-13 23:11:00,3914819.52,CRC,deposito,atm,PU-001,Préstamo Personal
TXN-00008366,CTA-432941,CLI-66898,2026-06-16 09:01:00,1633551.32,CRC,pago,sucursal,HE-001,Préstamo Personal
TXN-00008367,CTA-840327,CLI-82336,2026-06-10 13:06:00,975946.01,CRC,deposito,sucursal,PU-001,Préstamo Hipotecario
TXN-00008368,CTA-321043,CLI-17617,2026-06-07 12:09:00,4422830.88,CRC,transferencia,sucursal,AL-001,Cuenta Corriente
TXN-00008369,CTA-885972,CLI-84807,2026-06-03 13:52:00,2460939.06,CRC,comision,sucursal,CA-001,Cuenta Corriente
TXN-00008370,CTA-851253,CLI-38168,2026-06-14 18:07:00,2814509.22,CRC,pago,app_movil,LI-002,Cuenta Corriente
TXN-00008371,CTA-909588,CLI-68635,2026-06-08 22:31:00,1005219.72,CRC,comision,sucursal,CA-001,Préstamo Personal
TXN-00008372,CTA-463887,CLI-88257,2026-06-29 15:54:00,3541891.0,CRC,deposito,app_movil,LI-002,Cuenta Ahorro
TXN-00008373,CTA-813142,CLI-91397,2026-06-28 07:44:00,2948689.9,CRC,retiro,sinpe,AL-001,Cuenta Ahorro
TXN-00008374,CTA-565504,CLI-11898,2026-06-02 02:16:00,1172626.18,CRC,transferencia,atm,SJ-002,Préstamo Personal
TXN-00008375,CTA-437486,CLI-16469,2026-06-13 03:46:00,3310644.66,CRC,pago,atm,SJ-001,Préstamo Hipotecario
TXN-00008376,CTA-184755,CLI-39602,2026-06-30 01:25:00,4626095.81,CRC,comision,sucursal,SJ-002,Préstamo Hipotecario
TXN-00008377,CTA-531473,CLI-85998,2026-06-07 02:54:00,4365448.71,CRC,pago,atm,CA-001,Préstamo Hipotecario
TXN-00008378,CTA-688215,CLI-39394,2026-06-11 21:38:00,3865964.52,CRC,deposito,sucursal,AL-001,Préstamo Hipotecario
TXN-00008379,CTA-328699,CLI-42734,2026-06-01 15:10:00,3571573.39,CRC,comision,sucursal,SJ-001,Cuenta Ahorro
TXN-00008380,CTA-974199,CLI-36047,2026-06-20 17:43:00,3736167.08,CRC,pago,app_movil,LI-002,Tarjeta Crédito
TXN-00008381,CTA-534161,CLI-20032,2026-06-03 20:13:00,2495232.21,CRC,comision,atm,HE-001,Tarjeta Crédito
TXN-00008382,CTA-855011,CLI-51885,2026-06-20 03:24:00,4531123.39,CRC,comision,app_movil,SJ-002,Préstamo Hipotecario
TXN-00008383,CTA-833433,CLI-89894,2026-06-06 01:28:00,59421.97,CRC,comision,atm,SJ-002,Cuenta Ahorro
TXN-00008384,CTA-347416,CLI-18322,2026-06-27 07:52:00,821491.95,CRC,comision,web,AL-001,Préstamo Hipotecario
TXN-00008385,CTA-648010,CLI-86141,2026-06-27 08:53:00,3569446.56,CRC,retiro,sucursal,LI-001,Cuenta Corriente
TXN-00008386,CTA-686723,CLI-88535,2026-06-03 22:10:00,4978473.79,CRC,comision,app_movil,SJ-001,Cuenta Corriente
TXN-00008387,CTA-862658,CLI-28569,2026-06-22 21:08:00,1149139.31,CRC,pago,atm,AL-001,Préstamo Personal
TXN-00008388,CTA-195054,CLI-91904,2026-06-24 14:42:00,4004778.42,CRC,transferencia,atm,CA-001,Cuenta Corriente
TXN-00008389,CTA-382504,CLI-42816,2026-06-01 06:25:00,1535898.94,CRC,retiro,atm,CA-001,Cuenta Ahorro
TXN-00008390,CTA-727192,CLI-49332,2026-06-23 02:34:00,694169.69,CRC,deposito,web,HE-001,Préstamo Hipotecario
TXN-00008391,CTA-623677,CLI-15679,2026-06-16 02:08:00,2378260.56,CRC,retiro,sucursal,HE-001,Préstamo Hipotecario
TXN-00008392,CTA-732282,CLI-18618,2026-06-06 22:38:00,408886.83,CRC,transferencia,web,CA-001,Cuenta Corriente
TXN-00008393,CTA-772383,CLI-41460,2026-06-28 04:16:00,53994.89,CRC,comision,web,SJ-002,Préstamo Hipotecario
TXN-00008394,CTA-195112,CLI-13689,2026-06-08 23:06:00,4846920.57,CRC,retiro,atm,CA-001,Cuenta Ahorro
TXN-00008395,CTA-820230,CLI-61123,2026-06-16 20:19:00,1610806.88,CRC,retiro,app_movil,SJ-001,Cuenta Corriente
TXN-00008396,CTA-687571,CLI-48460,2026-06-18 03:17:00,2119561.07,CRC,transferencia,app_movil,AL-001,Préstamo Hipotecario
TXN-00008397,CTA-974433,CLI-98206,2026-06-22 07:46:00,3938033.58,CRC,comision,sinpe,LI-002,Préstamo Personal
TXN-00008398,CTA-764528,CLI-79892,2026-06-04 23:28:00,4631427.44,CRC,pago,sucursal,LI-002,Préstamo Hipotecario
TXN-00008399,CTA-120806,CLI-49503,2026-06-19 23:31:00,3619667.55,CRC,retiro,sinpe,AL-001,Préstamo Personal
TXN-00008400,CTA-198029,CLI-50448,2026-06-17 16:49:00,291171.12,CRC,deposito,app_movil,SJ-002,Cuenta Corriente
TXN-00008401,CTA-721078,CLI-93291,2026-06-24 23:44:00,1721084.45,CRC,retiro,sucursal,AL-001,Cuenta Corriente
TXN-00008402,CTA-602006,CLI-64207,2026-06-18 14:36:00,484302.1,CRC,comision,sucursal,LI-001,Tarjeta Crédito
TXN-00008403,CTA-932701,CLI-76193,2026-06-06 09:50:00,4437448.94,CRC,comision,app_movil,LI-001,Cuenta Corriente
TXN-00008404,CTA-964242,CLI-57801,2026-06-15 02:35:00,4708253.47,CRC,transferencia,web,PU-001,Préstamo Hipotecario
TXN-00008405,CTA-630565,CLI-49396,2026-06-02 02:16:00,4215475.5,CRC,comision,atm,LI-001,Cuenta Corriente
TXN-00008406,CTA-231872,CLI-16513,2026-06-22 14:31:00,4571925.18,CRC,transferencia,web,SJ-001,Cuenta Ahorro
TXN-00008407,CTA-961823,CLI-67833,2026-06-01 23:52:00,2794968.0,CRC,transferencia,sucursal,LI-002,Préstamo Personal
TXN-00008408,CTA-884724,CLI-78447,2026-06-11 05:03:00,827851.79,CRC,transferencia,atm,AL-001,Cuenta Corriente
TXN-00008409,CTA-437222,CLI-82351,2026-06-11 14:25:00,3393954.72,CRC,deposito,sucursal,CA-001,Cuenta Corriente
TXN-00008410,CTA-599757,CLI-11975,2026-06-03 17:06:00,2402112.4,CRC,deposito,sucursal,CA-001,Cuenta Ahorro
TXN-00008411,CTA-307940,CLI-53337,2026-06-10 18:19:00,2714014.51,CRC,deposito,web,LI-001,Cuenta Ahorro
TXN-00008412,CTA-877657,CLI-58498,2026-06-22 07:40:00,3346487.85,CRC,pago,app_movil,HE-001,Préstamo Hipotecario
TXN-00008413,CTA-512254,CLI-14681,2026-06-25 03:46:00,837590.83,CRC,transferencia,app_movil,CA-001,Préstamo Personal
TXN-00008414,CTA-979990,CLI-46653,2026-06-05 13:08:00,1124529.27,CRC,retiro,atm,HE-001,Préstamo Hipotecario
TXN-00008415,CTA-964737,CLI-55346,2026-06-06 02:39:00,4203312.19,CRC,transferencia,web,AL-001,Tarjeta Crédito
TXN-00008416,CTA-858539,CLI-40490,2026-06-30 15:01:00,3131356.18,CRC,retiro,sucursal,PU-001,Cuenta Corriente
TXN-00008417,CTA-146238,CLI-97343,2026-06-13 09:20:00,1085733.2,CRC,transferencia,sinpe,SJ-001,Cuenta Corriente
TXN-00008418,CTA-638459,CLI-55850,2026-06-23 19:05:00,1802245.86,CRC,retiro,atm,SJ-002,Cuenta Corriente
TXN-00008419,CTA-478193,CLI-80173,2026-06-20 13:28:00,3011996.09,CRC,deposito,sinpe,AL-001,Préstamo Hipotecario
TXN-00008420,CTA-786524,CLI-42960,2026-06-13 13:27:00,4825524.33,CRC,retiro,web,SJ-002,Cuenta Ahorro
TXN-00008421,CTA-953891,CLI-90597,2026-06-11 20:11:00,336987.92,CRC,retiro,sinpe,CA-001,Préstamo Personal
TXN-00008422,CTA-678198,CLI-54697,2026-06-17 01:24:00,2015487.51,CRC,deposito,sucursal,LI-001,Cuenta Ahorro
TXN-00008423,CTA-670409,CLI-48942,2026-06-01 10:39:00,1871688.16,CRC,pago,sinpe,SJ-001,Cuenta Ahorro
TXN-00008424,CTA-293111,CLI-46698,2026-06-21 11:25:00,327526.79,CRC,pago,atm,LI-001,Cuenta Corriente
TXN-00008425,CTA-723036,CLI-23030,2026-06-25 20:32:00,3416683.02,CRC,transferencia,web,CA-001,Cuenta Corriente
TXN-00008426,CTA-865636,CLI-44781,2026-06-29 15:29:00,223881.71,CRC,deposito,web,AL-001,Préstamo Hipotecario
TXN-00008427,CTA-105809,CLI-68944,2026-06-24 01:10:00,1373444.31,CRC,pago,app_movil,CA-001,Préstamo Personal
TXN-00008428,CTA-132688,CLI-83611,2026-06-29 17:28:00,500881.37,CRC,retiro,app_movil,SJ-001,Préstamo Personal
TXN-00008429,CTA-861510,CLI-84039,2026-06-11 23:53:00,4161995.37,CRC,pago,sucursal,HE-001,Cuenta Ahorro
TXN-00008430,CTA-782120,CLI-41596,2026-06-05 08:07:00,1797645.81,CRC,comision,web,LI-001,Tarjeta Crédito
TXN-00008431,CTA-443247,CLI-27206,2026-06-10 04:41:00,2472072.67,CRC,comision,web,SJ-002,Cuenta Corriente
TXN-00008432,CTA-124142,CLI-94022,2026-06-09 09:59:00,1277614.4,CRC,deposito,app_movil,AL-001,Cuenta Ahorro
TXN-00008433,CTA-843172,CLI-53793,2026-06-15 05:38:00,2470573.68,CRC,comision,app_movil,CA-001,Préstamo Hipotecario
TXN-00008434,CTA-147304,CLI-34253,2026-06-11 09:00:00,192478.37,CRC,retiro,sinpe,LI-001,Préstamo Personal
TXN-00008435,CTA-656289,CLI-87502,2026-06-13 04:02:00,4880928.92,CRC,pago,atm,SJ-001,Préstamo Personal
TXN-00008436,CTA-340035,CLI-55404,2026-06-24 12:29:00,4348938.66,CRC,deposito,sinpe,HE-001,Cuenta Corriente
TXN-00008437,CTA-215918,CLI-93357,2026-06-08 06:51:00,1554649.02,CRC,transferencia,sinpe,PU-001,Cuenta Ahorro
TXN-00008438,CTA-857018,CLI-40477,2026-06-25 05:36:00,364166.12,CRC,transferencia,atm,HE-001,Préstamo Personal
TXN-00008439,CTA-751751,CLI-64535,2026-06-22 07:33:00,2425109.83,CRC,comision,sucursal,AL-001,Préstamo Hipotecario
TXN-00008440,CTA-968948,CLI-20553,2026-06-07 20:37:00,1730358.36,CRC,transferencia,web,SJ-001,Cuenta Corriente
TXN-00008441,CTA-297909,CLI-40282,2026-06-12 10:10:00,4337455.53,CRC,deposito,atm,LI-001,Cuenta Ahorro
TXN-00008442,CTA-479234,CLI-84334,2026-06-12 09:13:00,2776721.89,CRC,comision,sinpe,HE-001,Cuenta Ahorro
TXN-00008443,CTA-331200,CLI-41332,2026-06-18 17:03:00,1464312.08,CRC,pago,sucursal,LI-002,Cuenta Corriente
TXN-00008444,CTA-122117,CLI-39792,2026-06-12 23:26:00,714753.25,CRC,deposito,app_movil,SJ-001,Préstamo Hipotecario
TXN-00008445,CTA-195219,CLI-19205,2026-06-05 20:04:00,1111185.58,CRC,deposito,atm,SJ-001,Cuenta Corriente
TXN-00008446,CTA-698797,CLI-71367,2026-06-23 08:55:00,1869163.02,CRC,comision,web,LI-001,Cuenta Ahorro
TXN-00008447,CTA-364608,CLI-76316,2026-06-04 06:29:00,4531501.27,CRC,transferencia,atm,PU-001,Cuenta Ahorro
TXN-00008448,CTA-373430,CLI-93125,2026-06-03 16:49:00,1067161.44,CRC,pago,atm,LI-001,Tarjeta Crédito
TXN-00008449,CTA-681544,CLI-29069,2026-06-01 22:59:00,4477284.07,CRC,comision,sinpe,AL-001,Préstamo Hipotecario
TXN-00008450,CTA-579379,CLI-95582,2026-06-05 10:27:00,401836.87,CRC,deposito,sinpe,PU-001,Tarjeta Crédito
TXN-00008451,CTA-929685,CLI-28812,2026-06-24 10:57:00,2453421.61,CRC,pago,app_movil,SJ-001,Tarjeta Crédito
TXN-00008452,CTA-408510,CLI-28677,2026-06-18 07:59:00,1744110.8,CRC,comision,atm,CA-001,Préstamo Personal
TXN-00008453,CTA-762458,CLI-81171,2026-06-24 15:43:00,1074321.6,CRC,pago,sucursal,PU-001,Cuenta Corriente
TXN-00008454,CTA-333749,CLI-30304,2026-06-10 12:35:00,997833.55,CRC,retiro,web,AL-001,Cuenta Corriente
TXN-00008455,CTA-247437,CLI-72510,2026-06-15 04:59:00,1196090.43,CRC,transferencia,app_movil,HE-001,Cuenta Ahorro
TXN-00008456,CTA-439448,CLI-90882,2026-06-18 06:47:00,1714927.77,CRC,retiro,atm,LI-001,Tarjeta Crédito
TXN-00008457,CTA-856184,CLI-42486,2026-06-26 11:21:00,828321.77,CRC,deposito,app_movil,SJ-001,Préstamo Hipotecario
TXN-00008458,CTA-855788,CLI-80300,2026-06-05 12:35:00,3238884.18,CRC,deposito,atm,LI-001,Cuenta Corriente
TXN-00008459,CTA-647321,CLI-33045,2026-06-12 12:30:00,3297319.32,CRC,pago,sucursal,CA-001,Préstamo Personal
TXN-00008460,CTA-148374,CLI-86846,2026-06-29 22:25:00,4517759.72,CRC,comision,atm,HE-001,Tarjeta Crédito
TXN-00008461,CTA-772505,CLI-18648,2026-06-23 15:14:00,2671208.49,CRC,retiro,sucursal,SJ-002,Tarjeta Crédito
TXN-00008462,CTA-175174,CLI-47358,2026-06-02 17:42:00,749785.66,CRC,pago,app_movil,PU-001,Cuenta Ahorro
TXN-00008463,CTA-298322,CLI-42407,2026-06-10 20:35:00,1303905.09,CRC,pago,app_movil,LI-001,Cuenta Ahorro
TXN-00008464,CTA-961808,CLI-61214,2026-06-15 15:17:00,1736264.46,CRC,retiro,atm,LI-001,Préstamo Hipotecario
TXN-00008465,CTA-778021,CLI-56333,2026-06-06 10:42:00,573773.49,CRC,pago,web,HE-001,Cuenta Corriente
TXN-00008466,CTA-363942,CLI-83997,2026-06-26 09:48:00,3736074.55,CRC,retiro,sucursal,SJ-001,Cuenta Ahorro
TXN-00008467,CTA-243258,CLI-79789,2026-06-29 04:08:00,2070990.48,CRC,transferencia,app_movil,PU-001,Tarjeta Crédito
TXN-00008468,CTA-984674,CLI-33659,2026-06-05 20:08:00,2562984.9,CRC,pago,atm,SJ-001,Tarjeta Crédito
TXN-00008469,CTA-531477,CLI-55740,2026-06-30 22:22:00,1376492.11,CRC,comision,sinpe,LI-002,Cuenta Ahorro
TXN-00008470,CTA-299556,CLI-39742,2026-06-17 21:42:00,2439721.17,CRC,pago,sucursal,SJ-001,Préstamo Personal
TXN-00008471,CTA-341802,CLI-74940,2026-06-14 03:05:00,1869467.42,CRC,deposito,sucursal,CA-001,Cuenta Corriente
TXN-00008472,CTA-623288,CLI-17870,2026-06-14 06:57:00,1220587.52,CRC,deposito,sinpe,PU-001,Tarjeta Crédito
TXN-00008473,CTA-369821,CLI-32506,2026-06-25 03:23:00,4029007.67,CRC,comision,web,CA-001,Cuenta Ahorro
TXN-00008474,CTA-285722,CLI-62899,2026-06-07 18:58:00,332134.64,CRC,transferencia,atm,CA-001,Préstamo Personal
TXN-00008475,CTA-405407,CLI-89061,2026-06-13 19:18:00,1321742.91,CRC,retiro,web,LI-002,Préstamo Personal
TXN-00008476,CTA-250710,CLI-23024,2026-06-23 07:45:00,1629362.31,CRC,pago,app_movil,CA-001,Préstamo Hipotecario
TXN-00008477,CTA-973588,CLI-76528,2026-06-12 05:57:00,231848.4,CRC,comision,web,HE-001,Tarjeta Crédito
TXN-00008478,CTA-819384,CLI-86694,2026-06-01 04:07:00,3823857.81,CRC,retiro,atm,CA-001,Préstamo Hipotecario
TXN-00008479,CTA-927403,CLI-88568,2026-06-18 19:14:00,2377786.69,CRC,retiro,atm,HE-001,Cuenta Ahorro
TXN-00008480,CTA-271784,CLI-23788,2026-06-29 06:10:00,4339371.17,CRC,transferencia,atm,LI-001,Cuenta Ahorro
TXN-00008481,CTA-576641,CLI-20625,2026-06-19 23:12:00,4155684.79,CRC,comision,sinpe,AL-001,Préstamo Hipotecario
TXN-00008482,CTA-870297,CLI-72603,2026-06-30 05:54:00,4649076.98,CRC,deposito,app_movil,AL-001,Cuenta Ahorro
TXN-00008483,CTA-532414,CLI-60780,2026-06-20 14:54:00,2916626.01,CRC,pago,sucursal,SJ-002,Cuenta Ahorro
TXN-00008484,CTA-774117,CLI-69977,2026-06-07 11:33:00,3509930.9,CRC,pago,atm,SJ-002,Préstamo Hipotecario
TXN-00008485,CTA-610175,CLI-72802,2026-06-13 14:30:00,1493073.69,CRC,retiro,app_movil,SJ-002,Tarjeta Crédito
TXN-00008486,CTA-563912,CLI-60765,2026-06-16 13:09:00,4459393.74,CRC,comision,web,CA-001,Préstamo Hipotecario
TXN-00008487,CTA-518153,CLI-29709,2026-06-05 14:33:00,689047.1,CRC,transferencia,sucursal,PU-001,Préstamo Hipotecario
TXN-00008488,CTA-331509,CLI-15058,2026-06-19 15:09:00,3766655.33,CRC,deposito,web,SJ-001,Préstamo Hipotecario
TXN-00008489,CTA-326642,CLI-93826,2026-06-25 03:36:00,1039764.37,CRC,comision,sinpe,AL-001,Cuenta Corriente
TXN-00008490,CTA-796589,CLI-92219,2026-06-22 13:36:00,3774140.73,CRC,transferencia,web,LI-002,Cuenta Ahorro
TXN-00008491,CTA-628075,CLI-69484,2026-06-29 07:30:00,372192.8,CRC,comision,app_movil,AL-001,Préstamo Personal
TXN-00008492,CTA-701458,CLI-78937,2026-06-07 11:04:00,3213909.12,CRC,pago,web,PU-001,Cuenta Ahorro
TXN-00008493,CTA-470425,CLI-99859,2026-06-15 22:39:00,4643448.47,CRC,comision,web,SJ-002,Cuenta Ahorro
TXN-00008494,CTA-531929,CLI-78592,2026-06-14 14:27:00,3904067.27,CRC,transferencia,app_movil,HE-001,Cuenta Corriente
TXN-00008495,CTA-809261,CLI-44215,2026-06-29 05:26:00,2242297.86,CRC,pago,sinpe,HE-001,Cuenta Ahorro
TXN-00008496,CTA-518041,CLI-95322,2026-06-27 15:25:00,4264915.4,CRC,deposito,web,CA-001,Préstamo Personal
TXN-00008497,CTA-701299,CLI-27398,2026-06-08 00:24:00,2723579.42,CRC,comision,web,SJ-001,Préstamo Hipotecario
TXN-00008498,CTA-547612,CLI-74215,2026-06-18 10:38:00,3237365.14,CRC,pago,web,CA-001,Cuenta Ahorro
TXN-00008499,CTA-490226,CLI-26788,2026-06-29 09:02:00,1929031.11,CRC,pago,sucursal,PU-001,Préstamo Personal
TXN-00008500,CTA-574823,CLI-57349,2026-06-01 12:31:00,3952241.39,CRC,transferencia,app_movil,SJ-001,Tarjeta Crédito
TXN-00008501,CTA-305257,CLI-76894,2026-06-01 09:53:00,572092.22,CRC,retiro,sinpe,HE-001,Préstamo Hipotecario
TXN-00008502,CTA-432794,CLI-29554,2026-06-03 07:34:00,332593.23,CRC,comision,sucursal,SJ-002,Cuenta Corriente
TXN-00008503,CTA-621435,CLI-73355,2026-06-30 05:24:00,2986620.2,CRC,comision,sinpe,LI-002,Préstamo Hipotecario
TXN-00008504,CTA-282636,CLI-58978,2026-06-19 07:04:00,4583873.6,CRC,pago,app_movil,SJ-002,Préstamo Personal
TXN-00008505,CTA-279406,CLI-82386,2026-06-20 09:44:00,201630.0,CRC,deposito,sucursal,HE-001,Préstamo Hipotecario
TXN-00008506,CTA-288257,CLI-99054,2026-06-02 04:32:00,855177.97,CRC,transferencia,atm,AL-001,Préstamo Personal
TXN-00008507,CTA-533304,CLI-52696,2026-06-20 17:05:00,4862165.52,CRC,deposito,web,SJ-002,Tarjeta Crédito
TXN-00008508,CTA-292067,CLI-62877,2026-06-26 13:20:00,1990567.46,CRC,transferencia,web,PU-001,Cuenta Corriente
TXN-00008509,CTA-655668,CLI-36359,2026-06-14 14:16:00,2722906.41,CRC,retiro,sinpe,CA-001,Cuenta Ahorro
TXN-00008510,CTA-705984,CLI-25519,2026-06-09 23:57:00,127438.91,CRC,retiro,web,HE-001,Préstamo Hipotecario
TXN-00008511,CTA-367214,CLI-85498,2026-06-04 12:51:00,2026700.03,CRC,comision,atm,LI-002,Préstamo Personal
TXN-00008512,CTA-319871,CLI-51301,2026-06-21 05:24:00,838243.45,CRC,comision,sinpe,HE-001,Tarjeta Crédito
TXN-00008513,CTA-951973,CLI-52197,2026-06-03 12:22:00,130138.02,CRC,transferencia,web,LI-002,Cuenta Ahorro
TXN-00008514,CTA-989288,CLI-60909,2026-06-03 04:30:00,2167269.53,CRC,transferencia,sucursal,AL-001,Préstamo Hipotecario
TXN-00008515,CTA-962409,CLI-42926,2026-06-19 18:56:00,3584490.96,CRC,pago,app_movil,LI-002,Préstamo Hipotecario
TXN-00008516,CTA-529694,CLI-80860,2026-06-28 11:56:00,3508594.37,CRC,deposito,web,SJ-002,Cuenta Ahorro
TXN-00008517,CTA-183034,CLI-68707,2026-06-06 05:03:00,144648.74,CRC,comision,web,SJ-001,Préstamo Personal
TXN-00008518,CTA-148739,CLI-16865,2026-06-19 06:47:00,4707268.54,CRC,retiro,sucursal,PU-001,Cuenta Corriente
TXN-00008519,CTA-550983,CLI-50364,2026-06-02 03:11:00,3444969.2,CRC,retiro,sucursal,CA-001,Préstamo Hipotecario
TXN-00008520,CTA-435098,CLI-33681,2026-06-08 14:08:00,1241938.48,CRC,retiro,app_movil,AL-001,Préstamo Hipotecario
TXN-00008521,CTA-372550,CLI-54064,2026-06-15 03:28:00,826803.71,CRC,pago,sucursal,SJ-002,Cuenta Corriente
TXN-00008522,CTA-370349,CLI-94765,2026-06-07 17:30:00,847604.34,CRC,deposito,sinpe,SJ-001,Tarjeta Crédito
TXN-00008523,CTA-696838,CLI-62785,2026-06-05 19:40:00,4420249.25,CRC,transferencia,atm,SJ-002,Tarjeta Crédito
TXN-00008524,CTA-202276,CLI-68280,2026-06-08 05:58:00,3473008.5,CRC,pago,atm,LI-001,Préstamo Personal
TXN-00008525,CTA-989290,CLI-88901,2026-06-28 22:02:00,2109651.56,CRC,transferencia,app_movil,CA-001,Préstamo Hipotecario
TXN-00008526,CTA-636068,CLI-90731,2026-06-30 19:04:00,2038645.3,CRC,pago,atm,AL-001,Préstamo Personal
TXN-00008527,CTA-795830,CLI-35112,2026-06-07 22:41:00,4842440.7,CRC,deposito,atm,SJ-001,Cuenta Ahorro
TXN-00008528,CTA-347812,CLI-33244,2026-06-01 10:56:00,506690.31,CRC,comision,sinpe,PU-001,Tarjeta Crédito
TXN-00008529,CTA-728845,CLI-96369,2026-06-25 01:18:00,2264546.63,CRC,comision,app_movil,HE-001,Préstamo Personal
TXN-00008530,CTA-234842,CLI-39233,2026-06-28 04:50:00,2760453.73,CRC,pago,app_movil,SJ-002,Cuenta Corriente
TXN-00008531,CTA-618987,CLI-22604,2026-06-12 17:38:00,2892892.91,CRC,deposito,sucursal,HE-001,Préstamo Personal
TXN-00008532,CTA-744233,CLI-17073,2026-06-12 13:19:00,2702564.36,CRC,pago,sinpe,PU-001,Préstamo Hipotecario
TXN-00008533,CTA-126928,CLI-34822,2026-06-22 06:07:00,2695051.17,CRC,comision,app_movil,LI-001,Cuenta Ahorro
TXN-00008534,CTA-607453,CLI-90988,2026-06-30 07:54:00,3980258.17,CRC,deposito,atm,LI-002,Cuenta Ahorro
TXN-00008535,CTA-853846,CLI-76461,2026-06-25 15:19:00,1665069.12,CRC,comision,atm,LI-002,Cuenta Ahorro
TXN-00008536,CTA-705543,CLI-69182,2026-06-12 10:55:00,4949390.8,CRC,deposito,sucursal,AL-001,Préstamo Hipotecario
TXN-00008537,CTA-638755,CLI-10420,2026-06-22 01:13:00,1016119.04,CRC,deposito,atm,LI-002,Cuenta Corriente
TXN-00008538,CTA-912393,CLI-64767,2026-06-12 15:49:00,825769.1,CRC,comision,atm,CA-001,Tarjeta Crédito
TXN-00008539,CTA-902833,CLI-27472,2026-06-06 14:32:00,4112419.24,CRC,retiro,sucursal,SJ-001,Cuenta Corriente
TXN-00008540,CTA-493369,CLI-32815,2026-06-02 12:39:00,1821990.64,CRC,retiro,sucursal,PU-001,Tarjeta Crédito
TXN-00008541,CTA-745390,CLI-40019,2026-06-26 13:38:00,2619872.12,CRC,transferencia,sucursal,LI-002,Cuenta Corriente
TXN-00008542,CTA-396392,CLI-62006,2026-06-03 21:28:00,2190359.67,CRC,pago,atm,HE-001,Préstamo Personal
TXN-00008543,CTA-188696,CLI-92322,2026-06-10 23:42:00,3509144.26,CRC,transferencia,app_movil,AL-001,Tarjeta Crédito
TXN-00008544,CTA-299107,CLI-21297,2026-06-20 02:29:00,2282527.02,CRC,retiro,atm,SJ-002,Cuenta Ahorro
TXN-00008545,CTA-580442,CLI-85029,2026-06-07 19:26:00,3646710.08,CRC,retiro,atm,SJ-002,Préstamo Personal
TXN-00008546,CTA-150866,CLI-39940,2026-06-19 03:16:00,2312795.0,CRC,transferencia,sucursal,SJ-002,Cuenta Corriente
TXN-00008547,CTA-646006,CLI-45506,2026-06-02 18:41:00,4549446.02,CRC,deposito,web,LI-001,Cuenta Ahorro
TXN-00008548,CTA-510001,CLI-84050,2026-06-23 06:31:00,1355840.09,CRC,pago,atm,CA-001,Tarjeta Crédito
TXN-00008549,CTA-290897,CLI-60316,2026-06-06 07:43:00,4945744.84,CRC,retiro,app_movil,CA-001,Cuenta Corriente
TXN-00008550,CTA-678260,CLI-93992,2026-06-15 13:26:00,4554371.46,CRC,comision,sucursal,SJ-001,Cuenta Ahorro
TXN-00008551,CTA-259024,CLI-28951,2026-06-28 21:55:00,225084.49,CRC,deposito,sucursal,CA-001,Cuenta Ahorro
TXN-00008552,CTA-437538,CLI-15442,2026-06-22 03:31:00,1265937.34,CRC,retiro,sinpe,SJ-001,Préstamo Personal
TXN-00008553,CTA-413239,CLI-35409,2026-06-01 17:33:00,822671.24,CRC,deposito,web,LI-002,Cuenta Ahorro
TXN-00008554,CTA-387721,CLI-53906,2026-06-23 22:20:00,939468.93,CRC,deposito,sucursal,LI-002,Préstamo Hipotecario
TXN-00008555,CTA-806676,CLI-99669,2026-06-17 19:12:00,3074319.51,CRC,retiro,sinpe,SJ-002,Tarjeta Crédito
TXN-00008556,CTA-855682,CLI-41720,2026-06-16 03:53:00,2496615.36,CRC,deposito,web,PU-001,Cuenta Corriente
TXN-00008557,CTA-545795,CLI-35717,2026-06-30 08:54:00,2364757.85,CRC,transferencia,sinpe,AL-001,Préstamo Personal
TXN-00008558,CTA-881944,CLI-22528,2026-06-20 01:52:00,3594634.42,CRC,retiro,sinpe,LI-001,Cuenta Corriente
TXN-00008559,CTA-922429,CLI-30700,2026-06-19 13:53:00,4649617.7,CRC,deposito,app_movil,LI-001,Cuenta Corriente
TXN-00008560,CTA-517030,CLI-24407,2026-06-28 03:44:00,1061025.17,CRC,transferencia,web,LI-001,Préstamo Personal
TXN-00008561,CTA-891042,CLI-23704,2026-06-22 11:29:00,3067260.64,CRC,retiro,atm,LI-001,Cuenta Corriente
TXN-00008562,CTA-762584,CLI-80306,2026-06-06 03:54:00,3038288.92,CRC,comision,app_movil,AL-001,Cuenta Corriente
TXN-00008563,CTA-677719,CLI-92553,2026-06-13 06:56:00,4255755.38,CRC,transferencia,sucursal,AL-001,Tarjeta Crédito
TXN-00008564,CTA-974563,CLI-56883,2026-06-21 12:34:00,1598318.44,CRC,transferencia,atm,PU-001,Cuenta Corriente
TXN-00008565,CTA-667001,CLI-77850,2026-06-23 19:28:00,1616167.53,CRC,transferencia,sinpe,LI-001,Préstamo Hipotecario
TXN-00008566,CTA-152744,CLI-50098,2026-06-29 18:29:00,1935553.62,CRC,retiro,sinpe,SJ-001,Préstamo Hipotecario
TXN-00008567,CTA-973133,CLI-81397,2026-06-22 14:53:00,3108233.33,CRC,transferencia,atm,HE-001,Cuenta Corriente
TXN-00008568,CTA-507021,CLI-85993,2026-06-19 00:06:00,731162.71,CRC,deposito,sinpe,SJ-001,Tarjeta Crédito
TXN-00008569,CTA-812577,CLI-94379,2026-06-28 03:07:00,243302.35,CRC,retiro,app_movil,HE-001,Préstamo Hipotecario
TXN-00008570,CTA-100933,CLI-75148,2026-06-24 22:56:00,937442.7,CRC,pago,web,SJ-001,Cuenta Ahorro
TXN-00008571,CTA-120960,CLI-31337,2026-06-03 07:47:00,1649261.26,CRC,comision,sucursal,SJ-002,Cuenta Ahorro
TXN-00008572,CTA-587520,CLI-68827,2026-06-10 05:33:00,3987841.31,CRC,deposito,atm,PU-001,Cuenta Ahorro
TXN-00008573,CTA-470586,CLI-40680,2026-06-26 16:25:00,2891775.07,CRC,comision,atm,LI-002,Cuenta Corriente
TXN-00008574,CTA-209007,CLI-39406,2026-06-07 13:30:00,2940107.69,CRC,retiro,atm,LI-002,Cuenta Ahorro
TXN-00008575,CTA-645326,CLI-83479,2026-06-12 07:31:00,3514048.81,CRC,comision,atm,AL-001,Cuenta Corriente
TXN-00008576,CTA-609840,CLI-46079,2026-06-14 19:51:00,2112761.18,CRC,retiro,sucursal,SJ-002,Cuenta Corriente
TXN-00008577,CTA-980952,CLI-52736,2026-06-06 20:33:00,442473.06,CRC,transferencia,atm,SJ-002,Tarjeta Crédito
TXN-00008578,CTA-810168,CLI-49146,2026-06-30 10:41:00,77889.59,CRC,pago,app_movil,LI-001,Cuenta Corriente
TXN-00008579,CTA-198157,CLI-10462,2026-06-04 05:03:00,4160024.38,CRC,pago,app_movil,PU-001,Cuenta Ahorro
TXN-00008580,CTA-987100,CLI-74189,2026-06-22 22:30:00,3392040.13,CRC,retiro,app_movil,LI-002,Préstamo Hipotecario
TXN-00008581,CTA-839830,CLI-49784,2026-06-29 20:40:00,4700475.87,CRC,pago,app_movil,LI-001,Préstamo Personal
TXN-00008582,CTA-422600,CLI-15206,2026-06-09 15:51:00,860515.5,CRC,retiro,sucursal,LI-002,Tarjeta Crédito
TXN-00008583,CTA-121496,CLI-23447,2026-06-01 09:52:00,1517677.76,CRC,retiro,app_movil,HE-001,Préstamo Personal
TXN-00008584,CTA-842084,CLI-93887,2026-06-26 07:02:00,4773508.26,CRC,retiro,atm,LI-001,Cuenta Ahorro
TXN-00008585,CTA-482363,CLI-14277,2026-06-19 04:50:00,1370198.93,CRC,deposito,sucursal,SJ-002,Préstamo Hipotecario
TXN-00008586,CTA-267209,CLI-79322,2026-06-01 17:17:00,1194876.54,CRC,pago,sinpe,HE-001,Préstamo Personal
TXN-00008587,CTA-502031,CLI-48464,2026-06-20 11:20:00,2193714.14,CRC,pago,sinpe,LI-002,Préstamo Hipotecario
TXN-00008588,CTA-900728,CLI-29752,2026-06-10 03:48:00,1211149.3,CRC,deposito,sinpe,PU-001,Tarjeta Crédito
TXN-00008589,CTA-979861,CLI-56487,2026-06-24 19:10:00,2032824.81,CRC,retiro,app_movil,SJ-002,Préstamo Hipotecario
TXN-00008590,CTA-595065,CLI-14355,2026-06-27 08:03:00,3439294.14,CRC,deposito,atm,SJ-001,Préstamo Personal
TXN-00008591,CTA-159605,CLI-92350,2026-06-06 03:27:00,4413943.03,CRC,retiro,web,LI-002,Cuenta Ahorro
TXN-00008592,CTA-508873,CLI-70497,2026-06-29 06:46:00,1333420.18,CRC,comision,sucursal,AL-001,Cuenta Corriente
TXN-00008593,CTA-450067,CLI-13776,2026-06-14 20:57:00,1401658.52,CRC,comision,sinpe,PU-001,Cuenta Ahorro
TXN-00008594,CTA-763105,CLI-36000,2026-06-11 19:41:00,3869408.68,CRC,comision,web,AL-001,Préstamo Hipotecario
TXN-00008595,CTA-804031,CLI-68694,2026-06-20 15:42:00,4872459.31,CRC,pago,sucursal,HE-001,Cuenta Ahorro
TXN-00008596,CTA-720108,CLI-31585,2026-06-12 08:06:00,785751.78,CRC,comision,sucursal,LI-002,Cuenta Corriente
TXN-00008597,CTA-105574,CLI-61567,2026-06-12 05:44:00,692052.66,CRC,deposito,sinpe,CA-001,Préstamo Personal
TXN-00008598,CTA-474948,CLI-61926,2026-06-28 23:01:00,2021587.92,CRC,comision,sucursal,HE-001,Préstamo Personal
TXN-00008599,CTA-484207,CLI-63302,2026-06-12 11:34:00,135921.72,CRC,comision,atm,LI-001,Préstamo Hipotecario
TXN-00008600,CTA-997589,CLI-66293,2026-06-08 15:24:00,418248.55,CRC,comision,app_movil,PU-001,Cuenta Ahorro
TXN-00008601,CTA-647708,CLI-98501,2026-06-13 14:02:00,3143533.42,CRC,deposito,sucursal,CA-001,Tarjeta Crédito
TXN-00008602,CTA-510966,CLI-32180,2026-06-26 12:05:00,927836.78,CRC,deposito,sinpe,SJ-001,Préstamo Personal
TXN-00008603,CTA-414287,CLI-48936,2026-06-13 07:05:00,2179691.44,CRC,deposito,atm,LI-002,Cuenta Ahorro
TXN-00008604,CTA-826586,CLI-98774,2026-06-13 02:55:00,1443820.86,CRC,pago,atm,SJ-002,Préstamo Personal
TXN-00008605,CTA-514328,CLI-17183,2026-06-08 01:16:00,352597.62,CRC,transferencia,web,PU-001,Tarjeta Crédito
TXN-00008606,CTA-128384,CLI-67499,2026-06-12 04:59:00,4393448.08,CRC,retiro,atm,SJ-001,Préstamo Personal
TXN-00008607,CTA-110716,CLI-56784,2026-06-18 21:41:00,4859020.96,CRC,retiro,app_movil,PU-001,Cuenta Ahorro
TXN-00008608,CTA-319960,CLI-70582,2026-06-29 01:37:00,3783580.42,CRC,transferencia,web,LI-002,Préstamo Personal
TXN-00008609,CTA-863202,CLI-73112,2026-06-18 06:52:00,2465333.76,CRC,retiro,atm,CA-001,Cuenta Ahorro
TXN-00008610,CTA-427045,CLI-19453,2026-06-12 16:38:00,2413931.38,CRC,retiro,sinpe,AL-001,Préstamo Personal
TXN-00008611,CTA-923106,CLI-23891,2026-06-30 03:31:00,3852146.29,CRC,retiro,sinpe,PU-001,Cuenta Ahorro
TXN-00008612,CTA-975071,CLI-86444,2026-06-20 10:01:00,798155.04,CRC,comision,sinpe,SJ-002,Préstamo Personal
TXN-00008613,CTA-971498,CLI-76192,2026-06-21 09:39:00,3293949.07,CRC,deposito,sinpe,HE-001,Tarjeta Crédito
TXN-00008614,CTA-227693,CLI-33266,2026-06-02 16:36:00,3534416.91,CRC,pago,atm,PU-001,Préstamo Personal
TXN-00008615,CTA-138605,CLI-83272,2026-06-05 02:35:00,1472195.29,CRC,pago,web,SJ-001,Cuenta Ahorro
TXN-00008616,CTA-511835,CLI-75970,2026-06-07 12:24:00,3956100.72,CRC,transferencia,sinpe,LI-001,Cuenta Corriente
TXN-00008617,CTA-389305,CLI-70312,2026-06-02 08:59:00,4254139.82,CRC,deposito,web,PU-001,Tarjeta Crédito
TXN-00008618,CTA-893378,CLI-80184,2026-06-18 19:46:00,3145013.14,CRC,pago,atm,CA-001,Cuenta Corriente
TXN-00008619,CTA-216231,CLI-56508,2026-06-09 07:11:00,1682096.11,CRC,retiro,sinpe,SJ-001,Cuenta Corriente
TXN-00008620,CTA-413927,CLI-70892,2026-06-23 00:06:00,4402326.2,CRC,pago,app_movil,PU-001,Cuenta Corriente
TXN-00008621,CTA-117339,CLI-29786,2026-06-20 03:06:00,4994396.91,CRC,retiro,sucursal,PU-001,Préstamo Personal
TXN-00008622,CTA-519457,CLI-58650,2026-06-06 17:05:00,4961481.65,CRC,retiro,sinpe,LI-002,Cuenta Corriente
TXN-00008623,CTA-447133,CLI-60740,2026-06-10 11:39:00,2700730.42,CRC,retiro,sucursal,LI-002,Tarjeta Crédito
TXN-00008624,CTA-171163,CLI-31323,2026-06-14 09:48:00,1827744.39,CRC,comision,app_movil,CA-001,Tarjeta Crédito
TXN-00008625,CTA-678099,CLI-56402,2026-06-17 08:33:00,1096065.6,CRC,comision,atm,PU-001,Cuenta Ahorro
TXN-00008626,CTA-141000,CLI-17493,2026-06-14 04:53:00,1698371.91,CRC,transferencia,atm,SJ-001,Cuenta Corriente
TXN-00008627,CTA-901231,CLI-63402,2026-06-01 23:56:00,3213511.8,CRC,deposito,atm,PU-001,Préstamo Hipotecario
TXN-00008628,CTA-696396,CLI-30497,2026-06-24 08:53:00,2893738.13,CRC,transferencia,sucursal,SJ-001,Préstamo Hipotecario
TXN-00008629,CTA-652111,CLI-92051,2026-06-30 02:43:00,1685078.64,CRC,comision,sucursal,SJ-002,Cuenta Ahorro
TXN-00008630,CTA-158806,CLI-32093,2026-06-08 01:35:00,4132864.77,CRC,deposito,app_movil,LI-001,Préstamo Personal
TXN-00008631,CTA-796624,CLI-15679,2026-06-25 16:59:00,2012482.52,CRC,retiro,sinpe,PU-001,Préstamo Hipotecario
TXN-00008632,CTA-630465,CLI-89425,2026-06-09 06:43:00,1287282.78,CRC,pago,atm,SJ-002,Préstamo Personal
TXN-00008633,CTA-605652,CLI-82342,2026-06-30 21:44:00,4133282.74,CRC,deposito,atm,SJ-002,Tarjeta Crédito
TXN-00008634,CTA-942179,CLI-21366,2026-06-26 03:20:00,4831177.7,CRC,deposito,atm,CA-001,Cuenta Ahorro
TXN-00008635,CTA-496206,CLI-60937,2026-06-26 09:10:00,1113573.06,CRC,transferencia,atm,CA-001,Préstamo Hipotecario
TXN-00008636,CTA-395675,CLI-39977,2026-06-09 22:52:00,2332169.84,CRC,deposito,sucursal,HE-001,Tarjeta Crédito
TXN-00008637,CTA-588293,CLI-81729,2026-06-30 06:17:00,2151657.3,CRC,transferencia,atm,AL-001,Préstamo Personal
TXN-00008638,CTA-445075,CLI-55891,2026-06-20 18:18:00,545549.7,CRC,pago,sinpe,SJ-002,Cuenta Corriente
TXN-00008639,CTA-501488,CLI-50287,2026-06-19 14:48:00,2981675.0,CRC,deposito,atm,SJ-001,Préstamo Personal
TXN-00008640,CTA-537795,CLI-13599,2026-06-24 06:34:00,4246771.0,CRC,deposito,web,LI-002,Préstamo Hipotecario
TXN-00008641,CTA-998290,CLI-47259,2026-06-08 04:06:00,4266302.62,CRC,pago,sucursal,PU-001,Cuenta Corriente
TXN-00008642,CTA-854358,CLI-13733,2026-06-21 14:13:00,4604816.65,CRC,retiro,web,HE-001,Préstamo Hipotecario
TXN-00008643,CTA-620326,CLI-36517,2026-06-23 15:58:00,4724225.39,CRC,deposito,app_movil,AL-001,Préstamo Hipotecario
TXN-00008644,CTA-713083,CLI-49948,2026-06-28 22:52:00,3125114.98,CRC,pago,atm,PU-001,Cuenta Ahorro
TXN-00008645,CTA-489948,CLI-95510,2026-06-05 19:26:00,1461484.02,CRC,pago,atm,LI-002,Préstamo Hipotecario
TXN-00008646,CTA-679842,CLI-65537,2026-06-27 11:43:00,977455.6,CRC,comision,atm,HE-001,Tarjeta Crédito
TXN-00008647,CTA-647893,CLI-45865,2026-06-11 07:13:00,3339532.79,CRC,deposito,atm,SJ-001,Tarjeta Crédito
TXN-00008648,CTA-872269,CLI-69570,2026-06-22 05:16:00,4992736.26,CRC,retiro,sinpe,LI-001,Cuenta Corriente
TXN-00008649,CTA-706197,CLI-88069,2026-06-16 13:54:00,3585693.72,CRC,pago,sucursal,PU-001,Préstamo Hipotecario
TXN-00008650,CTA-187936,CLI-34655,2026-06-04 15:50:00,4648968.52,CRC,deposito,sucursal,LI-001,Cuenta Ahorro
TXN-00008651,CTA-522267,CLI-38261,2026-06-08 08:00:00,4363539.91,CRC,comision,app_movil,LI-002,Préstamo Personal
TXN-00008652,CTA-623610,CLI-37019,2026-06-29 17:59:00,3893206.04,CRC,comision,web,HE-001,Préstamo Personal
TXN-00008653,CTA-502005,CLI-58035,2026-06-24 19:43:00,3399256.52,CRC,comision,web,LI-002,Tarjeta Crédito
TXN-00008654,CTA-982013,CLI-20510,2026-06-23 17:36:00,2666556.87,CRC,pago,atm,SJ-002,Cuenta Ahorro
TXN-00008655,CTA-212949,CLI-93047,2026-06-13 02:46:00,2905150.89,CRC,comision,sinpe,SJ-001,Préstamo Personal
TXN-00008656,CTA-942419,CLI-73627,2026-06-29 16:55:00,568226.79,CRC,transferencia,web,LI-001,Cuenta Ahorro
TXN-00008657,CTA-152285,CLI-29970,2026-06-13 21:16:00,293221.28,CRC,deposito,app_movil,HE-001,Préstamo Hipotecario
TXN-00008658,CTA-291467,CLI-66793,2026-06-05 14:38:00,4067382.5,CRC,comision,web,PU-001,Préstamo Hipotecario
TXN-00008659,CTA-913317,CLI-69629,2026-06-20 02:24:00,813631.4,CRC,comision,sucursal,LI-002,Cuenta Ahorro
TXN-00008660,CTA-318077,CLI-74504,2026-06-08 23:15:00,1897025.12,CRC,retiro,app_movil,AL-001,Préstamo Hipotecario
TXN-00008661,CTA-540835,CLI-86229,2026-06-19 19:09:00,1523604.16,CRC,comision,app_movil,AL-001,Cuenta Ahorro
TXN-00008662,CTA-683357,CLI-90629,2026-06-03 02:24:00,2153220.03,CRC,pago,sucursal,SJ-001,Préstamo Personal
TXN-00008663,CTA-542490,CLI-86660,2026-06-21 20:59:00,4955924.71,CRC,deposito,atm,SJ-002,Préstamo Personal
TXN-00008664,CTA-966762,CLI-81175,2026-06-01 16:14:00,789246.28,CRC,retiro,sinpe,SJ-002,Tarjeta Crédito
TXN-00008665,CTA-920782,CLI-60051,2026-06-17 05:41:00,393855.38,CRC,transferencia,web,HE-001,Cuenta Corriente
TXN-00008666,CTA-101212,CLI-66560,2026-06-23 04:26:00,1756623.7,CRC,pago,atm,SJ-002,Cuenta Ahorro
TXN-00008667,CTA-152510,CLI-14136,2026-06-25 23:16:00,4523457.0,CRC,transferencia,atm,LI-001,Tarjeta Crédito
TXN-00008668,CTA-939306,CLI-53985,2026-06-22 08:45:00,2670301.38,CRC,comision,sucursal,PU-001,Cuenta Ahorro
TXN-00008669,CTA-154789,CLI-12416,2026-06-07 21:29:00,4328722.45,CRC,pago,atm,AL-001,Préstamo Hipotecario
TXN-00008670,CTA-220944,CLI-48915,2026-06-22 18:27:00,1529649.93,CRC,transferencia,sucursal,LI-002,Cuenta Corriente
TXN-00008671,CTA-399085,CLI-28864,2026-06-04 18:37:00,1055208.09,CRC,deposito,web,SJ-001,Préstamo Hipotecario
TXN-00008672,CTA-623840,CLI-13597,2026-06-22 06:19:00,339314.93,CRC,transferencia,web,AL-001,Préstamo Personal
TXN-00008673,CTA-128862,CLI-96762,2026-06-24 21:21:00,3210453.81,CRC,comision,app_movil,LI-002,Préstamo Personal
TXN-00008674,CTA-184484,CLI-66853,2026-06-28 18:56:00,709151.93,CRC,pago,app_movil,PU-001,Cuenta Ahorro
TXN-00008675,CTA-830300,CLI-54953,2026-06-11 16:54:00,1326875.81,CRC,comision,sucursal,SJ-001,Préstamo Personal
TXN-00008676,CTA-807107,CLI-92867,2026-06-17 14:27:00,3738994.75,CRC,deposito,web,SJ-001,Préstamo Personal
TXN-00008677,CTA-542417,CLI-63439,2026-06-17 06:59:00,4158663.42,CRC,retiro,sucursal,SJ-002,Cuenta Ahorro
TXN-00008678,CTA-818124,CLI-13614,2026-06-02 18:04:00,4318348.03,CRC,retiro,app_movil,PU-001,Cuenta Ahorro
TXN-00008679,CTA-698595,CLI-59932,2026-06-01 22:50:00,123445.13,CRC,retiro,sinpe,LI-001,Préstamo Hipotecario
TXN-00008680,CTA-408970,CLI-79424,2026-06-12 20:14:00,2753664.8,CRC,comision,app_movil,LI-002,Tarjeta Crédito
TXN-00008681,CTA-889859,CLI-83206,2026-06-19 01:06:00,3786267.35,CRC,retiro,atm,SJ-001,Préstamo Personal
TXN-00008682,CTA-591170,CLI-84241,2026-06-14 17:51:00,4954422.06,CRC,transferencia,sucursal,SJ-001,Tarjeta Crédito
TXN-00008683,CTA-803207,CLI-71223,2026-06-15 04:24:00,3991155.3,CRC,transferencia,web,HE-001,Préstamo Personal
TXN-00008684,CTA-729569,CLI-62223,2026-06-18 13:04:00,4155829.4,CRC,retiro,app_movil,SJ-002,Cuenta Ahorro
TXN-00008685,CTA-289346,CLI-91337,2026-06-08 17:57:00,2918895.63,CRC,transferencia,app_movil,CA-001,Cuenta Corriente
TXN-00008686,CTA-186097,CLI-15224,2026-06-27 17:27:00,4050013.0,CRC,retiro,sucursal,LI-002,Cuenta Corriente
TXN-00008687,CTA-626680,CLI-10601,2026-06-18 20:14:00,4256328.24,CRC,comision,web,LI-001,Cuenta Ahorro
TXN-00008688,CTA-828259,CLI-53514,2026-06-18 05:24:00,3393643.94,CRC,deposito,app_movil,LI-002,Préstamo Hipotecario
TXN-00008689,CTA-164817,CLI-88997,2026-06-11 05:04:00,4649769.9,CRC,deposito,atm,CA-001,Tarjeta Crédito
TXN-00008690,CTA-592950,CLI-34461,2026-06-29 12:30:00,1973879.76,CRC,comision,app_movil,SJ-002,Préstamo Hipotecario
TXN-00008691,CTA-917467,CLI-14339,2026-06-12 01:30:00,1356076.38,CRC,deposito,sinpe,SJ-001,Tarjeta Crédito
TXN-00008692,CTA-267853,CLI-72669,2026-06-27 15:45:00,3859413.49,CRC,retiro,app_movil,SJ-001,Cuenta Corriente
TXN-00008693,CTA-468131,CLI-63887,2026-06-26 00:35:00,4386418.88,CRC,pago,sucursal,LI-002,Cuenta Ahorro
TXN-00008694,CTA-508498,CLI-53954,2026-06-13 11:56:00,783899.84,CRC,deposito,sucursal,SJ-002,Préstamo Hipotecario
TXN-00008695,CTA-809598,CLI-84314,2026-06-15 05:03:00,273998.63,CRC,transferencia,sinpe,SJ-002,Préstamo Hipotecario
TXN-00008696,CTA-377443,CLI-86719,2026-06-29 14:23:00,798891.27,CRC,retiro,atm,AL-001,Tarjeta Crédito
TXN-00008697,CTA-519395,CLI-66639,2026-06-12 23:59:00,3585519.31,CRC,deposito,atm,SJ-001,Préstamo Hipotecario
TXN-00008698,CTA-240799,CLI-16904,2026-06-29 15:38:00,3467430.31,CRC,comision,web,AL-001,Préstamo Personal
TXN-00008699,CTA-297259,CLI-83506,2026-06-13 15:02:00,330259.73,CRC,retiro,atm,PU-001,Tarjeta Crédito
TXN-00008700,CTA-285102,CLI-19747,2026-06-27 18:15:00,1473842.11,CRC,deposito,web,SJ-002,Cuenta Ahorro
TXN-00008701,CTA-163559,CLI-55097,2026-06-13 17:06:00,1887833.38,CRC,deposito,sinpe,LI-001,Cuenta Ahorro
TXN-00008702,CTA-219396,CLI-69229,2026-06-03 12:34:00,2762476.52,CRC,comision,app_movil,SJ-001,Préstamo Hipotecario
TXN-00008703,CTA-334839,CLI-77930,2026-06-23 12:02:00,999427.87,CRC,transferencia,web,SJ-002,Cuenta Ahorro
TXN-00008704,CTA-162394,CLI-56920,2026-06-07 19:21:00,775740.27,CRC,pago,app_movil,HE-001,Cuenta Ahorro
TXN-00008705,CTA-492213,CLI-86080,2026-06-20 14:33:00,2843989.29,CRC,retiro,atm,LI-001,Préstamo Personal
TXN-00008706,CTA-927832,CLI-72846,2026-06-02 04:06:00,3638980.82,CRC,comision,sucursal,LI-002,Préstamo Hipotecario
TXN-00008707,CTA-882124,CLI-85509,2026-06-01 02:00:00,3542294.17,CRC,comision,sinpe,HE-001,Cuenta Corriente
TXN-00008708,CTA-190094,CLI-95121,2026-06-04 03:55:00,717833.8,CRC,retiro,web,LI-002,Cuenta Corriente
TXN-00008709,CTA-501514,CLI-74115,2026-06-09 05:46:00,3620152.79,CRC,deposito,web,PU-001,Préstamo Personal
TXN-00008710,CTA-251990,CLI-48334,2026-06-09 05:34:00,268365.22,CRC,deposito,app_movil,LI-002,Cuenta Ahorro
TXN-00008711,CTA-660464,CLI-37063,2026-06-20 00:22:00,488532.02,CRC,deposito,sinpe,AL-001,Cuenta Ahorro
TXN-00008712,CTA-706810,CLI-21358,2026-06-09 11:51:00,3821377.22,CRC,transferencia,sucursal,SJ-001,Cuenta Corriente
TXN-00008713,CTA-972282,CLI-43450,2026-06-27 06:25:00,2680035.33,CRC,deposito,atm,CA-001,Cuenta Ahorro
TXN-00008714,CTA-641210,CLI-87869,2026-06-05 02:43:00,3534308.8,CRC,retiro,sucursal,SJ-002,Cuenta Corriente
TXN-00008715,CTA-716691,CLI-70640,2026-06-22 22:12:00,399287.01,CRC,retiro,sinpe,CA-001,Préstamo Hipotecario
TXN-00008716,CTA-654834,CLI-69038,2026-06-24 15:24:00,4082374.97,CRC,pago,app_movil,LI-002,Cuenta Ahorro
TXN-00008717,CTA-343698,CLI-76514,2026-06-02 20:36:00,704381.22,CRC,pago,web,HE-001,Préstamo Hipotecario
TXN-00008718,CTA-607655,CLI-98349,2026-06-02 00:34:00,71230.16,CRC,pago,sinpe,SJ-001,Préstamo Personal
TXN-00008719,CTA-578931,CLI-14514,2026-06-13 19:42:00,3590397.04,CRC,comision,web,AL-001,Préstamo Hipotecario
TXN-00008720,CTA-983029,CLI-86936,2026-06-17 18:13:00,1866113.97,CRC,comision,app_movil,AL-001,Cuenta Ahorro
TXN-00008721,CTA-171410,CLI-39594,2026-06-24 19:46:00,4257982.18,CRC,deposito,web,LI-001,Tarjeta Crédito
TXN-00008722,CTA-227346,CLI-86338,2026-06-12 09:21:00,4043433.94,CRC,transferencia,atm,LI-001,Tarjeta Crédito
TXN-00008723,CTA-367922,CLI-15432,2026-06-08 18:10:00,1026694.4,CRC,retiro,atm,CA-001,Préstamo Hipotecario
TXN-00008724,CTA-166652,CLI-11218,2026-06-30 16:47:00,3964524.25,CRC,comision,sinpe,LI-001,Préstamo Hipotecario
TXN-00008725,CTA-101462,CLI-78586,2026-06-07 22:16:00,2219182.05,CRC,pago,atm,SJ-002,Préstamo Hipotecario
TXN-00008726,CTA-731052,CLI-92706,2026-06-15 19:05:00,401887.57,CRC,comision,web,CA-001,Tarjeta Crédito
TXN-00008727,CTA-570355,CLI-99189,2026-06-19 01:30:00,2796012.97,CRC,retiro,atm,SJ-001,Tarjeta Crédito
TXN-00008728,CTA-446655,CLI-40956,2026-06-23 17:29:00,4866491.01,CRC,comision,sinpe,LI-002,Cuenta Corriente
TXN-00008729,CTA-486479,CLI-34887,2026-06-21 11:27:00,2685002.77,CRC,retiro,atm,PU-001,Préstamo Personal
TXN-00008730,CTA-851235,CLI-24676,2026-06-24 20:23:00,4038851.82,CRC,deposito,app_movil,SJ-002,Préstamo Personal
TXN-00008731,CTA-645482,CLI-84599,2026-06-07 21:05:00,4872532.64,CRC,pago,atm,SJ-002,Tarjeta Crédito
TXN-00008732,CTA-686989,CLI-21647,2026-06-20 04:17:00,450977.86,CRC,transferencia,app_movil,CA-001,Préstamo Personal
TXN-00008733,CTA-119809,CLI-74683,2026-06-14 01:59:00,3566773.08,CRC,deposito,atm,SJ-002,Tarjeta Crédito
TXN-00008734,CTA-495029,CLI-47827,2026-06-16 12:40:00,2996823.35,CRC,comision,sucursal,SJ-002,Cuenta Ahorro
TXN-00008735,CTA-546451,CLI-18546,2026-06-02 03:16:00,3473873.1,CRC,comision,app_movil,PU-001,Cuenta Corriente
TXN-00008736,CTA-407639,CLI-31489,2026-06-22 18:58:00,3909061.05,CRC,transferencia,sucursal,HE-001,Tarjeta Crédito
TXN-00008737,CTA-328599,CLI-18167,2026-06-19 14:51:00,597607.7,CRC,pago,atm,LI-002,Préstamo Personal
TXN-00008738,CTA-602578,CLI-56229,2026-06-10 01:06:00,3852184.23,CRC,retiro,atm,SJ-001,Préstamo Hipotecario
TXN-00008739,CTA-386509,CLI-37326,2026-06-30 18:15:00,810268.36,CRC,transferencia,sinpe,CA-001,Tarjeta Crédito
TXN-00008740,CTA-172541,CLI-63539,2026-06-06 03:55:00,954674.06,CRC,comision,atm,CA-001,Tarjeta Crédito
TXN-00008741,CTA-389259,CLI-64433,2026-06-09 22:29:00,1224250.72,CRC,comision,sucursal,AL-001,Tarjeta Crédito
TXN-00008742,CTA-620388,CLI-82303,2026-06-17 04:48:00,2092750.33,CRC,comision,sucursal,SJ-002,Préstamo Personal
TXN-00008743,CTA-897007,CLI-17017,2026-06-22 13:15:00,3983623.68,CRC,transferencia,sucursal,LI-002,Préstamo Hipotecario
TXN-00008744,CTA-675424,CLI-99002,2026-06-23 15:37:00,2510694.47,CRC,transferencia,sucursal,SJ-002,Préstamo Personal
TXN-00008745,CTA-546137,CLI-51463,2026-06-06 01:23:00,3622057.95,CRC,pago,atm,PU-001,Tarjeta Crédito
TXN-00008746,CTA-270213,CLI-78282,2026-06-17 08:32:00,3948877.0,CRC,transferencia,app_movil,CA-001,Cuenta Ahorro
TXN-00008747,CTA-726819,CLI-62617,2026-06-13 02:54:00,2163530.85,CRC,transferencia,atm,LI-002,Tarjeta Crédito
TXN-00008748,CTA-642905,CLI-87861,2026-06-14 22:28:00,2089692.54,CRC,comision,atm,SJ-001,Cuenta Ahorro
TXN-00008749,CTA-297995,CLI-62020,2026-06-16 11:26:00,808478.37,CRC,comision,sucursal,CA-001,Cuenta Corriente
TXN-00008750,CTA-779104,CLI-97629,2026-06-29 11:34:00,368135.62,CRC,comision,web,SJ-001,Cuenta Ahorro
TXN-00008751,CTA-862237,CLI-34784,2026-06-06 03:51:00,2839027.36,CRC,deposito,sucursal,CA-001,Cuenta Corriente
TXN-00008752,CTA-757586,CLI-94771,2026-06-02 07:52:00,4831502.0,CRC,transferencia,web,LI-001,Cuenta Ahorro
TXN-00008753,CTA-527813,CLI-16248,2026-06-10 05:40:00,3335448.89,CRC,deposito,sinpe,PU-001,Préstamo Personal
TXN-00008754,CTA-355759,CLI-66516,2026-06-04 04:18:00,4421413.49,CRC,transferencia,app_movil,SJ-002,Préstamo Personal
TXN-00008755,CTA-133632,CLI-57350,2026-06-27 23:18:00,4728840.39,CRC,deposito,sinpe,LI-001,Tarjeta Crédito
TXN-00008756,CTA-611499,CLI-41629,2026-06-03 02:41:00,3220725.46,CRC,transferencia,app_movil,HE-001,Cuenta Ahorro
TXN-00008757,CTA-971823,CLI-48440,2026-06-06 12:06:00,2936360.16,CRC,deposito,web,HE-001,Cuenta Ahorro
TXN-00008758,CTA-427948,CLI-56481,2026-06-09 07:23:00,4915639.0,CRC,pago,sucursal,AL-001,Cuenta Ahorro
TXN-00008759,CTA-795826,CLI-10641,2026-06-20 05:21:00,4127907.45,CRC,retiro,sucursal,PU-001,Tarjeta Crédito
TXN-00008760,CTA-701600,CLI-96195,2026-06-07 16:21:00,2489598.84,CRC,retiro,app_movil,SJ-002,Cuenta Corriente
TXN-00008761,CTA-701806,CLI-19096,2026-06-26 09:37:00,4789256.42,CRC,retiro,app_movil,AL-001,Tarjeta Crédito
TXN-00008762,CTA-190049,CLI-90010,2026-06-04 09:02:00,775999.03,CRC,deposito,atm,SJ-001,Préstamo Hipotecario
TXN-00008763,CTA-755550,CLI-85353,2026-06-04 23:37:00,2299300.55,CRC,pago,app_movil,HE-001,Tarjeta Crédito
TXN-00008764,CTA-327468,CLI-14614,2026-06-18 03:46:00,1216790.9,CRC,comision,atm,AL-001,Préstamo Personal
TXN-00008765,CTA-640278,CLI-79031,2026-06-27 05:54:00,2020475.58,CRC,transferencia,atm,LI-002,Cuenta Ahorro
TXN-00008766,CTA-968726,CLI-45889,2026-06-12 21:11:00,3993450.06,CRC,transferencia,sinpe,PU-001,Cuenta Ahorro
TXN-00008767,CTA-980284,CLI-36975,2026-06-28 18:49:00,1294202.76,CRC,pago,sucursal,LI-001,Cuenta Ahorro
TXN-00008768,CTA-863911,CLI-10903,2026-06-10 23:52:00,210132.52,CRC,transferencia,web,SJ-001,Cuenta Corriente
TXN-00008769,CTA-258940,CLI-40876,2026-06-18 08:18:00,4061273.17,CRC,transferencia,sucursal,PU-001,Tarjeta Crédito
TXN-00008770,CTA-231851,CLI-93023,2026-06-12 06:16:00,4908918.22,CRC,comision,app_movil,SJ-001,Préstamo Hipotecario
TXN-00008771,CTA-213886,CLI-21766,2026-06-14 02:42:00,3760349.7,CRC,retiro,sinpe,SJ-001,Tarjeta Crédito
TXN-00008772,CTA-857587,CLI-75887,2026-06-07 02:35:00,2441022.72,CRC,deposito,sinpe,SJ-001,Préstamo Personal
TXN-00008773,CTA-505189,CLI-55605,2026-06-30 21:10:00,489504.51,CRC,pago,web,HE-001,Cuenta Ahorro
TXN-00008774,CTA-762361,CLI-44172,2026-06-21 12:09:00,2468465.82,CRC,retiro,web,SJ-001,Cuenta Ahorro
TXN-00008775,CTA-347471,CLI-58986,2026-06-21 18:00:00,406289.68,CRC,retiro,atm,LI-001,Tarjeta Crédito
TXN-00008776,CTA-232142,CLI-29968,2026-06-12 22:59:00,3702656.13,CRC,comision,atm,PU-001,Préstamo Personal
TXN-00008777,CTA-741013,CLI-73826,2026-06-19 09:52:00,178856.05,CRC,transferencia,sinpe,PU-001,Cuenta Corriente
TXN-00008778,CTA-499088,CLI-24138,2026-06-27 04:39:00,3232535.16,CRC,comision,sucursal,SJ-002,Tarjeta Crédito
TXN-00008779,CTA-411991,CLI-22658,2026-06-26 06:04:00,1844593.51,CRC,comision,atm,SJ-002,Préstamo Hipotecario
TXN-00008780,CTA-634344,CLI-89355,2026-06-14 12:41:00,289430.99,CRC,pago,atm,SJ-001,Préstamo Personal
TXN-00008781,CTA-486870,CLI-45499,2026-06-01 08:30:00,1933776.42,CRC,transferencia,sinpe,HE-001,Tarjeta Crédito
TXN-00008782,CTA-478071,CLI-58308,2026-06-18 04:41:00,4787781.76,CRC,pago,app_movil,LI-002,Cuenta Ahorro
TXN-00008783,CTA-185880,CLI-52972,2026-06-12 04:36:00,87364.16,CRC,retiro,sucursal,HE-001,Préstamo Hipotecario
TXN-00008784,CTA-193857,CLI-56833,2026-06-02 04:43:00,127751.96,CRC,deposito,web,HE-001,Préstamo Personal
TXN-00008785,CTA-203015,CLI-29371,2026-06-08 12:13:00,854144.59,CRC,deposito,web,HE-001,Cuenta Ahorro
TXN-00008786,CTA-333280,CLI-43523,2026-06-09 10:34:00,2960902.33,CRC,retiro,sucursal,SJ-001,Cuenta Corriente
TXN-00008787,CTA-188740,CLI-98239,2026-06-24 13:35:00,1486285.58,CRC,comision,sinpe,AL-001,Tarjeta Crédito
TXN-00008788,CTA-597690,CLI-37656,2026-06-22 01:57:00,3637569.71,CRC,transferencia,app_movil,LI-002,Cuenta Ahorro
TXN-00008789,CTA-852363,CLI-69894,2026-06-21 07:02:00,1040412.42,CRC,retiro,atm,AL-001,Préstamo Personal
TXN-00008790,CTA-172031,CLI-75685,2026-06-05 12:44:00,1951582.62,CRC,pago,web,CA-001,Tarjeta Crédito
TXN-00008791,CTA-987445,CLI-87636,2026-06-27 07:11:00,2570527.7,CRC,transferencia,sucursal,LI-002,Tarjeta Crédito
TXN-00008792,CTA-358841,CLI-51730,2026-06-08 10:06:00,2668029.01,CRC,transferencia,sinpe,LI-001,Préstamo Hipotecario
TXN-00008793,CTA-210494,CLI-48209,2026-06-16 11:59:00,1575302.67,CRC,retiro,web,SJ-002,Cuenta Corriente
TXN-00008794,CTA-233331,CLI-47605,2026-06-14 03:35:00,2738469.85,CRC,retiro,app_movil,CA-001,Préstamo Hipotecario
TXN-00008795,CTA-524026,CLI-14270,2026-06-24 07:57:00,2792443.96,CRC,pago,atm,HE-001,Cuenta Corriente
TXN-00008796,CTA-480413,CLI-16528,2026-06-14 13:56:00,3690861.24,CRC,comision,web,HE-001,Préstamo Hipotecario
TXN-00008797,CTA-448083,CLI-73672,2026-06-09 17:49:00,3906209.17,CRC,comision,app_movil,CA-001,Cuenta Corriente
TXN-00008798,CTA-654886,CLI-81538,2026-06-15 20:30:00,4785712.61,CRC,deposito,web,LI-001,Cuenta Ahorro
TXN-00008799,CTA-448461,CLI-45592,2026-06-27 01:39:00,2603389.27,CRC,transferencia,app_movil,LI-001,Tarjeta Crédito
TXN-00008800,CTA-732351,CLI-60983,2026-06-30 08:52:00,4844960.18,CRC,transferencia,sucursal,AL-001,Préstamo Personal
TXN-00008801,CTA-860722,CLI-75845,2026-06-03 02:09:00,2371086.48,CRC,deposito,sinpe,HE-001,Préstamo Hipotecario
TXN-00008802,CTA-428038,CLI-17104,2026-06-17 02:46:00,2742350.67,CRC,transferencia,app_movil,PU-001,Préstamo Hipotecario
TXN-00008803,CTA-131625,CLI-33888,2026-06-11 19:03:00,1540563.57,CRC,pago,atm,HE-001,Tarjeta Crédito
TXN-00008804,CTA-230526,CLI-46166,2026-06-12 21:59:00,3383086.75,CRC,retiro,sinpe,LI-002,Tarjeta Crédito
TXN-00008805,CTA-548596,CLI-85475,2026-06-01 22:27:00,3148833.16,CRC,retiro,web,CA-001,Préstamo Hipotecario
TXN-00008806,CTA-207602,CLI-26151,2026-06-11 05:40:00,178483.75,CRC,deposito,atm,HE-001,Tarjeta Crédito
TXN-00008807,CTA-974332,CLI-92757,2026-06-14 13:35:00,3140663.76,CRC,transferencia,web,SJ-001,Cuenta Corriente
TXN-00008808,CTA-421255,CLI-93190,2026-06-18 23:01:00,938648.23,CRC,comision,sucursal,LI-001,Cuenta Corriente
TXN-00008809,CTA-558250,CLI-35866,2026-06-29 05:27:00,2054637.89,CRC,transferencia,sinpe,PU-001,Cuenta Corriente
TXN-00008810,CTA-491946,CLI-52367,2026-06-19 21:34:00,4330056.96,CRC,pago,web,PU-001,Cuenta Ahorro
TXN-00008811,CTA-452771,CLI-93575,2026-06-27 04:02:00,1305469.17,CRC,transferencia,sucursal,SJ-001,Préstamo Personal
TXN-00008812,CTA-729715,CLI-92169,2026-06-09 11:20:00,965527.53,CRC,retiro,app_movil,CA-001,Cuenta Ahorro
TXN-00008813,CTA-223252,CLI-99385,2026-06-04 09:16:00,2777016.35,CRC,deposito,sucursal,SJ-001,Préstamo Hipotecario
TXN-00008814,CTA-862055,CLI-81843,2026-06-23 06:13:00,956625.56,CRC,deposito,app_movil,LI-002,Préstamo Personal
TXN-00008815,CTA-824893,CLI-62814,2026-06-23 17:33:00,4294468.65,CRC,comision,web,SJ-002,Cuenta Corriente
TXN-00008816,CTA-634080,CLI-96612,2026-06-19 22:43:00,4707298.29,CRC,comision,atm,PU-001,Cuenta Ahorro
TXN-00008817,CTA-134056,CLI-88303,2026-06-09 22:21:00,2168274.67,CRC,comision,sucursal,SJ-002,Cuenta Ahorro
TXN-00008818,CTA-614200,CLI-28385,2026-06-25 05:32:00,3319501.54,CRC,transferencia,sinpe,SJ-002,Cuenta Corriente
TXN-00008819,CTA-419694,CLI-36114,2026-06-05 22:03:00,273272.39,CRC,comision,sucursal,HE-001,Tarjeta Crédito
TXN-00008820,CTA-357133,CLI-77535,2026-06-18 03:21:00,2392790.46,CRC,transferencia,sucursal,HE-001,Préstamo Hipotecario
TXN-00008821,CTA-286579,CLI-58171,2026-06-15 09:46:00,4286951.4,CRC,comision,app_movil,CA-001,Cuenta Corriente
TXN-00008822,CTA-486629,CLI-78315,2026-06-16 07:16:00,3331097.46,CRC,transferencia,sinpe,CA-001,Préstamo Personal
TXN-00008823,CTA-291355,CLI-39443,2026-06-07 22:53:00,177335.21,CRC,deposito,sucursal,SJ-001,Cuenta Corriente
TXN-00008824,CTA-661959,CLI-62251,2026-06-06 01:57:00,1898748.16,CRC,deposito,app_movil,AL-001,Préstamo Personal
TXN-00008825,CTA-481890,CLI-57640,2026-06-11 10:15:00,1617099.98,CRC,transferencia,app_movil,LI-001,Tarjeta Crédito
TXN-00008826,CTA-589133,CLI-98663,2026-06-05 07:56:00,4127401.13,CRC,pago,app_movil,SJ-002,Tarjeta Crédito
TXN-00008827,CTA-245280,CLI-48777,2026-06-08 05:54:00,3956893.63,CRC,transferencia,sucursal,PU-001,Préstamo Personal
TXN-00008828,CTA-103251,CLI-43709,2026-06-23 12:05:00,3811146.34,CRC,deposito,app_movil,LI-002,Cuenta Corriente
TXN-00008829,CTA-287355,CLI-94441,2026-06-23 19:31:00,267737.95,CRC,pago,atm,SJ-001,Préstamo Hipotecario
TXN-00008830,CTA-788261,CLI-87204,2026-06-05 16:36:00,4635337.87,CRC,pago,atm,CA-001,Préstamo Hipotecario
TXN-00008831,CTA-378829,CLI-28305,2026-06-27 23:19:00,4719876.3,CRC,transferencia,sucursal,LI-001,Préstamo Personal
TXN-00008832,CTA-612056,CLI-86569,2026-06-16 10:02:00,452038.65,CRC,deposito,app_movil,CA-001,Tarjeta Crédito
TXN-00008833,CTA-475518,CLI-63750,2026-06-11 12:11:00,875371.97,CRC,transferencia,web,LI-002,Cuenta Ahorro
TXN-00008834,CTA-369845,CLI-35099,2026-06-10 11:35:00,990351.25,CRC,transferencia,sinpe,LI-002,Préstamo Hipotecario
TXN-00008835,CTA-126444,CLI-14060,2026-06-28 15:58:00,3088622.49,CRC,deposito,sucursal,SJ-002,Tarjeta Crédito
TXN-00008836,CTA-175773,CLI-27373,2026-06-09 01:17:00,4568706.22,CRC,pago,web,SJ-001,Préstamo Personal
TXN-00008837,CTA-239303,CLI-58921,2026-06-02 06:40:00,4807598.09,CRC,comision,atm,PU-001,Préstamo Personal
TXN-00008838,CTA-216581,CLI-22732,2026-06-25 18:14:00,1479931.63,CRC,retiro,sinpe,LI-002,Tarjeta Crédito
TXN-00008839,CTA-607578,CLI-32992,2026-06-23 19:31:00,874066.78,CRC,pago,atm,HE-001,Cuenta Ahorro
TXN-00008840,CTA-877626,CLI-47649,2026-06-04 12:57:00,275780.81,CRC,pago,sinpe,HE-001,Préstamo Hipotecario
TXN-00008841,CTA-216094,CLI-67234,2026-06-04 22:12:00,2163284.24,CRC,deposito,web,CA-001,Préstamo Hipotecario
TXN-00008842,CTA-502479,CLI-40870,2026-06-14 09:46:00,3164528.99,CRC,comision,sucursal,SJ-002,Préstamo Personal
TXN-00008843,CTA-467424,CLI-94584,2026-06-28 01:17:00,433946.29,CRC,transferencia,app_movil,HE-001,Préstamo Hipotecario
TXN-00008844,CTA-321257,CLI-35651,2026-06-22 04:33:00,4367552.06,CRC,deposito,sinpe,CA-001,Préstamo Hipotecario
TXN-00008845,CTA-638933,CLI-31170,2026-06-22 16:34:00,1109744.75,CRC,transferencia,sucursal,SJ-001,Préstamo Hipotecario
TXN-00008846,CTA-620320,CLI-17798,2026-06-25 21:04:00,3747504.57,CRC,transferencia,sinpe,LI-001,Préstamo Personal
TXN-00008847,CTA-420680,CLI-61102,2026-06-29 12:50:00,1389180.93,CRC,retiro,atm,CA-001,Préstamo Personal
TXN-00008848,CTA-554590,CLI-54335,2026-06-12 20:57:00,1288213.62,CRC,comision,app_movil,LI-002,Cuenta Ahorro
TXN-00008849,CTA-915526,CLI-58802,2026-06-05 11:41:00,73303.56,CRC,retiro,sucursal,SJ-002,Cuenta Corriente
TXN-00008850,CTA-892250,CLI-86662,2026-06-29 10:41:00,1756243.15,CRC,transferencia,sinpe,SJ-002,Préstamo Hipotecario
TXN-00008851,CTA-936585,CLI-83517,2026-06-04 06:55:00,977847.93,CRC,comision,web,AL-001,Préstamo Personal
TXN-00008852,CTA-348690,CLI-58685,2026-06-02 12:08:00,1161752.85,CRC,deposito,app_movil,AL-001,Cuenta Ahorro
TXN-00008853,CTA-281043,CLI-52295,2026-06-30 21:10:00,3551854.73,CRC,transferencia,sinpe,LI-001,Tarjeta Crédito
TXN-00008854,CTA-183852,CLI-71557,2026-06-17 10:57:00,97337.57,CRC,pago,sinpe,LI-002,Cuenta Corriente
TXN-00008855,CTA-785376,CLI-38127,2026-06-03 13:05:00,4969075.28,CRC,retiro,atm,SJ-002,Préstamo Personal
TXN-00008856,CTA-635945,CLI-22965,2026-06-03 10:49:00,940916.96,CRC,transferencia,app_movil,LI-002,Tarjeta Crédito
TXN-00008857,CTA-559518,CLI-46136,2026-06-09 05:09:00,2195252.08,CRC,transferencia,atm,CA-001,Tarjeta Crédito
TXN-00008858,CTA-563042,CLI-40382,2026-06-30 14:07:00,4994048.81,CRC,retiro,app_movil,SJ-002,Cuenta Corriente
TXN-00008859,CTA-374964,CLI-76554,2026-06-19 11:58:00,3489746.52,CRC,pago,web,LI-001,Tarjeta Crédito
TXN-00008860,CTA-489613,CLI-83850,2026-06-21 10:06:00,4792084.85,CRC,deposito,web,SJ-002,Préstamo Personal
TXN-00008861,CTA-197475,CLI-67481,2026-06-17 01:44:00,3180300.52,CRC,retiro,sinpe,LI-001,Préstamo Personal
TXN-00008862,CTA-327202,CLI-66907,2026-06-12 09:40:00,383624.72,CRC,deposito,app_movil,AL-001,Préstamo Personal
TXN-00008863,CTA-981678,CLI-30990,2026-06-05 05:37:00,4691549.53,CRC,retiro,sucursal,HE-001,Préstamo Hipotecario
TXN-00008864,CTA-203609,CLI-83955,2026-06-13 22:13:00,1002990.75,CRC,pago,atm,LI-001,Cuenta Corriente
TXN-00008865,CTA-967236,CLI-22908,2026-06-18 11:54:00,3963001.51,CRC,comision,app_movil,HE-001,Tarjeta Crédito
TXN-00008866,CTA-440945,CLI-39457,2026-06-13 04:49:00,140469.53,CRC,comision,app_movil,SJ-001,Préstamo Hipotecario
TXN-00008867,CTA-588842,CLI-90722,2026-06-13 10:25:00,96022.79,CRC,pago,app_movil,AL-001,Préstamo Hipotecario
TXN-00008868,CTA-745472,CLI-70691,2026-06-27 21:44:00,4302747.5,CRC,comision,sinpe,SJ-001,Préstamo Hipotecario
TXN-00008869,CTA-829208,CLI-20454,2026-06-20 09:15:00,3692518.49,CRC,retiro,app_movil,LI-001,Cuenta Corriente
TXN-00008870,CTA-987513,CLI-96971,2026-06-26 07:17:00,111162.7,CRC,comision,web,LI-002,Préstamo Hipotecario
TXN-00008871,CTA-373599,CLI-86618,2026-06-04 11:33:00,2238849.13,CRC,deposito,web,LI-001,Préstamo Personal
TXN-00008872,CTA-554634,CLI-71881,2026-06-04 01:33:00,4406324.75,CRC,deposito,sinpe,PU-001,Préstamo Hipotecario
TXN-00008873,CTA-970481,CLI-81673,2026-06-20 13:51:00,2461816.05,CRC,comision,atm,PU-001,Cuenta Corriente
TXN-00008874,CTA-683712,CLI-58191,2026-06-20 08:42:00,116578.61,CRC,retiro,sinpe,AL-001,Tarjeta Crédito
TXN-00008875,CTA-169192,CLI-54193,2026-06-22 07:17:00,4041778.13,CRC,transferencia,app_movil,HE-001,Tarjeta Crédito
TXN-00008876,CTA-713583,CLI-83080,2026-06-01 19:47:00,2571461.0,CRC,transferencia,app_movil,PU-001,Cuenta Corriente
TXN-00008877,CTA-811362,CLI-74248,2026-06-25 17:20:00,403314.25,CRC,comision,web,SJ-002,Cuenta Ahorro
TXN-00008878,CTA-435945,CLI-25300,2026-06-13 08:55:00,2797920.53,CRC,transferencia,sinpe,SJ-001,Préstamo Personal
TXN-00008879,CTA-790856,CLI-23124,2026-06-19 17:16:00,1873162.72,CRC,pago,sinpe,LI-002,Tarjeta Crédito
TXN-00008880,CTA-198418,CLI-36319,2026-06-14 05:13:00,703835.14,CRC,transferencia,sucursal,SJ-001,Préstamo Personal
TXN-00008881,CTA-916978,CLI-97951,2026-06-26 11:52:00,3065546.05,CRC,pago,sinpe,CA-001,Préstamo Hipotecario
TXN-00008882,CTA-330546,CLI-93241,2026-06-16 15:50:00,476350.9,CRC,comision,atm,LI-002,Préstamo Personal
TXN-00008883,CTA-673584,CLI-48309,2026-06-01 23:55:00,532516.01,CRC,transferencia,app_movil,SJ-001,Cuenta Ahorro
TXN-00008884,CTA-165030,CLI-32825,2026-06-08 15:53:00,4422754.69,CRC,retiro,sinpe,HE-001,Préstamo Personal
TXN-00008885,CTA-663348,CLI-25111,2026-06-25 09:29:00,222158.29,CRC,transferencia,web,CA-001,Préstamo Personal
TXN-00008886,CTA-515370,CLI-34113,2026-06-03 08:04:00,14072.77,CRC,pago,sucursal,HE-001,Préstamo Hipotecario
TXN-00008887,CTA-695420,CLI-56786,2026-06-08 07:16:00,1748364.47,CRC,retiro,web,AL-001,Préstamo Personal
TXN-00008888,CTA-859449,CLI-84108,2026-06-08 15:39:00,4286615.13,CRC,comision,atm,SJ-002,Cuenta Ahorro
TXN-00008889,CTA-940887,CLI-27800,2026-06-09 05:58:00,647949.46,CRC,deposito,web,LI-002,Préstamo Personal
TXN-00008890,CTA-710187,CLI-94869,2026-06-22 01:43:00,4850841.81,CRC,deposito,atm,LI-001,Préstamo Hipotecario
TXN-00008891,CTA-352188,CLI-69875,2026-06-23 15:41:00,4816271.68,CRC,transferencia,sucursal,CA-001,Préstamo Personal
TXN-00008892,CTA-966144,CLI-17963,2026-06-12 14:59:00,4913735.09,CRC,comision,sinpe,LI-001,Cuenta Ahorro
TXN-00008893,CTA-245486,CLI-83881,2026-06-01 04:21:00,2804059.63,CRC,transferencia,sinpe,PU-001,Cuenta Corriente
TXN-00008894,CTA-707056,CLI-65016,2026-06-21 02:55:00,1392054.29,CRC,pago,sucursal,SJ-001,Préstamo Hipotecario
TXN-00008895,CTA-750227,CLI-21051,2026-06-14 14:06:00,2230279.5,CRC,comision,app_movil,AL-001,Préstamo Personal
TXN-00008896,CTA-648434,CLI-13839,2026-06-10 15:48:00,3469213.75,CRC,deposito,atm,LI-002,Préstamo Personal
TXN-00008897,CTA-864665,CLI-79553,2026-06-07 15:38:00,833837.58,CRC,comision,sinpe,SJ-001,Cuenta Ahorro
TXN-00008898,CTA-935312,CLI-73990,2026-06-10 17:16:00,2812948.75,CRC,deposito,sinpe,LI-002,Préstamo Personal
TXN-00008899,CTA-431355,CLI-97498,2026-06-22 16:01:00,4308308.23,CRC,retiro,atm,SJ-001,Cuenta Ahorro
TXN-00008900,CTA-146587,CLI-26558,2026-06-13 04:09:00,1244330.12,CRC,comision,sinpe,HE-001,Cuenta Ahorro
TXN-00008901,CTA-325233,CLI-62948,2026-06-07 11:50:00,109202.95,CRC,pago,atm,SJ-002,Cuenta Corriente
TXN-00008902,CTA-457224,CLI-97363,2026-06-02 14:48:00,4994964.74,CRC,transferencia,sucursal,AL-001,Préstamo Personal
TXN-00008903,CTA-639048,CLI-25984,2026-06-02 02:09:00,540195.77,CRC,comision,app_movil,CA-001,Cuenta Ahorro
TXN-00008904,CTA-579121,CLI-23715,2026-06-13 16:15:00,147649.61,CRC,transferencia,sinpe,CA-001,Préstamo Hipotecario
TXN-00008905,CTA-446584,CLI-50263,2026-06-30 05:26:00,4406516.44,CRC,transferencia,app_movil,CA-001,Préstamo Hipotecario
TXN-00008906,CTA-818848,CLI-88519,2026-06-07 00:12:00,3185094.97,CRC,comision,web,LI-002,Préstamo Hipotecario
TXN-00008907,CTA-617186,CLI-46718,2026-06-17 18:47:00,2974972.27,CRC,comision,sinpe,SJ-002,Tarjeta Crédito
TXN-00008908,CTA-263837,CLI-32377,2026-06-19 22:42:00,1292118.43,CRC,retiro,sucursal,LI-002,Préstamo Hipotecario
TXN-00008909,CTA-450953,CLI-11090,2026-06-19 03:22:00,826248.45,CRC,transferencia,web,HE-001,Tarjeta Crédito
TXN-00008910,CTA-984307,CLI-73622,2026-06-22 00:21:00,4658398.59,CRC,transferencia,sucursal,SJ-002,Préstamo Personal
TXN-00008911,CTA-527026,CLI-67078,2026-06-17 11:12:00,4572991.51,CRC,deposito,sucursal,HE-001,Tarjeta Crédito
TXN-00008912,CTA-553992,CLI-97611,2026-06-16 16:47:00,417976.21,CRC,deposito,app_movil,SJ-001,Cuenta Ahorro
TXN-00008913,CTA-220265,CLI-82687,2026-06-29 23:34:00,3519573.53,CRC,deposito,app_movil,HE-001,Préstamo Personal
TXN-00008914,CTA-876103,CLI-23267,2026-06-03 09:38:00,1986724.95,CRC,deposito,sinpe,LI-002,Préstamo Personal
TXN-00008915,CTA-289948,CLI-22105,2026-06-28 18:44:00,2044108.44,CRC,pago,sinpe,AL-001,Tarjeta Crédito
TXN-00008916,CTA-264074,CLI-16180,2026-06-22 08:14:00,3655997.89,CRC,pago,sucursal,AL-001,Cuenta Corriente
TXN-00008917,CTA-720215,CLI-27142,2026-06-15 04:47:00,4026630.7,CRC,transferencia,atm,SJ-002,Cuenta Ahorro
TXN-00008918,CTA-411530,CLI-10553,2026-06-09 06:48:00,3735458.71,CRC,transferencia,web,LI-001,Préstamo Hipotecario
TXN-00008919,CTA-701078,CLI-61618,2026-06-18 18:36:00,741204.5,CRC,deposito,web,HE-001,Cuenta Ahorro
TXN-00008920,CTA-244186,CLI-74497,2026-06-13 14:38:00,4537311.32,CRC,retiro,app_movil,LI-002,Préstamo Hipotecario
TXN-00008921,CTA-149893,CLI-50461,2026-06-26 06:52:00,186368.7,CRC,transferencia,web,LI-002,Cuenta Ahorro
TXN-00008922,CTA-402011,CLI-56379,2026-06-01 18:55:00,2215123.34,CRC,pago,app_movil,CA-001,Préstamo Hipotecario
TXN-00008923,CTA-812771,CLI-72505,2026-06-29 10:15:00,3335302.16,CRC,retiro,atm,SJ-002,Cuenta Ahorro
TXN-00008924,CTA-195955,CLI-23010,2026-06-29 12:47:00,1271987.77,CRC,transferencia,app_movil,SJ-002,Préstamo Personal
TXN-00008925,CTA-557973,CLI-96973,2026-06-30 20:39:00,4317408.04,CRC,pago,atm,SJ-002,Préstamo Hipotecario
TXN-00008926,CTA-300968,CLI-77844,2026-06-07 00:02:00,2473580.11,CRC,retiro,sinpe,SJ-001,Tarjeta Crédito
TXN-00008927,CTA-882966,CLI-38862,2026-06-08 20:54:00,573529.68,CRC,transferencia,sucursal,LI-002,Tarjeta Crédito
TXN-00008928,CTA-411760,CLI-97225,2026-06-23 06:37:00,2081014.07,CRC,comision,sucursal,SJ-001,Cuenta Ahorro
TXN-00008929,CTA-937152,CLI-22748,2026-06-06 19:36:00,3476420.71,CRC,pago,atm,LI-001,Cuenta Corriente
TXN-00008930,CTA-840105,CLI-84892,2026-06-02 06:53:00,4251513.81,CRC,transferencia,sucursal,HE-001,Tarjeta Crédito
TXN-00008931,CTA-394484,CLI-57676,2026-06-06 08:00:00,1111243.68,CRC,pago,atm,HE-001,Préstamo Personal
TXN-00008932,CTA-183360,CLI-75615,2026-06-18 22:59:00,3017982.34,CRC,deposito,app_movil,CA-001,Cuenta Ahorro
TXN-00008933,CTA-471057,CLI-74760,2026-06-03 00:46:00,1037535.96,CRC,transferencia,sinpe,PU-001,Préstamo Hipotecario
TXN-00008934,CTA-430768,CLI-63052,2026-06-22 17:16:00,2988491.46,CRC,pago,atm,HE-001,Préstamo Personal
TXN-00008935,CTA-620129,CLI-59431,2026-06-13 18:10:00,3299941.43,CRC,pago,web,PU-001,Tarjeta Crédito
TXN-00008936,CTA-836749,CLI-76900,2026-06-27 04:04:00,1099483.94,CRC,deposito,web,SJ-002,Préstamo Hipotecario
TXN-00008937,CTA-416414,CLI-28587,2026-06-13 16:00:00,1063315.25,CRC,retiro,app_movil,SJ-001,Préstamo Personal
TXN-00008938,CTA-242395,CLI-99075,2026-06-12 15:27:00,998809.38,CRC,transferencia,atm,LI-001,Cuenta Ahorro
TXN-00008939,CTA-113839,CLI-12139,2026-06-06 11:03:00,1996143.21,CRC,transferencia,sinpe,HE-001,Préstamo Hipotecario
TXN-00008940,CTA-144986,CLI-16917,2026-06-09 17:19:00,4721763.9,CRC,transferencia,sinpe,LI-001,Cuenta Corriente
TXN-00008941,CTA-179217,CLI-48381,2026-06-29 03:11:00,2112919.66,CRC,pago,sinpe,CA-001,Cuenta Corriente
TXN-00008942,CTA-337921,CLI-73081,2026-06-15 16:27:00,2685112.93,CRC,pago,atm,SJ-002,Cuenta Ahorro
TXN-00008943,CTA-134776,CLI-14766,2026-06-29 04:35:00,2883709.81,CRC,transferencia,web,LI-002,Préstamo Hipotecario
TXN-00008944,CTA-669296,CLI-16480,2026-06-10 20:37:00,457099.36,CRC,pago,atm,HE-001,Cuenta Corriente
TXN-00008945,CTA-321946,CLI-52394,2026-06-27 20:51:00,295517.32,CRC,transferencia,atm,LI-001,Cuenta Corriente
TXN-00008946,CTA-139181,CLI-26487,2026-06-10 12:48:00,4885599.3,CRC,comision,atm,PU-001,Cuenta Ahorro
TXN-00008947,CTA-688186,CLI-53595,2026-06-07 19:02:00,3326677.05,CRC,comision,atm,SJ-001,Cuenta Corriente
TXN-00008948,CTA-894075,CLI-22686,2026-06-09 16:50:00,725382.66,CRC,transferencia,atm,SJ-002,Préstamo Hipotecario
TXN-00008949,CTA-281254,CLI-45126,2026-06-17 05:42:00,2852997.17,CRC,deposito,sinpe,LI-001,Préstamo Personal
TXN-00008950,CTA-438326,CLI-38405,2026-06-06 01:28:00,1957718.65,CRC,pago,app_movil,PU-001,Cuenta Corriente
TXN-00008951,CTA-593244,CLI-10037,2026-06-25 20:14:00,546764.64,CRC,retiro,sucursal,SJ-002,Préstamo Hipotecario
TXN-00008952,CTA-472386,CLI-36357,2026-06-03 00:18:00,756608.91,CRC,comision,sucursal,CA-001,Préstamo Personal
TXN-00008953,CTA-966662,CLI-91569,2026-06-04 05:20:00,1338309.66,CRC,deposito,web,HE-001,Préstamo Hipotecario
TXN-00008954,CTA-454346,CLI-19602,2026-06-08 02:27:00,3271971.55,CRC,transferencia,sinpe,SJ-002,Cuenta Corriente
TXN-00008955,CTA-408545,CLI-63532,2026-06-03 21:01:00,4322058.91,CRC,comision,web,SJ-002,Cuenta Ahorro
TXN-00008956,CTA-345936,CLI-72680,2026-06-18 06:23:00,591963.41,CRC,deposito,sucursal,SJ-002,Cuenta Corriente
TXN-00008957,CTA-901116,CLI-43741,2026-06-18 01:28:00,2725757.1,CRC,transferencia,app_movil,CA-001,Cuenta Ahorro
TXN-00008958,CTA-727934,CLI-62071,2026-06-17 11:58:00,3135704.79,CRC,pago,sucursal,LI-001,Cuenta Corriente
TXN-00008959,CTA-312762,CLI-19765,2026-06-10 01:10:00,759936.06,CRC,retiro,atm,SJ-002,Cuenta Ahorro
TXN-00008960,CTA-507083,CLI-26795,2026-06-12 14:41:00,1898490.34,CRC,comision,app_movil,PU-001,Cuenta Ahorro
TXN-00008961,CTA-338018,CLI-87656,2026-06-18 03:56:00,392267.96,CRC,transferencia,atm,AL-001,Cuenta Corriente
TXN-00008962,CTA-405599,CLI-64931,2026-06-18 11:27:00,385321.89,CRC,deposito,sucursal,SJ-001,Cuenta Corriente
TXN-00008963,CTA-395051,CLI-43788,2026-06-16 14:52:00,2980239.21,CRC,pago,atm,HE-001,Cuenta Ahorro
TXN-00008964,CTA-164652,CLI-13649,2026-06-29 04:12:00,2128874.63,CRC,pago,atm,CA-001,Préstamo Hipotecario
TXN-00008965,CTA-298027,CLI-58427,2026-06-05 23:04:00,4251747.3,CRC,retiro,sucursal,CA-001,Cuenta Ahorro
TXN-00008966,CTA-564625,CLI-55893,2026-06-20 12:10:00,315989.03,CRC,deposito,sinpe,HE-001,Cuenta Corriente
TXN-00008967,CTA-505297,CLI-58171,2026-06-01 03:30:00,3316294.68,CRC,comision,sucursal,LI-002,Tarjeta Crédito
TXN-00008968,CTA-350356,CLI-76357,2026-06-15 22:10:00,2553789.82,CRC,pago,sinpe,HE-001,Préstamo Personal
TXN-00008969,CTA-812819,CLI-54612,2026-06-05 00:21:00,994419.08,CRC,comision,web,AL-001,Préstamo Hipotecario
TXN-00008970,CTA-951452,CLI-36965,2026-06-01 02:19:00,23654.94,CRC,deposito,sinpe,LI-001,Cuenta Corriente
TXN-00008971,CTA-815911,CLI-98189,2026-06-22 21:38:00,2828542.46,CRC,comision,atm,AL-001,Préstamo Personal
TXN-00008972,CTA-563449,CLI-35398,2026-06-12 07:14:00,2130969.37,CRC,deposito,sucursal,PU-001,Préstamo Hipotecario
TXN-00008973,CTA-515788,CLI-42380,2026-06-19 09:42:00,3449556.05,CRC,retiro,sinpe,AL-001,Préstamo Hipotecario
TXN-00008974,CTA-124230,CLI-25458,2026-06-21 21:13:00,1539407.12,CRC,deposito,sucursal,LI-001,Cuenta Corriente
TXN-00008975,CTA-476005,CLI-89678,2026-06-14 01:51:00,4238658.96,CRC,retiro,sinpe,CA-001,Cuenta Ahorro
TXN-00008976,CTA-566549,CLI-32306,2026-06-26 22:37:00,806758.76,CRC,comision,sucursal,HE-001,Préstamo Hipotecario
TXN-00008977,CTA-536914,CLI-58228,2026-06-24 06:23:00,3842497.99,CRC,comision,web,SJ-002,Cuenta Corriente
TXN-00008978,CTA-789671,CLI-70903,2026-06-14 08:59:00,879094.82,CRC,transferencia,atm,SJ-001,Préstamo Personal
TXN-00008979,CTA-669339,CLI-20310,2026-06-22 03:40:00,1923611.6,CRC,retiro,sucursal,SJ-001,Tarjeta Crédito
TXN-00008980,CTA-717494,CLI-30350,2026-06-23 17:39:00,3089876.35,CRC,transferencia,atm,AL-001,Cuenta Ahorro
TXN-00008981,CTA-525657,CLI-81604,2026-06-11 13:10:00,3873188.45,CRC,comision,atm,LI-001,Cuenta Ahorro
TXN-00008982,CTA-333739,CLI-97347,2026-06-27 22:33:00,2953117.72,CRC,comision,web,CA-001,Cuenta Corriente
TXN-00008983,CTA-305871,CLI-81144,2026-06-18 20:11:00,4361002.17,CRC,retiro,sucursal,AL-001,Préstamo Hipotecario
TXN-00008984,CTA-593100,CLI-75836,2026-06-05 23:45:00,2926773.99,CRC,pago,atm,AL-001,Tarjeta Crédito
TXN-00008985,CTA-812898,CLI-11947,2026-06-12 16:05:00,2098722.49,CRC,retiro,app_movil,LI-001,Préstamo Hipotecario
TXN-00008986,CTA-291861,CLI-72235,2026-06-19 17:20:00,1803610.01,CRC,comision,sinpe,PU-001,Tarjeta Crédito
TXN-00008987,CTA-285160,CLI-89444,2026-06-24 11:51:00,4098849.13,CRC,pago,atm,SJ-002,Tarjeta Crédito
TXN-00008988,CTA-231004,CLI-84181,2026-06-13 22:52:00,2303569.83,CRC,transferencia,sinpe,AL-001,Cuenta Corriente
TXN-00008989,CTA-715886,CLI-44510,2026-06-29 20:33:00,3119007.51,CRC,deposito,sucursal,SJ-002,Préstamo Personal
TXN-00008990,CTA-593591,CLI-31074,2026-06-14 12:56:00,3396533.72,CRC,comision,app_movil,HE-001,Cuenta Corriente
TXN-00008991,CTA-145476,CLI-25237,2026-06-25 16:25:00,4314350.82,CRC,transferencia,web,HE-001,Cuenta Corriente
TXN-00008992,CTA-192304,CLI-99632,2026-06-26 07:56:00,4839661.54,CRC,comision,web,AL-001,Cuenta Corriente
TXN-00008993,CTA-997495,CLI-81569,2026-06-22 11:18:00,1765054.41,CRC,retiro,sinpe,AL-001,Tarjeta Crédito
TXN-00008994,CTA-222945,CLI-93771,2026-06-12 22:34:00,4763923.37,CRC,comision,app_movil,AL-001,Tarjeta Crédito
TXN-00008995,CTA-195962,CLI-33036,2026-06-17 10:24:00,3059490.21,CRC,comision,sinpe,LI-001,Préstamo Hipotecario
TXN-00008996,CTA-766885,CLI-98381,2026-06-17 22:56:00,806736.54,CRC,pago,atm,SJ-002,Tarjeta Crédito
TXN-00008997,CTA-886932,CLI-40036,2026-06-21 04:29:00,4789512.44,CRC,pago,atm,LI-001,Cuenta Corriente
TXN-00008998,CTA-592095,CLI-13093,2026-06-23 22:10:00,3918001.8,CRC,transferencia,web,CA-001,Cuenta Corriente
TXN-00008999,CTA-900760,CLI-26138,2026-06-08 11:10:00,4317065.24,CRC,retiro,atm,CA-001,Cuenta Corriente
TXN-00009000,CTA-243970,CLI-10968,2026-06-18 03:33:00,555706.57,CRC,retiro,atm,AL-001,Préstamo Hipotecario
TXN-00009001,CTA-747101,CLI-92527,2026-06-06 10:52:00,4866645.63,CRC,pago,sinpe,CA-001,Tarjeta Crédito
TXN-00009002,CTA-836256,CLI-44597,2026-06-04 18:37:00,3170316.34,CRC,transferencia,sucursal,PU-001,Tarjeta Crédito
TXN-00009003,CTA-693909,CLI-71066,2026-06-02 10:11:00,1811530.21,CRC,retiro,sucursal,LI-001,Tarjeta Crédito
TXN-00009004,CTA-695908,CLI-97374,2026-06-28 02:16:00,3950667.07,CRC,comision,sinpe,SJ-002,Préstamo Hipotecario
TXN-00009005,CTA-277733,CLI-88678,2026-06-15 07:22:00,783645.69,CRC,retiro,sinpe,LI-001,Préstamo Personal
TXN-00009006,CTA-761333,CLI-86714,2026-06-22 23:07:00,911030.55,CRC,comision,atm,SJ-001,Tarjeta Crédito
TXN-00009007,CTA-982955,CLI-47340,2026-06-26 12:00:00,4566381.71,CRC,retiro,sucursal,LI-001,Cuenta Corriente
TXN-00009008,CTA-626375,CLI-69267,2026-06-15 15:03:00,3643783.95,CRC,retiro,sinpe,HE-001,Cuenta Corriente
TXN-00009009,CTA-360538,CLI-95452,2026-06-09 10:57:00,2240214.22,CRC,transferencia,sucursal,PU-001,Préstamo Personal
TXN-00009010,CTA-253216,CLI-37013,2026-06-02 07:14:00,3732119.29,CRC,deposito,app_movil,PU-001,Cuenta Corriente
TXN-00009011,CTA-870446,CLI-56379,2026-06-21 01:04:00,3042474.03,CRC,transferencia,web,SJ-002,Préstamo Personal
TXN-00009012,CTA-492368,CLI-95082,2026-06-09 14:21:00,2977470.32,CRC,deposito,web,AL-001,Préstamo Personal
TXN-00009013,CTA-824277,CLI-65463,2026-06-06 17:54:00,4378144.13,CRC,pago,atm,SJ-002,Préstamo Hipotecario
TXN-00009014,CTA-956243,CLI-74406,2026-06-18 03:10:00,2484613.93,CRC,deposito,sucursal,CA-001,Cuenta Corriente
TXN-00009015,CTA-641604,CLI-66028,2026-06-10 16:12:00,1966472.59,CRC,deposito,sucursal,PU-001,Préstamo Personal
TXN-00009016,CTA-813907,CLI-69818,2026-06-29 12:15:00,4139212.2,CRC,transferencia,sinpe,LI-002,Tarjeta Crédito
TXN-00009017,CTA-902069,CLI-18749,2026-06-01 21:41:00,1132673.5,CRC,comision,sinpe,LI-001,Préstamo Personal
TXN-00009018,CTA-631457,CLI-77402,2026-06-16 02:37:00,913290.38,CRC,pago,web,LI-001,Cuenta Corriente
TXN-00009019,CTA-537582,CLI-17595,2026-06-21 07:16:00,2311241.71,CRC,deposito,sucursal,AL-001,Tarjeta Crédito
TXN-00009020,CTA-688121,CLI-83007,2026-06-05 02:10:00,3813010.54,CRC,retiro,sinpe,SJ-001,Préstamo Personal
TXN-00009021,CTA-599949,CLI-21326,2026-06-02 06:38:00,1865718.72,CRC,comision,sinpe,CA-001,Tarjeta Crédito
TXN-00009022,CTA-115827,CLI-12660,2026-06-26 17:57:00,1290743.06,CRC,comision,web,LI-002,Cuenta Corriente
TXN-00009023,CTA-370423,CLI-16600,2026-06-20 10:39:00,4743014.11,CRC,pago,app_movil,HE-001,Cuenta Ahorro
TXN-00009024,CTA-538321,CLI-23943,2026-06-15 13:54:00,3999279.7,CRC,deposito,atm,CA-001,Tarjeta Crédito
TXN-00009025,CTA-372861,CLI-92505,2026-06-29 11:42:00,912729.45,CRC,deposito,sucursal,LI-001,Préstamo Personal
TXN-00009026,CTA-479486,CLI-82412,2026-06-26 11:49:00,270106.48,CRC,deposito,app_movil,AL-001,Cuenta Ahorro
TXN-00009027,CTA-299828,CLI-24581,2026-06-02 08:51:00,2972970.94,CRC,deposito,web,CA-001,Préstamo Hipotecario
TXN-00009028,CTA-233605,CLI-29252,2026-06-15 17:06:00,1762475.13,CRC,retiro,atm,SJ-002,Tarjeta Crédito
TXN-00009029,CTA-936357,CLI-72945,2026-06-03 11:49:00,146737.64,CRC,deposito,sucursal,PU-001,Préstamo Personal
TXN-00009030,CTA-112691,CLI-96150,2026-06-18 10:47:00,4039131.0,CRC,comision,app_movil,PU-001,Préstamo Personal
TXN-00009031,CTA-460166,CLI-17852,2026-06-01 10:53:00,265942.58,CRC,pago,atm,PU-001,Cuenta Corriente
TXN-00009032,CTA-340241,CLI-33330,2026-06-17 03:32:00,441458.15,CRC,comision,atm,SJ-002,Cuenta Corriente
TXN-00009033,CTA-142680,CLI-69550,2026-06-05 10:13:00,3625992.7,CRC,comision,app_movil,HE-001,Tarjeta Crédito
TXN-00009034,CTA-206175,CLI-69574,2026-06-10 04:47:00,1607065.22,CRC,retiro,sucursal,CA-001,Tarjeta Crédito
TXN-00009035,CTA-802072,CLI-56963,2026-06-20 17:13:00,1755210.26,CRC,retiro,sucursal,SJ-002,Tarjeta Crédito
TXN-00009036,CTA-373164,CLI-20344,2026-06-30 15:08:00,334541.38,CRC,transferencia,sinpe,SJ-002,Cuenta Corriente
TXN-00009037,CTA-693834,CLI-27464,2026-06-07 07:05:00,3660324.67,CRC,pago,atm,PU-001,Préstamo Hipotecario
TXN-00009038,CTA-282975,CLI-71829,2026-06-10 23:21:00,4730964.28,CRC,retiro,sinpe,LI-001,Cuenta Ahorro
TXN-00009039,CTA-672705,CLI-52448,2026-06-30 13:59:00,3939505.71,CRC,pago,app_movil,PU-001,Préstamo Personal
TXN-00009040,CTA-525366,CLI-76942,2026-06-28 19:08:00,1625890.47,CRC,transferencia,web,HE-001,Cuenta Corriente
TXN-00009041,CTA-749602,CLI-59126,2026-06-28 15:07:00,4390919.31,CRC,pago,sinpe,CA-001,Préstamo Hipotecario
TXN-00009042,CTA-289191,CLI-92855,2026-06-20 12:31:00,2826411.64,CRC,retiro,sinpe,LI-001,Tarjeta Crédito
TXN-00009043,CTA-105189,CLI-70672,2026-06-12 16:27:00,3084337.26,CRC,comision,atm,HE-001,Tarjeta Crédito
TXN-00009044,CTA-782642,CLI-18120,2026-06-21 16:30:00,1252986.35,CRC,retiro,sucursal,HE-001,Cuenta Corriente
TXN-00009045,CTA-922439,CLI-50577,2026-06-22 20:37:00,573478.35,CRC,pago,atm,LI-002,Cuenta Corriente
TXN-00009046,CTA-113729,CLI-19838,2026-06-30 17:54:00,2781239.25,CRC,deposito,sinpe,AL-001,Cuenta Ahorro
TXN-00009047,CTA-170603,CLI-14138,2026-06-21 05:35:00,4175549.07,CRC,comision,app_movil,PU-001,Préstamo Hipotecario
TXN-00009048,CTA-892420,CLI-38709,2026-06-28 07:53:00,3475670.44,CRC,pago,sinpe,SJ-002,Cuenta Corriente
TXN-00009049,CTA-581339,CLI-10428,2026-06-06 02:55:00,220687.92,CRC,comision,atm,SJ-002,Tarjeta Crédito
TXN-00009050,CTA-341489,CLI-98308,2026-06-12 12:21:00,1580310.01,CRC,retiro,atm,HE-001,Préstamo Personal
TXN-00009051,CTA-967589,CLI-18427,2026-06-22 09:16:00,447849.0,CRC,comision,atm,AL-001,Cuenta Corriente
TXN-00009052,CTA-479862,CLI-99950,2026-06-04 22:29:00,2841757.78,CRC,retiro,web,SJ-001,Tarjeta Crédito
TXN-00009053,CTA-458017,CLI-56753,2026-06-24 21:48:00,355207.55,CRC,deposito,atm,AL-001,Préstamo Personal
TXN-00009054,CTA-107213,CLI-79876,2026-06-08 20:33:00,4250185.43,CRC,comision,sinpe,SJ-001,Préstamo Hipotecario
TXN-00009055,CTA-412869,CLI-23999,2026-06-30 16:58:00,3211122.65,CRC,transferencia,sucursal,LI-002,Préstamo Personal
TXN-00009056,CTA-631704,CLI-58327,2026-06-21 06:23:00,801350.55,CRC,transferencia,web,AL-001,Préstamo Hipotecario
TXN-00009057,CTA-392490,CLI-83884,2026-06-09 15:25:00,4202920.6,CRC,retiro,atm,SJ-002,Tarjeta Crédito
TXN-00009058,CTA-856129,CLI-74520,2026-06-25 09:46:00,3611444.25,CRC,retiro,sucursal,SJ-002,Préstamo Personal
TXN-00009059,CTA-737012,CLI-15344,2026-06-19 22:35:00,2954738.15,CRC,retiro,web,SJ-002,Préstamo Personal
TXN-00009060,CTA-109807,CLI-32282,2026-06-21 12:56:00,442932.98,CRC,transferencia,sucursal,CA-001,Préstamo Personal
TXN-00009061,CTA-670213,CLI-51115,2026-06-15 11:46:00,1042903.03,CRC,deposito,atm,CA-001,Cuenta Corriente
TXN-00009062,CTA-141236,CLI-97073,2026-06-29 11:30:00,2873437.76,CRC,deposito,web,HE-001,Tarjeta Crédito
TXN-00009063,CTA-716187,CLI-70044,2026-06-20 15:24:00,672609.22,CRC,comision,sinpe,LI-002,Préstamo Hipotecario
TXN-00009064,CTA-629397,CLI-28933,2026-06-04 16:58:00,2624403.51,CRC,deposito,app_movil,SJ-002,Préstamo Personal
TXN-00009065,CTA-904031,CLI-85749,2026-06-18 04:38:00,1621483.62,CRC,transferencia,atm,SJ-001,Préstamo Hipotecario
TXN-00009066,CTA-147267,CLI-42997,2026-06-30 23:01:00,4970536.27,CRC,retiro,atm,LI-002,Cuenta Ahorro
TXN-00009067,CTA-850926,CLI-63277,2026-06-20 22:24:00,2032037.9,CRC,pago,sucursal,LI-002,Cuenta Ahorro
TXN-00009068,CTA-500654,CLI-13945,2026-06-17 23:40:00,2938260.83,CRC,pago,app_movil,HE-001,Cuenta Ahorro
TXN-00009069,CTA-889102,CLI-74943,2026-06-25 22:22:00,1074335.31,CRC,retiro,sucursal,LI-002,Préstamo Hipotecario
TXN-00009070,CTA-263421,CLI-25187,2026-06-02 07:04:00,2279183.06,CRC,pago,web,LI-001,Cuenta Ahorro
TXN-00009071,CTA-504829,CLI-78479,2026-06-28 10:38:00,3360714.07,CRC,retiro,web,PU-001,Cuenta Ahorro
TXN-00009072,CTA-161584,CLI-95684,2026-06-13 01:34:00,2618215.28,CRC,transferencia,sucursal,AL-001,Préstamo Personal
TXN-00009073,CTA-405381,CLI-48088,2026-06-25 16:11:00,3691764.72,CRC,pago,app_movil,LI-001,Préstamo Personal
TXN-00009074,CTA-734789,CLI-89750,2026-06-24 00:53:00,4687162.65,CRC,retiro,sucursal,LI-001,Cuenta Corriente
TXN-00009075,CTA-952186,CLI-40073,2026-06-29 09:01:00,3356550.03,CRC,retiro,app_movil,SJ-002,Tarjeta Crédito
TXN-00009076,CTA-734385,CLI-52642,2026-06-14 12:46:00,475661.39,CRC,retiro,atm,AL-001,Préstamo Hipotecario
TXN-00009077,CTA-467056,CLI-11853,2026-06-16 18:16:00,1259550.54,CRC,transferencia,atm,PU-001,Préstamo Personal
TXN-00009078,CTA-913073,CLI-50531,2026-06-08 15:53:00,124944.26,CRC,transferencia,app_movil,HE-001,Préstamo Personal
TXN-00009079,CTA-792219,CLI-60670,2026-06-10 19:37:00,2124537.24,CRC,transferencia,app_movil,SJ-002,Préstamo Personal
TXN-00009080,CTA-329576,CLI-67754,2026-06-03 12:02:00,312950.49,CRC,comision,app_movil,SJ-001,Tarjeta Crédito
TXN-00009081,CTA-222437,CLI-27391,2026-06-21 01:20:00,3989416.76,CRC,deposito,web,HE-001,Préstamo Personal
TXN-00009082,CTA-893894,CLI-75616,2026-06-01 23:27:00,4360777.33,CRC,deposito,sinpe,LI-001,Tarjeta Crédito
TXN-00009083,CTA-859606,CLI-83290,2026-06-20 01:25:00,3763480.19,CRC,comision,app_movil,SJ-001,Préstamo Personal
TXN-00009084,CTA-247565,CLI-46111,2026-06-03 08:56:00,2195250.08,CRC,retiro,app_movil,SJ-001,Préstamo Personal
TXN-00009085,CTA-891743,CLI-83593,2026-06-15 23:54:00,90108.48,CRC,pago,web,CA-001,Cuenta Ahorro
TXN-00009086,CTA-544281,CLI-61318,2026-06-07 21:30:00,4173129.94,CRC,pago,sucursal,PU-001,Tarjeta Crédito
TXN-00009087,CTA-647427,CLI-67188,2026-06-29 04:25:00,4449618.84,CRC,deposito,app_movil,LI-001,Tarjeta Crédito
TXN-00009088,CTA-926935,CLI-82803,2026-06-02 15:06:00,2646567.74,CRC,transferencia,atm,SJ-001,Préstamo Hipotecario
TXN-00009089,CTA-467157,CLI-18850,2026-06-04 01:37:00,3449206.08,CRC,pago,web,HE-001,Préstamo Hipotecario
TXN-00009090,CTA-168327,CLI-89013,2026-06-08 16:04:00,715768.07,CRC,transferencia,sucursal,SJ-002,Préstamo Personal
TXN-00009091,CTA-539301,CLI-71647,2026-06-05 05:17:00,613821.65,CRC,deposito,sinpe,LI-002,Préstamo Personal
TXN-00009092,CTA-848006,CLI-72202,2026-06-23 23:44:00,4290584.18,CRC,retiro,app_movil,CA-001,Cuenta Corriente
TXN-00009093,CTA-430252,CLI-44028,2026-06-20 21:21:00,2706837.3,CRC,pago,app_movil,HE-001,Cuenta Ahorro
TXN-00009094,CTA-680844,CLI-22006,2026-06-10 22:57:00,3329868.52,CRC,comision,web,AL-001,Cuenta Ahorro
TXN-00009095,CTA-984060,CLI-14653,2026-06-12 13:03:00,1141364.46,CRC,transferencia,sucursal,SJ-002,Préstamo Personal
TXN-00009096,CTA-509947,CLI-84332,2026-06-07 12:51:00,3209606.37,CRC,deposito,atm,LI-001,Cuenta Ahorro
TXN-00009097,CTA-683645,CLI-20522,2026-06-30 06:52:00,39221.89,CRC,comision,web,CA-001,Préstamo Personal
TXN-00009098,CTA-549343,CLI-59539,2026-06-08 12:32:00,17551.37,CRC,deposito,app_movil,HE-001,Cuenta Corriente
TXN-00009099,CTA-837176,CLI-18530,2026-06-02 14:08:00,4844437.13,CRC,comision,atm,PU-001,Préstamo Hipotecario
TXN-00009100,CTA-742115,CLI-36568,2026-06-04 02:20:00,458733.11,CRC,retiro,sinpe,PU-001,Préstamo Hipotecario
TXN-00009101,CTA-548640,CLI-60450,2026-06-20 14:45:00,965693.23,CRC,deposito,atm,LI-001,Tarjeta Crédito
TXN-00009102,CTA-688704,CLI-72859,2026-06-01 18:55:00,2767567.59,CRC,comision,atm,SJ-002,Cuenta Corriente
TXN-00009103,CTA-847892,CLI-36581,2026-06-11 08:09:00,1504764.35,CRC,pago,app_movil,LI-002,Cuenta Ahorro
TXN-00009104,CTA-894700,CLI-96590,2026-06-16 10:40:00,1425249.49,CRC,pago,app_movil,SJ-002,Préstamo Hipotecario
TXN-00009105,CTA-166454,CLI-52974,2026-06-28 10:37:00,653030.93,CRC,retiro,app_movil,SJ-002,Cuenta Ahorro
TXN-00009106,CTA-322644,CLI-81606,2026-06-04 16:10:00,3952250.33,CRC,pago,sucursal,CA-001,Cuenta Corriente
TXN-00009107,CTA-346318,CLI-95181,2026-06-03 01:16:00,195551.32,CRC,retiro,sinpe,PU-001,Préstamo Hipotecario
TXN-00009108,CTA-338217,CLI-71346,2026-06-21 04:50:00,4736161.99,CRC,pago,atm,LI-001,Préstamo Personal
TXN-00009109,CTA-122686,CLI-82101,2026-06-29 16:32:00,3217571.17,CRC,comision,atm,HE-001,Tarjeta Crédito
TXN-00009110,CTA-910128,CLI-54237,2026-06-07 06:37:00,2394324.32,CRC,comision,atm,SJ-001,Cuenta Corriente
TXN-00009111,CTA-712789,CLI-49178,2026-06-09 18:50:00,1926919.04,CRC,deposito,sucursal,LI-002,Cuenta Ahorro
TXN-00009112,CTA-478555,CLI-30419,2026-06-02 01:28:00,3660008.71,CRC,retiro,atm,HE-001,Tarjeta Crédito
TXN-00009113,CTA-277282,CLI-76783,2026-06-14 05:08:00,4046388.04,CRC,transferencia,app_movil,HE-001,Tarjeta Crédito
TXN-00009114,CTA-872184,CLI-36561,2026-06-05 03:32:00,3762138.84,CRC,retiro,atm,CA-001,Tarjeta Crédito
TXN-00009115,CTA-346619,CLI-37666,2026-06-25 00:37:00,4283961.81,CRC,retiro,sucursal,PU-001,Cuenta Corriente
TXN-00009116,CTA-759168,CLI-39789,2026-06-16 19:52:00,498598.38,CRC,deposito,app_movil,PU-001,Cuenta Corriente
TXN-00009117,CTA-316672,CLI-65106,2026-06-30 20:46:00,2463743.1,CRC,pago,sinpe,CA-001,Cuenta Corriente
TXN-00009118,CTA-230763,CLI-37695,2026-06-24 06:50:00,3712582.63,CRC,transferencia,sucursal,AL-001,Cuenta Ahorro
TXN-00009119,CTA-641651,CLI-86783,2026-06-04 11:27:00,383909.25,CRC,deposito,sinpe,SJ-002,Préstamo Hipotecario
TXN-00009120,CTA-713155,CLI-84708,2026-06-10 19:58:00,2537352.49,CRC,retiro,sucursal,SJ-001,Cuenta Ahorro
TXN-00009121,CTA-944551,CLI-95087,2026-06-03 03:01:00,942028.54,CRC,comision,app_movil,SJ-002,Préstamo Hipotecario
TXN-00009122,CTA-122024,CLI-31197,2026-06-26 14:08:00,4109847.69,CRC,deposito,sinpe,PU-001,Cuenta Ahorro
TXN-00009123,CTA-796139,CLI-76383,2026-06-26 13:43:00,3286036.05,CRC,deposito,sinpe,PU-001,Cuenta Corriente
TXN-00009124,CTA-433235,CLI-94449,2026-06-13 02:30:00,1020436.81,CRC,comision,web,CA-001,Cuenta Ahorro
TXN-00009125,CTA-487193,CLI-76255,2026-06-25 16:22:00,4415655.42,CRC,comision,app_movil,CA-001,Tarjeta Crédito
TXN-00009126,CTA-960031,CLI-87722,2026-06-25 16:49:00,2430402.37,CRC,pago,sinpe,LI-002,Cuenta Corriente
TXN-00009127,CTA-696500,CLI-16747,2026-06-21 19:28:00,2782853.55,CRC,retiro,atm,PU-001,Tarjeta Crédito
TXN-00009128,CTA-309331,CLI-95994,2026-06-20 01:21:00,1367612.34,CRC,transferencia,sinpe,HE-001,Préstamo Hipotecario
TXN-00009129,CTA-386622,CLI-13703,2026-06-29 20:12:00,1359688.83,CRC,comision,sucursal,PU-001,Préstamo Personal
TXN-00009130,CTA-946744,CLI-73513,2026-06-02 07:58:00,2884486.13,CRC,transferencia,atm,AL-001,Cuenta Ahorro
TXN-00009131,CTA-679288,CLI-14846,2026-06-07 23:03:00,2772562.56,CRC,deposito,atm,HE-001,Préstamo Personal
TXN-00009132,CTA-299467,CLI-94862,2026-06-18 14:33:00,4124370.53,CRC,comision,app_movil,CA-001,Tarjeta Crédito
TXN-00009133,CTA-634245,CLI-59176,2026-06-29 08:17:00,1786064.58,CRC,pago,sinpe,PU-001,Cuenta Corriente
TXN-00009134,CTA-975454,CLI-45543,2026-06-13 10:21:00,3901352.65,CRC,comision,atm,SJ-001,Tarjeta Crédito
TXN-00009135,CTA-576763,CLI-84276,2026-06-13 14:47:00,1209117.09,CRC,retiro,sucursal,LI-001,Préstamo Personal
TXN-00009136,CTA-815520,CLI-68319,2026-06-09 15:35:00,1303626.56,CRC,deposito,sinpe,CA-001,Cuenta Corriente
TXN-00009137,CTA-972713,CLI-87743,2026-06-04 06:17:00,1797457.41,CRC,pago,web,LI-002,Cuenta Corriente
TXN-00009138,CTA-507882,CLI-58910,2026-06-14 06:15:00,3300020.1,CRC,comision,atm,HE-001,Préstamo Hipotecario
TXN-00009139,CTA-151523,CLI-73359,2026-06-03 16:03:00,2353500.99,CRC,deposito,web,LI-001,Cuenta Corriente
TXN-00009140,CTA-284441,CLI-31856,2026-06-05 08:45:00,4344279.62,CRC,retiro,atm,HE-001,Préstamo Hipotecario
TXN-00009141,CTA-467797,CLI-78291,2026-06-20 00:20:00,1885691.51,CRC,transferencia,atm,SJ-001,Cuenta Ahorro
TXN-00009142,CTA-804328,CLI-49439,2026-06-09 02:09:00,115422.52,CRC,transferencia,sucursal,LI-001,Préstamo Personal
TXN-00009143,CTA-951211,CLI-47712,2026-06-01 20:17:00,2670873.38,CRC,comision,web,HE-001,Cuenta Corriente
TXN-00009144,CTA-438823,CLI-67623,2026-06-25 06:19:00,2479222.91,CRC,transferencia,web,SJ-002,Préstamo Personal
TXN-00009145,CTA-323982,CLI-66836,2026-06-24 19:32:00,2161913.57,CRC,comision,app_movil,AL-001,Cuenta Corriente
TXN-00009146,CTA-345403,CLI-94979,2026-06-24 02:00:00,4715524.41,CRC,deposito,sucursal,LI-002,Préstamo Personal
TXN-00009147,CTA-388326,CLI-65545,2026-06-17 03:57:00,2326309.82,CRC,pago,atm,SJ-001,Cuenta Ahorro
TXN-00009148,CTA-694153,CLI-99399,2026-06-09 21:10:00,4665479.34,CRC,pago,app_movil,HE-001,Tarjeta Crédito
TXN-00009149,CTA-215553,CLI-98096,2026-06-16 09:08:00,3947431.63,CRC,retiro,sucursal,LI-001,Cuenta Ahorro
TXN-00009150,CTA-904004,CLI-71594,2026-06-14 05:49:00,3731940.77,CRC,retiro,web,CA-001,Tarjeta Crédito
TXN-00009151,CTA-201290,CLI-75665,2026-06-29 07:49:00,3477756.73,CRC,comision,atm,PU-001,Cuenta Ahorro
TXN-00009152,CTA-510224,CLI-26281,2026-06-12 17:04:00,3816195.84,CRC,deposito,app_movil,SJ-001,Tarjeta Crédito
TXN-00009153,CTA-259562,CLI-59953,2026-06-24 16:46:00,4836076.99,CRC,retiro,sucursal,LI-001,Cuenta Ahorro
TXN-00009154,CTA-929150,CLI-78181,2026-06-04 19:28:00,2225245.26,CRC,transferencia,web,SJ-001,Préstamo Personal
TXN-00009155,CTA-133542,CLI-58729,2026-06-24 09:47:00,2094576.75,CRC,transferencia,sucursal,HE-001,Cuenta Corriente
TXN-00009156,CTA-511625,CLI-76941,2026-06-04 23:47:00,2592859.39,CRC,retiro,web,SJ-002,Cuenta Ahorro
TXN-00009157,CTA-148448,CLI-20430,2026-06-19 04:07:00,3715790.3,CRC,comision,sinpe,CA-001,Cuenta Corriente
TXN-00009158,CTA-561186,CLI-43571,2026-06-13 20:54:00,4052793.24,CRC,deposito,sinpe,LI-002,Cuenta Corriente
TXN-00009159,CTA-778145,CLI-56638,2026-06-23 21:30:00,2316384.45,CRC,deposito,sucursal,AL-001,Cuenta Corriente
TXN-00009160,CTA-876032,CLI-80561,2026-06-27 20:22:00,2629040.28,CRC,comision,sucursal,HE-001,Préstamo Personal
TXN-00009161,CTA-934033,CLI-88143,2026-06-19 21:14:00,1351207.44,CRC,transferencia,web,CA-001,Cuenta Ahorro
TXN-00009162,CTA-657837,CLI-79294,2026-06-17 21:22:00,3669119.09,CRC,pago,sinpe,LI-002,Cuenta Ahorro
TXN-00009163,CTA-342105,CLI-71163,2026-06-15 10:37:00,2363101.12,CRC,transferencia,atm,HE-001,Préstamo Personal
TXN-00009164,CTA-930717,CLI-68609,2026-06-06 01:17:00,4170184.23,CRC,retiro,web,HE-001,Tarjeta Crédito
TXN-00009165,CTA-821464,CLI-95267,2026-06-21 17:19:00,620511.46,CRC,comision,sinpe,CA-001,Cuenta Corriente
TXN-00009166,CTA-299394,CLI-65568,2026-06-21 02:59:00,641112.76,CRC,pago,sinpe,SJ-002,Cuenta Corriente
TXN-00009167,CTA-383486,CLI-30929,2026-06-07 14:23:00,1658435.61,CRC,retiro,web,SJ-002,Cuenta Ahorro
TXN-00009168,CTA-835511,CLI-12654,2026-06-27 19:27:00,2260967.29,CRC,transferencia,app_movil,LI-002,Tarjeta Crédito
TXN-00009169,CTA-513977,CLI-45391,2026-06-16 07:14:00,419882.55,CRC,retiro,sucursal,PU-001,Cuenta Ahorro
TXN-00009170,CTA-233794,CLI-76288,2026-06-17 17:49:00,1993018.88,CRC,pago,web,SJ-001,Tarjeta Crédito
TXN-00009171,CTA-625334,CLI-47486,2026-06-16 10:35:00,3598664.84,CRC,deposito,app_movil,HE-001,Tarjeta Crédito
TXN-00009172,CTA-920700,CLI-99796,2026-06-07 19:47:00,4026897.19,CRC,comision,sinpe,SJ-002,Préstamo Personal
TXN-00009173,CTA-844471,CLI-10598,2026-06-27 21:08:00,2296093.14,CRC,deposito,sinpe,LI-001,Préstamo Personal
TXN-00009174,CTA-700104,CLI-36821,2026-06-20 00:16:00,3436045.15,CRC,comision,sinpe,PU-001,Cuenta Ahorro
TXN-00009175,CTA-849416,CLI-14200,2026-06-23 10:56:00,1943668.67,CRC,pago,sinpe,CA-001,Préstamo Hipotecario
TXN-00009176,CTA-694552,CLI-73818,2026-06-28 04:24:00,3573171.71,CRC,comision,sinpe,SJ-001,Cuenta Ahorro
TXN-00009177,CTA-864333,CLI-85556,2026-06-01 17:53:00,3294881.88,CRC,comision,sucursal,LI-002,Cuenta Ahorro
TXN-00009178,CTA-213378,CLI-34803,2026-06-24 16:20:00,4398806.81,CRC,pago,sucursal,SJ-002,Tarjeta Crédito
TXN-00009179,CTA-450539,CLI-99115,2026-06-01 05:57:00,409621.15,CRC,retiro,web,CA-001,Tarjeta Crédito
TXN-00009180,CTA-364502,CLI-52129,2026-06-18 23:43:00,1430256.05,CRC,pago,sucursal,LI-002,Cuenta Ahorro
TXN-00009181,CTA-419953,CLI-95023,2026-06-07 13:53:00,113303.58,CRC,pago,web,LI-001,Préstamo Hipotecario
TXN-00009182,CTA-682779,CLI-11508,2026-06-24 16:39:00,2504754.02,CRC,transferencia,sinpe,HE-001,Tarjeta Crédito
TXN-00009183,CTA-107737,CLI-13728,2026-06-12 22:14:00,1434916.03,CRC,retiro,sinpe,LI-002,Préstamo Hipotecario
TXN-00009184,CTA-331608,CLI-96746,2026-06-07 18:58:00,1519591.65,CRC,pago,app_movil,CA-001,Tarjeta Crédito
TXN-00009185,CTA-627753,CLI-96432,2026-06-08 23:46:00,963421.66,CRC,comision,app_movil,HE-001,Cuenta Corriente
TXN-00009186,CTA-286770,CLI-96507,2026-06-12 04:36:00,4330205.01,CRC,transferencia,sinpe,LI-002,Cuenta Ahorro
TXN-00009187,CTA-920460,CLI-84941,2026-06-25 08:50:00,4134432.49,CRC,pago,sinpe,HE-001,Préstamo Personal
TXN-00009188,CTA-820483,CLI-54122,2026-06-15 09:43:00,1115207.08,CRC,retiro,web,LI-002,Tarjeta Crédito
TXN-00009189,CTA-112491,CLI-73540,2026-06-05 23:10:00,4676748.92,CRC,retiro,app_movil,AL-001,Tarjeta Crédito
TXN-00009190,CTA-105766,CLI-33241,2026-06-26 22:57:00,1650484.26,CRC,retiro,sucursal,SJ-001,Tarjeta Crédito
TXN-00009191,CTA-772020,CLI-21020,2026-06-23 13:46:00,1155358.82,CRC,retiro,sucursal,SJ-001,Préstamo Personal
TXN-00009192,CTA-663537,CLI-50473,2026-06-25 07:47:00,298774.24,CRC,deposito,sinpe,SJ-001,Préstamo Personal
TXN-00009193,CTA-342010,CLI-83448,2026-06-13 15:23:00,2862166.6,CRC,transferencia,atm,AL-001,Tarjeta Crédito
TXN-00009194,CTA-298031,CLI-32971,2026-06-02 18:56:00,3136888.78,CRC,deposito,app_movil,LI-002,Préstamo Hipotecario
TXN-00009195,CTA-414363,CLI-45044,2026-06-07 01:41:00,4006481.13,CRC,comision,app_movil,AL-001,Cuenta Ahorro
TXN-00009196,CTA-100152,CLI-77078,2026-06-02 19:09:00,4217668.44,CRC,transferencia,atm,PU-001,Préstamo Personal
TXN-00009197,CTA-297548,CLI-63418,2026-06-03 11:47:00,606852.09,CRC,transferencia,app_movil,HE-001,Préstamo Personal
TXN-00009198,CTA-214392,CLI-26236,2026-06-13 11:25:00,1873758.89,CRC,comision,sucursal,SJ-002,Cuenta Ahorro
TXN-00009199,CTA-803268,CLI-31635,2026-06-08 17:50:00,564340.49,CRC,comision,atm,HE-001,Cuenta Corriente
TXN-00009200,CTA-287582,CLI-35519,2026-06-04 13:06:00,636610.19,CRC,retiro,app_movil,SJ-001,Cuenta Ahorro
TXN-00009201,CTA-666488,CLI-51247,2026-06-26 21:35:00,4631820.57,CRC,comision,app_movil,AL-001,Tarjeta Crédito
TXN-00009202,CTA-137982,CLI-32552,2026-06-09 11:50:00,1168037.99,CRC,retiro,app_movil,LI-002,Tarjeta Crédito
TXN-00009203,CTA-197620,CLI-16869,2026-06-29 02:35:00,1963424.7,CRC,deposito,sinpe,SJ-002,Préstamo Hipotecario
TXN-00009204,CTA-196292,CLI-10008,2026-06-16 10:46:00,3413091.77,CRC,transferencia,sinpe,CA-001,Préstamo Personal
TXN-00009205,CTA-928844,CLI-33474,2026-06-23 20:45:00,4999876.22,CRC,comision,app_movil,HE-001,Tarjeta Crédito
TXN-00009206,CTA-981500,CLI-25807,2026-06-30 17:12:00,3180050.78,CRC,comision,atm,CA-001,Cuenta Corriente
TXN-00009207,CTA-926455,CLI-80428,2026-06-29 10:29:00,4719529.03,CRC,deposito,web,LI-002,Préstamo Personal
TXN-00009208,CTA-723469,CLI-95913,2026-06-11 23:50:00,3323173.68,CRC,deposito,app_movil,SJ-001,Tarjeta Crédito
TXN-00009209,CTA-953396,CLI-67017,2026-06-13 13:51:00,3658353.37,CRC,pago,app_movil,CA-001,Cuenta Corriente
TXN-00009210,CTA-101291,CLI-49537,2026-06-14 07:21:00,4717855.79,CRC,comision,sinpe,SJ-002,Cuenta Ahorro
TXN-00009211,CTA-464837,CLI-59864,2026-06-02 05:54:00,1312571.07,CRC,retiro,app_movil,PU-001,Cuenta Corriente
TXN-00009212,CTA-839808,CLI-74852,2026-06-29 01:00:00,3159753.49,CRC,retiro,web,CA-001,Tarjeta Crédito
TXN-00009213,CTA-237167,CLI-58922,2026-06-07 14:28:00,3049896.92,CRC,retiro,app_movil,CA-001,Tarjeta Crédito
TXN-00009214,CTA-865963,CLI-70859,2026-06-18 05:40:00,2060680.06,CRC,comision,app_movil,LI-001,Préstamo Personal
TXN-00009215,CTA-249258,CLI-70806,2026-06-21 05:42:00,4467855.82,CRC,comision,atm,SJ-002,Tarjeta Crédito
TXN-00009216,CTA-465067,CLI-85566,2026-06-01 20:40:00,1142174.67,CRC,pago,sucursal,SJ-002,Tarjeta Crédito
TXN-00009217,CTA-273096,CLI-50566,2026-06-10 04:47:00,3243449.18,CRC,comision,web,CA-001,Cuenta Corriente
TXN-00009218,CTA-683162,CLI-65748,2026-06-21 20:26:00,82711.4,CRC,comision,sinpe,CA-001,Préstamo Personal
TXN-00009219,CTA-702263,CLI-33977,2026-06-26 01:56:00,4137468.81,CRC,deposito,sucursal,PU-001,Cuenta Ahorro
TXN-00009220,CTA-381127,CLI-11833,2026-06-25 17:13:00,1445280.24,CRC,retiro,web,LI-001,Cuenta Corriente
TXN-00009221,CTA-645126,CLI-96059,2026-06-20 12:06:00,3928361.74,CRC,transferencia,atm,PU-001,Cuenta Corriente
TXN-00009222,CTA-884829,CLI-95521,2026-06-05 13:31:00,3983590.35,CRC,retiro,sucursal,LI-001,Tarjeta Crédito
TXN-00009223,CTA-753168,CLI-12342,2026-06-25 14:35:00,2592286.36,CRC,pago,app_movil,HE-001,Tarjeta Crédito
TXN-00009224,CTA-675971,CLI-18517,2026-06-16 02:59:00,3532680.26,CRC,transferencia,web,AL-001,Cuenta Corriente
TXN-00009225,CTA-913521,CLI-70429,2026-06-16 13:00:00,1506270.36,CRC,deposito,web,PU-001,Cuenta Ahorro
TXN-00009226,CTA-690761,CLI-77269,2026-06-27 11:17:00,852096.22,CRC,deposito,atm,SJ-002,Cuenta Ahorro
TXN-00009227,CTA-476793,CLI-39533,2026-06-11 03:22:00,4772343.13,CRC,retiro,sinpe,HE-001,Tarjeta Crédito
TXN-00009228,CTA-245036,CLI-64722,2026-06-10 11:36:00,3057677.06,CRC,comision,web,SJ-001,Préstamo Hipotecario
TXN-00009229,CTA-152835,CLI-33108,2026-06-24 04:55:00,1047586.79,CRC,deposito,sinpe,CA-001,Tarjeta Crédito
TXN-00009230,CTA-519530,CLI-43918,2026-06-07 22:50:00,3213679.06,CRC,transferencia,sinpe,SJ-001,Préstamo Hipotecario
TXN-00009231,CTA-154315,CLI-54655,2026-06-01 10:39:00,1291841.05,CRC,comision,atm,CA-001,Préstamo Personal
TXN-00009232,CTA-954983,CLI-71710,2026-06-17 05:20:00,395791.95,CRC,transferencia,sucursal,LI-001,Préstamo Hipotecario
TXN-00009233,CTA-411067,CLI-97619,2026-06-16 17:34:00,1256211.37,CRC,transferencia,sinpe,SJ-001,Cuenta Ahorro
TXN-00009234,CTA-483004,CLI-45438,2026-06-01 19:06:00,1400819.95,CRC,comision,app_movil,LI-001,Cuenta Ahorro
TXN-00009235,CTA-202654,CLI-69339,2026-06-24 22:51:00,362716.8,CRC,comision,atm,CA-001,Préstamo Hipotecario
TXN-00009236,CTA-292669,CLI-77326,2026-06-14 09:02:00,4546457.77,CRC,retiro,sucursal,HE-001,Préstamo Hipotecario
TXN-00009237,CTA-581347,CLI-48785,2026-06-29 22:16:00,3336329.57,CRC,retiro,web,LI-001,Préstamo Hipotecario
TXN-00009238,CTA-391761,CLI-90625,2026-06-19 16:11:00,18557.58,CRC,transferencia,atm,CA-001,Cuenta Corriente
TXN-00009239,CTA-657276,CLI-95492,2026-06-26 19:56:00,4862223.2,CRC,pago,atm,HE-001,Cuenta Corriente
TXN-00009240,CTA-972275,CLI-32082,2026-06-20 18:20:00,2732111.39,CRC,comision,app_movil,CA-001,Cuenta Corriente
TXN-00009241,CTA-272126,CLI-23723,2026-06-16 07:27:00,1739351.19,CRC,deposito,sinpe,AL-001,Préstamo Hipotecario
TXN-00009242,CTA-210406,CLI-20947,2026-06-13 20:23:00,797025.2,CRC,pago,web,PU-001,Tarjeta Crédito
TXN-00009243,CTA-759467,CLI-65834,2026-06-17 18:52:00,1114564.76,CRC,retiro,app_movil,PU-001,Cuenta Corriente
TXN-00009244,CTA-709182,CLI-15313,2026-06-14 10:39:00,1013345.0,CRC,deposito,atm,CA-001,Préstamo Personal
TXN-00009245,CTA-760145,CLI-57861,2026-06-14 10:34:00,2292794.99,CRC,transferencia,web,SJ-001,Préstamo Hipotecario
TXN-00009246,CTA-508839,CLI-68069,2026-06-14 00:04:00,1323920.25,CRC,retiro,atm,SJ-002,Préstamo Hipotecario
TXN-00009247,CTA-974539,CLI-90684,2026-06-07 14:58:00,3609780.7,CRC,pago,sucursal,CA-001,Tarjeta Crédito
TXN-00009248,CTA-206388,CLI-96078,2026-06-22 14:21:00,1310985.05,CRC,pago,app_movil,LI-002,Préstamo Personal
TXN-00009249,CTA-887746,CLI-51346,2026-06-17 13:32:00,3437658.69,CRC,pago,web,PU-001,Tarjeta Crédito
TXN-00009250,CTA-501439,CLI-56866,2026-06-01 14:53:00,1063921.2,CRC,transferencia,sinpe,PU-001,Préstamo Personal
TXN-00009251,CTA-158382,CLI-65368,2026-06-06 05:07:00,579877.06,CRC,comision,web,LI-002,Préstamo Personal
TXN-00009252,CTA-745714,CLI-34074,2026-06-26 23:27:00,2996271.66,CRC,transferencia,sinpe,PU-001,Préstamo Personal
TXN-00009253,CTA-310609,CLI-65455,2026-06-08 00:33:00,1556675.66,CRC,comision,sucursal,CA-001,Préstamo Hipotecario
TXN-00009254,CTA-294649,CLI-79050,2026-06-15 08:40:00,1723959.41,CRC,retiro,web,SJ-002,Préstamo Hipotecario
TXN-00009255,CTA-403770,CLI-19070,2026-06-13 22:40:00,2237242.83,CRC,pago,sucursal,LI-002,Cuenta Ahorro
TXN-00009256,CTA-158510,CLI-25174,2026-06-12 06:06:00,3697439.19,CRC,deposito,web,PU-001,Préstamo Hipotecario
TXN-00009257,CTA-816670,CLI-15914,2026-06-20 08:12:00,1916121.9,CRC,transferencia,sucursal,LI-002,Tarjeta Crédito
TXN-00009258,CTA-674237,CLI-23083,2026-06-16 05:40:00,1025333.09,CRC,pago,atm,SJ-001,Tarjeta Crédito
TXN-00009259,CTA-511841,CLI-24299,2026-06-28 19:20:00,3138682.64,CRC,comision,atm,SJ-001,Préstamo Personal
TXN-00009260,CTA-648421,CLI-97621,2026-06-14 17:20:00,1882615.3,CRC,transferencia,web,LI-002,Préstamo Personal
TXN-00009261,CTA-126892,CLI-36701,2026-06-14 22:06:00,3995896.9,CRC,pago,sucursal,PU-001,Cuenta Ahorro
TXN-00009262,CTA-551977,CLI-63050,2026-06-13 21:13:00,2687239.49,CRC,retiro,sucursal,AL-001,Préstamo Personal
TXN-00009263,CTA-334576,CLI-63752,2026-06-05 11:34:00,436834.08,CRC,pago,atm,AL-001,Préstamo Personal
TXN-00009264,CTA-736899,CLI-17323,2026-06-20 01:24:00,1159083.62,CRC,pago,app_movil,LI-002,Préstamo Personal
TXN-00009265,CTA-894572,CLI-31376,2026-06-08 05:24:00,3403339.17,CRC,retiro,web,LI-002,Tarjeta Crédito
TXN-00009266,CTA-371417,CLI-70232,2026-06-21 07:27:00,376823.15,CRC,pago,web,PU-001,Tarjeta Crédito
TXN-00009267,CTA-129376,CLI-30502,2026-06-22 08:54:00,2083954.24,CRC,retiro,web,SJ-002,Cuenta Corriente
TXN-00009268,CTA-710414,CLI-43446,2026-06-06 18:54:00,1277738.87,CRC,transferencia,web,CA-001,Cuenta Ahorro
TXN-00009269,CTA-191585,CLI-69690,2026-06-13 03:16:00,2973695.91,CRC,pago,atm,HE-001,Préstamo Hipotecario
TXN-00009270,CTA-938736,CLI-78853,2026-06-09 08:49:00,482728.33,CRC,deposito,app_movil,PU-001,Préstamo Hipotecario
TXN-00009271,CTA-601556,CLI-77217,2026-06-28 02:23:00,4591537.27,CRC,deposito,sinpe,LI-001,Cuenta Ahorro
TXN-00009272,CTA-113160,CLI-38978,2026-06-10 06:25:00,2456044.57,CRC,retiro,app_movil,SJ-001,Tarjeta Crédito
TXN-00009273,CTA-109920,CLI-54588,2026-06-18 22:04:00,4847219.51,CRC,retiro,sucursal,PU-001,Cuenta Corriente
TXN-00009274,CTA-661577,CLI-36116,2026-06-25 05:57:00,434207.5,CRC,comision,web,LI-001,Cuenta Corriente
TXN-00009275,CTA-422527,CLI-90980,2026-06-19 01:58:00,3448904.46,CRC,comision,sinpe,PU-001,Tarjeta Crédito
TXN-00009276,CTA-983364,CLI-35467,2026-06-19 23:08:00,318522.88,CRC,deposito,sinpe,SJ-002,Préstamo Hipotecario
TXN-00009277,CTA-323252,CLI-82784,2026-06-21 01:34:00,2640061.52,CRC,deposito,atm,LI-001,Cuenta Corriente
TXN-00009278,CTA-507560,CLI-19748,2026-06-14 11:54:00,489246.91,CRC,pago,web,HE-001,Cuenta Corriente
TXN-00009279,CTA-443805,CLI-47237,2026-06-10 03:46:00,1987464.01,CRC,comision,atm,SJ-001,Cuenta Ahorro
TXN-00009280,CTA-948246,CLI-11687,2026-06-27 02:19:00,441659.65,CRC,transferencia,sinpe,PU-001,Cuenta Corriente
TXN-00009281,CTA-784186,CLI-72714,2026-06-24 10:30:00,1573097.17,CRC,transferencia,sinpe,SJ-001,Préstamo Hipotecario
TXN-00009282,CTA-365380,CLI-17010,2026-06-23 01:31:00,2650209.39,CRC,retiro,atm,LI-001,Préstamo Hipotecario
TXN-00009283,CTA-325973,CLI-80577,2026-06-12 02:19:00,334167.38,CRC,comision,sinpe,LI-002,Cuenta Ahorro
TXN-00009284,CTA-394940,CLI-44490,2026-06-21 20:45:00,1692289.95,CRC,transferencia,atm,CA-001,Préstamo Hipotecario
TXN-00009285,CTA-870281,CLI-67364,2026-06-29 02:35:00,1710276.12,CRC,retiro,app_movil,SJ-001,Cuenta Corriente
TXN-00009286,CTA-178582,CLI-46339,2026-06-27 22:01:00,662010.66,CRC,transferencia,web,LI-001,Préstamo Hipotecario
TXN-00009287,CTA-771212,CLI-62671,2026-06-08 18:09:00,1839455.52,CRC,pago,sucursal,HE-001,Préstamo Personal
TXN-00009288,CTA-244990,CLI-77747,2026-06-10 18:01:00,1794214.83,CRC,deposito,web,SJ-001,Cuenta Ahorro
TXN-00009289,CTA-193599,CLI-70377,2026-06-20 22:15:00,1143669.36,CRC,retiro,sucursal,PU-001,Cuenta Ahorro
TXN-00009290,CTA-759843,CLI-42753,2026-06-26 11:32:00,1980577.71,CRC,pago,sinpe,LI-001,Tarjeta Crédito
TXN-00009291,CTA-763456,CLI-17858,2026-06-21 08:40:00,3658462.07,CRC,deposito,atm,SJ-001,Cuenta Corriente
TXN-00009292,CTA-989951,CLI-66152,2026-06-12 00:47:00,1022066.58,CRC,retiro,sinpe,HE-001,Cuenta Ahorro
TXN-00009293,CTA-229778,CLI-41276,2026-06-10 03:43:00,2026182.52,CRC,transferencia,sucursal,LI-001,Cuenta Ahorro
TXN-00009294,CTA-935235,CLI-32678,2026-06-17 19:44:00,443090.62,CRC,deposito,atm,LI-002,Préstamo Personal
TXN-00009295,CTA-329849,CLI-93877,2026-06-15 02:42:00,4100812.73,CRC,comision,web,AL-001,Cuenta Corriente
TXN-00009296,CTA-572735,CLI-27447,2026-06-18 06:56:00,2654260.46,CRC,comision,web,AL-001,Cuenta Corriente
TXN-00009297,CTA-424700,CLI-52905,2026-06-07 11:07:00,1850865.17,CRC,retiro,app_movil,HE-001,Cuenta Corriente
TXN-00009298,CTA-835891,CLI-17294,2026-06-22 09:49:00,3196493.87,CRC,pago,app_movil,PU-001,Cuenta Corriente
TXN-00009299,CTA-701923,CLI-67168,2026-06-27 06:24:00,204368.2,CRC,pago,atm,PU-001,Tarjeta Crédito
TXN-00009300,CTA-714576,CLI-39606,2026-06-11 08:50:00,4919546.58,CRC,transferencia,atm,LI-001,Préstamo Personal
TXN-00009301,CTA-218487,CLI-57537,2026-06-04 05:33:00,3505381.29,CRC,pago,sucursal,PU-001,Cuenta Ahorro
TXN-00009302,CTA-185042,CLI-12265,2026-06-18 17:14:00,2039593.29,CRC,deposito,sucursal,SJ-001,Cuenta Ahorro
TXN-00009303,CTA-122579,CLI-39885,2026-06-10 16:42:00,899916.17,CRC,pago,web,SJ-002,Cuenta Ahorro
TXN-00009304,CTA-141182,CLI-81104,2026-06-20 10:41:00,2206429.02,CRC,deposito,web,HE-001,Préstamo Hipotecario
TXN-00009305,CTA-317326,CLI-45629,2026-06-02 22:08:00,1713875.34,CRC,retiro,app_movil,CA-001,Préstamo Personal
TXN-00009306,CTA-882055,CLI-11159,2026-06-07 15:15:00,3652160.32,CRC,transferencia,sucursal,LI-001,Tarjeta Crédito
TXN-00009307,CTA-204541,CLI-92376,2026-06-26 05:38:00,4068838.55,CRC,deposito,web,LI-001,Préstamo Hipotecario
TXN-00009308,CTA-176503,CLI-18545,2026-06-26 09:48:00,2924025.46,CRC,transferencia,sucursal,CA-001,Préstamo Personal
TXN-00009309,CTA-345063,CLI-35436,2026-06-23 13:17:00,2640950.61,CRC,transferencia,web,LI-001,Préstamo Personal
TXN-00009310,CTA-518620,CLI-79595,2026-06-22 22:59:00,4660888.68,CRC,retiro,sinpe,PU-001,Cuenta Ahorro
TXN-00009311,CTA-318909,CLI-71845,2026-06-03 11:28:00,3699451.58,CRC,deposito,sucursal,SJ-001,Préstamo Hipotecario
TXN-00009312,CTA-553534,CLI-45226,2026-06-21 14:46:00,1453885.87,CRC,retiro,sinpe,LI-002,Tarjeta Crédito
TXN-00009313,CTA-572864,CLI-14013,2026-06-01 18:24:00,1860714.66,CRC,transferencia,atm,AL-001,Tarjeta Crédito
TXN-00009314,CTA-357671,CLI-58132,2026-06-16 20:31:00,819710.15,CRC,comision,sinpe,HE-001,Préstamo Personal
TXN-00009315,CTA-149272,CLI-86206,2026-06-29 14:41:00,860587.58,CRC,transferencia,sucursal,HE-001,Préstamo Hipotecario
TXN-00009316,CTA-819364,CLI-69669,2026-06-03 00:55:00,3880951.6,CRC,comision,atm,LI-001,Préstamo Hipotecario
TXN-00009317,CTA-225783,CLI-78293,2026-06-27 20:30:00,33971.68,CRC,pago,app_movil,CA-001,Préstamo Hipotecario
TXN-00009318,CTA-849529,CLI-38848,2026-06-02 07:18:00,1838698.36,CRC,comision,sucursal,LI-002,Préstamo Hipotecario
TXN-00009319,CTA-573364,CLI-65532,2026-06-26 03:26:00,3832547.04,CRC,deposito,app_movil,LI-001,Tarjeta Crédito
TXN-00009320,CTA-639778,CLI-41414,2026-06-09 06:06:00,200080.09,CRC,comision,web,LI-002,Tarjeta Crédito
TXN-00009321,CTA-815016,CLI-38339,2026-06-14 06:35:00,3159972.42,CRC,comision,app_movil,HE-001,Tarjeta Crédito
TXN-00009322,CTA-565271,CLI-92640,2026-06-10 21:07:00,1157307.91,CRC,deposito,web,PU-001,Préstamo Personal
TXN-00009323,CTA-954278,CLI-68203,2026-06-23 21:11:00,1289145.77,CRC,comision,app_movil,SJ-001,Tarjeta Crédito
TXN-00009324,CTA-925434,CLI-27188,2026-06-29 16:20:00,1252611.95,CRC,comision,sucursal,HE-001,Tarjeta Crédito
TXN-00009325,CTA-708529,CLI-24096,2026-06-24 10:09:00,4721814.14,CRC,transferencia,sinpe,AL-001,Cuenta Corriente
TXN-00009326,CTA-699589,CLI-32662,2026-06-26 09:57:00,1295224.66,CRC,deposito,sinpe,LI-002,Préstamo Hipotecario
TXN-00009327,CTA-141662,CLI-55425,2026-06-10 05:07:00,3873967.09,CRC,comision,web,SJ-002,Préstamo Personal
TXN-00009328,CTA-864813,CLI-43683,2026-06-24 16:34:00,4038024.44,CRC,pago,app_movil,PU-001,Préstamo Hipotecario
TXN-00009329,CTA-868832,CLI-75290,2026-06-13 17:23:00,1921475.28,CRC,deposito,atm,SJ-002,Cuenta Corriente
TXN-00009330,CTA-908562,CLI-97907,2026-06-23 17:00:00,3814898.58,CRC,deposito,app_movil,LI-002,Tarjeta Crédito
TXN-00009331,CTA-236001,CLI-63944,2026-06-19 06:10:00,970923.61,CRC,retiro,atm,PU-001,Préstamo Personal
TXN-00009332,CTA-905154,CLI-54580,2026-06-10 22:14:00,901998.07,CRC,pago,sinpe,SJ-001,Préstamo Personal
TXN-00009333,CTA-678439,CLI-60272,2026-06-16 08:05:00,1676747.11,CRC,pago,web,CA-001,Préstamo Personal
TXN-00009334,CTA-129486,CLI-38694,2026-06-10 17:08:00,4194079.32,CRC,retiro,app_movil,PU-001,Cuenta Corriente
TXN-00009335,CTA-689007,CLI-66295,2026-06-30 01:16:00,1387118.91,CRC,deposito,atm,AL-001,Tarjeta Crédito
TXN-00009336,CTA-822833,CLI-23276,2026-06-22 23:00:00,4494855.47,CRC,comision,atm,HE-001,Cuenta Corriente
TXN-00009337,CTA-824069,CLI-30798,2026-06-28 05:13:00,2563967.67,CRC,pago,web,PU-001,Cuenta Ahorro
TXN-00009338,CTA-330125,CLI-73566,2026-06-25 06:21:00,2555721.6,CRC,deposito,app_movil,SJ-001,Tarjeta Crédito
TXN-00009339,CTA-272391,CLI-35864,2026-06-27 22:51:00,57291.21,CRC,retiro,sinpe,PU-001,Préstamo Hipotecario
TXN-00009340,CTA-357424,CLI-29967,2026-06-01 22:11:00,2229072.3,CRC,pago,sucursal,HE-001,Cuenta Ahorro
TXN-00009341,CTA-892470,CLI-74151,2026-06-13 09:49:00,3494196.3,CRC,transferencia,sinpe,CA-001,Cuenta Corriente
TXN-00009342,CTA-701193,CLI-61190,2026-06-05 16:05:00,670746.73,CRC,comision,web,PU-001,Cuenta Corriente
TXN-00009343,CTA-381444,CLI-97789,2026-06-23 21:59:00,353471.97,CRC,pago,web,LI-001,Préstamo Personal
TXN-00009344,CTA-821297,CLI-51404,2026-06-06 10:12:00,1013596.89,CRC,comision,sucursal,PU-001,Préstamo Hipotecario
TXN-00009345,CTA-871446,CLI-70899,2026-06-03 07:06:00,712495.77,CRC,comision,web,PU-001,Cuenta Corriente
TXN-00009346,CTA-685681,CLI-40213,2026-06-05 06:02:00,2830447.15,CRC,transferencia,atm,SJ-002,Cuenta Corriente
TXN-00009347,CTA-960931,CLI-15956,2026-06-06 22:39:00,3205972.81,CRC,comision,sucursal,PU-001,Tarjeta Crédito
TXN-00009348,CTA-771084,CLI-37829,2026-06-26 06:27:00,1411178.55,CRC,transferencia,atm,LI-002,Cuenta Corriente
TXN-00009349,CTA-675239,CLI-48034,2026-06-24 04:02:00,3875039.84,CRC,retiro,app_movil,LI-001,Tarjeta Crédito
TXN-00009350,CTA-746698,CLI-33486,2026-06-28 19:21:00,3143027.42,CRC,comision,web,LI-001,Préstamo Personal
TXN-00009351,CTA-431174,CLI-39819,2026-06-22 06:46:00,2167963.12,CRC,comision,web,LI-001,Préstamo Personal
TXN-00009352,CTA-459159,CLI-94598,2026-06-26 12:15:00,1560081.6,CRC,retiro,sinpe,SJ-002,Cuenta Ahorro
TXN-00009353,CTA-934493,CLI-36201,2026-06-14 22:58:00,4925162.6,CRC,retiro,web,SJ-002,Cuenta Ahorro
TXN-00009354,CTA-790783,CLI-49719,2026-06-09 13:27:00,4818422.21,CRC,deposito,sinpe,AL-001,Cuenta Corriente
TXN-00009355,CTA-689335,CLI-84784,2026-06-28 08:07:00,1551390.98,CRC,deposito,sucursal,HE-001,Cuenta Corriente
TXN-00009356,CTA-590280,CLI-40623,2026-06-24 16:58:00,703229.66,CRC,transferencia,sinpe,HE-001,Préstamo Hipotecario
TXN-00009357,CTA-599656,CLI-97560,2026-06-05 23:13:00,466263.69,CRC,comision,web,AL-001,Tarjeta Crédito
TXN-00009358,CTA-554261,CLI-20392,2026-06-13 13:32:00,2818442.38,CRC,retiro,app_movil,AL-001,Tarjeta Crédito
TXN-00009359,CTA-226043,CLI-85349,2026-06-07 17:52:00,137795.32,CRC,deposito,web,LI-002,Cuenta Ahorro
TXN-00009360,CTA-490717,CLI-29947,2026-06-14 00:21:00,4988486.34,CRC,deposito,sucursal,PU-001,Cuenta Ahorro
TXN-00009361,CTA-404536,CLI-38691,2026-06-17 01:17:00,768741.41,CRC,pago,web,PU-001,Cuenta Ahorro
TXN-00009362,CTA-139904,CLI-65553,2026-06-28 17:47:00,3616105.66,CRC,pago,atm,AL-001,Tarjeta Crédito
TXN-00009363,CTA-768314,CLI-65121,2026-06-17 16:57:00,4407466.0,CRC,pago,app_movil,PU-001,Cuenta Ahorro
TXN-00009364,CTA-170371,CLI-16694,2026-06-21 01:00:00,2199790.5,CRC,comision,atm,SJ-001,Tarjeta Crédito
TXN-00009365,CTA-632297,CLI-79271,2026-06-23 00:11:00,1168974.89,CRC,retiro,atm,LI-001,Préstamo Personal
TXN-00009366,CTA-581225,CLI-22190,2026-06-26 06:53:00,3439201.47,CRC,deposito,web,HE-001,Cuenta Corriente
TXN-00009367,CTA-830373,CLI-94211,2026-06-26 07:38:00,4268744.28,CRC,pago,sinpe,LI-001,Cuenta Corriente
TXN-00009368,CTA-673032,CLI-20601,2026-06-03 20:21:00,4209829.9,CRC,comision,sinpe,LI-002,Préstamo Personal
TXN-00009369,CTA-718226,CLI-25672,2026-06-15 23:22:00,1797752.23,CRC,comision,web,SJ-002,Cuenta Ahorro
TXN-00009370,CTA-380308,CLI-17475,2026-06-11 17:36:00,2333022.34,CRC,comision,web,CA-001,Cuenta Corriente
TXN-00009371,CTA-461433,CLI-62729,2026-06-27 04:07:00,2384626.98,CRC,retiro,app_movil,LI-001,Cuenta Corriente
TXN-00009372,CTA-610843,CLI-19171,2026-06-03 05:21:00,1292535.63,CRC,comision,atm,SJ-001,Cuenta Corriente
TXN-00009373,CTA-640969,CLI-54460,2026-06-20 18:16:00,4478839.93,CRC,comision,app_movil,LI-001,Cuenta Corriente
TXN-00009374,CTA-668255,CLI-64651,2026-06-09 19:33:00,4607285.29,CRC,deposito,atm,LI-002,Préstamo Personal
TXN-00009375,CTA-928671,CLI-70278,2026-06-10 08:11:00,271319.08,CRC,transferencia,sucursal,SJ-002,Cuenta Ahorro
TXN-00009376,CTA-780372,CLI-65515,2026-06-22 10:18:00,2231185.4,CRC,retiro,sucursal,CA-001,Cuenta Corriente
TXN-00009377,CTA-197331,CLI-29087,2026-06-13 12:26:00,21635.43,CRC,pago,app_movil,LI-002,Tarjeta Crédito
TXN-00009378,CTA-235070,CLI-62814,2026-06-19 12:26:00,4990904.31,CRC,pago,sinpe,AL-001,Cuenta Ahorro
TXN-00009379,CTA-198478,CLI-40422,2026-06-11 15:23:00,670995.41,CRC,transferencia,sucursal,PU-001,Cuenta Corriente
TXN-00009380,CTA-132645,CLI-29298,2026-06-12 10:40:00,2186263.89,CRC,comision,sinpe,LI-002,Préstamo Personal
TXN-00009381,CTA-118700,CLI-36493,2026-06-06 23:05:00,406237.17,CRC,deposito,sinpe,SJ-002,Préstamo Personal
TXN-00009382,CTA-718536,CLI-19044,2026-06-24 16:45:00,961273.22,CRC,retiro,atm,LI-001,Préstamo Hipotecario
TXN-00009383,CTA-869339,CLI-46944,2026-06-09 11:54:00,1248883.72,CRC,pago,sinpe,PU-001,Préstamo Hipotecario
TXN-00009384,CTA-818840,CLI-91219,2026-06-25 02:19:00,1485778.5,CRC,deposito,sinpe,AL-001,Préstamo Hipotecario
TXN-00009385,CTA-323716,CLI-84457,2026-06-23 16:20:00,3619157.9,CRC,deposito,web,SJ-002,Cuenta Ahorro
TXN-00009386,CTA-265414,CLI-94291,2026-06-09 23:55:00,2768611.78,CRC,retiro,sinpe,AL-001,Cuenta Ahorro
TXN-00009387,CTA-914237,CLI-36663,2026-06-21 19:38:00,1531635.02,CRC,comision,web,LI-001,Cuenta Corriente
TXN-00009388,CTA-395132,CLI-13523,2026-06-17 22:49:00,1428784.19,CRC,transferencia,atm,LI-001,Préstamo Personal
TXN-00009389,CTA-409287,CLI-24783,2026-06-15 16:45:00,961606.59,CRC,retiro,web,LI-001,Préstamo Hipotecario
TXN-00009390,CTA-991030,CLI-30728,2026-06-02 20:18:00,172025.04,CRC,transferencia,sinpe,LI-002,Préstamo Hipotecario
TXN-00009391,CTA-113210,CLI-71568,2026-06-06 08:06:00,3372667.38,CRC,deposito,web,HE-001,Préstamo Hipotecario
TXN-00009392,CTA-473574,CLI-36702,2026-06-21 21:29:00,2479216.0,CRC,pago,app_movil,PU-001,Cuenta Corriente
TXN-00009393,CTA-418575,CLI-54805,2026-06-13 13:24:00,3754558.52,CRC,pago,sinpe,LI-001,Tarjeta Crédito
TXN-00009394,CTA-341423,CLI-71084,2026-06-07 08:34:00,4307839.06,CRC,retiro,web,LI-002,Cuenta Ahorro
TXN-00009395,CTA-821642,CLI-85431,2026-06-08 13:30:00,4245032.29,CRC,transferencia,sucursal,PU-001,Préstamo Personal
TXN-00009396,CTA-697071,CLI-72430,2026-06-07 16:48:00,1562287.44,CRC,deposito,sucursal,HE-001,Cuenta Ahorro
TXN-00009397,CTA-404195,CLI-95094,2026-06-18 04:30:00,4678571.49,CRC,retiro,web,LI-001,Préstamo Hipotecario
TXN-00009398,CTA-201080,CLI-28847,2026-06-08 09:09:00,301594.73,CRC,transferencia,sinpe,SJ-001,Tarjeta Crédito
TXN-00009399,CTA-153588,CLI-27618,2026-06-11 17:28:00,3722587.46,CRC,comision,web,HE-001,Cuenta Corriente
TXN-00009400,CTA-922595,CLI-89855,2026-06-24 02:52:00,1181164.15,CRC,pago,app_movil,LI-001,Préstamo Personal
TXN-00009401,CTA-618074,CLI-45326,2026-06-12 19:57:00,383958.31,CRC,comision,sinpe,SJ-001,Préstamo Personal
TXN-00009402,CTA-333440,CLI-74260,2026-06-23 17:52:00,2142879.89,CRC,pago,sinpe,AL-001,Cuenta Ahorro
TXN-00009403,CTA-447005,CLI-84903,2026-06-12 23:09:00,347150.85,CRC,comision,sucursal,PU-001,Cuenta Corriente
TXN-00009404,CTA-414694,CLI-73488,2026-06-25 20:07:00,1473343.23,CRC,comision,atm,SJ-001,Cuenta Corriente
TXN-00009405,CTA-822629,CLI-53005,2026-06-15 21:49:00,3986801.71,CRC,deposito,atm,SJ-001,Préstamo Hipotecario
TXN-00009406,CTA-163646,CLI-41788,2026-06-13 10:24:00,2046304.14,CRC,transferencia,web,SJ-001,Cuenta Ahorro
TXN-00009407,CTA-179089,CLI-12324,2026-06-21 23:51:00,4455155.58,CRC,transferencia,app_movil,SJ-001,Cuenta Corriente
TXN-00009408,CTA-209992,CLI-91277,2026-06-28 06:29:00,2427807.67,CRC,transferencia,sucursal,SJ-002,Préstamo Personal
TXN-00009409,CTA-882347,CLI-44352,2026-06-07 19:03:00,2306667.57,CRC,deposito,sinpe,SJ-002,Préstamo Hipotecario
TXN-00009410,CTA-562858,CLI-57646,2026-06-26 09:14:00,2367721.18,CRC,retiro,app_movil,HE-001,Cuenta Corriente
TXN-00009411,CTA-884250,CLI-18399,2026-06-17 11:59:00,1612527.26,CRC,pago,atm,HE-001,Cuenta Ahorro
TXN-00009412,CTA-346310,CLI-60560,2026-06-12 02:28:00,2598203.78,CRC,pago,app_movil,AL-001,Cuenta Corriente
TXN-00009413,CTA-210145,CLI-82371,2026-06-27 23:50:00,1261479.29,CRC,comision,web,LI-002,Préstamo Hipotecario
TXN-00009414,CTA-613321,CLI-22581,2026-06-07 05:58:00,3651748.72,CRC,comision,sinpe,LI-002,Préstamo Hipotecario
TXN-00009415,CTA-818971,CLI-35346,2026-06-21 22:15:00,3169791.65,CRC,deposito,web,AL-001,Tarjeta Crédito
TXN-00009416,CTA-526615,CLI-95225,2026-06-16 19:03:00,4144256.03,CRC,deposito,web,LI-002,Tarjeta Crédito
TXN-00009417,CTA-938706,CLI-35760,2026-06-26 05:22:00,502314.06,CRC,deposito,app_movil,HE-001,Préstamo Hipotecario
TXN-00009418,CTA-527607,CLI-48312,2026-06-10 07:11:00,821325.24,CRC,pago,sucursal,AL-001,Cuenta Corriente
TXN-00009419,CTA-746020,CLI-75697,2026-06-20 02:48:00,2441075.22,CRC,retiro,web,PU-001,Cuenta Corriente
TXN-00009420,CTA-858714,CLI-13796,2026-06-27 22:50:00,3567570.22,CRC,retiro,sinpe,HE-001,Cuenta Ahorro
TXN-00009421,CTA-887412,CLI-76968,2026-06-28 03:46:00,1007031.76,CRC,deposito,sucursal,PU-001,Préstamo Personal
TXN-00009422,CTA-903161,CLI-83291,2026-06-15 04:48:00,4166691.81,CRC,deposito,sucursal,AL-001,Cuenta Corriente
TXN-00009423,CTA-269012,CLI-32250,2026-06-16 18:27:00,3141596.02,CRC,pago,atm,SJ-002,Préstamo Hipotecario
TXN-00009424,CTA-709815,CLI-94586,2026-06-04 20:59:00,2314238.66,CRC,retiro,atm,LI-002,Préstamo Personal
TXN-00009425,CTA-535574,CLI-79627,2026-06-25 04:15:00,2121679.31,CRC,deposito,sucursal,CA-001,Cuenta Ahorro
TXN-00009426,CTA-255715,CLI-52902,2026-06-01 18:57:00,3453382.37,CRC,retiro,web,LI-001,Cuenta Corriente
TXN-00009427,CTA-665647,CLI-93713,2026-06-02 20:31:00,3175850.9,CRC,deposito,sucursal,SJ-002,Cuenta Ahorro
TXN-00009428,CTA-651848,CLI-83592,2026-06-01 18:06:00,1063050.37,CRC,deposito,app_movil,LI-002,Cuenta Ahorro
TXN-00009429,CTA-755931,CLI-36059,2026-06-08 13:49:00,681894.0,CRC,pago,atm,SJ-002,Cuenta Ahorro
TXN-00009430,CTA-564448,CLI-93719,2026-06-05 07:54:00,388089.34,CRC,transferencia,atm,SJ-001,Cuenta Ahorro
TXN-00009431,CTA-136104,CLI-87212,2026-06-03 03:26:00,3519673.43,CRC,comision,app_movil,LI-001,Cuenta Corriente
TXN-00009432,CTA-628952,CLI-13686,2026-06-28 15:50:00,584624.26,CRC,comision,atm,LI-002,Cuenta Corriente
TXN-00009433,CTA-993622,CLI-52314,2026-06-04 18:59:00,4185650.82,CRC,deposito,atm,SJ-002,Cuenta Corriente
TXN-00009434,CTA-460266,CLI-17811,2026-06-08 12:48:00,3627280.74,CRC,deposito,app_movil,AL-001,Cuenta Ahorro
TXN-00009435,CTA-447605,CLI-17860,2026-06-23 22:08:00,3887041.36,CRC,comision,sucursal,LI-002,Préstamo Personal
TXN-00009436,CTA-157655,CLI-87204,2026-06-22 06:39:00,976393.13,CRC,pago,sucursal,SJ-001,Préstamo Hipotecario
TXN-00009437,CTA-199300,CLI-47257,2026-06-01 09:02:00,3082748.68,CRC,comision,sucursal,LI-002,Préstamo Personal
TXN-00009438,CTA-487841,CLI-24526,2026-06-05 21:23:00,158543.73,CRC,transferencia,app_movil,SJ-002,Tarjeta Crédito
TXN-00009439,CTA-433512,CLI-63679,2026-06-18 08:37:00,3938521.53,CRC,deposito,app_movil,SJ-002,Préstamo Hipotecario
TXN-00009440,CTA-410217,CLI-80706,2026-06-16 21:34:00,3969074.7,CRC,retiro,atm,CA-001,Préstamo Hipotecario
TXN-00009441,CTA-338904,CLI-64660,2026-06-03 23:27:00,2338383.85,CRC,retiro,atm,AL-001,Préstamo Personal
TXN-00009442,CTA-902193,CLI-40088,2026-06-28 22:46:00,1770459.68,CRC,retiro,atm,SJ-001,Préstamo Personal
TXN-00009443,CTA-895556,CLI-85650,2026-06-16 08:44:00,4025599.96,CRC,deposito,web,SJ-001,Préstamo Hipotecario
TXN-00009444,CTA-300746,CLI-94762,2026-06-09 19:04:00,3656213.33,CRC,pago,atm,LI-001,Cuenta Corriente
TXN-00009445,CTA-446644,CLI-76321,2026-06-29 16:57:00,2637731.24,CRC,comision,app_movil,LI-001,Cuenta Corriente
TXN-00009446,CTA-598239,CLI-21123,2026-06-25 19:39:00,1751811.56,CRC,pago,app_movil,LI-001,Préstamo Personal
TXN-00009447,CTA-554462,CLI-27273,2026-06-21 12:57:00,2362313.02,CRC,pago,app_movil,LI-001,Cuenta Corriente
TXN-00009448,CTA-398907,CLI-32615,2026-06-18 17:55:00,4727609.52,CRC,deposito,sucursal,SJ-002,Cuenta Corriente
TXN-00009449,CTA-869509,CLI-55732,2026-06-22 12:23:00,4605154.32,CRC,retiro,sinpe,CA-001,Préstamo Personal
TXN-00009450,CTA-168678,CLI-52189,2026-06-25 01:44:00,4296970.06,CRC,comision,web,AL-001,Préstamo Hipotecario
TXN-00009451,CTA-783486,CLI-83570,2026-06-01 23:06:00,3606041.29,CRC,pago,app_movil,SJ-001,Préstamo Personal
TXN-00009452,CTA-646015,CLI-51630,2026-06-28 12:45:00,311421.36,CRC,retiro,atm,SJ-001,Préstamo Personal
TXN-00009453,CTA-560091,CLI-49000,2026-06-15 21:27:00,304789.99,CRC,comision,app_movil,LI-001,Tarjeta Crédito
TXN-00009454,CTA-719421,CLI-44361,2026-06-14 14:44:00,1185651.01,CRC,transferencia,web,HE-001,Préstamo Hipotecario
TXN-00009455,CTA-534176,CLI-38399,2026-06-08 15:39:00,1994881.48,CRC,comision,atm,PU-001,Cuenta Corriente
TXN-00009456,CTA-339330,CLI-80026,2026-06-27 15:06:00,3573175.21,CRC,retiro,sucursal,SJ-002,Tarjeta Crédito
TXN-00009457,CTA-434336,CLI-54194,2026-06-29 00:30:00,4746540.6,CRC,retiro,sinpe,HE-001,Préstamo Hipotecario
TXN-00009458,CTA-810951,CLI-69488,2026-06-08 05:52:00,2306297.05,CRC,deposito,sucursal,LI-002,Tarjeta Crédito
TXN-00009459,CTA-948876,CLI-61416,2026-06-25 06:36:00,587774.54,CRC,deposito,app_movil,PU-001,Cuenta Corriente
TXN-00009460,CTA-961944,CLI-98236,2026-06-10 07:56:00,583665.33,CRC,pago,sinpe,SJ-002,Préstamo Personal
TXN-00009461,CTA-923544,CLI-70452,2026-06-04 01:43:00,3292533.95,CRC,comision,sinpe,LI-002,Cuenta Ahorro
TXN-00009462,CTA-160307,CLI-69072,2026-06-27 00:21:00,293108.39,CRC,pago,sucursal,CA-001,Tarjeta Crédito
TXN-00009463,CTA-929789,CLI-16790,2026-06-26 05:21:00,244167.43,CRC,comision,app_movil,HE-001,Préstamo Personal
TXN-00009464,CTA-907883,CLI-45636,2026-06-09 12:13:00,130729.14,CRC,pago,web,LI-001,Préstamo Personal
TXN-00009465,CTA-101957,CLI-64562,2026-06-01 04:05:00,4418620.57,CRC,comision,sinpe,LI-001,Cuenta Corriente
TXN-00009466,CTA-869794,CLI-30503,2026-06-09 07:26:00,3705072.58,CRC,comision,sinpe,LI-001,Préstamo Hipotecario
TXN-00009467,CTA-685838,CLI-44514,2026-06-21 17:08:00,2300870.28,CRC,deposito,web,CA-001,Cuenta Corriente
TXN-00009468,CTA-281778,CLI-45158,2026-06-12 23:21:00,2907938.4,CRC,deposito,web,SJ-002,Cuenta Corriente
TXN-00009469,CTA-300111,CLI-75324,2026-06-23 13:33:00,4993778.04,CRC,comision,web,LI-002,Cuenta Ahorro
TXN-00009470,CTA-335238,CLI-35518,2026-06-02 11:08:00,1643893.59,CRC,deposito,app_movil,SJ-001,Préstamo Hipotecario
TXN-00009471,CTA-985975,CLI-79056,2026-06-08 06:58:00,622455.27,CRC,pago,atm,LI-001,Préstamo Personal
TXN-00009472,CTA-876841,CLI-51615,2026-06-01 21:21:00,2641641.69,CRC,deposito,sucursal,HE-001,Cuenta Ahorro
TXN-00009473,CTA-890983,CLI-48502,2026-06-04 17:58:00,3901469.42,CRC,transferencia,web,CA-001,Cuenta Corriente
TXN-00009474,CTA-328847,CLI-72052,2026-06-16 16:17:00,1791461.01,CRC,deposito,atm,PU-001,Cuenta Corriente
TXN-00009475,CTA-639932,CLI-39045,2026-06-01 11:39:00,1284001.05,CRC,comision,sucursal,LI-002,Préstamo Personal
TXN-00009476,CTA-185861,CLI-28753,2026-06-25 11:32:00,4132796.29,CRC,deposito,sucursal,AL-001,Cuenta Corriente
TXN-00009477,CTA-997750,CLI-32745,2026-06-15 12:06:00,2023233.79,CRC,deposito,web,AL-001,Préstamo Personal
TXN-00009478,CTA-616308,CLI-51030,2026-06-22 11:21:00,3561570.08,CRC,pago,app_movil,LI-001,Préstamo Hipotecario
TXN-00009479,CTA-116477,CLI-13555,2026-06-20 17:14:00,704295.91,CRC,pago,sinpe,LI-002,Préstamo Personal
TXN-00009480,CTA-926681,CLI-77463,2026-06-12 03:16:00,1714282.8,CRC,pago,sinpe,PU-001,Tarjeta Crédito
TXN-00009481,CTA-790871,CLI-37596,2026-06-27 19:49:00,4258159.68,CRC,deposito,atm,AL-001,Cuenta Corriente
TXN-00009482,CTA-763557,CLI-83104,2026-06-06 00:15:00,4382904.16,CRC,deposito,web,SJ-001,Préstamo Hipotecario
TXN-00009483,CTA-445997,CLI-70103,2026-06-10 00:13:00,4979792.26,CRC,deposito,sinpe,SJ-002,Cuenta Corriente
TXN-00009484,CTA-529758,CLI-65743,2026-06-27 21:33:00,3462546.3,CRC,deposito,web,CA-001,Préstamo Personal
TXN-00009485,CTA-634852,CLI-41450,2026-06-17 09:45:00,2629592.02,CRC,pago,web,SJ-002,Cuenta Corriente
TXN-00009486,CTA-572561,CLI-20141,2026-06-20 03:47:00,3250699.68,CRC,retiro,atm,SJ-002,Tarjeta Crédito
TXN-00009487,CTA-378521,CLI-85194,2026-06-03 12:25:00,1721657.91,CRC,retiro,sinpe,LI-002,Cuenta Corriente
TXN-00009488,CTA-539364,CLI-44870,2026-06-22 18:49:00,4180151.05,CRC,deposito,sinpe,AL-001,Cuenta Ahorro
TXN-00009489,CTA-387921,CLI-18051,2026-06-13 06:36:00,1535089.02,CRC,retiro,sinpe,HE-001,Préstamo Hipotecario
TXN-00009490,CTA-189027,CLI-17401,2026-06-16 05:47:00,2968323.24,CRC,comision,web,LI-001,Préstamo Personal
TXN-00009491,CTA-557924,CLI-59533,2026-06-05 22:14:00,1569731.85,CRC,retiro,atm,LI-002,Préstamo Personal
TXN-00009492,CTA-968367,CLI-76525,2026-06-27 11:30:00,4213803.22,CRC,deposito,sinpe,SJ-001,Préstamo Personal
TXN-00009493,CTA-110003,CLI-71300,2026-06-24 15:46:00,808441.41,CRC,retiro,sinpe,CA-001,Préstamo Personal
TXN-00009494,CTA-103503,CLI-23834,2026-06-15 23:17:00,1167442.33,CRC,deposito,sucursal,HE-001,Préstamo Personal
TXN-00009495,CTA-581323,CLI-94956,2026-06-28 01:49:00,2625662.32,CRC,retiro,sucursal,AL-001,Tarjeta Crédito
TXN-00009496,CTA-740482,CLI-99016,2026-06-27 00:52:00,2037995.32,CRC,retiro,atm,LI-002,Préstamo Hipotecario
TXN-00009497,CTA-500108,CLI-15718,2026-06-23 12:03:00,3218365.49,CRC,deposito,sucursal,LI-002,Cuenta Corriente
TXN-00009498,CTA-481239,CLI-35862,2026-06-02 00:19:00,659033.85,CRC,deposito,app_movil,PU-001,Tarjeta Crédito
TXN-00009499,CTA-246081,CLI-61186,2026-06-23 09:52:00,2725393.4,CRC,transferencia,sucursal,SJ-002,Cuenta Ahorro
TXN-00009500,CTA-522005,CLI-79483,2026-06-21 18:03:00,3459512.0,CRC,transferencia,web,SJ-002,Préstamo Personal
TXN-00009501,CTA-483963,CLI-81006,2026-06-20 20:31:00,4294698.71,CRC,transferencia,app_movil,LI-001,Tarjeta Crédito
TXN-00009502,CTA-325468,CLI-68003,2026-06-09 08:33:00,3223038.13,CRC,transferencia,sinpe,SJ-002,Préstamo Personal
TXN-00009503,CTA-535169,CLI-74975,2026-06-09 19:25:00,1497698.65,CRC,deposito,sucursal,PU-001,Cuenta Corriente
TXN-00009504,CTA-864161,CLI-68424,2026-06-08 08:43:00,3041243.24,CRC,pago,atm,HE-001,Cuenta Corriente
TXN-00009505,CTA-878339,CLI-97710,2026-06-15 15:10:00,2371507.78,CRC,retiro,app_movil,LI-001,Cuenta Ahorro
TXN-00009506,CTA-496887,CLI-78874,2026-06-03 23:23:00,1238524.54,CRC,retiro,sinpe,SJ-002,Cuenta Corriente
TXN-00009507,CTA-554055,CLI-73666,2026-06-08 16:23:00,2884215.82,CRC,retiro,sucursal,AL-001,Cuenta Corriente
TXN-00009508,CTA-774352,CLI-20060,2026-06-23 13:02:00,3850792.94,CRC,retiro,atm,SJ-002,Cuenta Corriente
TXN-00009509,CTA-532753,CLI-78072,2026-06-30 04:59:00,945363.71,CRC,comision,atm,CA-001,Préstamo Hipotecario
TXN-00009510,CTA-315559,CLI-65887,2026-06-14 02:35:00,2473401.12,CRC,pago,web,AL-001,Tarjeta Crédito
TXN-00009511,CTA-403963,CLI-53483,2026-06-14 11:43:00,938462.64,CRC,pago,app_movil,LI-002,Préstamo Hipotecario
TXN-00009512,CTA-897222,CLI-67038,2026-06-16 00:40:00,1357188.77,CRC,comision,atm,LI-001,Préstamo Personal
TXN-00009513,CTA-144542,CLI-44149,2026-06-08 03:50:00,3434945.58,CRC,deposito,sucursal,LI-002,Préstamo Hipotecario
TXN-00009514,CTA-609652,CLI-21816,2026-06-05 05:19:00,2500053.84,CRC,pago,sinpe,LI-002,Préstamo Hipotecario
TXN-00009515,CTA-777585,CLI-83530,2026-06-14 01:05:00,1550555.94,CRC,retiro,sinpe,HE-001,Préstamo Personal
TXN-00009516,CTA-142060,CLI-11455,2026-06-10 16:51:00,1361172.47,CRC,transferencia,sucursal,AL-001,Préstamo Hipotecario
TXN-00009517,CTA-858570,CLI-45537,2026-06-30 22:40:00,4843222.47,CRC,pago,app_movil,LI-001,Cuenta Ahorro
TXN-00009518,CTA-192472,CLI-60183,2026-06-03 06:13:00,2205518.56,CRC,comision,app_movil,SJ-001,Préstamo Hipotecario
TXN-00009519,CTA-290074,CLI-45384,2026-06-02 23:44:00,3959525.14,CRC,retiro,sucursal,PU-001,Préstamo Hipotecario
TXN-00009520,CTA-510781,CLI-73160,2026-06-29 20:59:00,3193160.25,CRC,transferencia,sucursal,LI-002,Cuenta Ahorro
TXN-00009521,CTA-677747,CLI-72969,2026-06-29 09:35:00,2888092.68,CRC,transferencia,sinpe,CA-001,Préstamo Hipotecario
TXN-00009522,CTA-415225,CLI-25350,2026-06-03 07:58:00,2510981.0,CRC,comision,atm,LI-001,Préstamo Hipotecario
TXN-00009523,CTA-409899,CLI-99474,2026-06-09 08:19:00,2087760.68,CRC,deposito,app_movil,HE-001,Préstamo Hipotecario
TXN-00009524,CTA-860633,CLI-45337,2026-06-24 18:03:00,4205332.08,CRC,pago,web,SJ-001,Cuenta Corriente
TXN-00009525,CTA-543060,CLI-88899,2026-06-01 19:38:00,536256.03,CRC,retiro,sinpe,PU-001,Tarjeta Crédito
TXN-00009526,CTA-130739,CLI-61946,2026-06-23 07:39:00,2556392.2,CRC,retiro,web,CA-001,Cuenta Corriente
TXN-00009527,CTA-490176,CLI-14799,2026-06-20 23:45:00,353405.39,CRC,comision,sucursal,AL-001,Cuenta Ahorro
TXN-00009528,CTA-421615,CLI-16031,2026-06-18 21:35:00,1998876.32,CRC,transferencia,atm,SJ-002,Préstamo Personal
TXN-00009529,CTA-744678,CLI-12658,2026-06-14 00:01:00,4950902.78,CRC,deposito,web,LI-001,Tarjeta Crédito
TXN-00009530,CTA-108243,CLI-19459,2026-06-08 18:15:00,307085.2,CRC,pago,atm,HE-001,Tarjeta Crédito
TXN-00009531,CTA-349720,CLI-52672,2026-06-02 02:50:00,2960728.56,CRC,pago,sinpe,HE-001,Cuenta Corriente
TXN-00009532,CTA-594714,CLI-73635,2026-06-14 03:08:00,757378.11,CRC,deposito,app_movil,SJ-002,Tarjeta Crédito
TXN-00009533,CTA-646164,CLI-74866,2026-06-11 21:51:00,4796047.51,CRC,comision,sucursal,CA-001,Préstamo Hipotecario
TXN-00009534,CTA-261572,CLI-41562,2026-06-11 20:44:00,2971425.28,CRC,comision,app_movil,AL-001,Cuenta Corriente
TXN-00009535,CTA-784423,CLI-15934,2026-06-30 20:25:00,1390590.88,CRC,deposito,web,LI-002,Tarjeta Crédito
TXN-00009536,CTA-662660,CLI-92601,2026-06-11 04:04:00,1933939.06,CRC,transferencia,sucursal,AL-001,Cuenta Ahorro
TXN-00009537,CTA-862080,CLI-92736,2026-06-11 04:19:00,1922854.17,CRC,retiro,atm,LI-002,Préstamo Personal
TXN-00009538,CTA-386721,CLI-29073,2026-06-22 13:37:00,2964535.74,CRC,transferencia,web,AL-001,Cuenta Ahorro
TXN-00009539,CTA-400479,CLI-72765,2026-06-07 07:10:00,4514134.73,CRC,retiro,sinpe,AL-001,Cuenta Ahorro
TXN-00009540,CTA-882894,CLI-40940,2026-06-30 04:52:00,1097221.98,CRC,retiro,web,CA-001,Cuenta Corriente
TXN-00009541,CTA-790509,CLI-68392,2026-06-10 20:51:00,681558.74,CRC,transferencia,web,AL-001,Cuenta Corriente
TXN-00009542,CTA-420030,CLI-99362,2026-06-23 16:55:00,2638824.03,CRC,transferencia,app_movil,LI-001,Préstamo Personal
TXN-00009543,CTA-944228,CLI-76481,2026-06-10 23:10:00,3116186.95,CRC,deposito,sinpe,SJ-001,Cuenta Corriente
TXN-00009544,CTA-791565,CLI-28647,2026-06-27 03:17:00,1445611.9,CRC,transferencia,app_movil,AL-001,Cuenta Ahorro
TXN-00009545,CTA-473504,CLI-88970,2026-06-28 06:52:00,4905888.05,CRC,pago,atm,PU-001,Cuenta Ahorro
TXN-00009546,CTA-897741,CLI-91210,2026-06-07 06:02:00,745619.58,CRC,retiro,sinpe,CA-001,Préstamo Personal
TXN-00009547,CTA-961202,CLI-89447,2026-06-12 21:53:00,4088412.97,CRC,retiro,sinpe,SJ-001,Cuenta Ahorro
TXN-00009548,CTA-485610,CLI-20877,2026-06-19 13:06:00,2194698.21,CRC,transferencia,atm,LI-002,Tarjeta Crédito
TXN-00009549,CTA-868787,CLI-50096,2026-06-13 06:30:00,1421281.37,CRC,retiro,sinpe,HE-001,Préstamo Personal
TXN-00009550,CTA-689461,CLI-34662,2026-06-11 03:01:00,734990.49,CRC,retiro,sucursal,LI-002,Cuenta Ahorro
TXN-00009551,CTA-806128,CLI-56267,2026-06-12 13:08:00,1014831.62,CRC,transferencia,web,CA-001,Cuenta Ahorro
TXN-00009552,CTA-723102,CLI-35676,2026-06-23 10:01:00,462763.8,CRC,deposito,app_movil,LI-001,Préstamo Personal
TXN-00009553,CTA-540519,CLI-43065,2026-06-16 00:20:00,570180.76,CRC,transferencia,web,CA-001,Préstamo Hipotecario
TXN-00009554,CTA-980031,CLI-68090,2026-06-18 05:04:00,4552060.5,CRC,deposito,atm,LI-002,Préstamo Personal
TXN-00009555,CTA-752296,CLI-94624,2026-06-05 20:57:00,468942.86,CRC,deposito,sinpe,LI-002,Cuenta Ahorro
TXN-00009556,CTA-514675,CLI-31875,2026-06-11 11:12:00,1162287.41,CRC,transferencia,atm,CA-001,Cuenta Corriente
TXN-00009557,CTA-677810,CLI-49988,2026-06-06 13:41:00,1676807.16,CRC,deposito,app_movil,CA-001,Cuenta Ahorro
TXN-00009558,CTA-344333,CLI-67817,2026-06-12 20:24:00,391125.29,CRC,retiro,sucursal,SJ-002,Cuenta Corriente
TXN-00009559,CTA-187054,CLI-69649,2026-06-29 21:37:00,662356.36,CRC,retiro,sinpe,AL-001,Cuenta Ahorro
TXN-00009560,CTA-141219,CLI-62010,2026-06-06 17:43:00,3873522.5,CRC,comision,web,PU-001,Préstamo Hipotecario
TXN-00009561,CTA-100769,CLI-72994,2026-06-30 05:55:00,2106580.82,CRC,deposito,sinpe,PU-001,Préstamo Hipotecario
TXN-00009562,CTA-666108,CLI-63418,2026-06-19 19:16:00,2720138.7,CRC,retiro,sinpe,HE-001,Préstamo Hipotecario
TXN-00009563,CTA-550052,CLI-83493,2026-06-24 04:38:00,1564409.52,CRC,deposito,sinpe,LI-002,Cuenta Ahorro
TXN-00009564,CTA-184819,CLI-21326,2026-06-29 10:39:00,2871195.3,CRC,deposito,sucursal,LI-001,Préstamo Hipotecario
TXN-00009565,CTA-317674,CLI-78946,2026-06-24 21:58:00,2909683.96,CRC,retiro,atm,HE-001,Cuenta Corriente
TXN-00009566,CTA-564801,CLI-58378,2026-06-26 21:02:00,732796.34,CRC,retiro,sucursal,CA-001,Préstamo Hipotecario
TXN-00009567,CTA-880464,CLI-61945,2026-06-18 16:24:00,4240924.25,CRC,retiro,sucursal,HE-001,Cuenta Corriente
TXN-00009568,CTA-892580,CLI-11713,2026-06-04 17:18:00,3628945.58,CRC,pago,atm,CA-001,Cuenta Ahorro
TXN-00009569,CTA-824681,CLI-61382,2026-06-10 04:09:00,1186517.71,CRC,comision,app_movil,AL-001,Cuenta Corriente
TXN-00009570,CTA-815751,CLI-24530,2026-06-26 09:34:00,1901434.92,CRC,deposito,atm,PU-001,Cuenta Corriente
TXN-00009571,CTA-912877,CLI-97659,2026-06-18 12:54:00,4144665.55,CRC,transferencia,web,HE-001,Tarjeta Crédito
TXN-00009572,CTA-535528,CLI-59133,2026-06-28 12:53:00,960186.89,CRC,comision,web,AL-001,Préstamo Hipotecario
TXN-00009573,CTA-154296,CLI-79080,2026-06-07 21:18:00,2923894.27,CRC,deposito,app_movil,PU-001,Tarjeta Crédito
TXN-00009574,CTA-268047,CLI-64552,2026-06-21 17:20:00,996346.84,CRC,deposito,app_movil,SJ-001,Préstamo Hipotecario
TXN-00009575,CTA-792162,CLI-34873,2026-06-23 22:27:00,4294280.47,CRC,comision,app_movil,HE-001,Cuenta Ahorro
TXN-00009576,CTA-966648,CLI-12812,2026-06-13 04:03:00,1226607.32,CRC,transferencia,sucursal,LI-002,Préstamo Hipotecario
TXN-00009577,CTA-268798,CLI-91678,2026-06-24 13:31:00,505110.52,CRC,deposito,atm,CA-001,Tarjeta Crédito
TXN-00009578,CTA-541372,CLI-26324,2026-06-08 08:10:00,1191707.2,CRC,pago,app_movil,AL-001,Cuenta Corriente
TXN-00009579,CTA-981703,CLI-83228,2026-06-01 22:47:00,742255.86,CRC,comision,sucursal,LI-002,Préstamo Hipotecario
TXN-00009580,CTA-883205,CLI-93891,2026-06-08 19:14:00,632908.05,CRC,deposito,app_movil,SJ-002,Cuenta Corriente
TXN-00009581,CTA-535134,CLI-16174,2026-06-17 11:17:00,29423.49,CRC,comision,web,SJ-002,Préstamo Hipotecario
TXN-00009582,CTA-395182,CLI-98355,2026-06-14 18:23:00,3381812.4,CRC,retiro,app_movil,LI-002,Préstamo Hipotecario
TXN-00009583,CTA-525064,CLI-65932,2026-06-20 21:58:00,4167529.0,CRC,retiro,app_movil,LI-002,Cuenta Corriente
TXN-00009584,CTA-180449,CLI-88227,2026-06-03 07:05:00,1671037.04,CRC,transferencia,sucursal,HE-001,Cuenta Ahorro
TXN-00009585,CTA-947676,CLI-41245,2026-06-10 18:31:00,1635827.71,CRC,retiro,web,PU-001,Cuenta Corriente
TXN-00009586,CTA-287325,CLI-94368,2026-06-12 18:23:00,3878049.71,CRC,transferencia,app_movil,LI-002,Préstamo Personal
TXN-00009587,CTA-959271,CLI-26696,2026-06-18 04:53:00,981047.31,CRC,pago,atm,AL-001,Cuenta Corriente
TXN-00009588,CTA-957612,CLI-44011,2026-06-27 11:13:00,4536723.57,CRC,comision,sucursal,HE-001,Cuenta Corriente
TXN-00009589,CTA-992119,CLI-38067,2026-06-23 13:17:00,3735312.17,CRC,pago,app_movil,HE-001,Cuenta Corriente
TXN-00009590,CTA-637349,CLI-72183,2026-06-19 02:58:00,2181858.81,CRC,pago,sucursal,SJ-002,Cuenta Corriente
TXN-00009591,CTA-259380,CLI-96191,2026-06-23 01:38:00,2326275.58,CRC,transferencia,web,CA-001,Tarjeta Crédito
TXN-00009592,CTA-522422,CLI-37333,2026-06-25 19:33:00,2653668.39,CRC,comision,app_movil,HE-001,Préstamo Personal
TXN-00009593,CTA-925977,CLI-77284,2026-06-02 11:39:00,4112049.05,CRC,comision,sinpe,SJ-002,Préstamo Hipotecario
TXN-00009594,CTA-436903,CLI-67888,2026-06-05 15:16:00,718837.4,CRC,comision,sinpe,SJ-001,Cuenta Ahorro
TXN-00009595,CTA-343345,CLI-98811,2026-06-08 21:17:00,4661840.45,CRC,transferencia,sinpe,CA-001,Préstamo Personal
TXN-00009596,CTA-248491,CLI-96058,2026-06-07 04:51:00,1368562.28,CRC,retiro,sucursal,CA-001,Tarjeta Crédito
TXN-00009597,CTA-179836,CLI-12183,2026-06-06 23:13:00,2089524.94,CRC,deposito,atm,AL-001,Tarjeta Crédito
TXN-00009598,CTA-480925,CLI-59942,2026-06-07 10:08:00,4470421.59,CRC,pago,atm,CA-001,Préstamo Personal
TXN-00009599,CTA-902084,CLI-62931,2026-06-21 13:41:00,63805.43,CRC,deposito,sucursal,PU-001,Tarjeta Crédito
TXN-00009600,CTA-416453,CLI-32606,2026-06-06 15:43:00,1291157.15,CRC,deposito,app_movil,LI-002,Préstamo Hipotecario
TXN-00009601,CTA-662599,CLI-77103,2026-06-15 03:53:00,4974511.02,CRC,comision,sucursal,CA-001,Préstamo Hipotecario
TXN-00009602,CTA-556413,CLI-89255,2026-06-02 05:08:00,3525526.07,CRC,pago,atm,CA-001,Préstamo Personal
TXN-00009603,CTA-257295,CLI-61434,2026-06-20 15:47:00,3828414.87,CRC,comision,web,SJ-001,Tarjeta Crédito
TXN-00009604,CTA-757016,CLI-23465,2026-06-26 10:59:00,555604.21,CRC,pago,web,LI-001,Préstamo Personal
TXN-00009605,CTA-940401,CLI-99671,2026-06-06 05:05:00,1402370.74,CRC,pago,sinpe,AL-001,Tarjeta Crédito
TXN-00009606,CTA-416786,CLI-66076,2026-06-27 15:46:00,1890873.45,CRC,comision,sucursal,LI-002,Préstamo Personal
TXN-00009607,CTA-267827,CLI-72014,2026-06-17 17:31:00,915725.65,CRC,pago,atm,SJ-001,Préstamo Personal
TXN-00009608,CTA-671239,CLI-34022,2026-06-28 23:13:00,4967113.78,CRC,transferencia,atm,HE-001,Tarjeta Crédito
TXN-00009609,CTA-409238,CLI-69267,2026-06-22 06:58:00,1216849.72,CRC,comision,sucursal,PU-001,Cuenta Corriente
TXN-00009610,CTA-795114,CLI-60643,2026-06-03 04:13:00,958668.13,CRC,comision,sucursal,SJ-002,Tarjeta Crédito
TXN-00009611,CTA-235345,CLI-98513,2026-06-08 05:55:00,1173425.67,CRC,transferencia,sucursal,SJ-002,Cuenta Corriente
TXN-00009612,CTA-338337,CLI-51034,2026-06-14 02:17:00,3739051.65,CRC,retiro,app_movil,PU-001,Préstamo Personal
TXN-00009613,CTA-949151,CLI-72294,2026-06-29 22:56:00,4902702.64,CRC,retiro,web,SJ-001,Préstamo Personal
TXN-00009614,CTA-946272,CLI-16223,2026-06-21 16:29:00,4436695.5,CRC,retiro,app_movil,CA-001,Cuenta Ahorro
TXN-00009615,CTA-151125,CLI-73676,2026-06-02 18:03:00,955167.94,CRC,pago,sinpe,HE-001,Cuenta Corriente
TXN-00009616,CTA-193277,CLI-57235,2026-06-02 06:31:00,651729.9,CRC,retiro,sucursal,SJ-002,Cuenta Ahorro
TXN-00009617,CTA-697712,CLI-90205,2026-06-23 20:59:00,312583.9,CRC,transferencia,atm,HE-001,Tarjeta Crédito
TXN-00009618,CTA-609116,CLI-26088,2026-06-01 10:42:00,4168946.55,CRC,comision,app_movil,PU-001,Cuenta Corriente
TXN-00009619,CTA-660456,CLI-58007,2026-06-18 11:40:00,355094.96,CRC,transferencia,atm,CA-001,Préstamo Hipotecario
TXN-00009620,CTA-865853,CLI-59988,2026-06-03 10:48:00,1945571.34,CRC,transferencia,web,PU-001,Cuenta Ahorro
TXN-00009621,CTA-912990,CLI-65291,2026-06-29 23:05:00,3326520.22,CRC,transferencia,app_movil,SJ-001,Préstamo Personal
TXN-00009622,CTA-520756,CLI-51840,2026-06-16 20:10:00,662533.17,CRC,transferencia,web,SJ-002,Cuenta Ahorro
TXN-00009623,CTA-922948,CLI-95229,2026-06-22 22:59:00,1363590.5,CRC,deposito,atm,SJ-001,Cuenta Corriente
TXN-00009624,CTA-571703,CLI-67475,2026-06-17 12:50:00,1178665.77,CRC,comision,web,AL-001,Cuenta Corriente
TXN-00009625,CTA-457668,CLI-45532,2026-06-02 05:21:00,2837889.63,CRC,transferencia,app_movil,SJ-001,Préstamo Personal
TXN-00009626,CTA-755879,CLI-72234,2026-06-29 23:52:00,4028545.95,CRC,pago,sucursal,CA-001,Cuenta Ahorro
TXN-00009627,CTA-439702,CLI-48941,2026-06-24 10:28:00,931754.48,CRC,retiro,sucursal,SJ-002,Préstamo Personal
TXN-00009628,CTA-316578,CLI-74677,2026-06-03 02:59:00,773708.05,CRC,pago,app_movil,PU-001,Cuenta Ahorro
TXN-00009629,CTA-133617,CLI-68415,2026-06-30 00:49:00,3150164.4,CRC,retiro,web,SJ-001,Cuenta Ahorro
TXN-00009630,CTA-145457,CLI-41711,2026-06-19 00:06:00,4136659.93,CRC,deposito,web,PU-001,Préstamo Hipotecario
TXN-00009631,CTA-570642,CLI-89461,2026-06-30 06:01:00,2177566.66,CRC,deposito,atm,LI-002,Préstamo Personal
TXN-00009632,CTA-452996,CLI-53940,2026-06-30 07:24:00,110008.05,CRC,comision,sucursal,PU-001,Cuenta Corriente
TXN-00009633,CTA-297303,CLI-45877,2026-06-27 13:47:00,2868834.25,CRC,transferencia,sinpe,HE-001,Préstamo Hipotecario
TXN-00009634,CTA-747573,CLI-15720,2026-06-04 01:45:00,428021.25,CRC,retiro,sinpe,PU-001,Préstamo Personal
TXN-00009635,CTA-281251,CLI-28271,2026-06-28 17:44:00,2083125.4,CRC,transferencia,atm,AL-001,Tarjeta Crédito
TXN-00009636,CTA-212514,CLI-91260,2026-06-21 06:33:00,4405746.08,CRC,transferencia,atm,HE-001,Cuenta Corriente
TXN-00009637,CTA-126251,CLI-40426,2026-06-24 17:26:00,2169886.03,CRC,pago,sucursal,SJ-001,Tarjeta Crédito
TXN-00009638,CTA-499177,CLI-20244,2026-06-01 14:25:00,3547965.51,CRC,pago,sinpe,SJ-002,Cuenta Ahorro
TXN-00009639,CTA-307265,CLI-42560,2026-06-06 14:42:00,4644769.26,CRC,pago,sucursal,CA-001,Tarjeta Crédito
TXN-00009640,CTA-381829,CLI-97286,2026-06-15 16:38:00,2670923.79,CRC,retiro,sucursal,AL-001,Cuenta Ahorro
TXN-00009641,CTA-954047,CLI-59085,2026-06-18 13:52:00,1387528.05,CRC,comision,app_movil,HE-001,Préstamo Personal
TXN-00009642,CTA-200595,CLI-53031,2026-06-14 17:50:00,2079637.93,CRC,retiro,sinpe,HE-001,Préstamo Personal
TXN-00009643,CTA-741943,CLI-24327,2026-06-26 02:28:00,1639943.97,CRC,transferencia,web,SJ-002,Préstamo Personal
TXN-00009644,CTA-824585,CLI-87020,2026-06-14 17:29:00,3150842.68,CRC,transferencia,sinpe,SJ-001,Cuenta Corriente
TXN-00009645,CTA-801719,CLI-81132,2026-06-20 23:21:00,2118496.45,CRC,deposito,sucursal,SJ-001,Tarjeta Crédito
TXN-00009646,CTA-262855,CLI-90828,2026-06-21 00:12:00,1965175.4,CRC,comision,sucursal,SJ-001,Cuenta Ahorro
TXN-00009647,CTA-599078,CLI-16740,2026-06-13 02:02:00,335578.44,CRC,pago,web,LI-002,Tarjeta Crédito
TXN-00009648,CTA-134518,CLI-12396,2026-06-28 16:52:00,4079351.43,CRC,deposito,sucursal,PU-001,Cuenta Corriente
TXN-00009649,CTA-909297,CLI-65237,2026-06-26 21:43:00,3102940.89,CRC,transferencia,web,LI-002,Cuenta Corriente
TXN-00009650,CTA-529536,CLI-96871,2026-06-30 15:31:00,3448255.77,CRC,deposito,app_movil,HE-001,Préstamo Personal
TXN-00009651,CTA-425480,CLI-67202,2026-06-16 12:46:00,347652.07,CRC,pago,sucursal,PU-001,Tarjeta Crédito
TXN-00009652,CTA-987083,CLI-58719,2026-06-19 18:15:00,322184.6,CRC,deposito,web,LI-001,Cuenta Ahorro
TXN-00009653,CTA-214528,CLI-46016,2026-06-23 20:12:00,875938.45,CRC,retiro,sucursal,SJ-001,Préstamo Hipotecario
TXN-00009654,CTA-714523,CLI-73790,2026-06-14 07:22:00,1435744.64,CRC,comision,atm,LI-002,Cuenta Corriente
TXN-00009655,CTA-177249,CLI-89563,2026-06-10 13:52:00,4802543.96,CRC,transferencia,sinpe,PU-001,Cuenta Corriente
TXN-00009656,CTA-494437,CLI-40403,2026-06-30 04:32:00,1333617.77,CRC,transferencia,sinpe,HE-001,Cuenta Corriente
TXN-00009657,CTA-572045,CLI-27963,2026-06-02 22:29:00,4662226.94,CRC,comision,app_movil,AL-001,Préstamo Personal
TXN-00009658,CTA-240448,CLI-24318,2026-06-05 15:11:00,622784.26,CRC,retiro,sinpe,HE-001,Cuenta Corriente
TXN-00009659,CTA-305505,CLI-61223,2026-06-16 18:37:00,338378.08,CRC,retiro,web,HE-001,Cuenta Ahorro
TXN-00009660,CTA-416056,CLI-86694,2026-06-05 03:11:00,4953490.62,CRC,transferencia,web,CA-001,Cuenta Corriente
TXN-00009661,CTA-267882,CLI-91773,2026-06-22 05:09:00,3598299.93,CRC,transferencia,sucursal,SJ-002,Cuenta Corriente
TXN-00009662,CTA-459193,CLI-31458,2026-06-27 19:56:00,2720994.68,CRC,retiro,sucursal,CA-001,Préstamo Hipotecario
TXN-00009663,CTA-426212,CLI-34275,2026-06-10 22:22:00,4758024.34,CRC,retiro,app_movil,SJ-002,Cuenta Corriente
TXN-00009664,CTA-710294,CLI-69260,2026-06-17 11:55:00,2416178.67,CRC,deposito,atm,HE-001,Préstamo Hipotecario
TXN-00009665,CTA-845459,CLI-32798,2026-06-29 11:49:00,391723.04,CRC,deposito,web,CA-001,Cuenta Corriente
TXN-00009666,CTA-932121,CLI-50626,2026-06-15 07:07:00,2913144.13,CRC,retiro,sucursal,CA-001,Préstamo Hipotecario
TXN-00009667,CTA-180259,CLI-27050,2026-06-13 14:25:00,4208692.01,CRC,comision,sinpe,LI-001,Cuenta Ahorro
TXN-00009668,CTA-635228,CLI-45435,2026-06-25 09:10:00,3481451.75,CRC,retiro,app_movil,LI-002,Cuenta Corriente
TXN-00009669,CTA-184067,CLI-44440,2026-06-20 22:38:00,2859957.57,CRC,comision,web,HE-001,Préstamo Personal
TXN-00009670,CTA-104742,CLI-10800,2026-06-13 19:02:00,2209770.05,CRC,comision,sucursal,AL-001,Cuenta Corriente
TXN-00009671,CTA-915871,CLI-64822,2026-06-05 14:43:00,305105.28,CRC,comision,sinpe,LI-002,Cuenta Ahorro
TXN-00009672,CTA-158622,CLI-20436,2026-06-07 17:24:00,4069030.56,CRC,deposito,web,AL-001,Cuenta Ahorro
TXN-00009673,CTA-535652,CLI-80868,2026-06-24 04:48:00,439939.66,CRC,deposito,web,SJ-001,Cuenta Ahorro
TXN-00009674,CTA-586270,CLI-58076,2026-06-08 19:37:00,4075789.24,CRC,deposito,web,SJ-002,Préstamo Personal
TXN-00009675,CTA-970750,CLI-82948,2026-06-07 20:10:00,2518421.91,CRC,comision,app_movil,SJ-002,Préstamo Personal
TXN-00009676,CTA-796160,CLI-53808,2026-06-20 01:52:00,3215435.88,CRC,pago,atm,LI-001,Tarjeta Crédito
TXN-00009677,CTA-124109,CLI-16576,2026-06-11 14:52:00,4876705.85,CRC,retiro,web,HE-001,Préstamo Personal
TXN-00009678,CTA-241352,CLI-69946,2026-06-04 18:13:00,344292.36,CRC,pago,atm,PU-001,Cuenta Ahorro
TXN-00009679,CTA-320246,CLI-99011,2026-06-28 19:01:00,1296128.44,CRC,deposito,web,LI-001,Cuenta Corriente
TXN-00009680,CTA-216341,CLI-46570,2026-06-04 08:21:00,2952940.42,CRC,retiro,app_movil,PU-001,Préstamo Hipotecario
TXN-00009681,CTA-353191,CLI-16756,2026-06-17 20:15:00,2833362.16,CRC,deposito,atm,AL-001,Tarjeta Crédito
TXN-00009682,CTA-710052,CLI-44934,2026-06-28 14:11:00,784713.0,CRC,pago,sinpe,AL-001,Préstamo Hipotecario
TXN-00009683,CTA-527472,CLI-63884,2026-06-22 07:21:00,3146271.86,CRC,deposito,app_movil,PU-001,Préstamo Hipotecario
TXN-00009684,CTA-151854,CLI-22260,2026-06-17 22:29:00,182509.48,CRC,deposito,sinpe,LI-002,Cuenta Ahorro
TXN-00009685,CTA-678359,CLI-67234,2026-06-03 17:24:00,1155340.2,CRC,pago,atm,LI-002,Tarjeta Crédito
TXN-00009686,CTA-447452,CLI-73246,2026-06-22 13:01:00,3042516.95,CRC,retiro,sinpe,SJ-002,Cuenta Corriente
TXN-00009687,CTA-340825,CLI-81618,2026-06-09 16:31:00,346883.08,CRC,pago,atm,HE-001,Cuenta Corriente
TXN-00009688,CTA-811358,CLI-96397,2026-06-22 02:46:00,4872942.52,CRC,retiro,web,PU-001,Cuenta Ahorro
TXN-00009689,CTA-718014,CLI-13724,2026-06-23 01:48:00,1723325.17,CRC,pago,sucursal,AL-001,Tarjeta Crédito
TXN-00009690,CTA-909312,CLI-25368,2026-06-28 20:57:00,605740.56,CRC,transferencia,app_movil,CA-001,Cuenta Corriente
TXN-00009691,CTA-718415,CLI-79081,2026-06-02 09:07:00,874138.2,CRC,retiro,atm,SJ-002,Préstamo Hipotecario
TXN-00009692,CTA-187385,CLI-22704,2026-06-20 16:26:00,1090822.0,CRC,deposito,sucursal,SJ-002,Tarjeta Crédito
TXN-00009693,CTA-821185,CLI-21208,2026-06-24 15:49:00,2273497.1,CRC,deposito,sinpe,SJ-001,Cuenta Corriente
TXN-00009694,CTA-366087,CLI-54753,2026-06-08 13:24:00,4686407.84,CRC,comision,sucursal,SJ-001,Préstamo Hipotecario
TXN-00009695,CTA-494908,CLI-39592,2026-06-22 15:38:00,3047066.25,CRC,comision,atm,LI-001,Tarjeta Crédito
TXN-00009696,CTA-509947,CLI-81675,2026-06-12 08:55:00,3629111.56,CRC,deposito,sinpe,LI-001,Préstamo Personal
TXN-00009697,CTA-955371,CLI-99024,2026-06-18 11:43:00,4135898.7,CRC,deposito,app_movil,AL-001,Cuenta Ahorro
TXN-00009698,CTA-588166,CLI-99394,2026-06-21 04:38:00,1955366.92,CRC,transferencia,web,CA-001,Cuenta Corriente
TXN-00009699,CTA-828584,CLI-80530,2026-06-24 13:56:00,1656777.17,CRC,deposito,web,SJ-002,Préstamo Personal
TXN-00009700,CTA-547503,CLI-79000,2026-06-25 14:44:00,1071910.74,CRC,retiro,web,CA-001,Cuenta Corriente
TXN-00009701,CTA-912712,CLI-56578,2026-06-14 05:28:00,1983226.97,CRC,transferencia,web,HE-001,Tarjeta Crédito
TXN-00009702,CTA-146048,CLI-27815,2026-06-11 02:39:00,308970.09,CRC,pago,web,SJ-002,Préstamo Hipotecario
TXN-00009703,CTA-291541,CLI-72180,2026-06-28 17:16:00,1549774.96,CRC,transferencia,web,LI-002,Cuenta Corriente
TXN-00009704,CTA-491020,CLI-55835,2026-06-13 10:38:00,880461.82,CRC,retiro,sinpe,SJ-002,Cuenta Corriente
TXN-00009705,CTA-738561,CLI-74957,2026-06-19 10:51:00,1014513.82,CRC,comision,atm,LI-001,Tarjeta Crédito
TXN-00009706,CTA-799305,CLI-53746,2026-06-21 13:07:00,49605.5,CRC,comision,web,HE-001,Préstamo Personal
TXN-00009707,CTA-955914,CLI-32508,2026-06-24 22:54:00,4628016.43,CRC,pago,sucursal,HE-001,Tarjeta Crédito
TXN-00009708,CTA-277441,CLI-79434,2026-06-12 15:45:00,4238960.2,CRC,retiro,sucursal,LI-001,Tarjeta Crédito
TXN-00009709,CTA-646778,CLI-86512,2026-06-02 07:54:00,942425.55,CRC,deposito,sucursal,AL-001,Cuenta Ahorro
TXN-00009710,CTA-561389,CLI-23786,2026-06-27 10:04:00,973618.27,CRC,transferencia,app_movil,HE-001,Cuenta Corriente
TXN-00009711,CTA-804464,CLI-42354,2026-06-03 04:07:00,4192111.12,CRC,comision,atm,AL-001,Cuenta Corriente
TXN-00009712,CTA-717996,CLI-17353,2026-06-15 01:04:00,3364194.65,CRC,deposito,sinpe,AL-001,Tarjeta Crédito
TXN-00009713,CTA-606304,CLI-44107,2026-06-02 20:12:00,2209774.62,CRC,comision,app_movil,SJ-002,Préstamo Hipotecario
TXN-00009714,CTA-693762,CLI-58508,2026-06-08 23:04:00,703295.27,CRC,deposito,app_movil,CA-001,Cuenta Corriente
TXN-00009715,CTA-978493,CLI-69171,2026-06-27 21:03:00,4432677.44,CRC,deposito,sucursal,PU-001,Tarjeta Crédito
TXN-00009716,CTA-534194,CLI-85727,2026-06-29 08:22:00,367255.49,CRC,comision,sucursal,SJ-002,Tarjeta Crédito
TXN-00009717,CTA-249983,CLI-89698,2026-06-21 19:25:00,2316910.63,CRC,pago,atm,LI-002,Préstamo Personal
TXN-00009718,CTA-828656,CLI-70530,2026-06-21 01:37:00,4569542.13,CRC,retiro,app_movil,CA-001,Préstamo Personal
TXN-00009719,CTA-714386,CLI-99071,2026-06-26 05:45:00,367383.39,CRC,retiro,web,AL-001,Préstamo Hipotecario
TXN-00009720,CTA-637896,CLI-95268,2026-06-02 06:30:00,2022476.66,CRC,transferencia,web,SJ-001,Tarjeta Crédito
TXN-00009721,CTA-415664,CLI-57939,2026-06-09 02:05:00,4748004.84,CRC,pago,web,LI-002,Cuenta Ahorro
TXN-00009722,CTA-191528,CLI-21196,2026-06-17 14:59:00,965242.83,CRC,retiro,atm,LI-002,Tarjeta Crédito
TXN-00009723,CTA-501211,CLI-71575,2026-06-28 20:32:00,1568211.04,CRC,transferencia,atm,AL-001,Préstamo Personal
TXN-00009724,CTA-225696,CLI-36936,2026-06-14 05:38:00,4998593.32,CRC,retiro,sinpe,HE-001,Cuenta Corriente
TXN-00009725,CTA-540342,CLI-75545,2026-06-18 00:00:00,389760.26,CRC,retiro,sucursal,PU-001,Cuenta Ahorro
TXN-00009726,CTA-551494,CLI-10501,2026-06-07 14:41:00,3542659.24,CRC,comision,atm,SJ-001,Préstamo Personal
TXN-00009727,CTA-239765,CLI-47719,2026-06-21 02:49:00,168692.94,CRC,comision,app_movil,HE-001,Cuenta Corriente
TXN-00009728,CTA-734304,CLI-73338,2026-06-24 09:09:00,3120646.6,CRC,deposito,web,LI-002,Préstamo Hipotecario
TXN-00009729,CTA-434163,CLI-30935,2026-06-02 00:12:00,2785193.07,CRC,pago,web,HE-001,Cuenta Corriente
TXN-00009730,CTA-269999,CLI-74671,2026-06-04 07:00:00,3674584.97,CRC,transferencia,app_movil,LI-001,Préstamo Personal
TXN-00009731,CTA-546333,CLI-20855,2026-06-29 20:46:00,4843330.5,CRC,retiro,sucursal,CA-001,Cuenta Corriente
TXN-00009732,CTA-979744,CLI-62133,2026-06-14 19:48:00,4001754.72,CRC,retiro,sucursal,SJ-001,Cuenta Ahorro
TXN-00009733,CTA-631001,CLI-22522,2026-06-09 19:51:00,860319.24,CRC,comision,web,PU-001,Préstamo Hipotecario
TXN-00009734,CTA-927652,CLI-20755,2026-06-29 08:28:00,3998450.46,CRC,retiro,app_movil,SJ-002,Préstamo Personal
TXN-00009735,CTA-936838,CLI-88590,2026-06-11 10:08:00,1938308.99,CRC,pago,web,PU-001,Cuenta Corriente
TXN-00009736,CTA-552555,CLI-87854,2026-06-27 07:45:00,2949617.51,CRC,pago,sinpe,LI-002,Cuenta Corriente
TXN-00009737,CTA-613453,CLI-22397,2026-06-18 07:53:00,2006450.49,CRC,transferencia,app_movil,AL-001,Préstamo Personal
TXN-00009738,CTA-823048,CLI-57655,2026-06-25 20:01:00,2035571.78,CRC,comision,web,AL-001,Cuenta Corriente
TXN-00009739,CTA-269445,CLI-24547,2026-06-03 11:20:00,1076816.79,CRC,retiro,web,LI-002,Cuenta Corriente
TXN-00009740,CTA-229321,CLI-91400,2026-06-07 09:33:00,4058132.8,CRC,pago,app_movil,SJ-002,Préstamo Hipotecario
TXN-00009741,CTA-214562,CLI-66204,2026-06-19 08:17:00,2294034.5,CRC,pago,sucursal,AL-001,Tarjeta Crédito
TXN-00009742,CTA-371487,CLI-28943,2026-06-26 19:48:00,2771200.35,CRC,pago,web,AL-001,Préstamo Hipotecario
TXN-00009743,CTA-624516,CLI-46666,2026-06-19 20:21:00,4123043.21,CRC,deposito,atm,SJ-002,Tarjeta Crédito
TXN-00009744,CTA-781912,CLI-24803,2026-06-25 15:53:00,4624536.9,CRC,retiro,app_movil,LI-001,Préstamo Personal
TXN-00009745,CTA-637264,CLI-72416,2026-06-05 19:38:00,3682148.16,CRC,retiro,web,AL-001,Cuenta Corriente
TXN-00009746,CTA-810126,CLI-75824,2026-06-05 20:12:00,1331780.07,CRC,pago,web,HE-001,Cuenta Corriente
TXN-00009747,CTA-616578,CLI-82714,2026-06-17 16:52:00,3797024.48,CRC,deposito,sucursal,AL-001,Tarjeta Crédito
TXN-00009748,CTA-690746,CLI-99761,2026-06-28 02:53:00,1075259.51,CRC,comision,app_movil,CA-001,Préstamo Hipotecario
TXN-00009749,CTA-541001,CLI-44859,2026-06-23 08:50:00,2099386.57,CRC,retiro,app_movil,CA-001,Tarjeta Crédito
TXN-00009750,CTA-240117,CLI-61227,2026-06-04 01:55:00,4548407.89,CRC,deposito,app_movil,SJ-002,Préstamo Hipotecario
TXN-00009751,CTA-258213,CLI-72810,2026-06-04 00:20:00,2637763.63,CRC,pago,atm,AL-001,Préstamo Personal
TXN-00009752,CTA-694339,CLI-83459,2026-06-30 23:04:00,956379.81,CRC,retiro,web,LI-001,Préstamo Personal
TXN-00009753,CTA-940284,CLI-30552,2026-06-29 12:16:00,1142232.39,CRC,pago,atm,LI-002,Cuenta Ahorro
TXN-00009754,CTA-564127,CLI-37749,2026-06-20 19:51:00,3856917.71,CRC,deposito,app_movil,PU-001,Tarjeta Crédito
TXN-00009755,CTA-243434,CLI-73674,2026-06-07 01:13:00,1702146.92,CRC,comision,atm,CA-001,Cuenta Ahorro
TXN-00009756,CTA-579947,CLI-19490,2026-06-13 20:42:00,4988944.65,CRC,pago,sucursal,SJ-001,Préstamo Personal
TXN-00009757,CTA-654190,CLI-50315,2026-06-19 05:50:00,1297799.55,CRC,comision,web,PU-001,Cuenta Corriente
TXN-00009758,CTA-223425,CLI-40075,2026-06-30 03:57:00,1920092.06,CRC,deposito,app_movil,LI-001,Préstamo Personal
TXN-00009759,CTA-146514,CLI-30116,2026-06-19 06:54:00,4557988.62,CRC,comision,web,PU-001,Cuenta Ahorro
TXN-00009760,CTA-312126,CLI-56493,2026-06-29 00:06:00,1668410.3,CRC,pago,app_movil,HE-001,Préstamo Hipotecario
TXN-00009761,CTA-373146,CLI-78200,2026-06-27 22:39:00,381735.44,CRC,deposito,web,SJ-001,Préstamo Hipotecario
TXN-00009762,CTA-757081,CLI-54396,2026-06-04 06:20:00,4420306.39,CRC,comision,atm,SJ-001,Cuenta Corriente
TXN-00009763,CTA-815313,CLI-29287,2026-06-10 06:49:00,4189189.56,CRC,pago,sucursal,PU-001,Cuenta Ahorro
TXN-00009764,CTA-874060,CLI-92791,2026-06-22 14:38:00,109298.47,CRC,transferencia,sucursal,LI-001,Cuenta Ahorro
TXN-00009765,CTA-266042,CLI-73142,2026-06-09 09:53:00,51328.55,CRC,comision,atm,PU-001,Préstamo Personal
TXN-00009766,CTA-493778,CLI-77721,2026-06-09 07:08:00,4287384.74,CRC,retiro,web,HE-001,Tarjeta Crédito
TXN-00009767,CTA-650847,CLI-73349,2026-06-28 01:55:00,3584501.38,CRC,deposito,sucursal,HE-001,Cuenta Ahorro
TXN-00009768,CTA-168328,CLI-15646,2026-06-01 19:52:00,3191795.66,CRC,transferencia,web,LI-002,Tarjeta Crédito
TXN-00009769,CTA-420334,CLI-23890,2026-06-02 21:19:00,2063656.0,CRC,transferencia,sinpe,SJ-001,Préstamo Personal
TXN-00009770,CTA-400844,CLI-12961,2026-06-23 12:51:00,3367183.02,CRC,comision,web,LI-001,Tarjeta Crédito
TXN-00009771,CTA-787926,CLI-94263,2026-06-05 12:45:00,3779391.4,CRC,transferencia,app_movil,LI-001,Préstamo Personal
TXN-00009772,CTA-371268,CLI-50130,2026-06-16 02:37:00,4859152.09,CRC,comision,web,LI-002,Cuenta Ahorro
TXN-00009773,CTA-681886,CLI-25731,2026-06-27 01:05:00,480173.78,CRC,comision,web,AL-001,Tarjeta Crédito
TXN-00009774,CTA-164744,CLI-47051,2026-06-08 13:30:00,3579570.14,CRC,retiro,web,HE-001,Tarjeta Crédito
TXN-00009775,CTA-178226,CLI-65869,2026-06-14 05:40:00,397117.7,CRC,deposito,app_movil,LI-001,Cuenta Ahorro
TXN-00009776,CTA-446985,CLI-65310,2026-06-07 06:43:00,2135655.45,CRC,pago,sinpe,AL-001,Préstamo Hipotecario
TXN-00009777,CTA-417019,CLI-40062,2026-06-08 03:19:00,1877786.69,CRC,transferencia,app_movil,PU-001,Préstamo Personal
TXN-00009778,CTA-648286,CLI-98778,2026-06-25 17:16:00,4245884.41,CRC,deposito,sinpe,SJ-002,Préstamo Hipotecario
TXN-00009779,CTA-781348,CLI-83197,2026-06-18 17:10:00,4808853.94,CRC,pago,app_movil,LI-001,Tarjeta Crédito
TXN-00009780,CTA-964556,CLI-25269,2026-06-19 12:57:00,3285141.56,CRC,deposito,sinpe,AL-001,Cuenta Ahorro
TXN-00009781,CTA-602171,CLI-46079,2026-06-18 08:39:00,3753172.55,CRC,deposito,sucursal,LI-002,Cuenta Ahorro
TXN-00009782,CTA-112412,CLI-98905,2026-06-24 03:11:00,2143887.55,CRC,transferencia,atm,LI-002,Tarjeta Crédito
TXN-00009783,CTA-692182,CLI-48872,2026-06-22 14:00:00,2694522.75,CRC,deposito,sucursal,SJ-002,Préstamo Hipotecario
TXN-00009784,CTA-154822,CLI-76519,2026-06-03 08:36:00,184723.38,CRC,pago,sucursal,HE-001,Préstamo Hipotecario
TXN-00009785,CTA-443492,CLI-93147,2026-06-11 12:51:00,3640132.58,CRC,pago,app_movil,LI-001,Tarjeta Crédito
TXN-00009786,CTA-328480,CLI-20990,2026-06-09 09:01:00,158861.15,CRC,comision,app_movil,LI-002,Cuenta Ahorro
TXN-00009787,CTA-787761,CLI-86393,2026-06-03 21:45:00,1677984.87,CRC,transferencia,sucursal,AL-001,Tarjeta Crédito
TXN-00009788,CTA-402184,CLI-25634,2026-06-10 18:12:00,3597940.76,CRC,retiro,web,AL-001,Préstamo Personal
TXN-00009789,CTA-147498,CLI-65800,2026-06-19 08:20:00,4780030.73,CRC,comision,atm,AL-001,Préstamo Personal
TXN-00009790,CTA-888995,CLI-90401,2026-06-19 18:28:00,4213180.2,CRC,deposito,sucursal,SJ-001,Préstamo Hipotecario
TXN-00009791,CTA-171958,CLI-19157,2026-06-25 22:36:00,3976953.21,CRC,deposito,app_movil,LI-001,Cuenta Ahorro
TXN-00009792,CTA-262220,CLI-59260,2026-06-02 07:28:00,1794431.93,CRC,deposito,atm,SJ-002,Tarjeta Crédito
TXN-00009793,CTA-824667,CLI-68462,2026-06-12 13:45:00,2319067.05,CRC,deposito,atm,AL-001,Cuenta Corriente
TXN-00009794,CTA-243020,CLI-78346,2026-06-03 08:34:00,4587063.74,CRC,comision,web,HE-001,Préstamo Personal
TXN-00009795,CTA-635712,CLI-12803,2026-06-14 05:00:00,2535403.34,CRC,comision,app_movil,PU-001,Tarjeta Crédito
TXN-00009796,CTA-129023,CLI-53964,2026-06-29 09:36:00,781970.3,CRC,deposito,sinpe,LI-001,Tarjeta Crédito
TXN-00009797,CTA-198365,CLI-36468,2026-06-14 08:17:00,1383410.89,CRC,pago,sucursal,PU-001,Préstamo Hipotecario
TXN-00009798,CTA-319038,CLI-20182,2026-06-05 21:15:00,638981.57,CRC,transferencia,atm,SJ-002,Préstamo Hipotecario
TXN-00009799,CTA-535497,CLI-65476,2026-06-25 06:25:00,4728368.29,CRC,comision,app_movil,PU-001,Cuenta Ahorro
TXN-00009800,CTA-671087,CLI-55014,2026-06-28 16:27:00,1838528.91,CRC,comision,sinpe,LI-001,Préstamo Personal
TXN-00009801,CTA-463514,CLI-74097,2026-06-15 23:37:00,4283064.87,CRC,deposito,app_movil,AL-001,Tarjeta Crédito
TXN-00009802,CTA-403757,CLI-47192,2026-06-19 16:23:00,2619406.36,CRC,retiro,sucursal,AL-001,Préstamo Hipotecario
TXN-00009803,CTA-667483,CLI-21544,2026-06-30 04:42:00,3553250.75,CRC,deposito,web,SJ-001,Cuenta Corriente
TXN-00009804,CTA-818888,CLI-42264,2026-06-28 02:19:00,890851.5,CRC,comision,atm,PU-001,Préstamo Personal
TXN-00009805,CTA-440006,CLI-23404,2026-06-05 03:53:00,1911196.05,CRC,deposito,app_movil,CA-001,Cuenta Ahorro
TXN-00009806,CTA-992075,CLI-84944,2026-06-23 13:24:00,3138437.15,CRC,retiro,app_movil,HE-001,Cuenta Ahorro
TXN-00009807,CTA-637480,CLI-60636,2026-06-01 09:48:00,4642812.75,CRC,deposito,app_movil,PU-001,Préstamo Personal
TXN-00009808,CTA-197769,CLI-57424,2026-06-22 05:50:00,2236788.15,CRC,transferencia,atm,LI-001,Préstamo Personal
TXN-00009809,CTA-397754,CLI-75107,2026-06-07 07:00:00,2876505.83,CRC,pago,atm,CA-001,Préstamo Personal
TXN-00009810,CTA-975291,CLI-54194,2026-06-29 01:34:00,3683642.52,CRC,pago,sinpe,SJ-002,Tarjeta Crédito
TXN-00009811,CTA-225933,CLI-88949,2026-06-29 04:32:00,2898197.12,CRC,comision,app_movil,SJ-001,Préstamo Hipotecario
TXN-00009812,CTA-118551,CLI-38206,2026-06-15 05:44:00,1791957.61,CRC,retiro,web,SJ-001,Préstamo Personal
TXN-00009813,CTA-157405,CLI-40518,2026-06-07 02:22:00,3666267.58,CRC,deposito,atm,LI-001,Cuenta Ahorro
TXN-00009814,CTA-350394,CLI-39740,2026-06-02 03:31:00,4062579.19,CRC,deposito,sucursal,LI-002,Tarjeta Crédito
TXN-00009815,CTA-539261,CLI-97099,2026-06-19 16:08:00,4624132.51,CRC,comision,web,LI-002,Préstamo Hipotecario
TXN-00009816,CTA-545548,CLI-48496,2026-06-30 16:49:00,3659314.86,CRC,deposito,app_movil,LI-002,Préstamo Hipotecario
TXN-00009817,CTA-787616,CLI-30455,2026-06-03 10:23:00,39375.65,CRC,comision,sinpe,SJ-002,Préstamo Personal
TXN-00009818,CTA-907290,CLI-79099,2026-06-23 13:11:00,880657.67,CRC,transferencia,atm,AL-001,Cuenta Corriente
TXN-00009819,CTA-312493,CLI-43846,2026-06-16 12:45:00,180427.73,CRC,retiro,atm,LI-002,Préstamo Hipotecario
TXN-00009820,CTA-180432,CLI-97030,2026-06-05 05:19:00,4035484.42,CRC,deposito,app_movil,LI-002,Cuenta Ahorro
TXN-00009821,CTA-756374,CLI-15345,2026-06-30 16:59:00,4083615.66,CRC,transferencia,sinpe,LI-001,Cuenta Ahorro
TXN-00009822,CTA-779176,CLI-50377,2026-06-30 16:41:00,4819456.8,CRC,comision,atm,CA-001,Cuenta Ahorro
TXN-00009823,CTA-493085,CLI-17718,2026-06-29 11:33:00,1422586.64,CRC,pago,sucursal,LI-002,Préstamo Personal
TXN-00009824,CTA-753818,CLI-34127,2026-06-26 10:02:00,1043900.59,CRC,comision,web,LI-001,Cuenta Ahorro
TXN-00009825,CTA-806965,CLI-20484,2026-06-18 02:30:00,1259659.0,CRC,deposito,atm,CA-001,Cuenta Ahorro
TXN-00009826,CTA-206280,CLI-95177,2026-06-17 04:54:00,1345826.64,CRC,pago,atm,PU-001,Cuenta Corriente
TXN-00009827,CTA-338482,CLI-13378,2026-06-20 15:17:00,1058224.67,CRC,transferencia,atm,HE-001,Cuenta Corriente
TXN-00009828,CTA-389343,CLI-77013,2026-06-19 09:20:00,1849415.42,CRC,retiro,web,PU-001,Préstamo Hipotecario
TXN-00009829,CTA-526128,CLI-42305,2026-06-09 00:43:00,707099.52,CRC,comision,sucursal,LI-002,Cuenta Corriente
TXN-00009830,CTA-262662,CLI-46502,2026-06-03 20:12:00,4458104.76,CRC,deposito,app_movil,AL-001,Préstamo Personal
TXN-00009831,CTA-837767,CLI-35167,2026-06-22 13:24:00,1838868.22,CRC,pago,web,SJ-002,Cuenta Ahorro
TXN-00009832,CTA-264369,CLI-18649,2026-06-06 03:02:00,3968099.63,CRC,deposito,atm,LI-002,Cuenta Ahorro
TXN-00009833,CTA-882000,CLI-88845,2026-06-05 15:37:00,4096641.1,CRC,retiro,web,AL-001,Cuenta Corriente
TXN-00009834,CTA-299423,CLI-90858,2026-06-27 07:05:00,198146.49,CRC,comision,atm,LI-002,Tarjeta Crédito
TXN-00009835,CTA-936392,CLI-41532,2026-06-05 13:24:00,469452.59,CRC,comision,sinpe,CA-001,Préstamo Personal
TXN-00009836,CTA-723977,CLI-48657,2026-06-25 15:08:00,973264.61,CRC,deposito,sucursal,PU-001,Cuenta Ahorro
TXN-00009837,CTA-497225,CLI-68889,2026-06-01 10:26:00,4340105.8,CRC,transferencia,atm,LI-002,Cuenta Ahorro
TXN-00009838,CTA-514601,CLI-43236,2026-06-22 04:27:00,181219.33,CRC,retiro,sucursal,LI-002,Tarjeta Crédito
TXN-00009839,CTA-481558,CLI-18902,2026-06-19 19:44:00,2541818.57,CRC,pago,app_movil,CA-001,Cuenta Ahorro
TXN-00009840,CTA-749213,CLI-20642,2026-06-05 23:35:00,319069.56,CRC,transferencia,atm,AL-001,Cuenta Ahorro
TXN-00009841,CTA-981820,CLI-46158,2026-06-09 17:32:00,1558970.25,CRC,deposito,sucursal,SJ-002,Cuenta Ahorro
TXN-00009842,CTA-367256,CLI-66773,2026-06-22 16:50:00,514106.62,CRC,transferencia,sucursal,HE-001,Cuenta Ahorro
TXN-00009843,CTA-243052,CLI-75453,2026-06-17 13:32:00,2841174.92,CRC,deposito,sinpe,LI-001,Cuenta Ahorro
TXN-00009844,CTA-388176,CLI-20250,2026-06-29 16:09:00,2352069.4,CRC,deposito,atm,SJ-001,Préstamo Hipotecario
TXN-00009845,CTA-802118,CLI-73816,2026-06-18 12:23:00,3041427.62,CRC,comision,sucursal,AL-001,Cuenta Ahorro
TXN-00009846,CTA-646071,CLI-25127,2026-06-30 00:24:00,1616343.17,CRC,retiro,sinpe,HE-001,Cuenta Corriente
TXN-00009847,CTA-159984,CLI-45325,2026-06-29 13:35:00,2170054.32,CRC,deposito,app_movil,PU-001,Préstamo Hipotecario
TXN-00009848,CTA-668330,CLI-68859,2026-06-26 08:43:00,3673947.12,CRC,deposito,app_movil,CA-001,Préstamo Personal
TXN-00009849,CTA-827771,CLI-21378,2026-06-07 14:12:00,4754422.83,CRC,comision,atm,SJ-002,Préstamo Personal
TXN-00009850,CTA-165104,CLI-17919,2026-06-13 21:08:00,3977437.43,CRC,transferencia,atm,HE-001,Cuenta Ahorro
TXN-00009851,CTA-803434,CLI-31204,2026-06-30 05:35:00,4871993.11,CRC,retiro,sucursal,SJ-002,Préstamo Personal
TXN-00009852,CTA-563738,CLI-31660,2026-06-14 14:44:00,1109050.87,CRC,transferencia,atm,AL-001,Tarjeta Crédito
TXN-00009853,CTA-318942,CLI-49927,2026-06-02 13:20:00,2518805.49,CRC,pago,web,CA-001,Tarjeta Crédito
TXN-00009854,CTA-296684,CLI-29824,2026-06-29 07:17:00,917319.43,CRC,transferencia,sucursal,LI-001,Préstamo Personal
TXN-00009855,CTA-265320,CLI-93952,2026-06-22 15:13:00,3878271.71,CRC,pago,web,HE-001,Cuenta Corriente
TXN-00009856,CTA-353025,CLI-55087,2026-06-18 07:26:00,2742452.73,CRC,deposito,atm,HE-001,Tarjeta Crédito
TXN-00009857,CTA-141907,CLI-52317,2026-06-14 00:59:00,672644.87,CRC,transferencia,sucursal,PU-001,Préstamo Hipotecario
TXN-00009858,CTA-624465,CLI-54322,2026-06-17 12:46:00,1749656.95,CRC,comision,sinpe,LI-001,Cuenta Corriente
TXN-00009859,CTA-380803,CLI-71831,2026-06-29 22:45:00,1099437.74,CRC,pago,atm,SJ-001,Tarjeta Crédito
TXN-00009860,CTA-681820,CLI-53826,2026-06-29 01:43:00,3928268.06,CRC,retiro,sinpe,LI-001,Cuenta Corriente
TXN-00009861,CTA-157316,CLI-79849,2026-06-06 15:05:00,1116315.22,CRC,retiro,sucursal,SJ-002,Cuenta Corriente
TXN-00009862,CTA-906956,CLI-65939,2026-06-09 11:32:00,4275630.58,CRC,deposito,web,SJ-002,Préstamo Personal
TXN-00009863,CTA-896650,CLI-85321,2026-06-07 08:15:00,4728196.29,CRC,pago,sucursal,LI-001,Cuenta Corriente
TXN-00009864,CTA-768840,CLI-96802,2026-06-30 02:21:00,740874.27,CRC,comision,sinpe,SJ-001,Cuenta Ahorro
TXN-00009865,CTA-441680,CLI-28518,2026-06-10 22:38:00,718264.93,CRC,comision,app_movil,SJ-002,Cuenta Corriente
TXN-00009866,CTA-994782,CLI-90047,2026-06-03 12:20:00,1417879.87,CRC,comision,sinpe,LI-002,Préstamo Hipotecario
TXN-00009867,CTA-473564,CLI-43523,2026-06-22 19:23:00,4498657.55,CRC,comision,atm,SJ-002,Cuenta Corriente
TXN-00009868,CTA-948025,CLI-82892,2026-06-13 11:15:00,4362471.08,CRC,deposito,app_movil,CA-001,Préstamo Hipotecario
TXN-00009869,CTA-644274,CLI-95941,2026-06-18 07:38:00,2053484.82,CRC,deposito,atm,PU-001,Cuenta Ahorro
TXN-00009870,CTA-496385,CLI-30402,2026-06-29 07:32:00,4758244.54,CRC,retiro,sucursal,CA-001,Cuenta Ahorro
TXN-00009871,CTA-911321,CLI-66282,2026-06-28 23:12:00,1925484.12,CRC,comision,atm,CA-001,Tarjeta Crédito
TXN-00009872,CTA-477167,CLI-83805,2026-06-26 19:44:00,2155295.92,CRC,retiro,app_movil,HE-001,Tarjeta Crédito
TXN-00009873,CTA-322682,CLI-29696,2026-06-14 16:19:00,258039.12,CRC,transferencia,web,LI-001,Préstamo Hipotecario
TXN-00009874,CTA-774727,CLI-91180,2026-06-04 23:40:00,924464.96,CRC,deposito,web,PU-001,Préstamo Personal
TXN-00009875,CTA-482154,CLI-34433,2026-06-08 12:54:00,3030468.12,CRC,retiro,sucursal,PU-001,Cuenta Corriente
TXN-00009876,CTA-574071,CLI-27476,2026-06-28 09:34:00,2090036.27,CRC,transferencia,app_movil,PU-001,Préstamo Personal
TXN-00009877,CTA-139061,CLI-11638,2026-06-01 12:18:00,677322.47,CRC,comision,atm,SJ-002,Cuenta Corriente
TXN-00009878,CTA-644090,CLI-77080,2026-06-22 15:28:00,4684123.07,CRC,retiro,sucursal,LI-001,Cuenta Ahorro
TXN-00009879,CTA-637500,CLI-52051,2026-06-22 19:10:00,3396725.12,CRC,comision,sinpe,AL-001,Cuenta Ahorro
TXN-00009880,CTA-450601,CLI-76199,2026-06-03 21:09:00,2570655.31,CRC,pago,sinpe,LI-002,Préstamo Personal
TXN-00009881,CTA-468301,CLI-40520,2026-06-10 08:11:00,266523.61,CRC,comision,web,HE-001,Préstamo Personal
TXN-00009882,CTA-112778,CLI-98579,2026-06-19 09:33:00,2278649.73,CRC,retiro,web,LI-002,Cuenta Ahorro
TXN-00009883,CTA-962249,CLI-28557,2026-06-21 03:04:00,4685802.6,CRC,comision,app_movil,PU-001,Cuenta Ahorro
TXN-00009884,CTA-843682,CLI-85371,2026-06-19 14:28:00,4404593.49,CRC,comision,sinpe,LI-002,Tarjeta Crédito
TXN-00009885,CTA-192495,CLI-34418,2026-06-19 09:26:00,4129894.16,CRC,retiro,atm,LI-001,Préstamo Personal
TXN-00009886,CTA-306543,CLI-93865,2026-06-24 22:51:00,4786898.51,CRC,comision,atm,AL-001,Préstamo Hipotecario
TXN-00009887,CTA-330857,CLI-50118,2026-06-21 23:29:00,4623665.23,CRC,deposito,web,SJ-001,Cuenta Ahorro
TXN-00009888,CTA-808835,CLI-40352,2026-06-18 02:44:00,3122593.0,CRC,pago,atm,AL-001,Tarjeta Crédito
TXN-00009889,CTA-596686,CLI-74227,2026-06-04 07:59:00,2694437.59,CRC,pago,atm,HE-001,Tarjeta Crédito
TXN-00009890,CTA-662293,CLI-39809,2026-06-26 22:40:00,607959.43,CRC,pago,sinpe,HE-001,Cuenta Corriente
TXN-00009891,CTA-302412,CLI-31783,2026-06-25 15:43:00,2931069.6,CRC,deposito,web,SJ-001,Préstamo Hipotecario
TXN-00009892,CTA-652368,CLI-18524,2026-06-18 17:59:00,1462600.67,CRC,pago,atm,HE-001,Tarjeta Crédito
TXN-00009893,CTA-341322,CLI-88739,2026-06-06 21:32:00,4174800.7,CRC,deposito,sucursal,LI-001,Tarjeta Crédito
TXN-00009894,CTA-129551,CLI-13610,2026-06-15 15:12:00,4578111.35,CRC,retiro,app_movil,AL-001,Préstamo Hipotecario
TXN-00009895,CTA-868996,CLI-72337,2026-06-27 04:55:00,4612692.85,CRC,pago,app_movil,LI-002,Cuenta Ahorro
TXN-00009896,CTA-308584,CLI-42755,2026-06-22 09:47:00,281468.27,CRC,retiro,app_movil,LI-002,Tarjeta Crédito
TXN-00009897,CTA-318334,CLI-15205,2026-06-23 19:07:00,3147322.83,CRC,retiro,sinpe,CA-001,Cuenta Ahorro
TXN-00009898,CTA-549994,CLI-71004,2026-06-24 06:02:00,2624324.99,CRC,transferencia,sucursal,LI-001,Préstamo Personal
TXN-00009899,CTA-749449,CLI-79584,2026-06-02 00:38:00,2519788.55,CRC,comision,sucursal,HE-001,Cuenta Ahorro
TXN-00009900,CTA-819345,CLI-95044,2026-06-18 20:21:00,3679060.66,CRC,deposito,web,AL-001,Tarjeta Crédito
TXN-00009901,CTA-141668,CLI-87386,2026-06-01 07:00:00,4683028.75,CRC,transferencia,web,PU-001,Cuenta Corriente
TXN-00009902,CTA-508743,CLI-98279,2026-06-25 07:41:00,3372922.01,CRC,comision,atm,SJ-001,Cuenta Corriente
TXN-00009903,CTA-906448,CLI-46111,2026-06-11 13:52:00,2927501.5,CRC,retiro,sinpe,SJ-002,Préstamo Personal
TXN-00009904,CTA-568436,CLI-43147,2026-06-21 09:23:00,3893365.65,CRC,pago,sinpe,CA-001,Préstamo Personal
TXN-00009905,CTA-978553,CLI-20034,2026-06-10 07:10:00,1483134.75,CRC,deposito,web,PU-001,Préstamo Hipotecario
TXN-00009906,CTA-991005,CLI-88816,2026-06-05 12:00:00,2257899.45,CRC,transferencia,sinpe,AL-001,Cuenta Corriente
TXN-00009907,CTA-435463,CLI-77157,2026-06-22 10:39:00,1627712.97,CRC,comision,sinpe,PU-001,Préstamo Hipotecario
TXN-00009908,CTA-168247,CLI-63649,2026-06-06 22:32:00,4458588.47,CRC,retiro,web,CA-001,Cuenta Corriente
TXN-00009909,CTA-772075,CLI-25592,2026-06-14 08:53:00,1424223.08,CRC,comision,atm,SJ-002,Préstamo Personal
TXN-00009910,CTA-316328,CLI-79715,2026-06-06 19:39:00,1185192.04,CRC,retiro,app_movil,CA-001,Préstamo Personal
TXN-00009911,CTA-136492,CLI-40753,2026-06-23 16:46:00,2904725.42,CRC,pago,sucursal,AL-001,Tarjeta Crédito
TXN-00009912,CTA-874916,CLI-96772,2026-06-30 04:59:00,4340172.83,CRC,comision,atm,LI-002,Cuenta Corriente
TXN-00009913,CTA-305102,CLI-16868,2026-06-28 19:51:00,4867579.83,CRC,pago,atm,LI-001,Tarjeta Crédito
TXN-00009914,CTA-136244,CLI-93206,2026-06-17 17:00:00,4690688.01,CRC,deposito,sucursal,AL-001,Tarjeta Crédito
TXN-00009915,CTA-484395,CLI-72675,2026-06-28 22:41:00,3200910.98,CRC,deposito,sinpe,AL-001,Cuenta Ahorro
TXN-00009916,CTA-262796,CLI-64472,2026-06-27 11:04:00,4131906.97,CRC,retiro,app_movil,AL-001,Cuenta Ahorro
TXN-00009917,CTA-889996,CLI-40681,2026-06-03 11:00:00,2524666.33,CRC,pago,app_movil,LI-002,Préstamo Personal
TXN-00009918,CTA-388812,CLI-62786,2026-06-12 20:08:00,3637221.36,CRC,deposito,sucursal,AL-001,Tarjeta Crédito
TXN-00009919,CTA-661438,CLI-96979,2026-06-30 09:49:00,3050318.82,CRC,deposito,sucursal,LI-002,Cuenta Ahorro
TXN-00009920,CTA-130421,CLI-36106,2026-06-09 15:24:00,3424135.24,CRC,deposito,sinpe,SJ-002,Préstamo Hipotecario
TXN-00009921,CTA-806710,CLI-58735,2026-06-28 08:00:00,3394922.23,CRC,pago,sucursal,AL-001,Cuenta Corriente
TXN-00009922,CTA-278342,CLI-22353,2026-06-04 23:26:00,4525470.37,CRC,transferencia,sucursal,HE-001,Cuenta Corriente
TXN-00009923,CTA-157994,CLI-31041,2026-06-24 03:49:00,4041284.63,CRC,pago,web,SJ-001,Cuenta Corriente
TXN-00009924,CTA-206275,CLI-32115,2026-06-22 05:48:00,2729644.56,CRC,comision,sinpe,LI-002,Cuenta Ahorro
TXN-00009925,CTA-491192,CLI-43629,2026-06-12 04:01:00,1096736.97,CRC,retiro,sucursal,AL-001,Cuenta Ahorro
TXN-00009926,CTA-641994,CLI-24391,2026-06-04 21:08:00,3402290.9,CRC,pago,sucursal,LI-002,Cuenta Corriente
TXN-00009927,CTA-480717,CLI-95385,2026-06-13 11:34:00,2376129.07,CRC,pago,atm,AL-001,Préstamo Personal
TXN-00009928,CTA-170840,CLI-43356,2026-06-01 23:31:00,2121176.23,CRC,deposito,web,LI-002,Cuenta Ahorro
TXN-00009929,CTA-167283,CLI-47198,2026-06-15 05:56:00,3392155.35,CRC,retiro,app_movil,SJ-001,Cuenta Corriente
TXN-00009930,CTA-376322,CLI-19078,2026-06-18 04:03:00,610937.85,CRC,deposito,web,SJ-002,Tarjeta Crédito
TXN-00009931,CTA-295301,CLI-10856,2026-06-15 15:17:00,4749990.33,CRC,deposito,sinpe,LI-001,Tarjeta Crédito
TXN-00009932,CTA-365870,CLI-57099,2026-06-03 22:15:00,3933407.91,CRC,deposito,web,AL-001,Cuenta Corriente
TXN-00009933,CTA-448778,CLI-42430,2026-06-28 03:28:00,4071636.22,CRC,pago,app_movil,HE-001,Préstamo Hipotecario
TXN-00009934,CTA-800957,CLI-71729,2026-06-07 22:14:00,3727824.23,CRC,comision,sinpe,CA-001,Cuenta Ahorro
TXN-00009935,CTA-871255,CLI-41960,2026-06-09 07:55:00,848390.39,CRC,pago,web,CA-001,Préstamo Personal
TXN-00009936,CTA-412635,CLI-29211,2026-06-02 02:47:00,1019273.61,CRC,transferencia,app_movil,LI-001,Préstamo Personal
TXN-00009937,CTA-842310,CLI-51523,2026-06-03 17:32:00,961558.53,CRC,comision,sinpe,SJ-002,Cuenta Corriente
TXN-00009938,CTA-896906,CLI-55889,2026-06-08 03:33:00,1867618.17,CRC,retiro,atm,SJ-002,Préstamo Hipotecario
TXN-00009939,CTA-888047,CLI-76206,2026-06-27 05:23:00,4305207.28,CRC,pago,app_movil,CA-001,Cuenta Ahorro
TXN-00009940,CTA-682747,CLI-78522,2026-06-01 14:20:00,2021843.98,CRC,deposito,atm,SJ-002,Cuenta Corriente
TXN-00009941,CTA-168678,CLI-96583,2026-06-05 17:09:00,4435593.43,CRC,retiro,web,AL-001,Cuenta Corriente
TXN-00009942,CTA-224137,CLI-16360,2026-06-03 06:31:00,2126149.0,CRC,retiro,sinpe,SJ-001,Préstamo Personal
TXN-00009943,CTA-838659,CLI-87881,2026-06-22 11:08:00,4701750.98,CRC,pago,web,HE-001,Préstamo Hipotecario
TXN-00009944,CTA-920497,CLI-35478,2026-06-02 03:33:00,1421618.26,CRC,deposito,web,CA-001,Cuenta Ahorro
TXN-00009945,CTA-418695,CLI-81276,2026-06-28 00:46:00,3477803.09,CRC,retiro,atm,CA-001,Tarjeta Crédito
TXN-00009946,CTA-668145,CLI-54777,2026-06-21 02:27:00,2881438.37,CRC,pago,atm,HE-001,Préstamo Personal
TXN-00009947,CTA-435301,CLI-53825,2026-06-04 19:04:00,2213118.38,CRC,pago,atm,LI-002,Préstamo Hipotecario
TXN-00009948,CTA-259997,CLI-29799,2026-06-27 04:19:00,1264330.82,CRC,transferencia,web,PU-001,Préstamo Hipotecario
TXN-00009949,CTA-660105,CLI-93144,2026-06-18 14:02:00,535043.06,CRC,deposito,atm,CA-001,Préstamo Hipotecario
TXN-00009950,CTA-746486,CLI-35799,2026-06-28 02:13:00,10750.36,CRC,retiro,web,PU-001,Cuenta Ahorro
TXN-00009951,CTA-256991,CLI-66449,2026-06-12 10:43:00,261073.47,CRC,retiro,app_movil,CA-001,Tarjeta Crédito
TXN-00009952,CTA-216839,CLI-55524,2026-06-24 07:41:00,1258971.79,CRC,retiro,app_movil,AL-001,Préstamo Personal
TXN-00009953,CTA-790691,CLI-78393,2026-06-10 10:29:00,254581.12,CRC,comision,web,SJ-002,Cuenta Ahorro
TXN-00009954,CTA-600424,CLI-22911,2026-06-10 08:40:00,1424314.28,CRC,transferencia,sucursal,AL-001,Tarjeta Crédito
TXN-00009955,CTA-967238,CLI-40666,2026-06-26 08:27:00,3836478.83,CRC,comision,app_movil,PU-001,Cuenta Ahorro
TXN-00009956,CTA-915393,CLI-33107,2026-06-05 16:39:00,2845246.01,CRC,comision,app_movil,PU-001,Préstamo Hipotecario
TXN-00009957,CTA-660094,CLI-42818,2026-06-24 05:07:00,3222273.84,CRC,deposito,web,LI-001,Cuenta Ahorro
TXN-00009958,CTA-121413,CLI-99338,2026-06-14 03:47:00,415563.92,CRC,comision,atm,CA-001,Préstamo Personal
TXN-00009959,CTA-893780,CLI-77590,2026-06-10 15:45:00,1973041.66,CRC,pago,web,HE-001,Tarjeta Crédito
TXN-00009960,CTA-445746,CLI-47592,2026-06-26 00:41:00,304785.5,CRC,retiro,sucursal,LI-002,Préstamo Personal
TXN-00009961,CTA-577366,CLI-95398,2026-06-02 19:13:00,1871952.24,CRC,retiro,app_movil,LI-001,Cuenta Corriente
TXN-00009962,CTA-675520,CLI-78784,2026-06-15 14:46:00,2075650.06,CRC,comision,app_movil,CA-001,Préstamo Hipotecario
TXN-00009963,CTA-428702,CLI-42250,2026-06-27 05:25:00,1367701.14,CRC,comision,sucursal,PU-001,Cuenta Corriente
TXN-00009964,CTA-573775,CLI-20372,2026-06-05 15:46:00,2445848.91,CRC,retiro,sinpe,LI-002,Tarjeta Crédito
TXN-00009965,CTA-172721,CLI-58527,2026-06-30 16:12:00,3648005.02,CRC,retiro,app_movil,HE-001,Préstamo Hipotecario
TXN-00009966,CTA-860278,CLI-17390,2026-06-05 21:37:00,3513193.18,CRC,pago,sucursal,AL-001,Préstamo Personal
TXN-00009967,CTA-529313,CLI-94617,2026-06-19 05:02:00,259238.07,CRC,retiro,web,AL-001,Cuenta Ahorro
TXN-00009968,CTA-112319,CLI-84280,2026-06-12 18:22:00,2271791.76,CRC,comision,web,HE-001,Préstamo Personal
TXN-00009969,CTA-167928,CLI-66590,2026-06-12 19:57:00,68582.23,CRC,retiro,sucursal,LI-001,Préstamo Hipotecario
TXN-00009970,CTA-808957,CLI-55518,2026-06-08 01:27:00,666298.88,CRC,transferencia,atm,LI-001,Préstamo Personal
TXN-00009971,CTA-796878,CLI-77357,2026-06-16 10:06:00,2039388.67,CRC,deposito,app_movil,LI-002,Cuenta Ahorro
TXN-00009972,CTA-539750,CLI-52026,2026-06-01 08:28:00,4350784.29,CRC,transferencia,atm,SJ-001,Cuenta Ahorro
TXN-00009973,CTA-936979,CLI-46457,2026-06-03 05:07:00,103018.4,CRC,retiro,sinpe,HE-001,Cuenta Ahorro
TXN-00009974,CTA-793927,CLI-68901,2026-06-25 03:46:00,790181.67,CRC,deposito,web,LI-002,Tarjeta Crédito
TXN-00009975,CTA-749292,CLI-95647,2026-06-28 13:54:00,1136922.36,CRC,retiro,atm,CA-001,Cuenta Ahorro
TXN-00009976,CTA-235788,CLI-42362,2026-06-09 20:57:00,1253956.48,CRC,retiro,sinpe,HE-001,Préstamo Hipotecario
TXN-00009977,CTA-165544,CLI-14808,2026-06-01 13:44:00,3719737.8,CRC,pago,sucursal,SJ-002,Préstamo Personal
TXN-00009978,CTA-228127,CLI-81500,2026-06-24 21:32:00,3446950.11,CRC,pago,sinpe,SJ-002,Préstamo Hipotecario
TXN-00009979,CTA-838297,CLI-55030,2026-06-12 01:08:00,2921205.51,CRC,transferencia,sucursal,CA-001,Tarjeta Crédito
TXN-00009980,CTA-623420,CLI-20196,2026-06-29 13:20:00,4706482.85,CRC,retiro,sinpe,LI-001,Tarjeta Crédito
TXN-00009981,CTA-375634,CLI-18139,2026-06-03 12:31:00,3789805.88,CRC,transferencia,sinpe,CA-001,Préstamo Hipotecario
TXN-00009982,CTA-743112,CLI-22140,2026-06-22 02:43:00,1259055.32,CRC,comision,sucursal,SJ-001,Cuenta Corriente
TXN-00009983,CTA-344469,CLI-35180,2026-06-25 21:27:00,1096613.61,CRC,transferencia,app_movil,LI-002,Préstamo Hipotecario
TXN-00009984,CTA-247238,CLI-34773,2026-06-15 22:56:00,3077326.15,CRC,retiro,atm,SJ-001,Tarjeta Crédito
TXN-00009985,CTA-884551,CLI-84255,2026-06-02 04:15:00,4836813.29,CRC,retiro,sinpe,LI-001,Préstamo Hipotecario
TXN-00009986,CTA-306122,CLI-37530,2026-06-25 18:12:00,1216051.95,CRC,pago,sinpe,CA-001,Préstamo Personal
TXN-00009987,CTA-649827,CLI-17732,2026-06-10 07:20:00,1633020.22,CRC,transferencia,sinpe,CA-001,Cuenta Ahorro
TXN-00009988,CTA-628249,CLI-18889,2026-06-28 21:02:00,2842877.32,CRC,transferencia,sinpe,LI-001,Préstamo Hipotecario
TXN-00009989,CTA-450522,CLI-18767,2026-06-01 13:10:00,4723877.62,CRC,transferencia,atm,LI-001,Préstamo Personal
TXN-00009990,CTA-239826,CLI-33977,2026-06-23 05:11:00,2017435.73,CRC,pago,sucursal,HE-001,Cuenta Corriente
TXN-00009991,CTA-407270,CLI-70713,2026-06-02 16:37:00,1199076.2,CRC,deposito,atm,PU-001,Préstamo Hipotecario
TXN-00009992,CTA-247357,CLI-79524,2026-06-22 19:02:00,1469348.99,CRC,deposito,atm,SJ-001,Préstamo Hipotecario
TXN-00009993,CTA-750677,CLI-48210,2026-06-28 17:39:00,3019309.53,CRC,transferencia,web,SJ-002,Préstamo Personal
TXN-00009994,CTA-577441,CLI-74041,2026-06-10 18:16:00,3178174.81,CRC,comision,sinpe,CA-001,Cuenta Ahorro
TXN-00009995,CTA-917676,CLI-68772,2026-06-24 05:23:00,4648998.42,CRC,deposito,app_movil,SJ-001,Cuenta Ahorro
TXN-00009996,CTA-550726,CLI-11432,2026-06-01 09:38:00,4950649.64,CRC,transferencia,sinpe,CA-001,Cuenta Corriente
TXN-00009997,CTA-723693,CLI-84062,2026-06-27 16:21:00,3687083.97,CRC,pago,app_movil,SJ-002,Tarjeta Crédito
TXN-00009998,CTA-121449,CLI-76082,2026-06-21 17:12:00,1083214.93,CRC,deposito,sucursal,LI-002,Préstamo Personal
TXN-00009999,CTA-274200,CLI-33863,2026-06-04 04:02:00,4756423.73,CRC,transferencia,atm,CA-001,Préstamo Personal
TXN-00010000,CTA-691244,CLI-11213,2026-06-24 16:20:00,360128.66,CRC,retiro,sucursal,HE-001,Cuenta Ahorro
