transaccion_id,cuenta_id,cliente_id,fecha_hora,monto,moneda,tipo_transaccion,canal,sucursal_id,producto
TXN-00010001,CTA-964743,CLI-76433,2026-06-07 02:10:00,585277.54,CRC,comision,web,SJ-002,Préstamo Hipotecario
TXN-00010002,CTA-554424,CLI-13961,2026-06-30 03:47:00,2774861.38,CRC,pago,app_movil,SJ-002,Préstamo Hipotecario
TXN-00010003,CTA-709931,CLI-52184,2026-06-15 00:58:00,3455494.43,CRC,pago,sucursal,SJ-002,Tarjeta Crédito
TXN-00010004,CTA-878021,CLI-76531,2026-06-05 00:54:00,2787603.79,CRC,transferencia,atm,PU-001,Cuenta Ahorro
TXN-00010005,CTA-466260,CLI-36166,2026-06-18 17:58:00,3129817.27,CRC,transferencia,app_movil,SJ-002,Tarjeta Crédito
TXN-00010006,CTA-399789,CLI-84718,2026-06-11 02:28:00,2484985.81,CRC,retiro,sucursal,HE-001,Cuenta Corriente
TXN-00010007,CTA-594002,CLI-91552,2026-06-25 13:31:00,3844783.69,CRC,comision,sucursal,SJ-002,Tarjeta Crédito
TXN-00010008,CTA-335281,CLI-87301,2026-06-17 02:45:00,1788959.64,CRC,deposito,web,PU-001,Cuenta Ahorro
TXN-00010009,CTA-994540,CLI-97036,2026-06-18 16:00:00,4151211.2,CRC,transferencia,sucursal,LI-002,Cuenta Ahorro
TXN-00010010,CTA-862741,CLI-85213,2026-06-28 23:34:00,660029.87,CRC,comision,sinpe,PU-001,Cuenta Corriente
TXN-00010011,CTA-291128,CLI-73027,2026-06-21 01:22:00,3267010.1,CRC,deposito,atm,SJ-001,Cuenta Ahorro
TXN-00010012,CTA-996958,CLI-31142,2026-06-07 07:52:00,1174447.12,CRC,retiro,web,LI-002,Cuenta Ahorro
TXN-00010013,CTA-590539,CLI-24447,2026-06-25 00:43:00,559126.71,CRC,pago,sinpe,PU-001,Cuenta Corriente
TXN-00010014,CTA-208754,CLI-74513,2026-06-09 18:38:00,1696753.88,CRC,comision,app_movil,CA-001,Cuenta Corriente
TXN-00010015,CTA-436258,CLI-11630,2026-06-17 08:02:00,1491136.79,CRC,retiro,atm,AL-001,Préstamo Personal
TXN-00010016,CTA-286586,CLI-19369,2026-06-30 06:40:00,1832803.84,CRC,deposito,sucursal,CA-001,Tarjeta Crédito
TXN-00010017,CTA-374552,CLI-48896,2026-06-22 13:07:00,459186.01,CRC,deposito,app_movil,PU-001,Tarjeta Crédito
TXN-00010018,CTA-417582,CLI-38912,2026-06-21 19:57:00,3023122.88,CRC,deposito,atm,LI-002,Cuenta Ahorro
TXN-00010019,CTA-752109,CLI-21050,2026-06-08 09:42:00,3554550.29,CRC,deposito,app_movil,LI-002,Préstamo Personal
TXN-00010020,CTA-142385,CLI-63194,2026-06-14 21:08:00,1755653.91,CRC,transferencia,sucursal,PU-001,Cuenta Corriente
TXN-00010021,CTA-663434,CLI-63100,2026-06-09 04:03:00,128519.32,CRC,transferencia,sucursal,SJ-001,Cuenta Ahorro
TXN-00010022,CTA-973989,CLI-12904,2026-06-08 02:54:00,1516954.24,CRC,transferencia,sucursal,SJ-001,Cuenta Ahorro
TXN-00010023,CTA-110071,CLI-44289,2026-06-13 16:13:00,4503647.8,CRC,retiro,sinpe,LI-002,Tarjeta Crédito
TXN-00010024,CTA-178974,CLI-36367,2026-06-23 19:18:00,243833.42,CRC,pago,web,LI-001,Cuenta Ahorro
TXN-00010025,CTA-745284,CLI-41070,2026-06-14 10:59:00,101062.65,CRC,retiro,app_movil,LI-001,Cuenta Corriente
TXN-00010026,CTA-822791,CLI-82103,2026-06-25 00:35:00,4474548.45,CRC,pago,atm,LI-001,Cuenta Ahorro
TXN-00010027,CTA-735396,CLI-49008,2026-06-03 22:53:00,801004.21,CRC,transferencia,web,CA-001,Tarjeta Crédito
TXN-00010028,CTA-717093,CLI-25213,2026-06-10 23:58:00,99057.11,CRC,retiro,app_movil,SJ-002,Préstamo Hipotecario
TXN-00010029,CTA-644875,CLI-38056,2026-06-23 06:31:00,3264957.52,CRC,transferencia,web,PU-001,Cuenta Corriente
TXN-00010030,CTA-900155,CLI-65498,2026-06-30 07:20:00,4449242.54,CRC,retiro,app_movil,LI-002,Préstamo Hipotecario
TXN-00010031,CTA-704901,CLI-74860,2026-06-28 01:36:00,2285865.88,CRC,comision,sucursal,AL-001,Tarjeta Crédito
TXN-00010032,CTA-364503,CLI-78110,2026-06-26 07:38:00,872287.28,CRC,deposito,web,CA-001,Tarjeta Crédito
TXN-00010033,CTA-109242,CLI-25642,2026-06-07 09:37:00,2514449.19,CRC,pago,atm,PU-001,Cuenta Corriente
TXN-00010034,CTA-391221,CLI-69170,2026-06-05 08:06:00,2389724.22,CRC,transferencia,app_movil,LI-002,Cuenta Ahorro
TXN-00010035,CTA-763380,CLI-77518,2026-06-30 08:07:00,4980060.1,CRC,deposito,atm,SJ-002,Préstamo Personal
TXN-00010036,CTA-861744,CLI-11837,2026-06-09 16:55:00,2142569.76,CRC,comision,web,PU-001,Préstamo Hipotecario
TXN-00010037,CTA-119829,CLI-37564,2026-06-01 07:17:00,878781.05,CRC,comision,app_movil,SJ-002,Préstamo Hipotecario
TXN-00010038,CTA-582987,CLI-17544,2026-06-30 14:55:00,3510481.57,CRC,transferencia,web,SJ-002,Préstamo Personal
TXN-00010039,CTA-402857,CLI-14944,2026-06-16 09:56:00,1484677.81,CRC,comision,sinpe,LI-001,Préstamo Hipotecario
TXN-00010040,CTA-306748,CLI-74299,2026-06-23 18:50:00,4418862.48,CRC,retiro,app_movil,LI-001,Préstamo Hipotecario
TXN-00010041,CTA-196334,CLI-82784,2026-06-10 07:52:00,1535932.5,CRC,deposito,sinpe,SJ-001,Tarjeta Crédito
TXN-00010042,CTA-527532,CLI-12245,2026-06-26 08:58:00,2931207.56,CRC,transferencia,web,AL-001,Cuenta Ahorro
TXN-00010043,CTA-677226,CLI-49960,2026-06-03 12:53:00,1160474.84,CRC,retiro,sucursal,LI-002,Cuenta Ahorro
TXN-00010044,CTA-341828,CLI-48871,2026-06-05 12:54:00,3823408.54,CRC,retiro,sinpe,LI-001,Préstamo Personal
TXN-00010045,CTA-234611,CLI-41977,2026-06-20 03:29:00,3142505.05,CRC,comision,app_movil,AL-001,Tarjeta Crédito
TXN-00010046,CTA-319871,CLI-32412,2026-06-13 19:38:00,1536123.83,CRC,comision,sinpe,LI-002,Tarjeta Crédito
TXN-00010047,CTA-349414,CLI-79367,2026-06-15 19:24:00,1769728.44,CRC,retiro,atm,LI-002,Cuenta Corriente
TXN-00010048,CTA-364733,CLI-19426,2026-06-20 19:46:00,3473866.77,CRC,retiro,sinpe,LI-001,Cuenta Corriente
TXN-00010049,CTA-360427,CLI-26712,2026-06-22 10:56:00,4358649.11,CRC,comision,web,HE-001,Préstamo Hipotecario
TXN-00010050,CTA-890272,CLI-27920,2026-06-07 00:21:00,929638.92,CRC,retiro,app_movil,SJ-001,Cuenta Ahorro
TXN-00010051,CTA-108646,CLI-96154,2026-06-11 16:37:00,4463370.75,CRC,retiro,sucursal,LI-002,Cuenta Ahorro
TXN-00010052,CTA-811046,CLI-33721,2026-06-24 21:45:00,3977267.44,CRC,pago,app_movil,LI-002,Cuenta Corriente
TXN-00010053,CTA-544039,CLI-25025,2026-06-29 21:37:00,695579.49,CRC,deposito,sinpe,LI-001,Tarjeta Crédito
TXN-00010054,CTA-504576,CLI-86460,2026-06-05 23:19:00,4047681.82,CRC,pago,web,SJ-001,Préstamo Personal
TXN-00010055,CTA-353993,CLI-82002,2026-06-16 08:21:00,4468912.59,CRC,pago,sucursal,CA-001,Préstamo Personal
TXN-00010056,CTA-866686,CLI-48735,2026-06-22 09:56:00,4620909.51,CRC,retiro,app_movil,CA-001,Préstamo Personal
TXN-00010057,CTA-996121,CLI-96621,2026-06-25 20:50:00,3562988.02,CRC,pago,sucursal,LI-001,Cuenta Ahorro
TXN-00010058,CTA-379876,CLI-39288,2026-06-24 10:18:00,4067118.92,CRC,pago,sinpe,SJ-001,Cuenta Corriente
TXN-00010059,CTA-296291,CLI-37782,2026-06-20 23:30:00,4775549.06,CRC,comision,app_movil,HE-001,Préstamo Hipotecario
TXN-00010060,CTA-186642,CLI-78485,2026-06-20 20:01:00,2906930.38,CRC,deposito,sinpe,SJ-002,Préstamo Hipotecario
TXN-00010061,CTA-445102,CLI-27161,2026-06-05 17:33:00,1497748.74,CRC,pago,atm,LI-002,Cuenta Ahorro
TXN-00010062,CTA-363568,CLI-24531,2026-06-23 13:33:00,4445622.82,CRC,deposito,sucursal,SJ-001,Cuenta Ahorro
TXN-00010063,CTA-688769,CLI-59573,2026-06-10 23:26:00,3865731.39,CRC,transferencia,app_movil,PU-001,Cuenta Corriente
TXN-00010064,CTA-783616,CLI-16480,2026-06-18 20:17:00,2454274.54,CRC,retiro,sinpe,AL-001,Préstamo Hipotecario
TXN-00010065,CTA-830476,CLI-96543,2026-06-11 14:21:00,3351220.26,CRC,pago,atm,SJ-002,Préstamo Hipotecario
TXN-00010066,CTA-443272,CLI-69043,2026-06-01 22:34:00,2159675.12,CRC,deposito,web,CA-001,Préstamo Hipotecario
TXN-00010067,CTA-782141,CLI-39036,2026-06-24 15:17:00,739336.92,CRC,deposito,sinpe,LI-002,Cuenta Corriente
TXN-00010068,CTA-668534,CLI-55700,2026-06-04 10:20:00,4568402.31,CRC,transferencia,atm,SJ-001,Cuenta Corriente
TXN-00010069,CTA-400389,CLI-77635,2026-06-18 01:27:00,3768371.26,CRC,pago,app_movil,LI-002,Cuenta Ahorro
TXN-00010070,CTA-621182,CLI-22780,2026-06-26 06:30:00,3476611.94,CRC,pago,atm,SJ-002,Préstamo Personal
TXN-00010071,CTA-907680,CLI-72154,2026-06-14 05:42:00,3980836.63,CRC,comision,sucursal,SJ-001,Cuenta Ahorro
TXN-00010072,CTA-606992,CLI-42563,2026-06-07 11:42:00,1015174.76,CRC,pago,sucursal,LI-001,Cuenta Ahorro
TXN-00010073,CTA-520786,CLI-29783,2026-06-02 02:59:00,3798588.28,CRC,deposito,web,LI-001,Cuenta Ahorro
TXN-00010074,CTA-732660,CLI-41789,2026-06-18 13:28:00,4091995.31,CRC,deposito,sinpe,PU-001,Tarjeta Crédito
TXN-00010075,CTA-837441,CLI-95290,2026-06-23 18:55:00,866830.95,CRC,deposito,sinpe,LI-001,Préstamo Personal
TXN-00010076,CTA-475516,CLI-61108,2026-06-07 11:07:00,1109307.59,CRC,retiro,sinpe,LI-001,Tarjeta Crédito
TXN-00010077,CTA-240268,CLI-43331,2026-06-25 10:56:00,1410476.91,CRC,retiro,atm,LI-002,Préstamo Hipotecario
TXN-00010078,CTA-249474,CLI-60614,2026-06-03 14:39:00,3993615.63,CRC,comision,sucursal,CA-001,Préstamo Personal
TXN-00010079,CTA-688256,CLI-37563,2026-06-11 02:05:00,1274119.6,CRC,deposito,atm,HE-001,Cuenta Corriente
TXN-00010080,CTA-453672,CLI-95940,2026-06-01 19:52:00,4981237.21,CRC,comision,sinpe,LI-001,Préstamo Personal
TXN-00010081,CTA-767845,CLI-69437,2026-06-01 11:52:00,2978389.93,CRC,pago,sucursal,SJ-002,Préstamo Hipotecario
TXN-00010082,CTA-891883,CLI-66884,2026-06-18 17:24:00,1585500.68,CRC,pago,sinpe,LI-002,Cuenta Corriente
TXN-00010083,CTA-830564,CLI-70195,2026-06-23 08:43:00,1548658.88,CRC,deposito,app_movil,CA-001,Préstamo Personal
TXN-00010084,CTA-528084,CLI-56088,2026-06-05 18:10:00,2564561.21,CRC,transferencia,app_movil,LI-002,Cuenta Ahorro
TXN-00010085,CTA-240007,CLI-36434,2026-06-20 10:50:00,2382128.85,CRC,deposito,atm,HE-001,Préstamo Personal
TXN-00010086,CTA-113325,CLI-68457,2026-06-14 08:17:00,231578.89,CRC,pago,atm,AL-001,Préstamo Personal
TXN-00010087,CTA-892633,CLI-69656,2026-06-27 02:32:00,4787950.7,CRC,transferencia,sinpe,PU-001,Cuenta Corriente
TXN-00010088,CTA-410668,CLI-45521,2026-06-10 09:42:00,1141077.89,CRC,pago,web,HE-001,Préstamo Personal
TXN-00010089,CTA-831652,CLI-84563,2026-06-08 15:54:00,1984276.79,CRC,pago,web,CA-001,Cuenta Ahorro
TXN-00010090,CTA-105481,CLI-44203,2026-06-21 07:39:00,599332.11,CRC,transferencia,sinpe,PU-001,Préstamo Personal
TXN-00010091,CTA-856512,CLI-94124,2026-06-23 14:55:00,2410130.38,CRC,transferencia,app_movil,PU-001,Tarjeta Crédito
TXN-00010092,CTA-131965,CLI-61889,2026-06-29 04:42:00,4575211.1,CRC,comision,sucursal,LI-001,Tarjeta Crédito
TXN-00010093,CTA-792359,CLI-58902,2026-06-04 20:55:00,435168.87,CRC,pago,atm,SJ-002,Cuenta Ahorro
TXN-00010094,CTA-682106,CLI-26312,2026-06-29 01:15:00,2276203.63,CRC,retiro,web,AL-001,Cuenta Ahorro
TXN-00010095,CTA-379169,CLI-66814,2026-06-12 18:14:00,3860605.81,CRC,pago,web,SJ-001,Préstamo Hipotecario
TXN-00010096,CTA-711407,CLI-54521,2026-06-10 22:57:00,2781200.21,CRC,deposito,sucursal,CA-001,Préstamo Personal
TXN-00010097,CTA-264471,CLI-98522,2026-06-26 12:06:00,4804814.78,CRC,pago,sucursal,PU-001,Cuenta Corriente
TXN-00010098,CTA-879525,CLI-14462,2026-06-13 00:36:00,1143331.89,CRC,retiro,sinpe,SJ-002,Préstamo Personal
TXN-00010099,CTA-957810,CLI-19294,2026-06-24 20:13:00,407824.34,CRC,retiro,app_movil,LI-001,Cuenta Corriente
TXN-00010100,CTA-610083,CLI-40162,2026-06-04 08:50:00,1924803.54,CRC,pago,sinpe,SJ-001,Tarjeta Crédito
TXN-00010101,CTA-906646,CLI-94153,2026-06-08 23:02:00,2274422.63,CRC,transferencia,web,CA-001,Préstamo Personal
TXN-00010102,CTA-657262,CLI-47096,2026-06-06 13:17:00,1671831.12,CRC,comision,web,SJ-002,Cuenta Ahorro
TXN-00010103,CTA-644593,CLI-24568,2026-06-24 02:03:00,49567.92,CRC,deposito,app_movil,HE-001,Tarjeta Crédito
TXN-00010104,CTA-121858,CLI-97400,2026-06-07 10:13:00,840567.41,CRC,pago,web,SJ-002,Préstamo Personal
TXN-00010105,CTA-206348,CLI-90464,2026-06-22 22:18:00,3507719.67,CRC,comision,web,PU-001,Préstamo Personal
TXN-00010106,CTA-642001,CLI-36139,2026-06-14 04:22:00,1008932.27,CRC,pago,sucursal,LI-001,Cuenta Ahorro
TXN-00010107,CTA-962687,CLI-92478,2026-06-06 14:08:00,4025632.65,CRC,transferencia,web,SJ-001,Préstamo Personal
TXN-00010108,CTA-592466,CLI-68139,2026-06-02 03:26:00,432073.13,CRC,pago,sucursal,CA-001,Tarjeta Crédito
TXN-00010109,CTA-376559,CLI-20378,2026-06-12 05:16:00,2889928.82,CRC,transferencia,atm,CA-001,Cuenta Corriente
TXN-00010110,CTA-487302,CLI-72896,2026-06-08 11:56:00,3954268.81,CRC,comision,sinpe,LI-002,Préstamo Hipotecario
TXN-00010111,CTA-246464,CLI-17485,2026-06-01 15:07:00,2288416.64,CRC,comision,sinpe,AL-001,Cuenta Ahorro
TXN-00010112,CTA-175326,CLI-30248,2026-06-16 01:36:00,4510990.2,CRC,deposito,sinpe,AL-001,Préstamo Hipotecario
TXN-00010113,CTA-883327,CLI-62456,2026-06-21 15:36:00,1703794.42,CRC,pago,app_movil,LI-001,Cuenta Corriente
TXN-00010114,CTA-674255,CLI-70235,2026-06-14 00:36:00,1769628.56,CRC,deposito,app_movil,LI-002,Cuenta Ahorro
TXN-00010115,CTA-581125,CLI-14262,2026-06-24 14:41:00,4921400.76,CRC,retiro,atm,SJ-001,Cuenta Corriente
TXN-00010116,CTA-539157,CLI-19686,2026-06-06 11:30:00,981574.27,CRC,deposito,app_movil,PU-001,Cuenta Corriente
TXN-00010117,CTA-489524,CLI-35416,2026-06-25 02:47:00,269186.29,CRC,transferencia,sucursal,CA-001,Préstamo Personal
TXN-00010118,CTA-862180,CLI-52838,2026-06-26 07:53:00,227398.52,CRC,pago,app_movil,SJ-001,Préstamo Hipotecario
TXN-00010119,CTA-684913,CLI-96501,2026-06-25 05:56:00,964367.88,CRC,transferencia,app_movil,PU-001,Préstamo Hipotecario
TXN-00010120,CTA-426958,CLI-23883,2026-06-18 12:03:00,4344924.88,CRC,comision,atm,AL-001,Tarjeta Crédito
TXN-00010121,CTA-130388,CLI-57147,2026-06-20 23:01:00,1945914.9,CRC,pago,sinpe,HE-001,Cuenta Ahorro
TXN-00010122,CTA-166106,CLI-81087,2026-06-12 07:35:00,3313403.18,CRC,retiro,sinpe,AL-001,Tarjeta Crédito
TXN-00010123,CTA-460987,CLI-35742,2026-06-22 21:14:00,3521751.48,CRC,comision,sinpe,PU-001,Cuenta Ahorro
TXN-00010124,CTA-833243,CLI-45040,2026-06-09 15:07:00,1876461.91,CRC,deposito,sinpe,LI-001,Tarjeta Crédito
TXN-00010125,CTA-681912,CLI-62650,2026-06-04 18:21:00,4518443.48,CRC,retiro,app_movil,LI-002,Préstamo Hipotecario
TXN-00010126,CTA-498472,CLI-91100,2026-06-30 14:21:00,2315010.85,CRC,comision,atm,AL-001,Préstamo Personal
TXN-00010127,CTA-696471,CLI-60377,2026-06-24 07:50:00,3613461.15,CRC,pago,sucursal,LI-002,Préstamo Personal
TXN-00010128,CTA-645929,CLI-14271,2026-06-28 03:36:00,1915706.15,CRC,comision,atm,LI-001,Préstamo Hipotecario
TXN-00010129,CTA-249998,CLI-25525,2026-06-30 23:27:00,2182913.22,CRC,pago,sucursal,PU-001,Tarjeta Crédito
TXN-00010130,CTA-957524,CLI-59625,2026-06-24 22:12:00,2762898.01,CRC,transferencia,sinpe,LI-002,Cuenta Corriente
TXN-00010131,CTA-221972,CLI-95173,2026-06-06 16:30:00,1649612.66,CRC,deposito,sinpe,SJ-001,Tarjeta Crédito
TXN-00010132,CTA-229674,CLI-10629,2026-06-07 07:31:00,4615185.7,CRC,retiro,sucursal,PU-001,Cuenta Corriente
TXN-00010133,CTA-979369,CLI-52348,2026-06-17 15:27:00,1611064.73,CRC,pago,sinpe,CA-001,Préstamo Hipotecario
TXN-00010134,CTA-494684,CLI-32682,2026-06-01 23:25:00,1732739.64,CRC,pago,sucursal,CA-001,Préstamo Hipotecario
TXN-00010135,CTA-966711,CLI-12127,2026-06-09 04:50:00,1982842.37,CRC,pago,web,LI-002,Cuenta Corriente
TXN-00010136,CTA-104672,CLI-91096,2026-06-19 02:39:00,1831436.55,CRC,deposito,web,AL-001,Préstamo Hipotecario
TXN-00010137,CTA-198730,CLI-91035,2026-06-08 15:13:00,4858791.02,CRC,comision,app_movil,PU-001,Préstamo Hipotecario
TXN-00010138,CTA-925365,CLI-59319,2026-06-15 19:58:00,3515355.37,CRC,comision,sinpe,PU-001,Cuenta Ahorro
TXN-00010139,CTA-303482,CLI-66524,2026-06-09 05:22:00,693299.09,CRC,pago,sucursal,CA-001,Préstamo Personal
TXN-00010140,CTA-150031,CLI-20742,2026-06-16 11:29:00,3607281.5,CRC,comision,web,HE-001,Cuenta Ahorro
TXN-00010141,CTA-278408,CLI-12960,2026-06-06 10:19:00,449764.97,CRC,retiro,web,SJ-002,Cuenta Ahorro
TXN-00010142,CTA-170510,CLI-74030,2026-06-09 02:15:00,1972382.1,CRC,transferencia,app_movil,SJ-002,Préstamo Hipotecario
TXN-00010143,CTA-696316,CLI-26805,2026-06-28 00:57:00,4990733.95,CRC,pago,sucursal,CA-001,Cuenta Ahorro
TXN-00010144,CTA-451785,CLI-80653,2026-06-13 16:55:00,3030906.55,CRC,pago,sucursal,SJ-001,Tarjeta Crédito
TXN-00010145,CTA-361722,CLI-28265,2026-06-14 05:27:00,2927672.12,CRC,pago,web,PU-001,Cuenta Ahorro
TXN-00010146,CTA-721787,CLI-65663,2026-06-12 17:33:00,2907822.51,CRC,pago,sucursal,AL-001,Préstamo Hipotecario
TXN-00010147,CTA-794114,CLI-60489,2026-06-01 18:45:00,1386839.67,CRC,pago,sucursal,LI-002,Cuenta Ahorro
TXN-00010148,CTA-653376,CLI-13539,2026-06-23 20:05:00,872809.11,CRC,deposito,sucursal,SJ-002,Cuenta Ahorro
TXN-00010149,CTA-912613,CLI-98954,2026-06-30 05:45:00,276583.89,CRC,pago,app_movil,LI-002,Préstamo Hipotecario
TXN-00010150,CTA-580522,CLI-97726,2026-06-09 21:31:00,1429819.47,CRC,retiro,sucursal,SJ-002,Préstamo Personal
TXN-00010151,CTA-328129,CLI-36455,2026-06-06 02:56:00,1171906.69,CRC,comision,app_movil,AL-001,Préstamo Hipotecario
TXN-00010152,CTA-762315,CLI-46658,2026-06-27 21:33:00,1717190.93,CRC,comision,web,HE-001,Tarjeta Crédito
TXN-00010153,CTA-910401,CLI-79471,2026-06-04 16:41:00,789677.86,CRC,transferencia,sinpe,LI-001,Préstamo Hipotecario
TXN-00010154,CTA-929922,CLI-60141,2026-06-20 23:55:00,1740950.96,CRC,pago,app_movil,AL-001,Cuenta Ahorro
TXN-00010155,CTA-896652,CLI-38855,2026-06-07 10:47:00,4335378.62,CRC,pago,app_movil,AL-001,Préstamo Hipotecario
TXN-00010156,CTA-424058,CLI-61315,2026-06-01 17:38:00,523919.01,CRC,transferencia,atm,CA-001,Cuenta Ahorro
TXN-00010157,CTA-445012,CLI-98597,2026-06-28 11:19:00,3512787.67,CRC,retiro,sucursal,SJ-001,Préstamo Hipotecario
TXN-00010158,CTA-298239,CLI-27511,2026-06-16 06:23:00,4196832.25,CRC,pago,atm,CA-001,Cuenta Corriente
TXN-00010159,CTA-653454,CLI-19251,2026-06-28 21:55:00,591460.8,CRC,comision,atm,SJ-001,Préstamo Hipotecario
TXN-00010160,CTA-414214,CLI-53713,2026-06-28 21:03:00,3182587.01,CRC,comision,app_movil,CA-001,Cuenta Ahorro
TXN-00010161,CTA-919286,CLI-85410,2026-06-03 09:00:00,1937868.87,CRC,comision,app_movil,SJ-001,Cuenta Ahorro
TXN-00010162,CTA-141368,CLI-60025,2026-06-13 22:13:00,2795148.84,CRC,deposito,web,PU-001,Tarjeta Crédito
TXN-00010163,CTA-805334,CLI-74612,2026-06-19 00:00:00,724530.31,CRC,transferencia,web,SJ-002,Cuenta Ahorro
TXN-00010164,CTA-418522,CLI-15066,2026-06-19 18:40:00,900138.34,CRC,pago,sinpe,LI-002,Préstamo Hipotecario
TXN-00010165,CTA-912497,CLI-54360,2026-06-21 00:22:00,746523.36,CRC,retiro,sinpe,LI-002,Préstamo Personal
TXN-00010166,CTA-566273,CLI-37282,2026-06-18 17:24:00,3537854.09,CRC,transferencia,sucursal,LI-002,Cuenta Corriente
TXN-00010167,CTA-635179,CLI-90412,2026-06-25 10:59:00,3636645.14,CRC,retiro,app_movil,SJ-001,Préstamo Personal
TXN-00010168,CTA-996535,CLI-36141,2026-06-28 12:55:00,4419321.98,CRC,pago,sinpe,AL-001,Préstamo Hipotecario
TXN-00010169,CTA-416062,CLI-27535,2026-06-17 22:00:00,4844640.57,CRC,deposito,atm,CA-001,Préstamo Personal
TXN-00010170,CTA-335096,CLI-56979,2026-06-19 11:39:00,4811385.92,CRC,retiro,web,SJ-001,Préstamo Personal
TXN-00010171,CTA-285035,CLI-91432,2026-06-15 10:26:00,1763389.25,CRC,comision,app_movil,PU-001,Tarjeta Crédito
TXN-00010172,CTA-516556,CLI-25526,2026-06-12 01:14:00,3994769.98,CRC,deposito,app_movil,SJ-001,Tarjeta Crédito
TXN-00010173,CTA-121212,CLI-53554,2026-06-29 12:45:00,4696127.23,CRC,deposito,app_movil,PU-001,Cuenta Corriente
TXN-00010174,CTA-754708,CLI-83093,2026-06-05 10:10:00,17345.17,CRC,pago,sucursal,LI-001,Préstamo Personal
TXN-00010175,CTA-206731,CLI-64744,2026-06-13 08:30:00,717774.04,CRC,pago,atm,PU-001,Cuenta Ahorro
TXN-00010176,CTA-899761,CLI-53691,2026-06-01 10:20:00,2868445.15,CRC,transferencia,app_movil,LI-001,Tarjeta Crédito
TXN-00010177,CTA-619990,CLI-44065,2026-06-23 15:13:00,1175616.22,CRC,retiro,atm,AL-001,Préstamo Personal
TXN-00010178,CTA-667099,CLI-87098,2026-06-13 21:11:00,3250690.65,CRC,deposito,sinpe,AL-001,Préstamo Hipotecario
TXN-00010179,CTA-549404,CLI-52728,2026-06-15 09:03:00,3770980.16,CRC,deposito,sinpe,LI-002,Préstamo Hipotecario
TXN-00010180,CTA-492514,CLI-59632,2026-06-14 11:47:00,3406663.23,CRC,retiro,app_movil,PU-001,Préstamo Personal
TXN-00010181,CTA-687830,CLI-96722,2026-06-02 08:19:00,924502.02,CRC,comision,sinpe,CA-001,Préstamo Hipotecario
TXN-00010182,CTA-741386,CLI-49708,2026-06-12 17:52:00,2790665.61,CRC,deposito,web,LI-002,Cuenta Ahorro
TXN-00010183,CTA-473584,CLI-27506,2026-06-20 14:16:00,3459073.27,CRC,comision,sinpe,CA-001,Cuenta Ahorro
TXN-00010184,CTA-655017,CLI-31057,2026-06-23 20:28:00,3395520.46,CRC,retiro,app_movil,SJ-001,Tarjeta Crédito
TXN-00010185,CTA-259472,CLI-55791,2026-06-09 18:21:00,3314947.42,CRC,retiro,app_movil,SJ-001,Cuenta Corriente
TXN-00010186,CTA-703054,CLI-77720,2026-06-30 17:28:00,3877263.99,CRC,comision,app_movil,AL-001,Tarjeta Crédito
TXN-00010187,CTA-673948,CLI-15948,2026-06-08 08:37:00,2869906.16,CRC,comision,web,PU-001,Préstamo Hipotecario
TXN-00010188,CTA-495467,CLI-74898,2026-06-08 21:12:00,1183229.89,CRC,deposito,sinpe,LI-001,Préstamo Hipotecario
TXN-00010189,CTA-890978,CLI-67079,2026-06-21 04:29:00,3251648.11,CRC,deposito,web,LI-001,Cuenta Corriente
TXN-00010190,CTA-226994,CLI-70204,2026-06-12 08:12:00,3253010.7,CRC,comision,sinpe,SJ-002,Préstamo Hipotecario
TXN-00010191,CTA-292707,CLI-61422,2026-06-24 16:18:00,2173287.25,CRC,pago,web,SJ-002,Préstamo Hipotecario
TXN-00010192,CTA-246756,CLI-30998,2026-06-24 02:52:00,1343429.12,CRC,retiro,sucursal,LI-002,Préstamo Hipotecario
TXN-00010193,CTA-519170,CLI-18967,2026-06-14 01:48:00,4863901.25,CRC,deposito,web,HE-001,Préstamo Hipotecario
TXN-00010194,CTA-485888,CLI-70076,2026-06-15 10:10:00,2969895.97,CRC,deposito,app_movil,HE-001,Préstamo Personal
TXN-00010195,CTA-368497,CLI-94361,2026-06-01 11:25:00,3081085.65,CRC,transferencia,app_movil,HE-001,Tarjeta Crédito
TXN-00010196,CTA-370190,CLI-53897,2026-06-09 18:09:00,4989476.41,CRC,deposito,sinpe,PU-001,Cuenta Ahorro
TXN-00010197,CTA-978690,CLI-99789,2026-06-04 08:55:00,756486.8,CRC,comision,app_movil,CA-001,Préstamo Personal
TXN-00010198,CTA-711552,CLI-23623,2026-06-22 12:54:00,1509329.94,CRC,transferencia,web,SJ-001,Cuenta Corriente
TXN-00010199,CTA-234126,CLI-66602,2026-06-01 12:12:00,4621783.62,CRC,deposito,web,SJ-001,Préstamo Personal
TXN-00010200,CTA-405261,CLI-17429,2026-06-24 07:47:00,354915.13,CRC,pago,atm,LI-001,Cuenta Corriente
TXN-00010201,CTA-880091,CLI-47732,2026-06-03 08:14:00,2756530.74,CRC,transferencia,atm,LI-001,Cuenta Corriente
TXN-00010202,CTA-919392,CLI-28366,2026-06-07 02:42:00,4964491.36,CRC,comision,atm,AL-001,Cuenta Ahorro
TXN-00010203,CTA-543267,CLI-66691,2026-06-25 08:42:00,551622.2,CRC,transferencia,sinpe,SJ-002,Préstamo Personal
TXN-00010204,CTA-358354,CLI-30303,2026-06-08 09:15:00,2624407.94,CRC,transferencia,sinpe,HE-001,Tarjeta Crédito
TXN-00010205,CTA-483540,CLI-91506,2026-06-23 12:59:00,3496320.69,CRC,deposito,sucursal,HE-001,Cuenta Ahorro
TXN-00010206,CTA-909389,CLI-35988,2026-06-23 17:20:00,2905445.17,CRC,retiro,atm,LI-001,Tarjeta Crédito
TXN-00010207,CTA-317230,CLI-81867,2026-06-26 02:58:00,3896979.73,CRC,comision,app_movil,AL-001,Préstamo Hipotecario
TXN-00010208,CTA-365060,CLI-60231,2026-06-23 05:47:00,1987121.59,CRC,pago,atm,SJ-002,Préstamo Personal
TXN-00010209,CTA-758802,CLI-33808,2026-06-26 13:44:00,3752163.1,CRC,transferencia,web,AL-001,Préstamo Personal
TXN-00010210,CTA-445801,CLI-71449,2026-06-24 15:03:00,2362632.54,CRC,comision,web,SJ-001,Tarjeta Crédito
TXN-00010211,CTA-439472,CLI-46511,2026-06-29 18:49:00,949570.46,CRC,pago,sucursal,SJ-002,Préstamo Personal
TXN-00010212,CTA-208981,CLI-38451,2026-06-23 16:41:00,4776387.55,CRC,pago,app_movil,PU-001,Préstamo Personal
TXN-00010213,CTA-718767,CLI-46124,2026-06-07 17:09:00,4105503.71,CRC,transferencia,web,HE-001,Cuenta Ahorro
TXN-00010214,CTA-438143,CLI-97413,2026-06-23 16:39:00,1557505.87,CRC,pago,web,AL-001,Préstamo Hipotecario
TXN-00010215,CTA-209771,CLI-91834,2026-06-27 17:29:00,1563413.17,CRC,transferencia,sinpe,LI-002,Préstamo Hipotecario
TXN-00010216,CTA-516790,CLI-37462,2026-06-12 08:37:00,3588148.94,CRC,comision,sinpe,CA-001,Préstamo Personal
TXN-00010217,CTA-384872,CLI-74569,2026-06-02 08:55:00,1560179.7,CRC,deposito,atm,SJ-002,Préstamo Hipotecario
TXN-00010218,CTA-967153,CLI-19859,2026-06-27 02:26:00,2479066.64,CRC,comision,atm,LI-002,Tarjeta Crédito
TXN-00010219,CTA-747070,CLI-61463,2026-06-15 22:35:00,4983109.66,CRC,deposito,atm,LI-001,Cuenta Corriente
TXN-00010220,CTA-423940,CLI-21040,2026-06-28 21:57:00,2269039.06,CRC,comision,atm,LI-002,Cuenta Corriente
TXN-00010221,CTA-130259,CLI-52677,2026-06-07 11:32:00,1260936.51,CRC,retiro,atm,PU-001,Cuenta Ahorro
TXN-00010222,CTA-241437,CLI-70628,2026-06-28 05:06:00,4213520.08,CRC,pago,sinpe,CA-001,Préstamo Personal
TXN-00010223,CTA-576992,CLI-33667,2026-06-09 16:03:00,1628550.77,CRC,deposito,sinpe,SJ-001,Préstamo Personal
TXN-00010224,CTA-811741,CLI-38992,2026-06-13 16:45:00,4076002.23,CRC,retiro,web,LI-001,Cuenta Corriente
TXN-00010225,CTA-950602,CLI-43774,2026-06-19 07:09:00,2343994.91,CRC,comision,sinpe,SJ-002,Cuenta Ahorro
TXN-00010226,CTA-270817,CLI-31772,2026-06-30 02:13:00,1726718.67,CRC,pago,sinpe,HE-001,Cuenta Corriente
TXN-00010227,CTA-924223,CLI-44607,2026-06-24 12:59:00,1771897.4,CRC,pago,app_movil,SJ-001,Cuenta Corriente
TXN-00010228,CTA-941604,CLI-10593,2026-06-19 22:23:00,4810881.68,CRC,retiro,sinpe,LI-002,Préstamo Personal
TXN-00010229,CTA-462092,CLI-63541,2026-06-30 17:04:00,125461.22,CRC,retiro,sucursal,AL-001,Préstamo Personal
TXN-00010230,CTA-574435,CLI-63495,2026-06-12 18:54:00,3858019.37,CRC,retiro,sinpe,SJ-001,Cuenta Ahorro
TXN-00010231,CTA-266985,CLI-83107,2026-06-21 04:11:00,4631031.27,CRC,comision,sucursal,SJ-002,Préstamo Personal
TXN-00010232,CTA-695889,CLI-63206,2026-06-12 03:17:00,99128.5,CRC,comision,web,SJ-002,Cuenta Ahorro
TXN-00010233,CTA-616819,CLI-43077,2026-06-18 00:20:00,233580.55,CRC,comision,sinpe,HE-001,Cuenta Corriente
TXN-00010234,CTA-392436,CLI-38300,2026-06-19 21:47:00,4657756.16,CRC,retiro,sinpe,AL-001,Cuenta Corriente
TXN-00010235,CTA-218608,CLI-69676,2026-06-07 03:27:00,2427220.44,CRC,pago,atm,LI-002,Cuenta Ahorro
TXN-00010236,CTA-671098,CLI-99239,2026-06-22 21:49:00,947418.51,CRC,comision,web,HE-001,Cuenta Ahorro
TXN-00010237,CTA-625468,CLI-20599,2026-06-13 06:54:00,2306700.68,CRC,transferencia,app_movil,AL-001,Préstamo Personal
TXN-00010238,CTA-672544,CLI-11054,2026-06-15 21:54:00,3620737.59,CRC,comision,atm,SJ-001,Cuenta Ahorro
TXN-00010239,CTA-562627,CLI-16220,2026-06-05 21:24:00,4424004.86,CRC,transferencia,sinpe,PU-001,Tarjeta Crédito
TXN-00010240,CTA-835847,CLI-45442,2026-06-26 00:38:00,1692555.86,CRC,deposito,web,LI-002,Cuenta Ahorro
TXN-00010241,CTA-964480,CLI-81171,2026-06-09 04:39:00,1725143.37,CRC,comision,sinpe,HE-001,Cuenta Ahorro
TXN-00010242,CTA-650121,CLI-18550,2026-06-07 12:48:00,4213007.35,CRC,pago,app_movil,AL-001,Cuenta Corriente
TXN-00010243,CTA-969904,CLI-81492,2026-06-25 23:15:00,715985.08,CRC,deposito,sinpe,AL-001,Tarjeta Crédito
TXN-00010244,CTA-696308,CLI-72913,2026-06-03 13:17:00,1015265.45,CRC,pago,atm,CA-001,Préstamo Hipotecario
TXN-00010245,CTA-916526,CLI-81122,2026-06-12 06:43:00,1920590.74,CRC,retiro,atm,CA-001,Préstamo Hipotecario
TXN-00010246,CTA-709387,CLI-14238,2026-06-26 01:45:00,1706516.13,CRC,comision,web,HE-001,Préstamo Personal
TXN-00010247,CTA-808586,CLI-28449,2026-06-29 20:01:00,1048218.56,CRC,retiro,app_movil,SJ-002,Cuenta Corriente
TXN-00010248,CTA-623957,CLI-62092,2026-06-28 20:35:00,4046192.67,CRC,transferencia,web,PU-001,Tarjeta Crédito
TXN-00010249,CTA-473405,CLI-59521,2026-06-24 17:04:00,4440846.77,CRC,pago,sucursal,CA-001,Préstamo Hipotecario
TXN-00010250,CTA-273470,CLI-33719,2026-06-24 11:14:00,4526359.66,CRC,pago,app_movil,AL-001,Préstamo Personal
TXN-00010251,CTA-609316,CLI-40956,2026-06-29 17:11:00,2496207.44,CRC,deposito,sinpe,LI-002,Tarjeta Crédito
TXN-00010252,CTA-572357,CLI-67378,2026-06-09 04:56:00,4539539.39,CRC,deposito,sucursal,LI-001,Cuenta Ahorro
TXN-00010253,CTA-855110,CLI-97050,2026-06-20 16:21:00,3360999.31,CRC,transferencia,web,SJ-002,Cuenta Ahorro
TXN-00010254,CTA-120002,CLI-21506,2026-06-18 14:55:00,708169.93,CRC,transferencia,atm,CA-001,Préstamo Personal
TXN-00010255,CTA-866849,CLI-86860,2026-06-04 05:50:00,364593.1,CRC,deposito,sucursal,AL-001,Cuenta Ahorro
TXN-00010256,CTA-298473,CLI-23618,2026-06-25 10:04:00,3384188.3,CRC,comision,atm,PU-001,Cuenta Corriente
TXN-00010257,CTA-256297,CLI-94484,2026-06-30 03:39:00,4073069.73,CRC,pago,atm,HE-001,Cuenta Corriente
TXN-00010258,CTA-628411,CLI-17280,2026-06-06 09:00:00,3497876.08,CRC,retiro,app_movil,LI-001,Cuenta Ahorro
TXN-00010259,CTA-761510,CLI-94688,2026-06-30 13:19:00,461654.23,CRC,retiro,app_movil,CA-001,Préstamo Hipotecario
TXN-00010260,CTA-425557,CLI-90135,2026-06-01 14:17:00,350131.58,CRC,retiro,app_movil,PU-001,Cuenta Corriente
TXN-00010261,CTA-440313,CLI-87950,2026-06-26 00:02:00,3716724.48,CRC,pago,sucursal,HE-001,Cuenta Corriente
TXN-00010262,CTA-593715,CLI-29108,2026-06-29 05:38:00,2049767.24,CRC,pago,sucursal,SJ-001,Préstamo Hipotecario
TXN-00010263,CTA-454728,CLI-82437,2026-06-03 04:09:00,2081675.06,CRC,transferencia,atm,SJ-002,Préstamo Personal
TXN-00010264,CTA-974415,CLI-55358,2026-06-09 20:11:00,3415506.84,CRC,transferencia,app_movil,AL-001,Tarjeta Crédito
TXN-00010265,CTA-443094,CLI-65319,2026-06-11 07:08:00,4791.97,CRC,comision,app_movil,PU-001,Tarjeta Crédito
TXN-00010266,CTA-645873,CLI-57781,2026-06-12 20:53:00,4152483.51,CRC,retiro,app_movil,SJ-001,Préstamo Personal
TXN-00010267,CTA-693585,CLI-67233,2026-06-22 12:02:00,3164448.34,CRC,retiro,sucursal,AL-001,Préstamo Hipotecario
TXN-00010268,CTA-396911,CLI-64016,2026-06-09 10:55:00,3612810.54,CRC,pago,app_movil,CA-001,Préstamo Hipotecario
TXN-00010269,CTA-789620,CLI-67687,2026-06-14 16:36:00,2085183.45,CRC,retiro,sucursal,HE-001,Préstamo Personal
TXN-00010270,CTA-565568,CLI-61690,2026-06-14 13:05:00,127641.86,CRC,pago,web,CA-001,Tarjeta Crédito
TXN-00010271,CTA-204364,CLI-93192,2026-06-29 16:42:00,4701887.51,CRC,comision,atm,SJ-001,Préstamo Personal
TXN-00010272,CTA-714292,CLI-88411,2026-06-30 11:07:00,4553523.28,CRC,transferencia,sucursal,PU-001,Tarjeta Crédito
TXN-00010273,CTA-191722,CLI-29104,2026-06-27 00:36:00,118388.07,CRC,transferencia,app_movil,PU-001,Préstamo Hipotecario
TXN-00010274,CTA-834677,CLI-30257,2026-06-12 10:28:00,1913690.87,CRC,deposito,atm,LI-002,Préstamo Personal
TXN-00010275,CTA-898511,CLI-69518,2026-06-08 22:11:00,3431603.95,CRC,deposito,sinpe,AL-001,Cuenta Corriente
TXN-00010276,CTA-981070,CLI-48129,2026-06-09 12:48:00,4030755.25,CRC,retiro,web,SJ-002,Cuenta Corriente
TXN-00010277,CTA-432419,CLI-94257,2026-06-03 17:42:00,3584675.08,CRC,comision,sucursal,HE-001,Préstamo Personal
TXN-00010278,CTA-127428,CLI-69617,2026-06-03 17:30:00,3722224.4,CRC,transferencia,app_movil,PU-001,Préstamo Personal
TXN-00010279,CTA-251954,CLI-31093,2026-06-27 07:15:00,1681125.55,CRC,deposito,web,LI-002,Préstamo Hipotecario
TXN-00010280,CTA-565452,CLI-49884,2026-06-01 09:44:00,2047874.66,CRC,comision,app_movil,PU-001,Préstamo Hipotecario
TXN-00010281,CTA-756752,CLI-18796,2026-06-27 07:30:00,57574.75,CRC,pago,sucursal,CA-001,Préstamo Personal
TXN-00010282,CTA-984792,CLI-65627,2026-06-23 20:39:00,627893.07,CRC,retiro,sucursal,HE-001,Préstamo Personal
TXN-00010283,CTA-432084,CLI-54654,2026-06-04 17:35:00,4873086.24,CRC,comision,web,SJ-002,Tarjeta Crédito
TXN-00010284,CTA-676710,CLI-74545,2026-06-21 19:28:00,2327385.82,CRC,comision,app_movil,AL-001,Préstamo Hipotecario
TXN-00010285,CTA-996906,CLI-70812,2026-06-12 15:12:00,3619142.0,CRC,pago,sucursal,SJ-002,Cuenta Ahorro
TXN-00010286,CTA-953012,CLI-74002,2026-06-24 04:19:00,789900.11,CRC,deposito,sinpe,SJ-001,Tarjeta Crédito
TXN-00010287,CTA-584691,CLI-98903,2026-06-19 12:45:00,2786355.47,CRC,pago,app_movil,SJ-002,Préstamo Personal
TXN-00010288,CTA-375544,CLI-65046,2026-06-13 16:08:00,2595319.29,CRC,deposito,atm,SJ-002,Préstamo Hipotecario
TXN-00010289,CTA-793010,CLI-39124,2026-06-27 08:00:00,757656.29,CRC,pago,sucursal,SJ-002,Cuenta Ahorro
TXN-00010290,CTA-793655,CLI-31930,2026-06-07 16:42:00,4491444.47,CRC,comision,web,SJ-001,Préstamo Hipotecario
TXN-00010291,CTA-972600,CLI-19579,2026-06-24 05:44:00,3923604.78,CRC,retiro,atm,SJ-001,Préstamo Personal
TXN-00010292,CTA-555069,CLI-74229,2026-06-07 20:48:00,4693976.63,CRC,retiro,sinpe,SJ-001,Préstamo Personal
TXN-00010293,CTA-753993,CLI-66504,2026-06-18 15:03:00,1724927.37,CRC,transferencia,sucursal,LI-002,Préstamo Personal
TXN-00010294,CTA-354098,CLI-91793,2026-06-18 15:42:00,4963534.65,CRC,retiro,web,LI-002,Tarjeta Crédito
TXN-00010295,CTA-670966,CLI-41043,2026-06-29 06:06:00,1485268.53,CRC,comision,web,SJ-002,Tarjeta Crédito
TXN-00010296,CTA-114582,CLI-82145,2026-06-01 00:56:00,4448636.95,CRC,retiro,sucursal,LI-001,Préstamo Personal
TXN-00010297,CTA-976102,CLI-74199,2026-06-02 16:23:00,1465763.43,CRC,deposito,atm,SJ-002,Cuenta Corriente
TXN-00010298,CTA-154989,CLI-41566,2026-06-04 18:30:00,4387254.26,CRC,retiro,sucursal,AL-001,Tarjeta Crédito
TXN-00010299,CTA-140888,CLI-50070,2026-06-24 00:23:00,1184095.03,CRC,retiro,web,SJ-002,Tarjeta Crédito
TXN-00010300,CTA-514263,CLI-67186,2026-06-16 16:05:00,2245795.17,CRC,retiro,sinpe,LI-001,Tarjeta Crédito
TXN-00010301,CTA-236601,CLI-75115,2026-06-01 19:27:00,2855617.73,CRC,transferencia,sinpe,SJ-002,Tarjeta Crédito
TXN-00010302,CTA-486809,CLI-87707,2026-06-24 17:03:00,2444053.75,CRC,transferencia,web,AL-001,Préstamo Hipotecario
TXN-00010303,CTA-940678,CLI-16839,2026-06-09 11:08:00,2321961.57,CRC,deposito,sinpe,AL-001,Cuenta Ahorro
TXN-00010304,CTA-742009,CLI-51243,2026-06-12 14:26:00,2317093.09,CRC,pago,sinpe,PU-001,Préstamo Personal
TXN-00010305,CTA-822499,CLI-19355,2026-06-10 08:31:00,2373166.59,CRC,comision,sucursal,CA-001,Tarjeta Crédito
TXN-00010306,CTA-679092,CLI-69739,2026-06-06 09:11:00,154460.39,CRC,deposito,web,LI-002,Tarjeta Crédito
TXN-00010307,CTA-313746,CLI-99192,2026-06-03 09:44:00,2339308.61,CRC,pago,web,SJ-002,Cuenta Corriente
TXN-00010308,CTA-260086,CLI-82228,2026-06-10 20:57:00,816179.87,CRC,deposito,web,LI-001,Préstamo Hipotecario
TXN-00010309,CTA-835828,CLI-81284,2026-06-13 12:33:00,1202362.38,CRC,transferencia,atm,LI-001,Tarjeta Crédito
TXN-00010310,CTA-950815,CLI-94581,2026-06-14 12:55:00,3177978.19,CRC,pago,sucursal,AL-001,Tarjeta Crédito
TXN-00010311,CTA-312635,CLI-91245,2026-06-13 09:14:00,1729658.95,CRC,comision,web,LI-002,Préstamo Hipotecario
TXN-00010312,CTA-643123,CLI-29419,2026-06-07 01:11:00,449998.97,CRC,comision,sucursal,SJ-001,Cuenta Ahorro
TXN-00010313,CTA-700513,CLI-98407,2026-06-22 23:47:00,1836468.51,CRC,comision,web,AL-001,Préstamo Hipotecario
TXN-00010314,CTA-537755,CLI-13349,2026-06-19 16:18:00,42603.52,CRC,deposito,app_movil,LI-001,Préstamo Personal
TXN-00010315,CTA-518158,CLI-56379,2026-06-16 17:14:00,2630929.03,CRC,deposito,app_movil,LI-001,Tarjeta Crédito
TXN-00010316,CTA-487940,CLI-82416,2026-06-02 07:48:00,1620516.61,CRC,deposito,sinpe,CA-001,Cuenta Corriente
TXN-00010317,CTA-131182,CLI-56595,2026-06-03 07:58:00,2000027.22,CRC,pago,web,PU-001,Préstamo Personal
TXN-00010318,CTA-296922,CLI-67187,2026-06-30 23:11:00,3198073.21,CRC,deposito,app_movil,AL-001,Préstamo Hipotecario
TXN-00010319,CTA-125545,CLI-65712,2026-06-13 10:36:00,2700161.36,CRC,retiro,sinpe,CA-001,Préstamo Hipotecario
TXN-00010320,CTA-916352,CLI-41957,2026-06-11 15:33:00,2648550.42,CRC,pago,sinpe,LI-002,Cuenta Corriente
TXN-00010321,CTA-574907,CLI-32136,2026-06-01 14:39:00,3312875.82,CRC,deposito,sinpe,LI-002,Cuenta Corriente
TXN-00010322,CTA-821548,CLI-96536,2026-06-18 10:46:00,3349472.66,CRC,comision,app_movil,CA-001,Préstamo Personal
TXN-00010323,CTA-144028,CLI-14089,2026-06-16 00:57:00,2095538.86,CRC,transferencia,web,SJ-002,Cuenta Ahorro
TXN-00010324,CTA-594673,CLI-97286,2026-06-05 15:08:00,996232.95,CRC,deposito,app_movil,LI-001,Préstamo Hipotecario
TXN-00010325,CTA-184322,CLI-73544,2026-06-10 10:53:00,2543480.78,CRC,deposito,sucursal,LI-001,Cuenta Corriente
TXN-00010326,CTA-792485,CLI-57817,2026-06-03 09:27:00,4692920.98,CRC,deposito,app_movil,LI-001,Préstamo Hipotecario
TXN-00010327,CTA-159731,CLI-95519,2026-06-21 12:44:00,4537790.68,CRC,transferencia,sucursal,SJ-001,Préstamo Hipotecario
TXN-00010328,CTA-237447,CLI-56567,2026-06-28 13:36:00,723494.71,CRC,transferencia,atm,HE-001,Cuenta Ahorro
TXN-00010329,CTA-279434,CLI-99953,2026-06-30 09:53:00,1289147.7,CRC,retiro,sucursal,CA-001,Cuenta Corriente
TXN-00010330,CTA-107617,CLI-28487,2026-06-08 21:01:00,996310.29,CRC,transferencia,sinpe,HE-001,Cuenta Ahorro
TXN-00010331,CTA-759532,CLI-19568,2026-06-12 04:51:00,1090989.93,CRC,retiro,sucursal,SJ-001,Cuenta Ahorro
TXN-00010332,CTA-115378,CLI-43457,2026-06-23 08:39:00,3670296.07,CRC,pago,atm,PU-001,Tarjeta Crédito
TXN-00010333,CTA-763626,CLI-77306,2026-06-23 14:18:00,60773.72,CRC,deposito,app_movil,CA-001,Cuenta Corriente
TXN-00010334,CTA-976398,CLI-83192,2026-06-21 05:56:00,4036292.46,CRC,pago,web,SJ-001,Préstamo Personal
TXN-00010335,CTA-307684,CLI-48043,2026-06-22 20:49:00,1698379.19,CRC,retiro,sucursal,HE-001,Tarjeta Crédito
TXN-00010336,CTA-141308,CLI-19146,2026-06-21 22:25:00,1096301.8,CRC,deposito,sinpe,HE-001,Cuenta Corriente
TXN-00010337,CTA-518098,CLI-20945,2026-06-10 01:35:00,3707922.07,CRC,retiro,web,CA-001,Cuenta Ahorro
TXN-00010338,CTA-123026,CLI-51007,2026-06-22 21:10:00,121207.55,CRC,deposito,sucursal,LI-001,Cuenta Ahorro
TXN-00010339,CTA-924989,CLI-24765,2026-06-18 00:32:00,4491826.96,CRC,pago,sucursal,SJ-002,Préstamo Personal
TXN-00010340,CTA-471071,CLI-99186,2026-06-26 07:42:00,4902362.79,CRC,pago,sucursal,HE-001,Préstamo Personal
TXN-00010341,CTA-352842,CLI-11681,2026-06-08 15:28:00,4438795.72,CRC,retiro,atm,LI-001,Cuenta Ahorro
TXN-00010342,CTA-976213,CLI-40969,2026-06-20 16:55:00,844924.98,CRC,retiro,sucursal,SJ-001,Préstamo Personal
TXN-00010343,CTA-572163,CLI-27689,2026-06-29 01:53:00,4715089.83,CRC,comision,web,AL-001,Cuenta Corriente
TXN-00010344,CTA-881214,CLI-11846,2026-06-06 22:03:00,3021658.68,CRC,deposito,sinpe,AL-001,Préstamo Personal
TXN-00010345,CTA-173131,CLI-10483,2026-06-16 00:46:00,4234328.1,CRC,retiro,sinpe,SJ-002,Cuenta Ahorro
TXN-00010346,CTA-702684,CLI-85409,2026-06-28 13:14:00,4919149.77,CRC,pago,atm,HE-001,Préstamo Personal
TXN-00010347,CTA-387967,CLI-56523,2026-06-22 07:01:00,3158553.26,CRC,comision,sinpe,LI-001,Cuenta Corriente
TXN-00010348,CTA-139539,CLI-39125,2026-06-21 02:27:00,1055228.95,CRC,retiro,sinpe,SJ-002,Cuenta Ahorro
TXN-00010349,CTA-855082,CLI-31846,2026-06-26 12:33:00,1491612.18,CRC,deposito,sucursal,HE-001,Préstamo Hipotecario
TXN-00010350,CTA-197882,CLI-41833,2026-06-14 07:22:00,1088617.57,CRC,retiro,app_movil,CA-001,Cuenta Corriente
TXN-00010351,CTA-273669,CLI-91434,2026-06-30 10:10:00,1447308.95,CRC,transferencia,web,SJ-001,Cuenta Corriente
TXN-00010352,CTA-725195,CLI-36051,2026-06-09 15:24:00,3760533.88,CRC,deposito,sinpe,SJ-001,Tarjeta Crédito
TXN-00010353,CTA-127671,CLI-32255,2026-06-23 22:08:00,3212021.45,CRC,deposito,web,LI-002,Tarjeta Crédito
TXN-00010354,CTA-828678,CLI-32574,2026-06-07 23:19:00,100234.8,CRC,transferencia,atm,SJ-001,Préstamo Personal
TXN-00010355,CTA-553291,CLI-10924,2026-06-28 00:48:00,419950.69,CRC,pago,sucursal,CA-001,Cuenta Ahorro
TXN-00010356,CTA-652378,CLI-72896,2026-06-30 00:38:00,1329111.13,CRC,transferencia,atm,SJ-002,Cuenta Ahorro
TXN-00010357,CTA-339046,CLI-56157,2026-06-23 10:58:00,35965.26,CRC,comision,web,CA-001,Cuenta Ahorro
TXN-00010358,CTA-136680,CLI-86899,2026-06-23 05:02:00,1181962.86,CRC,pago,web,PU-001,Cuenta Ahorro
TXN-00010359,CTA-580143,CLI-96097,2026-06-29 21:07:00,1627207.07,CRC,retiro,sinpe,AL-001,Préstamo Personal
TXN-00010360,CTA-371333,CLI-82003,2026-06-18 13:20:00,4875103.59,CRC,comision,app_movil,LI-002,Cuenta Ahorro
TXN-00010361,CTA-108239,CLI-40277,2026-06-27 07:28:00,1372051.07,CRC,pago,atm,SJ-002,Préstamo Personal
TXN-00010362,CTA-424345,CLI-42533,2026-06-29 00:47:00,314018.97,CRC,deposito,atm,HE-001,Cuenta Corriente
TXN-00010363,CTA-688166,CLI-71823,2026-06-05 15:01:00,2946928.89,CRC,comision,atm,CA-001,Cuenta Ahorro
TXN-00010364,CTA-918906,CLI-36493,2026-06-28 20:47:00,1205555.28,CRC,pago,app_movil,LI-001,Préstamo Hipotecario
TXN-00010365,CTA-889458,CLI-34563,2026-06-27 16:15:00,4438596.76,CRC,comision,atm,HE-001,Cuenta Corriente
TXN-00010366,CTA-332514,CLI-75760,2026-06-25 10:23:00,2058541.24,CRC,deposito,sucursal,LI-001,Préstamo Hipotecario
TXN-00010367,CTA-896256,CLI-16694,2026-06-16 06:36:00,345997.41,CRC,deposito,atm,AL-001,Cuenta Corriente
TXN-00010368,CTA-989875,CLI-57141,2026-06-19 09:25:00,4666669.5,CRC,deposito,atm,HE-001,Tarjeta Crédito
TXN-00010369,CTA-600197,CLI-14137,2026-06-26 19:47:00,1309118.75,CRC,retiro,sucursal,PU-001,Cuenta Corriente
TXN-00010370,CTA-743358,CLI-58117,2026-06-24 13:29:00,75603.99,CRC,deposito,sinpe,LI-002,Préstamo Hipotecario
TXN-00010371,CTA-342986,CLI-97487,2026-06-25 22:01:00,824130.08,CRC,transferencia,sinpe,HE-001,Tarjeta Crédito
TXN-00010372,CTA-172458,CLI-63978,2026-06-01 09:35:00,3668931.77,CRC,comision,sinpe,AL-001,Cuenta Corriente
TXN-00010373,CTA-758322,CLI-61060,2026-06-20 08:50:00,1138245.51,CRC,retiro,web,SJ-002,Cuenta Ahorro
TXN-00010374,CTA-553752,CLI-34069,2026-06-07 12:00:00,3425480.47,CRC,pago,atm,HE-001,Tarjeta Crédito
TXN-00010375,CTA-614895,CLI-96088,2026-06-19 17:31:00,1825288.02,CRC,pago,sucursal,SJ-002,Cuenta Ahorro
TXN-00010376,CTA-603078,CLI-27314,2026-06-16 09:11:00,4254142.91,CRC,pago,atm,LI-001,Préstamo Hipotecario
TXN-00010377,CTA-815259,CLI-34336,2026-06-14 11:53:00,4640885.11,CRC,pago,app_movil,LI-002,Tarjeta Crédito
TXN-00010378,CTA-391731,CLI-59528,2026-06-27 08:29:00,4621227.93,CRC,deposito,web,HE-001,Cuenta Ahorro
TXN-00010379,CTA-539332,CLI-75584,2026-06-15 08:27:00,2007836.23,CRC,transferencia,atm,CA-001,Préstamo Personal
TXN-00010380,CTA-613066,CLI-50281,2026-06-01 02:57:00,3617498.7,CRC,deposito,sinpe,PU-001,Cuenta Corriente
TXN-00010381,CTA-766645,CLI-76486,2026-06-08 03:21:00,150477.22,CRC,pago,app_movil,PU-001,Cuenta Corriente
TXN-00010382,CTA-549786,CLI-48833,2026-06-21 08:46:00,538986.28,CRC,comision,app_movil,SJ-002,Cuenta Ahorro
TXN-00010383,CTA-805927,CLI-76629,2026-06-09 20:16:00,4734468.47,CRC,pago,sinpe,AL-001,Préstamo Hipotecario
TXN-00010384,CTA-668722,CLI-80190,2026-06-29 12:58:00,310737.08,CRC,deposito,atm,SJ-001,Préstamo Hipotecario
TXN-00010385,CTA-971022,CLI-53118,2026-06-14 16:28:00,1937608.27,CRC,transferencia,app_movil,HE-001,Cuenta Corriente
TXN-00010386,CTA-282977,CLI-28934,2026-06-09 04:55:00,4976516.14,CRC,comision,web,HE-001,Cuenta Corriente
TXN-00010387,CTA-683282,CLI-33750,2026-06-20 07:39:00,1249053.01,CRC,deposito,web,SJ-002,Cuenta Ahorro
TXN-00010388,CTA-820954,CLI-20151,2026-06-29 09:52:00,4116136.14,CRC,comision,web,LI-001,Préstamo Personal
TXN-00010389,CTA-791689,CLI-86094,2026-06-21 04:17:00,1060217.6,CRC,pago,web,AL-001,Tarjeta Crédito
TXN-00010390,CTA-488878,CLI-86648,2026-06-20 13:39:00,2060305.86,CRC,transferencia,sinpe,LI-002,Préstamo Personal
TXN-00010391,CTA-963718,CLI-94090,2026-06-11 04:49:00,2785549.41,CRC,comision,atm,LI-002,Tarjeta Crédito
TXN-00010392,CTA-953930,CLI-20559,2026-06-27 20:09:00,4628839.05,CRC,comision,sinpe,LI-002,Préstamo Personal
TXN-00010393,CTA-219284,CLI-79489,2026-06-06 23:01:00,3579439.02,CRC,pago,app_movil,HE-001,Préstamo Personal
TXN-00010394,CTA-663362,CLI-69742,2026-06-10 01:22:00,2392054.75,CRC,transferencia,web,CA-001,Cuenta Ahorro
TXN-00010395,CTA-272061,CLI-60515,2026-06-19 17:45:00,3607040.09,CRC,comision,app_movil,LI-002,Cuenta Ahorro
TXN-00010396,CTA-789463,CLI-90672,2026-06-19 23:23:00,1684360.48,CRC,retiro,web,SJ-002,Tarjeta Crédito
TXN-00010397,CTA-239872,CLI-16020,2026-06-03 03:45:00,3460341.54,CRC,retiro,sinpe,LI-002,Cuenta Ahorro
TXN-00010398,CTA-715769,CLI-52193,2026-06-02 07:32:00,1537964.83,CRC,comision,web,LI-002,Cuenta Ahorro
TXN-00010399,CTA-918695,CLI-28749,2026-06-13 16:22:00,3204305.12,CRC,transferencia,atm,SJ-002,Préstamo Hipotecario
TXN-00010400,CTA-958532,CLI-19555,2026-06-05 22:35:00,1201448.0,CRC,transferencia,app_movil,AL-001,Tarjeta Crédito
TXN-00010401,CTA-645899,CLI-29423,2026-06-08 17:00:00,4058046.39,CRC,transferencia,atm,SJ-002,Tarjeta Crédito
TXN-00010402,CTA-328369,CLI-81023,2026-06-06 08:00:00,1096337.29,CRC,retiro,atm,HE-001,Cuenta Corriente
TXN-00010403,CTA-733498,CLI-87075,2026-06-03 13:49:00,4734721.34,CRC,retiro,app_movil,PU-001,Tarjeta Crédito
TXN-00010404,CTA-826880,CLI-19814,2026-06-04 03:34:00,967224.18,CRC,transferencia,sinpe,SJ-001,Tarjeta Crédito
TXN-00010405,CTA-669793,CLI-34606,2026-06-29 06:18:00,3590458.29,CRC,transferencia,sinpe,AL-001,Tarjeta Crédito
TXN-00010406,CTA-242035,CLI-68002,2026-06-07 22:23:00,1763493.95,CRC,deposito,web,CA-001,Cuenta Corriente
TXN-00010407,CTA-780526,CLI-19740,2026-06-21 07:13:00,3235440.78,CRC,transferencia,sinpe,LI-002,Préstamo Personal
TXN-00010408,CTA-514879,CLI-90374,2026-06-19 00:37:00,714870.45,CRC,deposito,web,HE-001,Cuenta Corriente
TXN-00010409,CTA-291038,CLI-39713,2026-06-11 16:11:00,1563094.28,CRC,transferencia,app_movil,AL-001,Préstamo Personal
TXN-00010410,CTA-848934,CLI-29914,2026-06-30 18:28:00,2936611.28,CRC,deposito,app_movil,LI-002,Préstamo Personal
TXN-00010411,CTA-401807,CLI-51186,2026-06-03 16:51:00,1826314.41,CRC,comision,web,SJ-001,Cuenta Corriente
TXN-00010412,CTA-889308,CLI-71852,2026-06-29 06:33:00,473846.26,CRC,deposito,web,SJ-001,Cuenta Ahorro
TXN-00010413,CTA-264022,CLI-68298,2026-06-02 17:31:00,4534417.73,CRC,deposito,sinpe,HE-001,Tarjeta Crédito
TXN-00010414,CTA-222823,CLI-22125,2026-06-09 22:24:00,1757411.14,CRC,comision,sinpe,SJ-002,Préstamo Personal
TXN-00010415,CTA-954167,CLI-64593,2026-06-06 14:00:00,4921936.46,CRC,retiro,atm,LI-002,Préstamo Personal
TXN-00010416,CTA-543286,CLI-82794,2026-06-05 02:49:00,2038371.17,CRC,comision,web,LI-001,Tarjeta Crédito
TXN-00010417,CTA-398211,CLI-52468,2026-06-18 13:28:00,3236464.33,CRC,pago,sinpe,LI-001,Préstamo Personal
TXN-00010418,CTA-267786,CLI-77871,2026-06-01 05:44:00,4653011.38,CRC,transferencia,sucursal,PU-001,Préstamo Personal
TXN-00010419,CTA-734096,CLI-32311,2026-06-29 18:00:00,4100728.27,CRC,comision,app_movil,LI-002,Préstamo Hipotecario
TXN-00010420,CTA-177272,CLI-36435,2026-06-22 09:28:00,4052196.15,CRC,pago,sucursal,SJ-002,Tarjeta Crédito
TXN-00010421,CTA-343727,CLI-41933,2026-06-14 03:34:00,4858661.63,CRC,deposito,app_movil,CA-001,Cuenta Ahorro
TXN-00010422,CTA-928780,CLI-47475,2026-06-23 06:10:00,2184515.79,CRC,transferencia,atm,SJ-001,Préstamo Personal
TXN-00010423,CTA-698915,CLI-95938,2026-06-25 01:16:00,4485190.82,CRC,comision,app_movil,CA-001,Tarjeta Crédito
TXN-00010424,CTA-193781,CLI-12372,2026-06-27 08:00:00,3035807.31,CRC,retiro,app_movil,LI-002,Cuenta Ahorro
TXN-00010425,CTA-221245,CLI-63035,2026-06-11 06:31:00,2939814.04,CRC,deposito,sinpe,LI-002,Tarjeta Crédito
TXN-00010426,CTA-518122,CLI-67551,2026-06-01 01:36:00,3080830.91,CRC,deposito,web,AL-001,Tarjeta Crédito
TXN-00010427,CTA-896550,CLI-13902,2026-06-13 20:39:00,2988001.53,CRC,transferencia,web,SJ-001,Préstamo Personal
TXN-00010428,CTA-112922,CLI-60227,2026-06-20 08:57:00,1455660.25,CRC,comision,sucursal,SJ-002,Préstamo Personal
TXN-00010429,CTA-262158,CLI-83131,2026-06-02 00:12:00,1721844.42,CRC,pago,sucursal,SJ-001,Tarjeta Crédito
TXN-00010430,CTA-684575,CLI-76005,2026-06-23 05:34:00,192430.15,CRC,transferencia,app_movil,HE-001,Préstamo Personal
TXN-00010431,CTA-178339,CLI-41916,2026-06-14 23:33:00,1485229.87,CRC,comision,sinpe,HE-001,Cuenta Ahorro
TXN-00010432,CTA-913460,CLI-96652,2026-06-15 09:08:00,3594084.15,CRC,transferencia,atm,AL-001,Cuenta Ahorro
TXN-00010433,CTA-357242,CLI-80169,2026-06-18 20:35:00,2299647.61,CRC,deposito,web,CA-001,Cuenta Corriente
TXN-00010434,CTA-637365,CLI-83909,2026-06-23 13:00:00,3088813.51,CRC,deposito,atm,LI-002,Cuenta Ahorro
TXN-00010435,CTA-110815,CLI-61989,2026-06-25 07:35:00,4566988.25,CRC,retiro,app_movil,SJ-002,Cuenta Corriente
TXN-00010436,CTA-920095,CLI-62807,2026-06-15 08:10:00,140672.59,CRC,deposito,atm,LI-001,Cuenta Corriente
TXN-00010437,CTA-218284,CLI-96514,2026-06-12 23:05:00,2530728.95,CRC,pago,sinpe,PU-001,Cuenta Corriente
TXN-00010438,CTA-336316,CLI-82923,2026-06-22 21:36:00,4971518.1,CRC,retiro,app_movil,CA-001,Cuenta Corriente
TXN-00010439,CTA-751356,CLI-24102,2026-06-28 07:33:00,267668.91,CRC,deposito,atm,AL-001,Préstamo Hipotecario
TXN-00010440,CTA-500386,CLI-82715,2026-06-24 22:07:00,585910.84,CRC,transferencia,app_movil,AL-001,Préstamo Hipotecario
TXN-00010441,CTA-302300,CLI-90467,2026-06-24 06:50:00,2314694.01,CRC,comision,sucursal,HE-001,Préstamo Personal
TXN-00010442,CTA-759352,CLI-65246,2026-06-12 16:47:00,3010262.42,CRC,deposito,app_movil,PU-001,Préstamo Hipotecario
TXN-00010443,CTA-345332,CLI-78134,2026-06-20 10:47:00,1105364.2,CRC,retiro,sucursal,SJ-001,Cuenta Ahorro
TXN-00010444,CTA-492171,CLI-37773,2026-06-26 03:40:00,914366.44,CRC,pago,atm,AL-001,Tarjeta Crédito
TXN-00010445,CTA-138940,CLI-53672,2026-06-23 14:38:00,2325959.19,CRC,comision,sucursal,AL-001,Tarjeta Crédito
TXN-00010446,CTA-994862,CLI-92553,2026-06-02 06:43:00,4746901.16,CRC,comision,web,SJ-002,Cuenta Ahorro
TXN-00010447,CTA-477433,CLI-67840,2026-06-03 02:34:00,3084069.55,CRC,pago,web,PU-001,Préstamo Personal
TXN-00010448,CTA-995077,CLI-11302,2026-06-22 04:07:00,615004.88,CRC,comision,atm,LI-002,Préstamo Hipotecario
TXN-00010449,CTA-141323,CLI-61356,2026-06-10 14:21:00,656208.7,CRC,pago,sucursal,LI-002,Cuenta Ahorro
TXN-00010450,CTA-690729,CLI-80888,2026-06-29 02:11:00,2137268.47,CRC,pago,atm,LI-001,Préstamo Personal
TXN-00010451,CTA-996448,CLI-93751,2026-06-15 02:41:00,2004133.11,CRC,deposito,web,CA-001,Cuenta Corriente
TXN-00010452,CTA-108620,CLI-10315,2026-06-26 19:37:00,4589885.38,CRC,retiro,sinpe,LI-002,Cuenta Corriente
TXN-00010453,CTA-685462,CLI-80894,2026-06-14 14:21:00,1287630.86,CRC,deposito,app_movil,SJ-001,Tarjeta Crédito
TXN-00010454,CTA-106634,CLI-11363,2026-06-10 07:23:00,1766480.78,CRC,transferencia,sinpe,SJ-002,Cuenta Ahorro
TXN-00010455,CTA-668145,CLI-52049,2026-06-17 21:04:00,1513134.67,CRC,comision,atm,CA-001,Cuenta Ahorro
TXN-00010456,CTA-388773,CLI-18288,2026-06-16 00:54:00,1988822.98,CRC,pago,sinpe,LI-001,Tarjeta Crédito
TXN-00010457,CTA-202805,CLI-78381,2026-06-10 22:42:00,1950540.09,CRC,retiro,sucursal,LI-002,Tarjeta Crédito
TXN-00010458,CTA-503073,CLI-88169,2026-06-22 17:52:00,4827595.89,CRC,transferencia,sucursal,SJ-002,Tarjeta Crédito
TXN-00010459,CTA-526797,CLI-87754,2026-06-07 19:13:00,3371498.6,CRC,retiro,web,HE-001,Cuenta Corriente
TXN-00010460,CTA-709952,CLI-12795,2026-06-12 20:16:00,1640988.06,CRC,transferencia,app_movil,AL-001,Cuenta Corriente
TXN-00010461,CTA-933689,CLI-50992,2026-06-28 23:04:00,4606012.56,CRC,comision,sinpe,CA-001,Préstamo Hipotecario
TXN-00010462,CTA-295460,CLI-46625,2026-06-04 15:03:00,1179989.89,CRC,transferencia,atm,HE-001,Préstamo Personal
TXN-00010463,CTA-291899,CLI-51280,2026-06-15 03:18:00,1560573.45,CRC,comision,atm,CA-001,Cuenta Corriente
TXN-00010464,CTA-895524,CLI-86377,2026-06-08 04:13:00,2785205.37,CRC,transferencia,sucursal,AL-001,Préstamo Hipotecario
TXN-00010465,CTA-151608,CLI-67047,2026-06-11 02:37:00,516041.55,CRC,retiro,sinpe,AL-001,Préstamo Personal
TXN-00010466,CTA-816586,CLI-15626,2026-06-26 03:32:00,678954.58,CRC,deposito,web,LI-001,Cuenta Ahorro
TXN-00010467,CTA-292272,CLI-93809,2026-06-16 07:12:00,382874.2,CRC,transferencia,web,SJ-001,Cuenta Corriente
TXN-00010468,CTA-996837,CLI-21085,2026-06-30 09:51:00,1435904.55,CRC,transferencia,sinpe,HE-001,Cuenta Ahorro
TXN-00010469,CTA-933799,CLI-12399,2026-06-07 18:14:00,3778041.26,CRC,retiro,atm,HE-001,Préstamo Hipotecario
TXN-00010470,CTA-966878,CLI-52713,2026-06-15 18:11:00,4400701.15,CRC,pago,sucursal,LI-001,Préstamo Hipotecario
TXN-00010471,CTA-770841,CLI-62252,2026-06-11 00:26:00,1338582.98,CRC,deposito,sinpe,LI-002,Tarjeta Crédito
TXN-00010472,CTA-796307,CLI-61548,2026-06-17 03:41:00,678423.83,CRC,retiro,atm,SJ-001,Préstamo Hipotecario
TXN-00010473,CTA-809484,CLI-41143,2026-06-28 20:11:00,1329974.83,CRC,transferencia,sucursal,SJ-002,Préstamo Hipotecario
TXN-00010474,CTA-981276,CLI-25945,2026-06-17 10:01:00,2036833.28,CRC,pago,sucursal,LI-001,Cuenta Corriente
TXN-00010475,CTA-836385,CLI-73689,2026-06-22 10:43:00,1237166.93,CRC,comision,sinpe,SJ-001,Préstamo Hipotecario
TXN-00010476,CTA-507752,CLI-38849,2026-06-28 07:18:00,2371622.96,CRC,deposito,app_movil,CA-001,Tarjeta Crédito
TXN-00010477,CTA-606815,CLI-36331,2026-06-30 16:17:00,2359172.57,CRC,pago,atm,AL-001,Préstamo Hipotecario
TXN-00010478,CTA-388381,CLI-81600,2026-06-05 05:36:00,2658163.74,CRC,pago,sinpe,SJ-002,Préstamo Hipotecario
TXN-00010479,CTA-205693,CLI-81130,2026-06-01 18:25:00,751544.87,CRC,transferencia,atm,LI-001,Cuenta Corriente
TXN-00010480,CTA-276113,CLI-54837,2026-06-26 21:43:00,306127.7,CRC,transferencia,sinpe,SJ-001,Préstamo Personal
TXN-00010481,CTA-586027,CLI-36091,2026-06-24 05:36:00,1620843.16,CRC,deposito,sucursal,AL-001,Cuenta Corriente
TXN-00010482,CTA-132702,CLI-40350,2026-06-09 03:45:00,4326041.86,CRC,pago,sucursal,AL-001,Tarjeta Crédito
TXN-00010483,CTA-483210,CLI-93900,2026-06-14 17:17:00,4287139.39,CRC,retiro,sucursal,SJ-001,Tarjeta Crédito
TXN-00010484,CTA-934068,CLI-99777,2026-06-01 00:11:00,2088259.63,CRC,pago,sinpe,SJ-002,Tarjeta Crédito
TXN-00010485,CTA-754708,CLI-39988,2026-06-03 18:24:00,4674023.22,CRC,retiro,web,PU-001,Cuenta Corriente
TXN-00010486,CTA-435050,CLI-19299,2026-06-29 05:37:00,1766021.15,CRC,deposito,sucursal,PU-001,Cuenta Corriente
TXN-00010487,CTA-663772,CLI-23819,2026-06-14 03:32:00,1613645.45,CRC,comision,sucursal,PU-001,Cuenta Ahorro
TXN-00010488,CTA-510429,CLI-18790,2026-06-08 14:08:00,3952677.46,CRC,transferencia,sucursal,SJ-001,Tarjeta Crédito
TXN-00010489,CTA-182869,CLI-67364,2026-06-02 08:28:00,2998784.96,CRC,pago,sinpe,SJ-002,Préstamo Hipotecario
TXN-00010490,CTA-413526,CLI-71089,2026-06-21 03:05:00,105351.1,CRC,deposito,app_movil,LI-001,Préstamo Personal
TXN-00010491,CTA-979576,CLI-15791,2026-06-09 08:22:00,1612931.14,CRC,deposito,web,AL-001,Préstamo Personal
TXN-00010492,CTA-395564,CLI-81619,2026-06-16 03:46:00,2324847.12,CRC,comision,app_movil,SJ-002,Préstamo Hipotecario
TXN-00010493,CTA-923838,CLI-38973,2026-06-09 02:16:00,4235727.99,CRC,pago,app_movil,CA-001,Tarjeta Crédito
TXN-00010494,CTA-586610,CLI-92571,2026-06-30 04:25:00,2424536.82,CRC,deposito,web,HE-001,Préstamo Personal
TXN-00010495,CTA-498627,CLI-52101,2026-06-03 07:53:00,2465655.0,CRC,retiro,web,LI-001,Cuenta Ahorro
TXN-00010496,CTA-866392,CLI-22513,2026-06-27 06:55:00,4841391.14,CRC,retiro,atm,CA-001,Préstamo Hipotecario
TXN-00010497,CTA-955911,CLI-21215,2026-06-23 21:59:00,697000.37,CRC,comision,sinpe,AL-001,Préstamo Hipotecario
TXN-00010498,CTA-263504,CLI-99582,2026-06-21 10:21:00,550533.72,CRC,transferencia,atm,SJ-001,Tarjeta Crédito
TXN-00010499,CTA-531365,CLI-20796,2026-06-16 15:33:00,1979539.65,CRC,retiro,web,SJ-002,Cuenta Corriente
TXN-00010500,CTA-667504,CLI-97708,2026-06-12 02:08:00,148927.57,CRC,transferencia,sinpe,HE-001,Préstamo Personal
TXN-00010501,CTA-433176,CLI-15816,2026-06-24 16:56:00,1124483.86,CRC,retiro,web,LI-001,Tarjeta Crédito
TXN-00010502,CTA-848623,CLI-25183,2026-06-12 00:23:00,4689533.51,CRC,comision,app_movil,CA-001,Préstamo Personal
TXN-00010503,CTA-394693,CLI-80776,2026-06-17 00:54:00,1575759.54,CRC,deposito,web,HE-001,Cuenta Ahorro
TXN-00010504,CTA-873265,CLI-74836,2026-06-03 11:50:00,3994142.65,CRC,comision,atm,LI-001,Préstamo Hipotecario
TXN-00010505,CTA-264620,CLI-56373,2026-06-29 20:21:00,298195.37,CRC,deposito,sinpe,PU-001,Cuenta Ahorro
TXN-00010506,CTA-122564,CLI-29455,2026-06-09 15:38:00,3941751.48,CRC,deposito,web,CA-001,Préstamo Hipotecario
TXN-00010507,CTA-325089,CLI-76874,2026-06-09 10:49:00,67723.34,CRC,transferencia,atm,AL-001,Cuenta Ahorro
TXN-00010508,CTA-700772,CLI-71394,2026-06-26 06:57:00,1033714.17,CRC,comision,atm,SJ-002,Préstamo Personal
TXN-00010509,CTA-334280,CLI-28980,2026-06-15 12:10:00,4200865.18,CRC,pago,web,AL-001,Cuenta Corriente
TXN-00010510,CTA-218442,CLI-25584,2026-06-02 11:20:00,2750277.51,CRC,comision,web,CA-001,Cuenta Ahorro
TXN-00010511,CTA-145145,CLI-98076,2026-06-01 08:08:00,3971900.55,CRC,retiro,atm,LI-001,Tarjeta Crédito
TXN-00010512,CTA-691230,CLI-92506,2026-06-03 23:53:00,235481.27,CRC,comision,sinpe,CA-001,Préstamo Personal
TXN-00010513,CTA-926937,CLI-97229,2026-06-08 20:24:00,901139.22,CRC,pago,atm,HE-001,Préstamo Hipotecario
TXN-00010514,CTA-121403,CLI-38671,2026-06-23 16:10:00,83711.44,CRC,transferencia,atm,LI-002,Préstamo Personal
TXN-00010515,CTA-446568,CLI-27915,2026-06-08 22:39:00,1780479.9,CRC,pago,atm,SJ-002,Cuenta Ahorro
TXN-00010516,CTA-208026,CLI-86568,2026-06-06 00:12:00,2848823.3,CRC,transferencia,web,PU-001,Tarjeta Crédito
TXN-00010517,CTA-695590,CLI-12000,2026-06-26 19:38:00,574096.29,CRC,transferencia,atm,HE-001,Tarjeta Crédito
TXN-00010518,CTA-415710,CLI-75123,2026-06-27 03:27:00,2174414.29,CRC,comision,sucursal,SJ-001,Préstamo Hipotecario
TXN-00010519,CTA-744702,CLI-75770,2026-06-07 16:19:00,281268.96,CRC,comision,web,HE-001,Préstamo Personal
TXN-00010520,CTA-791810,CLI-24156,2026-06-19 08:22:00,4639172.42,CRC,comision,web,SJ-002,Cuenta Corriente
TXN-00010521,CTA-910491,CLI-82654,2026-06-01 14:34:00,1347826.61,CRC,comision,app_movil,LI-002,Cuenta Corriente
TXN-00010522,CTA-260314,CLI-14232,2026-06-19 21:53:00,2752467.87,CRC,retiro,app_movil,SJ-002,Tarjeta Crédito
TXN-00010523,CTA-584306,CLI-51546,2026-06-17 19:44:00,4502000.27,CRC,retiro,app_movil,PU-001,Préstamo Personal
TXN-00010524,CTA-264975,CLI-92029,2026-06-09 21:25:00,3097412.6,CRC,transferencia,atm,LI-001,Tarjeta Crédito
TXN-00010525,CTA-438858,CLI-50181,2026-06-17 04:08:00,2253489.44,CRC,pago,sinpe,SJ-001,Préstamo Hipotecario
TXN-00010526,CTA-931564,CLI-58682,2026-06-27 06:41:00,3987480.19,CRC,comision,sucursal,SJ-002,Préstamo Hipotecario
TXN-00010527,CTA-480191,CLI-99230,2026-06-25 08:44:00,2456144.54,CRC,deposito,atm,LI-002,Cuenta Ahorro
TXN-00010528,CTA-410138,CLI-29010,2026-06-15 12:33:00,2486545.53,CRC,retiro,app_movil,SJ-001,Cuenta Ahorro
TXN-00010529,CTA-918320,CLI-71475,2026-06-01 01:22:00,4947214.59,CRC,retiro,web,CA-001,Cuenta Corriente
TXN-00010530,CTA-295692,CLI-41715,2026-06-01 12:05:00,1510584.46,CRC,retiro,sucursal,SJ-002,Cuenta Ahorro
TXN-00010531,CTA-240236,CLI-93579,2026-06-29 08:50:00,3793101.57,CRC,deposito,atm,SJ-002,Cuenta Corriente
TXN-00010532,CTA-443962,CLI-38785,2026-06-23 04:27:00,3592980.91,CRC,comision,atm,CA-001,Cuenta Ahorro
TXN-00010533,CTA-635413,CLI-49819,2026-06-01 16:17:00,354789.21,CRC,pago,web,LI-002,Cuenta Corriente
TXN-00010534,CTA-446416,CLI-24429,2026-06-28 14:36:00,1219342.99,CRC,transferencia,sinpe,SJ-001,Cuenta Corriente
TXN-00010535,CTA-343942,CLI-22735,2026-06-30 18:31:00,1092828.05,CRC,retiro,sinpe,CA-001,Cuenta Ahorro
TXN-00010536,CTA-473008,CLI-72030,2026-06-18 08:31:00,4536972.13,CRC,retiro,app_movil,SJ-001,Préstamo Personal
TXN-00010537,CTA-978192,CLI-98124,2026-06-10 04:04:00,356362.34,CRC,pago,web,SJ-002,Préstamo Personal
TXN-00010538,CTA-548204,CLI-57041,2026-06-08 23:15:00,2514657.92,CRC,comision,sucursal,CA-001,Préstamo Personal
TXN-00010539,CTA-842027,CLI-59362,2026-06-11 15:53:00,3940184.86,CRC,deposito,sinpe,SJ-001,Cuenta Corriente
TXN-00010540,CTA-804043,CLI-38205,2026-06-09 14:20:00,4888920.24,CRC,comision,web,SJ-001,Préstamo Hipotecario
TXN-00010541,CTA-807479,CLI-47043,2026-06-13 11:49:00,1989907.99,CRC,deposito,atm,AL-001,Tarjeta Crédito
TXN-00010542,CTA-448805,CLI-96794,2026-06-23 10:34:00,1863041.74,CRC,pago,sinpe,LI-001,Préstamo Hipotecario
TXN-00010543,CTA-962007,CLI-85808,2026-06-11 05:42:00,937786.36,CRC,deposito,sinpe,AL-001,Cuenta Corriente
TXN-00010544,CTA-171428,CLI-83869,2026-06-08 09:56:00,3043219.28,CRC,deposito,web,SJ-001,Préstamo Personal
TXN-00010545,CTA-821300,CLI-78947,2026-06-02 07:23:00,2877325.64,CRC,retiro,web,SJ-002,Préstamo Personal
TXN-00010546,CTA-452372,CLI-63002,2026-06-30 10:00:00,2283301.94,CRC,pago,sinpe,SJ-002,Tarjeta Crédito
TXN-00010547,CTA-558070,CLI-26106,2026-06-29 20:05:00,4083766.76,CRC,retiro,app_movil,LI-002,Préstamo Personal
TXN-00010548,CTA-370756,CLI-50710,2026-06-23 06:24:00,4967774.48,CRC,deposito,atm,HE-001,Préstamo Personal
TXN-00010549,CTA-985337,CLI-73080,2026-06-17 09:10:00,1430547.74,CRC,transferencia,sinpe,LI-002,Préstamo Hipotecario
TXN-00010550,CTA-178304,CLI-38267,2026-06-09 08:38:00,4698879.63,CRC,retiro,sinpe,HE-001,Cuenta Corriente
TXN-00010551,CTA-289720,CLI-90732,2026-06-24 00:24:00,3917808.17,CRC,transferencia,atm,SJ-001,Préstamo Hipotecario
TXN-00010552,CTA-298400,CLI-52563,2026-06-13 09:55:00,1585001.25,CRC,retiro,web,HE-001,Tarjeta Crédito
TXN-00010553,CTA-854775,CLI-49924,2026-06-02 14:07:00,541394.7,CRC,comision,app_movil,LI-002,Cuenta Ahorro
TXN-00010554,CTA-860055,CLI-58709,2026-06-05 21:32:00,1324215.22,CRC,retiro,web,SJ-001,Tarjeta Crédito
TXN-00010555,CTA-363552,CLI-52069,2026-06-03 12:29:00,1779778.43,CRC,transferencia,sucursal,HE-001,Cuenta Corriente
TXN-00010556,CTA-349389,CLI-79224,2026-06-29 20:02:00,2875362.82,CRC,retiro,web,AL-001,Tarjeta Crédito
TXN-00010557,CTA-367664,CLI-69099,2026-06-05 12:20:00,3783734.99,CRC,retiro,sinpe,AL-001,Préstamo Hipotecario
TXN-00010558,CTA-304559,CLI-68916,2026-06-06 23:30:00,3854313.84,CRC,deposito,app_movil,PU-001,Préstamo Hipotecario
TXN-00010559,CTA-966904,CLI-99497,2026-06-16 20:58:00,348184.46,CRC,comision,app_movil,SJ-002,Cuenta Ahorro
TXN-00010560,CTA-554187,CLI-22955,2026-06-07 14:58:00,2200962.79,CRC,transferencia,sinpe,AL-001,Tarjeta Crédito
TXN-00010561,CTA-191304,CLI-80952,2026-06-07 21:13:00,3490539.4,CRC,pago,atm,LI-001,Cuenta Ahorro
TXN-00010562,CTA-444305,CLI-76489,2026-06-08 03:52:00,601404.94,CRC,retiro,app_movil,CA-001,Cuenta Ahorro
TXN-00010563,CTA-127523,CLI-36191,2026-06-08 19:07:00,1753956.6,CRC,transferencia,app_movil,LI-002,Préstamo Hipotecario
TXN-00010564,CTA-661450,CLI-22249,2026-06-21 03:17:00,3646854.72,CRC,transferencia,sinpe,SJ-002,Tarjeta Crédito
TXN-00010565,CTA-252208,CLI-93686,2026-06-15 01:01:00,4746133.34,CRC,pago,atm,CA-001,Préstamo Hipotecario
TXN-00010566,CTA-602069,CLI-82551,2026-06-05 19:53:00,948529.16,CRC,transferencia,sucursal,LI-002,Préstamo Hipotecario
TXN-00010567,CTA-955835,CLI-76639,2026-06-22 19:16:00,1453936.58,CRC,transferencia,web,PU-001,Préstamo Hipotecario
TXN-00010568,CTA-522372,CLI-18621,2026-06-15 10:27:00,2954099.3,CRC,pago,atm,SJ-002,Préstamo Hipotecario
TXN-00010569,CTA-846161,CLI-47136,2026-06-19 03:35:00,2253165.45,CRC,retiro,sinpe,AL-001,Cuenta Corriente
TXN-00010570,CTA-991924,CLI-25674,2026-06-30 07:09:00,1123254.59,CRC,pago,app_movil,SJ-001,Cuenta Corriente
TXN-00010571,CTA-211256,CLI-23298,2026-06-07 06:42:00,542338.4,CRC,pago,app_movil,SJ-002,Tarjeta Crédito
TXN-00010572,CTA-620537,CLI-81322,2026-06-01 22:19:00,3557053.81,CRC,pago,sucursal,HE-001,Préstamo Personal
TXN-00010573,CTA-223750,CLI-70678,2026-06-14 14:51:00,1868797.62,CRC,deposito,sucursal,SJ-001,Cuenta Corriente
TXN-00010574,CTA-606496,CLI-17362,2026-06-23 17:40:00,2825943.12,CRC,deposito,web,CA-001,Cuenta Ahorro
TXN-00010575,CTA-430852,CLI-77430,2026-06-06 16:07:00,649306.36,CRC,deposito,app_movil,PU-001,Préstamo Personal
TXN-00010576,CTA-788457,CLI-74981,2026-06-22 18:52:00,2909532.96,CRC,pago,web,SJ-002,Tarjeta Crédito
TXN-00010577,CTA-969013,CLI-16658,2026-06-04 00:25:00,1924289.46,CRC,pago,atm,PU-001,Préstamo Hipotecario
TXN-00010578,CTA-940095,CLI-50901,2026-06-16 09:29:00,3931794.64,CRC,transferencia,sucursal,HE-001,Tarjeta Crédito
TXN-00010579,CTA-868834,CLI-90820,2026-06-16 12:43:00,4507219.36,CRC,comision,sinpe,SJ-001,Préstamo Personal
TXN-00010580,CTA-543408,CLI-83270,2026-06-14 06:18:00,1111508.79,CRC,transferencia,atm,LI-001,Cuenta Corriente
TXN-00010581,CTA-286133,CLI-74679,2026-06-08 20:01:00,1650154.88,CRC,pago,web,PU-001,Préstamo Personal
TXN-00010582,CTA-280303,CLI-51420,2026-06-11 19:19:00,1715998.6,CRC,transferencia,app_movil,SJ-002,Préstamo Personal
TXN-00010583,CTA-192926,CLI-20308,2026-06-25 12:48:00,4548683.82,CRC,retiro,web,CA-001,Préstamo Hipotecario
TXN-00010584,CTA-125045,CLI-61231,2026-06-05 23:20:00,2587550.9,CRC,retiro,atm,PU-001,Tarjeta Crédito
TXN-00010585,CTA-821612,CLI-87312,2026-06-24 23:55:00,2084178.85,CRC,pago,web,LI-001,Cuenta Corriente
TXN-00010586,CTA-494856,CLI-76173,2026-06-01 01:24:00,1836987.11,CRC,comision,sucursal,HE-001,Préstamo Personal
TXN-00010587,CTA-418665,CLI-33957,2026-06-11 18:03:00,883715.17,CRC,retiro,atm,HE-001,Préstamo Hipotecario
TXN-00010588,CTA-117246,CLI-53503,2026-06-09 09:51:00,58849.07,CRC,retiro,atm,LI-002,Cuenta Corriente
TXN-00010589,CTA-994637,CLI-33056,2026-06-10 13:03:00,910772.49,CRC,transferencia,sinpe,PU-001,Préstamo Personal
TXN-00010590,CTA-757535,CLI-43686,2026-06-06 08:14:00,493561.58,CRC,deposito,sinpe,AL-001,Tarjeta Crédito
TXN-00010591,CTA-532931,CLI-24898,2026-06-23 19:44:00,1294178.76,CRC,transferencia,atm,LI-002,Préstamo Personal
TXN-00010592,CTA-864722,CLI-59216,2026-06-06 07:34:00,343870.3,CRC,retiro,web,AL-001,Tarjeta Crédito
TXN-00010593,CTA-843556,CLI-34126,2026-06-21 16:43:00,1206315.95,CRC,deposito,app_movil,CA-001,Préstamo Personal
TXN-00010594,CTA-808634,CLI-90272,2026-06-05 07:56:00,4326665.19,CRC,retiro,web,SJ-002,Préstamo Hipotecario
TXN-00010595,CTA-743402,CLI-97520,2026-06-28 17:59:00,4671406.25,CRC,pago,atm,LI-001,Préstamo Hipotecario
TXN-00010596,CTA-303611,CLI-40278,2026-06-01 10:42:00,4324477.25,CRC,transferencia,sucursal,AL-001,Cuenta Ahorro
TXN-00010597,CTA-726499,CLI-66776,2026-06-15 12:28:00,3408331.21,CRC,retiro,sinpe,HE-001,Cuenta Ahorro
TXN-00010598,CTA-572263,CLI-47802,2026-06-30 19:36:00,1957012.57,CRC,comision,app_movil,HE-001,Préstamo Personal
TXN-00010599,CTA-439029,CLI-67099,2026-06-28 19:10:00,1584716.99,CRC,deposito,sucursal,SJ-002,Préstamo Hipotecario
TXN-00010600,CTA-425944,CLI-71927,2026-06-20 12:00:00,3970898.86,CRC,transferencia,app_movil,SJ-001,Cuenta Corriente
TXN-00010601,CTA-243770,CLI-51998,2026-06-14 05:04:00,1344503.24,CRC,comision,atm,AL-001,Préstamo Personal
TXN-00010602,CTA-930569,CLI-54409,2026-06-18 00:48:00,1001759.39,CRC,pago,app_movil,CA-001,Préstamo Personal
TXN-00010603,CTA-964007,CLI-45535,2026-06-20 16:40:00,962109.35,CRC,comision,sinpe,LI-001,Tarjeta Crédito
TXN-00010604,CTA-587189,CLI-29354,2026-06-02 00:00:00,3706023.91,CRC,pago,sinpe,HE-001,Préstamo Personal
TXN-00010605,CTA-245602,CLI-75210,2026-06-08 00:20:00,3104785.11,CRC,pago,app_movil,SJ-001,Tarjeta Crédito
TXN-00010606,CTA-816846,CLI-47344,2026-06-01 00:28:00,4741613.47,CRC,pago,atm,SJ-001,Cuenta Corriente
TXN-00010607,CTA-205004,CLI-72180,2026-06-25 00:24:00,3007987.26,CRC,retiro,web,LI-002,Cuenta Corriente
TXN-00010608,CTA-460249,CLI-29510,2026-06-24 03:54:00,2250650.72,CRC,transferencia,atm,LI-001,Cuenta Ahorro
TXN-00010609,CTA-272890,CLI-95020,2026-06-06 04:57:00,1462830.85,CRC,deposito,app_movil,PU-001,Cuenta Corriente
TXN-00010610,CTA-911153,CLI-95809,2026-06-24 13:02:00,2626643.5,CRC,comision,atm,SJ-001,Tarjeta Crédito
TXN-00010611,CTA-867463,CLI-20712,2026-06-29 16:34:00,668924.0,CRC,retiro,app_movil,LI-001,Tarjeta Crédito
TXN-00010612,CTA-358038,CLI-34675,2026-06-27 05:44:00,3933275.14,CRC,retiro,sinpe,HE-001,Cuenta Corriente
TXN-00010613,CTA-540531,CLI-87732,2026-06-22 12:39:00,738392.89,CRC,deposito,app_movil,HE-001,Préstamo Personal
TXN-00010614,CTA-751852,CLI-94331,2026-06-22 06:17:00,4435258.02,CRC,deposito,atm,SJ-001,Cuenta Ahorro
TXN-00010615,CTA-229535,CLI-88567,2026-06-09 22:44:00,308229.72,CRC,retiro,web,LI-002,Cuenta Ahorro
TXN-00010616,CTA-165863,CLI-44035,2026-06-28 10:53:00,3673264.97,CRC,retiro,web,PU-001,Tarjeta Crédito
TXN-00010617,CTA-847685,CLI-84963,2026-06-20 13:23:00,2842522.36,CRC,deposito,atm,AL-001,Tarjeta Crédito
TXN-00010618,CTA-142231,CLI-86377,2026-06-16 12:02:00,374109.47,CRC,retiro,web,AL-001,Préstamo Personal
TXN-00010619,CTA-663140,CLI-46014,2026-06-06 15:46:00,4821124.56,CRC,deposito,atm,AL-001,Préstamo Personal
TXN-00010620,CTA-789231,CLI-42433,2026-06-19 21:00:00,2537092.54,CRC,deposito,web,SJ-001,Cuenta Ahorro
TXN-00010621,CTA-116134,CLI-73938,2026-06-16 00:14:00,2102080.29,CRC,comision,web,HE-001,Tarjeta Crédito
TXN-00010622,CTA-558285,CLI-77643,2026-06-03 16:52:00,3944481.97,CRC,transferencia,web,LI-002,Tarjeta Crédito
TXN-00010623,CTA-456311,CLI-85573,2026-06-12 18:06:00,1566062.88,CRC,retiro,sucursal,AL-001,Tarjeta Crédito
TXN-00010624,CTA-423294,CLI-63285,2026-06-25 05:32:00,2839421.82,CRC,comision,app_movil,PU-001,Cuenta Corriente
TXN-00010625,CTA-797660,CLI-90272,2026-06-06 17:00:00,4756054.32,CRC,pago,web,AL-001,Tarjeta Crédito
TXN-00010626,CTA-842447,CLI-75232,2026-06-18 18:07:00,1007595.86,CRC,transferencia,sinpe,LI-001,Tarjeta Crédito
TXN-00010627,CTA-803603,CLI-92573,2026-06-26 17:43:00,666243.47,CRC,pago,atm,PU-001,Cuenta Ahorro
TXN-00010628,CTA-791037,CLI-26009,2026-06-10 20:04:00,1503381.92,CRC,retiro,sinpe,CA-001,Cuenta Ahorro
TXN-00010629,CTA-593482,CLI-13071,2026-06-14 02:04:00,3184345.65,CRC,retiro,web,CA-001,Tarjeta Crédito
TXN-00010630,CTA-948816,CLI-64632,2026-06-09 12:11:00,4337362.94,CRC,comision,atm,PU-001,Préstamo Personal
TXN-00010631,CTA-167985,CLI-60170,2026-06-17 05:10:00,4698626.54,CRC,comision,app_movil,CA-001,Cuenta Ahorro
TXN-00010632,CTA-920138,CLI-89869,2026-06-29 06:56:00,1899586.17,CRC,retiro,sucursal,HE-001,Cuenta Ahorro
TXN-00010633,CTA-956229,CLI-21557,2026-06-23 01:00:00,1984302.16,CRC,pago,sucursal,PU-001,Préstamo Hipotecario
TXN-00010634,CTA-925139,CLI-25786,2026-06-23 20:13:00,2617917.78,CRC,pago,sucursal,HE-001,Cuenta Ahorro
TXN-00010635,CTA-440763,CLI-73034,2026-06-16 09:20:00,873108.96,CRC,transferencia,sinpe,SJ-002,Cuenta Corriente
TXN-00010636,CTA-553991,CLI-93087,2026-06-16 21:32:00,898776.35,CRC,deposito,web,CA-001,Cuenta Ahorro
TXN-00010637,CTA-105898,CLI-79015,2026-06-28 13:12:00,3130014.76,CRC,transferencia,atm,SJ-002,Tarjeta Crédito
TXN-00010638,CTA-102413,CLI-90012,2026-06-08 19:47:00,3870044.69,CRC,comision,sucursal,SJ-001,Préstamo Hipotecario
TXN-00010639,CTA-839667,CLI-73644,2026-06-29 10:57:00,266953.05,CRC,comision,sinpe,PU-001,Tarjeta Crédito
TXN-00010640,CTA-106882,CLI-62595,2026-06-27 05:53:00,1693987.71,CRC,deposito,web,CA-001,Préstamo Personal
TXN-00010641,CTA-240335,CLI-14153,2026-06-09 05:33:00,4481376.65,CRC,pago,atm,CA-001,Cuenta Corriente
TXN-00010642,CTA-912572,CLI-66419,2026-06-06 03:34:00,1500427.37,CRC,transferencia,web,CA-001,Préstamo Hipotecario
TXN-00010643,CTA-295438,CLI-17943,2026-06-20 01:27:00,60940.72,CRC,retiro,sucursal,SJ-002,Tarjeta Crédito
TXN-00010644,CTA-811923,CLI-30992,2026-06-01 03:16:00,2434475.89,CRC,comision,app_movil,SJ-002,Tarjeta Crédito
TXN-00010645,CTA-423254,CLI-37398,2026-06-28 21:18:00,3789869.88,CRC,deposito,sucursal,LI-001,Tarjeta Crédito
TXN-00010646,CTA-109899,CLI-10558,2026-06-29 20:45:00,2443092.03,CRC,comision,atm,PU-001,Cuenta Corriente
TXN-00010647,CTA-205865,CLI-47314,2026-06-14 16:28:00,2243251.27,CRC,deposito,app_movil,CA-001,Préstamo Hipotecario
TXN-00010648,CTA-981003,CLI-39387,2026-06-18 00:56:00,3589390.02,CRC,pago,app_movil,LI-002,Préstamo Personal
TXN-00010649,CTA-946541,CLI-20426,2026-06-11 13:32:00,200950.92,CRC,retiro,app_movil,HE-001,Cuenta Corriente
TXN-00010650,CTA-692830,CLI-58974,2026-06-16 21:40:00,931525.38,CRC,retiro,sucursal,LI-002,Préstamo Personal
TXN-00010651,CTA-337780,CLI-38900,2026-06-26 17:23:00,2539221.87,CRC,deposito,web,SJ-002,Préstamo Personal
TXN-00010652,CTA-726823,CLI-86015,2026-06-06 09:39:00,4936394.83,CRC,pago,sinpe,PU-001,Cuenta Corriente
TXN-00010653,CTA-422692,CLI-82843,2026-06-30 23:57:00,3872396.1,CRC,deposito,atm,LI-002,Tarjeta Crédito
TXN-00010654,CTA-953335,CLI-30390,2026-06-06 21:14:00,1098683.13,CRC,deposito,atm,CA-001,Préstamo Personal
TXN-00010655,CTA-764597,CLI-32019,2026-06-03 05:23:00,1086587.38,CRC,transferencia,web,AL-001,Tarjeta Crédito
TXN-00010656,CTA-239045,CLI-74724,2026-06-19 00:59:00,4852497.0,CRC,deposito,sinpe,LI-002,Tarjeta Crédito
TXN-00010657,CTA-156886,CLI-37346,2026-06-17 03:01:00,1150428.72,CRC,transferencia,sinpe,SJ-002,Préstamo Personal
TXN-00010658,CTA-668495,CLI-12119,2026-06-28 06:45:00,4335927.13,CRC,comision,web,LI-002,Préstamo Hipotecario
TXN-00010659,CTA-636889,CLI-64787,2026-06-29 20:36:00,501512.56,CRC,pago,sinpe,HE-001,Cuenta Ahorro
TXN-00010660,CTA-330866,CLI-84849,2026-06-29 00:40:00,2177416.73,CRC,transferencia,sinpe,CA-001,Préstamo Hipotecario
TXN-00010661,CTA-237569,CLI-16731,2026-06-15 23:40:00,926690.73,CRC,retiro,atm,LI-002,Cuenta Ahorro
TXN-00010662,CTA-200880,CLI-25545,2026-06-06 12:31:00,1512332.13,CRC,transferencia,web,SJ-001,Préstamo Hipotecario
TXN-00010663,CTA-659821,CLI-86998,2026-06-29 18:40:00,1212749.35,CRC,retiro,sucursal,SJ-002,Cuenta Corriente
TXN-00010664,CTA-792023,CLI-47877,2026-06-10 15:10:00,995327.23,CRC,comision,sucursal,PU-001,Cuenta Ahorro
TXN-00010665,CTA-736725,CLI-35799,2026-06-15 17:23:00,3721813.22,CRC,pago,app_movil,AL-001,Cuenta Corriente
TXN-00010666,CTA-295499,CLI-82859,2026-06-13 16:30:00,2324668.63,CRC,transferencia,app_movil,SJ-002,Cuenta Corriente
TXN-00010667,CTA-956792,CLI-19262,2026-06-12 09:02:00,4685661.3,CRC,pago,atm,SJ-001,Cuenta Corriente
TXN-00010668,CTA-743362,CLI-71362,2026-06-13 03:58:00,1139816.65,CRC,pago,sucursal,SJ-001,Cuenta Corriente
TXN-00010669,CTA-138784,CLI-46250,2026-06-06 00:45:00,2184249.67,CRC,retiro,sinpe,SJ-001,Préstamo Hipotecario
TXN-00010670,CTA-637464,CLI-29278,2026-06-04 15:17:00,1520905.29,CRC,deposito,sinpe,SJ-002,Préstamo Hipotecario
TXN-00010671,CTA-253766,CLI-43261,2026-06-06 02:31:00,1397.16,CRC,transferencia,app_movil,AL-001,Préstamo Hipotecario
TXN-00010672,CTA-536923,CLI-64996,2026-06-15 08:52:00,346776.19,CRC,transferencia,app_movil,SJ-001,Tarjeta Crédito
TXN-00010673,CTA-878001,CLI-53269,2026-06-01 19:59:00,4715166.2,CRC,pago,sinpe,LI-001,Cuenta Corriente
TXN-00010674,CTA-180669,CLI-54330,2026-06-04 08:48:00,1264237.93,CRC,retiro,sucursal,CA-001,Préstamo Hipotecario
TXN-00010675,CTA-343621,CLI-89234,2026-06-11 02:42:00,1296699.25,CRC,retiro,sinpe,SJ-002,Cuenta Ahorro
TXN-00010676,CTA-739244,CLI-62620,2026-06-08 02:42:00,1835785.32,CRC,retiro,atm,CA-001,Préstamo Personal
TXN-00010677,CTA-383242,CLI-68281,2026-06-08 14:36:00,832441.03,CRC,deposito,sinpe,PU-001,Cuenta Ahorro
TXN-00010678,CTA-274472,CLI-68173,2026-06-27 00:30:00,2103629.31,CRC,pago,sucursal,SJ-002,Cuenta Corriente
TXN-00010679,CTA-808200,CLI-43025,2026-06-25 18:22:00,3507826.17,CRC,deposito,sucursal,LI-002,Préstamo Personal
TXN-00010680,CTA-821641,CLI-31646,2026-06-14 01:17:00,62982.13,CRC,transferencia,atm,SJ-001,Cuenta Corriente
TXN-00010681,CTA-879105,CLI-92414,2026-06-20 15:18:00,4510594.9,CRC,pago,web,HE-001,Préstamo Personal
TXN-00010682,CTA-607648,CLI-75437,2026-06-17 15:34:00,2460428.96,CRC,transferencia,sucursal,SJ-002,Cuenta Ahorro
TXN-00010683,CTA-313045,CLI-93381,2026-06-27 07:27:00,4931183.82,CRC,pago,atm,SJ-002,Tarjeta Crédito
TXN-00010684,CTA-373074,CLI-86887,2026-06-20 19:34:00,1293273.51,CRC,retiro,app_movil,HE-001,Cuenta Corriente
TXN-00010685,CTA-329367,CLI-83435,2026-06-04 07:01:00,3084941.11,CRC,retiro,atm,LI-001,Cuenta Corriente
TXN-00010686,CTA-244844,CLI-98247,2026-06-11 19:59:00,2921808.2,CRC,comision,sucursal,SJ-001,Tarjeta Crédito
TXN-00010687,CTA-415150,CLI-58431,2026-06-10 03:56:00,1359890.68,CRC,pago,web,PU-001,Cuenta Ahorro
TXN-00010688,CTA-698596,CLI-51005,2026-06-02 01:30:00,1894939.99,CRC,comision,app_movil,SJ-001,Tarjeta Crédito
TXN-00010689,CTA-510351,CLI-63291,2026-06-28 20:22:00,95488.17,CRC,transferencia,atm,HE-001,Préstamo Personal
TXN-00010690,CTA-198587,CLI-73620,2026-06-17 18:50:00,1657797.89,CRC,comision,sucursal,SJ-002,Cuenta Ahorro
TXN-00010691,CTA-651278,CLI-75980,2026-06-03 06:57:00,4925280.75,CRC,retiro,atm,SJ-001,Préstamo Hipotecario
TXN-00010692,CTA-379790,CLI-48891,2026-06-30 22:49:00,4559353.58,CRC,transferencia,atm,AL-001,Cuenta Corriente
TXN-00010693,CTA-954084,CLI-32471,2026-06-22 15:09:00,4206358.58,CRC,comision,sinpe,HE-001,Cuenta Ahorro
TXN-00010694,CTA-611569,CLI-86089,2026-06-25 19:06:00,981982.63,CRC,transferencia,atm,SJ-001,Cuenta Corriente
TXN-00010695,CTA-444953,CLI-66806,2026-06-03 09:11:00,324979.2,CRC,comision,sinpe,SJ-001,Préstamo Personal
TXN-00010696,CTA-858382,CLI-66654,2026-06-22 13:49:00,1121831.23,CRC,transferencia,sinpe,SJ-001,Préstamo Personal
TXN-00010697,CTA-802028,CLI-30037,2026-06-14 19:53:00,672588.77,CRC,deposito,web,HE-001,Préstamo Hipotecario
TXN-00010698,CTA-553466,CLI-83893,2026-06-19 12:09:00,3475715.8,CRC,pago,sinpe,AL-001,Préstamo Personal
TXN-00010699,CTA-624306,CLI-51909,2026-06-27 10:19:00,4204391.89,CRC,comision,web,CA-001,Cuenta Ahorro
TXN-00010700,CTA-944180,CLI-97284,2026-06-17 10:08:00,627089.36,CRC,retiro,app_movil,LI-002,Tarjeta Crédito
TXN-00010701,CTA-821652,CLI-69989,2026-06-06 18:21:00,167628.05,CRC,comision,atm,PU-001,Préstamo Hipotecario
TXN-00010702,CTA-655816,CLI-25668,2026-06-04 03:05:00,2286698.34,CRC,deposito,app_movil,LI-001,Cuenta Corriente
TXN-00010703,CTA-477251,CLI-18322,2026-06-17 18:59:00,1542733.54,CRC,retiro,atm,HE-001,Tarjeta Crédito
TXN-00010704,CTA-697771,CLI-80909,2026-06-23 07:28:00,2384251.46,CRC,transferencia,sinpe,CA-001,Cuenta Corriente
TXN-00010705,CTA-947461,CLI-99571,2026-06-03 14:16:00,4013085.12,CRC,retiro,sucursal,AL-001,Préstamo Hipotecario
TXN-00010706,CTA-647805,CLI-85758,2026-06-23 11:46:00,2209662.89,CRC,pago,app_movil,SJ-001,Préstamo Personal
TXN-00010707,CTA-795202,CLI-27445,2026-06-24 23:13:00,3986447.74,CRC,transferencia,app_movil,CA-001,Préstamo Hipotecario
TXN-00010708,CTA-478293,CLI-69291,2026-06-05 17:50:00,3601197.75,CRC,retiro,sucursal,LI-001,Cuenta Ahorro
TXN-00010709,CTA-241479,CLI-62667,2026-06-07 14:54:00,1213187.32,CRC,deposito,app_movil,AL-001,Préstamo Personal
TXN-00010710,CTA-753413,CLI-79579,2026-06-17 08:01:00,720429.86,CRC,comision,sucursal,HE-001,Cuenta Ahorro
TXN-00010711,CTA-256340,CLI-37299,2026-06-03 17:55:00,681091.84,CRC,transferencia,sinpe,SJ-002,Cuenta Ahorro
TXN-00010712,CTA-182442,CLI-77747,2026-06-30 18:26:00,3595711.56,CRC,transferencia,atm,SJ-001,Préstamo Personal
TXN-00010713,CTA-467220,CLI-72858,2026-06-23 00:26:00,2192750.27,CRC,retiro,app_movil,AL-001,Cuenta Ahorro
TXN-00010714,CTA-603389,CLI-67920,2026-06-10 13:22:00,2788391.31,CRC,deposito,atm,HE-001,Préstamo Personal
TXN-00010715,CTA-717701,CLI-16360,2026-06-22 10:13:00,1030319.03,CRC,comision,sucursal,CA-001,Cuenta Corriente
TXN-00010716,CTA-647393,CLI-37836,2026-06-12 01:10:00,199390.36,CRC,retiro,web,LI-002,Tarjeta Crédito
TXN-00010717,CTA-558209,CLI-87373,2026-06-01 12:09:00,4875770.78,CRC,transferencia,web,CA-001,Tarjeta Crédito
TXN-00010718,CTA-656539,CLI-24463,2026-06-12 00:04:00,430446.23,CRC,transferencia,web,HE-001,Préstamo Personal
TXN-00010719,CTA-163793,CLI-28644,2026-06-17 21:25:00,1869599.8,CRC,deposito,sinpe,SJ-002,Préstamo Personal
TXN-00010720,CTA-245583,CLI-21267,2026-06-12 20:47:00,3041284.03,CRC,comision,atm,LI-001,Cuenta Corriente
TXN-00010721,CTA-896233,CLI-42255,2026-06-17 14:37:00,2377059.83,CRC,comision,web,SJ-002,Cuenta Corriente
TXN-00010722,CTA-415733,CLI-11024,2026-06-26 02:44:00,2743742.2,CRC,retiro,app_movil,SJ-001,Cuenta Ahorro
TXN-00010723,CTA-438324,CLI-53254,2026-06-07 12:42:00,1110411.91,CRC,comision,sinpe,LI-001,Tarjeta Crédito
TXN-00010724,CTA-906673,CLI-52535,2026-06-09 21:59:00,906071.68,CRC,pago,app_movil,LI-002,Cuenta Corriente
TXN-00010725,CTA-408097,CLI-28350,2026-06-29 22:35:00,3543217.94,CRC,deposito,sinpe,PU-001,Cuenta Ahorro
TXN-00010726,CTA-948228,CLI-42349,2026-06-07 11:15:00,2839702.03,CRC,comision,web,LI-001,Préstamo Personal
TXN-00010727,CTA-999998,CLI-21343,2026-06-03 03:41:00,4016082.52,CRC,deposito,web,LI-002,Cuenta Corriente
TXN-00010728,CTA-761770,CLI-10567,2026-06-05 12:55:00,3516481.98,CRC,retiro,sucursal,SJ-002,Cuenta Ahorro
TXN-00010729,CTA-844141,CLI-49949,2026-06-10 14:34:00,1249541.96,CRC,retiro,sucursal,AL-001,Préstamo Personal
TXN-00010730,CTA-550580,CLI-53905,2026-06-12 19:22:00,1039606.04,CRC,pago,app_movil,LI-001,Cuenta Ahorro
TXN-00010731,CTA-204695,CLI-32569,2026-06-18 18:11:00,3524204.01,CRC,deposito,web,LI-002,Cuenta Ahorro
TXN-00010732,CTA-712134,CLI-60167,2026-06-24 03:10:00,1255244.68,CRC,retiro,sucursal,AL-001,Cuenta Ahorro
TXN-00010733,CTA-823636,CLI-80443,2026-06-29 06:17:00,716401.87,CRC,transferencia,sucursal,LI-002,Préstamo Hipotecario
TXN-00010734,CTA-717108,CLI-59794,2026-06-20 11:06:00,2986826.38,CRC,deposito,web,SJ-001,Préstamo Hipotecario
TXN-00010735,CTA-200318,CLI-56294,2026-06-09 15:48:00,21368.25,CRC,deposito,web,SJ-002,Cuenta Corriente
TXN-00010736,CTA-656594,CLI-20150,2026-06-29 13:31:00,4683004.77,CRC,pago,atm,SJ-001,Cuenta Ahorro
TXN-00010737,CTA-166094,CLI-57870,2026-06-16 12:54:00,3655210.51,CRC,retiro,sucursal,LI-001,Cuenta Corriente
TXN-00010738,CTA-785884,CLI-58768,2026-06-29 01:58:00,2792559.93,CRC,retiro,atm,AL-001,Cuenta Ahorro
TXN-00010739,CTA-447614,CLI-11177,2026-06-30 14:31:00,3197657.5,CRC,deposito,atm,HE-001,Cuenta Ahorro
TXN-00010740,CTA-951741,CLI-64638,2026-06-25 05:34:00,265072.26,CRC,transferencia,sinpe,SJ-001,Préstamo Personal
TXN-00010741,CTA-578857,CLI-87214,2026-06-06 13:25:00,2234906.8,CRC,comision,sucursal,LI-001,Cuenta Ahorro
TXN-00010742,CTA-783863,CLI-62461,2026-06-13 04:48:00,3544114.21,CRC,transferencia,sinpe,PU-001,Cuenta Ahorro
TXN-00010743,CTA-653797,CLI-90992,2026-06-24 19:33:00,1006555.25,CRC,comision,sinpe,PU-001,Préstamo Personal
TXN-00010744,CTA-844947,CLI-65224,2026-06-24 03:54:00,517488.8,CRC,pago,sinpe,SJ-001,Préstamo Hipotecario
TXN-00010745,CTA-426432,CLI-68466,2026-06-09 18:25:00,170642.62,CRC,pago,atm,SJ-001,Cuenta Ahorro
TXN-00010746,CTA-878005,CLI-83711,2026-06-14 02:24:00,1535392.71,CRC,retiro,sinpe,HE-001,Cuenta Corriente
TXN-00010747,CTA-481167,CLI-20796,2026-06-24 09:58:00,773743.97,CRC,retiro,web,CA-001,Préstamo Personal
TXN-00010748,CTA-662783,CLI-33851,2026-06-28 00:51:00,2422285.06,CRC,pago,sucursal,SJ-002,Préstamo Hipotecario
TXN-00010749,CTA-554819,CLI-90703,2026-06-21 20:53:00,563131.62,CRC,deposito,sinpe,AL-001,Préstamo Personal
TXN-00010750,CTA-235405,CLI-86825,2026-06-20 11:33:00,842752.4,CRC,pago,sucursal,SJ-001,Cuenta Corriente
TXN-00010751,CTA-222877,CLI-33676,2026-06-19 16:17:00,4225345.84,CRC,transferencia,app_movil,LI-001,Tarjeta Crédito
TXN-00010752,CTA-201520,CLI-72914,2026-06-01 10:49:00,1561187.49,CRC,pago,app_movil,CA-001,Préstamo Hipotecario
TXN-00010753,CTA-624258,CLI-72566,2026-06-23 05:10:00,1003204.84,CRC,pago,sinpe,SJ-002,Cuenta Ahorro
TXN-00010754,CTA-374474,CLI-71039,2026-06-24 15:43:00,1489017.84,CRC,deposito,atm,PU-001,Cuenta Ahorro
TXN-00010755,CTA-856043,CLI-48943,2026-06-02 23:18:00,4006645.77,CRC,pago,sinpe,PU-001,Préstamo Personal
TXN-00010756,CTA-819453,CLI-45136,2026-06-09 13:57:00,3494188.8,CRC,retiro,app_movil,LI-001,Cuenta Corriente
TXN-00010757,CTA-415542,CLI-25448,2026-06-07 18:23:00,1938790.44,CRC,transferencia,sucursal,AL-001,Tarjeta Crédito
TXN-00010758,CTA-593951,CLI-11677,2026-06-12 10:36:00,609464.08,CRC,transferencia,app_movil,CA-001,Préstamo Hipotecario
TXN-00010759,CTA-168449,CLI-63302,2026-06-26 00:19:00,4526470.23,CRC,retiro,atm,AL-001,Préstamo Hipotecario
TXN-00010760,CTA-388093,CLI-11141,2026-06-11 02:28:00,4312360.27,CRC,comision,atm,AL-001,Cuenta Corriente
TXN-00010761,CTA-308685,CLI-79571,2026-06-30 12:25:00,1473656.42,CRC,retiro,atm,LI-002,Cuenta Corriente
TXN-00010762,CTA-988631,CLI-29072,2026-06-19 12:38:00,4401395.12,CRC,transferencia,sucursal,AL-001,Préstamo Hipotecario
TXN-00010763,CTA-126953,CLI-28378,2026-06-23 17:47:00,1541865.07,CRC,comision,app_movil,HE-001,Cuenta Ahorro
TXN-00010764,CTA-543526,CLI-12682,2026-06-10 14:10:00,760087.74,CRC,retiro,sinpe,AL-001,Cuenta Ahorro
TXN-00010765,CTA-530718,CLI-52840,2026-06-06 14:30:00,4934435.23,CRC,comision,app_movil,SJ-002,Préstamo Personal
TXN-00010766,CTA-636811,CLI-58669,2026-06-12 17:47:00,4529968.11,CRC,transferencia,app_movil,CA-001,Cuenta Ahorro
TXN-00010767,CTA-347496,CLI-24746,2026-06-28 21:56:00,2018228.22,CRC,comision,app_movil,PU-001,Tarjeta Crédito
TXN-00010768,CTA-108819,CLI-90461,2026-06-24 03:24:00,4007325.26,CRC,pago,web,CA-001,Préstamo Hipotecario
TXN-00010769,CTA-309841,CLI-51420,2026-06-02 07:36:00,4692118.27,CRC,deposito,web,HE-001,Préstamo Personal
TXN-00010770,CTA-662418,CLI-54284,2026-06-11 14:04:00,2738173.84,CRC,comision,sucursal,SJ-002,Préstamo Personal
TXN-00010771,CTA-468414,CLI-87995,2026-06-21 21:48:00,1200508.09,CRC,transferencia,app_movil,LI-001,Préstamo Hipotecario
TXN-00010772,CTA-957901,CLI-35329,2026-06-15 08:10:00,4986691.0,CRC,retiro,atm,CA-001,Cuenta Ahorro
TXN-00010773,CTA-512332,CLI-85479,2026-06-09 23:17:00,4364255.03,CRC,comision,atm,LI-001,Tarjeta Crédito
TXN-00010774,CTA-749255,CLI-12628,2026-06-12 01:40:00,3656934.52,CRC,retiro,atm,CA-001,Tarjeta Crédito
TXN-00010775,CTA-284581,CLI-72041,2026-06-23 17:02:00,3319979.13,CRC,comision,app_movil,SJ-002,Préstamo Personal
TXN-00010776,CTA-678704,CLI-57834,2026-06-18 04:30:00,3769527.33,CRC,pago,web,HE-001,Préstamo Hipotecario
TXN-00010777,CTA-624574,CLI-56753,2026-06-18 03:36:00,1991911.25,CRC,transferencia,app_movil,AL-001,Cuenta Ahorro
TXN-00010778,CTA-208165,CLI-79134,2026-06-22 20:32:00,3700105.48,CRC,retiro,web,SJ-001,Cuenta Corriente
TXN-00010779,CTA-859762,CLI-75116,2026-06-18 23:54:00,3996187.75,CRC,deposito,atm,CA-001,Tarjeta Crédito
TXN-00010780,CTA-453160,CLI-23621,2026-06-15 00:12:00,2048285.82,CRC,transferencia,atm,LI-001,Cuenta Corriente
TXN-00010781,CTA-832274,CLI-80529,2026-06-13 15:58:00,4608336.7,CRC,pago,app_movil,AL-001,Tarjeta Crédito
TXN-00010782,CTA-231022,CLI-39459,2026-06-15 08:06:00,3039614.08,CRC,comision,sucursal,SJ-001,Cuenta Ahorro
TXN-00010783,CTA-135341,CLI-21108,2026-06-17 03:43:00,1337062.49,CRC,deposito,app_movil,SJ-002,Cuenta Corriente
TXN-00010784,CTA-796315,CLI-49679,2026-06-27 06:21:00,1722190.27,CRC,transferencia,sucursal,SJ-001,Préstamo Hipotecario
TXN-00010785,CTA-432660,CLI-76064,2026-06-05 15:08:00,1525936.01,CRC,deposito,sinpe,PU-001,Cuenta Corriente
TXN-00010786,CTA-447618,CLI-56730,2026-06-02 13:29:00,3501626.33,CRC,deposito,sinpe,PU-001,Préstamo Personal
TXN-00010787,CTA-843366,CLI-45749,2026-06-07 12:24:00,952749.93,CRC,transferencia,atm,PU-001,Préstamo Personal
TXN-00010788,CTA-537964,CLI-83034,2026-06-17 22:16:00,1452494.26,CRC,retiro,atm,AL-001,Préstamo Hipotecario
TXN-00010789,CTA-239455,CLI-29532,2026-06-12 12:40:00,2946444.22,CRC,deposito,atm,LI-001,Cuenta Corriente
TXN-00010790,CTA-123510,CLI-28345,2026-06-06 12:14:00,1917928.72,CRC,pago,sinpe,SJ-002,Tarjeta Crédito
TXN-00010791,CTA-618165,CLI-66752,2026-06-27 14:51:00,2379148.11,CRC,deposito,sinpe,PU-001,Cuenta Ahorro
TXN-00010792,CTA-588593,CLI-62660,2026-06-03 04:02:00,2895621.62,CRC,retiro,web,AL-001,Préstamo Personal
TXN-00010793,CTA-795698,CLI-68041,2026-06-16 12:55:00,4164813.39,CRC,comision,atm,LI-001,Cuenta Ahorro
TXN-00010794,CTA-500637,CLI-68272,2026-06-05 17:15:00,4257701.72,CRC,deposito,app_movil,CA-001,Préstamo Personal
TXN-00010795,CTA-287635,CLI-27723,2026-06-08 11:24:00,1014941.83,CRC,comision,sucursal,LI-001,Préstamo Hipotecario
TXN-00010796,CTA-702314,CLI-95244,2026-06-19 02:29:00,4311831.6,CRC,deposito,sinpe,AL-001,Préstamo Personal
TXN-00010797,CTA-877952,CLI-94080,2026-06-30 00:24:00,4416753.26,CRC,pago,atm,CA-001,Préstamo Hipotecario
TXN-00010798,CTA-601442,CLI-56446,2026-06-12 08:46:00,3174073.36,CRC,deposito,sucursal,LI-002,Cuenta Corriente
TXN-00010799,CTA-124362,CLI-71838,2026-06-15 21:16:00,714260.99,CRC,deposito,sucursal,PU-001,Préstamo Hipotecario
TXN-00010800,CTA-588557,CLI-97770,2026-06-27 00:32:00,2380419.49,CRC,comision,atm,HE-001,Tarjeta Crédito
TXN-00010801,CTA-372779,CLI-55302,2026-06-29 23:15:00,2220437.54,CRC,retiro,sinpe,SJ-001,Cuenta Ahorro
TXN-00010802,CTA-328915,CLI-63475,2026-06-13 10:49:00,517087.33,CRC,transferencia,web,SJ-002,Cuenta Ahorro
TXN-00010803,CTA-701229,CLI-62306,2026-06-30 10:27:00,245959.67,CRC,pago,sucursal,LI-001,Cuenta Corriente
TXN-00010804,CTA-105650,CLI-54631,2026-06-19 01:54:00,2303437.75,CRC,transferencia,app_movil,HE-001,Cuenta Ahorro
TXN-00010805,CTA-871910,CLI-63652,2026-06-22 15:39:00,62986.79,CRC,deposito,atm,LI-001,Tarjeta Crédito
TXN-00010806,CTA-603757,CLI-76629,2026-06-23 06:25:00,1388834.23,CRC,pago,app_movil,SJ-001,Cuenta Ahorro
TXN-00010807,CTA-284940,CLI-82861,2026-06-11 13:35:00,3648969.51,CRC,pago,sucursal,LI-002,Tarjeta Crédito
TXN-00010808,CTA-643816,CLI-56893,2026-06-23 06:06:00,4162704.5,CRC,pago,atm,PU-001,Cuenta Ahorro
TXN-00010809,CTA-894069,CLI-91057,2026-06-29 09:09:00,1738395.33,CRC,comision,sinpe,PU-001,Cuenta Corriente
TXN-00010810,CTA-185586,CLI-75099,2026-06-29 05:04:00,1420244.69,CRC,pago,atm,LI-001,Cuenta Corriente
TXN-00010811,CTA-822307,CLI-46406,2026-06-20 05:42:00,2440355.46,CRC,comision,sinpe,PU-001,Préstamo Hipotecario
TXN-00010812,CTA-452544,CLI-23513,2026-06-18 22:51:00,3447986.65,CRC,pago,app_movil,SJ-002,Cuenta Corriente
TXN-00010813,CTA-313545,CLI-57673,2026-06-26 07:53:00,1274276.18,CRC,comision,sucursal,SJ-001,Tarjeta Crédito
TXN-00010814,CTA-801758,CLI-71757,2026-06-05 19:49:00,237150.97,CRC,deposito,web,SJ-001,Préstamo Personal
TXN-00010815,CTA-819243,CLI-44777,2026-06-02 02:44:00,4516306.78,CRC,transferencia,sucursal,CA-001,Cuenta Corriente
TXN-00010816,CTA-394425,CLI-21488,2026-06-02 10:25:00,3183700.04,CRC,transferencia,sucursal,LI-002,Préstamo Personal
TXN-00010817,CTA-248305,CLI-80440,2026-06-13 13:44:00,3702286.28,CRC,deposito,sucursal,AL-001,Cuenta Ahorro
TXN-00010818,CTA-651199,CLI-17179,2026-06-03 16:36:00,1205840.73,CRC,deposito,sinpe,HE-001,Cuenta Corriente
TXN-00010819,CTA-468880,CLI-34758,2026-06-25 14:00:00,4371722.28,CRC,pago,atm,LI-002,Cuenta Corriente
TXN-00010820,CTA-269267,CLI-65520,2026-06-08 22:04:00,90053.62,CRC,pago,atm,PU-001,Tarjeta Crédito
TXN-00010821,CTA-647476,CLI-84684,2026-06-24 08:16:00,369009.83,CRC,transferencia,sucursal,PU-001,Cuenta Corriente
TXN-00010822,CTA-408719,CLI-80257,2026-06-18 10:23:00,4319244.79,CRC,comision,web,AL-001,Préstamo Hipotecario
TXN-00010823,CTA-886930,CLI-83559,2026-06-06 21:50:00,4196822.87,CRC,retiro,atm,SJ-001,Cuenta Ahorro
TXN-00010824,CTA-256555,CLI-30321,2026-06-20 13:06:00,3976227.0,CRC,deposito,atm,LI-001,Cuenta Ahorro
TXN-00010825,CTA-165168,CLI-40623,2026-06-25 11:56:00,4230870.1,CRC,deposito,sucursal,HE-001,Tarjeta Crédito
TXN-00010826,CTA-221185,CLI-61318,2026-06-05 15:51:00,2330813.36,CRC,deposito,sinpe,LI-001,Tarjeta Crédito
TXN-00010827,CTA-298826,CLI-88315,2026-06-14 13:09:00,2286310.72,CRC,deposito,atm,PU-001,Tarjeta Crédito
TXN-00010828,CTA-565793,CLI-19176,2026-06-05 20:05:00,3436721.66,CRC,deposito,sucursal,LI-001,Préstamo Hipotecario
TXN-00010829,CTA-557318,CLI-42346,2026-06-10 02:11:00,334736.66,CRC,transferencia,atm,LI-001,Préstamo Personal
TXN-00010830,CTA-662858,CLI-82659,2026-06-19 04:35:00,2679731.31,CRC,transferencia,atm,LI-001,Préstamo Personal
TXN-00010831,CTA-694894,CLI-40312,2026-06-19 14:48:00,10433.36,CRC,transferencia,sinpe,AL-001,Préstamo Personal
TXN-00010832,CTA-812311,CLI-34251,2026-06-23 01:04:00,2278679.76,CRC,deposito,sinpe,CA-001,Préstamo Personal
TXN-00010833,CTA-372360,CLI-36268,2026-06-18 20:14:00,2393084.89,CRC,retiro,web,SJ-002,Tarjeta Crédito
TXN-00010834,CTA-804947,CLI-34285,2026-06-04 19:26:00,799587.89,CRC,transferencia,atm,LI-002,Cuenta Corriente
TXN-00010835,CTA-633002,CLI-53016,2026-06-14 07:47:00,2767873.33,CRC,deposito,app_movil,LI-001,Préstamo Hipotecario
TXN-00010836,CTA-110382,CLI-24299,2026-06-09 06:12:00,3058131.1,CRC,deposito,sucursal,SJ-001,Préstamo Personal
TXN-00010837,CTA-207118,CLI-88892,2026-06-12 03:58:00,66074.31,CRC,comision,app_movil,SJ-001,Préstamo Personal
TXN-00010838,CTA-683886,CLI-42392,2026-06-11 14:30:00,2805255.77,CRC,transferencia,app_movil,HE-001,Cuenta Ahorro
TXN-00010839,CTA-100904,CLI-69326,2026-06-28 08:11:00,2117812.83,CRC,pago,app_movil,SJ-001,Préstamo Hipotecario
TXN-00010840,CTA-723816,CLI-73732,2026-06-22 00:20:00,4056138.48,CRC,deposito,sucursal,AL-001,Tarjeta Crédito
TXN-00010841,CTA-671772,CLI-92540,2026-06-15 07:25:00,3381132.79,CRC,comision,sucursal,SJ-001,Cuenta Corriente
TXN-00010842,CTA-519209,CLI-97845,2026-06-08 19:15:00,1261529.84,CRC,comision,atm,HE-001,Cuenta Ahorro
TXN-00010843,CTA-256064,CLI-52516,2026-06-28 21:56:00,1453271.48,CRC,pago,web,LI-002,Préstamo Hipotecario
TXN-00010844,CTA-998287,CLI-94373,2026-06-24 05:40:00,48844.03,CRC,retiro,app_movil,CA-001,Tarjeta Crédito
TXN-00010845,CTA-942001,CLI-35809,2026-06-15 14:53:00,2541365.68,CRC,retiro,sucursal,CA-001,Cuenta Corriente
TXN-00010846,CTA-722494,CLI-38626,2026-06-10 20:02:00,343674.99,CRC,comision,web,SJ-001,Préstamo Hipotecario
TXN-00010847,CTA-281457,CLI-42363,2026-06-08 09:33:00,1986946.24,CRC,transferencia,web,AL-001,Cuenta Corriente
TXN-00010848,CTA-202939,CLI-47070,2026-06-03 21:47:00,960873.28,CRC,pago,atm,HE-001,Préstamo Personal
TXN-00010849,CTA-257038,CLI-42398,2026-06-07 06:33:00,2788878.34,CRC,transferencia,atm,LI-002,Cuenta Ahorro
TXN-00010850,CTA-422856,CLI-61152,2026-06-04 05:17:00,1463318.14,CRC,comision,app_movil,HE-001,Tarjeta Crédito
TXN-00010851,CTA-308995,CLI-47316,2026-06-24 10:01:00,1680237.42,CRC,pago,app_movil,CA-001,Préstamo Personal
TXN-00010852,CTA-968677,CLI-71876,2026-06-26 04:12:00,532980.7,CRC,pago,app_movil,SJ-001,Cuenta Corriente
TXN-00010853,CTA-511480,CLI-58075,2026-06-25 19:21:00,4948641.63,CRC,transferencia,app_movil,PU-001,Préstamo Personal
TXN-00010854,CTA-306908,CLI-58481,2026-06-17 11:39:00,259713.85,CRC,pago,atm,SJ-001,Cuenta Corriente
TXN-00010855,CTA-215317,CLI-43061,2026-06-14 14:20:00,2357597.6,CRC,retiro,app_movil,SJ-001,Cuenta Corriente
TXN-00010856,CTA-879341,CLI-21251,2026-06-15 11:04:00,1225695.15,CRC,retiro,web,HE-001,Cuenta Corriente
TXN-00010857,CTA-972727,CLI-87477,2026-06-24 01:44:00,3548098.75,CRC,pago,sinpe,CA-001,Préstamo Hipotecario
TXN-00010858,CTA-161458,CLI-81671,2026-06-07 19:06:00,3056321.64,CRC,deposito,web,AL-001,Préstamo Personal
TXN-00010859,CTA-631835,CLI-52401,2026-06-25 15:50:00,4449682.41,CRC,comision,sinpe,LI-001,Cuenta Corriente
TXN-00010860,CTA-808120,CLI-98602,2026-06-29 01:41:00,2571778.06,CRC,retiro,app_movil,AL-001,Préstamo Personal
TXN-00010861,CTA-338312,CLI-79633,2026-06-20 17:37:00,3989727.39,CRC,retiro,atm,PU-001,Préstamo Personal
TXN-00010862,CTA-387750,CLI-65313,2026-06-24 21:51:00,745964.41,CRC,deposito,web,PU-001,Cuenta Corriente
TXN-00010863,CTA-531493,CLI-12821,2026-06-16 02:31:00,334432.71,CRC,transferencia,app_movil,SJ-001,Cuenta Ahorro
TXN-00010864,CTA-866472,CLI-91726,2026-06-15 21:10:00,4419259.59,CRC,deposito,web,SJ-001,Préstamo Hipotecario
TXN-00010865,CTA-201165,CLI-43429,2026-06-19 11:28:00,4760386.52,CRC,deposito,web,SJ-002,Préstamo Personal
TXN-00010866,CTA-788339,CLI-70925,2026-06-21 13:35:00,1157791.43,CRC,deposito,app_movil,SJ-001,Préstamo Hipotecario
TXN-00010867,CTA-606761,CLI-49341,2026-06-06 23:19:00,4943698.51,CRC,pago,atm,PU-001,Préstamo Personal
TXN-00010868,CTA-464292,CLI-15668,2026-06-07 21:39:00,3314435.6,CRC,pago,atm,AL-001,Préstamo Personal
TXN-00010869,CTA-674255,CLI-85248,2026-06-20 19:33:00,469120.2,CRC,retiro,sinpe,AL-001,Cuenta Ahorro
TXN-00010870,CTA-511879,CLI-76457,2026-06-15 12:39:00,68657.56,CRC,transferencia,sinpe,CA-001,Préstamo Personal
TXN-00010871,CTA-715508,CLI-26824,2026-06-03 18:58:00,331181.74,CRC,transferencia,web,LI-002,Tarjeta Crédito
TXN-00010872,CTA-364888,CLI-48750,2026-06-06 10:34:00,2289730.52,CRC,deposito,sucursal,SJ-002,Tarjeta Crédito
TXN-00010873,CTA-762658,CLI-63034,2026-06-09 02:23:00,1596688.48,CRC,pago,sucursal,LI-002,Cuenta Corriente
TXN-00010874,CTA-502839,CLI-60536,2026-06-05 20:14:00,625447.44,CRC,deposito,sucursal,SJ-001,Préstamo Personal
TXN-00010875,CTA-534660,CLI-19913,2026-06-28 20:39:00,3408426.63,CRC,transferencia,atm,SJ-002,Cuenta Corriente
TXN-00010876,CTA-186980,CLI-10658,2026-06-29 05:07:00,2004533.77,CRC,retiro,sinpe,LI-001,Cuenta Ahorro
TXN-00010877,CTA-354158,CLI-35082,2026-06-14 13:47:00,290049.78,CRC,transferencia,atm,SJ-002,Cuenta Ahorro
TXN-00010878,CTA-598890,CLI-50621,2026-06-27 03:05:00,554172.91,CRC,retiro,sucursal,CA-001,Cuenta Corriente
TXN-00010879,CTA-625337,CLI-22661,2026-06-20 17:21:00,4866700.75,CRC,deposito,atm,LI-001,Préstamo Personal
TXN-00010880,CTA-505810,CLI-98430,2026-06-26 16:42:00,4692659.32,CRC,pago,sinpe,SJ-002,Préstamo Hipotecario
TXN-00010881,CTA-564001,CLI-89541,2026-06-16 13:08:00,4137418.33,CRC,retiro,sinpe,CA-001,Cuenta Corriente
TXN-00010882,CTA-500710,CLI-97769,2026-06-18 18:08:00,3090840.83,CRC,comision,sucursal,CA-001,Tarjeta Crédito
TXN-00010883,CTA-891449,CLI-93426,2026-06-24 18:10:00,2461478.04,CRC,retiro,sinpe,SJ-002,Préstamo Personal
TXN-00010884,CTA-813684,CLI-52920,2026-06-05 17:27:00,339620.39,CRC,comision,sucursal,CA-001,Tarjeta Crédito
TXN-00010885,CTA-392189,CLI-97201,2026-06-03 06:28:00,3995145.79,CRC,retiro,app_movil,HE-001,Cuenta Corriente
TXN-00010886,CTA-867008,CLI-33983,2026-06-08 06:51:00,3462598.88,CRC,comision,sinpe,SJ-002,Cuenta Ahorro
TXN-00010887,CTA-425752,CLI-71365,2026-06-27 17:24:00,1297504.6,CRC,deposito,atm,SJ-002,Tarjeta Crédito
TXN-00010888,CTA-261318,CLI-52033,2026-06-12 07:15:00,889083.74,CRC,comision,atm,CA-001,Tarjeta Crédito
TXN-00010889,CTA-389544,CLI-48272,2026-06-09 18:01:00,4558913.16,CRC,retiro,sinpe,AL-001,Cuenta Ahorro
TXN-00010890,CTA-639428,CLI-95340,2026-06-08 21:53:00,4946545.72,CRC,deposito,app_movil,SJ-001,Tarjeta Crédito
TXN-00010891,CTA-155189,CLI-80857,2026-06-02 08:26:00,3655179.71,CRC,deposito,web,HE-001,Préstamo Personal
TXN-00010892,CTA-324298,CLI-62673,2026-06-08 07:28:00,4661796.98,CRC,comision,sucursal,CA-001,Tarjeta Crédito
TXN-00010893,CTA-637920,CLI-59022,2026-06-05 13:04:00,2320815.8,CRC,deposito,atm,SJ-001,Cuenta Ahorro
TXN-00010894,CTA-600539,CLI-87649,2026-06-14 03:17:00,1807794.27,CRC,transferencia,app_movil,CA-001,Tarjeta Crédito
TXN-00010895,CTA-416296,CLI-64906,2026-06-14 02:17:00,4447750.04,CRC,deposito,web,SJ-001,Tarjeta Crédito
TXN-00010896,CTA-932470,CLI-74054,2026-06-17 17:09:00,2050113.73,CRC,comision,app_movil,LI-001,Cuenta Corriente
TXN-00010897,CTA-853379,CLI-52745,2026-06-24 16:18:00,4850945.01,CRC,deposito,sucursal,LI-002,Cuenta Corriente
TXN-00010898,CTA-137149,CLI-87602,2026-06-01 05:45:00,945829.46,CRC,pago,app_movil,PU-001,Cuenta Ahorro
TXN-00010899,CTA-256045,CLI-99620,2026-06-30 09:01:00,1885407.59,CRC,retiro,web,AL-001,Cuenta Corriente
TXN-00010900,CTA-722458,CLI-71177,2026-06-25 17:21:00,1829630.64,CRC,pago,web,SJ-002,Tarjeta Crédito
TXN-00010901,CTA-849548,CLI-75765,2026-06-06 23:55:00,2337331.12,CRC,transferencia,app_movil,CA-001,Préstamo Personal
TXN-00010902,CTA-422543,CLI-70399,2026-06-26 15:20:00,3205114.15,CRC,transferencia,atm,SJ-001,Cuenta Ahorro
TXN-00010903,CTA-975893,CLI-37317,2026-06-09 23:15:00,3904900.32,CRC,transferencia,app_movil,SJ-001,Cuenta Corriente
TXN-00010904,CTA-105926,CLI-16620,2026-06-09 02:40:00,836696.54,CRC,deposito,app_movil,CA-001,Cuenta Ahorro
TXN-00010905,CTA-760559,CLI-56483,2026-06-13 03:02:00,1401469.76,CRC,comision,sucursal,CA-001,Cuenta Ahorro
TXN-00010906,CTA-889675,CLI-58596,2026-06-04 19:26:00,4320755.73,CRC,deposito,app_movil,AL-001,Cuenta Corriente
TXN-00010907,CTA-668553,CLI-84116,2026-06-26 02:32:00,3504044.1,CRC,transferencia,app_movil,SJ-001,Préstamo Personal
TXN-00010908,CTA-838661,CLI-39694,2026-06-19 12:44:00,3006198.11,CRC,transferencia,web,LI-001,Cuenta Corriente
TXN-00010909,CTA-859056,CLI-22805,2026-06-13 07:16:00,122905.43,CRC,transferencia,atm,SJ-001,Cuenta Ahorro
TXN-00010910,CTA-661803,CLI-87682,2026-06-30 05:51:00,57171.07,CRC,retiro,app_movil,PU-001,Préstamo Personal
TXN-00010911,CTA-117152,CLI-73031,2026-06-14 23:15:00,2461240.97,CRC,transferencia,sinpe,HE-001,Tarjeta Crédito
TXN-00010912,CTA-748829,CLI-44600,2026-06-08 20:57:00,1483868.79,CRC,comision,sinpe,AL-001,Préstamo Hipotecario
TXN-00010913,CTA-696717,CLI-25840,2026-06-21 03:42:00,4451742.7,CRC,pago,app_movil,PU-001,Cuenta Corriente
TXN-00010914,CTA-186424,CLI-64799,2026-06-21 10:13:00,2844662.55,CRC,transferencia,sinpe,PU-001,Préstamo Personal
TXN-00010915,CTA-750641,CLI-55622,2026-06-02 04:55:00,1742059.72,CRC,deposito,web,SJ-002,Cuenta Ahorro
TXN-00010916,CTA-965445,CLI-66813,2026-06-16 07:05:00,551803.84,CRC,pago,sinpe,HE-001,Tarjeta Crédito
TXN-00010917,CTA-429144,CLI-60815,2026-06-11 03:05:00,1384393.14,CRC,pago,atm,SJ-001,Préstamo Hipotecario
TXN-00010918,CTA-758603,CLI-62910,2026-06-24 08:24:00,2774776.85,CRC,retiro,sucursal,SJ-002,Tarjeta Crédito
TXN-00010919,CTA-662475,CLI-95945,2026-06-10 12:26:00,1593970.05,CRC,transferencia,app_movil,CA-001,Cuenta Corriente
TXN-00010920,CTA-637109,CLI-95270,2026-06-06 18:48:00,1300014.22,CRC,deposito,web,LI-002,Cuenta Ahorro
TXN-00010921,CTA-125886,CLI-54530,2026-06-20 03:13:00,868426.58,CRC,pago,web,LI-001,Cuenta Corriente
TXN-00010922,CTA-775069,CLI-18432,2026-06-16 04:16:00,732260.97,CRC,comision,web,CA-001,Tarjeta Crédito
TXN-00010923,CTA-316642,CLI-92695,2026-06-19 06:26:00,4885104.2,CRC,comision,sucursal,LI-001,Tarjeta Crédito
TXN-00010924,CTA-651431,CLI-68175,2026-06-19 14:36:00,787957.14,CRC,pago,app_movil,SJ-001,Préstamo Hipotecario
TXN-00010925,CTA-198218,CLI-38998,2026-06-20 23:30:00,3964987.37,CRC,comision,sinpe,PU-001,Cuenta Corriente
TXN-00010926,CTA-671261,CLI-75460,2026-06-01 23:29:00,3235480.94,CRC,transferencia,app_movil,AL-001,Cuenta Ahorro
TXN-00010927,CTA-448981,CLI-94484,2026-06-25 05:46:00,4188891.76,CRC,deposito,app_movil,CA-001,Cuenta Ahorro
TXN-00010928,CTA-578949,CLI-82930,2026-06-03 22:15:00,2660470.24,CRC,comision,sucursal,SJ-001,Tarjeta Crédito
TXN-00010929,CTA-293187,CLI-12469,2026-06-24 20:06:00,4328665.74,CRC,comision,web,HE-001,Tarjeta Crédito
TXN-00010930,CTA-407157,CLI-78547,2026-06-06 17:45:00,2270893.65,CRC,pago,app_movil,SJ-001,Cuenta Ahorro
TXN-00010931,CTA-598151,CLI-76636,2026-06-17 02:08:00,4469571.54,CRC,deposito,app_movil,PU-001,Préstamo Personal
TXN-00010932,CTA-559097,CLI-29514,2026-06-27 18:47:00,3422862.87,CRC,pago,sucursal,SJ-001,Cuenta Ahorro
TXN-00010933,CTA-912330,CLI-74514,2026-06-30 20:35:00,1863723.17,CRC,pago,sinpe,LI-001,Préstamo Personal
TXN-00010934,CTA-100737,CLI-78454,2026-06-13 03:20:00,3732062.63,CRC,transferencia,sucursal,HE-001,Cuenta Ahorro
TXN-00010935,CTA-730783,CLI-79198,2026-06-24 20:21:00,432243.45,CRC,retiro,web,PU-001,Cuenta Ahorro
TXN-00010936,CTA-601355,CLI-66839,2026-06-19 14:16:00,1887780.33,CRC,comision,sucursal,SJ-001,Préstamo Hipotecario
TXN-00010937,CTA-648704,CLI-33351,2026-06-28 08:55:00,2353631.24,CRC,transferencia,app_movil,PU-001,Préstamo Hipotecario
TXN-00010938,CTA-145326,CLI-44492,2026-06-21 23:33:00,2532973.49,CRC,retiro,sinpe,PU-001,Préstamo Hipotecario
TXN-00010939,CTA-697984,CLI-78805,2026-06-23 07:10:00,1636478.27,CRC,pago,web,AL-001,Cuenta Ahorro
TXN-00010940,CTA-474911,CLI-47834,2026-06-14 11:50:00,4508306.42,CRC,deposito,atm,SJ-002,Préstamo Personal
TXN-00010941,CTA-523935,CLI-84644,2026-06-04 03:46:00,2181043.38,CRC,pago,web,LI-002,Cuenta Ahorro
TXN-00010942,CTA-548843,CLI-55617,2026-06-25 07:39:00,1798765.41,CRC,transferencia,atm,AL-001,Cuenta Corriente
TXN-00010943,CTA-736080,CLI-87028,2026-06-12 23:35:00,4560958.29,CRC,comision,sucursal,PU-001,Cuenta Corriente
TXN-00010944,CTA-723587,CLI-87906,2026-06-13 05:23:00,4944165.31,CRC,transferencia,sucursal,CA-001,Cuenta Ahorro
TXN-00010945,CTA-778209,CLI-57583,2026-06-05 16:16:00,530593.23,CRC,retiro,app_movil,CA-001,Tarjeta Crédito
TXN-00010946,CTA-486462,CLI-44467,2026-06-24 06:37:00,3830599.57,CRC,comision,sucursal,PU-001,Cuenta Ahorro
TXN-00010947,CTA-214155,CLI-89159,2026-06-23 21:36:00,2126698.29,CRC,deposito,web,SJ-001,Tarjeta Crédito
TXN-00010948,CTA-638316,CLI-96391,2026-06-08 21:26:00,4724771.34,CRC,pago,sinpe,LI-001,Préstamo Personal
TXN-00010949,CTA-597294,CLI-23264,2026-06-15 22:25:00,1890973.24,CRC,pago,atm,PU-001,Cuenta Ahorro
TXN-00010950,CTA-833493,CLI-55957,2026-06-14 15:55:00,3066913.44,CRC,comision,web,SJ-001,Cuenta Corriente
TXN-00010951,CTA-593352,CLI-44068,2026-06-12 05:16:00,1368526.71,CRC,comision,atm,CA-001,Cuenta Corriente
TXN-00010952,CTA-167235,CLI-80718,2026-06-03 05:03:00,1529828.05,CRC,transferencia,app_movil,HE-001,Cuenta Corriente
TXN-00010953,CTA-622858,CLI-95997,2026-06-20 12:41:00,969045.18,CRC,comision,sinpe,SJ-001,Tarjeta Crédito
TXN-00010954,CTA-389953,CLI-78971,2026-06-11 20:28:00,1163777.99,CRC,pago,app_movil,PU-001,Tarjeta Crédito
TXN-00010955,CTA-596619,CLI-88932,2026-06-20 11:57:00,2727172.16,CRC,retiro,atm,LI-001,Cuenta Corriente
TXN-00010956,CTA-734052,CLI-42515,2026-06-29 14:47:00,2770763.45,CRC,comision,atm,HE-001,Cuenta Corriente
TXN-00010957,CTA-647018,CLI-71686,2026-06-10 02:15:00,83272.99,CRC,deposito,sucursal,LI-002,Cuenta Ahorro
TXN-00010958,CTA-217588,CLI-76368,2026-06-03 08:23:00,1398924.55,CRC,retiro,web,SJ-002,Cuenta Corriente
TXN-00010959,CTA-652989,CLI-31907,2026-06-20 15:14:00,3890507.64,CRC,deposito,web,SJ-001,Préstamo Hipotecario
TXN-00010960,CTA-775080,CLI-62337,2026-06-21 01:44:00,1367426.89,CRC,pago,app_movil,PU-001,Tarjeta Crédito
TXN-00010961,CTA-100164,CLI-55105,2026-06-23 15:19:00,4501174.87,CRC,deposito,app_movil,HE-001,Préstamo Hipotecario
TXN-00010962,CTA-165701,CLI-79252,2026-06-02 17:03:00,4785753.88,CRC,retiro,web,SJ-001,Cuenta Corriente
TXN-00010963,CTA-223621,CLI-25940,2026-06-19 04:15:00,311977.81,CRC,comision,sinpe,AL-001,Cuenta Corriente
TXN-00010964,CTA-886391,CLI-89507,2026-06-18 10:41:00,4414674.05,CRC,deposito,sinpe,LI-002,Cuenta Corriente
TXN-00010965,CTA-528667,CLI-93612,2026-06-15 00:17:00,1230554.29,CRC,pago,sucursal,AL-001,Tarjeta Crédito
TXN-00010966,CTA-137486,CLI-93198,2026-06-16 21:23:00,1544117.54,CRC,transferencia,app_movil,PU-001,Préstamo Personal
TXN-00010967,CTA-775545,CLI-56029,2026-06-27 22:27:00,4021551.43,CRC,comision,sucursal,HE-001,Cuenta Ahorro
TXN-00010968,CTA-338779,CLI-91900,2026-06-01 16:45:00,313921.28,CRC,transferencia,sucursal,AL-001,Cuenta Corriente
TXN-00010969,CTA-813972,CLI-42556,2026-06-22 11:59:00,4507587.19,CRC,transferencia,sinpe,PU-001,Cuenta Ahorro
TXN-00010970,CTA-228220,CLI-94463,2026-06-07 22:02:00,2101213.25,CRC,comision,sucursal,LI-001,Préstamo Personal
TXN-00010971,CTA-576155,CLI-72968,2026-06-02 19:43:00,3919902.49,CRC,transferencia,atm,SJ-002,Cuenta Corriente
TXN-00010972,CTA-544283,CLI-29940,2026-06-30 01:52:00,4575497.41,CRC,deposito,atm,PU-001,Tarjeta Crédito
TXN-00010973,CTA-642312,CLI-92096,2026-06-26 15:45:00,3396522.7,CRC,transferencia,web,HE-001,Cuenta Corriente
TXN-00010974,CTA-864089,CLI-22827,2026-06-20 09:40:00,2106910.65,CRC,pago,atm,CA-001,Préstamo Personal
TXN-00010975,CTA-767464,CLI-62363,2026-06-26 04:12:00,3359849.53,CRC,comision,app_movil,AL-001,Tarjeta Crédito
TXN-00010976,CTA-130959,CLI-21275,2026-06-06 07:51:00,1642688.76,CRC,transferencia,atm,LI-001,Préstamo Personal
TXN-00010977,CTA-117135,CLI-22307,2026-06-01 15:09:00,1410543.56,CRC,pago,sucursal,SJ-001,Cuenta Ahorro
TXN-00010978,CTA-195024,CLI-23527,2026-06-21 20:05:00,2929818.35,CRC,retiro,sinpe,LI-001,Préstamo Personal
TXN-00010979,CTA-646959,CLI-77612,2026-06-04 12:52:00,599224.04,CRC,retiro,sinpe,CA-001,Tarjeta Crédito
TXN-00010980,CTA-540360,CLI-13753,2026-06-15 23:43:00,180167.24,CRC,deposito,web,LI-002,Cuenta Corriente
TXN-00010981,CTA-411581,CLI-32204,2026-06-28 17:56:00,4112978.23,CRC,transferencia,sucursal,LI-001,Tarjeta Crédito
TXN-00010982,CTA-114397,CLI-90366,2026-06-07 05:52:00,1185767.62,CRC,transferencia,sucursal,LI-001,Cuenta Corriente
TXN-00010983,CTA-713869,CLI-86883,2026-06-18 15:54:00,3118600.87,CRC,transferencia,atm,LI-001,Tarjeta Crédito
TXN-00010984,CTA-710229,CLI-51548,2026-06-01 03:58:00,3655596.22,CRC,comision,sinpe,SJ-001,Cuenta Ahorro
TXN-00010985,CTA-776049,CLI-53776,2026-06-30 18:58:00,4088602.89,CRC,transferencia,sinpe,AL-001,Préstamo Personal
TXN-00010986,CTA-737932,CLI-72746,2026-06-09 14:30:00,2523824.08,CRC,pago,sucursal,SJ-001,Tarjeta Crédito
TXN-00010987,CTA-762883,CLI-87326,2026-06-06 03:55:00,967906.9,CRC,transferencia,sucursal,CA-001,Tarjeta Crédito
TXN-00010988,CTA-287021,CLI-60935,2026-06-27 16:31:00,4948774.69,CRC,retiro,sinpe,SJ-002,Préstamo Hipotecario
TXN-00010989,CTA-486038,CLI-48614,2026-06-20 00:04:00,2961352.14,CRC,transferencia,sinpe,HE-001,Préstamo Hipotecario
TXN-00010990,CTA-455612,CLI-51816,2026-06-30 10:20:00,61859.5,CRC,transferencia,atm,LI-002,Cuenta Ahorro
TXN-00010991,CTA-778854,CLI-45587,2026-06-25 06:34:00,779887.75,CRC,deposito,sinpe,AL-001,Cuenta Corriente
TXN-00010992,CTA-827761,CLI-84227,2026-06-21 07:02:00,3874092.71,CRC,transferencia,web,SJ-001,Tarjeta Crédito
TXN-00010993,CTA-654499,CLI-29646,2026-06-10 16:10:00,2140713.57,CRC,comision,sucursal,AL-001,Préstamo Personal
TXN-00010994,CTA-146132,CLI-71049,2026-06-17 01:17:00,1882494.12,CRC,comision,sinpe,LI-002,Cuenta Corriente
TXN-00010995,CTA-342259,CLI-24282,2026-06-03 01:33:00,610456.34,CRC,transferencia,web,LI-001,Préstamo Hipotecario
TXN-00010996,CTA-757409,CLI-75614,2026-06-08 04:31:00,1017561.77,CRC,pago,sucursal,CA-001,Tarjeta Crédito
TXN-00010997,CTA-503303,CLI-42515,2026-06-17 07:05:00,849690.64,CRC,pago,sucursal,LI-002,Préstamo Hipotecario
TXN-00010998,CTA-935083,CLI-87019,2026-06-16 01:39:00,4470325.11,CRC,comision,app_movil,HE-001,Cuenta Corriente
TXN-00010999,CTA-610704,CLI-57322,2026-06-30 02:46:00,4216575.22,CRC,comision,web,HE-001,Cuenta Ahorro
TXN-00011000,CTA-651490,CLI-13897,2026-06-25 04:47:00,4695299.07,CRC,transferencia,app_movil,PU-001,Préstamo Personal
TXN-00011001,CTA-449533,CLI-33332,2026-06-14 17:22:00,482911.24,CRC,transferencia,web,LI-001,Cuenta Corriente
TXN-00011002,CTA-948964,CLI-12436,2026-06-24 23:48:00,3738905.15,CRC,deposito,app_movil,LI-002,Cuenta Ahorro
TXN-00011003,CTA-791729,CLI-27519,2026-06-01 01:15:00,1227722.6,CRC,pago,atm,SJ-001,Cuenta Corriente
TXN-00011004,CTA-332638,CLI-26891,2026-06-22 02:35:00,2650136.75,CRC,transferencia,sinpe,AL-001,Tarjeta Crédito
TXN-00011005,CTA-831156,CLI-76143,2026-06-26 01:28:00,4389797.91,CRC,retiro,web,LI-002,Cuenta Corriente
TXN-00011006,CTA-417500,CLI-94406,2026-06-02 21:35:00,3038810.74,CRC,transferencia,atm,AL-001,Préstamo Hipotecario
TXN-00011007,CTA-523360,CLI-92451,2026-06-09 08:34:00,1479212.85,CRC,deposito,web,SJ-002,Cuenta Ahorro
TXN-00011008,CTA-697480,CLI-25296,2026-06-22 08:55:00,418330.25,CRC,retiro,sinpe,SJ-001,Préstamo Hipotecario
TXN-00011009,CTA-807255,CLI-27182,2026-06-23 12:21:00,567428.86,CRC,comision,sucursal,AL-001,Préstamo Personal
TXN-00011010,CTA-542868,CLI-80629,2026-06-01 02:14:00,3035535.0,CRC,comision,atm,PU-001,Tarjeta Crédito
TXN-00011011,CTA-739419,CLI-41770,2026-06-25 19:50:00,2929715.82,CRC,deposito,web,LI-002,Cuenta Ahorro
TXN-00011012,CTA-527725,CLI-33032,2026-06-09 23:56:00,650564.71,CRC,transferencia,sinpe,AL-001,Cuenta Corriente
TXN-00011013,CTA-398090,CLI-38428,2026-06-22 02:23:00,4378727.29,CRC,transferencia,sinpe,AL-001,Tarjeta Crédito
TXN-00011014,CTA-918190,CLI-26707,2026-06-18 12:04:00,4281807.81,CRC,comision,web,CA-001,Tarjeta Crédito
TXN-00011015,CTA-154754,CLI-53345,2026-06-12 04:24:00,685120.93,CRC,deposito,sucursal,HE-001,Tarjeta Crédito
TXN-00011016,CTA-686393,CLI-92658,2026-06-03 12:28:00,1765695.53,CRC,retiro,atm,SJ-001,Tarjeta Crédito
TXN-00011017,CTA-573763,CLI-40554,2026-06-03 14:05:00,4278055.78,CRC,transferencia,app_movil,CA-001,Préstamo Hipotecario
TXN-00011018,CTA-695889,CLI-32615,2026-06-09 04:13:00,4553821.63,CRC,transferencia,sucursal,PU-001,Préstamo Personal
TXN-00011019,CTA-484308,CLI-43482,2026-06-04 02:11:00,1858167.46,CRC,deposito,sinpe,LI-002,Préstamo Hipotecario
TXN-00011020,CTA-286397,CLI-76488,2026-06-30 14:54:00,4425962.2,CRC,pago,app_movil,AL-001,Cuenta Corriente
TXN-00011021,CTA-550132,CLI-95359,2026-06-07 11:57:00,4315213.76,CRC,deposito,sucursal,SJ-002,Préstamo Hipotecario
TXN-00011022,CTA-326835,CLI-86885,2026-06-27 07:57:00,1042616.57,CRC,comision,web,AL-001,Tarjeta Crédito
TXN-00011023,CTA-268330,CLI-29196,2026-06-30 07:50:00,1642019.48,CRC,pago,web,HE-001,Cuenta Corriente
TXN-00011024,CTA-568732,CLI-62870,2026-06-21 12:22:00,2147051.68,CRC,transferencia,atm,PU-001,Cuenta Ahorro
TXN-00011025,CTA-612927,CLI-23491,2026-06-01 03:48:00,188897.66,CRC,retiro,atm,LI-002,Préstamo Hipotecario
TXN-00011026,CTA-358754,CLI-21537,2026-06-28 20:12:00,3600790.19,CRC,retiro,sinpe,AL-001,Préstamo Hipotecario
TXN-00011027,CTA-632754,CLI-66340,2026-06-27 13:17:00,585489.83,CRC,deposito,atm,LI-001,Tarjeta Crédito
TXN-00011028,CTA-205985,CLI-95824,2026-06-06 19:10:00,4983064.64,CRC,retiro,web,CA-001,Cuenta Ahorro
TXN-00011029,CTA-637804,CLI-88116,2026-06-17 02:03:00,1353806.12,CRC,transferencia,web,LI-002,Préstamo Personal
TXN-00011030,CTA-441253,CLI-54839,2026-06-23 11:49:00,1932386.57,CRC,deposito,atm,HE-001,Préstamo Personal
TXN-00011031,CTA-343444,CLI-43359,2026-06-15 06:15:00,2844489.96,CRC,retiro,atm,SJ-002,Tarjeta Crédito
TXN-00011032,CTA-797798,CLI-11155,2026-06-23 19:32:00,3169409.79,CRC,comision,atm,AL-001,Cuenta Corriente
TXN-00011033,CTA-698849,CLI-44772,2026-06-04 14:39:00,1532336.49,CRC,pago,atm,LI-001,Cuenta Corriente
TXN-00011034,CTA-997902,CLI-58619,2026-06-14 11:29:00,4585911.06,CRC,retiro,atm,PU-001,Cuenta Ahorro
TXN-00011035,CTA-258008,CLI-75680,2026-06-16 12:25:00,3271820.4,CRC,comision,app_movil,HE-001,Cuenta Ahorro
TXN-00011036,CTA-697286,CLI-72905,2026-06-07 23:12:00,15300.06,CRC,transferencia,sinpe,PU-001,Cuenta Corriente
TXN-00011037,CTA-825251,CLI-93410,2026-06-15 16:27:00,2970757.37,CRC,comision,web,LI-002,Cuenta Ahorro
TXN-00011038,CTA-204651,CLI-78116,2026-06-10 10:11:00,816041.68,CRC,comision,sinpe,LI-001,Préstamo Personal
TXN-00011039,CTA-817577,CLI-88527,2026-06-18 23:00:00,426601.07,CRC,pago,web,SJ-002,Cuenta Ahorro
TXN-00011040,CTA-543222,CLI-65656,2026-06-02 18:19:00,4116879.69,CRC,transferencia,sucursal,AL-001,Tarjeta Crédito
TXN-00011041,CTA-989126,CLI-85892,2026-06-30 23:43:00,2750934.13,CRC,comision,atm,SJ-002,Préstamo Personal
TXN-00011042,CTA-265923,CLI-20549,2026-06-29 04:14:00,3289427.23,CRC,transferencia,sinpe,SJ-002,Préstamo Personal
TXN-00011043,CTA-683594,CLI-56832,2026-06-26 08:17:00,3180151.37,CRC,transferencia,app_movil,AL-001,Tarjeta Crédito
TXN-00011044,CTA-712505,CLI-42122,2026-06-05 15:10:00,3885164.26,CRC,transferencia,web,SJ-001,Préstamo Personal
TXN-00011045,CTA-952865,CLI-80891,2026-06-20 22:38:00,245275.47,CRC,deposito,atm,CA-001,Préstamo Hipotecario
TXN-00011046,CTA-607985,CLI-26820,2026-06-01 04:17:00,863821.25,CRC,pago,atm,SJ-002,Préstamo Personal
TXN-00011047,CTA-227812,CLI-21677,2026-06-01 15:23:00,401363.72,CRC,transferencia,web,SJ-001,Préstamo Personal
TXN-00011048,CTA-935904,CLI-18536,2026-06-11 17:10:00,4872052.62,CRC,deposito,sinpe,SJ-002,Tarjeta Crédito
TXN-00011049,CTA-836546,CLI-89612,2026-06-25 18:55:00,1705774.8,CRC,retiro,sinpe,LI-001,Cuenta Ahorro
TXN-00011050,CTA-362186,CLI-12529,2026-06-24 13:29:00,4404208.64,CRC,deposito,atm,SJ-002,Préstamo Personal
TXN-00011051,CTA-517624,CLI-46221,2026-06-19 11:20:00,2913323.45,CRC,comision,atm,PU-001,Préstamo Personal
TXN-00011052,CTA-128578,CLI-24945,2026-06-04 23:05:00,3075051.63,CRC,transferencia,atm,LI-001,Cuenta Ahorro
TXN-00011053,CTA-207360,CLI-69741,2026-06-27 02:59:00,3281136.44,CRC,retiro,app_movil,LI-002,Tarjeta Crédito
TXN-00011054,CTA-173195,CLI-34891,2026-06-09 12:56:00,4646933.66,CRC,comision,web,SJ-002,Tarjeta Crédito
TXN-00011055,CTA-102891,CLI-63835,2026-06-01 07:44:00,364754.05,CRC,deposito,web,CA-001,Cuenta Ahorro
TXN-00011056,CTA-748588,CLI-90863,2026-06-16 12:17:00,3323527.88,CRC,pago,app_movil,LI-001,Préstamo Personal
TXN-00011057,CTA-219048,CLI-66202,2026-06-22 17:17:00,783538.83,CRC,pago,atm,LI-002,Cuenta Corriente
TXN-00011058,CTA-436002,CLI-83895,2026-06-04 14:12:00,4859723.99,CRC,transferencia,sucursal,PU-001,Tarjeta Crédito
TXN-00011059,CTA-887825,CLI-72012,2026-06-17 08:42:00,2274672.24,CRC,retiro,sinpe,HE-001,Cuenta Corriente
TXN-00011060,CTA-436374,CLI-85428,2026-06-23 20:10:00,2475250.53,CRC,transferencia,web,CA-001,Cuenta Corriente
TXN-00011061,CTA-802424,CLI-51389,2026-06-18 19:52:00,4253498.28,CRC,deposito,app_movil,CA-001,Tarjeta Crédito
TXN-00011062,CTA-148237,CLI-32164,2026-06-26 04:45:00,3769288.49,CRC,pago,app_movil,SJ-002,Cuenta Ahorro
TXN-00011063,CTA-469581,CLI-72423,2026-06-19 01:47:00,3577615.07,CRC,pago,app_movil,HE-001,Cuenta Corriente
TXN-00011064,CTA-281496,CLI-34843,2026-06-17 09:16:00,4071043.98,CRC,pago,atm,AL-001,Tarjeta Crédito
TXN-00011065,CTA-605607,CLI-82810,2026-06-09 22:27:00,1530086.93,CRC,deposito,app_movil,LI-001,Tarjeta Crédito
TXN-00011066,CTA-111496,CLI-74250,2026-06-08 19:58:00,4088416.09,CRC,transferencia,sinpe,PU-001,Préstamo Personal
TXN-00011067,CTA-647363,CLI-34613,2026-06-26 18:18:00,1685161.5,CRC,comision,web,CA-001,Préstamo Hipotecario
TXN-00011068,CTA-846189,CLI-99671,2026-06-13 02:12:00,2995894.09,CRC,pago,web,LI-002,Tarjeta Crédito
TXN-00011069,CTA-371446,CLI-56221,2026-06-26 23:47:00,1417367.21,CRC,deposito,sucursal,SJ-002,Cuenta Ahorro
TXN-00011070,CTA-765291,CLI-76844,2026-06-09 22:01:00,746352.32,CRC,comision,app_movil,SJ-002,Tarjeta Crédito
TXN-00011071,CTA-813068,CLI-53029,2026-06-08 05:51:00,1322914.07,CRC,comision,sinpe,LI-002,Cuenta Corriente
TXN-00011072,CTA-446811,CLI-99033,2026-06-17 09:04:00,1602618.49,CRC,comision,sucursal,PU-001,Préstamo Personal
TXN-00011073,CTA-124575,CLI-43833,2026-06-10 21:00:00,3510552.73,CRC,deposito,web,LI-002,Préstamo Hipotecario
TXN-00011074,CTA-379753,CLI-31996,2026-06-27 16:53:00,3046459.18,CRC,transferencia,app_movil,CA-001,Préstamo Hipotecario
TXN-00011075,CTA-715426,CLI-17725,2026-06-15 13:44:00,1448993.41,CRC,deposito,web,SJ-001,Cuenta Corriente
TXN-00011076,CTA-650941,CLI-74793,2026-06-18 22:57:00,66306.88,CRC,pago,sucursal,LI-002,Tarjeta Crédito
TXN-00011077,CTA-968448,CLI-38257,2026-06-02 09:43:00,2798227.71,CRC,deposito,app_movil,AL-001,Préstamo Hipotecario
TXN-00011078,CTA-645798,CLI-52212,2026-06-09 07:33:00,1093700.16,CRC,retiro,sinpe,LI-002,Préstamo Hipotecario
TXN-00011079,CTA-966023,CLI-28642,2026-06-09 02:39:00,2470324.26,CRC,pago,web,LI-001,Cuenta Ahorro
TXN-00011080,CTA-983126,CLI-19876,2026-06-04 01:04:00,1763361.6,CRC,transferencia,web,AL-001,Préstamo Personal
TXN-00011081,CTA-444753,CLI-41542,2026-06-11 13:36:00,4767858.91,CRC,pago,sucursal,SJ-002,Préstamo Hipotecario
TXN-00011082,CTA-144980,CLI-38915,2026-06-21 05:49:00,3277577.56,CRC,pago,app_movil,PU-001,Préstamo Hipotecario
TXN-00011083,CTA-528769,CLI-80216,2026-06-13 18:59:00,3069282.89,CRC,retiro,sucursal,CA-001,Préstamo Hipotecario
TXN-00011084,CTA-531722,CLI-86458,2026-06-24 10:43:00,4841550.74,CRC,deposito,sinpe,CA-001,Tarjeta Crédito
TXN-00011085,CTA-317721,CLI-11344,2026-06-21 02:02:00,2380310.66,CRC,deposito,sucursal,SJ-002,Cuenta Corriente
TXN-00011086,CTA-363704,CLI-20685,2026-06-29 15:03:00,1895253.89,CRC,transferencia,sinpe,LI-001,Préstamo Hipotecario
TXN-00011087,CTA-646426,CLI-29492,2026-06-19 09:33:00,4229388.06,CRC,comision,web,LI-002,Tarjeta Crédito
TXN-00011088,CTA-816460,CLI-35152,2026-06-30 07:19:00,4577016.87,CRC,deposito,sinpe,CA-001,Cuenta Ahorro
TXN-00011089,CTA-236043,CLI-21362,2026-06-29 03:34:00,3728593.25,CRC,transferencia,web,SJ-001,Cuenta Ahorro
TXN-00011090,CTA-106674,CLI-80042,2026-06-29 23:52:00,4702512.71,CRC,retiro,web,AL-001,Cuenta Corriente
TXN-00011091,CTA-591919,CLI-87281,2026-06-18 04:19:00,711054.06,CRC,transferencia,web,AL-001,Cuenta Ahorro
TXN-00011092,CTA-722269,CLI-76211,2026-06-04 22:59:00,4295593.11,CRC,retiro,app_movil,SJ-002,Tarjeta Crédito
TXN-00011093,CTA-166655,CLI-34783,2026-06-24 16:42:00,2032708.0,CRC,retiro,web,SJ-002,Cuenta Ahorro
TXN-00011094,CTA-772797,CLI-18147,2026-06-26 08:26:00,2393050.66,CRC,deposito,atm,LI-001,Préstamo Hipotecario
TXN-00011095,CTA-696888,CLI-64485,2026-06-28 12:30:00,2362663.78,CRC,transferencia,sucursal,PU-001,Préstamo Personal
TXN-00011096,CTA-109741,CLI-31704,2026-06-30 17:29:00,4261321.81,CRC,pago,web,CA-001,Préstamo Hipotecario
TXN-00011097,CTA-245406,CLI-94214,2026-06-24 21:58:00,3957525.08,CRC,pago,sucursal,SJ-001,Préstamo Hipotecario
TXN-00011098,CTA-286547,CLI-85456,2026-06-26 17:19:00,2173158.63,CRC,deposito,sinpe,PU-001,Cuenta Corriente
TXN-00011099,CTA-170518,CLI-30827,2026-06-10 06:06:00,4687097.24,CRC,comision,sucursal,LI-002,Préstamo Hipotecario
TXN-00011100,CTA-941963,CLI-59542,2026-06-04 06:03:00,1724899.76,CRC,pago,sucursal,LI-002,Tarjeta Crédito
TXN-00011101,CTA-110398,CLI-45952,2026-06-03 02:28:00,652565.27,CRC,pago,sucursal,AL-001,Cuenta Corriente
TXN-00011102,CTA-805398,CLI-13627,2026-06-05 07:54:00,1316953.03,CRC,pago,atm,AL-001,Préstamo Hipotecario
TXN-00011103,CTA-673833,CLI-37958,2026-06-25 03:29:00,1392295.94,CRC,retiro,atm,AL-001,Préstamo Personal
TXN-00011104,CTA-812307,CLI-99454,2026-06-22 06:24:00,156307.37,CRC,deposito,sinpe,AL-001,Cuenta Corriente
TXN-00011105,CTA-334075,CLI-46264,2026-06-05 23:27:00,3545997.0,CRC,retiro,web,HE-001,Cuenta Ahorro
TXN-00011106,CTA-950008,CLI-58312,2026-06-08 21:07:00,2580493.42,CRC,comision,app_movil,SJ-001,Préstamo Hipotecario
TXN-00011107,CTA-178456,CLI-70785,2026-06-02 04:09:00,1804460.26,CRC,transferencia,sinpe,SJ-002,Préstamo Hipotecario
TXN-00011108,CTA-120301,CLI-63378,2026-06-23 23:11:00,663453.99,CRC,comision,web,PU-001,Préstamo Personal
TXN-00011109,CTA-350249,CLI-92157,2026-06-12 03:11:00,4981644.82,CRC,comision,sinpe,PU-001,Tarjeta Crédito
TXN-00011110,CTA-475187,CLI-87147,2026-06-03 21:40:00,816992.08,CRC,comision,sucursal,LI-001,Cuenta Corriente
TXN-00011111,CTA-513303,CLI-62495,2026-06-07 03:35:00,351418.29,CRC,transferencia,app_movil,SJ-001,Tarjeta Crédito
TXN-00011112,CTA-562451,CLI-30899,2026-06-04 04:24:00,1314386.63,CRC,retiro,atm,LI-002,Cuenta Ahorro
TXN-00011113,CTA-396187,CLI-67435,2026-06-20 14:08:00,3128864.36,CRC,comision,sinpe,PU-001,Tarjeta Crédito
TXN-00011114,CTA-937574,CLI-95466,2026-06-29 19:00:00,4544881.67,CRC,deposito,sucursal,PU-001,Cuenta Ahorro
TXN-00011115,CTA-629769,CLI-16156,2026-06-17 07:12:00,1332117.17,CRC,deposito,atm,SJ-001,Cuenta Ahorro
TXN-00011116,CTA-754688,CLI-61507,2026-06-21 09:31:00,1747255.61,CRC,deposito,sucursal,PU-001,Cuenta Corriente
TXN-00011117,CTA-625484,CLI-54962,2026-06-21 16:28:00,4383802.1,CRC,pago,sinpe,LI-001,Cuenta Ahorro
TXN-00011118,CTA-238687,CLI-32705,2026-06-29 07:31:00,4501891.02,CRC,comision,sinpe,PU-001,Cuenta Corriente
TXN-00011119,CTA-765269,CLI-54084,2026-06-28 16:10:00,4940018.31,CRC,pago,web,HE-001,Cuenta Ahorro
TXN-00011120,CTA-359806,CLI-88409,2026-06-30 12:20:00,1093540.52,CRC,comision,web,HE-001,Cuenta Corriente
TXN-00011121,CTA-139027,CLI-67181,2026-06-08 21:54:00,2070257.86,CRC,deposito,sinpe,CA-001,Cuenta Ahorro
TXN-00011122,CTA-164672,CLI-61967,2026-06-21 05:55:00,3227289.66,CRC,deposito,sinpe,LI-002,Préstamo Hipotecario
TXN-00011123,CTA-771840,CLI-20547,2026-06-22 16:07:00,4683494.55,CRC,comision,web,SJ-001,Cuenta Corriente
TXN-00011124,CTA-697812,CLI-36293,2026-06-19 17:26:00,3273324.54,CRC,transferencia,app_movil,PU-001,Cuenta Corriente
TXN-00011125,CTA-901682,CLI-98736,2026-06-16 00:14:00,1909893.29,CRC,retiro,atm,LI-001,Cuenta Ahorro
TXN-00011126,CTA-771228,CLI-95245,2026-06-21 12:03:00,659450.85,CRC,pago,sinpe,HE-001,Tarjeta Crédito
TXN-00011127,CTA-580585,CLI-97803,2026-06-09 02:45:00,593407.5,CRC,deposito,sucursal,LI-002,Préstamo Personal
TXN-00011128,CTA-684191,CLI-64862,2026-06-16 14:24:00,4057725.9,CRC,pago,app_movil,PU-001,Tarjeta Crédito
TXN-00011129,CTA-658181,CLI-85281,2026-06-11 02:04:00,1383070.72,CRC,retiro,web,PU-001,Cuenta Corriente
TXN-00011130,CTA-726960,CLI-11462,2026-06-21 23:32:00,4482753.03,CRC,comision,sinpe,LI-001,Préstamo Personal
TXN-00011131,CTA-486588,CLI-24121,2026-06-01 14:15:00,4326353.69,CRC,comision,sinpe,SJ-001,Cuenta Ahorro
TXN-00011132,CTA-513681,CLI-15934,2026-06-26 09:24:00,4328296.48,CRC,retiro,atm,SJ-002,Cuenta Ahorro
TXN-00011133,CTA-992018,CLI-24998,2026-06-11 17:33:00,1457743.43,CRC,deposito,sucursal,HE-001,Cuenta Ahorro
TXN-00011134,CTA-241173,CLI-19360,2026-06-02 12:25:00,1119861.68,CRC,pago,app_movil,SJ-002,Préstamo Hipotecario
TXN-00011135,CTA-741190,CLI-34768,2026-06-07 08:30:00,4595497.27,CRC,pago,app_movil,AL-001,Préstamo Hipotecario
TXN-00011136,CTA-538941,CLI-42075,2026-06-29 10:08:00,4633423.34,CRC,retiro,sucursal,LI-002,Préstamo Hipotecario
TXN-00011137,CTA-154605,CLI-11595,2026-06-09 21:51:00,3325296.85,CRC,retiro,sucursal,CA-001,Cuenta Ahorro
TXN-00011138,CTA-248327,CLI-45079,2026-06-25 16:53:00,815918.32,CRC,deposito,app_movil,LI-001,Préstamo Personal
TXN-00011139,CTA-606690,CLI-49759,2026-06-07 06:40:00,1353558.48,CRC,comision,web,AL-001,Cuenta Corriente
TXN-00011140,CTA-996340,CLI-87599,2026-06-01 23:39:00,1344988.4,CRC,comision,sinpe,PU-001,Cuenta Ahorro
TXN-00011141,CTA-738720,CLI-13302,2026-06-12 09:46:00,3454326.59,CRC,retiro,sinpe,LI-002,Cuenta Corriente
TXN-00011142,CTA-841672,CLI-89538,2026-06-08 23:01:00,2005936.8,CRC,comision,app_movil,LI-002,Tarjeta Crédito
TXN-00011143,CTA-685094,CLI-34438,2026-06-15 08:23:00,3362405.13,CRC,deposito,sucursal,SJ-001,Préstamo Personal
TXN-00011144,CTA-273141,CLI-99167,2026-06-29 06:53:00,2286508.62,CRC,comision,web,AL-001,Cuenta Ahorro
TXN-00011145,CTA-298445,CLI-74192,2026-06-16 01:58:00,2883893.98,CRC,transferencia,atm,CA-001,Cuenta Ahorro
TXN-00011146,CTA-883203,CLI-34434,2026-06-21 04:48:00,262686.03,CRC,pago,sinpe,HE-001,Tarjeta Crédito
TXN-00011147,CTA-998771,CLI-80295,2026-06-28 21:36:00,4569750.96,CRC,transferencia,web,SJ-001,Tarjeta Crédito
TXN-00011148,CTA-531328,CLI-53485,2026-06-10 00:34:00,3241600.22,CRC,comision,sucursal,AL-001,Cuenta Corriente
TXN-00011149,CTA-897790,CLI-79702,2026-06-07 15:08:00,2592813.72,CRC,retiro,web,HE-001,Préstamo Hipotecario
TXN-00011150,CTA-431705,CLI-49883,2026-06-03 06:03:00,3152383.05,CRC,transferencia,web,PU-001,Cuenta Ahorro
TXN-00011151,CTA-327822,CLI-27783,2026-06-12 23:51:00,1363032.23,CRC,retiro,web,LI-001,Préstamo Personal
TXN-00011152,CTA-485680,CLI-33879,2026-06-04 06:39:00,917486.85,CRC,retiro,app_movil,PU-001,Préstamo Hipotecario
TXN-00011153,CTA-884089,CLI-35214,2026-06-04 01:50:00,1087791.3,CRC,transferencia,sinpe,LI-002,Tarjeta Crédito
TXN-00011154,CTA-364024,CLI-56613,2026-06-16 03:53:00,3862139.14,CRC,retiro,atm,AL-001,Cuenta Ahorro
TXN-00011155,CTA-533656,CLI-99472,2026-06-30 20:34:00,1771283.03,CRC,pago,sucursal,SJ-001,Préstamo Hipotecario
TXN-00011156,CTA-905298,CLI-59630,2026-06-30 12:13:00,3225299.87,CRC,deposito,sucursal,SJ-001,Cuenta Corriente
TXN-00011157,CTA-339597,CLI-96527,2026-06-29 18:40:00,3507887.86,CRC,comision,atm,LI-002,Tarjeta Crédito
TXN-00011158,CTA-279502,CLI-28029,2026-06-02 21:43:00,4058238.79,CRC,deposito,sucursal,SJ-001,Préstamo Personal
TXN-00011159,CTA-207557,CLI-30597,2026-06-21 17:52:00,2925248.57,CRC,pago,app_movil,PU-001,Tarjeta Crédito
TXN-00011160,CTA-606383,CLI-34981,2026-06-23 06:09:00,3558034.61,CRC,deposito,sucursal,SJ-001,Préstamo Hipotecario
TXN-00011161,CTA-802793,CLI-14947,2026-06-09 08:20:00,272501.36,CRC,retiro,sinpe,SJ-001,Cuenta Corriente
TXN-00011162,CTA-151350,CLI-16625,2026-06-05 01:30:00,306288.11,CRC,comision,sucursal,SJ-002,Préstamo Hipotecario
TXN-00011163,CTA-103848,CLI-35860,2026-06-08 15:49:00,3864721.03,CRC,comision,sinpe,SJ-002,Préstamo Personal
TXN-00011164,CTA-404385,CLI-23775,2026-06-24 06:54:00,1671911.49,CRC,pago,sinpe,SJ-002,Préstamo Hipotecario
TXN-00011165,CTA-157919,CLI-20291,2026-06-08 07:22:00,1835609.58,CRC,pago,sucursal,PU-001,Tarjeta Crédito
TXN-00011166,CTA-484386,CLI-58273,2026-06-07 08:22:00,4612140.6,CRC,retiro,sinpe,LI-001,Préstamo Personal
TXN-00011167,CTA-193592,CLI-51592,2026-06-03 05:56:00,4755474.65,CRC,transferencia,sucursal,LI-002,Cuenta Ahorro
TXN-00011168,CTA-308959,CLI-28118,2026-06-03 08:00:00,2745735.11,CRC,comision,sucursal,LI-001,Préstamo Personal
TXN-00011169,CTA-605498,CLI-53170,2026-06-03 20:24:00,4676278.15,CRC,transferencia,atm,LI-001,Préstamo Hipotecario
TXN-00011170,CTA-985117,CLI-29731,2026-06-19 10:35:00,908665.95,CRC,transferencia,web,CA-001,Préstamo Personal
TXN-00011171,CTA-728130,CLI-43596,2026-06-03 15:26:00,2427227.36,CRC,comision,atm,HE-001,Cuenta Ahorro
TXN-00011172,CTA-124068,CLI-11906,2026-06-09 08:41:00,4187655.1,CRC,deposito,atm,SJ-001,Cuenta Ahorro
TXN-00011173,CTA-554965,CLI-93998,2026-06-05 10:58:00,4815930.82,CRC,deposito,sinpe,SJ-001,Préstamo Personal
TXN-00011174,CTA-147167,CLI-43350,2026-06-02 04:15:00,2296331.81,CRC,retiro,app_movil,PU-001,Cuenta Ahorro
TXN-00011175,CTA-745922,CLI-38230,2026-06-13 10:14:00,4744100.39,CRC,transferencia,app_movil,SJ-002,Préstamo Hipotecario
TXN-00011176,CTA-283479,CLI-36849,2026-06-01 14:33:00,1334070.34,CRC,retiro,atm,LI-001,Préstamo Personal
TXN-00011177,CTA-676677,CLI-26123,2026-06-13 21:37:00,1780801.92,CRC,retiro,atm,SJ-002,Cuenta Ahorro
TXN-00011178,CTA-790087,CLI-46615,2026-06-25 16:13:00,1812125.38,CRC,pago,sucursal,SJ-002,Préstamo Hipotecario
TXN-00011179,CTA-586865,CLI-86024,2026-06-27 04:19:00,1629748.04,CRC,comision,sinpe,SJ-001,Cuenta Corriente
TXN-00011180,CTA-256763,CLI-82375,2026-06-16 17:35:00,4120558.72,CRC,pago,web,LI-001,Préstamo Hipotecario
TXN-00011181,CTA-207296,CLI-65547,2026-06-14 18:04:00,2609575.68,CRC,retiro,sinpe,SJ-002,Cuenta Ahorro
TXN-00011182,CTA-308436,CLI-61631,2026-06-18 15:40:00,4042772.76,CRC,retiro,atm,SJ-002,Cuenta Ahorro
TXN-00011183,CTA-703185,CLI-21095,2026-06-29 19:15:00,3317861.25,CRC,pago,sucursal,HE-001,Préstamo Hipotecario
TXN-00011184,CTA-477987,CLI-50051,2026-06-15 13:06:00,760271.29,CRC,transferencia,app_movil,CA-001,Tarjeta Crédito
TXN-00011185,CTA-504606,CLI-40983,2026-06-15 13:20:00,3895516.67,CRC,retiro,app_movil,HE-001,Préstamo Hipotecario
TXN-00011186,CTA-900104,CLI-61213,2026-06-09 06:56:00,104460.57,CRC,retiro,web,LI-002,Préstamo Hipotecario
TXN-00011187,CTA-685337,CLI-49231,2026-06-20 04:30:00,4195638.2,CRC,transferencia,web,SJ-002,Préstamo Personal
TXN-00011188,CTA-730465,CLI-76676,2026-06-02 17:30:00,4846832.6,CRC,comision,sinpe,LI-002,Préstamo Hipotecario
TXN-00011189,CTA-622528,CLI-48204,2026-06-18 12:55:00,2603569.58,CRC,retiro,sucursal,AL-001,Cuenta Ahorro
TXN-00011190,CTA-911326,CLI-30359,2026-06-29 03:51:00,4100071.72,CRC,transferencia,sinpe,LI-001,Préstamo Hipotecario
TXN-00011191,CTA-517772,CLI-31187,2026-06-03 15:51:00,2853028.64,CRC,transferencia,sucursal,HE-001,Tarjeta Crédito
TXN-00011192,CTA-838119,CLI-24817,2026-06-15 15:27:00,4366238.06,CRC,transferencia,sucursal,SJ-001,Préstamo Hipotecario
TXN-00011193,CTA-863775,CLI-35500,2026-06-16 06:02:00,324733.26,CRC,deposito,sucursal,CA-001,Tarjeta Crédito
TXN-00011194,CTA-630918,CLI-53774,2026-06-06 21:43:00,1514000.74,CRC,pago,atm,SJ-002,Cuenta Corriente
TXN-00011195,CTA-950068,CLI-18337,2026-06-21 11:35:00,1174504.97,CRC,comision,sucursal,HE-001,Préstamo Personal
TXN-00011196,CTA-569362,CLI-42266,2026-06-06 20:47:00,4520939.78,CRC,deposito,atm,SJ-002,Tarjeta Crédito
TXN-00011197,CTA-485288,CLI-49531,2026-06-21 13:33:00,2137932.64,CRC,retiro,atm,AL-001,Préstamo Hipotecario
TXN-00011198,CTA-103238,CLI-25379,2026-06-30 22:47:00,3687013.68,CRC,comision,atm,PU-001,Préstamo Personal
TXN-00011199,CTA-664555,CLI-25019,2026-06-05 16:18:00,2119207.88,CRC,deposito,web,SJ-002,Tarjeta Crédito
TXN-00011200,CTA-770388,CLI-81526,2026-06-16 07:53:00,1773312.83,CRC,pago,app_movil,AL-001,Tarjeta Crédito
TXN-00011201,CTA-196868,CLI-16422,2026-06-02 21:21:00,1632859.74,CRC,comision,app_movil,LI-001,Cuenta Ahorro
TXN-00011202,CTA-463561,CLI-48742,2026-06-01 16:17:00,3433481.31,CRC,pago,app_movil,PU-001,Cuenta Corriente
TXN-00011203,CTA-163642,CLI-42480,2026-06-15 12:42:00,2686372.74,CRC,pago,app_movil,LI-002,Cuenta Ahorro
TXN-00011204,CTA-714314,CLI-50490,2026-06-06 01:10:00,4546520.07,CRC,retiro,web,SJ-002,Cuenta Corriente
TXN-00011205,CTA-958762,CLI-60517,2026-06-03 00:46:00,989782.04,CRC,pago,app_movil,SJ-001,Préstamo Personal
TXN-00011206,CTA-884825,CLI-71899,2026-06-10 13:08:00,2778413.9,CRC,comision,sinpe,AL-001,Préstamo Hipotecario
TXN-00011207,CTA-846760,CLI-97995,2026-06-03 23:12:00,2920810.25,CRC,transferencia,web,LI-001,Cuenta Corriente
TXN-00011208,CTA-781203,CLI-87579,2026-06-18 22:40:00,4764932.45,CRC,comision,app_movil,LI-001,Tarjeta Crédito
TXN-00011209,CTA-825666,CLI-51105,2026-06-09 02:01:00,902573.46,CRC,deposito,sinpe,HE-001,Cuenta Corriente
TXN-00011210,CTA-209277,CLI-54130,2026-06-05 15:07:00,4023014.41,CRC,retiro,web,PU-001,Tarjeta Crédito
TXN-00011211,CTA-499769,CLI-31514,2026-06-13 16:32:00,3818955.5,CRC,retiro,app_movil,CA-001,Cuenta Corriente
TXN-00011212,CTA-807056,CLI-55991,2026-06-12 06:58:00,149083.68,CRC,retiro,app_movil,SJ-001,Préstamo Hipotecario
TXN-00011213,CTA-970984,CLI-91103,2026-06-08 05:28:00,1563426.8,CRC,pago,sinpe,CA-001,Préstamo Hipotecario
TXN-00011214,CTA-403538,CLI-87641,2026-06-24 07:31:00,334403.6,CRC,pago,sucursal,CA-001,Préstamo Hipotecario
TXN-00011215,CTA-367881,CLI-44775,2026-06-19 17:41:00,2039568.96,CRC,transferencia,app_movil,LI-002,Cuenta Ahorro
TXN-00011216,CTA-153692,CLI-60080,2026-06-06 02:43:00,2415437.78,CRC,retiro,sucursal,SJ-002,Cuenta Corriente
TXN-00011217,CTA-902689,CLI-64091,2026-06-23 17:46:00,632755.68,CRC,deposito,sucursal,HE-001,Cuenta Ahorro
TXN-00011218,CTA-321956,CLI-96828,2026-06-01 15:48:00,3774415.25,CRC,comision,app_movil,SJ-001,Cuenta Ahorro
TXN-00011219,CTA-243061,CLI-56107,2026-06-29 09:31:00,1672875.15,CRC,comision,atm,SJ-002,Cuenta Ahorro
TXN-00011220,CTA-832176,CLI-83101,2026-06-24 01:39:00,3875640.56,CRC,deposito,app_movil,CA-001,Cuenta Ahorro
TXN-00011221,CTA-616778,CLI-11736,2026-06-06 05:41:00,1677740.83,CRC,deposito,sucursal,SJ-001,Tarjeta Crédito
TXN-00011222,CTA-307063,CLI-61988,2026-06-13 18:33:00,3514229.85,CRC,deposito,sucursal,AL-001,Tarjeta Crédito
TXN-00011223,CTA-287935,CLI-32107,2026-06-19 21:28:00,1177183.94,CRC,comision,app_movil,LI-002,Préstamo Personal
TXN-00011224,CTA-295772,CLI-16883,2026-06-05 16:57:00,1248581.78,CRC,comision,atm,AL-001,Tarjeta Crédito
TXN-00011225,CTA-393231,CLI-40055,2026-06-14 22:29:00,3104827.77,CRC,pago,sinpe,SJ-001,Préstamo Hipotecario
TXN-00011226,CTA-158096,CLI-38170,2026-06-19 23:19:00,1398747.28,CRC,deposito,web,SJ-002,Préstamo Personal
TXN-00011227,CTA-308667,CLI-12589,2026-06-17 22:29:00,3435443.9,CRC,deposito,sinpe,PU-001,Cuenta Corriente
TXN-00011228,CTA-447409,CLI-64418,2026-06-12 06:27:00,1600214.76,CRC,pago,web,LI-002,Cuenta Corriente
TXN-00011229,CTA-236951,CLI-40285,2026-06-11 15:52:00,911088.63,CRC,retiro,atm,HE-001,Tarjeta Crédito
TXN-00011230,CTA-597760,CLI-21812,2026-06-11 17:03:00,3472406.01,CRC,transferencia,sucursal,SJ-001,Préstamo Personal
TXN-00011231,CTA-871568,CLI-35310,2026-06-07 01:27:00,1734718.64,CRC,comision,atm,SJ-001,Tarjeta Crédito
TXN-00011232,CTA-216254,CLI-65736,2026-06-05 10:54:00,2846790.71,CRC,deposito,app_movil,HE-001,Cuenta Corriente
TXN-00011233,CTA-985396,CLI-63926,2026-06-07 19:31:00,736851.08,CRC,deposito,sinpe,HE-001,Préstamo Personal
TXN-00011234,CTA-766180,CLI-62779,2026-06-08 21:19:00,3831004.92,CRC,comision,web,CA-001,Cuenta Ahorro
TXN-00011235,CTA-590598,CLI-72506,2026-06-17 17:21:00,4195121.76,CRC,retiro,web,SJ-002,Préstamo Personal
TXN-00011236,CTA-474803,CLI-88728,2026-06-28 08:40:00,1776813.76,CRC,deposito,sinpe,SJ-001,Tarjeta Crédito
TXN-00011237,CTA-327004,CLI-44863,2026-06-24 13:08:00,538638.44,CRC,transferencia,web,CA-001,Préstamo Hipotecario
TXN-00011238,CTA-572559,CLI-46977,2026-06-13 03:13:00,288145.79,CRC,comision,sinpe,CA-001,Cuenta Ahorro
TXN-00011239,CTA-777288,CLI-63154,2026-06-03 03:36:00,3871710.44,CRC,comision,app_movil,LI-002,Cuenta Ahorro
TXN-00011240,CTA-171103,CLI-94140,2026-06-22 07:54:00,4464368.82,CRC,retiro,sucursal,SJ-001,Préstamo Personal
TXN-00011241,CTA-737442,CLI-16677,2026-06-29 07:25:00,442671.73,CRC,pago,sucursal,LI-001,Préstamo Hipotecario
TXN-00011242,CTA-488252,CLI-32725,2026-06-14 20:22:00,713437.83,CRC,deposito,sucursal,HE-001,Cuenta Corriente
TXN-00011243,CTA-990295,CLI-23386,2026-06-20 04:54:00,4405485.98,CRC,retiro,sinpe,LI-001,Préstamo Personal
TXN-00011244,CTA-796782,CLI-47831,2026-06-17 02:58:00,1094417.58,CRC,comision,app_movil,CA-001,Préstamo Hipotecario
TXN-00011245,CTA-558612,CLI-17374,2026-06-01 21:00:00,982447.62,CRC,transferencia,sinpe,SJ-002,Tarjeta Crédito
TXN-00011246,CTA-948355,CLI-26965,2026-06-23 13:04:00,3577794.24,CRC,deposito,atm,HE-001,Cuenta Ahorro
TXN-00011247,CTA-958514,CLI-80275,2026-06-16 07:32:00,3696053.5,CRC,retiro,web,HE-001,Cuenta Corriente
TXN-00011248,CTA-580477,CLI-61648,2026-06-26 11:26:00,1472133.37,CRC,comision,sucursal,SJ-001,Cuenta Ahorro
TXN-00011249,CTA-688940,CLI-48942,2026-06-26 17:07:00,782575.72,CRC,pago,app_movil,PU-001,Préstamo Personal
TXN-00011250,CTA-548183,CLI-87929,2026-06-08 02:31:00,2350264.06,CRC,comision,sinpe,SJ-002,Tarjeta Crédito
TXN-00011251,CTA-147948,CLI-44370,2026-06-29 10:01:00,1759023.5,CRC,transferencia,sucursal,SJ-001,Cuenta Corriente
TXN-00011252,CTA-158960,CLI-61527,2026-06-30 05:56:00,1502284.74,CRC,retiro,sinpe,LI-002,Tarjeta Crédito
TXN-00011253,CTA-101561,CLI-15491,2026-06-29 06:12:00,2398591.23,CRC,comision,web,SJ-001,Tarjeta Crédito
TXN-00011254,CTA-351164,CLI-84521,2026-06-03 19:24:00,4397821.53,CRC,pago,sucursal,LI-002,Tarjeta Crédito
TXN-00011255,CTA-107666,CLI-86082,2026-06-06 05:20:00,3897938.0,CRC,retiro,sucursal,SJ-001,Cuenta Corriente
TXN-00011256,CTA-983404,CLI-41491,2026-06-24 16:50:00,3462207.88,CRC,comision,sinpe,PU-001,Tarjeta Crédito
TXN-00011257,CTA-824782,CLI-60277,2026-06-27 04:31:00,4335161.5,CRC,comision,sucursal,SJ-002,Préstamo Personal
TXN-00011258,CTA-170250,CLI-98826,2026-06-18 03:04:00,1157918.82,CRC,comision,sinpe,PU-001,Cuenta Corriente
TXN-00011259,CTA-100615,CLI-72504,2026-06-02 22:02:00,2504111.27,CRC,retiro,sucursal,SJ-002,Cuenta Corriente
TXN-00011260,CTA-773859,CLI-18393,2026-06-24 14:58:00,620709.81,CRC,comision,web,LI-001,Cuenta Ahorro
TXN-00011261,CTA-816624,CLI-21553,2026-06-13 15:16:00,161706.47,CRC,pago,web,PU-001,Tarjeta Crédito
TXN-00011262,CTA-119166,CLI-73511,2026-06-14 05:03:00,3869925.11,CRC,transferencia,web,LI-001,Préstamo Hipotecario
TXN-00011263,CTA-409105,CLI-74229,2026-06-30 22:53:00,2743555.22,CRC,pago,sinpe,PU-001,Cuenta Corriente
TXN-00011264,CTA-760621,CLI-34908,2026-06-03 14:57:00,4052759.54,CRC,comision,sinpe,SJ-002,Tarjeta Crédito
TXN-00011265,CTA-583193,CLI-19382,2026-06-27 05:32:00,3360245.96,CRC,comision,app_movil,LI-002,Cuenta Ahorro
TXN-00011266,CTA-611524,CLI-17213,2026-06-29 08:08:00,322203.59,CRC,transferencia,sinpe,AL-001,Tarjeta Crédito
TXN-00011267,CTA-211774,CLI-43885,2026-06-18 17:08:00,2948905.95,CRC,pago,sinpe,PU-001,Préstamo Personal
TXN-00011268,CTA-709056,CLI-28175,2026-06-26 17:55:00,4392029.24,CRC,pago,sinpe,CA-001,Tarjeta Crédito
TXN-00011269,CTA-359365,CLI-59007,2026-06-24 21:07:00,1130842.57,CRC,retiro,sinpe,SJ-002,Tarjeta Crédito
TXN-00011270,CTA-130763,CLI-55817,2026-06-13 16:24:00,3160336.88,CRC,transferencia,atm,SJ-001,Cuenta Ahorro
TXN-00011271,CTA-214157,CLI-47379,2026-06-02 06:16:00,671360.07,CRC,retiro,app_movil,HE-001,Préstamo Personal
TXN-00011272,CTA-722463,CLI-86825,2026-06-19 15:33:00,572955.64,CRC,comision,atm,LI-001,Cuenta Corriente
TXN-00011273,CTA-964538,CLI-44232,2026-06-10 00:30:00,3308789.56,CRC,deposito,sucursal,PU-001,Préstamo Hipotecario
TXN-00011274,CTA-611118,CLI-83198,2026-06-25 14:54:00,2166547.8,CRC,retiro,sucursal,SJ-002,Cuenta Ahorro
TXN-00011275,CTA-124293,CLI-39511,2026-06-18 06:43:00,612952.58,CRC,comision,atm,AL-001,Préstamo Hipotecario
TXN-00011276,CTA-693128,CLI-25708,2026-06-28 23:01:00,2379066.05,CRC,transferencia,atm,HE-001,Cuenta Corriente
TXN-00011277,CTA-654859,CLI-35580,2026-06-15 14:44:00,525998.81,CRC,pago,sucursal,AL-001,Cuenta Ahorro
TXN-00011278,CTA-584684,CLI-28527,2026-06-02 06:23:00,3835037.17,CRC,pago,app_movil,SJ-002,Préstamo Personal
TXN-00011279,CTA-235010,CLI-16585,2026-06-20 13:43:00,627954.87,CRC,transferencia,atm,SJ-002,Cuenta Corriente
TXN-00011280,CTA-242941,CLI-95011,2026-06-16 03:26:00,2712625.84,CRC,deposito,web,PU-001,Cuenta Ahorro
TXN-00011281,CTA-743313,CLI-46454,2026-06-23 00:35:00,2858198.91,CRC,deposito,app_movil,HE-001,Préstamo Hipotecario
TXN-00011282,CTA-290452,CLI-85513,2026-06-29 03:10:00,1925774.16,CRC,retiro,web,AL-001,Préstamo Personal
TXN-00011283,CTA-535476,CLI-58204,2026-06-12 11:08:00,2534601.96,CRC,pago,app_movil,SJ-001,Cuenta Corriente
TXN-00011284,CTA-892208,CLI-74327,2026-06-08 12:06:00,2913503.81,CRC,deposito,sucursal,AL-001,Tarjeta Crédito
TXN-00011285,CTA-493206,CLI-37798,2026-06-27 20:57:00,1733831.07,CRC,transferencia,app_movil,CA-001,Préstamo Personal
TXN-00011286,CTA-822887,CLI-78402,2026-06-18 16:42:00,2402474.24,CRC,pago,web,SJ-001,Préstamo Personal
TXN-00011287,CTA-862016,CLI-82387,2026-06-28 02:10:00,4440544.72,CRC,comision,app_movil,CA-001,Préstamo Hipotecario
TXN-00011288,CTA-988722,CLI-79401,2026-06-17 07:15:00,222270.75,CRC,transferencia,web,AL-001,Cuenta Ahorro
TXN-00011289,CTA-370001,CLI-23750,2026-06-13 22:43:00,2224761.47,CRC,transferencia,atm,LI-002,Préstamo Personal
TXN-00011290,CTA-411919,CLI-26118,2026-06-09 22:08:00,1513215.75,CRC,comision,app_movil,CA-001,Cuenta Corriente
TXN-00011291,CTA-707753,CLI-18692,2026-06-09 01:16:00,4956602.39,CRC,transferencia,sucursal,SJ-001,Préstamo Hipotecario
TXN-00011292,CTA-565307,CLI-43897,2026-06-12 18:20:00,3837964.12,CRC,comision,app_movil,AL-001,Cuenta Corriente
TXN-00011293,CTA-273986,CLI-17424,2026-06-16 06:32:00,3008448.58,CRC,transferencia,web,LI-001,Tarjeta Crédito
TXN-00011294,CTA-182467,CLI-89251,2026-06-07 05:10:00,2276280.55,CRC,retiro,web,AL-001,Préstamo Hipotecario
TXN-00011295,CTA-137290,CLI-95722,2026-06-01 20:09:00,1860860.64,CRC,deposito,sinpe,LI-002,Préstamo Personal
TXN-00011296,CTA-316224,CLI-78247,2026-06-21 19:37:00,2565016.51,CRC,comision,sinpe,SJ-001,Cuenta Corriente
TXN-00011297,CTA-912105,CLI-35984,2026-06-20 12:21:00,4642022.35,CRC,comision,sucursal,LI-002,Préstamo Hipotecario
TXN-00011298,CTA-563814,CLI-29776,2026-06-22 23:34:00,3426140.03,CRC,retiro,atm,SJ-002,Cuenta Ahorro
TXN-00011299,CTA-997588,CLI-22553,2026-06-26 10:04:00,1779336.79,CRC,retiro,web,SJ-002,Préstamo Hipotecario
TXN-00011300,CTA-202812,CLI-13255,2026-06-28 13:31:00,2529753.01,CRC,deposito,sucursal,AL-001,Cuenta Ahorro
TXN-00011301,CTA-975125,CLI-12099,2026-06-27 07:32:00,4279429.87,CRC,transferencia,sucursal,LI-002,Cuenta Corriente
TXN-00011302,CTA-911868,CLI-58625,2026-06-10 10:50:00,1775389.36,CRC,deposito,web,HE-001,Cuenta Ahorro
TXN-00011303,CTA-739864,CLI-89891,2026-06-25 02:52:00,892741.93,CRC,pago,app_movil,CA-001,Cuenta Corriente
TXN-00011304,CTA-824045,CLI-90509,2026-06-17 20:30:00,1608939.08,CRC,comision,app_movil,LI-002,Cuenta Corriente
TXN-00011305,CTA-194593,CLI-63672,2026-06-04 10:33:00,3077595.74,CRC,pago,app_movil,SJ-001,Préstamo Hipotecario
TXN-00011306,CTA-262866,CLI-76654,2026-06-26 22:12:00,3579198.81,CRC,deposito,atm,SJ-002,Préstamo Personal
TXN-00011307,CTA-810045,CLI-48841,2026-06-05 11:37:00,1189000.56,CRC,deposito,app_movil,HE-001,Cuenta Corriente
TXN-00011308,CTA-819242,CLI-36452,2026-06-16 10:18:00,146661.9,CRC,retiro,atm,HE-001,Préstamo Hipotecario
TXN-00011309,CTA-581688,CLI-15137,2026-06-20 07:57:00,304215.37,CRC,transferencia,atm,SJ-001,Cuenta Ahorro
TXN-00011310,CTA-865732,CLI-74441,2026-06-01 18:19:00,4378165.13,CRC,pago,app_movil,PU-001,Préstamo Hipotecario
TXN-00011311,CTA-308801,CLI-17799,2026-06-20 02:05:00,2679516.05,CRC,deposito,web,PU-001,Préstamo Personal
TXN-00011312,CTA-741085,CLI-98209,2026-06-20 05:11:00,2028913.73,CRC,transferencia,sinpe,AL-001,Cuenta Ahorro
TXN-00011313,CTA-592693,CLI-88615,2026-06-22 20:05:00,1853991.25,CRC,transferencia,web,HE-001,Préstamo Hipotecario
TXN-00011314,CTA-821224,CLI-17640,2026-06-19 23:08:00,1981265.13,CRC,pago,sinpe,AL-001,Cuenta Ahorro
TXN-00011315,CTA-571525,CLI-90894,2026-06-26 12:22:00,1535224.48,CRC,transferencia,sinpe,SJ-001,Préstamo Hipotecario
TXN-00011316,CTA-458119,CLI-16697,2026-06-10 22:41:00,1186692.15,CRC,deposito,sucursal,SJ-001,Préstamo Personal
TXN-00011317,CTA-288416,CLI-78091,2026-06-18 11:39:00,196275.64,CRC,transferencia,atm,PU-001,Cuenta Corriente
TXN-00011318,CTA-915477,CLI-20543,2026-06-10 11:50:00,3392793.64,CRC,deposito,web,HE-001,Préstamo Hipotecario
TXN-00011319,CTA-178000,CLI-71357,2026-06-30 13:59:00,967989.0,CRC,retiro,web,LI-002,Préstamo Personal
TXN-00011320,CTA-161002,CLI-98229,2026-06-07 18:46:00,3479125.2,CRC,deposito,app_movil,CA-001,Préstamo Hipotecario
TXN-00011321,CTA-705387,CLI-70908,2026-06-14 04:03:00,4176734.34,CRC,transferencia,app_movil,LI-001,Cuenta Ahorro
TXN-00011322,CTA-983183,CLI-75413,2026-06-02 09:23:00,828993.0,CRC,retiro,app_movil,SJ-002,Préstamo Hipotecario
TXN-00011323,CTA-402961,CLI-75639,2026-06-04 12:57:00,1002012.32,CRC,deposito,app_movil,PU-001,Cuenta Corriente
TXN-00011324,CTA-584985,CLI-31917,2026-06-16 10:21:00,673463.36,CRC,transferencia,web,SJ-001,Préstamo Personal
TXN-00011325,CTA-733914,CLI-51711,2026-06-08 20:22:00,417995.95,CRC,comision,atm,PU-001,Cuenta Ahorro
TXN-00011326,CTA-620354,CLI-34921,2026-06-18 14:45:00,3502008.84,CRC,transferencia,sinpe,SJ-002,Tarjeta Crédito
TXN-00011327,CTA-412584,CLI-78873,2026-06-25 18:55:00,1451171.62,CRC,retiro,sucursal,AL-001,Préstamo Hipotecario
TXN-00011328,CTA-276745,CLI-96727,2026-06-01 07:50:00,2240069.08,CRC,retiro,web,LI-001,Cuenta Ahorro
TXN-00011329,CTA-210577,CLI-42767,2026-06-11 18:58:00,2050146.34,CRC,transferencia,app_movil,SJ-002,Cuenta Ahorro
TXN-00011330,CTA-432956,CLI-33156,2026-06-15 03:06:00,4713595.05,CRC,transferencia,web,LI-001,Préstamo Hipotecario
TXN-00011331,CTA-142230,CLI-61363,2026-06-21 07:18:00,2627305.03,CRC,retiro,atm,SJ-001,Préstamo Personal
TXN-00011332,CTA-462183,CLI-49994,2026-06-07 11:17:00,217523.9,CRC,deposito,sucursal,AL-001,Préstamo Personal
TXN-00011333,CTA-285424,CLI-67476,2026-06-08 19:53:00,3075894.49,CRC,deposito,web,AL-001,Tarjeta Crédito
TXN-00011334,CTA-750690,CLI-53806,2026-06-11 13:19:00,3139936.65,CRC,comision,app_movil,SJ-002,Cuenta Corriente
TXN-00011335,CTA-817775,CLI-19994,2026-06-19 16:25:00,373249.26,CRC,pago,app_movil,HE-001,Cuenta Ahorro
TXN-00011336,CTA-880267,CLI-18257,2026-06-29 15:16:00,4310882.03,CRC,retiro,sucursal,SJ-001,Cuenta Corriente
TXN-00011337,CTA-921308,CLI-50360,2026-06-07 05:20:00,2697558.69,CRC,pago,sucursal,LI-001,Cuenta Ahorro
TXN-00011338,CTA-639972,CLI-47376,2026-06-24 19:54:00,4060861.29,CRC,comision,sinpe,LI-002,Cuenta Ahorro
TXN-00011339,CTA-630552,CLI-12032,2026-06-30 10:13:00,2852316.15,CRC,retiro,sucursal,PU-001,Tarjeta Crédito
TXN-00011340,CTA-792914,CLI-71226,2026-06-03 02:26:00,1084916.91,CRC,comision,app_movil,SJ-002,Cuenta Ahorro
TXN-00011341,CTA-965411,CLI-23896,2026-06-22 09:17:00,908995.14,CRC,transferencia,app_movil,HE-001,Tarjeta Crédito
TXN-00011342,CTA-492716,CLI-27351,2026-06-22 09:43:00,2838692.19,CRC,deposito,app_movil,SJ-001,Tarjeta Crédito
TXN-00011343,CTA-662369,CLI-87766,2026-06-19 08:44:00,1716216.8,CRC,comision,sucursal,SJ-001,Préstamo Personal
TXN-00011344,CTA-412673,CLI-48076,2026-06-06 10:26:00,123013.11,CRC,pago,web,SJ-002,Cuenta Corriente
TXN-00011345,CTA-113734,CLI-55520,2026-06-14 00:27:00,998764.23,CRC,deposito,app_movil,HE-001,Cuenta Ahorro
TXN-00011346,CTA-420747,CLI-98809,2026-06-19 21:37:00,4156712.44,CRC,transferencia,web,SJ-002,Tarjeta Crédito
TXN-00011347,CTA-431266,CLI-58517,2026-06-12 17:05:00,840896.73,CRC,comision,sinpe,LI-001,Préstamo Personal
TXN-00011348,CTA-467483,CLI-57810,2026-06-06 17:08:00,1825793.79,CRC,retiro,atm,LI-001,Cuenta Corriente
TXN-00011349,CTA-773883,CLI-21459,2026-06-05 12:19:00,2597994.27,CRC,transferencia,atm,SJ-001,Cuenta Corriente
TXN-00011350,CTA-818327,CLI-98130,2026-06-28 20:17:00,863604.92,CRC,retiro,atm,AL-001,Préstamo Personal
TXN-00011351,CTA-267336,CLI-58052,2026-06-19 03:22:00,2984178.03,CRC,transferencia,sinpe,AL-001,Cuenta Ahorro
TXN-00011352,CTA-850913,CLI-89275,2026-06-17 01:31:00,3972802.47,CRC,comision,atm,HE-001,Préstamo Personal
TXN-00011353,CTA-644571,CLI-59104,2026-06-09 12:11:00,1036148.64,CRC,transferencia,app_movil,PU-001,Cuenta Corriente
TXN-00011354,CTA-131883,CLI-89789,2026-06-08 00:49:00,3420438.01,CRC,pago,sucursal,CA-001,Préstamo Hipotecario
TXN-00011355,CTA-265585,CLI-81010,2026-06-18 05:29:00,3876772.71,CRC,pago,web,LI-002,Cuenta Corriente
TXN-00011356,CTA-443546,CLI-91769,2026-06-27 01:37:00,4399970.38,CRC,deposito,atm,AL-001,Cuenta Corriente
TXN-00011357,CTA-769822,CLI-50117,2026-06-20 01:32:00,267034.12,CRC,retiro,atm,AL-001,Cuenta Corriente
TXN-00011358,CTA-853013,CLI-12252,2026-06-01 11:29:00,4134465.16,CRC,deposito,sucursal,AL-001,Cuenta Corriente
TXN-00011359,CTA-507845,CLI-41712,2026-06-06 00:24:00,1222050.89,CRC,retiro,sinpe,SJ-002,Préstamo Hipotecario
TXN-00011360,CTA-720757,CLI-63476,2026-06-26 03:13:00,2574870.39,CRC,pago,web,PU-001,Préstamo Hipotecario
TXN-00011361,CTA-389230,CLI-77126,2026-06-19 09:53:00,1005272.52,CRC,deposito,atm,LI-002,Cuenta Ahorro
TXN-00011362,CTA-185851,CLI-88609,2026-06-27 01:00:00,915181.22,CRC,deposito,atm,SJ-002,Cuenta Ahorro
TXN-00011363,CTA-432095,CLI-64984,2026-06-30 22:20:00,163150.83,CRC,comision,app_movil,PU-001,Tarjeta Crédito
TXN-00011364,CTA-835634,CLI-49731,2026-06-11 19:30:00,3945324.47,CRC,transferencia,atm,PU-001,Préstamo Personal
TXN-00011365,CTA-779844,CLI-18666,2026-06-29 01:22:00,1513146.34,CRC,deposito,app_movil,HE-001,Préstamo Personal
TXN-00011366,CTA-767986,CLI-15868,2026-06-21 03:53:00,3077371.07,CRC,transferencia,sucursal,SJ-001,Cuenta Corriente
TXN-00011367,CTA-928431,CLI-92143,2026-06-11 10:28:00,2049756.23,CRC,deposito,atm,AL-001,Cuenta Corriente
TXN-00011368,CTA-369756,CLI-12589,2026-06-29 18:39:00,513666.86,CRC,transferencia,atm,LI-002,Préstamo Personal
TXN-00011369,CTA-704929,CLI-83316,2026-06-12 21:46:00,1145031.15,CRC,comision,sucursal,PU-001,Cuenta Ahorro
TXN-00011370,CTA-168812,CLI-50351,2026-06-24 13:05:00,193387.14,CRC,transferencia,sinpe,HE-001,Préstamo Personal
TXN-00011371,CTA-790134,CLI-54384,2026-06-27 00:06:00,3482434.51,CRC,pago,sucursal,SJ-001,Tarjeta Crédito
TXN-00011372,CTA-382283,CLI-24366,2026-06-24 01:12:00,1662406.03,CRC,pago,sucursal,SJ-001,Cuenta Corriente
TXN-00011373,CTA-565077,CLI-56819,2026-06-24 06:30:00,4528320.83,CRC,deposito,app_movil,AL-001,Préstamo Personal
TXN-00011374,CTA-298807,CLI-90014,2026-06-30 23:15:00,513927.51,CRC,deposito,app_movil,AL-001,Tarjeta Crédito
TXN-00011375,CTA-607054,CLI-47383,2026-06-02 01:41:00,4823983.9,CRC,comision,app_movil,PU-001,Préstamo Personal
TXN-00011376,CTA-762044,CLI-40711,2026-06-28 22:41:00,1008814.33,CRC,deposito,sucursal,SJ-001,Préstamo Hipotecario
TXN-00011377,CTA-772182,CLI-97204,2026-06-11 16:40:00,1788850.09,CRC,comision,app_movil,LI-002,Cuenta Ahorro
TXN-00011378,CTA-194061,CLI-70212,2026-06-01 01:19:00,4198886.56,CRC,deposito,sinpe,SJ-002,Préstamo Hipotecario
TXN-00011379,CTA-585137,CLI-19173,2026-06-13 22:46:00,2944104.15,CRC,comision,app_movil,HE-001,Cuenta Ahorro
TXN-00011380,CTA-724854,CLI-13556,2026-06-12 14:13:00,307196.4,CRC,pago,app_movil,SJ-002,Préstamo Personal
TXN-00011381,CTA-669787,CLI-53642,2026-06-26 19:37:00,4143110.07,CRC,retiro,web,SJ-002,Cuenta Corriente
TXN-00011382,CTA-591463,CLI-61919,2026-06-03 14:19:00,2497210.67,CRC,comision,web,PU-001,Préstamo Personal
TXN-00011383,CTA-654541,CLI-91525,2026-06-01 06:56:00,1622223.02,CRC,deposito,sucursal,AL-001,Préstamo Personal
TXN-00011384,CTA-920756,CLI-30721,2026-06-05 18:40:00,2407532.86,CRC,pago,sinpe,LI-002,Tarjeta Crédito
TXN-00011385,CTA-174293,CLI-17914,2026-06-30 06:43:00,2672292.26,CRC,transferencia,sucursal,LI-002,Préstamo Hipotecario
TXN-00011386,CTA-954115,CLI-96699,2026-06-28 00:03:00,314425.75,CRC,comision,web,HE-001,Cuenta Ahorro
TXN-00011387,CTA-794705,CLI-51584,2026-06-04 08:27:00,1858158.19,CRC,pago,web,LI-001,Préstamo Personal
TXN-00011388,CTA-102825,CLI-52112,2026-06-23 01:17:00,3051832.72,CRC,transferencia,app_movil,LI-002,Cuenta Corriente
TXN-00011389,CTA-198242,CLI-21327,2026-06-20 06:28:00,2981235.1,CRC,transferencia,sucursal,PU-001,Tarjeta Crédito
TXN-00011390,CTA-418745,CLI-28195,2026-06-01 22:42:00,723751.27,CRC,pago,sinpe,LI-001,Préstamo Hipotecario
TXN-00011391,CTA-567721,CLI-63891,2026-06-19 17:31:00,2851270.15,CRC,comision,web,PU-001,Préstamo Hipotecario
TXN-00011392,CTA-590062,CLI-83091,2026-06-26 23:03:00,255239.32,CRC,retiro,sinpe,SJ-001,Cuenta Corriente
TXN-00011393,CTA-900551,CLI-41949,2026-06-19 05:11:00,1308139.59,CRC,pago,sinpe,SJ-001,Préstamo Personal
TXN-00011394,CTA-693084,CLI-73065,2026-06-13 07:51:00,1450914.36,CRC,deposito,sucursal,SJ-001,Préstamo Hipotecario
TXN-00011395,CTA-349963,CLI-19202,2026-06-11 16:36:00,475650.83,CRC,deposito,app_movil,HE-001,Tarjeta Crédito
TXN-00011396,CTA-604470,CLI-17111,2026-06-17 05:15:00,3761747.14,CRC,deposito,sinpe,LI-002,Cuenta Ahorro
TXN-00011397,CTA-742187,CLI-12647,2026-06-01 13:24:00,2539254.09,CRC,comision,sucursal,LI-002,Tarjeta Crédito
TXN-00011398,CTA-979163,CLI-91405,2026-06-16 18:21:00,69386.85,CRC,transferencia,sucursal,PU-001,Cuenta Ahorro
TXN-00011399,CTA-146254,CLI-29798,2026-06-02 02:49:00,4705785.81,CRC,retiro,sucursal,SJ-002,Préstamo Hipotecario
TXN-00011400,CTA-384505,CLI-16742,2026-06-30 01:56:00,3247977.92,CRC,retiro,atm,CA-001,Préstamo Personal
TXN-00011401,CTA-901924,CLI-83405,2026-06-04 17:23:00,4278231.45,CRC,transferencia,atm,CA-001,Préstamo Personal
TXN-00011402,CTA-237146,CLI-24584,2026-06-08 07:07:00,2760722.32,CRC,comision,web,LI-002,Tarjeta Crédito
TXN-00011403,CTA-487833,CLI-21168,2026-06-30 03:34:00,1161618.5,CRC,transferencia,atm,LI-002,Préstamo Hipotecario
TXN-00011404,CTA-554477,CLI-18117,2026-06-18 07:07:00,3361486.12,CRC,pago,web,SJ-001,Préstamo Personal
TXN-00011405,CTA-385669,CLI-37430,2026-06-13 02:52:00,451699.07,CRC,transferencia,web,LI-002,Préstamo Hipotecario
TXN-00011406,CTA-410426,CLI-87698,2026-06-11 00:57:00,2635040.16,CRC,pago,atm,HE-001,Cuenta Corriente
TXN-00011407,CTA-976786,CLI-15441,2026-06-15 22:51:00,2980944.75,CRC,deposito,atm,LI-002,Préstamo Hipotecario
TXN-00011408,CTA-712758,CLI-71760,2026-06-11 13:24:00,2111935.17,CRC,retiro,web,AL-001,Cuenta Corriente
TXN-00011409,CTA-161800,CLI-19231,2026-06-20 18:11:00,4851955.8,CRC,pago,sinpe,CA-001,Préstamo Hipotecario
TXN-00011410,CTA-194900,CLI-15362,2026-06-29 17:50:00,4095353.65,CRC,comision,atm,AL-001,Préstamo Hipotecario
TXN-00011411,CTA-355301,CLI-40588,2026-06-09 01:54:00,2770214.54,CRC,retiro,sinpe,LI-002,Tarjeta Crédito
TXN-00011412,CTA-340853,CLI-44307,2026-06-29 10:01:00,4120904.58,CRC,transferencia,app_movil,PU-001,Cuenta Corriente
TXN-00011413,CTA-965388,CLI-60322,2026-06-20 10:08:00,3481594.42,CRC,transferencia,app_movil,SJ-002,Tarjeta Crédito
TXN-00011414,CTA-257171,CLI-32400,2026-06-30 18:24:00,1084353.91,CRC,retiro,web,SJ-002,Cuenta Ahorro
TXN-00011415,CTA-455806,CLI-76969,2026-06-28 23:30:00,1895302.73,CRC,comision,sucursal,CA-001,Tarjeta Crédito
TXN-00011416,CTA-447594,CLI-29699,2026-06-29 00:05:00,4230641.18,CRC,deposito,atm,PU-001,Préstamo Hipotecario
TXN-00011417,CTA-252549,CLI-59814,2026-06-25 19:11:00,4439755.89,CRC,pago,sinpe,AL-001,Cuenta Corriente
TXN-00011418,CTA-627371,CLI-62585,2026-06-09 18:32:00,456349.32,CRC,comision,atm,LI-001,Cuenta Corriente
TXN-00011419,CTA-588196,CLI-20128,2026-06-28 21:30:00,4167485.27,CRC,comision,sinpe,HE-001,Cuenta Ahorro
TXN-00011420,CTA-659661,CLI-10778,2026-06-28 02:10:00,3174828.11,CRC,pago,web,SJ-002,Préstamo Personal
TXN-00011421,CTA-837806,CLI-78013,2026-06-05 12:02:00,1271601.66,CRC,deposito,web,LI-001,Cuenta Corriente
TXN-00011422,CTA-184373,CLI-38163,2026-06-24 16:29:00,264023.48,CRC,pago,atm,LI-002,Cuenta Corriente
TXN-00011423,CTA-541632,CLI-36504,2026-06-07 16:54:00,42804.67,CRC,transferencia,web,AL-001,Préstamo Personal
TXN-00011424,CTA-424669,CLI-94615,2026-06-28 10:41:00,1199368.54,CRC,pago,sucursal,SJ-002,Tarjeta Crédito
TXN-00011425,CTA-383149,CLI-33177,2026-06-27 23:46:00,1910137.33,CRC,deposito,sucursal,LI-001,Cuenta Ahorro
TXN-00011426,CTA-436901,CLI-42949,2026-06-24 07:16:00,1041070.98,CRC,deposito,atm,LI-001,Cuenta Ahorro
TXN-00011427,CTA-940363,CLI-85501,2026-06-02 16:20:00,3192736.45,CRC,transferencia,sucursal,SJ-002,Préstamo Personal
TXN-00011428,CTA-256128,CLI-52734,2026-06-21 23:46:00,1998158.82,CRC,deposito,atm,CA-001,Cuenta Ahorro
TXN-00011429,CTA-375695,CLI-94808,2026-06-05 03:33:00,4704294.6,CRC,retiro,app_movil,SJ-001,Préstamo Hipotecario
TXN-00011430,CTA-193768,CLI-14387,2026-06-02 06:46:00,1603062.79,CRC,deposito,sucursal,HE-001,Tarjeta Crédito
TXN-00011431,CTA-490124,CLI-48508,2026-06-28 17:59:00,1475556.38,CRC,pago,web,SJ-001,Préstamo Hipotecario
TXN-00011432,CTA-330569,CLI-55206,2026-06-04 23:53:00,546496.3,CRC,comision,atm,LI-002,Cuenta Corriente
TXN-00011433,CTA-964931,CLI-86064,2026-06-30 05:34:00,4891981.31,CRC,deposito,web,HE-001,Cuenta Ahorro
TXN-00011434,CTA-189637,CLI-28862,2026-06-24 03:30:00,2365700.51,CRC,pago,app_movil,HE-001,Préstamo Hipotecario
TXN-00011435,CTA-927131,CLI-49849,2026-06-28 08:58:00,2446189.77,CRC,deposito,sinpe,AL-001,Préstamo Hipotecario
TXN-00011436,CTA-345269,CLI-37673,2026-06-23 03:32:00,4063378.37,CRC,deposito,web,CA-001,Tarjeta Crédito
TXN-00011437,CTA-172831,CLI-41710,2026-06-16 17:24:00,3855458.62,CRC,transferencia,atm,LI-002,Cuenta Ahorro
TXN-00011438,CTA-261399,CLI-26912,2026-06-07 07:41:00,3489870.5,CRC,pago,sinpe,SJ-001,Préstamo Personal
TXN-00011439,CTA-798775,CLI-13615,2026-06-05 12:27:00,2285472.5,CRC,deposito,app_movil,LI-002,Cuenta Ahorro
TXN-00011440,CTA-916907,CLI-54865,2026-06-25 07:10:00,2755696.8,CRC,deposito,web,SJ-001,Cuenta Ahorro
TXN-00011441,CTA-846010,CLI-88176,2026-06-30 14:17:00,2730728.76,CRC,comision,sucursal,HE-001,Cuenta Ahorro
TXN-00011442,CTA-699772,CLI-66710,2026-06-06 05:48:00,2817479.68,CRC,comision,sucursal,SJ-002,Tarjeta Crédito
TXN-00011443,CTA-810460,CLI-52481,2026-06-14 18:12:00,1842341.8,CRC,pago,atm,SJ-001,Cuenta Corriente
TXN-00011444,CTA-515618,CLI-50273,2026-06-18 13:56:00,3161979.69,CRC,retiro,sucursal,SJ-001,Préstamo Hipotecario
TXN-00011445,CTA-740056,CLI-54150,2026-06-01 11:47:00,2554371.28,CRC,deposito,sinpe,SJ-001,Cuenta Corriente
TXN-00011446,CTA-623260,CLI-52738,2026-06-16 04:55:00,3419896.1,CRC,deposito,web,LI-002,Cuenta Ahorro
TXN-00011447,CTA-662804,CLI-33126,2026-06-19 19:06:00,763289.47,CRC,retiro,atm,AL-001,Cuenta Corriente
TXN-00011448,CTA-435353,CLI-34977,2026-06-16 17:33:00,2545546.01,CRC,deposito,sucursal,CA-001,Cuenta Ahorro
TXN-00011449,CTA-378449,CLI-30163,2026-06-15 09:17:00,2595256.67,CRC,deposito,sinpe,HE-001,Tarjeta Crédito
TXN-00011450,CTA-552273,CLI-30512,2026-06-05 05:55:00,1478236.82,CRC,deposito,atm,HE-001,Cuenta Ahorro
TXN-00011451,CTA-623791,CLI-93269,2026-06-15 00:06:00,4986213.14,CRC,comision,web,LI-001,Cuenta Ahorro
TXN-00011452,CTA-937219,CLI-41749,2026-06-21 09:15:00,3839880.81,CRC,comision,sucursal,CA-001,Cuenta Corriente
TXN-00011453,CTA-911581,CLI-94466,2026-06-05 21:35:00,2550527.72,CRC,retiro,sinpe,SJ-001,Cuenta Ahorro
TXN-00011454,CTA-324811,CLI-79311,2026-06-25 16:46:00,2289614.96,CRC,transferencia,web,SJ-001,Cuenta Ahorro
TXN-00011455,CTA-242464,CLI-21011,2026-06-28 16:13:00,1164367.77,CRC,pago,atm,SJ-001,Cuenta Corriente
TXN-00011456,CTA-992883,CLI-69689,2026-06-15 10:39:00,2135453.47,CRC,retiro,sucursal,LI-001,Préstamo Personal
TXN-00011457,CTA-244572,CLI-67585,2026-06-18 02:35:00,243354.46,CRC,pago,sinpe,SJ-002,Préstamo Personal
TXN-00011458,CTA-871293,CLI-89459,2026-06-20 00:22:00,4812287.26,CRC,pago,sucursal,LI-001,Cuenta Ahorro
TXN-00011459,CTA-795552,CLI-72460,2026-06-14 05:37:00,135403.36,CRC,deposito,atm,PU-001,Cuenta Corriente
TXN-00011460,CTA-243415,CLI-53381,2026-06-07 04:29:00,476432.19,CRC,deposito,atm,SJ-002,Préstamo Hipotecario
TXN-00011461,CTA-276836,CLI-53152,2026-06-10 22:52:00,3562507.39,CRC,deposito,web,PU-001,Cuenta Corriente
TXN-00011462,CTA-781755,CLI-56302,2026-06-30 00:47:00,1399076.25,CRC,transferencia,sucursal,AL-001,Préstamo Personal
TXN-00011463,CTA-812952,CLI-40967,2026-06-21 15:55:00,2176973.43,CRC,transferencia,atm,HE-001,Cuenta Ahorro
TXN-00011464,CTA-677566,CLI-35160,2026-06-09 02:51:00,4964418.57,CRC,pago,sucursal,AL-001,Cuenta Corriente
TXN-00011465,CTA-618640,CLI-37530,2026-06-09 22:33:00,926699.8,CRC,retiro,sucursal,SJ-001,Cuenta Corriente
TXN-00011466,CTA-109815,CLI-94209,2026-06-14 16:49:00,2736977.16,CRC,deposito,app_movil,HE-001,Tarjeta Crédito
TXN-00011467,CTA-387663,CLI-61540,2026-06-17 04:04:00,1500476.49,CRC,retiro,sucursal,CA-001,Préstamo Personal
TXN-00011468,CTA-617476,CLI-30123,2026-06-28 12:09:00,2501797.15,CRC,pago,sucursal,AL-001,Tarjeta Crédito
TXN-00011469,CTA-569941,CLI-31937,2026-06-12 00:40:00,1312659.22,CRC,deposito,atm,CA-001,Préstamo Hipotecario
TXN-00011470,CTA-963794,CLI-74093,2026-06-12 23:43:00,1198992.9,CRC,pago,sucursal,HE-001,Préstamo Hipotecario
TXN-00011471,CTA-699022,CLI-89180,2026-06-07 20:18:00,3393466.4,CRC,transferencia,sinpe,LI-001,Tarjeta Crédito
TXN-00011472,CTA-620286,CLI-55790,2026-06-26 10:26:00,3735836.19,CRC,comision,web,AL-001,Tarjeta Crédito
TXN-00011473,CTA-762036,CLI-98957,2026-06-17 18:23:00,2168712.85,CRC,comision,atm,LI-002,Cuenta Corriente
TXN-00011474,CTA-939502,CLI-99214,2026-06-11 19:47:00,16458.82,CRC,pago,app_movil,SJ-001,Cuenta Corriente
TXN-00011475,CTA-904915,CLI-89717,2026-06-20 04:49:00,1099635.6,CRC,deposito,web,AL-001,Préstamo Hipotecario
TXN-00011476,CTA-804085,CLI-44590,2026-06-10 16:38:00,2524996.27,CRC,transferencia,web,SJ-002,Tarjeta Crédito
TXN-00011477,CTA-518677,CLI-60254,2026-06-27 10:08:00,4219495.69,CRC,transferencia,web,LI-001,Préstamo Personal
TXN-00011478,CTA-618060,CLI-65896,2026-06-01 12:17:00,3321647.59,CRC,retiro,atm,AL-001,Tarjeta Crédito
TXN-00011479,CTA-709973,CLI-63498,2026-06-04 14:50:00,3651565.05,CRC,deposito,sucursal,CA-001,Préstamo Personal
TXN-00011480,CTA-976809,CLI-53690,2026-06-11 06:34:00,3533397.31,CRC,pago,sinpe,HE-001,Tarjeta Crédito
TXN-00011481,CTA-683805,CLI-47868,2026-06-29 10:24:00,374658.44,CRC,transferencia,sucursal,HE-001,Préstamo Personal
TXN-00011482,CTA-435207,CLI-39214,2026-06-15 13:53:00,2906906.12,CRC,pago,app_movil,HE-001,Tarjeta Crédito
TXN-00011483,CTA-410268,CLI-20792,2026-06-22 10:45:00,1359373.7,CRC,transferencia,sinpe,LI-001,Préstamo Personal
TXN-00011484,CTA-457572,CLI-97305,2026-06-14 23:28:00,2982152.83,CRC,deposito,sucursal,HE-001,Cuenta Ahorro
TXN-00011485,CTA-671083,CLI-58874,2026-06-08 03:24:00,337151.19,CRC,comision,sinpe,LI-001,Préstamo Personal
TXN-00011486,CTA-836715,CLI-51356,2026-06-18 02:40:00,374818.8,CRC,transferencia,app_movil,SJ-002,Préstamo Hipotecario
TXN-00011487,CTA-164518,CLI-78710,2026-06-28 15:30:00,1551010.31,CRC,pago,web,SJ-002,Préstamo Hipotecario
TXN-00011488,CTA-587747,CLI-46529,2026-06-26 16:19:00,4055252.09,CRC,comision,app_movil,SJ-002,Cuenta Corriente
TXN-00011489,CTA-704869,CLI-15749,2026-06-14 18:03:00,4686723.09,CRC,comision,app_movil,PU-001,Cuenta Ahorro
TXN-00011490,CTA-251074,CLI-31088,2026-06-18 03:39:00,3642458.89,CRC,transferencia,sinpe,LI-002,Cuenta Corriente
TXN-00011491,CTA-915167,CLI-75507,2026-06-28 10:03:00,1551688.34,CRC,transferencia,sinpe,CA-001,Préstamo Personal
TXN-00011492,CTA-278946,CLI-31530,2026-06-23 22:30:00,2286877.86,CRC,comision,app_movil,HE-001,Tarjeta Crédito
TXN-00011493,CTA-294712,CLI-93534,2026-06-16 08:37:00,1581978.29,CRC,transferencia,sinpe,SJ-002,Préstamo Hipotecario
TXN-00011494,CTA-730476,CLI-51370,2026-06-11 15:40:00,699249.16,CRC,retiro,app_movil,LI-002,Tarjeta Crédito
TXN-00011495,CTA-160205,CLI-47808,2026-06-10 09:39:00,476035.0,CRC,retiro,web,SJ-001,Cuenta Ahorro
TXN-00011496,CTA-770668,CLI-72876,2026-06-23 11:56:00,3120666.56,CRC,retiro,sinpe,LI-001,Préstamo Hipotecario
TXN-00011497,CTA-480121,CLI-76683,2026-06-14 22:12:00,3139738.24,CRC,transferencia,web,PU-001,Préstamo Personal
TXN-00011498,CTA-995738,CLI-52211,2026-06-02 08:56:00,87682.22,CRC,pago,atm,LI-001,Préstamo Hipotecario
TXN-00011499,CTA-306352,CLI-91270,2026-06-27 04:39:00,1802734.97,CRC,retiro,sinpe,LI-002,Cuenta Corriente
TXN-00011500,CTA-142803,CLI-55087,2026-06-25 06:02:00,3108641.67,CRC,transferencia,sinpe,SJ-002,Tarjeta Crédito
TXN-00011501,CTA-708653,CLI-20630,2026-06-19 19:48:00,4597005.48,CRC,comision,sinpe,LI-001,Cuenta Ahorro
TXN-00011502,CTA-306867,CLI-16613,2026-06-17 10:09:00,1827125.15,CRC,pago,web,SJ-001,Préstamo Hipotecario
TXN-00011503,CTA-363248,CLI-27795,2026-06-07 05:26:00,4520384.21,CRC,pago,app_movil,SJ-001,Cuenta Ahorro
TXN-00011504,CTA-226495,CLI-22204,2026-06-13 16:11:00,630643.49,CRC,pago,sucursal,HE-001,Préstamo Hipotecario
TXN-00011505,CTA-572527,CLI-44356,2026-06-13 19:33:00,770846.17,CRC,retiro,web,PU-001,Préstamo Hipotecario
TXN-00011506,CTA-123202,CLI-18732,2026-06-15 00:57:00,171245.74,CRC,retiro,atm,LI-001,Cuenta Ahorro
TXN-00011507,CTA-432309,CLI-13077,2026-06-08 22:42:00,1622246.41,CRC,transferencia,atm,CA-001,Cuenta Corriente
TXN-00011508,CTA-216195,CLI-16884,2026-06-17 21:45:00,3607815.33,CRC,pago,sucursal,LI-002,Cuenta Corriente
TXN-00011509,CTA-218796,CLI-95165,2026-06-24 04:43:00,764625.74,CRC,deposito,app_movil,SJ-001,Tarjeta Crédito
TXN-00011510,CTA-634670,CLI-76317,2026-06-05 00:20:00,4776363.72,CRC,pago,app_movil,AL-001,Tarjeta Crédito
TXN-00011511,CTA-773811,CLI-31175,2026-06-28 04:43:00,2248.96,CRC,transferencia,app_movil,PU-001,Préstamo Hipotecario
TXN-00011512,CTA-745833,CLI-81026,2026-06-08 14:32:00,621929.89,CRC,comision,atm,SJ-001,Tarjeta Crédito
TXN-00011513,CTA-246485,CLI-77676,2026-06-08 10:39:00,426133.21,CRC,retiro,web,PU-001,Cuenta Corriente
TXN-00011514,CTA-235539,CLI-58985,2026-06-06 19:42:00,4715501.7,CRC,comision,sucursal,PU-001,Préstamo Personal
TXN-00011515,CTA-104738,CLI-42936,2026-06-27 10:05:00,4442619.85,CRC,deposito,sucursal,LI-002,Préstamo Personal
TXN-00011516,CTA-931141,CLI-25288,2026-06-05 23:50:00,3894122.74,CRC,deposito,app_movil,CA-001,Préstamo Hipotecario
TXN-00011517,CTA-373577,CLI-15098,2026-06-13 08:32:00,733324.87,CRC,deposito,sucursal,LI-001,Tarjeta Crédito
TXN-00011518,CTA-431610,CLI-74584,2026-06-06 02:31:00,1387099.74,CRC,pago,atm,CA-001,Préstamo Hipotecario
TXN-00011519,CTA-719654,CLI-69503,2026-06-14 14:34:00,2528735.32,CRC,comision,sucursal,LI-002,Préstamo Personal
TXN-00011520,CTA-783678,CLI-20407,2026-06-27 09:35:00,417347.08,CRC,pago,atm,SJ-002,Préstamo Personal
TXN-00011521,CTA-327310,CLI-34146,2026-06-18 09:12:00,3352598.02,CRC,pago,web,PU-001,Cuenta Ahorro
TXN-00011522,CTA-561492,CLI-75986,2026-06-04 15:56:00,2983363.56,CRC,pago,web,AL-001,Préstamo Hipotecario
TXN-00011523,CTA-769396,CLI-49705,2026-06-07 19:14:00,1852996.4,CRC,comision,atm,HE-001,Cuenta Corriente
TXN-00011524,CTA-546813,CLI-39220,2026-06-18 22:16:00,4440296.21,CRC,transferencia,web,PU-001,Tarjeta Crédito
TXN-00011525,CTA-414075,CLI-13985,2026-06-14 11:43:00,1651030.12,CRC,transferencia,atm,HE-001,Cuenta Corriente
TXN-00011526,CTA-226018,CLI-44767,2026-06-19 19:09:00,3863156.32,CRC,retiro,app_movil,CA-001,Tarjeta Crédito
TXN-00011527,CTA-938373,CLI-77840,2026-06-22 06:31:00,3281013.92,CRC,deposito,sucursal,AL-001,Cuenta Ahorro
TXN-00011528,CTA-448211,CLI-49168,2026-06-21 12:00:00,4634720.79,CRC,transferencia,app_movil,SJ-001,Cuenta Ahorro
TXN-00011529,CTA-197948,CLI-32717,2026-06-23 01:17:00,4544373.21,CRC,transferencia,sucursal,HE-001,Cuenta Ahorro
TXN-00011530,CTA-761553,CLI-30874,2026-06-01 06:30:00,2643620.29,CRC,deposito,web,LI-001,Préstamo Hipotecario
TXN-00011531,CTA-503557,CLI-98667,2026-06-01 16:43:00,3244670.55,CRC,pago,app_movil,HE-001,Cuenta Ahorro
TXN-00011532,CTA-303135,CLI-50214,2026-06-18 06:23:00,2080155.12,CRC,comision,atm,LI-002,Cuenta Ahorro
TXN-00011533,CTA-253491,CLI-89790,2026-06-25 11:40:00,3420499.92,CRC,transferencia,sinpe,LI-001,Cuenta Corriente
TXN-00011534,CTA-126916,CLI-24419,2026-06-10 10:46:00,4648690.66,CRC,retiro,sucursal,SJ-002,Préstamo Personal
TXN-00011535,CTA-486462,CLI-84671,2026-06-28 12:39:00,2563789.12,CRC,pago,atm,PU-001,Cuenta Ahorro
TXN-00011536,CTA-614001,CLI-82247,2026-06-04 12:20:00,2381793.04,CRC,deposito,app_movil,SJ-002,Cuenta Ahorro
TXN-00011537,CTA-435734,CLI-83849,2026-06-23 18:42:00,4326322.73,CRC,retiro,sinpe,SJ-002,Cuenta Corriente
TXN-00011538,CTA-940587,CLI-26101,2026-06-12 04:39:00,1889263.22,CRC,pago,web,SJ-001,Cuenta Corriente
TXN-00011539,CTA-295018,CLI-92102,2026-06-08 12:14:00,1508245.53,CRC,comision,app_movil,SJ-002,Préstamo Personal
TXN-00011540,CTA-205377,CLI-12577,2026-06-24 08:32:00,1379977.34,CRC,pago,web,CA-001,Cuenta Ahorro
TXN-00011541,CTA-948338,CLI-15942,2026-06-16 22:57:00,654824.63,CRC,comision,sinpe,SJ-001,Tarjeta Crédito
TXN-00011542,CTA-551055,CLI-10160,2026-06-27 13:39:00,283245.58,CRC,comision,atm,CA-001,Cuenta Ahorro
TXN-00011543,CTA-195055,CLI-41945,2026-06-24 02:44:00,4147789.84,CRC,transferencia,sucursal,AL-001,Préstamo Hipotecario
TXN-00011544,CTA-223306,CLI-77236,2026-06-13 09:30:00,3421930.17,CRC,pago,sucursal,SJ-002,Préstamo Personal
TXN-00011545,CTA-735319,CLI-35396,2026-06-13 08:38:00,4975107.07,CRC,retiro,app_movil,AL-001,Préstamo Personal
TXN-00011546,CTA-298685,CLI-66605,2026-06-16 16:04:00,4073416.28,CRC,retiro,app_movil,PU-001,Cuenta Corriente
TXN-00011547,CTA-938968,CLI-55783,2026-06-17 12:38:00,3238605.0,CRC,transferencia,atm,PU-001,Préstamo Hipotecario
TXN-00011548,CTA-673005,CLI-82658,2026-06-04 10:21:00,2750937.75,CRC,transferencia,atm,LI-002,Préstamo Personal
TXN-00011549,CTA-885606,CLI-66761,2026-06-18 21:11:00,1309355.5,CRC,retiro,atm,CA-001,Cuenta Ahorro
TXN-00011550,CTA-779048,CLI-32637,2026-06-06 01:28:00,1330334.41,CRC,retiro,web,PU-001,Cuenta Ahorro
TXN-00011551,CTA-156359,CLI-45036,2026-06-27 02:48:00,4799546.39,CRC,transferencia,web,CA-001,Tarjeta Crédito
TXN-00011552,CTA-942347,CLI-82835,2026-06-05 09:58:00,3075595.59,CRC,pago,app_movil,AL-001,Cuenta Ahorro
TXN-00011553,CTA-892751,CLI-13683,2026-06-22 14:26:00,4420476.5,CRC,transferencia,atm,LI-002,Cuenta Ahorro
TXN-00011554,CTA-599292,CLI-93363,2026-06-15 12:23:00,4718963.55,CRC,deposito,sucursal,CA-001,Préstamo Personal
TXN-00011555,CTA-203056,CLI-92497,2026-06-22 01:46:00,4915469.29,CRC,pago,sinpe,LI-002,Préstamo Hipotecario
TXN-00011556,CTA-666170,CLI-69497,2026-06-30 19:30:00,3631284.38,CRC,comision,sucursal,LI-002,Préstamo Personal
TXN-00011557,CTA-756397,CLI-36809,2026-06-16 11:39:00,238567.65,CRC,deposito,sucursal,SJ-001,Cuenta Ahorro
TXN-00011558,CTA-883490,CLI-40225,2026-06-17 23:28:00,2566037.77,CRC,pago,web,HE-001,Cuenta Ahorro
TXN-00011559,CTA-614195,CLI-24778,2026-06-15 11:47:00,3088844.82,CRC,comision,sucursal,CA-001,Cuenta Ahorro
TXN-00011560,CTA-254818,CLI-19263,2026-06-10 19:15:00,987784.0,CRC,transferencia,atm,LI-001,Préstamo Hipotecario
TXN-00011561,CTA-928587,CLI-87665,2026-06-16 20:41:00,781536.79,CRC,retiro,app_movil,AL-001,Tarjeta Crédito
TXN-00011562,CTA-474433,CLI-22229,2026-06-28 04:39:00,4809365.3,CRC,comision,atm,SJ-002,Cuenta Corriente
TXN-00011563,CTA-694509,CLI-73231,2026-06-30 19:21:00,4815735.34,CRC,retiro,sucursal,LI-002,Préstamo Hipotecario
TXN-00011564,CTA-707217,CLI-24635,2026-06-05 14:37:00,3665467.45,CRC,comision,sinpe,SJ-001,Préstamo Personal
TXN-00011565,CTA-151657,CLI-38926,2026-06-01 09:01:00,243801.32,CRC,comision,sinpe,LI-001,Préstamo Hipotecario
TXN-00011566,CTA-332028,CLI-26848,2026-06-05 13:30:00,3721558.19,CRC,deposito,sucursal,SJ-002,Préstamo Personal
TXN-00011567,CTA-337743,CLI-74645,2026-06-01 23:55:00,146424.76,CRC,transferencia,sinpe,PU-001,Préstamo Personal
TXN-00011568,CTA-963364,CLI-10232,2026-06-04 06:10:00,2010365.66,CRC,pago,sucursal,AL-001,Préstamo Hipotecario
TXN-00011569,CTA-828375,CLI-47587,2026-06-03 17:52:00,3018232.73,CRC,transferencia,web,LI-002,Préstamo Hipotecario
TXN-00011570,CTA-218515,CLI-16279,2026-06-18 04:30:00,3193781.32,CRC,retiro,sucursal,SJ-001,Cuenta Corriente
TXN-00011571,CTA-866910,CLI-93544,2026-06-27 06:53:00,2213879.17,CRC,comision,app_movil,CA-001,Tarjeta Crédito
TXN-00011572,CTA-617862,CLI-85381,2026-06-13 04:48:00,11405.15,CRC,deposito,sinpe,PU-001,Tarjeta Crédito
TXN-00011573,CTA-749293,CLI-96552,2026-06-27 16:22:00,1079222.26,CRC,retiro,app_movil,AL-001,Cuenta Ahorro
TXN-00011574,CTA-930055,CLI-17124,2026-06-23 02:27:00,4743944.95,CRC,transferencia,sinpe,CA-001,Préstamo Hipotecario
TXN-00011575,CTA-906195,CLI-16116,2026-06-23 07:14:00,1641606.47,CRC,deposito,atm,SJ-001,Tarjeta Crédito
TXN-00011576,CTA-170291,CLI-92089,2026-06-10 23:27:00,492800.76,CRC,pago,web,SJ-001,Cuenta Corriente
TXN-00011577,CTA-177055,CLI-17496,2026-06-16 17:02:00,687491.59,CRC,pago,atm,SJ-002,Cuenta Ahorro
TXN-00011578,CTA-811884,CLI-48470,2026-06-15 15:13:00,1772411.03,CRC,retiro,sucursal,CA-001,Préstamo Personal
TXN-00011579,CTA-602223,CLI-55590,2026-06-17 20:22:00,4640864.07,CRC,transferencia,sinpe,CA-001,Tarjeta Crédito
TXN-00011580,CTA-676411,CLI-33500,2026-06-28 15:10:00,628084.42,CRC,pago,atm,SJ-002,Cuenta Ahorro
TXN-00011581,CTA-641153,CLI-53797,2026-06-14 21:29:00,1345281.11,CRC,comision,web,SJ-002,Cuenta Corriente
TXN-00011582,CTA-438014,CLI-95782,2026-06-24 01:59:00,4157522.15,CRC,comision,atm,HE-001,Tarjeta Crédito
TXN-00011583,CTA-678266,CLI-84442,2026-06-21 00:46:00,4106976.39,CRC,retiro,app_movil,CA-001,Cuenta Corriente
TXN-00011584,CTA-592443,CLI-89581,2026-06-20 09:12:00,4854932.1,CRC,retiro,atm,SJ-002,Cuenta Ahorro
TXN-00011585,CTA-992203,CLI-20431,2026-06-18 04:58:00,4566073.44,CRC,deposito,atm,AL-001,Cuenta Corriente
TXN-00011586,CTA-694515,CLI-26620,2026-06-21 10:38:00,2100580.21,CRC,retiro,sucursal,SJ-002,Cuenta Corriente
TXN-00011587,CTA-497252,CLI-70875,2026-06-23 03:26:00,422960.52,CRC,transferencia,sucursal,SJ-002,Cuenta Corriente
TXN-00011588,CTA-159434,CLI-53273,2026-06-05 03:40:00,3892694.77,CRC,transferencia,web,LI-001,Cuenta Corriente
TXN-00011589,CTA-790874,CLI-12937,2026-06-05 16:25:00,1225623.47,CRC,retiro,web,HE-001,Préstamo Personal
TXN-00011590,CTA-233182,CLI-45951,2026-06-21 14:08:00,3355390.6,CRC,transferencia,app_movil,SJ-002,Tarjeta Crédito
TXN-00011591,CTA-277293,CLI-13411,2026-06-07 10:24:00,643438.55,CRC,deposito,sinpe,CA-001,Tarjeta Crédito
TXN-00011592,CTA-632686,CLI-48532,2026-06-13 02:32:00,195303.34,CRC,retiro,sinpe,SJ-002,Préstamo Personal
TXN-00011593,CTA-410589,CLI-28267,2026-06-28 13:25:00,2369706.69,CRC,pago,sucursal,PU-001,Cuenta Ahorro
TXN-00011594,CTA-474068,CLI-64466,2026-06-10 12:45:00,1012704.97,CRC,retiro,app_movil,SJ-002,Cuenta Ahorro
TXN-00011595,CTA-861739,CLI-50710,2026-06-29 18:16:00,1373850.1,CRC,deposito,atm,LI-002,Tarjeta Crédito
TXN-00011596,CTA-910860,CLI-26864,2026-06-05 14:22:00,4603522.41,CRC,comision,web,PU-001,Préstamo Personal
TXN-00011597,CTA-805601,CLI-65150,2026-06-07 21:37:00,2024248.92,CRC,comision,sucursal,SJ-002,Tarjeta Crédito
TXN-00011598,CTA-423595,CLI-61903,2026-06-27 04:31:00,437090.67,CRC,transferencia,sinpe,PU-001,Préstamo Personal
TXN-00011599,CTA-985408,CLI-96431,2026-06-29 11:22:00,282556.49,CRC,comision,atm,AL-001,Cuenta Ahorro
TXN-00011600,CTA-119591,CLI-44844,2026-06-03 17:02:00,1692593.19,CRC,pago,atm,LI-002,Préstamo Hipotecario
TXN-00011601,CTA-433488,CLI-37554,2026-06-10 04:38:00,402830.34,CRC,deposito,sucursal,LI-002,Préstamo Personal
TXN-00011602,CTA-610594,CLI-46417,2026-06-20 00:20:00,3397604.21,CRC,comision,app_movil,CA-001,Préstamo Personal
TXN-00011603,CTA-931141,CLI-29108,2026-06-21 20:45:00,1129726.9,CRC,deposito,sinpe,HE-001,Cuenta Ahorro
TXN-00011604,CTA-991262,CLI-64828,2026-06-21 22:04:00,1746806.19,CRC,pago,sucursal,AL-001,Tarjeta Crédito
TXN-00011605,CTA-776558,CLI-23710,2026-06-23 15:47:00,4340600.04,CRC,pago,sinpe,LI-001,Tarjeta Crédito
TXN-00011606,CTA-362201,CLI-70461,2026-06-04 17:10:00,3266881.61,CRC,transferencia,web,PU-001,Cuenta Corriente
TXN-00011607,CTA-864553,CLI-58178,2026-06-28 14:55:00,1652940.49,CRC,transferencia,app_movil,SJ-002,Tarjeta Crédito
TXN-00011608,CTA-373662,CLI-29901,2026-06-21 16:08:00,601215.48,CRC,comision,sucursal,PU-001,Cuenta Ahorro
TXN-00011609,CTA-277391,CLI-17832,2026-06-13 12:21:00,3496460.81,CRC,comision,web,AL-001,Préstamo Hipotecario
TXN-00011610,CTA-261495,CLI-42603,2026-06-23 21:09:00,4964863.95,CRC,transferencia,sucursal,PU-001,Tarjeta Crédito
TXN-00011611,CTA-775296,CLI-30432,2026-06-09 04:11:00,597336.5,CRC,comision,web,AL-001,Préstamo Hipotecario
TXN-00011612,CTA-443745,CLI-84453,2026-06-23 10:55:00,1093374.45,CRC,comision,sinpe,LI-002,Préstamo Personal
TXN-00011613,CTA-726792,CLI-46897,2026-06-03 08:28:00,4343977.36,CRC,pago,atm,CA-001,Préstamo Hipotecario
TXN-00011614,CTA-350297,CLI-29948,2026-06-17 23:40:00,1511881.41,CRC,comision,app_movil,CA-001,Cuenta Corriente
TXN-00011615,CTA-748415,CLI-47012,2026-06-28 02:49:00,3371708.97,CRC,transferencia,app_movil,HE-001,Préstamo Personal
TXN-00011616,CTA-613069,CLI-19747,2026-06-21 15:42:00,3496598.45,CRC,transferencia,atm,SJ-001,Préstamo Hipotecario
TXN-00011617,CTA-867040,CLI-51899,2026-06-27 15:13:00,2832358.06,CRC,deposito,atm,HE-001,Cuenta Ahorro
TXN-00011618,CTA-552130,CLI-97908,2026-06-18 12:43:00,4617740.99,CRC,deposito,web,AL-001,Préstamo Personal
TXN-00011619,CTA-339018,CLI-68366,2026-06-26 06:51:00,4336392.05,CRC,transferencia,app_movil,AL-001,Préstamo Personal
TXN-00011620,CTA-362535,CLI-64209,2026-06-23 20:32:00,2850493.11,CRC,transferencia,sucursal,LI-001,Cuenta Corriente
TXN-00011621,CTA-402538,CLI-80487,2026-06-15 22:50:00,4399080.65,CRC,comision,atm,LI-002,Préstamo Personal
TXN-00011622,CTA-542694,CLI-46885,2026-06-18 21:40:00,4804025.43,CRC,retiro,sinpe,LI-001,Préstamo Hipotecario
TXN-00011623,CTA-327782,CLI-10534,2026-06-26 16:38:00,3432119.48,CRC,pago,app_movil,LI-002,Cuenta Corriente
TXN-00011624,CTA-162178,CLI-57414,2026-06-13 19:08:00,2048084.68,CRC,retiro,sucursal,PU-001,Préstamo Personal
TXN-00011625,CTA-608718,CLI-24595,2026-06-05 15:13:00,4045192.8,CRC,retiro,app_movil,AL-001,Tarjeta Crédito
TXN-00011626,CTA-844241,CLI-13407,2026-06-08 07:47:00,1975079.31,CRC,comision,app_movil,SJ-001,Préstamo Hipotecario
TXN-00011627,CTA-965643,CLI-69063,2026-06-30 10:16:00,3628344.62,CRC,deposito,web,SJ-002,Préstamo Personal
TXN-00011628,CTA-634778,CLI-89842,2026-06-26 14:30:00,1589744.41,CRC,deposito,app_movil,CA-001,Cuenta Ahorro
TXN-00011629,CTA-129857,CLI-87302,2026-06-04 23:20:00,1326670.86,CRC,deposito,atm,SJ-002,Tarjeta Crédito
TXN-00011630,CTA-303512,CLI-78557,2026-06-25 07:22:00,2005673.85,CRC,retiro,sucursal,SJ-002,Préstamo Hipotecario
TXN-00011631,CTA-406386,CLI-90389,2026-06-27 15:27:00,10531.74,CRC,comision,sucursal,LI-002,Tarjeta Crédito
TXN-00011632,CTA-593377,CLI-16187,2026-06-19 13:19:00,922518.99,CRC,retiro,web,CA-001,Cuenta Corriente
TXN-00011633,CTA-630303,CLI-94342,2026-06-27 14:41:00,748972.32,CRC,pago,atm,CA-001,Cuenta Ahorro
TXN-00011634,CTA-940720,CLI-81351,2026-06-15 10:12:00,2136310.05,CRC,pago,atm,LI-002,Cuenta Ahorro
TXN-00011635,CTA-724816,CLI-99087,2026-06-19 11:13:00,1249582.59,CRC,pago,sinpe,HE-001,Préstamo Personal
TXN-00011636,CTA-236868,CLI-23122,2026-06-16 08:01:00,1682450.43,CRC,pago,app_movil,AL-001,Préstamo Hipotecario
TXN-00011637,CTA-845600,CLI-89339,2026-06-06 10:01:00,2629270.95,CRC,transferencia,sinpe,PU-001,Préstamo Hipotecario
TXN-00011638,CTA-916329,CLI-50671,2026-06-08 18:48:00,1090126.45,CRC,comision,atm,PU-001,Tarjeta Crédito
TXN-00011639,CTA-321391,CLI-70926,2026-06-28 22:32:00,1629599.93,CRC,transferencia,atm,SJ-001,Préstamo Hipotecario
TXN-00011640,CTA-762772,CLI-54093,2026-06-28 16:03:00,1378434.29,CRC,deposito,app_movil,SJ-001,Tarjeta Crédito
TXN-00011641,CTA-679208,CLI-90669,2026-06-06 03:02:00,393991.78,CRC,comision,web,SJ-001,Cuenta Ahorro
TXN-00011642,CTA-747455,CLI-50296,2026-06-18 02:36:00,1756093.84,CRC,pago,app_movil,SJ-001,Cuenta Ahorro
TXN-00011643,CTA-494292,CLI-60121,2026-06-23 11:01:00,2960001.47,CRC,pago,sinpe,CA-001,Tarjeta Crédito
TXN-00011644,CTA-310042,CLI-71904,2026-06-28 19:19:00,3247906.71,CRC,deposito,sucursal,SJ-002,Préstamo Hipotecario
TXN-00011645,CTA-840250,CLI-24261,2026-06-13 04:32:00,3691843.63,CRC,retiro,atm,LI-002,Tarjeta Crédito
TXN-00011646,CTA-467727,CLI-22516,2026-06-29 07:37:00,229400.72,CRC,transferencia,sinpe,LI-002,Préstamo Personal
TXN-00011647,CTA-160137,CLI-30088,2026-06-20 02:07:00,1549594.07,CRC,comision,web,LI-002,Préstamo Personal
TXN-00011648,CTA-131283,CLI-69421,2026-06-12 09:07:00,2076614.38,CRC,retiro,app_movil,SJ-002,Préstamo Hipotecario
TXN-00011649,CTA-382640,CLI-72414,2026-06-24 19:15:00,227365.53,CRC,comision,sinpe,LI-001,Cuenta Ahorro
TXN-00011650,CTA-541028,CLI-23740,2026-06-16 09:39:00,1927844.94,CRC,retiro,sinpe,LI-001,Cuenta Ahorro
TXN-00011651,CTA-256023,CLI-82721,2026-06-14 12:57:00,4199319.63,CRC,pago,sucursal,SJ-001,Préstamo Personal
TXN-00011652,CTA-139634,CLI-59536,2026-06-30 01:32:00,4416021.06,CRC,transferencia,web,HE-001,Cuenta Corriente
TXN-00011653,CTA-405051,CLI-85038,2026-06-25 05:47:00,169350.8,CRC,deposito,web,LI-002,Cuenta Corriente
TXN-00011654,CTA-949508,CLI-29728,2026-06-22 22:29:00,4757972.16,CRC,pago,atm,CA-001,Préstamo Hipotecario
TXN-00011655,CTA-249834,CLI-11380,2026-06-23 14:44:00,4444617.35,CRC,transferencia,app_movil,HE-001,Cuenta Corriente
TXN-00011656,CTA-508433,CLI-54041,2026-06-02 18:29:00,3350425.89,CRC,comision,web,HE-001,Cuenta Corriente
TXN-00011657,CTA-959304,CLI-55224,2026-06-23 06:07:00,1395230.43,CRC,transferencia,sucursal,LI-001,Cuenta Ahorro
TXN-00011658,CTA-108931,CLI-64602,2026-06-10 14:56:00,4300358.68,CRC,comision,atm,CA-001,Cuenta Ahorro
TXN-00011659,CTA-809330,CLI-65961,2026-06-14 13:09:00,670296.41,CRC,comision,sucursal,LI-002,Cuenta Ahorro
TXN-00011660,CTA-836558,CLI-85832,2026-06-05 17:16:00,650217.87,CRC,transferencia,sinpe,LI-001,Préstamo Personal
TXN-00011661,CTA-633214,CLI-78646,2026-06-04 14:15:00,3131685.76,CRC,transferencia,atm,LI-002,Préstamo Hipotecario
TXN-00011662,CTA-733048,CLI-96649,2026-06-06 03:09:00,2161306.12,CRC,deposito,sinpe,AL-001,Tarjeta Crédito
TXN-00011663,CTA-422166,CLI-73406,2026-06-04 20:00:00,1855890.68,CRC,retiro,atm,AL-001,Préstamo Personal
TXN-00011664,CTA-306730,CLI-49650,2026-06-10 06:53:00,168566.05,CRC,transferencia,sinpe,CA-001,Tarjeta Crédito
TXN-00011665,CTA-630949,CLI-84777,2026-06-01 04:39:00,958273.35,CRC,transferencia,sucursal,HE-001,Préstamo Personal
TXN-00011666,CTA-616973,CLI-98134,2026-06-19 16:55:00,3549703.59,CRC,deposito,atm,PU-001,Tarjeta Crédito
TXN-00011667,CTA-707873,CLI-84852,2026-06-22 12:30:00,3968487.08,CRC,pago,app_movil,SJ-002,Cuenta Ahorro
TXN-00011668,CTA-604185,CLI-16681,2026-06-03 02:32:00,2981567.9,CRC,pago,app_movil,PU-001,Cuenta Ahorro
TXN-00011669,CTA-790964,CLI-95740,2026-06-01 20:42:00,4396271.3,CRC,comision,web,SJ-001,Préstamo Hipotecario
TXN-00011670,CTA-239878,CLI-44983,2026-06-15 13:39:00,2466500.74,CRC,transferencia,app_movil,AL-001,Préstamo Personal
TXN-00011671,CTA-489041,CLI-19610,2026-06-26 16:03:00,959026.33,CRC,pago,app_movil,LI-001,Préstamo Personal
TXN-00011672,CTA-233794,CLI-28741,2026-06-06 16:10:00,2770659.5,CRC,deposito,sucursal,SJ-002,Cuenta Corriente
TXN-00011673,CTA-857767,CLI-19210,2026-06-21 04:43:00,1158316.26,CRC,retiro,sucursal,AL-001,Préstamo Hipotecario
TXN-00011674,CTA-209981,CLI-88648,2026-06-02 17:21:00,229559.43,CRC,transferencia,sinpe,SJ-001,Tarjeta Crédito
TXN-00011675,CTA-471863,CLI-14005,2026-06-01 04:38:00,1264235.15,CRC,retiro,sucursal,LI-002,Tarjeta Crédito
TXN-00011676,CTA-580997,CLI-68827,2026-06-19 18:48:00,146528.95,CRC,retiro,web,LI-002,Tarjeta Crédito
TXN-00011677,CTA-283668,CLI-34014,2026-06-06 03:02:00,301828.13,CRC,pago,sinpe,HE-001,Tarjeta Crédito
TXN-00011678,CTA-754922,CLI-45605,2026-06-20 07:30:00,3721889.93,CRC,comision,atm,AL-001,Préstamo Personal
TXN-00011679,CTA-635132,CLI-29502,2026-06-04 15:21:00,743611.36,CRC,retiro,sinpe,SJ-001,Préstamo Hipotecario
TXN-00011680,CTA-592222,CLI-26441,2026-06-25 12:53:00,967304.04,CRC,deposito,app_movil,HE-001,Préstamo Hipotecario
TXN-00011681,CTA-827133,CLI-54992,2026-06-10 07:17:00,2774842.59,CRC,deposito,web,SJ-002,Tarjeta Crédito
TXN-00011682,CTA-751360,CLI-94172,2026-06-30 18:07:00,167652.88,CRC,pago,sucursal,CA-001,Cuenta Corriente
TXN-00011683,CTA-953161,CLI-80581,2026-06-12 18:38:00,3945318.92,CRC,deposito,sinpe,PU-001,Cuenta Ahorro
TXN-00011684,CTA-231072,CLI-88117,2026-06-03 10:22:00,4550148.98,CRC,retiro,atm,HE-001,Cuenta Corriente
TXN-00011685,CTA-949687,CLI-43503,2026-06-19 21:20:00,889535.37,CRC,transferencia,atm,CA-001,Préstamo Personal
TXN-00011686,CTA-186495,CLI-50574,2026-06-29 16:45:00,4422701.72,CRC,pago,sinpe,PU-001,Préstamo Personal
TXN-00011687,CTA-182012,CLI-22773,2026-06-01 06:41:00,3712051.36,CRC,transferencia,app_movil,HE-001,Préstamo Personal
TXN-00011688,CTA-739522,CLI-27806,2026-06-20 01:31:00,1569045.92,CRC,deposito,sinpe,LI-001,Cuenta Corriente
TXN-00011689,CTA-972132,CLI-61518,2026-06-05 21:56:00,4830216.36,CRC,transferencia,sinpe,AL-001,Préstamo Hipotecario
TXN-00011690,CTA-663476,CLI-88594,2026-06-03 03:39:00,4983246.31,CRC,comision,app_movil,LI-002,Préstamo Personal
TXN-00011691,CTA-122957,CLI-85727,2026-06-03 10:24:00,2463127.51,CRC,comision,sucursal,LI-002,Préstamo Hipotecario
TXN-00011692,CTA-252532,CLI-25840,2026-06-08 13:51:00,901828.62,CRC,deposito,sucursal,AL-001,Cuenta Corriente
TXN-00011693,CTA-819235,CLI-78947,2026-06-16 22:40:00,980417.12,CRC,transferencia,app_movil,AL-001,Préstamo Personal
TXN-00011694,CTA-270839,CLI-53402,2026-06-05 23:02:00,626699.83,CRC,pago,app_movil,CA-001,Préstamo Personal
TXN-00011695,CTA-144739,CLI-62402,2026-06-21 14:53:00,2574949.84,CRC,transferencia,app_movil,SJ-002,Préstamo Hipotecario
TXN-00011696,CTA-125284,CLI-38446,2026-06-21 16:53:00,1126758.85,CRC,pago,app_movil,LI-002,Préstamo Personal
TXN-00011697,CTA-648261,CLI-69490,2026-06-06 07:58:00,2891552.25,CRC,deposito,sucursal,HE-001,Préstamo Personal
TXN-00011698,CTA-491692,CLI-72113,2026-06-25 02:12:00,3885649.89,CRC,pago,web,HE-001,Préstamo Personal
TXN-00011699,CTA-226179,CLI-37343,2026-06-10 18:36:00,3742271.62,CRC,deposito,sinpe,SJ-002,Cuenta Ahorro
TXN-00011700,CTA-866774,CLI-39818,2026-06-29 02:08:00,932107.34,CRC,comision,atm,CA-001,Préstamo Personal
TXN-00011701,CTA-143070,CLI-16474,2026-06-25 06:59:00,4118890.73,CRC,transferencia,app_movil,SJ-001,Préstamo Personal
TXN-00011702,CTA-493782,CLI-96290,2026-06-20 21:56:00,1805199.73,CRC,pago,sucursal,SJ-002,Préstamo Personal
TXN-00011703,CTA-651765,CLI-97077,2026-06-25 05:42:00,2152425.4,CRC,deposito,app_movil,LI-001,Cuenta Corriente
TXN-00011704,CTA-375999,CLI-80018,2026-06-27 08:11:00,3878882.54,CRC,retiro,sinpe,LI-002,Cuenta Corriente
TXN-00011705,CTA-478053,CLI-74512,2026-06-13 14:42:00,54415.93,CRC,retiro,sucursal,LI-001,Préstamo Personal
TXN-00011706,CTA-475845,CLI-64489,2026-06-29 20:14:00,993300.87,CRC,retiro,atm,PU-001,Préstamo Hipotecario
TXN-00011707,CTA-313766,CLI-72529,2026-06-21 03:30:00,649424.81,CRC,deposito,sinpe,AL-001,Cuenta Corriente
TXN-00011708,CTA-781782,CLI-80339,2026-06-13 06:17:00,800156.52,CRC,comision,atm,HE-001,Tarjeta Crédito
TXN-00011709,CTA-817637,CLI-66186,2026-06-25 15:12:00,467812.26,CRC,deposito,atm,CA-001,Préstamo Hipotecario
TXN-00011710,CTA-296759,CLI-36760,2026-06-18 15:39:00,3121645.51,CRC,deposito,web,SJ-001,Préstamo Personal
TXN-00011711,CTA-724604,CLI-29253,2026-06-08 19:04:00,3674278.89,CRC,comision,web,PU-001,Tarjeta Crédito
TXN-00011712,CTA-934900,CLI-99881,2026-06-03 11:39:00,1790549.95,CRC,retiro,sinpe,HE-001,Cuenta Ahorro
TXN-00011713,CTA-849807,CLI-77083,2026-06-14 18:15:00,4039981.54,CRC,deposito,sucursal,LI-001,Tarjeta Crédito
TXN-00011714,CTA-827736,CLI-82616,2026-06-21 21:40:00,3118513.63,CRC,transferencia,sinpe,PU-001,Préstamo Hipotecario
TXN-00011715,CTA-207355,CLI-13815,2026-06-09 18:03:00,775042.42,CRC,comision,sinpe,LI-002,Préstamo Personal
TXN-00011716,CTA-278065,CLI-81604,2026-06-20 21:46:00,430681.36,CRC,comision,atm,HE-001,Tarjeta Crédito
TXN-00011717,CTA-341530,CLI-88380,2026-06-05 03:57:00,3267581.95,CRC,transferencia,atm,LI-001,Cuenta Ahorro
TXN-00011718,CTA-966318,CLI-78799,2026-06-13 14:21:00,841982.84,CRC,transferencia,sucursal,LI-001,Cuenta Corriente
TXN-00011719,CTA-180837,CLI-20483,2026-06-14 08:06:00,4347122.23,CRC,deposito,atm,PU-001,Tarjeta Crédito
TXN-00011720,CTA-881389,CLI-46860,2026-06-28 01:37:00,3681400.57,CRC,retiro,sucursal,LI-002,Cuenta Ahorro
TXN-00011721,CTA-420961,CLI-31161,2026-06-13 13:24:00,1230276.22,CRC,pago,sucursal,SJ-002,Préstamo Hipotecario
TXN-00011722,CTA-220596,CLI-90640,2026-06-28 23:27:00,1879933.01,CRC,transferencia,web,CA-001,Tarjeta Crédito
TXN-00011723,CTA-527162,CLI-10922,2026-06-13 14:43:00,3458389.49,CRC,retiro,atm,LI-001,Préstamo Personal
TXN-00011724,CTA-302510,CLI-85484,2026-06-18 09:17:00,3106921.61,CRC,comision,web,SJ-002,Tarjeta Crédito
TXN-00011725,CTA-888382,CLI-61792,2026-06-03 22:15:00,4685897.47,CRC,transferencia,web,LI-002,Cuenta Corriente
TXN-00011726,CTA-723179,CLI-44807,2026-06-23 00:14:00,4820582.1,CRC,comision,app_movil,LI-002,Cuenta Ahorro
TXN-00011727,CTA-485712,CLI-77139,2026-06-01 02:46:00,952042.63,CRC,pago,web,SJ-001,Cuenta Ahorro
TXN-00011728,CTA-532114,CLI-84103,2026-06-23 00:26:00,884343.95,CRC,comision,web,SJ-001,Cuenta Corriente
TXN-00011729,CTA-257878,CLI-67075,2026-06-26 14:52:00,4929648.14,CRC,pago,web,SJ-002,Cuenta Corriente
TXN-00011730,CTA-325374,CLI-36883,2026-06-22 13:43:00,2767910.47,CRC,pago,sinpe,CA-001,Préstamo Personal
TXN-00011731,CTA-125203,CLI-30922,2026-06-05 09:03:00,4361704.72,CRC,pago,app_movil,CA-001,Tarjeta Crédito
TXN-00011732,CTA-328460,CLI-29107,2026-06-05 00:25:00,4372698.12,CRC,pago,sinpe,CA-001,Cuenta Corriente
TXN-00011733,CTA-299807,CLI-65095,2026-06-05 05:02:00,4609108.03,CRC,retiro,web,LI-002,Préstamo Personal
TXN-00011734,CTA-268539,CLI-16216,2026-06-09 03:14:00,3841849.43,CRC,comision,web,LI-002,Cuenta Corriente
TXN-00011735,CTA-216208,CLI-29892,2026-06-02 17:00:00,508819.79,CRC,transferencia,app_movil,AL-001,Préstamo Personal
TXN-00011736,CTA-777831,CLI-69768,2026-06-30 07:02:00,4950057.66,CRC,comision,web,HE-001,Préstamo Hipotecario
TXN-00011737,CTA-729360,CLI-41572,2026-06-25 11:10:00,1280437.55,CRC,retiro,sucursal,AL-001,Cuenta Corriente
TXN-00011738,CTA-840583,CLI-49512,2026-06-21 08:36:00,4182716.17,CRC,comision,web,HE-001,Tarjeta Crédito
TXN-00011739,CTA-113723,CLI-37340,2026-06-06 03:10:00,716870.1,CRC,deposito,atm,LI-001,Préstamo Personal
TXN-00011740,CTA-881793,CLI-78527,2026-06-18 00:31:00,3389595.04,CRC,deposito,web,HE-001,Cuenta Corriente
TXN-00011741,CTA-639433,CLI-41306,2026-06-22 10:25:00,2446814.67,CRC,pago,web,HE-001,Préstamo Hipotecario
TXN-00011742,CTA-946945,CLI-37427,2026-06-13 22:54:00,564680.44,CRC,transferencia,atm,LI-002,Préstamo Hipotecario
TXN-00011743,CTA-408405,CLI-70763,2026-06-28 20:22:00,1913483.55,CRC,retiro,atm,LI-001,Tarjeta Crédito
TXN-00011744,CTA-853269,CLI-99765,2026-06-12 05:03:00,1580514.22,CRC,transferencia,atm,PU-001,Préstamo Personal
TXN-00011745,CTA-890737,CLI-33272,2026-06-01 05:53:00,4937623.35,CRC,retiro,sucursal,LI-001,Préstamo Hipotecario
TXN-00011746,CTA-539941,CLI-86599,2026-06-27 09:51:00,1600558.25,CRC,deposito,sucursal,AL-001,Cuenta Corriente
TXN-00011747,CTA-953288,CLI-92859,2026-06-19 22:37:00,515059.71,CRC,retiro,sinpe,CA-001,Cuenta Ahorro
TXN-00011748,CTA-367959,CLI-21234,2026-06-24 21:16:00,174001.82,CRC,retiro,atm,LI-001,Préstamo Hipotecario
TXN-00011749,CTA-510033,CLI-70940,2026-06-02 16:01:00,3730453.49,CRC,deposito,atm,LI-002,Cuenta Corriente
TXN-00011750,CTA-931978,CLI-82036,2026-06-15 12:36:00,4303672.22,CRC,pago,sucursal,AL-001,Cuenta Corriente
TXN-00011751,CTA-592014,CLI-76458,2026-06-23 06:13:00,75221.79,CRC,deposito,sucursal,SJ-001,Cuenta Ahorro
TXN-00011752,CTA-215049,CLI-24799,2026-06-28 20:33:00,470615.76,CRC,comision,sucursal,SJ-002,Préstamo Personal
TXN-00011753,CTA-778581,CLI-75720,2026-06-28 13:42:00,307353.73,CRC,retiro,web,HE-001,Cuenta Ahorro
TXN-00011754,CTA-648769,CLI-60391,2026-06-13 17:30:00,3011676.05,CRC,transferencia,sinpe,LI-001,Préstamo Hipotecario
TXN-00011755,CTA-674166,CLI-56674,2026-06-27 13:44:00,3360465.5,CRC,comision,sucursal,AL-001,Tarjeta Crédito
TXN-00011756,CTA-115132,CLI-34698,2026-06-15 10:51:00,4540025.66,CRC,deposito,web,LI-001,Cuenta Ahorro
TXN-00011757,CTA-972609,CLI-41088,2026-06-03 00:24:00,4736764.96,CRC,retiro,atm,LI-002,Préstamo Hipotecario
TXN-00011758,CTA-756057,CLI-55362,2026-06-27 17:28:00,2271323.59,CRC,deposito,sucursal,LI-001,Cuenta Ahorro
TXN-00011759,CTA-773485,CLI-86857,2026-06-16 21:19:00,2472196.08,CRC,comision,atm,CA-001,Préstamo Hipotecario
TXN-00011760,CTA-195058,CLI-18121,2026-06-07 12:05:00,3360198.61,CRC,transferencia,sucursal,AL-001,Cuenta Corriente
TXN-00011761,CTA-140984,CLI-21506,2026-06-21 08:14:00,4161602.77,CRC,transferencia,web,SJ-002,Cuenta Ahorro
TXN-00011762,CTA-143232,CLI-92781,2026-06-11 02:20:00,2615817.91,CRC,pago,atm,SJ-002,Préstamo Personal
TXN-00011763,CTA-314112,CLI-96904,2026-06-18 08:45:00,1439558.92,CRC,retiro,sucursal,HE-001,Préstamo Hipotecario
TXN-00011764,CTA-623852,CLI-50526,2026-06-09 22:07:00,165757.26,CRC,retiro,sucursal,CA-001,Cuenta Ahorro
TXN-00011765,CTA-831497,CLI-15136,2026-06-26 00:02:00,446463.5,CRC,transferencia,sinpe,CA-001,Préstamo Hipotecario
TXN-00011766,CTA-412929,CLI-45458,2026-06-25 15:15:00,2097203.51,CRC,deposito,web,SJ-001,Cuenta Ahorro
TXN-00011767,CTA-795029,CLI-37693,2026-06-21 23:32:00,387866.31,CRC,pago,web,AL-001,Cuenta Corriente
TXN-00011768,CTA-270336,CLI-33743,2026-06-17 21:57:00,3674380.59,CRC,transferencia,sinpe,AL-001,Préstamo Personal
TXN-00011769,CTA-495719,CLI-88629,2026-06-12 04:15:00,1834582.63,CRC,pago,app_movil,AL-001,Préstamo Personal
TXN-00011770,CTA-433547,CLI-58157,2026-06-28 08:07:00,2267948.67,CRC,transferencia,app_movil,SJ-002,Cuenta Ahorro
TXN-00011771,CTA-486998,CLI-98628,2026-06-10 20:22:00,2573201.04,CRC,deposito,app_movil,SJ-001,Cuenta Ahorro
TXN-00011772,CTA-878917,CLI-53617,2026-06-02 09:43:00,402054.19,CRC,comision,sinpe,SJ-001,Préstamo Hipotecario
TXN-00011773,CTA-365916,CLI-43512,2026-06-06 02:47:00,4278242.38,CRC,retiro,atm,SJ-002,Cuenta Ahorro
TXN-00011774,CTA-453667,CLI-60743,2026-06-12 10:11:00,339772.04,CRC,deposito,sucursal,HE-001,Tarjeta Crédito
TXN-00011775,CTA-689889,CLI-12125,2026-06-15 00:49:00,1884576.99,CRC,pago,sucursal,PU-001,Préstamo Hipotecario
TXN-00011776,CTA-809174,CLI-64904,2026-06-21 22:28:00,2177963.18,CRC,deposito,sinpe,LI-001,Cuenta Corriente
TXN-00011777,CTA-408889,CLI-94940,2026-06-05 05:45:00,4939404.43,CRC,comision,app_movil,AL-001,Tarjeta Crédito
TXN-00011778,CTA-243925,CLI-50087,2026-06-02 21:56:00,720646.74,CRC,deposito,sinpe,SJ-002,Préstamo Personal
TXN-00011779,CTA-683503,CLI-98312,2026-06-17 01:44:00,759422.54,CRC,pago,sucursal,SJ-001,Cuenta Ahorro
TXN-00011780,CTA-466493,CLI-49859,2026-06-26 04:44:00,2222763.65,CRC,comision,sinpe,SJ-002,Tarjeta Crédito
TXN-00011781,CTA-474222,CLI-67740,2026-06-19 19:30:00,4774373.47,CRC,pago,web,AL-001,Préstamo Personal
TXN-00011782,CTA-769363,CLI-79090,2026-06-26 04:04:00,840888.64,CRC,pago,web,CA-001,Cuenta Ahorro
TXN-00011783,CTA-431397,CLI-66614,2026-06-10 07:59:00,742795.98,CRC,comision,sucursal,LI-002,Préstamo Personal
TXN-00011784,CTA-429892,CLI-18517,2026-06-08 17:25:00,305323.03,CRC,pago,atm,SJ-001,Tarjeta Crédito
TXN-00011785,CTA-591576,CLI-98991,2026-06-28 19:47:00,1640322.83,CRC,comision,sucursal,SJ-002,Préstamo Personal
TXN-00011786,CTA-455582,CLI-16995,2026-06-11 13:17:00,3455167.01,CRC,retiro,app_movil,CA-001,Tarjeta Crédito
TXN-00011787,CTA-191758,CLI-90822,2026-06-08 10:43:00,2422467.54,CRC,comision,sinpe,SJ-002,Préstamo Hipotecario
TXN-00011788,CTA-976618,CLI-68011,2026-06-24 18:24:00,1099674.57,CRC,retiro,sucursal,AL-001,Tarjeta Crédito
TXN-00011789,CTA-407358,CLI-43678,2026-06-07 00:24:00,983739.88,CRC,retiro,sinpe,AL-001,Cuenta Corriente
TXN-00011790,CTA-252112,CLI-41256,2026-06-20 23:28:00,872451.63,CRC,deposito,sucursal,SJ-002,Tarjeta Crédito
TXN-00011791,CTA-940417,CLI-71511,2026-06-10 17:48:00,4670745.62,CRC,retiro,sucursal,SJ-001,Cuenta Ahorro
TXN-00011792,CTA-370267,CLI-46453,2026-06-13 23:02:00,1346263.61,CRC,deposito,atm,HE-001,Cuenta Corriente
TXN-00011793,CTA-763338,CLI-81302,2026-06-10 00:06:00,4351009.18,CRC,comision,web,LI-002,Cuenta Corriente
TXN-00011794,CTA-654254,CLI-11573,2026-06-17 06:40:00,1275544.33,CRC,deposito,atm,LI-001,Préstamo Personal
TXN-00011795,CTA-956879,CLI-85270,2026-06-09 04:21:00,3828086.07,CRC,transferencia,atm,LI-001,Préstamo Hipotecario
TXN-00011796,CTA-836151,CLI-84660,2026-06-11 11:00:00,4752678.34,CRC,comision,sucursal,SJ-001,Cuenta Ahorro
TXN-00011797,CTA-466440,CLI-37031,2026-06-09 23:05:00,4450163.6,CRC,retiro,sinpe,AL-001,Cuenta Ahorro
TXN-00011798,CTA-151082,CLI-21066,2026-06-10 19:45:00,761235.66,CRC,comision,web,CA-001,Cuenta Corriente
TXN-00011799,CTA-400554,CLI-56018,2026-06-18 01:42:00,1979206.49,CRC,pago,app_movil,AL-001,Préstamo Hipotecario
TXN-00011800,CTA-562610,CLI-26632,2026-06-24 09:57:00,2289227.65,CRC,deposito,app_movil,SJ-001,Cuenta Ahorro
TXN-00011801,CTA-981299,CLI-18051,2026-06-30 20:21:00,2431919.67,CRC,transferencia,app_movil,HE-001,Cuenta Ahorro
TXN-00011802,CTA-749502,CLI-35812,2026-06-08 15:03:00,1309813.24,CRC,deposito,app_movil,LI-002,Cuenta Ahorro
TXN-00011803,CTA-746726,CLI-58356,2026-06-24 08:44:00,3971867.03,CRC,transferencia,sucursal,AL-001,Préstamo Personal
TXN-00011804,CTA-858964,CLI-70613,2026-06-30 14:47:00,398981.08,CRC,retiro,web,CA-001,Cuenta Corriente
TXN-00011805,CTA-234722,CLI-95900,2026-06-11 03:08:00,2254777.61,CRC,pago,app_movil,LI-001,Cuenta Ahorro
TXN-00011806,CTA-917702,CLI-13529,2026-06-10 18:37:00,4069279.55,CRC,pago,sucursal,CA-001,Tarjeta Crédito
TXN-00011807,CTA-559580,CLI-93767,2026-06-27 06:58:00,3918894.03,CRC,deposito,sucursal,SJ-001,Cuenta Ahorro
TXN-00011808,CTA-147110,CLI-79097,2026-06-05 14:40:00,3841256.26,CRC,deposito,app_movil,LI-002,Tarjeta Crédito
TXN-00011809,CTA-208664,CLI-66922,2026-06-12 02:40:00,677497.83,CRC,retiro,sucursal,LI-001,Préstamo Hipotecario
TXN-00011810,CTA-265284,CLI-23628,2026-06-19 13:34:00,660792.65,CRC,deposito,sinpe,LI-001,Préstamo Hipotecario
TXN-00011811,CTA-597888,CLI-20957,2026-06-20 00:33:00,3674247.35,CRC,retiro,sucursal,HE-001,Tarjeta Crédito
TXN-00011812,CTA-203809,CLI-59293,2026-06-04 20:39:00,797065.44,CRC,comision,web,SJ-002,Cuenta Corriente
TXN-00011813,CTA-324306,CLI-64665,2026-06-18 05:17:00,1626629.8,CRC,deposito,sucursal,AL-001,Préstamo Hipotecario
TXN-00011814,CTA-651189,CLI-59781,2026-06-05 08:39:00,2570483.48,CRC,pago,web,HE-001,Préstamo Personal
TXN-00011815,CTA-709579,CLI-15868,2026-06-04 08:26:00,152024.42,CRC,comision,sucursal,SJ-002,Cuenta Ahorro
TXN-00011816,CTA-575051,CLI-92212,2026-06-30 17:08:00,54053.24,CRC,pago,sucursal,AL-001,Tarjeta Crédito
TXN-00011817,CTA-733115,CLI-58591,2026-06-22 21:52:00,433063.54,CRC,pago,sucursal,CA-001,Préstamo Hipotecario
TXN-00011818,CTA-742990,CLI-19079,2026-06-15 15:17:00,4508470.07,CRC,transferencia,sinpe,SJ-002,Cuenta Ahorro
TXN-00011819,CTA-111737,CLI-40860,2026-06-02 05:10:00,85225.6,CRC,pago,web,SJ-002,Préstamo Personal
TXN-00011820,CTA-289664,CLI-72634,2026-06-15 21:33:00,3171305.7,CRC,retiro,sucursal,SJ-001,Préstamo Personal
TXN-00011821,CTA-770726,CLI-90879,2026-06-21 17:32:00,3891920.81,CRC,retiro,app_movil,LI-002,Tarjeta Crédito
TXN-00011822,CTA-595445,CLI-47325,2026-06-24 16:34:00,2030069.54,CRC,comision,atm,CA-001,Préstamo Hipotecario
TXN-00011823,CTA-594012,CLI-39900,2026-06-19 09:41:00,2704352.44,CRC,retiro,atm,LI-001,Préstamo Personal
TXN-00011824,CTA-663570,CLI-71325,2026-06-14 10:27:00,1151137.16,CRC,retiro,sucursal,HE-001,Tarjeta Crédito
TXN-00011825,CTA-326223,CLI-85640,2026-06-05 16:18:00,735783.41,CRC,comision,app_movil,HE-001,Cuenta Corriente
TXN-00011826,CTA-626059,CLI-64831,2026-06-27 01:08:00,3651261.45,CRC,retiro,app_movil,PU-001,Cuenta Corriente
TXN-00011827,CTA-549287,CLI-46955,2026-06-11 20:11:00,1821454.08,CRC,comision,sinpe,LI-002,Préstamo Personal
TXN-00011828,CTA-736263,CLI-71021,2026-06-08 23:05:00,1886379.61,CRC,retiro,sucursal,SJ-001,Préstamo Hipotecario
TXN-00011829,CTA-185161,CLI-77298,2026-06-13 19:25:00,2562301.89,CRC,retiro,web,AL-001,Préstamo Hipotecario
TXN-00011830,CTA-709153,CLI-12544,2026-06-30 10:26:00,3364104.8,CRC,deposito,app_movil,LI-001,Cuenta Corriente
TXN-00011831,CTA-199944,CLI-83827,2026-06-11 06:08:00,501212.65,CRC,retiro,atm,SJ-001,Tarjeta Crédito
TXN-00011832,CTA-277932,CLI-84984,2026-06-19 08:39:00,996895.32,CRC,pago,sucursal,CA-001,Préstamo Hipotecario
TXN-00011833,CTA-758611,CLI-30157,2026-06-27 10:21:00,2932429.98,CRC,pago,atm,LI-001,Cuenta Corriente
TXN-00011834,CTA-266785,CLI-19472,2026-06-10 03:34:00,3998675.85,CRC,retiro,sucursal,CA-001,Préstamo Hipotecario
TXN-00011835,CTA-879759,CLI-79684,2026-06-10 11:16:00,2051739.78,CRC,transferencia,app_movil,SJ-001,Cuenta Corriente
TXN-00011836,CTA-314675,CLI-84856,2026-06-15 11:57:00,1634039.99,CRC,retiro,atm,SJ-002,Cuenta Corriente
TXN-00011837,CTA-732333,CLI-50168,2026-06-11 18:21:00,1167182.96,CRC,comision,sucursal,SJ-001,Cuenta Corriente
TXN-00011838,CTA-297375,CLI-95691,2026-06-04 01:32:00,4334139.28,CRC,deposito,sucursal,CA-001,Tarjeta Crédito
TXN-00011839,CTA-702936,CLI-53869,2026-06-07 19:17:00,2714323.85,CRC,deposito,sinpe,AL-001,Cuenta Ahorro
TXN-00011840,CTA-502887,CLI-54466,2026-06-14 04:17:00,630476.32,CRC,deposito,sinpe,CA-001,Tarjeta Crédito
TXN-00011841,CTA-799318,CLI-48518,2026-06-25 23:50:00,2047570.78,CRC,transferencia,atm,HE-001,Préstamo Personal
TXN-00011842,CTA-304321,CLI-62264,2026-06-27 23:54:00,1071113.32,CRC,transferencia,atm,SJ-001,Tarjeta Crédito
TXN-00011843,CTA-601239,CLI-50238,2026-06-12 03:45:00,3186654.25,CRC,retiro,atm,SJ-002,Préstamo Personal
TXN-00011844,CTA-408491,CLI-93339,2026-06-27 22:06:00,1853341.51,CRC,retiro,sucursal,LI-002,Préstamo Personal
TXN-00011845,CTA-712286,CLI-90866,2026-06-10 06:09:00,771793.74,CRC,comision,web,CA-001,Cuenta Corriente
TXN-00011846,CTA-779194,CLI-65520,2026-06-13 15:27:00,864079.63,CRC,deposito,app_movil,CA-001,Cuenta Ahorro
TXN-00011847,CTA-383823,CLI-37946,2026-06-06 11:23:00,3595272.31,CRC,pago,sinpe,LI-002,Préstamo Personal
TXN-00011848,CTA-685541,CLI-46957,2026-06-16 22:18:00,4731640.37,CRC,retiro,sucursal,SJ-001,Préstamo Personal
TXN-00011849,CTA-781203,CLI-69149,2026-06-06 23:41:00,4990298.42,CRC,transferencia,sinpe,HE-001,Cuenta Corriente
TXN-00011850,CTA-607817,CLI-63976,2026-06-28 22:03:00,2750816.78,CRC,comision,sinpe,LI-002,Cuenta Corriente
TXN-00011851,CTA-401084,CLI-29008,2026-06-22 21:04:00,3284427.55,CRC,deposito,web,SJ-002,Tarjeta Crédito
TXN-00011852,CTA-176227,CLI-97947,2026-06-11 06:44:00,1578498.31,CRC,pago,web,LI-002,Préstamo Personal
TXN-00011853,CTA-238982,CLI-57934,2026-06-24 04:22:00,4741483.0,CRC,deposito,app_movil,HE-001,Préstamo Hipotecario
TXN-00011854,CTA-627679,CLI-81639,2026-06-05 00:54:00,1698143.63,CRC,pago,sinpe,PU-001,Préstamo Personal
TXN-00011855,CTA-958154,CLI-72517,2026-06-04 11:44:00,2856638.68,CRC,transferencia,web,SJ-002,Préstamo Personal
TXN-00011856,CTA-501481,CLI-29353,2026-06-16 12:29:00,4414455.23,CRC,pago,sinpe,CA-001,Préstamo Personal
TXN-00011857,CTA-998597,CLI-84693,2026-06-02 22:39:00,3723570.69,CRC,comision,sinpe,PU-001,Tarjeta Crédito
TXN-00011858,CTA-399599,CLI-17818,2026-06-16 23:26:00,1686149.52,CRC,retiro,sucursal,SJ-002,Préstamo Hipotecario
TXN-00011859,CTA-257012,CLI-48163,2026-06-29 04:54:00,4412376.06,CRC,pago,atm,AL-001,Cuenta Ahorro
TXN-00011860,CTA-687504,CLI-98834,2026-06-19 11:50:00,4007259.91,CRC,deposito,sucursal,PU-001,Préstamo Hipotecario
TXN-00011861,CTA-826728,CLI-47736,2026-06-29 07:21:00,2048551.02,CRC,transferencia,atm,HE-001,Tarjeta Crédito
TXN-00011862,CTA-946761,CLI-73776,2026-06-17 21:24:00,4313345.9,CRC,transferencia,atm,SJ-002,Préstamo Hipotecario
TXN-00011863,CTA-798218,CLI-79148,2026-06-17 17:54:00,4936294.21,CRC,retiro,app_movil,CA-001,Tarjeta Crédito
TXN-00011864,CTA-478567,CLI-93710,2026-06-21 00:51:00,2962155.7,CRC,pago,atm,SJ-001,Préstamo Personal
TXN-00011865,CTA-560639,CLI-34155,2026-06-07 06:54:00,4854750.31,CRC,retiro,app_movil,LI-001,Préstamo Hipotecario
TXN-00011866,CTA-408907,CLI-38874,2026-06-15 21:52:00,1379581.97,CRC,pago,atm,LI-001,Tarjeta Crédito
TXN-00011867,CTA-898754,CLI-73477,2026-06-27 12:58:00,2386271.41,CRC,comision,app_movil,CA-001,Préstamo Hipotecario
TXN-00011868,CTA-847257,CLI-66317,2026-06-23 23:44:00,3716655.08,CRC,comision,sinpe,LI-002,Cuenta Ahorro
TXN-00011869,CTA-203022,CLI-66231,2026-06-24 08:53:00,4200368.28,CRC,comision,web,HE-001,Cuenta Corriente
TXN-00011870,CTA-516045,CLI-28906,2026-06-17 15:28:00,3511116.46,CRC,comision,sinpe,LI-002,Tarjeta Crédito
TXN-00011871,CTA-361823,CLI-38332,2026-06-26 08:02:00,1990861.42,CRC,transferencia,app_movil,SJ-001,Préstamo Hipotecario
TXN-00011872,CTA-922882,CLI-43910,2026-06-20 03:38:00,3572041.07,CRC,pago,web,AL-001,Préstamo Hipotecario
TXN-00011873,CTA-315135,CLI-67085,2026-06-25 23:45:00,2872399.82,CRC,pago,web,SJ-001,Préstamo Personal
TXN-00011874,CTA-163688,CLI-92469,2026-06-05 17:42:00,2284742.39,CRC,deposito,sucursal,LI-002,Cuenta Ahorro
TXN-00011875,CTA-268845,CLI-16526,2026-06-06 02:15:00,3021179.06,CRC,deposito,app_movil,CA-001,Tarjeta Crédito
TXN-00011876,CTA-896994,CLI-66713,2026-06-15 09:29:00,389386.63,CRC,retiro,atm,SJ-001,Tarjeta Crédito
TXN-00011877,CTA-128142,CLI-90906,2026-06-15 00:44:00,4930864.2,CRC,deposito,sucursal,SJ-001,Préstamo Personal
TXN-00011878,CTA-269037,CLI-49652,2026-06-06 19:41:00,1516912.76,CRC,retiro,atm,AL-001,Cuenta Ahorro
TXN-00011879,CTA-715054,CLI-64685,2026-06-03 10:15:00,2000848.9,CRC,deposito,atm,LI-001,Préstamo Hipotecario
TXN-00011880,CTA-161267,CLI-13806,2026-06-03 19:29:00,4049848.93,CRC,pago,web,AL-001,Préstamo Hipotecario
TXN-00011881,CTA-399073,CLI-61479,2026-06-28 10:04:00,3408736.26,CRC,retiro,sinpe,AL-001,Tarjeta Crédito
TXN-00011882,CTA-965740,CLI-32582,2026-06-16 07:37:00,1913476.52,CRC,retiro,web,LI-001,Cuenta Corriente
TXN-00011883,CTA-569115,CLI-58626,2026-06-25 05:30:00,4661155.51,CRC,comision,web,SJ-002,Cuenta Corriente
TXN-00011884,CTA-104313,CLI-76233,2026-06-06 07:58:00,4750208.03,CRC,deposito,atm,SJ-002,Préstamo Personal
TXN-00011885,CTA-773130,CLI-15724,2026-06-28 07:13:00,2903571.25,CRC,transferencia,app_movil,HE-001,Tarjeta Crédito
TXN-00011886,CTA-648182,CLI-76487,2026-06-24 16:18:00,2585693.01,CRC,retiro,atm,HE-001,Préstamo Hipotecario
TXN-00011887,CTA-160074,CLI-95320,2026-06-04 03:15:00,3838025.27,CRC,retiro,web,AL-001,Cuenta Ahorro
TXN-00011888,CTA-389889,CLI-23893,2026-06-15 21:14:00,3220168.4,CRC,pago,sinpe,SJ-002,Préstamo Hipotecario
TXN-00011889,CTA-522878,CLI-55871,2026-06-16 11:20:00,3835752.49,CRC,pago,sucursal,SJ-001,Cuenta Corriente
TXN-00011890,CTA-192792,CLI-53109,2026-06-11 10:45:00,2689746.5,CRC,transferencia,sucursal,AL-001,Préstamo Hipotecario
TXN-00011891,CTA-645647,CLI-61290,2026-06-22 04:21:00,3129679.61,CRC,pago,web,HE-001,Préstamo Personal
TXN-00011892,CTA-297328,CLI-59643,2026-06-06 07:28:00,869365.07,CRC,comision,sucursal,SJ-001,Préstamo Hipotecario
TXN-00011893,CTA-923228,CLI-84458,2026-06-21 07:34:00,2736394.06,CRC,pago,app_movil,SJ-001,Préstamo Personal
TXN-00011894,CTA-156548,CLI-54960,2026-06-29 23:32:00,2457102.13,CRC,retiro,sinpe,HE-001,Cuenta Corriente
TXN-00011895,CTA-135452,CLI-80673,2026-06-23 11:55:00,1761195.93,CRC,pago,sucursal,LI-002,Préstamo Hipotecario
TXN-00011896,CTA-517480,CLI-87361,2026-06-07 13:16:00,2285881.0,CRC,comision,atm,LI-002,Cuenta Ahorro
TXN-00011897,CTA-763087,CLI-16047,2026-06-06 15:32:00,829114.73,CRC,comision,sinpe,SJ-002,Préstamo Personal
TXN-00011898,CTA-536194,CLI-79502,2026-06-01 06:23:00,1228373.92,CRC,comision,sinpe,HE-001,Tarjeta Crédito
TXN-00011899,CTA-210576,CLI-77686,2026-06-23 11:10:00,1420861.35,CRC,transferencia,sucursal,SJ-001,Tarjeta Crédito
TXN-00011900,CTA-175809,CLI-61642,2026-06-20 06:53:00,629059.27,CRC,transferencia,sucursal,HE-001,Cuenta Corriente
TXN-00011901,CTA-420984,CLI-62168,2026-06-29 01:10:00,1213941.17,CRC,deposito,app_movil,PU-001,Préstamo Hipotecario
TXN-00011902,CTA-646397,CLI-61698,2026-06-21 08:03:00,3429181.89,CRC,deposito,web,LI-001,Préstamo Hipotecario
TXN-00011903,CTA-944890,CLI-21167,2026-06-19 23:00:00,4999460.45,CRC,retiro,atm,CA-001,Cuenta Corriente
TXN-00011904,CTA-987534,CLI-98161,2026-06-15 13:54:00,3566054.02,CRC,comision,sucursal,LI-002,Préstamo Personal
TXN-00011905,CTA-892121,CLI-97733,2026-06-26 02:02:00,3452929.12,CRC,transferencia,sinpe,AL-001,Cuenta Ahorro
TXN-00011906,CTA-154732,CLI-61704,2026-06-22 12:00:00,437895.8,CRC,deposito,atm,LI-001,Cuenta Corriente
TXN-00011907,CTA-443641,CLI-20734,2026-06-30 22:30:00,4305111.78,CRC,comision,atm,CA-001,Préstamo Personal
TXN-00011908,CTA-596716,CLI-48344,2026-06-11 02:17:00,5531.68,CRC,pago,atm,SJ-001,Cuenta Ahorro
TXN-00011909,CTA-301417,CLI-96049,2026-06-13 16:26:00,1496902.68,CRC,deposito,app_movil,CA-001,Tarjeta Crédito
TXN-00011910,CTA-424773,CLI-51312,2026-06-17 20:54:00,4882052.12,CRC,retiro,sucursal,SJ-001,Tarjeta Crédito
TXN-00011911,CTA-259634,CLI-46178,2026-06-28 01:23:00,2038668.52,CRC,deposito,app_movil,LI-001,Cuenta Ahorro
TXN-00011912,CTA-686537,CLI-66774,2026-06-24 12:43:00,3000299.18,CRC,transferencia,web,LI-001,Préstamo Hipotecario
TXN-00011913,CTA-871704,CLI-57022,2026-06-14 00:36:00,3509290.68,CRC,retiro,sucursal,SJ-001,Préstamo Hipotecario
TXN-00011914,CTA-407243,CLI-93363,2026-06-08 12:59:00,2571071.73,CRC,retiro,sucursal,HE-001,Cuenta Ahorro
TXN-00011915,CTA-754122,CLI-76469,2026-06-19 18:18:00,4711990.51,CRC,retiro,atm,AL-001,Préstamo Hipotecario
TXN-00011916,CTA-188095,CLI-22630,2026-06-29 09:23:00,3224444.56,CRC,transferencia,app_movil,LI-001,Préstamo Personal
TXN-00011917,CTA-155085,CLI-11809,2026-06-24 18:19:00,3761089.57,CRC,deposito,web,HE-001,Préstamo Personal
TXN-00011918,CTA-970861,CLI-22537,2026-06-28 04:33:00,2334687.07,CRC,comision,sinpe,HE-001,Cuenta Corriente
TXN-00011919,CTA-213165,CLI-18770,2026-06-07 20:44:00,4132349.74,CRC,deposito,web,SJ-001,Cuenta Ahorro
TXN-00011920,CTA-149199,CLI-55639,2026-06-24 18:20:00,4353402.29,CRC,transferencia,web,AL-001,Tarjeta Crédito
TXN-00011921,CTA-872738,CLI-40347,2026-06-06 06:35:00,3259406.77,CRC,comision,web,SJ-001,Cuenta Corriente
TXN-00011922,CTA-947977,CLI-14975,2026-06-28 22:46:00,3724877.68,CRC,transferencia,sinpe,LI-002,Cuenta Ahorro
TXN-00011923,CTA-924484,CLI-53079,2026-06-08 21:37:00,73057.47,CRC,pago,app_movil,SJ-002,Cuenta Ahorro
TXN-00011924,CTA-274224,CLI-57602,2026-06-05 13:38:00,3470717.42,CRC,transferencia,web,LI-002,Cuenta Corriente
TXN-00011925,CTA-720964,CLI-47966,2026-06-21 01:08:00,1821341.75,CRC,transferencia,web,CA-001,Cuenta Ahorro
TXN-00011926,CTA-831666,CLI-25862,2026-06-17 22:53:00,4563328.32,CRC,retiro,app_movil,SJ-002,Préstamo Hipotecario
TXN-00011927,CTA-436000,CLI-10711,2026-06-19 12:14:00,3501166.64,CRC,comision,sinpe,LI-001,Cuenta Corriente
TXN-00011928,CTA-416927,CLI-37713,2026-06-22 18:48:00,522300.71,CRC,deposito,atm,SJ-001,Préstamo Hipotecario
TXN-00011929,CTA-323899,CLI-46366,2026-06-14 19:02:00,420926.7,CRC,transferencia,app_movil,LI-002,Tarjeta Crédito
TXN-00011930,CTA-939097,CLI-22698,2026-06-05 20:51:00,4755928.67,CRC,retiro,atm,CA-001,Cuenta Corriente
TXN-00011931,CTA-127349,CLI-26177,2026-06-10 05:00:00,4637433.47,CRC,retiro,web,PU-001,Préstamo Hipotecario
TXN-00011932,CTA-207587,CLI-74342,2026-06-09 06:00:00,28443.03,CRC,pago,app_movil,LI-002,Cuenta Ahorro
TXN-00011933,CTA-522365,CLI-40959,2026-06-12 09:48:00,656530.3,CRC,transferencia,web,SJ-001,Préstamo Hipotecario
TXN-00011934,CTA-927681,CLI-59030,2026-06-25 17:52:00,2954616.63,CRC,transferencia,sucursal,LI-002,Préstamo Hipotecario
TXN-00011935,CTA-958812,CLI-62609,2026-06-27 16:32:00,165879.51,CRC,retiro,sinpe,SJ-002,Cuenta Corriente
TXN-00011936,CTA-143768,CLI-79687,2026-06-20 06:55:00,2404009.32,CRC,retiro,sucursal,PU-001,Cuenta Ahorro
TXN-00011937,CTA-239212,CLI-56410,2026-06-25 17:02:00,2768483.49,CRC,deposito,sinpe,LI-002,Cuenta Ahorro
TXN-00011938,CTA-149528,CLI-21130,2026-06-14 11:25:00,3871759.74,CRC,pago,app_movil,SJ-001,Tarjeta Crédito
TXN-00011939,CTA-112741,CLI-42650,2026-06-21 09:36:00,1435471.54,CRC,comision,app_movil,PU-001,Préstamo Personal
TXN-00011940,CTA-248376,CLI-63693,2026-06-03 05:03:00,131720.78,CRC,deposito,sucursal,PU-001,Tarjeta Crédito
TXN-00011941,CTA-571430,CLI-50406,2026-06-12 20:48:00,1119621.05,CRC,comision,atm,CA-001,Préstamo Personal
TXN-00011942,CTA-273115,CLI-73076,2026-06-24 00:56:00,4675280.2,CRC,retiro,atm,PU-001,Préstamo Personal
TXN-00011943,CTA-395290,CLI-66763,2026-06-02 22:57:00,697368.61,CRC,retiro,atm,LI-002,Préstamo Hipotecario
TXN-00011944,CTA-692642,CLI-65954,2026-06-28 09:19:00,2923570.78,CRC,comision,web,LI-002,Cuenta Ahorro
TXN-00011945,CTA-450319,CLI-14092,2026-06-03 16:33:00,4190839.11,CRC,pago,web,LI-001,Cuenta Ahorro
TXN-00011946,CTA-108296,CLI-78490,2026-06-24 05:23:00,1154858.39,CRC,retiro,atm,AL-001,Cuenta Ahorro
TXN-00011947,CTA-723194,CLI-89209,2026-06-09 15:43:00,2967210.07,CRC,comision,web,CA-001,Cuenta Ahorro
TXN-00011948,CTA-918451,CLI-14036,2026-06-30 15:39:00,3536632.0,CRC,retiro,sinpe,LI-002,Préstamo Personal
TXN-00011949,CTA-295372,CLI-41812,2026-06-12 14:08:00,2695126.18,CRC,deposito,sucursal,AL-001,Cuenta Corriente
TXN-00011950,CTA-740802,CLI-22429,2026-06-27 13:53:00,4379804.39,CRC,retiro,sucursal,LI-002,Cuenta Corriente
TXN-00011951,CTA-301783,CLI-35892,2026-06-20 18:54:00,3577128.57,CRC,transferencia,app_movil,LI-001,Préstamo Personal
TXN-00011952,CTA-971074,CLI-61069,2026-06-14 15:01:00,3478702.28,CRC,comision,atm,PU-001,Préstamo Personal
TXN-00011953,CTA-398804,CLI-69677,2026-06-23 08:25:00,3709308.82,CRC,deposito,atm,SJ-002,Cuenta Ahorro
TXN-00011954,CTA-991197,CLI-64693,2026-06-30 23:56:00,455601.89,CRC,deposito,web,LI-001,Cuenta Ahorro
TXN-00011955,CTA-705095,CLI-43000,2026-06-13 02:58:00,1580633.69,CRC,pago,web,SJ-001,Cuenta Ahorro
TXN-00011956,CTA-337392,CLI-39738,2026-06-29 23:54:00,4197878.1,CRC,retiro,web,CA-001,Cuenta Corriente
TXN-00011957,CTA-433068,CLI-66314,2026-06-13 21:44:00,1449353.76,CRC,transferencia,sinpe,CA-001,Préstamo Personal
TXN-00011958,CTA-198118,CLI-54613,2026-06-23 12:14:00,3235229.94,CRC,retiro,sinpe,SJ-002,Tarjeta Crédito
TXN-00011959,CTA-314239,CLI-37361,2026-06-22 20:26:00,3506048.63,CRC,transferencia,app_movil,CA-001,Préstamo Personal
TXN-00011960,CTA-505310,CLI-31901,2026-06-01 12:26:00,4284425.72,CRC,comision,app_movil,HE-001,Préstamo Personal
TXN-00011961,CTA-180123,CLI-46421,2026-06-02 12:44:00,4253716.6,CRC,retiro,web,LI-001,Tarjeta Crédito
TXN-00011962,CTA-484385,CLI-44200,2026-06-17 13:32:00,2022897.89,CRC,deposito,atm,AL-001,Préstamo Personal
TXN-00011963,CTA-999301,CLI-42544,2026-06-02 07:35:00,3631647.55,CRC,pago,sucursal,SJ-002,Cuenta Ahorro
TXN-00011964,CTA-758449,CLI-96145,2026-06-12 18:08:00,4556190.29,CRC,transferencia,atm,CA-001,Préstamo Personal
TXN-00011965,CTA-894060,CLI-63910,2026-06-04 22:31:00,2914557.3,CRC,comision,sinpe,LI-001,Cuenta Corriente
TXN-00011966,CTA-374053,CLI-63314,2026-06-14 06:30:00,1708576.99,CRC,deposito,web,AL-001,Cuenta Corriente
TXN-00011967,CTA-616015,CLI-24815,2026-06-22 18:34:00,1078894.87,CRC,transferencia,web,SJ-002,Cuenta Corriente
TXN-00011968,CTA-863121,CLI-11960,2026-06-04 21:02:00,1946751.61,CRC,pago,sinpe,LI-001,Cuenta Corriente
TXN-00011969,CTA-304171,CLI-22629,2026-06-19 13:23:00,3220493.15,CRC,retiro,app_movil,PU-001,Cuenta Ahorro
TXN-00011970,CTA-538245,CLI-93522,2026-06-27 10:32:00,4723372.41,CRC,pago,sinpe,LI-002,Cuenta Ahorro
TXN-00011971,CTA-183396,CLI-27520,2026-06-15 16:26:00,3710877.51,CRC,retiro,atm,SJ-002,Préstamo Personal
TXN-00011972,CTA-511848,CLI-36805,2026-06-06 06:33:00,2875698.44,CRC,retiro,sinpe,SJ-002,Cuenta Ahorro
TXN-00011973,CTA-785853,CLI-55531,2026-06-02 17:21:00,4900207.68,CRC,comision,sucursal,SJ-001,Cuenta Ahorro
TXN-00011974,CTA-104544,CLI-10841,2026-06-26 13:13:00,4292288.05,CRC,comision,atm,CA-001,Préstamo Personal
TXN-00011975,CTA-185595,CLI-82541,2026-06-11 03:09:00,4562460.3,CRC,pago,sinpe,HE-001,Tarjeta Crédito
TXN-00011976,CTA-191507,CLI-67264,2026-06-15 10:49:00,4653508.61,CRC,comision,sinpe,PU-001,Cuenta Corriente
TXN-00011977,CTA-680613,CLI-88387,2026-06-13 02:40:00,3466116.46,CRC,comision,sucursal,SJ-001,Cuenta Corriente
TXN-00011978,CTA-757968,CLI-11644,2026-06-08 19:11:00,1007626.58,CRC,comision,sucursal,SJ-001,Préstamo Personal
TXN-00011979,CTA-309938,CLI-95993,2026-06-10 21:51:00,4085636.54,CRC,pago,atm,PU-001,Préstamo Personal
TXN-00011980,CTA-501613,CLI-56259,2026-06-22 10:51:00,2014653.02,CRC,transferencia,sucursal,LI-001,Cuenta Corriente
TXN-00011981,CTA-261160,CLI-31350,2026-06-27 23:02:00,2770802.12,CRC,pago,atm,LI-001,Cuenta Corriente
TXN-00011982,CTA-436741,CLI-59926,2026-06-30 07:23:00,1437380.83,CRC,pago,app_movil,HE-001,Cuenta Corriente
TXN-00011983,CTA-986295,CLI-91899,2026-06-20 00:11:00,3353125.12,CRC,comision,sinpe,AL-001,Tarjeta Crédito
TXN-00011984,CTA-799646,CLI-19443,2026-06-25 19:10:00,3079807.5,CRC,pago,atm,HE-001,Préstamo Hipotecario
TXN-00011985,CTA-404254,CLI-24840,2026-06-14 13:11:00,4435774.24,CRC,pago,sinpe,SJ-002,Préstamo Personal
TXN-00011986,CTA-983629,CLI-67810,2026-06-01 19:50:00,907527.99,CRC,retiro,atm,LI-001,Préstamo Hipotecario
TXN-00011987,CTA-142872,CLI-78010,2026-06-26 17:16:00,60089.17,CRC,retiro,sinpe,LI-001,Préstamo Hipotecario
TXN-00011988,CTA-843708,CLI-86118,2026-06-07 10:24:00,1347663.03,CRC,deposito,app_movil,HE-001,Préstamo Hipotecario
TXN-00011989,CTA-368578,CLI-30480,2026-06-03 23:30:00,4335368.49,CRC,retiro,app_movil,LI-001,Préstamo Hipotecario
TXN-00011990,CTA-975285,CLI-30936,2026-06-14 17:37:00,3464369.18,CRC,retiro,app_movil,CA-001,Préstamo Personal
TXN-00011991,CTA-841278,CLI-56052,2026-06-13 12:36:00,1440826.8,CRC,retiro,atm,LI-002,Cuenta Corriente
TXN-00011992,CTA-587453,CLI-95108,2026-06-06 14:35:00,4147492.85,CRC,transferencia,sinpe,SJ-001,Cuenta Corriente
TXN-00011993,CTA-299424,CLI-96480,2026-06-07 16:37:00,4528507.12,CRC,transferencia,sinpe,LI-001,Préstamo Personal
TXN-00011994,CTA-162140,CLI-49603,2026-06-29 12:48:00,2704737.37,CRC,pago,web,AL-001,Préstamo Personal
TXN-00011995,CTA-734779,CLI-42716,2026-06-14 10:01:00,4092715.87,CRC,retiro,atm,PU-001,Cuenta Corriente
TXN-00011996,CTA-743046,CLI-77011,2026-06-18 03:16:00,3989343.4,CRC,pago,atm,HE-001,Cuenta Ahorro
TXN-00011997,CTA-834072,CLI-77141,2026-06-23 11:22:00,4460997.6,CRC,comision,web,SJ-001,Cuenta Ahorro
TXN-00011998,CTA-690275,CLI-77580,2026-06-11 04:26:00,2586187.8,CRC,deposito,web,LI-001,Préstamo Personal
TXN-00011999,CTA-378442,CLI-77670,2026-06-19 15:01:00,1597116.14,CRC,comision,atm,LI-001,Cuenta Ahorro
TXN-00012000,CTA-677896,CLI-66052,2026-06-02 10:58:00,1417442.97,CRC,pago,sucursal,CA-001,Cuenta Corriente
TXN-00012001,CTA-107955,CLI-16813,2026-06-12 12:35:00,4595612.66,CRC,comision,atm,SJ-001,Cuenta Ahorro
TXN-00012002,CTA-557590,CLI-71602,2026-06-18 01:46:00,4114347.9,CRC,retiro,web,LI-001,Cuenta Ahorro
TXN-00012003,CTA-909996,CLI-74500,2026-06-28 11:56:00,2066828.12,CRC,pago,app_movil,AL-001,Cuenta Ahorro
TXN-00012004,CTA-426632,CLI-26650,2026-06-24 10:29:00,1359147.08,CRC,transferencia,sucursal,HE-001,Cuenta Ahorro
TXN-00012005,CTA-678685,CLI-66772,2026-06-20 02:41:00,4553682.13,CRC,comision,app_movil,SJ-001,Préstamo Hipotecario
TXN-00012006,CTA-967497,CLI-74869,2026-06-24 06:53:00,2400376.53,CRC,comision,web,LI-002,Cuenta Ahorro
TXN-00012007,CTA-405274,CLI-63886,2026-06-18 00:00:00,3921177.01,CRC,retiro,atm,HE-001,Cuenta Ahorro
TXN-00012008,CTA-468103,CLI-71774,2026-06-23 19:45:00,4639555.17,CRC,transferencia,web,LI-001,Cuenta Ahorro
TXN-00012009,CTA-457733,CLI-30189,2026-06-03 04:29:00,4466040.61,CRC,pago,sucursal,PU-001,Tarjeta Crédito
TXN-00012010,CTA-262136,CLI-79470,2026-06-28 04:26:00,1617964.36,CRC,comision,sinpe,PU-001,Cuenta Corriente
TXN-00012011,CTA-842165,CLI-62534,2026-06-03 08:33:00,4461443.37,CRC,comision,web,SJ-002,Préstamo Personal
TXN-00012012,CTA-230635,CLI-52043,2026-06-20 12:09:00,3546946.14,CRC,pago,sucursal,LI-002,Cuenta Corriente
TXN-00012013,CTA-482917,CLI-85149,2026-06-29 20:18:00,4446856.68,CRC,retiro,atm,LI-002,Préstamo Personal
TXN-00012014,CTA-501598,CLI-59897,2026-06-29 10:18:00,2341311.92,CRC,comision,app_movil,LI-002,Cuenta Corriente
TXN-00012015,CTA-908516,CLI-22444,2026-06-01 21:00:00,2242539.83,CRC,retiro,web,AL-001,Cuenta Ahorro
TXN-00012016,CTA-241183,CLI-52491,2026-06-20 02:20:00,4935762.17,CRC,transferencia,sinpe,LI-001,Tarjeta Crédito
TXN-00012017,CTA-236778,CLI-42283,2026-06-22 08:32:00,4391493.76,CRC,transferencia,app_movil,AL-001,Cuenta Ahorro
TXN-00012018,CTA-163476,CLI-62483,2026-06-04 20:21:00,3010155.73,CRC,transferencia,sucursal,SJ-002,Préstamo Personal
TXN-00012019,CTA-706091,CLI-47338,2026-06-29 10:21:00,2289926.94,CRC,transferencia,web,LI-002,Préstamo Personal
TXN-00012020,CTA-962412,CLI-15758,2026-06-14 01:08:00,3332070.01,CRC,transferencia,app_movil,AL-001,Cuenta Ahorro
TXN-00012021,CTA-347456,CLI-59465,2026-06-05 16:14:00,2413227.46,CRC,comision,sucursal,AL-001,Cuenta Corriente
TXN-00012022,CTA-854961,CLI-72827,2026-06-28 15:49:00,3448139.71,CRC,pago,app_movil,SJ-002,Cuenta Corriente
TXN-00012023,CTA-704087,CLI-46296,2026-06-24 20:43:00,1973126.36,CRC,pago,sinpe,PU-001,Cuenta Ahorro
TXN-00012024,CTA-306670,CLI-87260,2026-06-26 01:58:00,639160.55,CRC,retiro,web,SJ-001,Préstamo Hipotecario
TXN-00012025,CTA-937651,CLI-56577,2026-06-05 16:06:00,2622022.44,CRC,retiro,web,LI-002,Préstamo Hipotecario
TXN-00012026,CTA-131965,CLI-93078,2026-06-20 17:18:00,3189967.0,CRC,deposito,atm,SJ-001,Tarjeta Crédito
TXN-00012027,CTA-563281,CLI-90730,2026-06-05 09:15:00,2932189.09,CRC,comision,app_movil,AL-001,Préstamo Personal
TXN-00012028,CTA-358384,CLI-73028,2026-06-21 20:55:00,1942243.41,CRC,deposito,app_movil,SJ-002,Préstamo Hipotecario
TXN-00012029,CTA-565741,CLI-36414,2026-06-06 12:50:00,116549.83,CRC,transferencia,atm,SJ-002,Cuenta Ahorro
TXN-00012030,CTA-225893,CLI-28788,2026-06-23 10:45:00,1837246.05,CRC,pago,app_movil,HE-001,Cuenta Corriente
TXN-00012031,CTA-832002,CLI-80186,2026-06-17 20:28:00,3354246.24,CRC,retiro,atm,CA-001,Préstamo Hipotecario
TXN-00012032,CTA-586932,CLI-81512,2026-06-25 17:04:00,4827944.69,CRC,comision,atm,LI-002,Cuenta Corriente
TXN-00012033,CTA-565091,CLI-99378,2026-06-16 19:02:00,2379919.21,CRC,comision,app_movil,PU-001,Préstamo Hipotecario
TXN-00012034,CTA-231663,CLI-54537,2026-06-20 18:08:00,2328513.07,CRC,comision,sinpe,HE-001,Préstamo Personal
TXN-00012035,CTA-360652,CLI-35831,2026-06-21 11:34:00,3757812.87,CRC,transferencia,web,AL-001,Cuenta Corriente
TXN-00012036,CTA-599802,CLI-21085,2026-06-22 07:07:00,4382930.29,CRC,deposito,sucursal,SJ-002,Cuenta Corriente
TXN-00012037,CTA-370939,CLI-24360,2026-06-10 09:07:00,2672346.21,CRC,deposito,sinpe,LI-002,Préstamo Hipotecario
TXN-00012038,CTA-181724,CLI-69994,2026-06-14 10:23:00,1351397.81,CRC,comision,sinpe,LI-002,Cuenta Ahorro
TXN-00012039,CTA-660287,CLI-73774,2026-06-24 23:21:00,2578267.88,CRC,comision,web,PU-001,Cuenta Ahorro
TXN-00012040,CTA-725517,CLI-81648,2026-06-26 08:04:00,1350666.15,CRC,pago,app_movil,AL-001,Préstamo Personal
TXN-00012041,CTA-169786,CLI-39359,2026-06-25 07:06:00,3827501.55,CRC,deposito,sucursal,LI-001,Préstamo Personal
TXN-00012042,CTA-446006,CLI-26756,2026-06-29 19:36:00,1068102.36,CRC,comision,app_movil,LI-002,Tarjeta Crédito
TXN-00012043,CTA-300830,CLI-63230,2026-06-28 15:37:00,1394233.29,CRC,deposito,sucursal,SJ-001,Préstamo Hipotecario
TXN-00012044,CTA-811064,CLI-60691,2026-06-05 18:41:00,3475202.73,CRC,retiro,sinpe,LI-001,Tarjeta Crédito
TXN-00012045,CTA-938370,CLI-81548,2026-06-16 11:46:00,3395782.06,CRC,transferencia,sinpe,SJ-002,Préstamo Hipotecario
TXN-00012046,CTA-626257,CLI-88475,2026-06-04 09:07:00,3802941.22,CRC,comision,app_movil,CA-001,Préstamo Personal
TXN-00012047,CTA-991000,CLI-52775,2026-06-29 06:34:00,3925013.19,CRC,comision,sinpe,SJ-002,Préstamo Personal
TXN-00012048,CTA-877534,CLI-37607,2026-06-07 12:35:00,4810901.84,CRC,transferencia,sucursal,HE-001,Cuenta Corriente
TXN-00012049,CTA-411159,CLI-18568,2026-06-29 14:55:00,2351948.11,CRC,pago,web,PU-001,Cuenta Corriente
TXN-00012050,CTA-675347,CLI-90155,2026-06-06 17:49:00,2967038.31,CRC,deposito,sucursal,CA-001,Préstamo Hipotecario
TXN-00012051,CTA-656978,CLI-79704,2026-06-29 11:59:00,3061288.96,CRC,pago,sinpe,LI-002,Préstamo Hipotecario
TXN-00012052,CTA-925663,CLI-45969,2026-06-28 13:54:00,3912491.38,CRC,retiro,web,LI-002,Cuenta Ahorro
TXN-00012053,CTA-589438,CLI-54101,2026-06-15 02:22:00,2171436.68,CRC,retiro,sucursal,CA-001,Tarjeta Crédito
TXN-00012054,CTA-205432,CLI-12079,2026-06-19 21:48:00,4985235.66,CRC,comision,sinpe,CA-001,Préstamo Personal
TXN-00012055,CTA-874413,CLI-64675,2026-06-09 16:24:00,4113597.09,CRC,deposito,sucursal,CA-001,Cuenta Corriente
TXN-00012056,CTA-621667,CLI-20105,2026-06-25 05:21:00,704531.04,CRC,comision,atm,LI-001,Cuenta Ahorro
TXN-00012057,CTA-881609,CLI-69652,2026-06-16 22:49:00,224670.3,CRC,pago,sucursal,CA-001,Cuenta Corriente
TXN-00012058,CTA-794914,CLI-35710,2026-06-24 09:09:00,531961.8,CRC,transferencia,atm,LI-002,Préstamo Personal
TXN-00012059,CTA-695672,CLI-84342,2026-06-24 08:18:00,2567362.34,CRC,pago,atm,HE-001,Cuenta Corriente
TXN-00012060,CTA-949399,CLI-27065,2026-06-10 19:20:00,1164610.44,CRC,retiro,atm,LI-001,Préstamo Personal
TXN-00012061,CTA-854612,CLI-83948,2026-06-29 19:15:00,4609364.48,CRC,pago,sinpe,AL-001,Cuenta Ahorro
TXN-00012062,CTA-237998,CLI-46719,2026-06-21 03:43:00,4488473.9,CRC,pago,app_movil,SJ-001,Cuenta Corriente
TXN-00012063,CTA-634493,CLI-41696,2026-06-05 04:39:00,4807438.04,CRC,retiro,sucursal,SJ-001,Cuenta Corriente
TXN-00012064,CTA-570934,CLI-89547,2026-06-04 16:21:00,2946571.72,CRC,pago,atm,AL-001,Tarjeta Crédito
TXN-00012065,CTA-767125,CLI-66114,2026-06-16 10:52:00,2428306.16,CRC,comision,web,AL-001,Préstamo Personal
TXN-00012066,CTA-284620,CLI-36518,2026-06-09 08:22:00,751019.48,CRC,pago,web,HE-001,Préstamo Personal
TXN-00012067,CTA-874267,CLI-42659,2026-06-10 23:10:00,2556858.8,CRC,deposito,sucursal,LI-002,Cuenta Corriente
TXN-00012068,CTA-248752,CLI-92969,2026-06-20 12:26:00,2420304.73,CRC,retiro,web,PU-001,Préstamo Hipotecario
TXN-00012069,CTA-971663,CLI-39380,2026-06-19 15:56:00,4386315.77,CRC,retiro,sinpe,HE-001,Cuenta Ahorro
TXN-00012070,CTA-473492,CLI-96763,2026-06-20 11:53:00,4174437.96,CRC,transferencia,sinpe,HE-001,Cuenta Ahorro
TXN-00012071,CTA-479183,CLI-43881,2026-06-21 04:45:00,3160764.24,CRC,comision,app_movil,CA-001,Préstamo Personal
TXN-00012072,CTA-643902,CLI-72387,2026-06-19 02:16:00,1388960.3,CRC,deposito,app_movil,SJ-002,Préstamo Hipotecario
TXN-00012073,CTA-770515,CLI-29428,2026-06-08 09:44:00,2525937.45,CRC,comision,sucursal,PU-001,Tarjeta Crédito
TXN-00012074,CTA-715916,CLI-45124,2026-06-30 12:39:00,2986453.64,CRC,pago,sucursal,LI-001,Cuenta Corriente
TXN-00012075,CTA-247600,CLI-54242,2026-06-16 14:17:00,1881215.92,CRC,retiro,atm,LI-001,Préstamo Hipotecario
TXN-00012076,CTA-635129,CLI-27052,2026-06-23 19:00:00,3239200.45,CRC,deposito,sucursal,LI-001,Tarjeta Crédito
TXN-00012077,CTA-625441,CLI-25036,2026-06-03 16:56:00,4173377.04,CRC,transferencia,app_movil,AL-001,Tarjeta Crédito
TXN-00012078,CTA-588056,CLI-40783,2026-06-29 03:40:00,2982998.51,CRC,deposito,sucursal,SJ-001,Cuenta Ahorro
TXN-00012079,CTA-451712,CLI-64282,2026-06-05 21:44:00,3352455.38,CRC,comision,app_movil,AL-001,Préstamo Hipotecario
TXN-00012080,CTA-366505,CLI-75853,2026-06-18 12:03:00,3276526.98,CRC,comision,sucursal,CA-001,Préstamo Personal
TXN-00012081,CTA-835190,CLI-97664,2026-06-16 11:58:00,1864912.78,CRC,transferencia,web,HE-001,Cuenta Corriente
TXN-00012082,CTA-634427,CLI-56290,2026-06-04 15:29:00,830861.77,CRC,retiro,sinpe,LI-002,Préstamo Hipotecario
TXN-00012083,CTA-454129,CLI-75246,2026-06-22 04:16:00,3616446.37,CRC,retiro,web,HE-001,Tarjeta Crédito
TXN-00012084,CTA-660203,CLI-62885,2026-06-06 11:47:00,3005356.0,CRC,transferencia,app_movil,HE-001,Cuenta Corriente
TXN-00012085,CTA-789616,CLI-31655,2026-06-26 10:36:00,84718.73,CRC,comision,app_movil,SJ-002,Cuenta Corriente
TXN-00012086,CTA-695577,CLI-64653,2026-06-09 10:06:00,139981.12,CRC,retiro,web,SJ-002,Préstamo Personal
TXN-00012087,CTA-104317,CLI-53869,2026-06-28 15:27:00,4921169.93,CRC,deposito,app_movil,SJ-001,Préstamo Hipotecario
TXN-00012088,CTA-654236,CLI-31405,2026-06-29 17:27:00,923740.99,CRC,deposito,sucursal,CA-001,Tarjeta Crédito
TXN-00012089,CTA-881296,CLI-13437,2026-06-07 01:47:00,1793523.74,CRC,retiro,sinpe,LI-001,Préstamo Hipotecario
TXN-00012090,CTA-239320,CLI-82459,2026-06-04 08:45:00,1676964.05,CRC,retiro,sucursal,CA-001,Préstamo Hipotecario
TXN-00012091,CTA-453467,CLI-51778,2026-06-25 03:57:00,2712655.0,CRC,pago,sinpe,AL-001,Préstamo Personal
TXN-00012092,CTA-864839,CLI-17132,2026-06-22 17:49:00,3555925.44,CRC,retiro,sucursal,PU-001,Tarjeta Crédito
TXN-00012093,CTA-157459,CLI-10687,2026-06-27 06:29:00,8846.46,CRC,deposito,atm,PU-001,Préstamo Personal
TXN-00012094,CTA-250968,CLI-49816,2026-06-24 11:40:00,1796534.32,CRC,deposito,atm,CA-001,Cuenta Corriente
TXN-00012095,CTA-831422,CLI-37842,2026-06-21 19:01:00,1796164.66,CRC,retiro,atm,PU-001,Préstamo Personal
TXN-00012096,CTA-539301,CLI-51928,2026-06-03 02:31:00,2900477.91,CRC,deposito,sinpe,SJ-002,Cuenta Ahorro
TXN-00012097,CTA-829191,CLI-55627,2026-06-28 06:06:00,2019918.61,CRC,deposito,atm,SJ-001,Cuenta Ahorro
TXN-00012098,CTA-259564,CLI-73414,2026-06-21 09:34:00,471847.42,CRC,transferencia,app_movil,SJ-001,Cuenta Corriente
TXN-00012099,CTA-590095,CLI-64738,2026-06-07 14:15:00,3201222.86,CRC,transferencia,sucursal,PU-001,Tarjeta Crédito
TXN-00012100,CTA-615644,CLI-64118,2026-06-28 05:37:00,1503035.27,CRC,pago,app_movil,LI-001,Préstamo Hipotecario
TXN-00012101,CTA-576073,CLI-80873,2026-06-07 21:03:00,4130251.88,CRC,retiro,sucursal,AL-001,Cuenta Corriente
TXN-00012102,CTA-647486,CLI-13289,2026-06-11 17:00:00,1732112.18,CRC,pago,web,AL-001,Cuenta Corriente
TXN-00012103,CTA-100828,CLI-66307,2026-06-06 19:15:00,4360372.88,CRC,transferencia,sucursal,AL-001,Préstamo Personal
TXN-00012104,CTA-833514,CLI-20976,2026-06-19 00:37:00,734598.23,CRC,deposito,sucursal,SJ-002,Cuenta Ahorro
TXN-00012105,CTA-979817,CLI-21799,2026-06-22 00:41:00,2513982.96,CRC,transferencia,sinpe,AL-001,Cuenta Corriente
TXN-00012106,CTA-754038,CLI-77212,2026-06-08 01:32:00,3807113.3,CRC,retiro,atm,AL-001,Préstamo Hipotecario
TXN-00012107,CTA-895645,CLI-45109,2026-06-22 03:18:00,2273532.93,CRC,deposito,sucursal,HE-001,Tarjeta Crédito
TXN-00012108,CTA-371562,CLI-34496,2026-06-01 17:15:00,1232540.94,CRC,comision,sinpe,HE-001,Cuenta Ahorro
TXN-00012109,CTA-798144,CLI-20200,2026-06-11 21:48:00,3732166.84,CRC,deposito,atm,LI-001,Préstamo Hipotecario
TXN-00012110,CTA-109158,CLI-30571,2026-06-30 19:36:00,2378194.57,CRC,transferencia,atm,AL-001,Cuenta Ahorro
TXN-00012111,CTA-283410,CLI-38818,2026-06-24 18:09:00,2817981.91,CRC,transferencia,atm,LI-001,Préstamo Personal
TXN-00012112,CTA-178552,CLI-19818,2026-06-11 09:36:00,858662.73,CRC,comision,atm,CA-001,Préstamo Personal
TXN-00012113,CTA-174166,CLI-74863,2026-06-02 12:05:00,4360554.98,CRC,retiro,sucursal,SJ-002,Préstamo Hipotecario
TXN-00012114,CTA-189279,CLI-87452,2026-06-18 09:15:00,4066189.34,CRC,deposito,app_movil,CA-001,Cuenta Corriente
TXN-00012115,CTA-615653,CLI-76287,2026-06-21 20:22:00,764492.68,CRC,transferencia,atm,PU-001,Préstamo Personal
TXN-00012116,CTA-783380,CLI-93141,2026-06-21 23:52:00,855917.45,CRC,deposito,app_movil,SJ-002,Préstamo Personal
TXN-00012117,CTA-336357,CLI-14411,2026-06-23 15:45:00,4673519.99,CRC,retiro,app_movil,HE-001,Cuenta Ahorro
TXN-00012118,CTA-278479,CLI-67323,2026-06-02 07:16:00,2019559.61,CRC,pago,sucursal,PU-001,Préstamo Hipotecario
TXN-00012119,CTA-261358,CLI-78172,2026-06-17 22:22:00,2567369.15,CRC,pago,atm,HE-001,Préstamo Personal
TXN-00012120,CTA-541946,CLI-42532,2026-06-13 07:40:00,627206.99,CRC,deposito,atm,SJ-002,Préstamo Hipotecario
TXN-00012121,CTA-272851,CLI-78742,2026-06-19 17:53:00,3882977.55,CRC,retiro,sucursal,CA-001,Cuenta Ahorro
TXN-00012122,CTA-342277,CLI-66633,2026-06-03 21:48:00,2361662.75,CRC,transferencia,sinpe,LI-002,Cuenta Ahorro
TXN-00012123,CTA-372516,CLI-61735,2026-06-10 13:36:00,3514486.76,CRC,comision,app_movil,LI-001,Préstamo Personal
TXN-00012124,CTA-984921,CLI-54815,2026-06-30 05:58:00,4126865.76,CRC,pago,sinpe,LI-001,Tarjeta Crédito
TXN-00012125,CTA-149403,CLI-60003,2026-06-26 06:19:00,3248995.06,CRC,pago,sinpe,LI-002,Préstamo Personal
TXN-00012126,CTA-508386,CLI-95388,2026-06-18 04:56:00,2973255.96,CRC,comision,atm,SJ-001,Cuenta Corriente
TXN-00012127,CTA-539564,CLI-37501,2026-06-23 00:21:00,1944799.52,CRC,comision,web,LI-001,Cuenta Ahorro
TXN-00012128,CTA-382253,CLI-19973,2026-06-11 07:00:00,2671420.85,CRC,deposito,app_movil,CA-001,Préstamo Personal
TXN-00012129,CTA-105384,CLI-45863,2026-06-26 23:47:00,2679847.28,CRC,comision,atm,LI-001,Préstamo Personal
TXN-00012130,CTA-547221,CLI-33691,2026-06-20 01:02:00,1090949.63,CRC,retiro,sinpe,SJ-001,Cuenta Corriente
TXN-00012131,CTA-489851,CLI-73019,2026-06-08 00:11:00,3885653.66,CRC,comision,app_movil,LI-001,Préstamo Personal
TXN-00012132,CTA-302502,CLI-29708,2026-06-27 22:11:00,4456997.56,CRC,comision,atm,HE-001,Cuenta Corriente
TXN-00012133,CTA-577018,CLI-17171,2026-06-13 16:57:00,2283461.9,CRC,retiro,sucursal,PU-001,Préstamo Personal
TXN-00012134,CTA-212802,CLI-91269,2026-06-17 13:22:00,4386219.92,CRC,deposito,atm,PU-001,Cuenta Ahorro
TXN-00012135,CTA-965151,CLI-63088,2026-06-13 15:41:00,3187072.79,CRC,retiro,atm,HE-001,Cuenta Corriente
TXN-00012136,CTA-584425,CLI-46102,2026-06-20 09:10:00,1360476.17,CRC,comision,sinpe,LI-002,Préstamo Hipotecario
TXN-00012137,CTA-145815,CLI-44813,2026-06-17 06:28:00,2822737.8,CRC,comision,sucursal,CA-001,Cuenta Corriente
TXN-00012138,CTA-961767,CLI-18670,2026-06-24 08:31:00,4532757.99,CRC,deposito,sinpe,AL-001,Cuenta Corriente
TXN-00012139,CTA-543913,CLI-23724,2026-06-14 13:48:00,159965.27,CRC,comision,web,LI-001,Préstamo Hipotecario
TXN-00012140,CTA-791003,CLI-46801,2026-06-27 15:38:00,1243644.32,CRC,deposito,web,PU-001,Cuenta Corriente
TXN-00012141,CTA-798935,CLI-87410,2026-06-24 21:28:00,1552289.72,CRC,retiro,sucursal,AL-001,Cuenta Ahorro
TXN-00012142,CTA-315094,CLI-12708,2026-06-28 22:02:00,2661864.65,CRC,comision,sinpe,LI-002,Cuenta Corriente
TXN-00012143,CTA-851251,CLI-90277,2026-06-21 07:27:00,3400367.9,CRC,retiro,sinpe,AL-001,Préstamo Hipotecario
TXN-00012144,CTA-636960,CLI-56124,2026-06-28 02:40:00,3728411.27,CRC,transferencia,sucursal,SJ-001,Cuenta Ahorro
TXN-00012145,CTA-596748,CLI-14315,2026-06-22 19:28:00,3402972.6,CRC,transferencia,atm,LI-002,Cuenta Corriente
TXN-00012146,CTA-661375,CLI-19885,2026-06-10 13:32:00,456683.73,CRC,comision,web,LI-002,Cuenta Ahorro
TXN-00012147,CTA-814878,CLI-51425,2026-06-15 00:06:00,2138456.3,CRC,comision,app_movil,LI-002,Tarjeta Crédito
TXN-00012148,CTA-782408,CLI-73006,2026-06-10 02:50:00,3798015.56,CRC,transferencia,web,HE-001,Tarjeta Crédito
TXN-00012149,CTA-212914,CLI-92721,2026-06-14 05:45:00,384471.77,CRC,transferencia,sinpe,LI-001,Préstamo Hipotecario
TXN-00012150,CTA-363592,CLI-53823,2026-06-12 10:38:00,1805296.03,CRC,pago,sucursal,LI-001,Cuenta Ahorro
TXN-00012151,CTA-202830,CLI-46034,2026-06-08 23:14:00,2277626.36,CRC,deposito,app_movil,SJ-002,Préstamo Hipotecario
TXN-00012152,CTA-851824,CLI-55199,2026-06-30 10:49:00,1287215.61,CRC,pago,app_movil,PU-001,Préstamo Personal
TXN-00012153,CTA-251561,CLI-88660,2026-06-04 11:01:00,75262.25,CRC,pago,sucursal,LI-002,Préstamo Personal
TXN-00012154,CTA-240174,CLI-85023,2026-06-07 08:20:00,4204960.36,CRC,transferencia,atm,SJ-001,Tarjeta Crédito
TXN-00012155,CTA-592370,CLI-32553,2026-06-14 02:57:00,2884679.49,CRC,pago,app_movil,PU-001,Tarjeta Crédito
TXN-00012156,CTA-321385,CLI-90970,2026-06-07 11:40:00,1542463.67,CRC,transferencia,app_movil,HE-001,Préstamo Personal
TXN-00012157,CTA-152855,CLI-82839,2026-06-17 12:52:00,802921.9,CRC,comision,web,LI-002,Cuenta Corriente
TXN-00012158,CTA-395976,CLI-46048,2026-06-07 08:27:00,4545373.35,CRC,pago,atm,PU-001,Tarjeta Crédito
TXN-00012159,CTA-595293,CLI-27593,2026-06-05 05:14:00,3728704.93,CRC,retiro,atm,LI-002,Cuenta Ahorro
TXN-00012160,CTA-741510,CLI-30258,2026-06-11 14:09:00,1012040.75,CRC,transferencia,web,AL-001,Tarjeta Crédito
TXN-00012161,CTA-960796,CLI-35969,2026-06-26 04:09:00,2159473.02,CRC,pago,web,HE-001,Préstamo Hipotecario
TXN-00012162,CTA-777330,CLI-30101,2026-06-08 00:13:00,1367997.0,CRC,transferencia,sinpe,LI-002,Tarjeta Crédito
TXN-00012163,CTA-881318,CLI-58485,2026-06-10 00:49:00,4541306.77,CRC,comision,app_movil,LI-002,Préstamo Hipotecario
TXN-00012164,CTA-631312,CLI-10155,2026-06-03 21:34:00,4956347.17,CRC,comision,atm,LI-001,Préstamo Hipotecario
TXN-00012165,CTA-759247,CLI-60228,2026-06-29 19:41:00,2455392.83,CRC,retiro,web,HE-001,Cuenta Ahorro
TXN-00012166,CTA-677443,CLI-81090,2026-06-25 17:45:00,654739.94,CRC,pago,sucursal,LI-002,Tarjeta Crédito
TXN-00012167,CTA-976781,CLI-63549,2026-06-27 19:19:00,908404.63,CRC,comision,sucursal,AL-001,Cuenta Ahorro
TXN-00012168,CTA-769612,CLI-34640,2026-06-23 10:56:00,3323811.36,CRC,pago,app_movil,LI-001,Tarjeta Crédito
TXN-00012169,CTA-730702,CLI-90113,2026-06-10 06:19:00,4117221.08,CRC,transferencia,sucursal,AL-001,Préstamo Personal
TXN-00012170,CTA-740203,CLI-99667,2026-06-20 05:05:00,1455812.51,CRC,deposito,sinpe,AL-001,Tarjeta Crédito
TXN-00012171,CTA-270871,CLI-86310,2026-06-29 12:54:00,4937089.35,CRC,transferencia,atm,SJ-002,Préstamo Personal
TXN-00012172,CTA-677675,CLI-89321,2026-06-01 22:24:00,1284894.98,CRC,comision,sucursal,CA-001,Cuenta Corriente
TXN-00012173,CTA-423636,CLI-90822,2026-06-27 17:21:00,2001431.34,CRC,comision,sucursal,AL-001,Préstamo Hipotecario
TXN-00012174,CTA-576789,CLI-42920,2026-06-27 01:46:00,4398010.25,CRC,transferencia,sinpe,AL-001,Tarjeta Crédito
TXN-00012175,CTA-991499,CLI-85075,2026-06-17 07:05:00,2414728.72,CRC,retiro,app_movil,PU-001,Cuenta Corriente
TXN-00012176,CTA-170320,CLI-78226,2026-06-07 08:45:00,2865278.81,CRC,pago,sucursal,SJ-002,Cuenta Corriente
TXN-00012177,CTA-728431,CLI-34227,2026-06-03 17:16:00,68554.28,CRC,pago,app_movil,SJ-002,Préstamo Hipotecario
TXN-00012178,CTA-748581,CLI-11907,2026-06-07 05:32:00,4808577.02,CRC,comision,atm,AL-001,Tarjeta Crédito
TXN-00012179,CTA-610944,CLI-58017,2026-06-18 08:05:00,1721419.22,CRC,deposito,atm,LI-002,Préstamo Personal
TXN-00012180,CTA-231524,CLI-43083,2026-06-04 06:06:00,4661169.58,CRC,pago,app_movil,AL-001,Tarjeta Crédito
TXN-00012181,CTA-314751,CLI-90284,2026-06-04 16:32:00,2002556.4,CRC,pago,atm,SJ-002,Tarjeta Crédito
TXN-00012182,CTA-553527,CLI-20532,2026-06-02 23:50:00,2496190.21,CRC,transferencia,web,PU-001,Cuenta Corriente
TXN-00012183,CTA-498868,CLI-84869,2026-06-05 10:58:00,3890756.81,CRC,pago,sinpe,LI-002,Cuenta Ahorro
TXN-00012184,CTA-740307,CLI-82803,2026-06-29 08:18:00,562860.02,CRC,comision,sinpe,SJ-002,Cuenta Ahorro
TXN-00012185,CTA-300676,CLI-84372,2026-06-29 13:14:00,4349453.11,CRC,transferencia,sucursal,LI-002,Préstamo Personal
TXN-00012186,CTA-200530,CLI-34953,2026-06-10 21:41:00,2402945.87,CRC,deposito,atm,PU-001,Tarjeta Crédito
TXN-00012187,CTA-877177,CLI-46061,2026-06-01 00:59:00,2275505.45,CRC,retiro,atm,HE-001,Cuenta Ahorro
TXN-00012188,CTA-931207,CLI-41234,2026-06-24 20:51:00,4349762.69,CRC,comision,app_movil,CA-001,Cuenta Corriente
TXN-00012189,CTA-319699,CLI-64763,2026-06-23 06:46:00,4649559.65,CRC,transferencia,sinpe,SJ-002,Cuenta Corriente
TXN-00012190,CTA-209942,CLI-78877,2026-06-29 14:04:00,4814241.97,CRC,retiro,atm,SJ-001,Tarjeta Crédito
TXN-00012191,CTA-839960,CLI-44087,2026-06-12 19:29:00,4349664.74,CRC,transferencia,web,PU-001,Cuenta Corriente
TXN-00012192,CTA-732618,CLI-96392,2026-06-01 03:19:00,4257159.07,CRC,retiro,sucursal,LI-002,Tarjeta Crédito
TXN-00012193,CTA-153752,CLI-69480,2026-06-28 15:40:00,1605418.97,CRC,retiro,atm,LI-001,Tarjeta Crédito
TXN-00012194,CTA-107990,CLI-31873,2026-06-30 19:06:00,2273954.12,CRC,pago,sinpe,LI-001,Préstamo Hipotecario
TXN-00012195,CTA-422839,CLI-69732,2026-06-09 08:38:00,4808003.12,CRC,pago,sucursal,AL-001,Cuenta Ahorro
TXN-00012196,CTA-282458,CLI-83042,2026-06-24 13:39:00,3439383.75,CRC,deposito,sucursal,AL-001,Cuenta Corriente
TXN-00012197,CTA-845735,CLI-77139,2026-06-30 09:12:00,4993017.96,CRC,transferencia,web,SJ-001,Cuenta Corriente
TXN-00012198,CTA-286525,CLI-64781,2026-06-21 04:32:00,2861611.53,CRC,transferencia,sinpe,LI-001,Préstamo Hipotecario
TXN-00012199,CTA-636479,CLI-80094,2026-06-10 20:56:00,3202440.94,CRC,comision,atm,LI-002,Préstamo Hipotecario
TXN-00012200,CTA-643175,CLI-82937,2026-06-25 17:52:00,2734044.41,CRC,comision,web,AL-001,Préstamo Personal
TXN-00012201,CTA-217606,CLI-77646,2026-06-21 16:07:00,4432754.9,CRC,transferencia,app_movil,AL-001,Préstamo Hipotecario
TXN-00012202,CTA-464529,CLI-80704,2026-06-04 21:17:00,2118630.51,CRC,deposito,sinpe,HE-001,Cuenta Corriente
TXN-00012203,CTA-556633,CLI-37000,2026-06-17 13:32:00,2956992.26,CRC,retiro,sinpe,LI-002,Cuenta Ahorro
TXN-00012204,CTA-196439,CLI-19712,2026-06-30 04:47:00,3061794.28,CRC,comision,web,AL-001,Cuenta Ahorro
TXN-00012205,CTA-831706,CLI-22486,2026-06-13 04:30:00,2658874.07,CRC,deposito,sinpe,CA-001,Cuenta Corriente
TXN-00012206,CTA-313601,CLI-14707,2026-06-09 20:54:00,1676877.64,CRC,pago,web,PU-001,Préstamo Personal
TXN-00012207,CTA-938423,CLI-75055,2026-06-30 15:26:00,3266014.96,CRC,transferencia,app_movil,LI-001,Préstamo Hipotecario
TXN-00012208,CTA-904034,CLI-93580,2026-06-12 18:46:00,1006525.7,CRC,deposito,atm,AL-001,Préstamo Hipotecario
TXN-00012209,CTA-533395,CLI-41725,2026-06-02 01:05:00,2013665.41,CRC,retiro,sucursal,SJ-001,Tarjeta Crédito
TXN-00012210,CTA-104985,CLI-26845,2026-06-25 17:19:00,4318555.43,CRC,retiro,sucursal,SJ-002,Préstamo Personal
TXN-00012211,CTA-160848,CLI-57576,2026-06-23 09:50:00,1765841.98,CRC,transferencia,sinpe,HE-001,Tarjeta Crédito
TXN-00012212,CTA-760606,CLI-85146,2026-06-08 13:57:00,657610.78,CRC,comision,web,AL-001,Préstamo Personal
TXN-00012213,CTA-111987,CLI-57373,2026-06-29 02:55:00,800650.97,CRC,comision,atm,HE-001,Préstamo Hipotecario
TXN-00012214,CTA-937456,CLI-55718,2026-06-08 16:05:00,2348987.95,CRC,deposito,sucursal,LI-002,Cuenta Corriente
TXN-00012215,CTA-341391,CLI-29919,2026-06-30 06:51:00,3374156.13,CRC,comision,web,CA-001,Cuenta Ahorro
TXN-00012216,CTA-413366,CLI-18163,2026-06-26 17:54:00,3561566.55,CRC,retiro,sucursal,SJ-002,Préstamo Personal
TXN-00012217,CTA-402460,CLI-62221,2026-06-24 02:07:00,2698200.88,CRC,retiro,atm,SJ-001,Tarjeta Crédito
TXN-00012218,CTA-549930,CLI-65733,2026-06-01 18:50:00,3252104.84,CRC,transferencia,atm,PU-001,Cuenta Corriente
TXN-00012219,CTA-788733,CLI-70493,2026-06-22 23:27:00,1210308.73,CRC,deposito,atm,SJ-002,Préstamo Personal
TXN-00012220,CTA-342403,CLI-31741,2026-06-29 13:50:00,603386.08,CRC,pago,sucursal,SJ-002,Cuenta Ahorro
TXN-00012221,CTA-272145,CLI-92713,2026-06-15 12:01:00,4599667.83,CRC,transferencia,web,PU-001,Préstamo Hipotecario
TXN-00012222,CTA-896796,CLI-59755,2026-06-10 15:45:00,3690348.4,CRC,comision,atm,AL-001,Tarjeta Crédito
TXN-00012223,CTA-263407,CLI-16848,2026-06-16 21:04:00,1629920.23,CRC,deposito,sucursal,PU-001,Cuenta Ahorro
TXN-00012224,CTA-907488,CLI-36656,2026-06-08 19:05:00,1827785.62,CRC,pago,app_movil,SJ-001,Préstamo Hipotecario
TXN-00012225,CTA-133560,CLI-74433,2026-06-13 17:44:00,869084.93,CRC,deposito,sucursal,SJ-001,Préstamo Personal
TXN-00012226,CTA-752227,CLI-21579,2026-06-22 10:28:00,4935276.05,CRC,deposito,app_movil,LI-002,Préstamo Personal
TXN-00012227,CTA-248730,CLI-96250,2026-06-12 12:48:00,213396.46,CRC,comision,sucursal,PU-001,Cuenta Corriente
TXN-00012228,CTA-510386,CLI-56248,2026-06-28 20:05:00,2225297.23,CRC,pago,atm,AL-001,Tarjeta Crédito
TXN-00012229,CTA-968662,CLI-33427,2026-06-08 20:54:00,3199127.99,CRC,pago,web,CA-001,Préstamo Personal
TXN-00012230,CTA-141936,CLI-31481,2026-06-11 19:52:00,4995162.06,CRC,retiro,sinpe,CA-001,Cuenta Ahorro
TXN-00012231,CTA-942222,CLI-54527,2026-06-01 00:20:00,4691208.25,CRC,deposito,app_movil,HE-001,Cuenta Corriente
TXN-00012232,CTA-875952,CLI-78029,2026-06-19 07:56:00,4845295.63,CRC,pago,sucursal,SJ-001,Cuenta Corriente
TXN-00012233,CTA-903916,CLI-33098,2026-06-20 18:03:00,3048639.58,CRC,deposito,sucursal,HE-001,Préstamo Personal
TXN-00012234,CTA-331458,CLI-34557,2026-06-24 19:02:00,2551857.07,CRC,transferencia,sucursal,SJ-002,Tarjeta Crédito
TXN-00012235,CTA-207356,CLI-75472,2026-06-14 20:32:00,4964098.93,CRC,retiro,web,LI-001,Préstamo Hipotecario
TXN-00012236,CTA-824632,CLI-53603,2026-06-07 00:02:00,1752582.55,CRC,pago,web,SJ-002,Cuenta Corriente
TXN-00012237,CTA-179482,CLI-33805,2026-06-27 09:29:00,4645654.07,CRC,transferencia,sinpe,AL-001,Tarjeta Crédito
TXN-00012238,CTA-783161,CLI-56168,2026-06-14 22:05:00,2212581.0,CRC,transferencia,atm,SJ-002,Cuenta Ahorro
TXN-00012239,CTA-720944,CLI-13557,2026-06-27 16:01:00,330922.58,CRC,pago,sinpe,PU-001,Cuenta Ahorro
TXN-00012240,CTA-365847,CLI-83948,2026-06-04 01:23:00,775967.55,CRC,comision,sucursal,LI-001,Préstamo Personal
TXN-00012241,CTA-486751,CLI-22954,2026-06-07 08:19:00,2948637.42,CRC,comision,app_movil,PU-001,Cuenta Ahorro
TXN-00012242,CTA-439927,CLI-38025,2026-06-09 11:53:00,1665893.68,CRC,pago,atm,SJ-001,Préstamo Hipotecario
TXN-00012243,CTA-287683,CLI-92425,2026-06-17 13:33:00,1312605.67,CRC,pago,web,SJ-001,Tarjeta Crédito
TXN-00012244,CTA-527599,CLI-85819,2026-06-07 17:01:00,3282322.76,CRC,retiro,sinpe,CA-001,Cuenta Corriente
TXN-00012245,CTA-587649,CLI-33455,2026-06-28 08:25:00,1495547.18,CRC,deposito,app_movil,SJ-002,Préstamo Hipotecario
TXN-00012246,CTA-577832,CLI-39869,2026-06-02 23:00:00,684907.45,CRC,pago,sinpe,SJ-002,Cuenta Ahorro
TXN-00012247,CTA-581744,CLI-40442,2026-06-06 10:08:00,1649306.49,CRC,retiro,sinpe,SJ-001,Cuenta Corriente
TXN-00012248,CTA-475205,CLI-63976,2026-06-20 02:31:00,1659951.75,CRC,pago,app_movil,PU-001,Tarjeta Crédito
TXN-00012249,CTA-429014,CLI-41979,2026-06-17 22:46:00,1473478.59,CRC,transferencia,web,CA-001,Tarjeta Crédito
TXN-00012250,CTA-607329,CLI-20698,2026-06-03 17:39:00,3785879.39,CRC,transferencia,sucursal,AL-001,Tarjeta Crédito
TXN-00012251,CTA-865814,CLI-45574,2026-06-15 07:13:00,2403953.67,CRC,deposito,atm,LI-001,Tarjeta Crédito
TXN-00012252,CTA-170509,CLI-15858,2026-06-27 07:22:00,2405091.83,CRC,comision,sucursal,AL-001,Préstamo Personal
TXN-00012253,CTA-703071,CLI-99497,2026-06-26 18:15:00,2651824.9,CRC,comision,app_movil,SJ-001,Tarjeta Crédito
TXN-00012254,CTA-580576,CLI-36350,2026-06-04 00:21:00,1823117.05,CRC,comision,atm,PU-001,Préstamo Personal
TXN-00012255,CTA-223738,CLI-97464,2026-06-14 16:11:00,3638015.71,CRC,retiro,atm,SJ-001,Cuenta Ahorro
TXN-00012256,CTA-328529,CLI-34492,2026-06-28 20:29:00,1710820.87,CRC,deposito,atm,SJ-001,Préstamo Hipotecario
TXN-00012257,CTA-130152,CLI-48384,2026-06-18 10:21:00,4129911.87,CRC,deposito,sucursal,CA-001,Tarjeta Crédito
TXN-00012258,CTA-605475,CLI-21120,2026-06-16 20:00:00,4984747.39,CRC,comision,atm,SJ-002,Préstamo Hipotecario
TXN-00012259,CTA-347532,CLI-20219,2026-06-13 12:14:00,657728.74,CRC,transferencia,sucursal,LI-001,Cuenta Ahorro
TXN-00012260,CTA-802202,CLI-14239,2026-06-23 20:34:00,56563.85,CRC,transferencia,sucursal,PU-001,Préstamo Hipotecario
TXN-00012261,CTA-438653,CLI-36298,2026-06-06 16:49:00,2198475.72,CRC,transferencia,sinpe,AL-001,Tarjeta Crédito
TXN-00012262,CTA-588912,CLI-50484,2026-06-24 13:50:00,1780162.8,CRC,transferencia,sucursal,LI-002,Préstamo Personal
TXN-00012263,CTA-288859,CLI-52138,2026-06-10 11:13:00,4536976.01,CRC,deposito,sucursal,AL-001,Cuenta Ahorro
TXN-00012264,CTA-637331,CLI-26282,2026-06-14 03:56:00,2263091.92,CRC,pago,sucursal,PU-001,Cuenta Ahorro
TXN-00012265,CTA-185030,CLI-20419,2026-06-06 17:20:00,1841267.65,CRC,transferencia,app_movil,PU-001,Préstamo Hipotecario
TXN-00012266,CTA-885036,CLI-74843,2026-06-23 00:46:00,4114193.28,CRC,pago,web,CA-001,Préstamo Hipotecario
TXN-00012267,CTA-708325,CLI-70498,2026-06-14 23:13:00,1901414.51,CRC,comision,sinpe,AL-001,Tarjeta Crédito
TXN-00012268,CTA-136028,CLI-19042,2026-06-11 07:58:00,3873862.0,CRC,pago,app_movil,PU-001,Cuenta Corriente
TXN-00012269,CTA-160107,CLI-83271,2026-06-04 09:30:00,932349.59,CRC,deposito,sinpe,HE-001,Cuenta Ahorro
TXN-00012270,CTA-905641,CLI-59799,2026-06-30 11:31:00,727950.96,CRC,deposito,sucursal,LI-002,Tarjeta Crédito
TXN-00012271,CTA-932888,CLI-26238,2026-06-19 04:30:00,4685830.39,CRC,pago,sinpe,CA-001,Préstamo Hipotecario
TXN-00012272,CTA-983365,CLI-74319,2026-06-01 03:03:00,1239751.02,CRC,retiro,sinpe,AL-001,Préstamo Personal
TXN-00012273,CTA-548246,CLI-89698,2026-06-11 02:27:00,2896599.56,CRC,deposito,web,PU-001,Préstamo Hipotecario
TXN-00012274,CTA-579567,CLI-44936,2026-06-21 11:12:00,86807.05,CRC,transferencia,sucursal,SJ-001,Préstamo Hipotecario
TXN-00012275,CTA-197302,CLI-91453,2026-06-25 03:59:00,660278.44,CRC,pago,atm,CA-001,Cuenta Corriente
TXN-00012276,CTA-522552,CLI-45121,2026-06-08 00:12:00,1220840.79,CRC,retiro,app_movil,AL-001,Cuenta Ahorro
TXN-00012277,CTA-175022,CLI-77268,2026-06-17 00:00:00,390676.54,CRC,deposito,app_movil,SJ-001,Cuenta Ahorro
TXN-00012278,CTA-290985,CLI-51996,2026-06-06 15:51:00,1747915.56,CRC,retiro,sinpe,SJ-001,Cuenta Corriente
TXN-00012279,CTA-399579,CLI-64628,2026-06-08 12:20:00,4219985.86,CRC,comision,web,SJ-001,Préstamo Hipotecario
TXN-00012280,CTA-826207,CLI-62085,2026-06-17 03:13:00,3088876.7,CRC,pago,atm,LI-001,Tarjeta Crédito
TXN-00012281,CTA-275166,CLI-18836,2026-06-17 02:01:00,4474443.31,CRC,comision,app_movil,LI-001,Préstamo Hipotecario
TXN-00012282,CTA-378285,CLI-78409,2026-06-15 07:24:00,1477839.99,CRC,pago,sucursal,LI-001,Tarjeta Crédito
TXN-00012283,CTA-333026,CLI-33720,2026-06-25 16:12:00,316166.61,CRC,comision,atm,LI-002,Cuenta Corriente
TXN-00012284,CTA-837060,CLI-24026,2026-06-18 21:34:00,4619506.62,CRC,deposito,sinpe,SJ-001,Préstamo Hipotecario
TXN-00012285,CTA-441802,CLI-33069,2026-06-23 19:19:00,4091904.43,CRC,pago,web,HE-001,Cuenta Corriente
TXN-00012286,CTA-956799,CLI-30312,2026-06-28 12:01:00,869111.28,CRC,pago,atm,SJ-001,Cuenta Ahorro
TXN-00012287,CTA-378102,CLI-26550,2026-06-13 11:25:00,3705897.2,CRC,transferencia,sucursal,SJ-002,Tarjeta Crédito
TXN-00012288,CTA-980866,CLI-48230,2026-06-01 20:58:00,2560324.88,CRC,comision,atm,HE-001,Cuenta Ahorro
TXN-00012289,CTA-307467,CLI-20754,2026-06-28 06:54:00,4411331.36,CRC,comision,atm,PU-001,Préstamo Hipotecario
TXN-00012290,CTA-352244,CLI-46586,2026-06-08 16:59:00,3087247.71,CRC,pago,sucursal,HE-001,Préstamo Personal
TXN-00012291,CTA-571075,CLI-68199,2026-06-06 23:20:00,3900325.15,CRC,retiro,app_movil,LI-001,Préstamo Personal
TXN-00012292,CTA-848919,CLI-60000,2026-06-11 14:06:00,1816587.67,CRC,deposito,sinpe,LI-001,Cuenta Corriente
TXN-00012293,CTA-762790,CLI-50180,2026-06-25 13:38:00,1934276.58,CRC,retiro,atm,SJ-001,Préstamo Hipotecario
TXN-00012294,CTA-494970,CLI-33534,2026-06-22 13:31:00,2195025.1,CRC,transferencia,web,LI-002,Préstamo Personal
TXN-00012295,CTA-624016,CLI-75745,2026-06-08 01:36:00,2837567.54,CRC,retiro,atm,AL-001,Préstamo Hipotecario
TXN-00012296,CTA-414831,CLI-52353,2026-06-28 13:58:00,2751261.53,CRC,transferencia,sucursal,SJ-002,Préstamo Personal
TXN-00012297,CTA-140714,CLI-17277,2026-06-08 19:29:00,3864968.46,CRC,comision,sucursal,HE-001,Préstamo Hipotecario
TXN-00012298,CTA-790391,CLI-89574,2026-06-28 06:19:00,3162201.39,CRC,transferencia,sucursal,PU-001,Préstamo Hipotecario
TXN-00012299,CTA-605940,CLI-96930,2026-06-01 06:26:00,4754258.57,CRC,pago,app_movil,LI-002,Préstamo Hipotecario
TXN-00012300,CTA-430484,CLI-81213,2026-06-24 20:03:00,1704124.16,CRC,retiro,sucursal,SJ-002,Préstamo Personal
TXN-00012301,CTA-250090,CLI-53910,2026-06-27 17:45:00,1808904.41,CRC,transferencia,sinpe,CA-001,Cuenta Corriente
TXN-00012302,CTA-300788,CLI-44386,2026-06-20 04:09:00,4909661.17,CRC,comision,web,LI-001,Préstamo Personal
TXN-00012303,CTA-736969,CLI-36926,2026-06-03 14:56:00,1146876.14,CRC,comision,app_movil,LI-002,Cuenta Corriente
TXN-00012304,CTA-215440,CLI-83440,2026-06-07 20:16:00,520031.32,CRC,deposito,app_movil,SJ-002,Cuenta Ahorro
TXN-00012305,CTA-249167,CLI-12046,2026-06-24 07:23:00,1810874.14,CRC,pago,sucursal,SJ-001,Tarjeta Crédito
TXN-00012306,CTA-385552,CLI-42439,2026-06-23 13:04:00,3300042.35,CRC,transferencia,atm,AL-001,Cuenta Corriente
TXN-00012307,CTA-193476,CLI-69004,2026-06-12 12:18:00,892430.34,CRC,pago,sucursal,SJ-001,Cuenta Corriente
TXN-00012308,CTA-605923,CLI-27101,2026-06-21 19:24:00,4294745.79,CRC,retiro,web,HE-001,Préstamo Personal
TXN-00012309,CTA-168880,CLI-24603,2026-06-30 19:48:00,1239880.35,CRC,pago,sucursal,HE-001,Cuenta Ahorro
TXN-00012310,CTA-964722,CLI-68444,2026-06-26 12:45:00,3833677.57,CRC,transferencia,app_movil,CA-001,Préstamo Hipotecario
TXN-00012311,CTA-938397,CLI-96000,2026-06-25 07:36:00,4135206.32,CRC,comision,web,AL-001,Cuenta Corriente
TXN-00012312,CTA-736779,CLI-36084,2026-06-12 14:18:00,2988902.2,CRC,comision,sinpe,LI-001,Préstamo Personal
TXN-00012313,CTA-921809,CLI-59154,2026-06-26 02:24:00,756659.24,CRC,deposito,sinpe,LI-002,Préstamo Personal
TXN-00012314,CTA-177058,CLI-62354,2026-06-27 09:41:00,3707785.94,CRC,comision,web,LI-002,Préstamo Personal
TXN-00012315,CTA-977941,CLI-25524,2026-06-16 15:38:00,4751035.41,CRC,deposito,sinpe,HE-001,Tarjeta Crédito
TXN-00012316,CTA-564138,CLI-95971,2026-06-23 16:51:00,835946.08,CRC,transferencia,sinpe,PU-001,Tarjeta Crédito
TXN-00012317,CTA-197409,CLI-63247,2026-06-29 10:30:00,3720352.87,CRC,deposito,web,LI-002,Cuenta Corriente
TXN-00012318,CTA-559567,CLI-66328,2026-06-01 00:08:00,3499674.51,CRC,retiro,app_movil,AL-001,Préstamo Hipotecario
TXN-00012319,CTA-989494,CLI-92479,2026-06-03 06:56:00,3813166.24,CRC,transferencia,web,SJ-002,Cuenta Ahorro
TXN-00012320,CTA-296887,CLI-20789,2026-06-01 11:05:00,1793586.72,CRC,comision,app_movil,HE-001,Cuenta Ahorro
TXN-00012321,CTA-428792,CLI-73475,2026-06-12 15:53:00,3640493.29,CRC,transferencia,web,CA-001,Préstamo Personal
TXN-00012322,CTA-946699,CLI-49340,2026-06-18 01:46:00,1595097.43,CRC,retiro,app_movil,PU-001,Préstamo Hipotecario
TXN-00012323,CTA-943806,CLI-47363,2026-06-25 08:08:00,1889502.3,CRC,transferencia,app_movil,PU-001,Préstamo Personal
TXN-00012324,CTA-638416,CLI-18248,2026-06-02 15:32:00,983502.45,CRC,transferencia,atm,LI-002,Cuenta Ahorro
TXN-00012325,CTA-100434,CLI-87161,2026-06-04 06:13:00,795530.26,CRC,deposito,app_movil,SJ-001,Préstamo Personal
TXN-00012326,CTA-421251,CLI-37483,2026-06-22 12:56:00,4064042.86,CRC,pago,app_movil,HE-001,Préstamo Hipotecario
TXN-00012327,CTA-438061,CLI-77188,2026-06-11 06:00:00,993738.78,CRC,retiro,atm,LI-001,Cuenta Corriente
TXN-00012328,CTA-688891,CLI-85788,2026-06-20 14:35:00,2775369.61,CRC,retiro,sinpe,LI-001,Cuenta Corriente
TXN-00012329,CTA-246614,CLI-43227,2026-06-10 04:57:00,4609803.71,CRC,pago,sucursal,LI-001,Tarjeta Crédito
TXN-00012330,CTA-808999,CLI-73082,2026-06-21 00:01:00,928585.82,CRC,pago,app_movil,SJ-001,Cuenta Ahorro
TXN-00012331,CTA-925395,CLI-41362,2026-06-16 01:52:00,2726009.44,CRC,pago,sinpe,CA-001,Préstamo Personal
TXN-00012332,CTA-117788,CLI-88365,2026-06-21 12:53:00,4239260.03,CRC,comision,sucursal,SJ-002,Cuenta Ahorro
TXN-00012333,CTA-632394,CLI-31206,2026-06-01 09:43:00,2861882.66,CRC,transferencia,app_movil,PU-001,Préstamo Personal
TXN-00012334,CTA-483426,CLI-84797,2026-06-13 19:43:00,1330012.14,CRC,retiro,atm,SJ-002,Cuenta Ahorro
TXN-00012335,CTA-667531,CLI-96676,2026-06-14 13:42:00,48384.31,CRC,deposito,app_movil,PU-001,Préstamo Hipotecario
TXN-00012336,CTA-532028,CLI-24195,2026-06-15 07:16:00,1110182.15,CRC,retiro,web,AL-001,Préstamo Personal
TXN-00012337,CTA-369932,CLI-56103,2026-06-15 09:24:00,1491650.91,CRC,comision,app_movil,CA-001,Cuenta Ahorro
TXN-00012338,CTA-659740,CLI-55119,2026-06-17 05:59:00,3565862.75,CRC,comision,web,CA-001,Tarjeta Crédito
TXN-00012339,CTA-380709,CLI-58938,2026-06-10 00:30:00,572919.08,CRC,comision,sucursal,CA-001,Préstamo Hipotecario
TXN-00012340,CTA-759839,CLI-74936,2026-06-07 11:10:00,3835366.99,CRC,pago,app_movil,SJ-001,Préstamo Hipotecario
TXN-00012341,CTA-389451,CLI-10785,2026-06-09 23:05:00,4203094.46,CRC,pago,sucursal,LI-001,Tarjeta Crédito
TXN-00012342,CTA-632512,CLI-50751,2026-06-05 10:26:00,145914.55,CRC,deposito,atm,PU-001,Tarjeta Crédito
TXN-00012343,CTA-306790,CLI-80774,2026-06-12 12:53:00,262685.5,CRC,pago,app_movil,CA-001,Préstamo Personal
TXN-00012344,CTA-661720,CLI-25360,2026-06-15 18:27:00,438799.66,CRC,retiro,app_movil,LI-001,Préstamo Hipotecario
TXN-00012345,CTA-525109,CLI-74852,2026-06-13 08:59:00,2433338.83,CRC,retiro,sinpe,SJ-001,Cuenta Corriente
TXN-00012346,CTA-285438,CLI-50015,2026-06-14 07:05:00,2239020.41,CRC,retiro,sucursal,SJ-001,Préstamo Personal
TXN-00012347,CTA-545911,CLI-36126,2026-06-06 16:30:00,10221.22,CRC,deposito,sucursal,PU-001,Tarjeta Crédito
TXN-00012348,CTA-884016,CLI-60113,2026-06-26 03:04:00,4581502.81,CRC,comision,sucursal,CA-001,Tarjeta Crédito
TXN-00012349,CTA-319986,CLI-77880,2026-06-03 13:38:00,4714995.7,CRC,retiro,atm,PU-001,Préstamo Personal
TXN-00012350,CTA-400556,CLI-91701,2026-06-20 07:01:00,538743.08,CRC,transferencia,sucursal,SJ-002,Préstamo Hipotecario
TXN-00012351,CTA-648415,CLI-87902,2026-06-21 02:32:00,2305472.7,CRC,pago,web,PU-001,Tarjeta Crédito
TXN-00012352,CTA-837178,CLI-31769,2026-06-13 21:30:00,1154448.31,CRC,transferencia,atm,CA-001,Préstamo Personal
TXN-00012353,CTA-124311,CLI-12717,2026-06-18 01:35:00,90074.01,CRC,pago,sinpe,PU-001,Cuenta Ahorro
TXN-00012354,CTA-397530,CLI-26102,2026-06-22 09:20:00,846275.9,CRC,transferencia,app_movil,PU-001,Préstamo Hipotecario
TXN-00012355,CTA-913100,CLI-29319,2026-06-25 12:44:00,3657576.69,CRC,transferencia,app_movil,SJ-002,Préstamo Personal
TXN-00012356,CTA-325277,CLI-92986,2026-06-25 08:53:00,941244.66,CRC,retiro,atm,LI-001,Cuenta Corriente
TXN-00012357,CTA-857996,CLI-99173,2026-06-09 07:13:00,2159210.92,CRC,retiro,sucursal,SJ-001,Préstamo Hipotecario
TXN-00012358,CTA-367109,CLI-64521,2026-06-06 23:51:00,2644958.02,CRC,comision,web,LI-002,Préstamo Personal
TXN-00012359,CTA-695322,CLI-78998,2026-06-18 04:06:00,400558.16,CRC,retiro,sinpe,LI-002,Préstamo Personal
TXN-00012360,CTA-963258,CLI-94395,2026-06-14 23:38:00,2604104.81,CRC,comision,web,LI-002,Cuenta Ahorro
TXN-00012361,CTA-694407,CLI-44950,2026-06-24 01:08:00,4221168.88,CRC,pago,atm,SJ-002,Préstamo Personal
TXN-00012362,CTA-242247,CLI-45812,2026-06-19 23:10:00,3226533.46,CRC,comision,app_movil,SJ-001,Cuenta Ahorro
TXN-00012363,CTA-123023,CLI-31441,2026-06-15 00:40:00,2829996.59,CRC,transferencia,sinpe,PU-001,Préstamo Personal
TXN-00012364,CTA-417130,CLI-11255,2026-06-25 08:08:00,2171208.02,CRC,deposito,web,SJ-002,Tarjeta Crédito
TXN-00012365,CTA-833747,CLI-15385,2026-06-25 22:14:00,4593985.82,CRC,deposito,sucursal,SJ-001,Cuenta Corriente
TXN-00012366,CTA-633737,CLI-39639,2026-06-09 09:24:00,3449257.02,CRC,retiro,sucursal,LI-002,Cuenta Corriente
TXN-00012367,CTA-190884,CLI-50304,2026-06-20 09:34:00,3520451.55,CRC,pago,web,LI-002,Cuenta Corriente
TXN-00012368,CTA-530577,CLI-88219,2026-06-09 17:51:00,664863.89,CRC,deposito,sucursal,SJ-002,Cuenta Ahorro
TXN-00012369,CTA-869063,CLI-54831,2026-06-06 13:26:00,4640683.12,CRC,retiro,atm,HE-001,Cuenta Ahorro
TXN-00012370,CTA-851064,CLI-80425,2026-06-24 07:28:00,4345176.76,CRC,pago,sucursal,HE-001,Cuenta Ahorro
TXN-00012371,CTA-605314,CLI-17561,2026-06-07 11:51:00,4790973.87,CRC,transferencia,app_movil,AL-001,Préstamo Personal
TXN-00012372,CTA-108252,CLI-44986,2026-06-16 04:01:00,3653583.99,CRC,pago,sinpe,LI-002,Préstamo Hipotecario
TXN-00012373,CTA-495830,CLI-45006,2026-06-13 08:08:00,794616.67,CRC,retiro,sinpe,SJ-002,Préstamo Hipotecario
TXN-00012374,CTA-874733,CLI-40919,2026-06-20 23:19:00,259010.88,CRC,retiro,web,LI-002,Préstamo Hipotecario
TXN-00012375,CTA-163642,CLI-24404,2026-06-18 12:17:00,2323498.57,CRC,pago,sinpe,PU-001,Préstamo Personal
TXN-00012376,CTA-590775,CLI-59751,2026-06-05 19:41:00,3530227.19,CRC,retiro,sucursal,SJ-002,Cuenta Ahorro
TXN-00012377,CTA-575651,CLI-98224,2026-06-04 22:35:00,3819298.48,CRC,deposito,app_movil,HE-001,Préstamo Hipotecario
TXN-00012378,CTA-516141,CLI-55611,2026-06-17 06:59:00,2045767.92,CRC,retiro,sucursal,AL-001,Cuenta Corriente
TXN-00012379,CTA-908564,CLI-38695,2026-06-18 20:35:00,4321626.24,CRC,comision,atm,LI-002,Tarjeta Crédito
TXN-00012380,CTA-472255,CLI-65469,2026-06-12 16:30:00,3723286.24,CRC,comision,sucursal,LI-002,Tarjeta Crédito
TXN-00012381,CTA-975048,CLI-73488,2026-06-12 19:31:00,2342650.0,CRC,deposito,sinpe,AL-001,Tarjeta Crédito
TXN-00012382,CTA-658951,CLI-97942,2026-06-30 15:02:00,390190.75,CRC,pago,web,LI-001,Cuenta Corriente
TXN-00012383,CTA-386509,CLI-81494,2026-06-01 17:27:00,4036245.22,CRC,transferencia,atm,SJ-002,Préstamo Personal
TXN-00012384,CTA-523313,CLI-67383,2026-06-14 08:34:00,1119418.15,CRC,pago,app_movil,SJ-001,Cuenta Corriente
TXN-00012385,CTA-158359,CLI-51533,2026-06-16 17:40:00,1423587.03,CRC,comision,web,PU-001,Cuenta Ahorro
TXN-00012386,CTA-288989,CLI-57098,2026-06-15 03:25:00,812225.31,CRC,retiro,sinpe,AL-001,Préstamo Personal
TXN-00012387,CTA-906009,CLI-42298,2026-06-06 05:32:00,4822200.92,CRC,deposito,atm,SJ-002,Cuenta Ahorro
TXN-00012388,CTA-152610,CLI-62512,2026-06-03 08:21:00,3642137.15,CRC,comision,app_movil,SJ-001,Préstamo Hipotecario
TXN-00012389,CTA-235869,CLI-42800,2026-06-10 20:18:00,3016735.94,CRC,comision,sinpe,PU-001,Préstamo Personal
TXN-00012390,CTA-325220,CLI-83589,2026-06-05 12:45:00,3816380.62,CRC,comision,web,CA-001,Cuenta Ahorro
TXN-00012391,CTA-924153,CLI-14162,2026-06-12 09:22:00,3782157.05,CRC,retiro,atm,SJ-001,Cuenta Ahorro
TXN-00012392,CTA-459653,CLI-14775,2026-06-08 01:04:00,31005.3,CRC,transferencia,sinpe,HE-001,Cuenta Corriente
TXN-00012393,CTA-149791,CLI-81079,2026-06-05 12:33:00,3954353.5,CRC,deposito,sinpe,CA-001,Cuenta Corriente
TXN-00012394,CTA-589311,CLI-99369,2026-06-11 13:35:00,4782568.74,CRC,retiro,atm,LI-002,Cuenta Corriente
TXN-00012395,CTA-235885,CLI-97051,2026-06-21 10:06:00,914181.43,CRC,pago,atm,HE-001,Tarjeta Crédito
TXN-00012396,CTA-156166,CLI-23994,2026-06-26 11:14:00,566199.73,CRC,deposito,sucursal,LI-001,Cuenta Corriente
TXN-00012397,CTA-800866,CLI-36610,2026-06-30 14:27:00,3972895.13,CRC,transferencia,app_movil,SJ-002,Préstamo Personal
TXN-00012398,CTA-287996,CLI-66315,2026-06-24 00:21:00,1322717.11,CRC,pago,sucursal,SJ-002,Cuenta Ahorro
TXN-00012399,CTA-377218,CLI-77240,2026-06-23 08:37:00,2834029.68,CRC,pago,atm,LI-001,Tarjeta Crédito
TXN-00012400,CTA-748157,CLI-74966,2026-06-11 21:33:00,3320420.69,CRC,comision,web,LI-001,Préstamo Hipotecario
TXN-00012401,CTA-346233,CLI-78375,2026-06-27 14:43:00,1216528.66,CRC,pago,web,PU-001,Tarjeta Crédito
TXN-00012402,CTA-373572,CLI-92573,2026-06-08 19:46:00,3313199.16,CRC,retiro,sucursal,LI-002,Tarjeta Crédito
TXN-00012403,CTA-856509,CLI-68125,2026-06-15 03:29:00,4321921.65,CRC,transferencia,sucursal,SJ-002,Préstamo Hipotecario
TXN-00012404,CTA-330212,CLI-64099,2026-06-20 07:32:00,2333025.65,CRC,retiro,app_movil,LI-002,Cuenta Corriente
TXN-00012405,CTA-451657,CLI-82219,2026-06-07 10:45:00,1140339.94,CRC,deposito,app_movil,LI-002,Préstamo Personal
TXN-00012406,CTA-607991,CLI-58384,2026-06-27 22:51:00,747937.48,CRC,pago,web,SJ-001,Cuenta Corriente
TXN-00012407,CTA-915390,CLI-18939,2026-06-22 08:24:00,182548.76,CRC,transferencia,web,LI-002,Tarjeta Crédito
TXN-00012408,CTA-184074,CLI-95116,2026-06-17 10:07:00,4214860.5,CRC,transferencia,sinpe,LI-001,Cuenta Ahorro
TXN-00012409,CTA-901538,CLI-89518,2026-06-10 08:10:00,3284863.32,CRC,comision,sucursal,HE-001,Cuenta Corriente
TXN-00012410,CTA-798250,CLI-67788,2026-06-25 06:49:00,4849751.89,CRC,transferencia,atm,HE-001,Cuenta Ahorro
TXN-00012411,CTA-550262,CLI-74917,2026-06-04 23:11:00,281027.85,CRC,comision,sucursal,LI-002,Préstamo Personal
TXN-00012412,CTA-813760,CLI-61349,2026-06-23 01:52:00,4406086.92,CRC,comision,web,PU-001,Préstamo Hipotecario
TXN-00012413,CTA-500482,CLI-41708,2026-06-21 17:04:00,3900650.88,CRC,deposito,sinpe,AL-001,Cuenta Ahorro
TXN-00012414,CTA-931317,CLI-14612,2026-06-15 15:35:00,3233909.54,CRC,deposito,atm,CA-001,Tarjeta Crédito
TXN-00012415,CTA-962123,CLI-95247,2026-06-11 01:06:00,1889985.31,CRC,pago,app_movil,SJ-002,Tarjeta Crédito
TXN-00012416,CTA-249904,CLI-31786,2026-06-03 06:43:00,4292188.67,CRC,retiro,atm,HE-001,Cuenta Corriente
TXN-00012417,CTA-555948,CLI-65076,2026-06-30 22:42:00,4225009.55,CRC,deposito,web,PU-001,Tarjeta Crédito
TXN-00012418,CTA-268136,CLI-71062,2026-06-03 01:03:00,1320182.32,CRC,comision,sinpe,PU-001,Préstamo Personal
TXN-00012419,CTA-104665,CLI-36744,2026-06-19 12:38:00,2580260.76,CRC,retiro,app_movil,CA-001,Cuenta Ahorro
TXN-00012420,CTA-579264,CLI-76087,2026-06-22 10:57:00,2656686.89,CRC,deposito,web,LI-001,Préstamo Personal
TXN-00012421,CTA-469064,CLI-80763,2026-06-18 15:03:00,2202698.65,CRC,retiro,app_movil,LI-002,Cuenta Ahorro
TXN-00012422,CTA-612549,CLI-76898,2026-06-29 22:20:00,722919.98,CRC,transferencia,atm,SJ-002,Cuenta Ahorro
TXN-00012423,CTA-650650,CLI-97443,2026-06-27 06:56:00,4967612.37,CRC,comision,sucursal,PU-001,Préstamo Hipotecario
TXN-00012424,CTA-841169,CLI-24930,2026-06-26 00:15:00,4947920.17,CRC,retiro,sinpe,PU-001,Tarjeta Crédito
TXN-00012425,CTA-159831,CLI-52570,2026-06-15 16:25:00,1151221.22,CRC,transferencia,app_movil,HE-001,Préstamo Personal
TXN-00012426,CTA-477004,CLI-82520,2026-06-09 09:41:00,4723106.13,CRC,deposito,sinpe,LI-001,Cuenta Corriente
TXN-00012427,CTA-600255,CLI-98546,2026-06-23 13:10:00,2986556.19,CRC,retiro,sinpe,PU-001,Préstamo Hipotecario
TXN-00012428,CTA-481637,CLI-23813,2026-06-21 18:18:00,2160492.67,CRC,deposito,app_movil,CA-001,Cuenta Ahorro
TXN-00012429,CTA-346827,CLI-90434,2026-06-17 02:23:00,1783913.42,CRC,comision,atm,CA-001,Cuenta Ahorro
TXN-00012430,CTA-962982,CLI-84295,2026-06-15 17:05:00,262611.91,CRC,pago,sucursal,SJ-001,Cuenta Corriente
TXN-00012431,CTA-133234,CLI-85074,2026-06-24 22:47:00,3906124.63,CRC,comision,web,SJ-001,Cuenta Ahorro
TXN-00012432,CTA-508897,CLI-55447,2026-06-09 23:43:00,4615063.12,CRC,comision,sucursal,SJ-002,Préstamo Personal
TXN-00012433,CTA-134276,CLI-37461,2026-06-10 22:14:00,253046.8,CRC,comision,app_movil,LI-001,Cuenta Corriente
TXN-00012434,CTA-451395,CLI-75636,2026-06-19 04:12:00,3454801.44,CRC,pago,sucursal,SJ-002,Cuenta Corriente
TXN-00012435,CTA-791473,CLI-46389,2026-06-06 16:14:00,4127399.66,CRC,deposito,sinpe,AL-001,Préstamo Hipotecario
TXN-00012436,CTA-280309,CLI-29925,2026-06-08 03:06:00,1396782.7,CRC,retiro,atm,CA-001,Préstamo Personal
TXN-00012437,CTA-441806,CLI-25660,2026-06-04 19:34:00,3271924.57,CRC,transferencia,app_movil,LI-001,Tarjeta Crédito
TXN-00012438,CTA-477888,CLI-47231,2026-06-29 19:16:00,4883507.42,CRC,comision,sinpe,AL-001,Tarjeta Crédito
TXN-00012439,CTA-193190,CLI-91585,2026-06-29 02:03:00,3633208.07,CRC,pago,sinpe,LI-002,Cuenta Corriente
TXN-00012440,CTA-647703,CLI-65456,2026-06-06 17:45:00,4904296.81,CRC,comision,web,SJ-002,Cuenta Corriente
TXN-00012441,CTA-859870,CLI-81187,2026-06-29 20:46:00,4846244.59,CRC,retiro,sinpe,SJ-002,Tarjeta Crédito
TXN-00012442,CTA-252493,CLI-74265,2026-06-29 09:30:00,3900563.94,CRC,deposito,sucursal,LI-002,Préstamo Hipotecario
TXN-00012443,CTA-117682,CLI-78514,2026-06-01 08:36:00,790954.75,CRC,retiro,web,HE-001,Tarjeta Crédito
TXN-00012444,CTA-228024,CLI-65576,2026-06-18 09:27:00,3055648.74,CRC,transferencia,atm,SJ-002,Cuenta Ahorro
TXN-00012445,CTA-736790,CLI-16565,2026-06-10 09:25:00,1009991.56,CRC,deposito,sinpe,LI-002,Cuenta Corriente
TXN-00012446,CTA-860403,CLI-20886,2026-06-19 04:38:00,3094379.21,CRC,retiro,sinpe,AL-001,Cuenta Corriente
TXN-00012447,CTA-394784,CLI-16916,2026-06-12 19:15:00,67034.61,CRC,pago,sucursal,SJ-002,Cuenta Ahorro
TXN-00012448,CTA-513616,CLI-75135,2026-06-06 03:32:00,2332455.03,CRC,retiro,app_movil,HE-001,Cuenta Corriente
TXN-00012449,CTA-501284,CLI-19774,2026-06-28 21:11:00,2030536.71,CRC,comision,app_movil,SJ-002,Tarjeta Crédito
TXN-00012450,CTA-140766,CLI-78058,2026-06-26 13:22:00,1059561.12,CRC,comision,web,LI-001,Préstamo Personal
TXN-00012451,CTA-942825,CLI-85407,2026-06-12 10:08:00,1217102.31,CRC,transferencia,atm,PU-001,Cuenta Ahorro
TXN-00012452,CTA-234500,CLI-23738,2026-06-30 09:25:00,3632197.05,CRC,comision,app_movil,CA-001,Cuenta Ahorro
TXN-00012453,CTA-451205,CLI-45215,2026-06-19 15:29:00,3583130.34,CRC,retiro,sinpe,SJ-002,Tarjeta Crédito
TXN-00012454,CTA-235295,CLI-67077,2026-06-12 12:51:00,4791692.17,CRC,retiro,sucursal,SJ-002,Préstamo Personal
TXN-00012455,CTA-904989,CLI-64654,2026-06-09 06:36:00,2392515.4,CRC,retiro,atm,CA-001,Tarjeta Crédito
TXN-00012456,CTA-979568,CLI-66814,2026-06-26 15:26:00,4103028.43,CRC,retiro,atm,PU-001,Cuenta Ahorro
TXN-00012457,CTA-796454,CLI-31976,2026-06-16 03:21:00,3514320.5,CRC,pago,web,AL-001,Tarjeta Crédito
TXN-00012458,CTA-514900,CLI-64113,2026-06-24 23:08:00,2423863.74,CRC,deposito,sinpe,SJ-001,Préstamo Personal
TXN-00012459,CTA-867111,CLI-92374,2026-06-15 12:45:00,1775418.89,CRC,comision,sucursal,HE-001,Tarjeta Crédito
TXN-00012460,CTA-874007,CLI-19087,2026-06-13 03:12:00,2881250.77,CRC,pago,web,HE-001,Tarjeta Crédito
TXN-00012461,CTA-352220,CLI-33947,2026-06-08 13:44:00,3757448.64,CRC,pago,sucursal,HE-001,Préstamo Hipotecario
TXN-00012462,CTA-106752,CLI-17414,2026-06-12 16:38:00,2096554.93,CRC,transferencia,sinpe,LI-002,Tarjeta Crédito
TXN-00012463,CTA-596609,CLI-15447,2026-06-25 11:36:00,4751876.42,CRC,pago,sinpe,AL-001,Cuenta Corriente
TXN-00012464,CTA-322216,CLI-21757,2026-06-26 04:21:00,3264588.3,CRC,comision,web,LI-002,Cuenta Ahorro
TXN-00012465,CTA-157234,CLI-29938,2026-06-24 05:02:00,2562375.12,CRC,deposito,sinpe,LI-001,Cuenta Ahorro
TXN-00012466,CTA-124259,CLI-27000,2026-06-03 03:33:00,1462291.52,CRC,comision,sinpe,PU-001,Cuenta Ahorro
TXN-00012467,CTA-530492,CLI-14957,2026-06-19 14:47:00,2423487.82,CRC,deposito,atm,LI-001,Préstamo Hipotecario
TXN-00012468,CTA-325642,CLI-89959,2026-06-01 08:46:00,1222157.17,CRC,comision,sinpe,HE-001,Cuenta Corriente
TXN-00012469,CTA-537865,CLI-71569,2026-06-30 16:42:00,4633142.37,CRC,transferencia,app_movil,PU-001,Tarjeta Crédito
TXN-00012470,CTA-763321,CLI-37443,2026-06-14 15:23:00,4952614.37,CRC,deposito,web,PU-001,Préstamo Personal
TXN-00012471,CTA-794499,CLI-77166,2026-06-09 06:49:00,4721310.47,CRC,deposito,sucursal,SJ-001,Préstamo Hipotecario
TXN-00012472,CTA-694068,CLI-79802,2026-06-08 03:35:00,3689512.28,CRC,deposito,sinpe,LI-002,Préstamo Hipotecario
TXN-00012473,CTA-580242,CLI-50541,2026-06-25 08:28:00,1128433.87,CRC,pago,web,LI-001,Préstamo Hipotecario
TXN-00012474,CTA-919151,CLI-54493,2026-06-10 10:16:00,1442421.24,CRC,deposito,app_movil,SJ-001,Tarjeta Crédito
TXN-00012475,CTA-997028,CLI-50688,2026-06-25 09:25:00,2434595.31,CRC,comision,sinpe,CA-001,Préstamo Personal
TXN-00012476,CTA-413850,CLI-28298,2026-06-02 20:29:00,4737495.37,CRC,transferencia,app_movil,SJ-001,Préstamo Hipotecario
TXN-00012477,CTA-741344,CLI-16633,2026-06-24 08:16:00,3243744.12,CRC,transferencia,atm,PU-001,Cuenta Corriente
TXN-00012478,CTA-375116,CLI-39779,2026-06-23 09:02:00,2549983.55,CRC,comision,sinpe,LI-002,Tarjeta Crédito
TXN-00012479,CTA-890285,CLI-89462,2026-06-30 19:31:00,4923167.05,CRC,deposito,sinpe,SJ-001,Cuenta Corriente
TXN-00012480,CTA-146623,CLI-32183,2026-06-14 04:04:00,1648305.72,CRC,pago,atm,CA-001,Cuenta Ahorro
TXN-00012481,CTA-136987,CLI-52051,2026-06-25 02:43:00,2861673.58,CRC,comision,web,LI-002,Cuenta Ahorro
TXN-00012482,CTA-611380,CLI-83341,2026-06-01 05:13:00,3745910.06,CRC,deposito,app_movil,LI-002,Préstamo Hipotecario
TXN-00012483,CTA-489485,CLI-67504,2026-06-26 01:10:00,1224895.88,CRC,transferencia,atm,SJ-002,Cuenta Corriente
TXN-00012484,CTA-532913,CLI-86692,2026-06-01 21:43:00,1008933.49,CRC,comision,web,SJ-001,Cuenta Ahorro
TXN-00012485,CTA-306364,CLI-79660,2026-06-04 12:02:00,2867526.19,CRC,deposito,web,CA-001,Tarjeta Crédito
TXN-00012486,CTA-761978,CLI-42912,2026-06-04 20:22:00,4856698.35,CRC,retiro,sucursal,HE-001,Préstamo Hipotecario
TXN-00012487,CTA-260163,CLI-78602,2026-06-13 12:27:00,3186768.12,CRC,transferencia,app_movil,AL-001,Préstamo Personal
TXN-00012488,CTA-672310,CLI-50067,2026-06-14 08:04:00,1030581.82,CRC,transferencia,sucursal,LI-001,Tarjeta Crédito
TXN-00012489,CTA-586772,CLI-36503,2026-06-21 10:42:00,535308.27,CRC,transferencia,web,HE-001,Cuenta Corriente
TXN-00012490,CTA-488936,CLI-36947,2026-06-25 10:03:00,4548146.42,CRC,retiro,sucursal,AL-001,Cuenta Ahorro
TXN-00012491,CTA-203116,CLI-53208,2026-06-05 15:57:00,615154.31,CRC,transferencia,sinpe,LI-001,Préstamo Personal
TXN-00012492,CTA-566256,CLI-50828,2026-06-25 15:23:00,211744.51,CRC,pago,web,LI-002,Tarjeta Crédito
TXN-00012493,CTA-214025,CLI-45186,2026-06-03 16:45:00,3386055.75,CRC,retiro,atm,SJ-001,Préstamo Personal
TXN-00012494,CTA-126207,CLI-80434,2026-06-29 17:52:00,4200955.81,CRC,retiro,sucursal,CA-001,Cuenta Ahorro
TXN-00012495,CTA-450202,CLI-12011,2026-06-30 02:25:00,548059.46,CRC,comision,sucursal,SJ-002,Tarjeta Crédito
TXN-00012496,CTA-766436,CLI-22898,2026-06-30 11:11:00,3230609.72,CRC,transferencia,app_movil,PU-001,Préstamo Personal
TXN-00012497,CTA-962479,CLI-55144,2026-06-10 21:40:00,1675906.01,CRC,pago,sinpe,LI-001,Préstamo Hipotecario
TXN-00012498,CTA-953168,CLI-69902,2026-06-13 08:39:00,1410933.32,CRC,transferencia,web,SJ-002,Cuenta Ahorro
TXN-00012499,CTA-579210,CLI-79323,2026-06-16 15:42:00,2803631.31,CRC,transferencia,web,LI-001,Préstamo Personal
TXN-00012500,CTA-940456,CLI-39548,2026-06-22 19:29:00,1932572.25,CRC,transferencia,atm,SJ-002,Préstamo Personal
TXN-00012501,CTA-186477,CLI-20826,2026-06-21 21:39:00,1175755.17,CRC,comision,web,LI-002,Tarjeta Crédito
TXN-00012502,CTA-781211,CLI-48442,2026-06-21 09:59:00,1247037.82,CRC,transferencia,sucursal,LI-001,Préstamo Personal
TXN-00012503,CTA-988909,CLI-97998,2026-06-03 09:13:00,1354000.98,CRC,pago,app_movil,LI-002,Cuenta Ahorro
TXN-00012504,CTA-997953,CLI-38477,2026-06-04 10:53:00,4914837.37,CRC,comision,web,HE-001,Préstamo Hipotecario
TXN-00012505,CTA-793032,CLI-26744,2026-06-07 20:48:00,424298.76,CRC,comision,sucursal,PU-001,Préstamo Personal
TXN-00012506,CTA-799593,CLI-58605,2026-06-29 20:34:00,189369.38,CRC,deposito,atm,CA-001,Préstamo Personal
TXN-00012507,CTA-918679,CLI-84096,2026-06-16 04:18:00,3618623.01,CRC,pago,atm,LI-002,Cuenta Corriente
TXN-00012508,CTA-440224,CLI-14052,2026-06-12 22:55:00,2476419.9,CRC,deposito,app_movil,SJ-002,Tarjeta Crédito
TXN-00012509,CTA-994535,CLI-42468,2026-06-28 07:22:00,3803707.82,CRC,deposito,sinpe,LI-001,Tarjeta Crédito
TXN-00012510,CTA-565225,CLI-51908,2026-06-22 23:21:00,2978967.21,CRC,deposito,web,SJ-002,Tarjeta Crédito
TXN-00012511,CTA-673703,CLI-85016,2026-06-12 11:35:00,2657466.54,CRC,transferencia,atm,LI-002,Cuenta Ahorro
TXN-00012512,CTA-497226,CLI-30502,2026-06-28 20:58:00,3784193.12,CRC,deposito,app_movil,LI-002,Préstamo Hipotecario
TXN-00012513,CTA-680080,CLI-56540,2026-06-26 18:55:00,4459556.5,CRC,transferencia,sucursal,LI-002,Cuenta Corriente
TXN-00012514,CTA-954029,CLI-83493,2026-06-23 18:25:00,4896647.51,CRC,deposito,sucursal,HE-001,Préstamo Hipotecario
TXN-00012515,CTA-735369,CLI-11661,2026-06-30 18:26:00,543550.48,CRC,transferencia,web,LI-001,Préstamo Personal
TXN-00012516,CTA-337640,CLI-10576,2026-06-06 14:21:00,3494311.56,CRC,comision,atm,PU-001,Préstamo Personal
TXN-00012517,CTA-746107,CLI-93724,2026-06-08 23:42:00,896241.46,CRC,retiro,atm,PU-001,Cuenta Corriente
TXN-00012518,CTA-397097,CLI-97914,2026-06-17 04:23:00,1207272.41,CRC,deposito,app_movil,SJ-002,Préstamo Personal
TXN-00012519,CTA-768781,CLI-66767,2026-06-13 11:25:00,511202.03,CRC,transferencia,app_movil,LI-002,Cuenta Ahorro
TXN-00012520,CTA-718430,CLI-54756,2026-06-15 14:33:00,591622.24,CRC,deposito,sinpe,HE-001,Cuenta Corriente
TXN-00012521,CTA-825516,CLI-72056,2026-06-19 03:30:00,2763145.45,CRC,retiro,sinpe,HE-001,Préstamo Personal
TXN-00012522,CTA-572401,CLI-85385,2026-06-29 23:58:00,1572319.68,CRC,retiro,sinpe,PU-001,Tarjeta Crédito
TXN-00012523,CTA-582355,CLI-48468,2026-06-07 07:47:00,720816.66,CRC,pago,app_movil,LI-001,Tarjeta Crédito
TXN-00012524,CTA-767602,CLI-69934,2026-06-18 06:44:00,2258076.13,CRC,retiro,web,LI-001,Préstamo Personal
TXN-00012525,CTA-575591,CLI-80123,2026-06-29 21:06:00,1801986.38,CRC,pago,sucursal,SJ-002,Préstamo Hipotecario
TXN-00012526,CTA-957609,CLI-80644,2026-06-11 13:22:00,1955875.84,CRC,comision,sinpe,SJ-001,Cuenta Corriente
TXN-00012527,CTA-298847,CLI-76258,2026-06-28 22:24:00,88353.64,CRC,retiro,sinpe,AL-001,Préstamo Personal
TXN-00012528,CTA-836598,CLI-40371,2026-06-10 11:07:00,1564136.91,CRC,retiro,atm,LI-001,Préstamo Hipotecario
TXN-00012529,CTA-879435,CLI-28030,2026-06-23 01:09:00,75289.63,CRC,retiro,app_movil,LI-002,Cuenta Ahorro
TXN-00012530,CTA-941265,CLI-64050,2026-06-29 20:06:00,3989332.59,CRC,transferencia,app_movil,HE-001,Préstamo Personal
TXN-00012531,CTA-787675,CLI-96780,2026-06-06 01:10:00,1908452.53,CRC,transferencia,atm,PU-001,Préstamo Hipotecario
TXN-00012532,CTA-130799,CLI-72475,2026-06-15 04:49:00,3788823.69,CRC,transferencia,app_movil,CA-001,Cuenta Ahorro
TXN-00012533,CTA-820533,CLI-56370,2026-06-27 13:38:00,3452136.59,CRC,transferencia,sucursal,SJ-002,Cuenta Ahorro
TXN-00012534,CTA-876059,CLI-43699,2026-06-24 04:54:00,1328193.02,CRC,pago,web,LI-002,Cuenta Ahorro
TXN-00012535,CTA-896488,CLI-97340,2026-06-27 22:20:00,486930.36,CRC,pago,app_movil,PU-001,Cuenta Ahorro
TXN-00012536,CTA-680645,CLI-35450,2026-06-28 22:13:00,218989.58,CRC,comision,sinpe,PU-001,Cuenta Ahorro
TXN-00012537,CTA-261952,CLI-26959,2026-06-04 02:41:00,2140754.88,CRC,transferencia,app_movil,PU-001,Préstamo Personal
TXN-00012538,CTA-307644,CLI-76566,2026-06-17 21:23:00,4535322.1,CRC,pago,sinpe,PU-001,Cuenta Corriente
TXN-00012539,CTA-499544,CLI-31615,2026-06-15 20:40:00,333246.01,CRC,deposito,web,PU-001,Tarjeta Crédito
TXN-00012540,CTA-254514,CLI-37065,2026-06-20 01:28:00,2134669.94,CRC,retiro,sinpe,AL-001,Cuenta Ahorro
TXN-00012541,CTA-995889,CLI-64839,2026-06-12 05:07:00,741106.37,CRC,pago,web,SJ-002,Préstamo Personal
TXN-00012542,CTA-703591,CLI-80422,2026-06-23 15:03:00,4069228.23,CRC,comision,sinpe,CA-001,Cuenta Corriente
TXN-00012543,CTA-319826,CLI-77274,2026-06-01 02:49:00,3547003.42,CRC,transferencia,sinpe,HE-001,Tarjeta Crédito
TXN-00012544,CTA-495983,CLI-87894,2026-06-06 08:29:00,3444641.7,CRC,comision,app_movil,LI-001,Cuenta Ahorro
TXN-00012545,CTA-276757,CLI-47367,2026-06-06 23:31:00,3340498.29,CRC,comision,atm,AL-001,Tarjeta Crédito
TXN-00012546,CTA-125843,CLI-34582,2026-06-09 20:58:00,2917676.05,CRC,retiro,atm,AL-001,Cuenta Ahorro
TXN-00012547,CTA-333259,CLI-78565,2026-06-20 03:40:00,1559281.06,CRC,deposito,atm,SJ-002,Cuenta Corriente
TXN-00012548,CTA-871363,CLI-33820,2026-06-15 15:20:00,3848760.34,CRC,pago,web,LI-001,Préstamo Hipotecario
TXN-00012549,CTA-401602,CLI-63634,2026-06-11 00:46:00,308639.46,CRC,pago,atm,HE-001,Cuenta Corriente
TXN-00012550,CTA-787792,CLI-42229,2026-06-14 00:45:00,4122819.91,CRC,comision,sucursal,PU-001,Préstamo Hipotecario
TXN-00012551,CTA-535979,CLI-80303,2026-06-09 02:10:00,843592.9,CRC,deposito,sinpe,CA-001,Préstamo Personal
TXN-00012552,CTA-474738,CLI-30788,2026-06-18 19:37:00,3461072.06,CRC,pago,app_movil,CA-001,Préstamo Personal
TXN-00012553,CTA-553648,CLI-61112,2026-06-21 02:42:00,2271047.8,CRC,retiro,app_movil,PU-001,Cuenta Ahorro
TXN-00012554,CTA-164659,CLI-83997,2026-06-16 07:25:00,3449592.58,CRC,transferencia,atm,PU-001,Préstamo Personal
TXN-00012555,CTA-487845,CLI-55602,2026-06-28 20:41:00,2719272.17,CRC,deposito,app_movil,LI-002,Tarjeta Crédito
TXN-00012556,CTA-528583,CLI-27489,2026-06-22 15:50:00,4334804.9,CRC,transferencia,web,PU-001,Préstamo Hipotecario
TXN-00012557,CTA-770933,CLI-59272,2026-06-29 01:11:00,2035341.74,CRC,comision,sucursal,LI-002,Préstamo Hipotecario
TXN-00012558,CTA-247665,CLI-81328,2026-06-19 11:11:00,4776215.56,CRC,deposito,app_movil,SJ-002,Préstamo Hipotecario
TXN-00012559,CTA-516131,CLI-96245,2026-06-21 11:07:00,2440540.99,CRC,comision,sucursal,SJ-002,Cuenta Corriente
TXN-00012560,CTA-436836,CLI-77055,2026-06-16 21:24:00,4115622.44,CRC,comision,web,PU-001,Préstamo Hipotecario
TXN-00012561,CTA-544992,CLI-39920,2026-06-01 22:11:00,858036.48,CRC,transferencia,web,AL-001,Cuenta Corriente
TXN-00012562,CTA-790883,CLI-40646,2026-06-13 11:22:00,3608905.82,CRC,pago,sucursal,SJ-002,Cuenta Corriente
TXN-00012563,CTA-962549,CLI-60812,2026-06-23 10:00:00,2163612.95,CRC,deposito,app_movil,LI-002,Préstamo Hipotecario
TXN-00012564,CTA-948012,CLI-83509,2026-06-11 11:33:00,3964265.22,CRC,transferencia,app_movil,LI-001,Préstamo Personal
TXN-00012565,CTA-372313,CLI-57914,2026-06-01 17:33:00,310999.04,CRC,deposito,web,LI-002,Tarjeta Crédito
TXN-00012566,CTA-970145,CLI-84101,2026-06-26 09:28:00,1421164.91,CRC,transferencia,web,SJ-001,Tarjeta Crédito
TXN-00012567,CTA-497776,CLI-67286,2026-06-17 17:24:00,4577211.79,CRC,pago,web,LI-001,Tarjeta Crédito
TXN-00012568,CTA-476793,CLI-69983,2026-06-04 02:31:00,4362677.75,CRC,deposito,sinpe,LI-001,Préstamo Hipotecario
TXN-00012569,CTA-580717,CLI-89566,2026-06-04 04:09:00,4174803.5,CRC,comision,atm,SJ-001,Tarjeta Crédito
TXN-00012570,CTA-801260,CLI-37430,2026-06-29 22:40:00,2311025.39,CRC,comision,sinpe,SJ-002,Cuenta Corriente
TXN-00012571,CTA-146513,CLI-11638,2026-06-24 21:59:00,1264132.06,CRC,comision,atm,SJ-001,Préstamo Personal
TXN-00012572,CTA-845681,CLI-53468,2026-06-10 08:14:00,4031569.23,CRC,retiro,sucursal,HE-001,Cuenta Ahorro
TXN-00012573,CTA-648702,CLI-43904,2026-06-04 22:37:00,4186425.89,CRC,deposito,atm,LI-002,Cuenta Corriente
TXN-00012574,CTA-986077,CLI-22411,2026-06-30 15:20:00,2058341.61,CRC,pago,atm,PU-001,Préstamo Hipotecario
TXN-00012575,CTA-189175,CLI-96528,2026-06-20 13:33:00,4728625.83,CRC,retiro,web,CA-001,Tarjeta Crédito
TXN-00012576,CTA-211547,CLI-93685,2026-06-10 03:17:00,3599757.15,CRC,comision,web,PU-001,Préstamo Personal
TXN-00012577,CTA-990401,CLI-40209,2026-06-12 23:00:00,972996.57,CRC,retiro,web,SJ-001,Cuenta Ahorro
TXN-00012578,CTA-397719,CLI-29218,2026-06-21 02:04:00,3921235.79,CRC,deposito,atm,LI-001,Tarjeta Crédito
TXN-00012579,CTA-546448,CLI-79238,2026-06-14 01:17:00,2607111.98,CRC,comision,web,LI-002,Tarjeta Crédito
TXN-00012580,CTA-512987,CLI-33382,2026-06-16 21:58:00,197464.34,CRC,deposito,web,AL-001,Préstamo Personal
TXN-00012581,CTA-176047,CLI-68436,2026-06-20 17:31:00,672665.12,CRC,deposito,app_movil,HE-001,Cuenta Corriente
TXN-00012582,CTA-906626,CLI-55302,2026-06-05 06:36:00,2309206.71,CRC,pago,sinpe,HE-001,Préstamo Personal
TXN-00012583,CTA-980654,CLI-95976,2026-06-08 09:21:00,2530956.76,CRC,deposito,sinpe,SJ-002,Cuenta Corriente
TXN-00012584,CTA-511914,CLI-14908,2026-06-30 03:29:00,1193691.41,CRC,retiro,app_movil,PU-001,Préstamo Hipotecario
TXN-00012585,CTA-543031,CLI-82593,2026-06-19 15:00:00,4488748.6,CRC,pago,app_movil,AL-001,Tarjeta Crédito
TXN-00012586,CTA-984947,CLI-88897,2026-06-13 11:05:00,3607539.27,CRC,comision,sinpe,SJ-001,Préstamo Personal
TXN-00012587,CTA-165368,CLI-66817,2026-06-16 22:12:00,4398928.82,CRC,deposito,sinpe,LI-002,Tarjeta Crédito
TXN-00012588,CTA-757137,CLI-64811,2026-06-05 09:30:00,2552409.86,CRC,retiro,app_movil,PU-001,Tarjeta Crédito
TXN-00012589,CTA-928787,CLI-21811,2026-06-10 16:05:00,2570992.7,CRC,transferencia,sinpe,LI-002,Cuenta Corriente
TXN-00012590,CTA-665058,CLI-81873,2026-06-14 10:30:00,4798493.13,CRC,retiro,web,SJ-002,Tarjeta Crédito
TXN-00012591,CTA-789385,CLI-65478,2026-06-07 11:08:00,2229288.2,CRC,comision,app_movil,LI-001,Préstamo Personal
TXN-00012592,CTA-883236,CLI-44712,2026-06-26 00:48:00,992261.89,CRC,transferencia,sinpe,AL-001,Cuenta Corriente
TXN-00012593,CTA-322055,CLI-45734,2026-06-29 20:48:00,2653737.08,CRC,deposito,atm,HE-001,Préstamo Personal
TXN-00012594,CTA-649028,CLI-54732,2026-06-04 01:25:00,3080283.34,CRC,pago,atm,LI-002,Cuenta Ahorro
TXN-00012595,CTA-400910,CLI-35651,2026-06-27 19:36:00,2012319.02,CRC,deposito,atm,HE-001,Cuenta Ahorro
TXN-00012596,CTA-634051,CLI-16529,2026-06-01 11:16:00,1821161.53,CRC,retiro,sinpe,AL-001,Préstamo Hipotecario
TXN-00012597,CTA-539558,CLI-31992,2026-06-07 09:32:00,439165.03,CRC,comision,app_movil,LI-001,Préstamo Personal
TXN-00012598,CTA-566543,CLI-91209,2026-06-21 17:15:00,3706787.15,CRC,pago,web,AL-001,Tarjeta Crédito
TXN-00012599,CTA-152132,CLI-19457,2026-06-04 04:56:00,4178794.16,CRC,retiro,sinpe,SJ-001,Cuenta Ahorro
TXN-00012600,CTA-273341,CLI-18122,2026-06-13 01:10:00,4667020.02,CRC,pago,sucursal,HE-001,Cuenta Corriente
TXN-00012601,CTA-996448,CLI-12628,2026-06-02 01:20:00,3471937.4,CRC,comision,sinpe,CA-001,Cuenta Corriente
TXN-00012602,CTA-753720,CLI-85536,2026-06-16 09:52:00,2478451.53,CRC,comision,atm,CA-001,Cuenta Corriente
TXN-00012603,CTA-259790,CLI-80775,2026-06-28 18:34:00,4946282.69,CRC,transferencia,atm,PU-001,Tarjeta Crédito
TXN-00012604,CTA-832158,CLI-90210,2026-06-14 02:57:00,1912268.09,CRC,pago,web,SJ-001,Préstamo Personal
TXN-00012605,CTA-698157,CLI-17654,2026-06-25 15:01:00,4899466.35,CRC,retiro,sucursal,LI-002,Cuenta Ahorro
TXN-00012606,CTA-706349,CLI-52601,2026-06-24 22:19:00,2795991.75,CRC,deposito,app_movil,HE-001,Cuenta Corriente
TXN-00012607,CTA-696295,CLI-60817,2026-06-05 12:07:00,3489623.48,CRC,comision,sucursal,LI-001,Tarjeta Crédito
TXN-00012608,CTA-699127,CLI-37515,2026-06-13 04:27:00,2934350.1,CRC,retiro,app_movil,SJ-002,Préstamo Hipotecario
TXN-00012609,CTA-439199,CLI-87502,2026-06-26 09:03:00,2132397.97,CRC,transferencia,atm,CA-001,Cuenta Ahorro
TXN-00012610,CTA-526694,CLI-44001,2026-06-11 15:42:00,2105676.76,CRC,retiro,web,PU-001,Préstamo Personal
TXN-00012611,CTA-578063,CLI-80207,2026-06-04 08:33:00,4758663.77,CRC,comision,sinpe,LI-001,Cuenta Ahorro
TXN-00012612,CTA-654594,CLI-72550,2026-06-23 14:26:00,975688.49,CRC,retiro,web,SJ-001,Cuenta Ahorro
TXN-00012613,CTA-275509,CLI-89263,2026-06-06 15:15:00,2521734.36,CRC,retiro,app_movil,LI-002,Tarjeta Crédito
TXN-00012614,CTA-828823,CLI-89405,2026-06-15 01:01:00,4362323.28,CRC,transferencia,web,LI-002,Préstamo Personal
TXN-00012615,CTA-446049,CLI-71579,2026-06-28 07:25:00,4220328.47,CRC,retiro,web,CA-001,Cuenta Corriente
TXN-00012616,CTA-969478,CLI-14001,2026-06-13 21:10:00,3887768.17,CRC,comision,sucursal,HE-001,Tarjeta Crédito
TXN-00012617,CTA-340325,CLI-86751,2026-06-07 19:24:00,2640132.2,CRC,deposito,sinpe,AL-001,Préstamo Hipotecario
TXN-00012618,CTA-776800,CLI-40827,2026-06-26 04:55:00,777935.08,CRC,transferencia,sucursal,SJ-001,Cuenta Ahorro
TXN-00012619,CTA-888452,CLI-97838,2026-06-15 00:35:00,2213303.59,CRC,deposito,sucursal,HE-001,Tarjeta Crédito
TXN-00012620,CTA-621234,CLI-92305,2026-06-14 17:37:00,2415633.24,CRC,retiro,web,LI-002,Préstamo Hipotecario
TXN-00012621,CTA-998767,CLI-57836,2026-06-17 07:10:00,1581923.26,CRC,deposito,atm,PU-001,Cuenta Ahorro
TXN-00012622,CTA-110223,CLI-49276,2026-06-24 14:30:00,1185981.68,CRC,transferencia,sucursal,HE-001,Tarjeta Crédito
TXN-00012623,CTA-888800,CLI-57164,2026-06-07 19:55:00,2093688.9,CRC,retiro,sucursal,HE-001,Cuenta Corriente
TXN-00012624,CTA-470188,CLI-42617,2026-06-11 08:49:00,2803786.41,CRC,retiro,app_movil,HE-001,Préstamo Hipotecario
TXN-00012625,CTA-928020,CLI-74297,2026-06-18 00:51:00,4913294.87,CRC,comision,sucursal,HE-001,Préstamo Personal
TXN-00012626,CTA-780696,CLI-83995,2026-06-30 02:33:00,1602298.94,CRC,transferencia,atm,AL-001,Préstamo Hipotecario
TXN-00012627,CTA-193102,CLI-48771,2026-06-09 14:56:00,4343505.18,CRC,comision,atm,LI-001,Préstamo Personal
TXN-00012628,CTA-512184,CLI-74666,2026-06-29 08:38:00,2385280.63,CRC,pago,app_movil,LI-001,Cuenta Ahorro
TXN-00012629,CTA-180009,CLI-24049,2026-06-13 21:29:00,253009.5,CRC,transferencia,sucursal,HE-001,Cuenta Ahorro
TXN-00012630,CTA-384298,CLI-78941,2026-06-03 04:41:00,3667541.26,CRC,comision,app_movil,LI-001,Cuenta Ahorro
TXN-00012631,CTA-210258,CLI-74506,2026-06-22 17:07:00,4759625.45,CRC,comision,sinpe,AL-001,Préstamo Personal
TXN-00012632,CTA-883660,CLI-55999,2026-06-26 10:09:00,1486382.87,CRC,deposito,atm,HE-001,Préstamo Personal
TXN-00012633,CTA-510043,CLI-16796,2026-06-26 09:12:00,2784205.46,CRC,pago,atm,AL-001,Préstamo Hipotecario
TXN-00012634,CTA-493869,CLI-70365,2026-06-16 02:33:00,2834374.59,CRC,transferencia,atm,AL-001,Tarjeta Crédito
TXN-00012635,CTA-352285,CLI-84287,2026-06-07 10:01:00,3449131.52,CRC,retiro,atm,AL-001,Préstamo Personal
TXN-00012636,CTA-195732,CLI-71276,2026-06-09 09:41:00,3447455.85,CRC,retiro,web,SJ-001,Tarjeta Crédito
TXN-00012637,CTA-690387,CLI-39198,2026-06-16 21:39:00,1875281.47,CRC,comision,atm,AL-001,Cuenta Ahorro
TXN-00012638,CTA-340439,CLI-68587,2026-06-16 15:17:00,915080.98,CRC,transferencia,app_movil,PU-001,Cuenta Corriente
TXN-00012639,CTA-359344,CLI-84283,2026-06-05 18:18:00,4751624.68,CRC,transferencia,app_movil,AL-001,Cuenta Corriente
TXN-00012640,CTA-374196,CLI-97333,2026-06-19 05:25:00,1008616.81,CRC,comision,web,LI-002,Préstamo Personal
TXN-00012641,CTA-199496,CLI-53523,2026-06-09 00:38:00,224436.63,CRC,transferencia,atm,AL-001,Cuenta Ahorro
TXN-00012642,CTA-379986,CLI-99490,2026-06-12 00:35:00,4975747.13,CRC,pago,atm,CA-001,Préstamo Hipotecario
TXN-00012643,CTA-103500,CLI-26441,2026-06-13 08:07:00,2328723.65,CRC,pago,sinpe,CA-001,Cuenta Corriente
TXN-00012644,CTA-122333,CLI-88716,2026-06-18 06:44:00,3717032.07,CRC,retiro,sucursal,AL-001,Préstamo Personal
TXN-00012645,CTA-753512,CLI-54274,2026-06-16 07:48:00,1811194.52,CRC,transferencia,sucursal,SJ-002,Cuenta Ahorro
TXN-00012646,CTA-787186,CLI-24314,2026-06-03 10:39:00,1766155.69,CRC,transferencia,sucursal,HE-001,Tarjeta Crédito
TXN-00012647,CTA-200773,CLI-14874,2026-06-19 10:21:00,1045630.07,CRC,comision,sinpe,PU-001,Préstamo Hipotecario
TXN-00012648,CTA-275859,CLI-43645,2026-06-19 05:33:00,3998862.8,CRC,comision,atm,HE-001,Préstamo Personal
TXN-00012649,CTA-166568,CLI-26119,2026-06-25 12:32:00,2979859.96,CRC,deposito,sucursal,SJ-002,Préstamo Hipotecario
TXN-00012650,CTA-379403,CLI-29029,2026-06-04 12:29:00,4116257.96,CRC,pago,sinpe,LI-002,Tarjeta Crédito
TXN-00012651,CTA-192965,CLI-69251,2026-06-06 05:48:00,3870329.23,CRC,retiro,sucursal,SJ-002,Tarjeta Crédito
TXN-00012652,CTA-344555,CLI-78256,2026-06-30 19:29:00,1955683.99,CRC,deposito,sinpe,PU-001,Cuenta Corriente
TXN-00012653,CTA-618817,CLI-23868,2026-06-06 13:37:00,4242879.85,CRC,comision,web,CA-001,Cuenta Corriente
TXN-00012654,CTA-948508,CLI-37350,2026-06-25 03:40:00,1155884.99,CRC,deposito,sucursal,SJ-001,Tarjeta Crédito
TXN-00012655,CTA-993580,CLI-85001,2026-06-21 10:39:00,532401.35,CRC,deposito,sucursal,AL-001,Cuenta Ahorro
TXN-00012656,CTA-218617,CLI-73063,2026-06-24 12:22:00,3898436.23,CRC,deposito,sinpe,LI-002,Tarjeta Crédito
TXN-00012657,CTA-850702,CLI-71751,2026-06-18 17:01:00,1900357.54,CRC,deposito,atm,SJ-001,Préstamo Hipotecario
TXN-00012658,CTA-838114,CLI-40506,2026-06-30 00:02:00,1824570.64,CRC,retiro,app_movil,SJ-002,Cuenta Corriente
TXN-00012659,CTA-912849,CLI-98359,2026-06-02 08:12:00,3396081.44,CRC,transferencia,atm,LI-002,Préstamo Hipotecario
TXN-00012660,CTA-125450,CLI-67202,2026-06-09 21:20:00,4488838.41,CRC,retiro,app_movil,SJ-002,Cuenta Ahorro
TXN-00012661,CTA-719877,CLI-49226,2026-06-24 08:14:00,2064322.41,CRC,deposito,atm,SJ-002,Préstamo Hipotecario
TXN-00012662,CTA-448926,CLI-13036,2026-06-18 02:27:00,3719374.47,CRC,comision,sinpe,CA-001,Cuenta Ahorro
TXN-00012663,CTA-221075,CLI-82217,2026-06-29 05:48:00,1035154.93,CRC,pago,app_movil,SJ-001,Préstamo Hipotecario
TXN-00012664,CTA-504747,CLI-66823,2026-06-03 19:38:00,2021586.48,CRC,transferencia,app_movil,SJ-002,Préstamo Hipotecario
TXN-00012665,CTA-364301,CLI-52926,2026-06-17 15:58:00,4401843.78,CRC,transferencia,atm,PU-001,Cuenta Ahorro
TXN-00012666,CTA-745913,CLI-14750,2026-06-24 13:19:00,3409978.83,CRC,transferencia,sucursal,SJ-002,Préstamo Hipotecario
TXN-00012667,CTA-675687,CLI-57218,2026-06-24 01:58:00,1986703.91,CRC,deposito,sucursal,LI-001,Préstamo Personal
TXN-00012668,CTA-613410,CLI-52480,2026-06-29 00:38:00,4049232.92,CRC,transferencia,atm,LI-002,Préstamo Hipotecario
TXN-00012669,CTA-252919,CLI-35256,2026-06-04 15:44:00,1150052.38,CRC,transferencia,atm,HE-001,Préstamo Hipotecario
TXN-00012670,CTA-907157,CLI-62624,2026-06-27 23:26:00,2426535.72,CRC,pago,sucursal,AL-001,Cuenta Corriente
TXN-00012671,CTA-471707,CLI-53199,2026-06-19 15:04:00,2669398.23,CRC,pago,web,LI-002,Cuenta Corriente
TXN-00012672,CTA-744640,CLI-25117,2026-06-16 00:27:00,2765581.28,CRC,pago,web,LI-002,Cuenta Ahorro
TXN-00012673,CTA-509550,CLI-46068,2026-06-28 13:56:00,764896.09,CRC,deposito,sinpe,SJ-001,Cuenta Ahorro
TXN-00012674,CTA-487480,CLI-95626,2026-06-05 07:23:00,4941555.5,CRC,comision,app_movil,HE-001,Préstamo Personal
TXN-00012675,CTA-945814,CLI-86646,2026-06-13 06:44:00,2985594.9,CRC,pago,sucursal,LI-001,Cuenta Corriente
TXN-00012676,CTA-756423,CLI-79582,2026-06-25 06:59:00,3194339.69,CRC,pago,sinpe,LI-002,Préstamo Hipotecario
TXN-00012677,CTA-464520,CLI-24800,2026-06-24 06:38:00,954506.04,CRC,comision,web,AL-001,Cuenta Corriente
TXN-00012678,CTA-163647,CLI-53630,2026-06-26 21:47:00,2530508.56,CRC,deposito,atm,LI-001,Tarjeta Crédito
TXN-00012679,CTA-578920,CLI-85785,2026-06-23 22:56:00,1497021.76,CRC,deposito,sucursal,SJ-002,Cuenta Ahorro
TXN-00012680,CTA-457198,CLI-38499,2026-06-17 19:29:00,1673442.92,CRC,comision,app_movil,SJ-002,Préstamo Hipotecario
TXN-00012681,CTA-639513,CLI-45333,2026-06-06 06:21:00,2698564.12,CRC,comision,app_movil,LI-001,Cuenta Ahorro
TXN-00012682,CTA-369324,CLI-23068,2026-06-25 00:09:00,3739812.41,CRC,deposito,app_movil,SJ-002,Préstamo Hipotecario
TXN-00012683,CTA-811563,CLI-61553,2026-06-22 03:50:00,2938336.35,CRC,retiro,atm,AL-001,Préstamo Hipotecario
TXN-00012684,CTA-118429,CLI-86049,2026-06-14 14:57:00,3577058.73,CRC,retiro,sucursal,SJ-001,Préstamo Personal
TXN-00012685,CTA-682714,CLI-11351,2026-06-10 08:10:00,1916155.47,CRC,comision,sucursal,AL-001,Préstamo Hipotecario
TXN-00012686,CTA-662070,CLI-82929,2026-06-21 02:35:00,3849165.51,CRC,transferencia,web,AL-001,Tarjeta Crédito
TXN-00012687,CTA-808369,CLI-79520,2026-06-19 09:00:00,1840764.83,CRC,pago,sucursal,PU-001,Cuenta Corriente
TXN-00012688,CTA-915563,CLI-59791,2026-06-06 21:14:00,1087564.78,CRC,comision,atm,PU-001,Préstamo Hipotecario
TXN-00012689,CTA-364989,CLI-82158,2026-06-02 18:50:00,60979.54,CRC,comision,app_movil,SJ-001,Préstamo Personal
TXN-00012690,CTA-834237,CLI-50529,2026-06-26 09:22:00,2758150.13,CRC,deposito,web,LI-001,Tarjeta Crédito
TXN-00012691,CTA-794148,CLI-35710,2026-06-30 15:43:00,412851.36,CRC,comision,sinpe,SJ-002,Cuenta Ahorro
TXN-00012692,CTA-880407,CLI-39676,2026-06-05 14:58:00,1227583.62,CRC,deposito,sinpe,LI-002,Préstamo Personal
TXN-00012693,CTA-617084,CLI-67940,2026-06-24 04:26:00,3118170.07,CRC,deposito,atm,CA-001,Cuenta Ahorro
TXN-00012694,CTA-458841,CLI-32858,2026-06-16 22:10:00,2841132.37,CRC,comision,app_movil,SJ-002,Cuenta Ahorro
TXN-00012695,CTA-482575,CLI-65191,2026-06-02 05:38:00,4306298.0,CRC,comision,atm,PU-001,Tarjeta Crédito
TXN-00012696,CTA-772585,CLI-24848,2026-06-28 07:24:00,1526235.61,CRC,transferencia,atm,LI-002,Cuenta Corriente
TXN-00012697,CTA-481711,CLI-24057,2026-06-25 02:09:00,1092637.41,CRC,transferencia,sinpe,LI-002,Tarjeta Crédito
TXN-00012698,CTA-712255,CLI-33291,2026-06-13 22:00:00,1459591.0,CRC,deposito,sucursal,CA-001,Cuenta Corriente
TXN-00012699,CTA-259471,CLI-17217,2026-06-12 04:16:00,4384875.21,CRC,retiro,atm,HE-001,Préstamo Personal
TXN-00012700,CTA-349469,CLI-33693,2026-06-10 22:14:00,2503463.8,CRC,comision,app_movil,CA-001,Cuenta Ahorro
TXN-00012701,CTA-439182,CLI-40418,2026-06-26 03:20:00,3410067.18,CRC,comision,atm,LI-002,Cuenta Corriente
TXN-00012702,CTA-561691,CLI-19659,2026-06-05 19:22:00,1177447.4,CRC,pago,sinpe,LI-002,Tarjeta Crédito
TXN-00012703,CTA-677144,CLI-60250,2026-06-17 10:29:00,4279351.57,CRC,retiro,sinpe,LI-002,Tarjeta Crédito
TXN-00012704,CTA-199913,CLI-24476,2026-06-22 14:13:00,975506.9,CRC,pago,atm,HE-001,Préstamo Personal
TXN-00012705,CTA-159501,CLI-53825,2026-06-25 08:54:00,4754179.98,CRC,retiro,web,PU-001,Cuenta Corriente
TXN-00012706,CTA-349097,CLI-85705,2026-06-23 06:02:00,3536472.43,CRC,comision,sinpe,HE-001,Préstamo Hipotecario
TXN-00012707,CTA-589808,CLI-55246,2026-06-25 07:19:00,3089443.27,CRC,deposito,atm,SJ-001,Cuenta Ahorro
TXN-00012708,CTA-695271,CLI-85198,2026-06-11 03:25:00,1830804.04,CRC,comision,sinpe,SJ-002,Préstamo Hipotecario
TXN-00012709,CTA-233766,CLI-79998,2026-06-22 15:02:00,1330886.36,CRC,deposito,atm,SJ-001,Préstamo Hipotecario
TXN-00012710,CTA-496179,CLI-76126,2026-06-12 09:00:00,3833316.78,CRC,comision,sucursal,CA-001,Cuenta Corriente
TXN-00012711,CTA-867274,CLI-63786,2026-06-06 05:07:00,4947187.76,CRC,deposito,web,SJ-002,Tarjeta Crédito
TXN-00012712,CTA-634939,CLI-20671,2026-06-04 19:06:00,4361069.62,CRC,retiro,atm,PU-001,Préstamo Personal
TXN-00012713,CTA-219289,CLI-84443,2026-06-20 11:41:00,4029048.9,CRC,pago,sinpe,CA-001,Cuenta Ahorro
TXN-00012714,CTA-190208,CLI-63365,2026-06-06 10:50:00,4854544.4,CRC,deposito,sinpe,CA-001,Préstamo Hipotecario
TXN-00012715,CTA-353125,CLI-55304,2026-06-22 05:03:00,1798246.41,CRC,deposito,sinpe,HE-001,Préstamo Personal
TXN-00012716,CTA-455016,CLI-80182,2026-06-26 03:57:00,1072022.09,CRC,transferencia,web,PU-001,Préstamo Personal
TXN-00012717,CTA-461532,CLI-15767,2026-06-07 07:38:00,2261953.77,CRC,retiro,atm,PU-001,Tarjeta Crédito
TXN-00012718,CTA-329011,CLI-35561,2026-06-24 08:11:00,3217754.8,CRC,retiro,atm,SJ-001,Tarjeta Crédito
TXN-00012719,CTA-603217,CLI-97075,2026-06-23 13:22:00,3046281.26,CRC,transferencia,sinpe,LI-001,Préstamo Hipotecario
TXN-00012720,CTA-145280,CLI-50100,2026-06-23 02:16:00,3004898.86,CRC,retiro,sucursal,PU-001,Cuenta Corriente
TXN-00012721,CTA-450731,CLI-96904,2026-06-08 07:06:00,1403538.06,CRC,comision,sinpe,HE-001,Cuenta Corriente
TXN-00012722,CTA-615010,CLI-14440,2026-06-08 19:09:00,3574389.34,CRC,retiro,atm,CA-001,Cuenta Corriente
TXN-00012723,CTA-217884,CLI-76591,2026-06-07 14:24:00,4890721.87,CRC,pago,sinpe,HE-001,Préstamo Hipotecario
TXN-00012724,CTA-976642,CLI-29957,2026-06-23 00:31:00,2946344.75,CRC,comision,web,LI-001,Préstamo Hipotecario
TXN-00012725,CTA-220547,CLI-43335,2026-06-20 18:38:00,3856095.6,CRC,comision,app_movil,LI-002,Préstamo Personal
TXN-00012726,CTA-832030,CLI-12004,2026-06-27 15:40:00,2785022.7,CRC,deposito,atm,PU-001,Préstamo Hipotecario
TXN-00012727,CTA-173882,CLI-93257,2026-06-26 07:50:00,503230.23,CRC,deposito,sinpe,LI-001,Tarjeta Crédito
TXN-00012728,CTA-544625,CLI-46465,2026-06-07 18:45:00,3145730.69,CRC,deposito,atm,LI-001,Cuenta Corriente
TXN-00012729,CTA-241941,CLI-19093,2026-06-23 02:07:00,2591020.21,CRC,comision,app_movil,LI-001,Préstamo Personal
TXN-00012730,CTA-213066,CLI-46906,2026-06-17 16:15:00,742781.36,CRC,pago,sucursal,LI-001,Cuenta Corriente
TXN-00012731,CTA-762510,CLI-89197,2026-06-28 15:55:00,4184715.46,CRC,deposito,web,LI-002,Préstamo Personal
TXN-00012732,CTA-822427,CLI-14942,2026-06-19 14:08:00,1555077.67,CRC,deposito,web,PU-001,Cuenta Ahorro
TXN-00012733,CTA-838624,CLI-30007,2026-06-02 09:40:00,4798544.2,CRC,transferencia,sinpe,CA-001,Tarjeta Crédito
TXN-00012734,CTA-264394,CLI-77400,2026-06-21 07:34:00,3566631.43,CRC,transferencia,sinpe,AL-001,Préstamo Personal
TXN-00012735,CTA-592017,CLI-79608,2026-06-05 16:17:00,576606.28,CRC,transferencia,atm,AL-001,Cuenta Corriente
TXN-00012736,CTA-675567,CLI-16901,2026-06-30 01:08:00,2638731.97,CRC,transferencia,sinpe,HE-001,Préstamo Hipotecario
TXN-00012737,CTA-929128,CLI-48104,2026-06-21 16:09:00,121293.3,CRC,retiro,app_movil,LI-001,Préstamo Personal
TXN-00012738,CTA-594822,CLI-60538,2026-06-27 08:27:00,358048.48,CRC,pago,sinpe,AL-001,Préstamo Personal
TXN-00012739,CTA-444906,CLI-88961,2026-06-23 07:56:00,4596423.27,CRC,retiro,app_movil,SJ-002,Cuenta Corriente
TXN-00012740,CTA-621740,CLI-80313,2026-06-18 09:24:00,3180719.34,CRC,comision,atm,SJ-002,Tarjeta Crédito
TXN-00012741,CTA-191513,CLI-96909,2026-06-12 14:45:00,4381007.76,CRC,pago,app_movil,LI-001,Cuenta Ahorro
TXN-00012742,CTA-852686,CLI-76875,2026-06-03 18:47:00,1953246.86,CRC,pago,sucursal,CA-001,Cuenta Ahorro
TXN-00012743,CTA-681948,CLI-43096,2026-06-28 03:40:00,535028.62,CRC,retiro,app_movil,SJ-002,Cuenta Corriente
TXN-00012744,CTA-679755,CLI-72565,2026-06-11 12:05:00,1220831.45,CRC,transferencia,sucursal,SJ-002,Cuenta Ahorro
TXN-00012745,CTA-737617,CLI-38242,2026-06-23 10:32:00,3830424.84,CRC,transferencia,sucursal,HE-001,Tarjeta Crédito
TXN-00012746,CTA-648914,CLI-45463,2026-06-06 07:58:00,1139260.27,CRC,deposito,app_movil,HE-001,Cuenta Corriente
TXN-00012747,CTA-381739,CLI-79483,2026-06-14 21:08:00,2261313.25,CRC,comision,app_movil,SJ-001,Cuenta Corriente
TXN-00012748,CTA-543265,CLI-40454,2026-06-28 19:53:00,4551995.18,CRC,pago,sinpe,AL-001,Préstamo Personal
TXN-00012749,CTA-130544,CLI-93267,2026-06-08 20:47:00,3789592.64,CRC,comision,sinpe,AL-001,Tarjeta Crédito
TXN-00012750,CTA-172771,CLI-50071,2026-06-07 05:39:00,3639760.12,CRC,transferencia,sucursal,HE-001,Préstamo Hipotecario
TXN-00012751,CTA-108023,CLI-17924,2026-06-26 22:27:00,1274375.13,CRC,transferencia,app_movil,SJ-002,Préstamo Personal
TXN-00012752,CTA-785373,CLI-87439,2026-06-09 13:06:00,4583076.3,CRC,comision,atm,PU-001,Préstamo Personal
TXN-00012753,CTA-512988,CLI-54472,2026-06-15 14:13:00,437220.1,CRC,pago,app_movil,LI-001,Tarjeta Crédito
TXN-00012754,CTA-385434,CLI-95155,2026-06-01 23:38:00,3858763.86,CRC,transferencia,app_movil,CA-001,Préstamo Personal
TXN-00012755,CTA-322859,CLI-34075,2026-06-02 05:55:00,1685229.86,CRC,transferencia,sinpe,SJ-001,Préstamo Hipotecario
TXN-00012756,CTA-934384,CLI-62390,2026-06-22 09:10:00,4904311.87,CRC,comision,web,HE-001,Cuenta Corriente
TXN-00012757,CTA-753748,CLI-79326,2026-06-08 08:57:00,37688.31,CRC,retiro,atm,SJ-002,Préstamo Personal
TXN-00012758,CTA-559608,CLI-82721,2026-06-21 14:33:00,2940459.11,CRC,retiro,atm,CA-001,Cuenta Corriente
TXN-00012759,CTA-760261,CLI-41789,2026-06-09 10:41:00,261612.41,CRC,transferencia,atm,LI-002,Préstamo Personal
TXN-00012760,CTA-209565,CLI-17625,2026-06-10 15:33:00,2239358.69,CRC,retiro,atm,SJ-001,Cuenta Ahorro
TXN-00012761,CTA-803328,CLI-38687,2026-06-28 05:39:00,1716174.67,CRC,comision,web,PU-001,Cuenta Ahorro
TXN-00012762,CTA-570895,CLI-99634,2026-06-09 21:21:00,362765.7,CRC,retiro,app_movil,HE-001,Tarjeta Crédito
TXN-00012763,CTA-498510,CLI-57744,2026-06-02 19:36:00,3614693.13,CRC,pago,sinpe,HE-001,Tarjeta Crédito
TXN-00012764,CTA-496879,CLI-28869,2026-06-18 13:56:00,4096863.36,CRC,pago,app_movil,PU-001,Cuenta Ahorro
TXN-00012765,CTA-149700,CLI-24183,2026-06-03 21:35:00,3507547.36,CRC,retiro,sucursal,AL-001,Préstamo Personal
TXN-00012766,CTA-337127,CLI-84081,2026-06-16 16:04:00,2228413.26,CRC,pago,sinpe,CA-001,Tarjeta Crédito
TXN-00012767,CTA-479835,CLI-33671,2026-06-03 07:29:00,4720310.17,CRC,retiro,sucursal,CA-001,Tarjeta Crédito
TXN-00012768,CTA-791200,CLI-34184,2026-06-17 21:49:00,3125252.41,CRC,deposito,sinpe,HE-001,Préstamo Personal
TXN-00012769,CTA-736271,CLI-41279,2026-06-22 02:29:00,175338.96,CRC,retiro,atm,LI-001,Tarjeta Crédito
TXN-00012770,CTA-689862,CLI-24605,2026-06-10 19:15:00,1851967.76,CRC,transferencia,sucursal,PU-001,Cuenta Ahorro
TXN-00012771,CTA-930685,CLI-36678,2026-06-23 14:51:00,4492160.08,CRC,comision,atm,PU-001,Préstamo Personal
TXN-00012772,CTA-385704,CLI-95279,2026-06-24 11:40:00,4599106.56,CRC,retiro,sucursal,LI-001,Préstamo Personal
TXN-00012773,CTA-455380,CLI-58500,2026-06-03 10:08:00,3717186.26,CRC,deposito,sucursal,HE-001,Cuenta Corriente
TXN-00012774,CTA-843364,CLI-63571,2026-06-11 02:09:00,4836656.99,CRC,pago,app_movil,HE-001,Cuenta Corriente
TXN-00012775,CTA-847049,CLI-92659,2026-06-09 20:19:00,3456878.99,CRC,comision,sinpe,LI-001,Tarjeta Crédito
TXN-00012776,CTA-791011,CLI-98114,2026-06-17 07:11:00,4591116.61,CRC,transferencia,app_movil,LI-002,Cuenta Ahorro
TXN-00012777,CTA-800890,CLI-90701,2026-06-29 15:46:00,4130599.68,CRC,comision,sinpe,LI-002,Préstamo Hipotecario
TXN-00012778,CTA-176969,CLI-80322,2026-06-01 08:03:00,385849.93,CRC,deposito,sinpe,SJ-001,Tarjeta Crédito
TXN-00012779,CTA-451847,CLI-83263,2026-06-02 07:40:00,856214.9,CRC,comision,sucursal,LI-001,Cuenta Corriente
TXN-00012780,CTA-558966,CLI-85494,2026-06-25 08:10:00,506797.04,CRC,deposito,app_movil,AL-001,Préstamo Hipotecario
TXN-00012781,CTA-679921,CLI-15612,2026-06-22 18:36:00,2938815.17,CRC,comision,web,LI-002,Tarjeta Crédito
TXN-00012782,CTA-591693,CLI-92799,2026-06-16 07:34:00,1217720.82,CRC,retiro,web,PU-001,Cuenta Ahorro
TXN-00012783,CTA-701006,CLI-37545,2026-06-26 01:43:00,304957.53,CRC,deposito,web,CA-001,Cuenta Ahorro
TXN-00012784,CTA-209323,CLI-66252,2026-06-11 11:16:00,4543981.16,CRC,deposito,sucursal,PU-001,Cuenta Ahorro
TXN-00012785,CTA-798576,CLI-30201,2026-06-07 16:04:00,3901766.82,CRC,deposito,web,LI-002,Préstamo Hipotecario
TXN-00012786,CTA-176494,CLI-17524,2026-06-09 07:29:00,2208418.74,CRC,transferencia,app_movil,LI-002,Cuenta Corriente
TXN-00012787,CTA-840978,CLI-51437,2026-06-26 07:10:00,845660.17,CRC,deposito,sucursal,CA-001,Cuenta Corriente
TXN-00012788,CTA-632388,CLI-42598,2026-06-10 07:33:00,4850301.44,CRC,retiro,sinpe,CA-001,Cuenta Ahorro
TXN-00012789,CTA-281199,CLI-63594,2026-06-10 18:29:00,2160508.43,CRC,transferencia,sucursal,HE-001,Tarjeta Crédito
TXN-00012790,CTA-210550,CLI-73367,2026-06-01 11:40:00,3785755.89,CRC,transferencia,sucursal,SJ-001,Tarjeta Crédito
TXN-00012791,CTA-374673,CLI-72945,2026-06-29 02:02:00,1408475.09,CRC,retiro,sinpe,SJ-002,Cuenta Ahorro
TXN-00012792,CTA-142048,CLI-68422,2026-06-11 02:53:00,1999793.42,CRC,pago,sucursal,CA-001,Préstamo Hipotecario
TXN-00012793,CTA-119952,CLI-54767,2026-06-01 19:35:00,3972908.51,CRC,retiro,atm,LI-001,Tarjeta Crédito
TXN-00012794,CTA-900208,CLI-68106,2026-06-01 10:41:00,2490473.59,CRC,deposito,app_movil,HE-001,Cuenta Corriente
TXN-00012795,CTA-619316,CLI-83127,2026-06-07 12:41:00,1703332.48,CRC,comision,sinpe,LI-002,Préstamo Personal
TXN-00012796,CTA-671613,CLI-25692,2026-06-25 14:13:00,3378991.45,CRC,deposito,web,LI-002,Tarjeta Crédito
TXN-00012797,CTA-420127,CLI-81013,2026-06-29 04:22:00,628374.58,CRC,retiro,sinpe,SJ-001,Préstamo Hipotecario
TXN-00012798,CTA-775826,CLI-61722,2026-06-20 20:11:00,1662276.87,CRC,pago,web,PU-001,Cuenta Ahorro
TXN-00012799,CTA-668568,CLI-69314,2026-06-03 06:14:00,822654.22,CRC,retiro,web,LI-002,Tarjeta Crédito
TXN-00012800,CTA-683825,CLI-33319,2026-06-21 16:52:00,533305.14,CRC,comision,app_movil,CA-001,Cuenta Ahorro
TXN-00012801,CTA-497724,CLI-17823,2026-06-04 09:04:00,1248646.25,CRC,pago,sinpe,CA-001,Cuenta Ahorro
TXN-00012802,CTA-871344,CLI-28066,2026-06-23 04:57:00,4808420.25,CRC,retiro,sucursal,HE-001,Cuenta Ahorro
TXN-00012803,CTA-942017,CLI-95223,2026-06-15 21:30:00,1507166.33,CRC,retiro,sinpe,HE-001,Préstamo Personal
TXN-00012804,CTA-803465,CLI-90789,2026-06-30 21:24:00,3781718.23,CRC,retiro,web,CA-001,Préstamo Personal
TXN-00012805,CTA-505792,CLI-84553,2026-06-26 17:21:00,3004700.46,CRC,pago,sucursal,SJ-002,Cuenta Ahorro
TXN-00012806,CTA-196548,CLI-51162,2026-06-01 03:39:00,4026473.05,CRC,comision,sinpe,AL-001,Tarjeta Crédito
TXN-00012807,CTA-716340,CLI-43767,2026-06-13 07:05:00,2292165.69,CRC,comision,atm,PU-001,Préstamo Personal
TXN-00012808,CTA-883934,CLI-60756,2026-06-05 20:18:00,2486501.2,CRC,comision,atm,PU-001,Préstamo Hipotecario
TXN-00012809,CTA-688143,CLI-42763,2026-06-17 12:01:00,1531497.53,CRC,deposito,sinpe,PU-001,Préstamo Hipotecario
TXN-00012810,CTA-442054,CLI-51838,2026-06-23 22:01:00,2751831.24,CRC,deposito,web,SJ-001,Tarjeta Crédito
TXN-00012811,CTA-856610,CLI-56485,2026-06-03 16:26:00,1077005.72,CRC,pago,sucursal,CA-001,Préstamo Personal
TXN-00012812,CTA-836854,CLI-84630,2026-06-13 19:44:00,2663583.62,CRC,transferencia,atm,SJ-001,Cuenta Corriente
TXN-00012813,CTA-770607,CLI-99866,2026-06-14 14:37:00,2275400.67,CRC,retiro,sinpe,LI-001,Cuenta Corriente
TXN-00012814,CTA-440286,CLI-91365,2026-06-18 05:30:00,3678801.6,CRC,pago,app_movil,SJ-001,Tarjeta Crédito
TXN-00012815,CTA-536681,CLI-87507,2026-06-07 08:16:00,2239275.97,CRC,pago,web,PU-001,Préstamo Hipotecario
TXN-00012816,CTA-863491,CLI-99283,2026-06-04 05:18:00,1950790.96,CRC,retiro,app_movil,LI-002,Tarjeta Crédito
TXN-00012817,CTA-928190,CLI-74119,2026-06-25 23:21:00,780390.41,CRC,comision,atm,SJ-002,Préstamo Personal
TXN-00012818,CTA-118760,CLI-30261,2026-06-02 20:06:00,3354758.23,CRC,deposito,web,LI-001,Tarjeta Crédito
TXN-00012819,CTA-246294,CLI-13291,2026-06-03 20:57:00,2263026.68,CRC,retiro,atm,LI-001,Cuenta Corriente
TXN-00012820,CTA-496014,CLI-29745,2026-06-29 07:32:00,1753774.54,CRC,pago,sucursal,SJ-001,Préstamo Hipotecario
TXN-00012821,CTA-866834,CLI-66395,2026-06-18 16:46:00,2789241.4,CRC,comision,app_movil,CA-001,Tarjeta Crédito
TXN-00012822,CTA-462415,CLI-64184,2026-06-30 08:07:00,1888851.69,CRC,pago,atm,CA-001,Tarjeta Crédito
TXN-00012823,CTA-156848,CLI-24291,2026-06-24 17:58:00,2935017.29,CRC,deposito,web,SJ-002,Cuenta Corriente
TXN-00012824,CTA-212138,CLI-72550,2026-06-22 13:01:00,3366621.73,CRC,pago,atm,AL-001,Cuenta Ahorro
TXN-00012825,CTA-591043,CLI-56803,2026-06-27 18:42:00,163917.47,CRC,retiro,atm,PU-001,Préstamo Personal
TXN-00012826,CTA-782086,CLI-19184,2026-06-17 10:48:00,2403721.52,CRC,retiro,sinpe,SJ-001,Préstamo Personal
TXN-00012827,CTA-873280,CLI-81565,2026-06-30 22:20:00,1771543.35,CRC,pago,app_movil,AL-001,Cuenta Ahorro
TXN-00012828,CTA-638757,CLI-72113,2026-06-07 05:07:00,4900624.51,CRC,transferencia,atm,AL-001,Cuenta Ahorro
TXN-00012829,CTA-514513,CLI-71412,2026-06-30 15:57:00,115026.33,CRC,transferencia,app_movil,SJ-001,Préstamo Hipotecario
TXN-00012830,CTA-141079,CLI-52899,2026-06-07 11:56:00,3320649.08,CRC,deposito,atm,HE-001,Tarjeta Crédito
TXN-00012831,CTA-594075,CLI-34909,2026-06-25 13:54:00,2830166.21,CRC,deposito,app_movil,CA-001,Préstamo Hipotecario
TXN-00012832,CTA-606866,CLI-81588,2026-06-18 21:39:00,3387873.98,CRC,pago,sinpe,LI-001,Préstamo Personal
TXN-00012833,CTA-431316,CLI-72079,2026-06-03 09:38:00,484749.74,CRC,transferencia,sucursal,HE-001,Préstamo Hipotecario
TXN-00012834,CTA-254950,CLI-19958,2026-06-27 05:07:00,4866072.51,CRC,transferencia,sinpe,HE-001,Préstamo Personal
TXN-00012835,CTA-886492,CLI-73376,2026-06-20 01:49:00,2835961.94,CRC,retiro,app_movil,AL-001,Préstamo Personal
TXN-00012836,CTA-133085,CLI-73449,2026-06-12 08:10:00,4447682.25,CRC,retiro,atm,CA-001,Préstamo Hipotecario
TXN-00012837,CTA-661618,CLI-50304,2026-06-15 17:19:00,2413231.27,CRC,comision,sinpe,PU-001,Cuenta Corriente
TXN-00012838,CTA-720118,CLI-72601,2026-06-30 01:43:00,3551209.32,CRC,transferencia,sinpe,SJ-001,Préstamo Hipotecario
TXN-00012839,CTA-934628,CLI-84067,2026-06-10 23:46:00,1728050.12,CRC,retiro,web,LI-002,Cuenta Corriente
TXN-00012840,CTA-872706,CLI-19929,2026-06-24 00:26:00,1841699.17,CRC,pago,web,LI-001,Tarjeta Crédito
TXN-00012841,CTA-412346,CLI-45445,2026-06-03 13:40:00,4512682.19,CRC,comision,atm,HE-001,Préstamo Personal
TXN-00012842,CTA-566617,CLI-70434,2026-06-20 20:00:00,3166129.57,CRC,deposito,web,SJ-002,Cuenta Ahorro
TXN-00012843,CTA-394690,CLI-76917,2026-06-11 18:32:00,918018.52,CRC,retiro,sinpe,SJ-001,Préstamo Hipotecario
TXN-00012844,CTA-291707,CLI-15791,2026-06-05 05:27:00,3445209.18,CRC,retiro,web,CA-001,Cuenta Ahorro
TXN-00012845,CTA-290177,CLI-63512,2026-06-17 06:17:00,1682388.56,CRC,retiro,atm,LI-002,Tarjeta Crédito
TXN-00012846,CTA-922080,CLI-32698,2026-06-14 10:44:00,592358.65,CRC,retiro,sinpe,CA-001,Cuenta Ahorro
TXN-00012847,CTA-728830,CLI-60203,2026-06-02 16:52:00,480113.26,CRC,comision,atm,SJ-002,Cuenta Corriente
TXN-00012848,CTA-871494,CLI-81735,2026-06-14 14:50:00,4143846.27,CRC,transferencia,atm,LI-001,Préstamo Hipotecario
TXN-00012849,CTA-955535,CLI-47989,2026-06-30 14:31:00,700934.53,CRC,comision,web,SJ-002,Préstamo Personal
TXN-00012850,CTA-214498,CLI-54506,2026-06-26 12:00:00,3439699.43,CRC,pago,sucursal,SJ-001,Cuenta Corriente
TXN-00012851,CTA-119223,CLI-97793,2026-06-13 04:01:00,2309228.12,CRC,deposito,atm,CA-001,Cuenta Ahorro
TXN-00012852,CTA-853688,CLI-49699,2026-06-24 08:03:00,3620650.43,CRC,transferencia,web,AL-001,Cuenta Ahorro
TXN-00012853,CTA-922779,CLI-21764,2026-06-15 12:14:00,640044.44,CRC,deposito,app_movil,LI-001,Préstamo Personal
TXN-00012854,CTA-602004,CLI-15047,2026-06-28 09:03:00,275428.01,CRC,transferencia,web,AL-001,Préstamo Personal
TXN-00012855,CTA-329963,CLI-38179,2026-06-07 17:18:00,1870936.51,CRC,transferencia,web,LI-002,Tarjeta Crédito
TXN-00012856,CTA-716527,CLI-50019,2026-06-21 12:50:00,4195336.63,CRC,pago,app_movil,CA-001,Cuenta Corriente
TXN-00012857,CTA-887362,CLI-87369,2026-06-07 19:43:00,1710255.01,CRC,pago,sinpe,HE-001,Cuenta Ahorro
TXN-00012858,CTA-288721,CLI-65922,2026-06-11 07:16:00,2493641.28,CRC,comision,web,HE-001,Cuenta Corriente
TXN-00012859,CTA-580849,CLI-91676,2026-06-22 13:21:00,3892074.91,CRC,deposito,sinpe,AL-001,Préstamo Personal
TXN-00012860,CTA-848234,CLI-34586,2026-06-11 23:34:00,3279162.51,CRC,comision,app_movil,CA-001,Préstamo Personal
TXN-00012861,CTA-162527,CLI-68713,2026-06-28 15:07:00,3391086.45,CRC,comision,sucursal,LI-002,Préstamo Hipotecario
TXN-00012862,CTA-461925,CLI-55595,2026-06-24 23:12:00,4273928.69,CRC,comision,sinpe,PU-001,Préstamo Hipotecario
TXN-00012863,CTA-414007,CLI-62184,2026-06-06 05:18:00,4212598.04,CRC,pago,atm,CA-001,Cuenta Ahorro
TXN-00012864,CTA-334990,CLI-42459,2026-06-07 07:48:00,4678086.82,CRC,comision,web,LI-002,Préstamo Hipotecario
TXN-00012865,CTA-149182,CLI-31444,2026-06-26 06:57:00,309100.57,CRC,transferencia,web,PU-001,Préstamo Hipotecario
TXN-00012866,CTA-874556,CLI-67491,2026-06-24 22:42:00,3105037.92,CRC,pago,sinpe,AL-001,Préstamo Hipotecario
TXN-00012867,CTA-641865,CLI-85262,2026-06-21 04:41:00,1416989.21,CRC,comision,sinpe,SJ-002,Préstamo Personal
TXN-00012868,CTA-589370,CLI-70630,2026-06-29 19:15:00,4882552.99,CRC,transferencia,atm,CA-001,Cuenta Corriente
TXN-00012869,CTA-141869,CLI-81361,2026-06-15 22:32:00,1793560.64,CRC,retiro,atm,LI-001,Préstamo Hipotecario
TXN-00012870,CTA-939631,CLI-26642,2026-06-13 12:54:00,1040234.84,CRC,comision,sinpe,SJ-001,Préstamo Hipotecario
TXN-00012871,CTA-372629,CLI-73250,2026-06-15 19:08:00,1412419.22,CRC,comision,sucursal,LI-001,Préstamo Hipotecario
TXN-00012872,CTA-275894,CLI-62904,2026-06-28 05:35:00,32891.78,CRC,comision,sinpe,LI-002,Préstamo Hipotecario
TXN-00012873,CTA-205156,CLI-80742,2026-06-06 16:14:00,3310170.1,CRC,transferencia,sinpe,AL-001,Préstamo Hipotecario
TXN-00012874,CTA-731245,CLI-93160,2026-06-16 04:00:00,4087373.57,CRC,retiro,sinpe,CA-001,Tarjeta Crédito
TXN-00012875,CTA-463642,CLI-12340,2026-06-20 22:39:00,4164112.0,CRC,comision,atm,PU-001,Cuenta Ahorro
TXN-00012876,CTA-163056,CLI-79325,2026-06-15 12:41:00,4477996.69,CRC,deposito,app_movil,PU-001,Cuenta Corriente
TXN-00012877,CTA-215081,CLI-13324,2026-06-02 16:11:00,3453108.82,CRC,pago,atm,CA-001,Cuenta Corriente
TXN-00012878,CTA-150262,CLI-11186,2026-06-08 21:53:00,3262021.52,CRC,comision,app_movil,PU-001,Cuenta Corriente
TXN-00012879,CTA-148747,CLI-68480,2026-06-11 04:03:00,694822.87,CRC,retiro,sinpe,SJ-002,Préstamo Hipotecario
TXN-00012880,CTA-367228,CLI-60093,2026-06-14 19:33:00,3763802.74,CRC,retiro,sucursal,HE-001,Préstamo Personal
TXN-00012881,CTA-622623,CLI-60551,2026-06-29 06:14:00,1423259.28,CRC,retiro,sinpe,PU-001,Préstamo Personal
TXN-00012882,CTA-338563,CLI-43462,2026-06-11 03:32:00,2554256.86,CRC,transferencia,atm,SJ-002,Tarjeta Crédito
TXN-00012883,CTA-136704,CLI-92829,2026-06-14 19:01:00,61647.83,CRC,pago,sinpe,LI-002,Cuenta Corriente
TXN-00012884,CTA-218198,CLI-32095,2026-06-17 15:53:00,24030.22,CRC,comision,sinpe,HE-001,Préstamo Hipotecario
TXN-00012885,CTA-214646,CLI-20574,2026-06-28 00:47:00,2833316.35,CRC,pago,web,LI-002,Cuenta Ahorro
TXN-00012886,CTA-638877,CLI-71481,2026-06-04 17:06:00,4784217.52,CRC,retiro,app_movil,LI-001,Tarjeta Crédito
TXN-00012887,CTA-342815,CLI-42576,2026-06-15 13:53:00,3299398.52,CRC,deposito,atm,SJ-001,Cuenta Ahorro
TXN-00012888,CTA-847260,CLI-52456,2026-06-10 14:13:00,847209.96,CRC,retiro,sucursal,LI-001,Cuenta Ahorro
TXN-00012889,CTA-621593,CLI-50881,2026-06-02 13:42:00,926732.58,CRC,comision,sinpe,SJ-002,Cuenta Ahorro
TXN-00012890,CTA-154663,CLI-10907,2026-06-28 01:05:00,3966997.85,CRC,deposito,app_movil,SJ-002,Cuenta Ahorro
TXN-00012891,CTA-916953,CLI-22897,2026-06-24 07:49:00,3763265.24,CRC,pago,sucursal,HE-001,Cuenta Ahorro
TXN-00012892,CTA-622930,CLI-73802,2026-06-12 20:17:00,1966196.62,CRC,comision,atm,HE-001,Cuenta Ahorro
TXN-00012893,CTA-975973,CLI-30527,2026-06-19 02:15:00,2660461.28,CRC,pago,sinpe,SJ-001,Cuenta Corriente
TXN-00012894,CTA-669082,CLI-33562,2026-06-15 10:59:00,760406.22,CRC,comision,app_movil,HE-001,Préstamo Hipotecario
TXN-00012895,CTA-705999,CLI-19313,2026-06-19 22:59:00,3495970.06,CRC,comision,sinpe,SJ-001,Cuenta Corriente
TXN-00012896,CTA-222336,CLI-59050,2026-06-23 00:21:00,3249188.75,CRC,comision,app_movil,SJ-001,Préstamo Hipotecario
TXN-00012897,CTA-572381,CLI-49094,2026-06-22 04:20:00,44136.48,CRC,transferencia,sucursal,LI-002,Tarjeta Crédito
TXN-00012898,CTA-589186,CLI-98481,2026-06-22 12:46:00,433280.36,CRC,retiro,sinpe,AL-001,Préstamo Hipotecario
TXN-00012899,CTA-110125,CLI-56275,2026-06-06 05:55:00,1816979.18,CRC,pago,atm,HE-001,Cuenta Ahorro
TXN-00012900,CTA-542006,CLI-49929,2026-06-01 17:53:00,1399381.53,CRC,retiro,sinpe,AL-001,Tarjeta Crédito
TXN-00012901,CTA-456473,CLI-31678,2026-06-27 10:12:00,721979.24,CRC,comision,sucursal,LI-001,Tarjeta Crédito
TXN-00012902,CTA-693158,CLI-11496,2026-06-07 05:14:00,3927122.27,CRC,transferencia,sucursal,SJ-001,Tarjeta Crédito
TXN-00012903,CTA-768026,CLI-88612,2026-06-25 05:10:00,1165599.68,CRC,comision,app_movil,HE-001,Cuenta Ahorro
TXN-00012904,CTA-241185,CLI-30407,2026-06-22 18:35:00,2398769.13,CRC,transferencia,atm,SJ-001,Cuenta Corriente
TXN-00012905,CTA-297250,CLI-34028,2026-06-13 17:24:00,4467376.59,CRC,pago,sinpe,PU-001,Préstamo Hipotecario
TXN-00012906,CTA-329753,CLI-13293,2026-06-13 21:19:00,3982272.65,CRC,transferencia,app_movil,LI-001,Préstamo Personal
TXN-00012907,CTA-851788,CLI-51466,2026-06-28 19:52:00,1872312.04,CRC,retiro,atm,LI-002,Préstamo Personal
TXN-00012908,CTA-262951,CLI-58718,2026-06-08 14:41:00,3921548.71,CRC,comision,sinpe,HE-001,Préstamo Personal
TXN-00012909,CTA-897020,CLI-15663,2026-06-20 00:11:00,4900699.49,CRC,pago,sinpe,HE-001,Préstamo Personal
TXN-00012910,CTA-219233,CLI-63592,2026-06-12 15:54:00,3069595.84,CRC,transferencia,atm,PU-001,Cuenta Ahorro
TXN-00012911,CTA-907339,CLI-94955,2026-06-11 16:19:00,49337.97,CRC,transferencia,app_movil,LI-002,Tarjeta Crédito
TXN-00012912,CTA-897245,CLI-55594,2026-06-17 15:14:00,3672736.93,CRC,deposito,web,SJ-002,Préstamo Personal
TXN-00012913,CTA-640132,CLI-59471,2026-06-15 22:52:00,4696550.87,CRC,deposito,sucursal,LI-002,Cuenta Ahorro
TXN-00012914,CTA-266837,CLI-61605,2026-06-17 22:52:00,1894064.16,CRC,comision,app_movil,LI-002,Préstamo Hipotecario
TXN-00012915,CTA-552242,CLI-41519,2026-06-04 21:07:00,4378096.35,CRC,retiro,sucursal,SJ-002,Préstamo Personal
TXN-00012916,CTA-649860,CLI-66926,2026-06-08 05:10:00,942672.25,CRC,retiro,app_movil,LI-001,Préstamo Personal
TXN-00012917,CTA-321048,CLI-97733,2026-06-03 18:25:00,3144920.47,CRC,deposito,web,SJ-002,Préstamo Hipotecario
TXN-00012918,CTA-356863,CLI-42593,2026-06-26 04:39:00,2636575.33,CRC,retiro,sucursal,LI-002,Cuenta Corriente
TXN-00012919,CTA-452678,CLI-79992,2026-06-20 07:10:00,2858421.57,CRC,pago,atm,HE-001,Préstamo Hipotecario
TXN-00012920,CTA-675532,CLI-11978,2026-06-04 12:59:00,184286.37,CRC,retiro,app_movil,LI-002,Préstamo Personal
TXN-00012921,CTA-538278,CLI-15372,2026-06-05 06:54:00,4379218.61,CRC,deposito,app_movil,HE-001,Préstamo Hipotecario
TXN-00012922,CTA-276017,CLI-45016,2026-06-28 22:31:00,2570731.27,CRC,transferencia,app_movil,LI-001,Cuenta Corriente
TXN-00012923,CTA-700458,CLI-73243,2026-06-29 14:25:00,3815573.5,CRC,retiro,app_movil,SJ-002,Cuenta Ahorro
TXN-00012924,CTA-201806,CLI-85588,2026-06-04 12:16:00,1848653.51,CRC,pago,sinpe,SJ-001,Cuenta Corriente
TXN-00012925,CTA-826585,CLI-24936,2026-06-15 03:25:00,3786135.9,CRC,deposito,web,PU-001,Préstamo Personal
TXN-00012926,CTA-868532,CLI-29376,2026-06-12 23:18:00,4047548.53,CRC,pago,sucursal,CA-001,Cuenta Corriente
TXN-00012927,CTA-664453,CLI-28712,2026-06-13 21:41:00,1308582.18,CRC,retiro,atm,AL-001,Tarjeta Crédito
TXN-00012928,CTA-492949,CLI-41500,2026-06-09 12:40:00,526726.82,CRC,comision,atm,LI-001,Cuenta Corriente
TXN-00012929,CTA-730307,CLI-73049,2026-06-02 21:37:00,1559487.13,CRC,transferencia,sucursal,AL-001,Préstamo Personal
TXN-00012930,CTA-486699,CLI-45305,2026-06-02 04:26:00,2055107.07,CRC,retiro,app_movil,PU-001,Cuenta Corriente
TXN-00012931,CTA-350540,CLI-67836,2026-06-11 03:31:00,3113603.89,CRC,pago,atm,SJ-001,Cuenta Corriente
TXN-00012932,CTA-376971,CLI-32614,2026-06-29 12:30:00,3039567.47,CRC,retiro,sinpe,SJ-002,Tarjeta Crédito
TXN-00012933,CTA-923346,CLI-36309,2026-06-06 22:47:00,186422.03,CRC,retiro,app_movil,AL-001,Cuenta Corriente
TXN-00012934,CTA-433331,CLI-13925,2026-06-18 15:44:00,1159755.6,CRC,transferencia,web,AL-001,Préstamo Hipotecario
TXN-00012935,CTA-421955,CLI-55278,2026-06-07 08:19:00,2447609.3,CRC,pago,sucursal,LI-002,Tarjeta Crédito
TXN-00012936,CTA-553754,CLI-73017,2026-06-20 06:57:00,731396.2,CRC,transferencia,sinpe,LI-001,Préstamo Hipotecario
TXN-00012937,CTA-454780,CLI-21832,2026-06-26 03:20:00,4573608.21,CRC,comision,sinpe,CA-001,Cuenta Corriente
TXN-00012938,CTA-589399,CLI-66480,2026-06-21 11:28:00,4631754.33,CRC,pago,app_movil,LI-002,Préstamo Personal
TXN-00012939,CTA-918501,CLI-70090,2026-06-08 13:02:00,2984086.25,CRC,pago,sucursal,LI-001,Tarjeta Crédito
TXN-00012940,CTA-377253,CLI-25381,2026-06-15 12:00:00,4075321.91,CRC,transferencia,sucursal,LI-002,Préstamo Hipotecario
TXN-00012941,CTA-652525,CLI-63699,2026-06-18 02:13:00,4513793.62,CRC,deposito,atm,PU-001,Préstamo Hipotecario
TXN-00012942,CTA-180000,CLI-83319,2026-06-28 04:29:00,26863.38,CRC,transferencia,app_movil,HE-001,Tarjeta Crédito
TXN-00012943,CTA-582072,CLI-35497,2026-06-27 08:13:00,4530222.05,CRC,pago,sinpe,PU-001,Préstamo Hipotecario
TXN-00012944,CTA-641364,CLI-89411,2026-06-14 11:57:00,1910681.61,CRC,deposito,sucursal,LI-001,Tarjeta Crédito
TXN-00012945,CTA-858297,CLI-60096,2026-06-29 04:16:00,3560943.96,CRC,pago,atm,CA-001,Tarjeta Crédito
TXN-00012946,CTA-790630,CLI-24024,2026-06-02 09:07:00,4461414.47,CRC,deposito,sinpe,CA-001,Cuenta Ahorro
TXN-00012947,CTA-496670,CLI-35117,2026-06-25 02:14:00,3091472.41,CRC,pago,sinpe,AL-001,Préstamo Personal
TXN-00012948,CTA-608803,CLI-79474,2026-06-11 08:53:00,3773734.78,CRC,comision,sinpe,PU-001,Préstamo Hipotecario
TXN-00012949,CTA-530396,CLI-31423,2026-06-01 22:07:00,2929219.44,CRC,retiro,sucursal,SJ-002,Cuenta Corriente
TXN-00012950,CTA-207951,CLI-23029,2026-06-12 23:46:00,4890465.44,CRC,retiro,atm,AL-001,Cuenta Ahorro
TXN-00012951,CTA-373708,CLI-45496,2026-06-13 07:35:00,1369618.86,CRC,transferencia,app_movil,SJ-001,Préstamo Personal
TXN-00012952,CTA-991442,CLI-26175,2026-06-06 21:40:00,4224991.08,CRC,retiro,atm,SJ-002,Préstamo Hipotecario
TXN-00012953,CTA-940005,CLI-69274,2026-06-18 05:12:00,4597260.56,CRC,comision,atm,PU-001,Préstamo Personal
TXN-00012954,CTA-300425,CLI-56039,2026-06-05 11:02:00,1058816.2,CRC,retiro,app_movil,SJ-002,Cuenta Corriente
TXN-00012955,CTA-327316,CLI-38065,2026-06-27 11:49:00,3937552.48,CRC,comision,atm,CA-001,Préstamo Hipotecario
TXN-00012956,CTA-628243,CLI-88777,2026-06-23 04:06:00,2381518.56,CRC,pago,web,LI-001,Préstamo Personal
TXN-00012957,CTA-917594,CLI-64956,2026-06-05 15:09:00,2188972.33,CRC,transferencia,app_movil,AL-001,Tarjeta Crédito
TXN-00012958,CTA-952047,CLI-24163,2026-06-28 02:36:00,1556197.11,CRC,deposito,app_movil,AL-001,Préstamo Hipotecario
TXN-00012959,CTA-385294,CLI-21124,2026-06-19 15:31:00,98596.93,CRC,comision,app_movil,SJ-001,Cuenta Ahorro
TXN-00012960,CTA-136884,CLI-63691,2026-06-19 19:05:00,4352440.14,CRC,pago,web,PU-001,Cuenta Corriente
TXN-00012961,CTA-184619,CLI-22048,2026-06-01 07:40:00,3784438.5,CRC,pago,atm,AL-001,Tarjeta Crédito
TXN-00012962,CTA-580719,CLI-39021,2026-06-06 03:47:00,1319868.79,CRC,deposito,app_movil,CA-001,Cuenta Corriente
TXN-00012963,CTA-102979,CLI-40299,2026-06-04 14:20:00,2030542.28,CRC,deposito,sinpe,SJ-001,Tarjeta Crédito
TXN-00012964,CTA-145987,CLI-60976,2026-06-27 14:12:00,1119926.19,CRC,deposito,sucursal,LI-002,Tarjeta Crédito
TXN-00012965,CTA-707547,CLI-58093,2026-06-15 21:50:00,1763619.92,CRC,deposito,sucursal,LI-001,Cuenta Ahorro
TXN-00012966,CTA-985608,CLI-53657,2026-06-08 09:08:00,2107832.2,CRC,deposito,sinpe,AL-001,Préstamo Hipotecario
TXN-00012967,CTA-972026,CLI-17012,2026-06-02 04:18:00,2392781.56,CRC,transferencia,web,SJ-002,Préstamo Hipotecario
TXN-00012968,CTA-563803,CLI-81675,2026-06-14 10:23:00,1405678.51,CRC,comision,atm,SJ-001,Préstamo Personal
TXN-00012969,CTA-470744,CLI-19599,2026-06-06 09:31:00,3152151.21,CRC,retiro,app_movil,HE-001,Cuenta Corriente
TXN-00012970,CTA-229914,CLI-51396,2026-06-13 16:16:00,3557702.55,CRC,comision,sucursal,LI-001,Préstamo Hipotecario
TXN-00012971,CTA-445942,CLI-66885,2026-06-15 01:45:00,4071900.7,CRC,comision,atm,CA-001,Préstamo Hipotecario
TXN-00012972,CTA-369246,CLI-44689,2026-06-18 16:25:00,4103943.12,CRC,retiro,app_movil,LI-002,Cuenta Ahorro
TXN-00012973,CTA-861232,CLI-50380,2026-06-21 12:50:00,391478.4,CRC,transferencia,web,SJ-002,Cuenta Corriente
TXN-00012974,CTA-124052,CLI-58946,2026-06-29 12:09:00,320553.81,CRC,transferencia,app_movil,LI-001,Tarjeta Crédito
TXN-00012975,CTA-467041,CLI-93899,2026-06-24 02:52:00,3879740.05,CRC,pago,web,CA-001,Préstamo Hipotecario
TXN-00012976,CTA-334462,CLI-32146,2026-06-07 00:00:00,1531069.67,CRC,deposito,atm,LI-001,Préstamo Personal
TXN-00012977,CTA-987176,CLI-19967,2026-06-02 14:25:00,2377834.17,CRC,comision,atm,LI-002,Cuenta Ahorro
TXN-00012978,CTA-486521,CLI-94838,2026-06-28 10:37:00,3079873.34,CRC,pago,sinpe,CA-001,Tarjeta Crédito
TXN-00012979,CTA-102449,CLI-54599,2026-06-21 03:11:00,4335076.24,CRC,transferencia,web,PU-001,Préstamo Personal
TXN-00012980,CTA-783777,CLI-54124,2026-06-23 13:29:00,4006522.82,CRC,retiro,app_movil,HE-001,Cuenta Ahorro
TXN-00012981,CTA-232230,CLI-36143,2026-06-23 18:21:00,2399898.0,CRC,pago,sucursal,PU-001,Préstamo Personal
TXN-00012982,CTA-254862,CLI-93035,2026-06-30 08:48:00,3637666.64,CRC,retiro,web,HE-001,Tarjeta Crédito
TXN-00012983,CTA-597920,CLI-19404,2026-06-02 19:27:00,3151010.08,CRC,pago,atm,LI-001,Préstamo Personal
TXN-00012984,CTA-681045,CLI-35296,2026-06-30 16:43:00,782862.65,CRC,pago,app_movil,CA-001,Cuenta Ahorro
TXN-00012985,CTA-116790,CLI-99015,2026-06-24 16:46:00,1543287.04,CRC,deposito,sucursal,SJ-002,Préstamo Hipotecario
TXN-00012986,CTA-856939,CLI-10699,2026-06-22 23:23:00,3436508.88,CRC,retiro,web,CA-001,Cuenta Ahorro
TXN-00012987,CTA-707019,CLI-55294,2026-06-23 00:09:00,1949732.1,CRC,retiro,sucursal,LI-001,Tarjeta Crédito
TXN-00012988,CTA-581365,CLI-43821,2026-06-06 18:10:00,725702.03,CRC,transferencia,sucursal,CA-001,Cuenta Corriente
TXN-00012989,CTA-949172,CLI-13331,2026-06-24 15:25:00,2115626.6,CRC,pago,atm,AL-001,Préstamo Hipotecario
TXN-00012990,CTA-784419,CLI-38583,2026-06-24 09:36:00,2230205.65,CRC,deposito,app_movil,SJ-002,Préstamo Personal
TXN-00012991,CTA-233856,CLI-47742,2026-06-02 03:58:00,3555396.39,CRC,deposito,sucursal,SJ-002,Préstamo Personal
TXN-00012992,CTA-666168,CLI-28478,2026-06-03 11:26:00,2099410.17,CRC,pago,sinpe,CA-001,Cuenta Corriente
TXN-00012993,CTA-831503,CLI-78710,2026-06-16 21:58:00,3571751.29,CRC,transferencia,sinpe,LI-002,Préstamo Hipotecario
TXN-00012994,CTA-928516,CLI-92913,2026-06-22 15:20:00,3588614.47,CRC,retiro,sinpe,LI-001,Cuenta Corriente
TXN-00012995,CTA-732942,CLI-95971,2026-06-03 00:56:00,542911.71,CRC,retiro,sinpe,CA-001,Préstamo Hipotecario
TXN-00012996,CTA-295216,CLI-40209,2026-06-19 06:50:00,1818186.12,CRC,deposito,sucursal,CA-001,Cuenta Ahorro
TXN-00012997,CTA-631689,CLI-55422,2026-06-16 02:28:00,880886.4,CRC,deposito,sucursal,PU-001,Préstamo Hipotecario
TXN-00012998,CTA-382341,CLI-82716,2026-06-15 22:01:00,4445273.95,CRC,pago,app_movil,SJ-001,Cuenta Corriente
TXN-00012999,CTA-315459,CLI-29375,2026-06-03 04:05:00,2029620.71,CRC,comision,app_movil,SJ-002,Cuenta Corriente
TXN-00013000,CTA-272746,CLI-23662,2026-06-03 04:22:00,3398979.49,CRC,comision,sinpe,HE-001,Préstamo Hipotecario
TXN-00013001,CTA-506032,CLI-15204,2026-06-29 12:51:00,4541813.25,CRC,pago,sucursal,CA-001,Cuenta Ahorro
TXN-00013002,CTA-829448,CLI-61387,2026-06-06 03:19:00,1839932.77,CRC,deposito,atm,AL-001,Cuenta Ahorro
TXN-00013003,CTA-376983,CLI-14710,2026-06-02 23:00:00,634705.31,CRC,retiro,atm,PU-001,Préstamo Hipotecario
TXN-00013004,CTA-783270,CLI-48325,2026-06-27 23:02:00,4243443.78,CRC,retiro,app_movil,CA-001,Préstamo Personal
TXN-00013005,CTA-258714,CLI-35854,2026-06-06 04:14:00,1603308.6,CRC,deposito,sucursal,SJ-002,Préstamo Hipotecario
TXN-00013006,CTA-483345,CLI-93080,2026-06-30 15:26:00,451703.9,CRC,retiro,web,HE-001,Préstamo Personal
TXN-00013007,CTA-476612,CLI-84694,2026-06-18 02:37:00,3618755.96,CRC,retiro,atm,LI-001,Cuenta Ahorro
TXN-00013008,CTA-957631,CLI-45065,2026-06-08 01:04:00,822488.09,CRC,pago,atm,HE-001,Préstamo Hipotecario
TXN-00013009,CTA-414759,CLI-85884,2026-06-15 17:14:00,1945008.78,CRC,retiro,sinpe,LI-002,Préstamo Hipotecario
TXN-00013010,CTA-646854,CLI-69905,2026-06-29 08:31:00,3293148.08,CRC,transferencia,sucursal,PU-001,Préstamo Hipotecario
TXN-00013011,CTA-566838,CLI-15226,2026-06-26 13:00:00,2584883.12,CRC,retiro,web,AL-001,Cuenta Ahorro
TXN-00013012,CTA-234533,CLI-29593,2026-06-13 05:27:00,2715740.92,CRC,transferencia,sucursal,LI-001,Cuenta Corriente
TXN-00013013,CTA-675679,CLI-40124,2026-06-20 16:18:00,655209.78,CRC,comision,sinpe,LI-002,Préstamo Hipotecario
TXN-00013014,CTA-121298,CLI-78254,2026-06-14 14:46:00,440764.98,CRC,pago,sucursal,PU-001,Cuenta Ahorro
TXN-00013015,CTA-728520,CLI-46907,2026-06-19 12:09:00,3045195.82,CRC,deposito,web,LI-001,Préstamo Personal
TXN-00013016,CTA-133179,CLI-58128,2026-06-29 10:29:00,679612.94,CRC,transferencia,web,HE-001,Cuenta Ahorro
TXN-00013017,CTA-489475,CLI-87079,2026-06-27 08:46:00,4826670.48,CRC,retiro,sucursal,LI-002,Préstamo Hipotecario
TXN-00013018,CTA-556512,CLI-31737,2026-06-12 14:01:00,2896805.98,CRC,deposito,sinpe,SJ-002,Préstamo Hipotecario
TXN-00013019,CTA-760559,CLI-34794,2026-06-16 17:49:00,1699274.99,CRC,comision,sinpe,SJ-002,Tarjeta Crédito
TXN-00013020,CTA-798806,CLI-41266,2026-06-20 15:33:00,1745850.81,CRC,comision,atm,LI-002,Préstamo Personal
TXN-00013021,CTA-697011,CLI-32458,2026-06-10 22:54:00,4871688.87,CRC,pago,web,PU-001,Préstamo Personal
TXN-00013022,CTA-311404,CLI-23344,2026-06-03 21:31:00,4584439.18,CRC,pago,web,SJ-002,Cuenta Corriente
TXN-00013023,CTA-830983,CLI-10315,2026-06-15 23:44:00,1830104.64,CRC,transferencia,sinpe,PU-001,Préstamo Personal
TXN-00013024,CTA-648594,CLI-93778,2026-06-03 14:30:00,4928082.8,CRC,transferencia,app_movil,LI-002,Cuenta Corriente
TXN-00013025,CTA-837809,CLI-61379,2026-06-01 12:51:00,2343168.76,CRC,transferencia,atm,PU-001,Tarjeta Crédito
TXN-00013026,CTA-272293,CLI-17642,2026-06-02 12:21:00,2128582.37,CRC,deposito,sinpe,LI-001,Préstamo Personal
TXN-00013027,CTA-959739,CLI-53668,2026-06-10 09:23:00,4465398.57,CRC,pago,atm,AL-001,Préstamo Hipotecario
TXN-00013028,CTA-986010,CLI-89871,2026-06-29 10:43:00,3201229.12,CRC,deposito,atm,SJ-001,Cuenta Ahorro
TXN-00013029,CTA-332934,CLI-45275,2026-06-24 08:04:00,1740597.08,CRC,pago,atm,SJ-001,Cuenta Corriente
TXN-00013030,CTA-125004,CLI-37083,2026-06-10 04:51:00,1464109.22,CRC,deposito,web,AL-001,Cuenta Corriente
TXN-00013031,CTA-941971,CLI-99721,2026-06-11 06:53:00,2770547.69,CRC,transferencia,atm,SJ-001,Cuenta Ahorro
TXN-00013032,CTA-728762,CLI-78988,2026-06-11 14:34:00,3805510.99,CRC,retiro,web,HE-001,Préstamo Personal
TXN-00013033,CTA-152470,CLI-77599,2026-06-11 18:24:00,3162463.96,CRC,comision,web,LI-001,Cuenta Ahorro
TXN-00013034,CTA-612304,CLI-67794,2026-06-19 01:56:00,1461582.98,CRC,transferencia,web,LI-001,Cuenta Corriente
TXN-00013035,CTA-686656,CLI-45010,2026-06-04 17:23:00,3207044.07,CRC,retiro,sinpe,SJ-002,Préstamo Hipotecario
TXN-00013036,CTA-955737,CLI-92090,2026-06-03 10:21:00,2113537.43,CRC,retiro,atm,SJ-002,Préstamo Hipotecario
TXN-00013037,CTA-513843,CLI-12633,2026-06-23 15:17:00,522132.98,CRC,deposito,sucursal,LI-001,Tarjeta Crédito
TXN-00013038,CTA-892090,CLI-57358,2026-06-10 05:09:00,63920.03,CRC,comision,atm,SJ-001,Cuenta Corriente
TXN-00013039,CTA-749507,CLI-85679,2026-06-11 23:26:00,1531874.88,CRC,deposito,sinpe,HE-001,Tarjeta Crédito
TXN-00013040,CTA-573148,CLI-70417,2026-06-12 17:17:00,578812.61,CRC,transferencia,sinpe,SJ-001,Tarjeta Crédito
TXN-00013041,CTA-386477,CLI-43343,2026-06-01 21:47:00,4739886.45,CRC,comision,sucursal,CA-001,Tarjeta Crédito
TXN-00013042,CTA-645136,CLI-22257,2026-06-11 04:09:00,1584853.02,CRC,retiro,atm,SJ-001,Tarjeta Crédito
TXN-00013043,CTA-534260,CLI-96811,2026-06-06 00:48:00,4353733.4,CRC,transferencia,app_movil,AL-001,Cuenta Corriente
TXN-00013044,CTA-567423,CLI-56012,2026-06-26 12:21:00,2779721.06,CRC,transferencia,sinpe,CA-001,Préstamo Hipotecario
TXN-00013045,CTA-984020,CLI-17969,2026-06-29 14:12:00,4683834.18,CRC,pago,web,PU-001,Préstamo Personal
TXN-00013046,CTA-571487,CLI-35443,2026-06-13 13:17:00,151641.59,CRC,comision,web,CA-001,Tarjeta Crédito
TXN-00013047,CTA-672707,CLI-67599,2026-06-02 19:59:00,2383458.1,CRC,retiro,web,AL-001,Cuenta Ahorro
TXN-00013048,CTA-570371,CLI-70056,2026-06-05 07:52:00,2549870.38,CRC,transferencia,atm,HE-001,Tarjeta Crédito
TXN-00013049,CTA-873015,CLI-87092,2026-06-25 00:16:00,4510960.64,CRC,deposito,app_movil,HE-001,Préstamo Personal
TXN-00013050,CTA-781405,CLI-46101,2026-06-18 05:50:00,2418727.21,CRC,pago,atm,SJ-002,Cuenta Ahorro
TXN-00013051,CTA-173706,CLI-47821,2026-06-09 10:41:00,2900584.82,CRC,retiro,app_movil,SJ-002,Tarjeta Crédito
TXN-00013052,CTA-604873,CLI-24135,2026-06-01 01:09:00,231275.3,CRC,deposito,sucursal,LI-002,Cuenta Corriente
TXN-00013053,CTA-287141,CLI-57734,2026-06-08 02:37:00,1423405.64,CRC,deposito,sinpe,CA-001,Préstamo Personal
TXN-00013054,CTA-342001,CLI-76829,2026-06-04 18:17:00,4150935.05,CRC,pago,sucursal,CA-001,Préstamo Hipotecario
TXN-00013055,CTA-688563,CLI-90537,2026-06-27 11:11:00,4254605.45,CRC,comision,sinpe,SJ-002,Cuenta Ahorro
TXN-00013056,CTA-960516,CLI-17202,2026-06-08 06:06:00,4266171.21,CRC,pago,sinpe,HE-001,Cuenta Ahorro
TXN-00013057,CTA-812546,CLI-38405,2026-06-19 20:44:00,4833292.26,CRC,retiro,atm,CA-001,Cuenta Corriente
TXN-00013058,CTA-154256,CLI-99235,2026-06-27 19:51:00,298121.15,CRC,retiro,sucursal,SJ-002,Tarjeta Crédito
TXN-00013059,CTA-321498,CLI-44086,2026-06-27 17:51:00,2081729.01,CRC,transferencia,sucursal,SJ-002,Tarjeta Crédito
TXN-00013060,CTA-487121,CLI-80997,2026-06-09 08:00:00,95948.91,CRC,comision,app_movil,SJ-002,Cuenta Corriente
TXN-00013061,CTA-338491,CLI-17058,2026-06-28 19:43:00,612618.75,CRC,transferencia,sucursal,CA-001,Préstamo Personal
TXN-00013062,CTA-865892,CLI-19164,2026-06-01 22:21:00,1262907.37,CRC,comision,atm,CA-001,Tarjeta Crédito
TXN-00013063,CTA-837942,CLI-10957,2026-06-03 13:52:00,1052168.51,CRC,pago,atm,HE-001,Tarjeta Crédito
TXN-00013064,CTA-760593,CLI-93877,2026-06-13 10:24:00,1663499.51,CRC,transferencia,atm,SJ-001,Préstamo Hipotecario
TXN-00013065,CTA-250795,CLI-62523,2026-06-18 01:57:00,1327283.2,CRC,transferencia,web,HE-001,Tarjeta Crédito
TXN-00013066,CTA-840523,CLI-37111,2026-06-02 02:31:00,823768.01,CRC,deposito,sucursal,LI-002,Tarjeta Crédito
TXN-00013067,CTA-259554,CLI-83686,2026-06-05 21:48:00,3276848.81,CRC,comision,atm,SJ-002,Tarjeta Crédito
TXN-00013068,CTA-612634,CLI-54033,2026-06-25 11:41:00,1856968.93,CRC,retiro,app_movil,CA-001,Tarjeta Crédito
TXN-00013069,CTA-153126,CLI-30977,2026-06-26 04:27:00,2627514.45,CRC,pago,sucursal,SJ-001,Cuenta Ahorro
TXN-00013070,CTA-748448,CLI-63520,2026-06-30 03:26:00,1040361.84,CRC,deposito,sinpe,CA-001,Cuenta Ahorro
TXN-00013071,CTA-567278,CLI-90351,2026-06-01 22:14:00,659985.02,CRC,deposito,web,SJ-001,Tarjeta Crédito
TXN-00013072,CTA-869960,CLI-51747,2026-06-21 06:46:00,4246836.64,CRC,comision,app_movil,CA-001,Cuenta Corriente
TXN-00013073,CTA-597860,CLI-44639,2026-06-25 18:23:00,3704812.41,CRC,transferencia,app_movil,SJ-002,Cuenta Corriente
TXN-00013074,CTA-264415,CLI-41606,2026-06-22 05:22:00,3836859.77,CRC,deposito,sinpe,SJ-001,Préstamo Hipotecario
TXN-00013075,CTA-263953,CLI-91280,2026-06-14 10:13:00,2028600.69,CRC,comision,app_movil,PU-001,Préstamo Hipotecario
TXN-00013076,CTA-298188,CLI-55333,2026-06-28 00:44:00,2557481.61,CRC,comision,atm,LI-002,Cuenta Ahorro
TXN-00013077,CTA-554091,CLI-55010,2026-06-13 12:55:00,4837032.02,CRC,deposito,sucursal,SJ-002,Préstamo Personal
TXN-00013078,CTA-732797,CLI-38238,2026-06-01 17:07:00,3000187.6,CRC,deposito,atm,AL-001,Cuenta Corriente
TXN-00013079,CTA-655695,CLI-20194,2026-06-08 00:48:00,324045.25,CRC,deposito,sinpe,LI-002,Préstamo Hipotecario
TXN-00013080,CTA-526965,CLI-51585,2026-06-12 22:37:00,3985862.46,CRC,retiro,atm,HE-001,Préstamo Hipotecario
TXN-00013081,CTA-241077,CLI-36278,2026-06-26 11:12:00,2132891.76,CRC,transferencia,sucursal,AL-001,Cuenta Corriente
TXN-00013082,CTA-329936,CLI-26691,2026-06-14 22:46:00,1925561.8,CRC,transferencia,sucursal,SJ-001,Préstamo Hipotecario
TXN-00013083,CTA-190067,CLI-11871,2026-06-17 20:48:00,2963083.38,CRC,retiro,atm,PU-001,Cuenta Ahorro
TXN-00013084,CTA-408684,CLI-69454,2026-06-13 23:57:00,1838707.5,CRC,comision,sinpe,SJ-002,Tarjeta Crédito
TXN-00013085,CTA-433773,CLI-10807,2026-06-24 16:34:00,3490045.13,CRC,deposito,sucursal,SJ-002,Cuenta Corriente
TXN-00013086,CTA-279429,CLI-22840,2026-06-24 21:12:00,2573489.34,CRC,deposito,web,CA-001,Cuenta Ahorro
TXN-00013087,CTA-223915,CLI-62267,2026-06-13 04:11:00,78544.77,CRC,transferencia,atm,LI-002,Cuenta Corriente
TXN-00013088,CTA-810890,CLI-77478,2026-06-24 20:19:00,3362379.64,CRC,transferencia,sucursal,CA-001,Préstamo Hipotecario
TXN-00013089,CTA-199246,CLI-72170,2026-06-10 15:08:00,4033755.54,CRC,pago,app_movil,PU-001,Préstamo Hipotecario
TXN-00013090,CTA-419555,CLI-94008,2026-06-22 15:37:00,54050.71,CRC,deposito,app_movil,CA-001,Cuenta Corriente
TXN-00013091,CTA-723621,CLI-75850,2026-06-03 01:30:00,3359524.05,CRC,comision,sinpe,HE-001,Cuenta Corriente
TXN-00013092,CTA-881359,CLI-81876,2026-06-16 00:36:00,2364957.53,CRC,transferencia,sinpe,PU-001,Préstamo Personal
TXN-00013093,CTA-509347,CLI-25509,2026-06-12 19:26:00,2491178.08,CRC,comision,atm,SJ-001,Cuenta Corriente
TXN-00013094,CTA-955349,CLI-22084,2026-06-13 07:29:00,3235305.29,CRC,pago,sucursal,AL-001,Cuenta Ahorro
TXN-00013095,CTA-517974,CLI-42519,2026-06-13 10:45:00,613699.33,CRC,retiro,app_movil,SJ-001,Cuenta Ahorro
TXN-00013096,CTA-597681,CLI-35410,2026-06-28 05:57:00,1102131.1,CRC,pago,app_movil,CA-001,Préstamo Personal
TXN-00013097,CTA-658737,CLI-86154,2026-06-27 05:18:00,1310564.84,CRC,comision,sinpe,HE-001,Cuenta Ahorro
TXN-00013098,CTA-381715,CLI-79019,2026-06-17 21:56:00,1541597.23,CRC,transferencia,sucursal,LI-002,Cuenta Corriente
TXN-00013099,CTA-621707,CLI-59049,2026-06-07 07:32:00,3821913.42,CRC,comision,app_movil,HE-001,Préstamo Personal
TXN-00013100,CTA-397285,CLI-66674,2026-06-14 06:53:00,3194463.08,CRC,transferencia,app_movil,LI-002,Cuenta Corriente
TXN-00013101,CTA-718337,CLI-20297,2026-06-06 05:45:00,4505549.26,CRC,retiro,sucursal,HE-001,Préstamo Personal
TXN-00013102,CTA-989383,CLI-31735,2026-06-03 06:46:00,2330017.99,CRC,pago,sucursal,HE-001,Cuenta Corriente
TXN-00013103,CTA-591273,CLI-70535,2026-06-18 15:18:00,338808.97,CRC,pago,app_movil,CA-001,Tarjeta Crédito
TXN-00013104,CTA-940598,CLI-39130,2026-06-22 00:43:00,4984624.51,CRC,transferencia,atm,HE-001,Cuenta Corriente
TXN-00013105,CTA-727888,CLI-41416,2026-06-11 05:19:00,1288609.32,CRC,deposito,app_movil,PU-001,Préstamo Personal
TXN-00013106,CTA-247115,CLI-84220,2026-06-29 07:04:00,3748754.35,CRC,pago,web,HE-001,Cuenta Ahorro
TXN-00013107,CTA-614178,CLI-14126,2026-06-15 01:17:00,1449068.35,CRC,deposito,atm,CA-001,Préstamo Hipotecario
TXN-00013108,CTA-152748,CLI-31338,2026-06-08 19:19:00,2865988.73,CRC,pago,sinpe,LI-002,Préstamo Personal
TXN-00013109,CTA-971846,CLI-13017,2026-06-15 03:53:00,2536565.87,CRC,pago,web,AL-001,Préstamo Hipotecario
TXN-00013110,CTA-972614,CLI-92714,2026-06-02 11:41:00,2059162.96,CRC,pago,atm,HE-001,Cuenta Ahorro
TXN-00013111,CTA-745698,CLI-71264,2026-06-03 19:02:00,1365355.07,CRC,comision,web,HE-001,Préstamo Hipotecario
TXN-00013112,CTA-198555,CLI-51412,2026-06-23 16:11:00,3231147.53,CRC,pago,web,LI-002,Cuenta Corriente
TXN-00013113,CTA-106453,CLI-12310,2026-06-19 13:20:00,3950718.05,CRC,deposito,sucursal,LI-002,Préstamo Hipotecario
TXN-00013114,CTA-305582,CLI-19057,2026-06-01 22:40:00,717843.87,CRC,comision,app_movil,SJ-001,Cuenta Corriente
TXN-00013115,CTA-482587,CLI-38363,2026-06-01 16:36:00,3641235.23,CRC,retiro,atm,AL-001,Cuenta Ahorro
TXN-00013116,CTA-742419,CLI-47529,2026-06-19 04:53:00,4576659.8,CRC,pago,app_movil,LI-001,Cuenta Ahorro
TXN-00013117,CTA-292970,CLI-97152,2026-06-26 14:05:00,3214658.51,CRC,retiro,web,SJ-002,Tarjeta Crédito
TXN-00013118,CTA-831950,CLI-91840,2026-06-26 20:34:00,2127034.65,CRC,comision,web,LI-001,Cuenta Corriente
TXN-00013119,CTA-865758,CLI-58680,2026-06-13 16:16:00,2563839.12,CRC,pago,atm,PU-001,Préstamo Hipotecario
TXN-00013120,CTA-670661,CLI-93816,2026-06-14 16:29:00,819103.2,CRC,retiro,atm,LI-001,Cuenta Corriente
TXN-00013121,CTA-756411,CLI-62070,2026-06-25 19:30:00,4314636.64,CRC,pago,sinpe,CA-001,Cuenta Corriente
TXN-00013122,CTA-588172,CLI-35116,2026-06-26 19:30:00,827325.59,CRC,transferencia,atm,AL-001,Préstamo Hipotecario
TXN-00013123,CTA-749611,CLI-77532,2026-06-21 16:09:00,2234595.86,CRC,comision,sinpe,LI-002,Préstamo Personal
TXN-00013124,CTA-997981,CLI-34778,2026-06-07 20:31:00,2058918.76,CRC,pago,atm,LI-001,Préstamo Personal
TXN-00013125,CTA-990322,CLI-75876,2026-06-25 13:16:00,1227641.19,CRC,transferencia,app_movil,PU-001,Tarjeta Crédito
TXN-00013126,CTA-628230,CLI-58804,2026-06-15 08:58:00,2432283.81,CRC,comision,sucursal,CA-001,Préstamo Hipotecario
TXN-00013127,CTA-419912,CLI-10087,2026-06-11 21:33:00,4566644.7,CRC,retiro,web,SJ-002,Cuenta Corriente
TXN-00013128,CTA-583377,CLI-20373,2026-06-22 13:23:00,3219109.49,CRC,transferencia,app_movil,CA-001,Préstamo Personal
TXN-00013129,CTA-152482,CLI-60233,2026-06-04 08:12:00,3242482.54,CRC,transferencia,sinpe,CA-001,Cuenta Corriente
TXN-00013130,CTA-649593,CLI-92429,2026-06-03 07:40:00,4757051.69,CRC,deposito,web,AL-001,Cuenta Ahorro
TXN-00013131,CTA-842461,CLI-16849,2026-06-09 16:29:00,4498149.33,CRC,transferencia,app_movil,CA-001,Tarjeta Crédito
TXN-00013132,CTA-192604,CLI-65309,2026-06-23 10:18:00,3693521.9,CRC,deposito,sucursal,HE-001,Cuenta Ahorro
TXN-00013133,CTA-754713,CLI-35952,2026-06-19 13:09:00,816400.26,CRC,comision,sucursal,LI-001,Cuenta Ahorro
TXN-00013134,CTA-570097,CLI-43447,2026-06-15 20:05:00,1595592.82,CRC,transferencia,atm,LI-002,Préstamo Hipotecario
TXN-00013135,CTA-575256,CLI-45159,2026-06-08 08:05:00,3261190.23,CRC,retiro,sucursal,LI-001,Préstamo Personal
TXN-00013136,CTA-346000,CLI-84711,2026-06-21 13:19:00,154461.55,CRC,retiro,atm,AL-001,Tarjeta Crédito
TXN-00013137,CTA-764557,CLI-58467,2026-06-10 11:55:00,1126004.28,CRC,deposito,sinpe,SJ-001,Tarjeta Crédito
TXN-00013138,CTA-585544,CLI-24826,2026-06-18 18:38:00,2619364.5,CRC,retiro,sinpe,LI-002,Tarjeta Crédito
TXN-00013139,CTA-810892,CLI-78417,2026-06-02 07:11:00,3391388.24,CRC,transferencia,atm,CA-001,Cuenta Ahorro
TXN-00013140,CTA-988512,CLI-77748,2026-06-09 22:01:00,1966744.37,CRC,deposito,sinpe,PU-001,Cuenta Ahorro
TXN-00013141,CTA-553527,CLI-69499,2026-06-08 19:01:00,3022360.46,CRC,retiro,app_movil,SJ-001,Préstamo Personal
TXN-00013142,CTA-678638,CLI-54599,2026-06-08 17:52:00,3396466.04,CRC,pago,sinpe,LI-001,Préstamo Hipotecario
TXN-00013143,CTA-444592,CLI-83385,2026-06-12 17:18:00,1493809.44,CRC,transferencia,app_movil,CA-001,Préstamo Hipotecario
TXN-00013144,CTA-427776,CLI-98036,2026-06-03 05:20:00,320678.99,CRC,pago,sucursal,PU-001,Préstamo Personal
TXN-00013145,CTA-252676,CLI-76047,2026-06-30 18:26:00,4112285.07,CRC,transferencia,web,LI-001,Cuenta Corriente
TXN-00013146,CTA-338806,CLI-85319,2026-06-15 19:10:00,1604488.58,CRC,deposito,app_movil,PU-001,Tarjeta Crédito
TXN-00013147,CTA-536751,CLI-94936,2026-06-04 17:42:00,2144698.19,CRC,comision,sinpe,SJ-001,Préstamo Personal
TXN-00013148,CTA-984620,CLI-93068,2026-06-29 15:50:00,1227028.69,CRC,retiro,sucursal,LI-002,Préstamo Personal
TXN-00013149,CTA-936298,CLI-84002,2026-06-16 03:58:00,4562554.91,CRC,comision,sinpe,LI-001,Cuenta Ahorro
TXN-00013150,CTA-742434,CLI-94808,2026-06-10 13:38:00,4192818.98,CRC,comision,sucursal,SJ-002,Cuenta Corriente
TXN-00013151,CTA-891592,CLI-11169,2026-06-17 04:25:00,1224162.11,CRC,deposito,atm,AL-001,Cuenta Corriente
TXN-00013152,CTA-251067,CLI-37341,2026-06-20 07:48:00,3166202.51,CRC,transferencia,sucursal,PU-001,Cuenta Corriente
TXN-00013153,CTA-878779,CLI-69658,2026-06-26 22:37:00,1886216.91,CRC,transferencia,sinpe,HE-001,Préstamo Hipotecario
TXN-00013154,CTA-405305,CLI-99838,2026-06-24 12:43:00,2097857.21,CRC,comision,atm,SJ-002,Préstamo Personal
TXN-00013155,CTA-330390,CLI-25551,2026-06-09 11:38:00,3724002.64,CRC,transferencia,sucursal,HE-001,Tarjeta Crédito
TXN-00013156,CTA-178549,CLI-19154,2026-06-20 19:04:00,1201442.28,CRC,transferencia,web,SJ-001,Cuenta Ahorro
TXN-00013157,CTA-206798,CLI-29496,2026-06-17 01:03:00,3757654.41,CRC,comision,app_movil,LI-001,Préstamo Hipotecario
TXN-00013158,CTA-808816,CLI-51884,2026-06-13 13:16:00,40361.49,CRC,retiro,atm,CA-001,Cuenta Corriente
TXN-00013159,CTA-532101,CLI-69494,2026-06-30 13:45:00,2966282.55,CRC,transferencia,sinpe,SJ-001,Cuenta Corriente
TXN-00013160,CTA-433936,CLI-69859,2026-06-13 11:57:00,442259.47,CRC,transferencia,sucursal,SJ-002,Cuenta Ahorro
TXN-00013161,CTA-474662,CLI-94006,2026-06-27 23:05:00,3365889.71,CRC,pago,atm,LI-001,Préstamo Personal
TXN-00013162,CTA-586546,CLI-75828,2026-06-01 18:06:00,4125942.31,CRC,deposito,sinpe,PU-001,Cuenta Ahorro
TXN-00013163,CTA-970620,CLI-95815,2026-06-05 05:51:00,1283762.34,CRC,transferencia,sucursal,AL-001,Cuenta Corriente
TXN-00013164,CTA-283197,CLI-86872,2026-06-23 03:36:00,3705356.11,CRC,comision,atm,AL-001,Tarjeta Crédito
TXN-00013165,CTA-280065,CLI-40553,2026-06-07 15:38:00,1571913.68,CRC,deposito,atm,SJ-002,Préstamo Hipotecario
TXN-00013166,CTA-482818,CLI-57992,2026-06-26 01:16:00,3151030.46,CRC,comision,web,LI-002,Préstamo Hipotecario
TXN-00013167,CTA-695460,CLI-27019,2026-06-12 20:38:00,945094.62,CRC,comision,sinpe,SJ-002,Préstamo Hipotecario
TXN-00013168,CTA-720770,CLI-90243,2026-06-22 04:25:00,1925829.74,CRC,comision,app_movil,LI-001,Préstamo Hipotecario
TXN-00013169,CTA-233700,CLI-16637,2026-06-15 06:24:00,3012441.01,CRC,retiro,sinpe,PU-001,Cuenta Ahorro
TXN-00013170,CTA-572368,CLI-59417,2026-06-16 14:27:00,3827168.55,CRC,pago,atm,AL-001,Préstamo Personal
TXN-00013171,CTA-206051,CLI-58478,2026-06-20 16:26:00,1084237.41,CRC,comision,atm,LI-002,Cuenta Corriente
TXN-00013172,CTA-936538,CLI-70907,2026-06-22 05:05:00,4225881.92,CRC,comision,web,SJ-002,Préstamo Hipotecario
TXN-00013173,CTA-867361,CLI-88103,2026-06-15 14:18:00,2989625.19,CRC,deposito,web,SJ-002,Préstamo Personal
TXN-00013174,CTA-248742,CLI-13355,2026-06-17 10:06:00,1872651.66,CRC,retiro,atm,SJ-002,Cuenta Corriente
TXN-00013175,CTA-651475,CLI-63665,2026-06-24 02:30:00,3779624.98,CRC,deposito,web,CA-001,Préstamo Personal
TXN-00013176,CTA-887748,CLI-64555,2026-06-24 23:54:00,1551584.89,CRC,transferencia,app_movil,HE-001,Cuenta Corriente
TXN-00013177,CTA-910711,CLI-79605,2026-06-11 20:03:00,3297455.28,CRC,comision,sucursal,LI-001,Préstamo Personal
TXN-00013178,CTA-725486,CLI-83282,2026-06-01 06:35:00,3227356.3,CRC,retiro,app_movil,SJ-001,Préstamo Hipotecario
TXN-00013179,CTA-398973,CLI-51580,2026-06-08 02:13:00,760870.84,CRC,deposito,web,SJ-001,Préstamo Personal
TXN-00013180,CTA-383726,CLI-44477,2026-06-09 04:38:00,2658080.65,CRC,comision,sinpe,HE-001,Préstamo Hipotecario
TXN-00013181,CTA-458174,CLI-22872,2026-06-05 19:37:00,2934248.83,CRC,pago,web,LI-001,Tarjeta Crédito
TXN-00013182,CTA-183229,CLI-90361,2026-06-12 04:32:00,259484.15,CRC,pago,app_movil,HE-001,Cuenta Ahorro
TXN-00013183,CTA-380659,CLI-77768,2026-06-01 19:31:00,4589578.7,CRC,retiro,sucursal,PU-001,Cuenta Ahorro
TXN-00013184,CTA-190474,CLI-57936,2026-06-14 21:59:00,976377.36,CRC,retiro,app_movil,PU-001,Cuenta Ahorro
TXN-00013185,CTA-427281,CLI-22424,2026-06-26 09:20:00,2400212.51,CRC,pago,app_movil,PU-001,Tarjeta Crédito
TXN-00013186,CTA-108235,CLI-70986,2026-06-14 19:30:00,3725482.77,CRC,deposito,sucursal,LI-001,Préstamo Hipotecario
TXN-00013187,CTA-646461,CLI-46862,2026-06-12 09:08:00,4003433.13,CRC,transferencia,sinpe,LI-001,Préstamo Personal
TXN-00013188,CTA-267615,CLI-46607,2026-06-05 00:51:00,4065406.23,CRC,comision,atm,PU-001,Cuenta Ahorro
TXN-00013189,CTA-827599,CLI-15422,2026-06-26 01:57:00,3641158.41,CRC,transferencia,atm,CA-001,Préstamo Hipotecario
TXN-00013190,CTA-647720,CLI-90276,2026-06-25 20:22:00,4110171.05,CRC,transferencia,sinpe,SJ-002,Cuenta Corriente
TXN-00013191,CTA-635438,CLI-98940,2026-06-07 10:55:00,3741250.55,CRC,pago,web,CA-001,Cuenta Ahorro
TXN-00013192,CTA-128310,CLI-13478,2026-06-28 00:12:00,2997373.16,CRC,comision,web,LI-002,Cuenta Corriente
TXN-00013193,CTA-404412,CLI-85127,2026-06-30 19:58:00,2621653.76,CRC,comision,app_movil,LI-002,Cuenta Ahorro
TXN-00013194,CTA-815405,CLI-59990,2026-06-10 11:35:00,3683038.63,CRC,retiro,app_movil,AL-001,Cuenta Ahorro
TXN-00013195,CTA-898157,CLI-71374,2026-06-16 03:03:00,3895640.03,CRC,pago,web,SJ-002,Préstamo Hipotecario
TXN-00013196,CTA-597386,CLI-97056,2026-06-25 03:58:00,3351237.92,CRC,deposito,sucursal,CA-001,Préstamo Hipotecario
TXN-00013197,CTA-158759,CLI-78211,2026-06-01 20:40:00,4278845.49,CRC,transferencia,atm,LI-001,Cuenta Ahorro
TXN-00013198,CTA-254855,CLI-76191,2026-06-13 13:37:00,600542.58,CRC,retiro,web,SJ-001,Cuenta Ahorro
TXN-00013199,CTA-191716,CLI-27174,2026-06-04 22:51:00,1464557.41,CRC,transferencia,sinpe,LI-001,Préstamo Hipotecario
TXN-00013200,CTA-585372,CLI-16902,2026-06-22 06:01:00,2028017.98,CRC,retiro,atm,SJ-001,Tarjeta Crédito
TXN-00013201,CTA-711304,CLI-79158,2026-06-17 16:10:00,282082.79,CRC,deposito,atm,AL-001,Préstamo Hipotecario
TXN-00013202,CTA-151685,CLI-95300,2026-06-06 07:53:00,1479208.08,CRC,transferencia,app_movil,LI-001,Cuenta Corriente
TXN-00013203,CTA-552523,CLI-75819,2026-06-29 03:28:00,463569.07,CRC,transferencia,app_movil,LI-001,Tarjeta Crédito
TXN-00013204,CTA-367534,CLI-26355,2026-06-07 07:14:00,1662982.03,CRC,deposito,web,CA-001,Cuenta Ahorro
TXN-00013205,CTA-970726,CLI-76809,2026-06-21 07:56:00,267334.2,CRC,retiro,sucursal,AL-001,Tarjeta Crédito
TXN-00013206,CTA-428621,CLI-94009,2026-06-21 08:23:00,1947753.05,CRC,transferencia,atm,HE-001,Préstamo Hipotecario
TXN-00013207,CTA-786885,CLI-44495,2026-06-02 19:08:00,991517.03,CRC,transferencia,web,PU-001,Préstamo Hipotecario
TXN-00013208,CTA-126275,CLI-74049,2026-06-02 19:52:00,1192107.87,CRC,deposito,sucursal,AL-001,Préstamo Personal
TXN-00013209,CTA-241392,CLI-96059,2026-06-30 10:32:00,4821845.87,CRC,pago,app_movil,LI-002,Cuenta Corriente
TXN-00013210,CTA-649080,CLI-25271,2026-06-23 21:22:00,4149987.24,CRC,transferencia,atm,SJ-001,Préstamo Hipotecario
TXN-00013211,CTA-760041,CLI-78945,2026-06-01 14:01:00,65661.18,CRC,retiro,atm,LI-002,Préstamo Hipotecario
TXN-00013212,CTA-396005,CLI-22328,2026-06-04 16:58:00,2852018.23,CRC,deposito,app_movil,HE-001,Préstamo Personal
TXN-00013213,CTA-985821,CLI-87604,2026-06-12 22:00:00,1251424.35,CRC,transferencia,sinpe,PU-001,Préstamo Hipotecario
TXN-00013214,CTA-853337,CLI-49766,2026-06-22 08:12:00,2998372.19,CRC,comision,web,SJ-001,Tarjeta Crédito
TXN-00013215,CTA-157718,CLI-12766,2026-06-12 19:31:00,3094535.77,CRC,comision,app_movil,LI-001,Préstamo Personal
TXN-00013216,CTA-196632,CLI-53298,2026-06-12 00:35:00,226427.46,CRC,retiro,atm,LI-001,Préstamo Hipotecario
TXN-00013217,CTA-815513,CLI-96548,2026-06-13 22:14:00,2913678.58,CRC,comision,app_movil,AL-001,Tarjeta Crédito
TXN-00013218,CTA-965025,CLI-87024,2026-06-26 13:20:00,2626585.92,CRC,deposito,sinpe,LI-002,Cuenta Corriente
TXN-00013219,CTA-572801,CLI-14401,2026-06-27 11:21:00,2313830.38,CRC,retiro,sinpe,SJ-001,Cuenta Corriente
TXN-00013220,CTA-220269,CLI-39318,2026-06-09 01:32:00,4118731.43,CRC,retiro,sucursal,SJ-001,Préstamo Personal
TXN-00013221,CTA-191475,CLI-84399,2026-06-24 17:11:00,3043009.55,CRC,deposito,atm,SJ-001,Préstamo Hipotecario
TXN-00013222,CTA-974954,CLI-36747,2026-06-26 05:06:00,2317020.95,CRC,transferencia,web,CA-001,Préstamo Personal
TXN-00013223,CTA-781637,CLI-54488,2026-06-04 05:15:00,3024831.6,CRC,transferencia,web,HE-001,Préstamo Hipotecario
TXN-00013224,CTA-100966,CLI-64015,2026-06-09 07:59:00,3638915.44,CRC,comision,app_movil,SJ-002,Préstamo Hipotecario
TXN-00013225,CTA-127413,CLI-36024,2026-06-25 15:47:00,4427864.44,CRC,comision,web,HE-001,Tarjeta Crédito
TXN-00013226,CTA-496885,CLI-59438,2026-06-10 11:20:00,4202253.57,CRC,retiro,sucursal,LI-001,Tarjeta Crédito
TXN-00013227,CTA-983061,CLI-90308,2026-06-14 21:30:00,2229030.96,CRC,transferencia,sucursal,PU-001,Préstamo Hipotecario
TXN-00013228,CTA-236569,CLI-84356,2026-06-10 06:33:00,2490582.15,CRC,transferencia,web,LI-002,Tarjeta Crédito
TXN-00013229,CTA-300058,CLI-70007,2026-06-02 15:57:00,2239861.52,CRC,pago,app_movil,LI-001,Cuenta Ahorro
TXN-00013230,CTA-247634,CLI-87233,2026-06-26 10:59:00,1838630.12,CRC,comision,app_movil,LI-001,Cuenta Corriente
TXN-00013231,CTA-168033,CLI-47944,2026-06-06 18:40:00,4033339.14,CRC,deposito,sucursal,HE-001,Cuenta Ahorro
TXN-00013232,CTA-798507,CLI-76578,2026-06-16 11:00:00,1274836.18,CRC,transferencia,sinpe,SJ-001,Tarjeta Crédito
TXN-00013233,CTA-482125,CLI-86398,2026-06-06 04:00:00,15749.03,CRC,pago,web,SJ-002,Cuenta Ahorro
TXN-00013234,CTA-181524,CLI-79386,2026-06-24 14:54:00,2675539.63,CRC,transferencia,web,LI-002,Préstamo Personal
TXN-00013235,CTA-282665,CLI-24045,2026-06-25 03:57:00,3617339.95,CRC,pago,sucursal,PU-001,Cuenta Ahorro
TXN-00013236,CTA-775611,CLI-74288,2026-06-27 15:26:00,2103168.02,CRC,retiro,atm,AL-001,Tarjeta Crédito
TXN-00013237,CTA-563369,CLI-68339,2026-06-12 17:31:00,2542929.24,CRC,transferencia,atm,CA-001,Cuenta Ahorro
TXN-00013238,CTA-955272,CLI-15875,2026-06-04 19:15:00,2987325.86,CRC,transferencia,web,HE-001,Préstamo Hipotecario
TXN-00013239,CTA-528878,CLI-46914,2026-06-12 18:41:00,3351309.74,CRC,transferencia,app_movil,LI-002,Tarjeta Crédito
TXN-00013240,CTA-445420,CLI-78202,2026-06-03 10:44:00,3088666.99,CRC,transferencia,sucursal,LI-002,Cuenta Ahorro
TXN-00013241,CTA-466358,CLI-32653,2026-06-20 20:08:00,4966299.43,CRC,comision,web,PU-001,Cuenta Corriente
TXN-00013242,CTA-368653,CLI-31706,2026-06-20 12:22:00,1292385.46,CRC,transferencia,sinpe,HE-001,Préstamo Hipotecario
TXN-00013243,CTA-447490,CLI-73504,2026-06-22 23:59:00,4977729.43,CRC,comision,atm,PU-001,Préstamo Personal
TXN-00013244,CTA-308362,CLI-79462,2026-06-03 21:50:00,3788090.59,CRC,transferencia,atm,SJ-002,Cuenta Corriente
TXN-00013245,CTA-884717,CLI-27453,2026-06-09 14:24:00,4815433.55,CRC,comision,sinpe,SJ-001,Préstamo Hipotecario
TXN-00013246,CTA-881075,CLI-97514,2026-06-02 06:47:00,122214.03,CRC,pago,sucursal,CA-001,Cuenta Corriente
TXN-00013247,CTA-264162,CLI-55543,2026-06-28 17:28:00,2073231.15,CRC,deposito,atm,LI-001,Préstamo Personal
TXN-00013248,CTA-695933,CLI-72771,2026-06-17 15:44:00,576674.77,CRC,transferencia,sucursal,AL-001,Cuenta Corriente
TXN-00013249,CTA-546585,CLI-46576,2026-06-03 03:40:00,3313342.18,CRC,pago,web,PU-001,Préstamo Personal
TXN-00013250,CTA-136727,CLI-71426,2026-06-11 15:43:00,4156510.82,CRC,pago,app_movil,LI-002,Préstamo Personal
TXN-00013251,CTA-826011,CLI-27447,2026-06-28 23:51:00,669013.21,CRC,retiro,sucursal,HE-001,Tarjeta Crédito
TXN-00013252,CTA-755845,CLI-40279,2026-06-25 11:55:00,4821092.33,CRC,comision,atm,LI-001,Cuenta Corriente
TXN-00013253,CTA-570229,CLI-85424,2026-06-18 03:02:00,2817310.52,CRC,comision,atm,HE-001,Préstamo Personal
TXN-00013254,CTA-685014,CLI-18002,2026-06-29 20:57:00,143247.24,CRC,pago,web,HE-001,Préstamo Hipotecario
TXN-00013255,CTA-885934,CLI-19019,2026-06-06 04:54:00,98506.72,CRC,deposito,sucursal,CA-001,Tarjeta Crédito
TXN-00013256,CTA-874389,CLI-92060,2026-06-18 16:33:00,1316429.03,CRC,transferencia,sinpe,SJ-002,Cuenta Ahorro
TXN-00013257,CTA-941957,CLI-95394,2026-06-09 15:29:00,588824.83,CRC,pago,web,PU-001,Préstamo Personal
TXN-00013258,CTA-589971,CLI-37329,2026-06-12 19:45:00,4609993.14,CRC,deposito,sucursal,LI-002,Cuenta Ahorro
TXN-00013259,CTA-932179,CLI-16010,2026-06-13 04:28:00,517314.8,CRC,retiro,web,SJ-002,Cuenta Ahorro
TXN-00013260,CTA-467262,CLI-84771,2026-06-26 17:35:00,1664112.65,CRC,pago,sucursal,CA-001,Cuenta Ahorro
TXN-00013261,CTA-607262,CLI-18467,2026-06-24 01:22:00,2745366.12,CRC,pago,web,PU-001,Tarjeta Crédito
TXN-00013262,CTA-381013,CLI-76278,2026-06-03 14:28:00,4046555.82,CRC,retiro,sinpe,AL-001,Préstamo Hipotecario
TXN-00013263,CTA-519208,CLI-97876,2026-06-06 05:53:00,187639.94,CRC,deposito,atm,AL-001,Tarjeta Crédito
TXN-00013264,CTA-650816,CLI-37617,2026-06-28 13:29:00,4671511.09,CRC,pago,web,AL-001,Tarjeta Crédito
TXN-00013265,CTA-465068,CLI-59514,2026-06-09 05:40:00,4677783.04,CRC,transferencia,atm,AL-001,Cuenta Corriente
TXN-00013266,CTA-619619,CLI-94335,2026-06-15 09:10:00,2826981.28,CRC,transferencia,atm,SJ-002,Cuenta Corriente
TXN-00013267,CTA-639012,CLI-56451,2026-06-01 02:18:00,2423488.0,CRC,comision,sinpe,PU-001,Cuenta Ahorro
TXN-00013268,CTA-443688,CLI-79763,2026-06-13 11:58:00,742993.96,CRC,deposito,atm,PU-001,Cuenta Corriente
TXN-00013269,CTA-902453,CLI-62630,2026-06-27 13:27:00,343331.56,CRC,comision,sinpe,SJ-002,Cuenta Corriente
TXN-00013270,CTA-713400,CLI-56342,2026-06-09 07:12:00,879893.84,CRC,transferencia,sucursal,SJ-002,Tarjeta Crédito
TXN-00013271,CTA-414915,CLI-48603,2026-06-03 06:29:00,3136973.24,CRC,retiro,web,HE-001,Cuenta Ahorro
TXN-00013272,CTA-854403,CLI-47840,2026-06-02 01:01:00,2470975.98,CRC,comision,sinpe,HE-001,Cuenta Corriente
TXN-00013273,CTA-711621,CLI-49694,2026-06-24 02:48:00,1282572.43,CRC,pago,sinpe,SJ-001,Tarjeta Crédito
TXN-00013274,CTA-347850,CLI-17064,2026-06-10 03:32:00,1172293.49,CRC,pago,web,HE-001,Préstamo Personal
TXN-00013275,CTA-914360,CLI-29793,2026-06-19 09:53:00,1385501.04,CRC,retiro,web,SJ-001,Préstamo Hipotecario
TXN-00013276,CTA-269354,CLI-31548,2026-06-07 03:04:00,4538880.28,CRC,deposito,atm,CA-001,Cuenta Corriente
TXN-00013277,CTA-661769,CLI-18052,2026-06-09 07:29:00,4216088.33,CRC,retiro,sinpe,LI-001,Préstamo Hipotecario
TXN-00013278,CTA-675957,CLI-35522,2026-06-12 22:22:00,3742643.8,CRC,deposito,atm,PU-001,Cuenta Ahorro
TXN-00013279,CTA-717011,CLI-78880,2026-06-22 14:45:00,4176406.43,CRC,pago,web,HE-001,Préstamo Hipotecario
TXN-00013280,CTA-647859,CLI-65972,2026-06-06 07:59:00,1386849.38,CRC,transferencia,web,PU-001,Préstamo Personal
TXN-00013281,CTA-360429,CLI-78475,2026-06-15 05:26:00,1819774.82,CRC,transferencia,web,CA-001,Cuenta Corriente
TXN-00013282,CTA-268153,CLI-97409,2026-06-08 09:59:00,3236460.39,CRC,pago,app_movil,SJ-002,Cuenta Corriente
TXN-00013283,CTA-336180,CLI-54454,2026-06-05 13:28:00,3231778.24,CRC,pago,sucursal,AL-001,Préstamo Personal
TXN-00013284,CTA-295834,CLI-58636,2026-06-30 21:27:00,2985070.72,CRC,deposito,app_movil,CA-001,Préstamo Hipotecario
TXN-00013285,CTA-199343,CLI-85331,2026-06-08 21:07:00,2376288.56,CRC,pago,web,AL-001,Cuenta Corriente
TXN-00013286,CTA-925563,CLI-36447,2026-06-11 05:37:00,63016.82,CRC,pago,app_movil,SJ-002,Préstamo Hipotecario
TXN-00013287,CTA-429456,CLI-42472,2026-06-02 13:55:00,104575.76,CRC,retiro,web,AL-001,Préstamo Personal
TXN-00013288,CTA-653746,CLI-46139,2026-06-16 06:45:00,384559.86,CRC,pago,sinpe,CA-001,Tarjeta Crédito
TXN-00013289,CTA-885542,CLI-91937,2026-06-12 04:15:00,413667.07,CRC,retiro,app_movil,CA-001,Préstamo Personal
TXN-00013290,CTA-868394,CLI-47471,2026-06-20 18:08:00,3433711.75,CRC,transferencia,app_movil,HE-001,Préstamo Personal
TXN-00013291,CTA-600289,CLI-77735,2026-06-12 16:53:00,4351312.64,CRC,pago,sinpe,AL-001,Cuenta Ahorro
TXN-00013292,CTA-594525,CLI-56606,2026-06-02 05:55:00,1722999.32,CRC,retiro,atm,SJ-001,Préstamo Personal
TXN-00013293,CTA-397565,CLI-89337,2026-06-17 17:38:00,1900724.63,CRC,retiro,sinpe,CA-001,Préstamo Hipotecario
TXN-00013294,CTA-917201,CLI-83121,2026-06-19 01:39:00,4384099.32,CRC,deposito,app_movil,PU-001,Préstamo Personal
TXN-00013295,CTA-604197,CLI-99131,2026-06-30 18:54:00,41968.73,CRC,retiro,app_movil,CA-001,Préstamo Hipotecario
TXN-00013296,CTA-359001,CLI-53993,2026-06-08 18:20:00,3448158.63,CRC,retiro,sinpe,PU-001,Cuenta Ahorro
TXN-00013297,CTA-689698,CLI-63525,2026-06-06 06:00:00,141972.31,CRC,transferencia,sucursal,SJ-002,Préstamo Hipotecario
TXN-00013298,CTA-964428,CLI-44613,2026-06-13 09:44:00,872766.28,CRC,pago,atm,CA-001,Préstamo Hipotecario
TXN-00013299,CTA-421000,CLI-25221,2026-06-11 09:01:00,1272077.03,CRC,deposito,sinpe,LI-001,Préstamo Personal
TXN-00013300,CTA-908096,CLI-73889,2026-06-17 21:35:00,3647592.55,CRC,pago,sinpe,LI-002,Préstamo Hipotecario
TXN-00013301,CTA-687367,CLI-68574,2026-06-22 21:47:00,4043681.48,CRC,deposito,sinpe,PU-001,Préstamo Hipotecario
TXN-00013302,CTA-834333,CLI-31170,2026-06-29 05:16:00,1834241.14,CRC,pago,web,CA-001,Cuenta Ahorro
TXN-00013303,CTA-764520,CLI-71463,2026-06-28 09:31:00,417731.38,CRC,deposito,web,CA-001,Préstamo Personal
TXN-00013304,CTA-801114,CLI-91446,2026-06-06 22:02:00,3302629.35,CRC,pago,web,CA-001,Préstamo Hipotecario
TXN-00013305,CTA-295003,CLI-14835,2026-06-14 08:54:00,2126554.09,CRC,retiro,app_movil,SJ-002,Tarjeta Crédito
TXN-00013306,CTA-588619,CLI-35639,2026-06-27 10:18:00,1646422.85,CRC,deposito,atm,SJ-002,Cuenta Ahorro
TXN-00013307,CTA-219941,CLI-60618,2026-06-02 09:39:00,3033773.29,CRC,deposito,atm,LI-001,Cuenta Corriente
TXN-00013308,CTA-197056,CLI-77725,2026-06-17 10:42:00,1235800.1,CRC,retiro,sinpe,SJ-001,Préstamo Personal
TXN-00013309,CTA-118740,CLI-12475,2026-06-02 21:26:00,3347570.15,CRC,comision,app_movil,HE-001,Préstamo Hipotecario
TXN-00013310,CTA-248990,CLI-81556,2026-06-26 07:40:00,822460.17,CRC,retiro,sucursal,AL-001,Préstamo Hipotecario
TXN-00013311,CTA-430244,CLI-55973,2026-06-29 19:49:00,55927.15,CRC,pago,atm,SJ-001,Cuenta Ahorro
TXN-00013312,CTA-655358,CLI-19021,2026-06-13 10:51:00,3846120.05,CRC,comision,web,LI-001,Cuenta Ahorro
TXN-00013313,CTA-252789,CLI-48098,2026-06-11 17:38:00,510813.14,CRC,retiro,sucursal,PU-001,Cuenta Ahorro
TXN-00013314,CTA-348714,CLI-41986,2026-06-20 21:48:00,1999331.17,CRC,pago,web,SJ-002,Cuenta Corriente
TXN-00013315,CTA-978552,CLI-86677,2026-06-17 17:06:00,2607181.95,CRC,transferencia,atm,CA-001,Tarjeta Crédito
TXN-00013316,CTA-117709,CLI-93802,2026-06-08 13:36:00,3070680.11,CRC,transferencia,atm,HE-001,Cuenta Corriente
TXN-00013317,CTA-195827,CLI-56743,2026-06-10 23:52:00,1019849.78,CRC,retiro,atm,AL-001,Préstamo Personal
TXN-00013318,CTA-830098,CLI-49139,2026-06-28 02:27:00,1151631.46,CRC,transferencia,atm,LI-001,Préstamo Hipotecario
TXN-00013319,CTA-829627,CLI-91957,2026-06-06 17:57:00,3595096.52,CRC,deposito,atm,SJ-002,Tarjeta Crédito
TXN-00013320,CTA-483751,CLI-34981,2026-06-22 11:29:00,1908314.55,CRC,deposito,sinpe,CA-001,Cuenta Ahorro
TXN-00013321,CTA-250747,CLI-97798,2026-06-09 22:10:00,1894349.87,CRC,deposito,sucursal,PU-001,Tarjeta Crédito
TXN-00013322,CTA-639838,CLI-11396,2026-06-13 09:57:00,439432.05,CRC,transferencia,atm,PU-001,Cuenta Ahorro
TXN-00013323,CTA-316047,CLI-27651,2026-06-27 04:20:00,4700297.2,CRC,retiro,atm,SJ-002,Tarjeta Crédito
TXN-00013324,CTA-206752,CLI-17735,2026-06-20 06:41:00,4986186.93,CRC,deposito,atm,SJ-001,Tarjeta Crédito
TXN-00013325,CTA-349516,CLI-66098,2026-06-14 22:38:00,2791060.53,CRC,transferencia,sucursal,LI-002,Préstamo Personal
TXN-00013326,CTA-240202,CLI-38369,2026-06-12 20:16:00,3364393.5,CRC,retiro,sinpe,AL-001,Préstamo Hipotecario
TXN-00013327,CTA-627782,CLI-90583,2026-06-19 15:56:00,2789437.43,CRC,deposito,sinpe,SJ-002,Préstamo Personal
TXN-00013328,CTA-917671,CLI-19613,2026-06-09 23:38:00,3834418.64,CRC,retiro,atm,LI-001,Préstamo Personal
TXN-00013329,CTA-202136,CLI-93947,2026-06-01 06:17:00,3653615.6,CRC,retiro,atm,HE-001,Cuenta Corriente
TXN-00013330,CTA-750454,CLI-86328,2026-06-06 22:28:00,1428000.22,CRC,deposito,atm,SJ-002,Préstamo Hipotecario
TXN-00013331,CTA-559193,CLI-23542,2026-06-07 22:51:00,1321047.7,CRC,deposito,app_movil,SJ-002,Préstamo Hipotecario
TXN-00013332,CTA-272481,CLI-29998,2026-06-05 03:39:00,1421800.75,CRC,transferencia,sinpe,LI-001,Cuenta Corriente
TXN-00013333,CTA-425574,CLI-82941,2026-06-19 21:06:00,869052.31,CRC,comision,web,HE-001,Cuenta Ahorro
TXN-00013334,CTA-165215,CLI-34448,2026-06-10 11:38:00,101778.06,CRC,pago,sinpe,AL-001,Cuenta Ahorro
TXN-00013335,CTA-131243,CLI-70403,2026-06-27 16:30:00,4364740.97,CRC,retiro,atm,LI-002,Préstamo Hipotecario
TXN-00013336,CTA-219484,CLI-11205,2026-06-16 03:30:00,2683214.22,CRC,deposito,sucursal,CA-001,Préstamo Personal
TXN-00013337,CTA-895226,CLI-99428,2026-06-04 22:58:00,4140341.95,CRC,transferencia,app_movil,SJ-002,Préstamo Personal
TXN-00013338,CTA-498701,CLI-98506,2026-06-15 02:42:00,4116960.06,CRC,pago,app_movil,LI-002,Cuenta Ahorro
TXN-00013339,CTA-156244,CLI-72950,2026-06-28 18:49:00,361502.16,CRC,pago,atm,PU-001,Préstamo Personal
TXN-00013340,CTA-351712,CLI-66267,2026-06-11 07:12:00,162018.78,CRC,deposito,sinpe,HE-001,Tarjeta Crédito
TXN-00013341,CTA-867400,CLI-79863,2026-06-02 14:25:00,473867.94,CRC,transferencia,atm,PU-001,Préstamo Personal
TXN-00013342,CTA-171922,CLI-76181,2026-06-02 11:30:00,2566997.36,CRC,transferencia,web,SJ-001,Tarjeta Crédito
TXN-00013343,CTA-930220,CLI-13082,2026-06-01 07:41:00,4637434.78,CRC,pago,web,CA-001,Cuenta Ahorro
TXN-00013344,CTA-974433,CLI-81582,2026-06-19 11:33:00,1642018.37,CRC,transferencia,sinpe,SJ-002,Cuenta Ahorro
TXN-00013345,CTA-564580,CLI-62998,2026-06-12 02:07:00,3241624.66,CRC,comision,atm,SJ-002,Préstamo Personal
TXN-00013346,CTA-542004,CLI-95929,2026-06-11 07:40:00,1456486.15,CRC,retiro,app_movil,CA-001,Cuenta Corriente
TXN-00013347,CTA-986057,CLI-99239,2026-06-24 20:39:00,1558571.83,CRC,deposito,sucursal,HE-001,Tarjeta Crédito
TXN-00013348,CTA-259325,CLI-84061,2026-06-08 00:26:00,1108253.07,CRC,transferencia,atm,HE-001,Cuenta Ahorro
TXN-00013349,CTA-869359,CLI-14984,2026-06-06 11:51:00,4078677.38,CRC,retiro,atm,CA-001,Cuenta Ahorro
TXN-00013350,CTA-768968,CLI-36062,2026-06-27 23:31:00,2252972.24,CRC,comision,app_movil,HE-001,Cuenta Corriente
TXN-00013351,CTA-805089,CLI-30727,2026-06-18 01:48:00,924190.94,CRC,transferencia,sucursal,LI-002,Tarjeta Crédito
TXN-00013352,CTA-316268,CLI-41398,2026-06-12 16:32:00,4378802.35,CRC,deposito,app_movil,AL-001,Cuenta Ahorro
TXN-00013353,CTA-320254,CLI-46331,2026-06-09 12:33:00,4477982.06,CRC,retiro,app_movil,LI-002,Préstamo Personal
TXN-00013354,CTA-600258,CLI-16703,2026-06-20 18:43:00,4337635.24,CRC,comision,sinpe,LI-002,Préstamo Hipotecario
TXN-00013355,CTA-968209,CLI-28313,2026-06-30 07:41:00,1824324.09,CRC,deposito,atm,HE-001,Préstamo Hipotecario
TXN-00013356,CTA-983824,CLI-58126,2026-06-22 20:42:00,3350718.69,CRC,transferencia,atm,HE-001,Cuenta Ahorro
TXN-00013357,CTA-642473,CLI-24453,2026-06-22 15:56:00,20107.12,CRC,pago,sucursal,CA-001,Cuenta Corriente
TXN-00013358,CTA-945800,CLI-39945,2026-06-24 00:39:00,3187947.45,CRC,retiro,sinpe,SJ-002,Cuenta Corriente
TXN-00013359,CTA-552613,CLI-68591,2026-06-17 05:13:00,2292873.11,CRC,pago,sinpe,LI-001,Préstamo Personal
TXN-00013360,CTA-137218,CLI-54711,2026-06-26 20:57:00,2012827.04,CRC,comision,app_movil,LI-002,Cuenta Ahorro
TXN-00013361,CTA-618410,CLI-28051,2026-06-30 08:25:00,2832092.12,CRC,comision,sinpe,LI-002,Cuenta Ahorro
TXN-00013362,CTA-682767,CLI-97149,2026-06-12 13:17:00,997681.21,CRC,transferencia,sinpe,PU-001,Cuenta Ahorro
TXN-00013363,CTA-683383,CLI-53413,2026-06-07 14:08:00,295222.22,CRC,transferencia,web,SJ-002,Tarjeta Crédito
TXN-00013364,CTA-221173,CLI-75167,2026-06-22 20:58:00,2729865.32,CRC,comision,sucursal,PU-001,Préstamo Hipotecario
TXN-00013365,CTA-670036,CLI-90756,2026-06-30 02:54:00,2112744.5,CRC,comision,atm,AL-001,Cuenta Corriente
TXN-00013366,CTA-715990,CLI-61418,2026-06-17 02:54:00,3157750.5,CRC,transferencia,web,LI-001,Préstamo Hipotecario
TXN-00013367,CTA-216852,CLI-71229,2026-06-04 11:51:00,3230198.03,CRC,retiro,sucursal,PU-001,Cuenta Corriente
TXN-00013368,CTA-446442,CLI-42300,2026-06-12 09:04:00,1324439.83,CRC,transferencia,atm,SJ-001,Préstamo Hipotecario
TXN-00013369,CTA-289845,CLI-66172,2026-06-05 12:58:00,2349472.67,CRC,comision,sinpe,CA-001,Cuenta Ahorro
TXN-00013370,CTA-456319,CLI-82071,2026-06-03 13:51:00,4901519.93,CRC,retiro,app_movil,SJ-001,Préstamo Hipotecario
TXN-00013371,CTA-398961,CLI-18561,2026-06-12 00:24:00,2253384.37,CRC,comision,app_movil,LI-001,Tarjeta Crédito
TXN-00013372,CTA-147657,CLI-72398,2026-06-19 19:27:00,3401057.52,CRC,deposito,atm,LI-001,Cuenta Corriente
TXN-00013373,CTA-367943,CLI-64771,2026-06-17 23:35:00,4114188.34,CRC,transferencia,web,SJ-001,Cuenta Ahorro
TXN-00013374,CTA-943759,CLI-29434,2026-06-04 12:35:00,2760985.4,CRC,comision,sinpe,SJ-002,Tarjeta Crédito
TXN-00013375,CTA-749393,CLI-97199,2026-06-10 07:39:00,3111367.82,CRC,deposito,sucursal,LI-001,Tarjeta Crédito
TXN-00013376,CTA-540061,CLI-88395,2026-06-18 09:17:00,548140.99,CRC,comision,sinpe,LI-001,Préstamo Personal
TXN-00013377,CTA-776552,CLI-78308,2026-06-01 04:05:00,4049030.99,CRC,transferencia,app_movil,LI-002,Cuenta Ahorro
TXN-00013378,CTA-733619,CLI-98527,2026-06-05 23:31:00,1870609.59,CRC,transferencia,sucursal,SJ-001,Cuenta Ahorro
TXN-00013379,CTA-477554,CLI-78407,2026-06-17 11:30:00,2535707.44,CRC,deposito,atm,SJ-001,Cuenta Ahorro
TXN-00013380,CTA-714763,CLI-64447,2026-06-18 04:18:00,706160.72,CRC,pago,sinpe,LI-002,Cuenta Ahorro
TXN-00013381,CTA-579132,CLI-45276,2026-06-14 14:12:00,4942304.92,CRC,pago,sinpe,HE-001,Cuenta Ahorro
TXN-00013382,CTA-234413,CLI-42784,2026-06-15 20:47:00,2082443.1,CRC,pago,atm,LI-002,Préstamo Hipotecario
TXN-00013383,CTA-447859,CLI-28664,2026-06-13 11:38:00,1049046.24,CRC,pago,sucursal,SJ-001,Cuenta Corriente
TXN-00013384,CTA-595662,CLI-82134,2026-06-08 18:20:00,1444652.17,CRC,transferencia,atm,SJ-001,Cuenta Ahorro
TXN-00013385,CTA-986022,CLI-40270,2026-06-22 10:55:00,236027.41,CRC,deposito,atm,SJ-002,Cuenta Ahorro
TXN-00013386,CTA-980591,CLI-44148,2026-06-28 21:07:00,757384.04,CRC,deposito,sinpe,SJ-002,Cuenta Corriente
TXN-00013387,CTA-511953,CLI-38968,2026-06-19 10:00:00,3919949.68,CRC,deposito,atm,CA-001,Préstamo Hipotecario
TXN-00013388,CTA-479837,CLI-20760,2026-06-19 22:00:00,4993380.0,CRC,retiro,sucursal,SJ-001,Préstamo Hipotecario
TXN-00013389,CTA-356441,CLI-69590,2026-06-10 15:26:00,4387706.55,CRC,deposito,sinpe,SJ-002,Cuenta Ahorro
TXN-00013390,CTA-498673,CLI-41620,2026-06-13 23:15:00,180299.52,CRC,pago,app_movil,CA-001,Cuenta Corriente
TXN-00013391,CTA-756357,CLI-73796,2026-06-07 23:33:00,2486004.77,CRC,deposito,web,PU-001,Préstamo Hipotecario
TXN-00013392,CTA-234697,CLI-78363,2026-06-13 04:38:00,1383506.3,CRC,retiro,atm,SJ-002,Préstamo Hipotecario
TXN-00013393,CTA-387537,CLI-99324,2026-06-25 08:14:00,438237.45,CRC,pago,sinpe,CA-001,Cuenta Ahorro
TXN-00013394,CTA-185411,CLI-81505,2026-06-03 16:29:00,4295941.21,CRC,deposito,web,HE-001,Préstamo Hipotecario
TXN-00013395,CTA-114941,CLI-93532,2026-06-13 17:48:00,3385322.92,CRC,pago,atm,SJ-001,Préstamo Hipotecario
TXN-00013396,CTA-903647,CLI-71474,2026-06-18 00:54:00,4906994.06,CRC,comision,atm,CA-001,Préstamo Personal
TXN-00013397,CTA-325325,CLI-89863,2026-06-18 13:20:00,358982.61,CRC,pago,app_movil,LI-001,Cuenta Corriente
TXN-00013398,CTA-194368,CLI-13811,2026-06-10 19:34:00,1127605.1,CRC,pago,app_movil,SJ-002,Cuenta Ahorro
TXN-00013399,CTA-576732,CLI-25242,2026-06-08 18:08:00,2305095.76,CRC,retiro,sucursal,HE-001,Tarjeta Crédito
TXN-00013400,CTA-719194,CLI-50667,2026-06-19 07:25:00,4112905.24,CRC,comision,atm,CA-001,Cuenta Corriente
TXN-00013401,CTA-557434,CLI-91540,2026-06-26 11:25:00,2827303.57,CRC,retiro,atm,HE-001,Cuenta Corriente
TXN-00013402,CTA-374318,CLI-67122,2026-06-07 15:00:00,20745.68,CRC,comision,sinpe,LI-001,Préstamo Personal
TXN-00013403,CTA-818583,CLI-64569,2026-06-20 22:24:00,1757436.81,CRC,comision,web,CA-001,Préstamo Personal
TXN-00013404,CTA-758392,CLI-15200,2026-06-20 14:47:00,318954.42,CRC,retiro,web,PU-001,Préstamo Personal
TXN-00013405,CTA-121157,CLI-69158,2026-06-16 21:43:00,4762101.42,CRC,retiro,atm,SJ-002,Préstamo Hipotecario
TXN-00013406,CTA-846734,CLI-64497,2026-06-10 17:53:00,532884.98,CRC,pago,app_movil,LI-001,Cuenta Corriente
TXN-00013407,CTA-591309,CLI-53561,2026-06-02 04:34:00,3397034.26,CRC,pago,atm,CA-001,Préstamo Hipotecario
TXN-00013408,CTA-992595,CLI-45905,2026-06-20 14:36:00,2944050.54,CRC,pago,web,LI-001,Cuenta Ahorro
TXN-00013409,CTA-281951,CLI-23919,2026-06-26 06:56:00,929450.83,CRC,comision,web,LI-001,Préstamo Personal
TXN-00013410,CTA-959412,CLI-83077,2026-06-19 05:26:00,3755707.85,CRC,deposito,web,HE-001,Cuenta Corriente
TXN-00013411,CTA-450549,CLI-70648,2026-06-28 07:33:00,2042109.43,CRC,deposito,app_movil,SJ-001,Cuenta Ahorro
TXN-00013412,CTA-711789,CLI-58056,2026-06-13 15:37:00,766293.97,CRC,pago,web,PU-001,Préstamo Hipotecario
TXN-00013413,CTA-963575,CLI-92578,2026-06-02 03:09:00,362418.36,CRC,comision,atm,LI-001,Préstamo Personal
TXN-00013414,CTA-722009,CLI-47889,2026-06-07 19:36:00,3296209.94,CRC,comision,web,LI-001,Préstamo Personal
TXN-00013415,CTA-554415,CLI-97966,2026-06-18 12:51:00,4570616.96,CRC,comision,atm,SJ-002,Cuenta Ahorro
TXN-00013416,CTA-843342,CLI-10468,2026-06-04 07:13:00,3449536.95,CRC,deposito,app_movil,HE-001,Cuenta Ahorro
TXN-00013417,CTA-548684,CLI-72473,2026-06-11 13:59:00,4132963.96,CRC,retiro,web,LI-002,Cuenta Corriente
TXN-00013418,CTA-345507,CLI-60940,2026-06-17 18:34:00,2223317.6,CRC,transferencia,atm,SJ-002,Tarjeta Crédito
TXN-00013419,CTA-370127,CLI-84189,2026-06-28 17:09:00,1217295.78,CRC,comision,web,AL-001,Préstamo Hipotecario
TXN-00013420,CTA-411933,CLI-62780,2026-06-25 13:18:00,405155.21,CRC,deposito,sucursal,LI-001,Tarjeta Crédito
TXN-00013421,CTA-725056,CLI-34351,2026-06-16 18:35:00,3509672.25,CRC,retiro,app_movil,LI-001,Préstamo Hipotecario
TXN-00013422,CTA-884959,CLI-45194,2026-06-11 07:37:00,4426453.51,CRC,retiro,atm,SJ-002,Préstamo Personal
TXN-00013423,CTA-867508,CLI-83661,2026-06-02 16:36:00,1799552.95,CRC,retiro,web,CA-001,Cuenta Ahorro
TXN-00013424,CTA-369638,CLI-95258,2026-06-12 01:27:00,2509486.84,CRC,comision,web,SJ-002,Cuenta Corriente
TXN-00013425,CTA-774601,CLI-12275,2026-06-20 15:18:00,3398219.78,CRC,transferencia,sinpe,SJ-002,Tarjeta Crédito
TXN-00013426,CTA-318497,CLI-87260,2026-06-14 23:51:00,1561704.34,CRC,deposito,app_movil,LI-002,Cuenta Ahorro
TXN-00013427,CTA-869409,CLI-87606,2026-06-03 16:24:00,1295864.82,CRC,pago,atm,SJ-002,Préstamo Personal
TXN-00013428,CTA-690151,CLI-47132,2026-06-18 03:17:00,906545.94,CRC,deposito,sinpe,HE-001,Cuenta Ahorro
TXN-00013429,CTA-821960,CLI-38456,2026-06-22 16:22:00,3866462.27,CRC,deposito,web,LI-001,Cuenta Corriente
TXN-00013430,CTA-623793,CLI-93101,2026-06-14 16:58:00,2238960.99,CRC,deposito,atm,SJ-002,Préstamo Personal
TXN-00013431,CTA-582196,CLI-31591,2026-06-13 12:10:00,3702839.27,CRC,retiro,web,PU-001,Préstamo Personal
TXN-00013432,CTA-175437,CLI-45584,2026-06-04 18:39:00,2300022.08,CRC,pago,app_movil,SJ-002,Cuenta Ahorro
TXN-00013433,CTA-908120,CLI-18152,2026-06-21 07:05:00,3210323.27,CRC,transferencia,sinpe,HE-001,Préstamo Hipotecario
TXN-00013434,CTA-569190,CLI-32068,2026-06-18 15:55:00,492373.67,CRC,transferencia,web,SJ-002,Préstamo Hipotecario
TXN-00013435,CTA-537550,CLI-55935,2026-06-29 01:01:00,1279740.36,CRC,retiro,atm,SJ-002,Préstamo Personal
TXN-00013436,CTA-136281,CLI-10329,2026-06-04 16:57:00,1252724.93,CRC,deposito,sucursal,AL-001,Cuenta Corriente
TXN-00013437,CTA-423089,CLI-78839,2026-06-08 00:49:00,1791196.55,CRC,deposito,web,LI-001,Cuenta Ahorro
TXN-00013438,CTA-822983,CLI-39722,2026-06-19 10:32:00,4943620.48,CRC,deposito,sucursal,LI-002,Préstamo Hipotecario
TXN-00013439,CTA-577184,CLI-31629,2026-06-10 09:33:00,215747.98,CRC,deposito,app_movil,HE-001,Préstamo Personal
TXN-00013440,CTA-787127,CLI-65645,2026-06-12 11:48:00,3168147.19,CRC,deposito,sucursal,LI-001,Préstamo Personal
TXN-00013441,CTA-520495,CLI-29604,2026-06-22 11:51:00,1552506.85,CRC,deposito,sinpe,SJ-002,Préstamo Personal
TXN-00013442,CTA-563267,CLI-98435,2026-06-29 14:15:00,317034.4,CRC,comision,web,CA-001,Tarjeta Crédito
TXN-00013443,CTA-989101,CLI-43083,2026-06-26 02:59:00,484232.63,CRC,retiro,sinpe,LI-002,Préstamo Personal
TXN-00013444,CTA-102501,CLI-85631,2026-06-19 18:14:00,3706421.59,CRC,comision,web,SJ-001,Préstamo Personal
TXN-00013445,CTA-130772,CLI-18683,2026-06-25 10:09:00,3366846.69,CRC,retiro,sucursal,SJ-001,Cuenta Corriente
TXN-00013446,CTA-114834,CLI-33349,2026-06-09 16:55:00,3876531.33,CRC,transferencia,web,HE-001,Tarjeta Crédito
TXN-00013447,CTA-779192,CLI-20499,2026-06-04 23:36:00,3555814.94,CRC,comision,sucursal,SJ-001,Préstamo Hipotecario
TXN-00013448,CTA-421316,CLI-13030,2026-06-03 08:14:00,3352109.83,CRC,transferencia,web,SJ-002,Cuenta Ahorro
TXN-00013449,CTA-206368,CLI-84629,2026-06-19 14:54:00,2954186.83,CRC,pago,atm,LI-001,Cuenta Ahorro
TXN-00013450,CTA-571830,CLI-64823,2026-06-28 10:47:00,4861902.63,CRC,comision,app_movil,LI-001,Préstamo Hipotecario
TXN-00013451,CTA-502741,CLI-39268,2026-06-13 04:05:00,1685818.88,CRC,deposito,sinpe,SJ-002,Tarjeta Crédito
TXN-00013452,CTA-620974,CLI-86345,2026-06-27 00:15:00,1227929.61,CRC,deposito,web,SJ-001,Cuenta Ahorro
TXN-00013453,CTA-181688,CLI-41230,2026-06-08 04:34:00,2736176.14,CRC,comision,sucursal,HE-001,Préstamo Hipotecario
TXN-00013454,CTA-877276,CLI-77984,2026-06-12 19:49:00,3895270.16,CRC,pago,sucursal,AL-001,Préstamo Personal
TXN-00013455,CTA-831324,CLI-25540,2026-06-20 00:09:00,347522.38,CRC,transferencia,app_movil,LI-001,Cuenta Ahorro
TXN-00013456,CTA-787851,CLI-34663,2026-06-02 21:58:00,3672868.68,CRC,deposito,app_movil,SJ-001,Préstamo Personal
TXN-00013457,CTA-612652,CLI-62968,2026-06-17 14:08:00,1889343.9,CRC,pago,web,AL-001,Cuenta Ahorro
TXN-00013458,CTA-175886,CLI-13739,2026-06-27 03:17:00,2317286.78,CRC,transferencia,sucursal,SJ-002,Tarjeta Crédito
TXN-00013459,CTA-237637,CLI-76197,2026-06-03 23:08:00,3546403.9,CRC,pago,atm,SJ-001,Préstamo Personal
TXN-00013460,CTA-601779,CLI-60419,2026-06-29 14:48:00,1003179.33,CRC,deposito,app_movil,AL-001,Tarjeta Crédito
TXN-00013461,CTA-369810,CLI-80916,2026-06-21 01:10:00,1526317.55,CRC,deposito,atm,AL-001,Préstamo Personal
TXN-00013462,CTA-984223,CLI-35978,2026-06-13 16:23:00,1995192.49,CRC,comision,web,AL-001,Préstamo Hipotecario
TXN-00013463,CTA-464703,CLI-24870,2026-06-13 08:21:00,2997540.72,CRC,deposito,web,LI-001,Cuenta Corriente
TXN-00013464,CTA-853365,CLI-77454,2026-06-12 03:35:00,4211598.78,CRC,comision,web,SJ-002,Cuenta Corriente
TXN-00013465,CTA-217140,CLI-44666,2026-06-27 00:25:00,1668937.99,CRC,pago,sucursal,LI-001,Cuenta Ahorro
TXN-00013466,CTA-945475,CLI-92504,2026-06-01 20:08:00,3870380.02,CRC,retiro,web,SJ-002,Cuenta Corriente
TXN-00013467,CTA-589867,CLI-62056,2026-06-26 05:37:00,741101.29,CRC,pago,atm,CA-001,Cuenta Ahorro
TXN-00013468,CTA-566605,CLI-48747,2026-06-19 17:32:00,1239229.46,CRC,transferencia,app_movil,LI-001,Cuenta Corriente
TXN-00013469,CTA-797912,CLI-43266,2026-06-13 10:50:00,2006508.92,CRC,transferencia,web,CA-001,Préstamo Hipotecario
TXN-00013470,CTA-549532,CLI-62459,2026-06-01 13:12:00,1371146.92,CRC,pago,atm,AL-001,Tarjeta Crédito
TXN-00013471,CTA-580304,CLI-19911,2026-06-03 02:47:00,2873302.42,CRC,comision,sinpe,AL-001,Cuenta Ahorro
TXN-00013472,CTA-560572,CLI-95627,2026-06-12 08:40:00,3005927.28,CRC,retiro,sucursal,SJ-002,Tarjeta Crédito
TXN-00013473,CTA-851524,CLI-16105,2026-06-08 12:13:00,2625234.82,CRC,pago,app_movil,HE-001,Préstamo Hipotecario
TXN-00013474,CTA-250250,CLI-84440,2026-06-19 07:31:00,464936.7,CRC,deposito,sinpe,CA-001,Tarjeta Crédito
TXN-00013475,CTA-262408,CLI-24635,2026-06-04 09:53:00,2559880.14,CRC,retiro,atm,PU-001,Cuenta Ahorro
TXN-00013476,CTA-221580,CLI-56336,2026-06-26 21:29:00,3171776.52,CRC,comision,web,SJ-001,Cuenta Ahorro
TXN-00013477,CTA-798400,CLI-93999,2026-06-07 21:12:00,4608614.01,CRC,retiro,app_movil,HE-001,Préstamo Hipotecario
TXN-00013478,CTA-960308,CLI-43934,2026-06-04 19:32:00,2959003.36,CRC,retiro,sinpe,LI-001,Préstamo Personal
TXN-00013479,CTA-233666,CLI-87014,2026-06-25 20:26:00,1787113.32,CRC,comision,sinpe,HE-001,Préstamo Personal
TXN-00013480,CTA-213466,CLI-77875,2026-06-08 16:15:00,84249.0,CRC,pago,app_movil,PU-001,Préstamo Hipotecario
TXN-00013481,CTA-678771,CLI-52521,2026-06-21 03:24:00,677654.66,CRC,deposito,sucursal,LI-001,Cuenta Ahorro
TXN-00013482,CTA-851281,CLI-70835,2026-06-28 19:13:00,2815589.9,CRC,deposito,sucursal,SJ-001,Préstamo Personal
TXN-00013483,CTA-393619,CLI-89167,2026-06-30 02:15:00,2759476.89,CRC,transferencia,sinpe,CA-001,Cuenta Ahorro
TXN-00013484,CTA-685903,CLI-48882,2026-06-12 17:00:00,1606788.14,CRC,comision,web,CA-001,Cuenta Ahorro
TXN-00013485,CTA-322365,CLI-50952,2026-06-23 00:56:00,2888164.3,CRC,transferencia,app_movil,LI-002,Préstamo Hipotecario
TXN-00013486,CTA-180060,CLI-61731,2026-06-13 20:26:00,720037.03,CRC,pago,web,CA-001,Tarjeta Crédito
TXN-00013487,CTA-602359,CLI-91304,2026-06-16 07:16:00,2674406.13,CRC,transferencia,web,PU-001,Préstamo Hipotecario
TXN-00013488,CTA-958852,CLI-76931,2026-06-18 00:59:00,1946080.79,CRC,pago,sucursal,LI-002,Tarjeta Crédito
TXN-00013489,CTA-250796,CLI-90246,2026-06-02 14:07:00,4736352.87,CRC,deposito,sinpe,LI-001,Préstamo Personal
TXN-00013490,CTA-933622,CLI-78194,2026-06-03 05:21:00,3189251.93,CRC,retiro,sucursal,HE-001,Cuenta Ahorro
TXN-00013491,CTA-477186,CLI-86434,2026-06-22 01:29:00,3404661.36,CRC,transferencia,web,CA-001,Cuenta Corriente
TXN-00013492,CTA-350920,CLI-93400,2026-06-14 23:22:00,3722448.14,CRC,transferencia,app_movil,LI-001,Cuenta Corriente
TXN-00013493,CTA-784872,CLI-43958,2026-06-03 03:46:00,3573650.52,CRC,pago,sinpe,PU-001,Préstamo Hipotecario
TXN-00013494,CTA-592138,CLI-12460,2026-06-01 13:39:00,3556960.75,CRC,pago,atm,LI-002,Cuenta Ahorro
TXN-00013495,CTA-141402,CLI-12771,2026-06-13 10:28:00,1732379.24,CRC,retiro,sinpe,LI-002,Préstamo Hipotecario
TXN-00013496,CTA-454774,CLI-84511,2026-06-03 08:46:00,1640884.01,CRC,deposito,atm,PU-001,Cuenta Ahorro
TXN-00013497,CTA-637627,CLI-52787,2026-06-03 22:47:00,4135990.42,CRC,deposito,web,PU-001,Cuenta Ahorro
TXN-00013498,CTA-107141,CLI-78557,2026-06-16 21:12:00,2485568.08,CRC,comision,web,LI-002,Préstamo Hipotecario
TXN-00013499,CTA-553551,CLI-49727,2026-06-05 18:30:00,2046643.79,CRC,transferencia,web,CA-001,Préstamo Hipotecario
TXN-00013500,CTA-189004,CLI-26008,2026-06-11 05:19:00,357138.5,CRC,comision,sinpe,AL-001,Tarjeta Crédito
TXN-00013501,CTA-830691,CLI-97122,2026-06-24 15:35:00,1385922.88,CRC,pago,sinpe,AL-001,Cuenta Corriente
TXN-00013502,CTA-889427,CLI-13913,2026-06-02 13:16:00,276725.74,CRC,pago,atm,CA-001,Cuenta Ahorro
TXN-00013503,CTA-957359,CLI-47194,2026-06-22 23:57:00,4796839.02,CRC,retiro,sucursal,SJ-002,Préstamo Personal
TXN-00013504,CTA-558140,CLI-31925,2026-06-19 05:44:00,3654422.79,CRC,pago,atm,SJ-001,Tarjeta Crédito
TXN-00013505,CTA-235623,CLI-69734,2026-06-11 02:14:00,4073489.46,CRC,comision,sinpe,CA-001,Tarjeta Crédito
TXN-00013506,CTA-897207,CLI-86923,2026-06-17 06:01:00,1276947.02,CRC,retiro,web,LI-002,Cuenta Ahorro
TXN-00013507,CTA-316077,CLI-12346,2026-06-23 02:24:00,3671120.79,CRC,retiro,sucursal,LI-002,Préstamo Personal
TXN-00013508,CTA-477253,CLI-14884,2026-06-03 01:13:00,514095.9,CRC,comision,web,CA-001,Tarjeta Crédito
TXN-00013509,CTA-963103,CLI-85636,2026-06-16 17:02:00,2485646.45,CRC,comision,sucursal,SJ-002,Cuenta Corriente
TXN-00013510,CTA-787009,CLI-71228,2026-06-15 06:40:00,3363678.01,CRC,deposito,sinpe,SJ-002,Préstamo Hipotecario
TXN-00013511,CTA-368191,CLI-44017,2026-06-26 01:10:00,1258736.12,CRC,retiro,sucursal,LI-002,Cuenta Corriente
TXN-00013512,CTA-159114,CLI-95408,2026-06-24 11:35:00,334585.85,CRC,pago,sucursal,SJ-002,Cuenta Corriente
TXN-00013513,CTA-804872,CLI-87307,2026-06-29 07:55:00,3518287.02,CRC,pago,atm,SJ-002,Préstamo Personal
TXN-00013514,CTA-958768,CLI-72962,2026-06-24 22:37:00,878223.05,CRC,deposito,atm,CA-001,Tarjeta Crédito
TXN-00013515,CTA-322403,CLI-48754,2026-06-20 18:53:00,4359395.26,CRC,comision,web,LI-002,Tarjeta Crédito
TXN-00013516,CTA-996533,CLI-27277,2026-06-12 10:13:00,3997616.29,CRC,retiro,sucursal,LI-002,Cuenta Corriente
TXN-00013517,CTA-446708,CLI-90157,2026-06-09 18:03:00,3772583.99,CRC,retiro,sinpe,SJ-001,Préstamo Hipotecario
TXN-00013518,CTA-546904,CLI-73620,2026-06-23 16:11:00,1797224.85,CRC,pago,sinpe,SJ-001,Cuenta Corriente
TXN-00013519,CTA-565053,CLI-98393,2026-06-08 02:44:00,1011843.34,CRC,retiro,sucursal,SJ-001,Cuenta Ahorro
TXN-00013520,CTA-675393,CLI-17502,2026-06-05 00:43:00,815907.46,CRC,comision,app_movil,AL-001,Cuenta Corriente
TXN-00013521,CTA-164279,CLI-36204,2026-06-26 11:53:00,4575243.02,CRC,transferencia,atm,LI-002,Tarjeta Crédito
TXN-00013522,CTA-586763,CLI-72090,2026-06-24 16:56:00,4462048.95,CRC,retiro,sinpe,SJ-001,Cuenta Ahorro
TXN-00013523,CTA-440341,CLI-39085,2026-06-14 04:51:00,945540.85,CRC,transferencia,sinpe,LI-001,Préstamo Personal
TXN-00013524,CTA-798021,CLI-75743,2026-06-26 02:29:00,3534072.72,CRC,retiro,sinpe,LI-001,Préstamo Hipotecario
TXN-00013525,CTA-264174,CLI-62224,2026-06-01 15:54:00,220414.05,CRC,comision,web,LI-001,Préstamo Personal
TXN-00013526,CTA-382484,CLI-13096,2026-06-23 03:43:00,1838152.55,CRC,pago,app_movil,PU-001,Cuenta Corriente
TXN-00013527,CTA-590611,CLI-50559,2026-06-26 19:14:00,140097.77,CRC,deposito,app_movil,CA-001,Préstamo Personal
TXN-00013528,CTA-381190,CLI-88603,2026-06-30 04:35:00,3068370.43,CRC,transferencia,sinpe,CA-001,Tarjeta Crédito
TXN-00013529,CTA-340560,CLI-94316,2026-06-03 12:26:00,4769576.51,CRC,retiro,sinpe,CA-001,Cuenta Ahorro
TXN-00013530,CTA-678251,CLI-45088,2026-06-22 13:23:00,1358462.4,CRC,retiro,sinpe,LI-002,Tarjeta Crédito
TXN-00013531,CTA-480719,CLI-66164,2026-06-04 23:07:00,3136021.63,CRC,transferencia,web,LI-002,Tarjeta Crédito
TXN-00013532,CTA-825304,CLI-26382,2026-06-25 11:27:00,2051083.8,CRC,comision,app_movil,HE-001,Préstamo Personal
TXN-00013533,CTA-970018,CLI-66891,2026-06-15 23:34:00,4101017.76,CRC,retiro,web,HE-001,Préstamo Hipotecario
TXN-00013534,CTA-443162,CLI-69036,2026-06-03 17:55:00,821966.69,CRC,comision,atm,LI-001,Cuenta Corriente
TXN-00013535,CTA-401821,CLI-85608,2026-06-20 23:04:00,1878983.48,CRC,transferencia,sucursal,SJ-001,Préstamo Personal
TXN-00013536,CTA-467211,CLI-42250,2026-06-18 05:32:00,1926124.04,CRC,retiro,sucursal,SJ-002,Préstamo Personal
TXN-00013537,CTA-823104,CLI-53432,2026-06-20 20:54:00,874868.05,CRC,deposito,sinpe,HE-001,Préstamo Personal
TXN-00013538,CTA-996918,CLI-27096,2026-06-20 14:43:00,473121.49,CRC,pago,web,AL-001,Cuenta Ahorro
TXN-00013539,CTA-980937,CLI-72714,2026-06-15 06:34:00,1597833.81,CRC,deposito,atm,SJ-001,Préstamo Hipotecario
TXN-00013540,CTA-611513,CLI-63554,2026-06-05 18:22:00,2519201.41,CRC,pago,sucursal,LI-002,Tarjeta Crédito
TXN-00013541,CTA-317874,CLI-99056,2026-06-09 05:22:00,1013678.68,CRC,comision,sucursal,CA-001,Tarjeta Crédito
TXN-00013542,CTA-843534,CLI-37683,2026-06-20 21:03:00,2434754.5,CRC,pago,app_movil,AL-001,Cuenta Corriente
TXN-00013543,CTA-813146,CLI-30097,2026-06-26 21:20:00,4136359.43,CRC,deposito,web,SJ-002,Cuenta Corriente
TXN-00013544,CTA-131146,CLI-89158,2026-06-14 12:06:00,1494696.5,CRC,pago,sinpe,LI-001,Cuenta Ahorro
TXN-00013545,CTA-182775,CLI-37230,2026-06-10 07:35:00,325958.63,CRC,transferencia,sinpe,SJ-001,Cuenta Ahorro
TXN-00013546,CTA-188559,CLI-27819,2026-06-20 04:25:00,3665316.12,CRC,comision,web,LI-001,Préstamo Hipotecario
TXN-00013547,CTA-174003,CLI-94134,2026-06-09 18:26:00,2542675.88,CRC,comision,atm,HE-001,Préstamo Personal
TXN-00013548,CTA-518852,CLI-40696,2026-06-05 13:21:00,4006825.49,CRC,comision,web,HE-001,Cuenta Corriente
TXN-00013549,CTA-967033,CLI-98354,2026-06-28 16:16:00,978406.98,CRC,transferencia,sucursal,SJ-001,Préstamo Hipotecario
TXN-00013550,CTA-446621,CLI-13794,2026-06-21 15:15:00,2979791.22,CRC,deposito,web,SJ-001,Préstamo Personal
TXN-00013551,CTA-653102,CLI-36797,2026-06-07 20:20:00,1196011.37,CRC,retiro,sinpe,LI-002,Préstamo Personal
TXN-00013552,CTA-897974,CLI-22365,2026-06-30 12:21:00,4288687.12,CRC,deposito,sucursal,PU-001,Cuenta Corriente
TXN-00013553,CTA-468144,CLI-82597,2026-06-24 20:44:00,1138496.88,CRC,comision,atm,CA-001,Cuenta Ahorro
TXN-00013554,CTA-182156,CLI-65257,2026-06-21 11:19:00,2788969.64,CRC,transferencia,atm,CA-001,Cuenta Ahorro
TXN-00013555,CTA-368408,CLI-24225,2026-06-22 08:55:00,2176110.25,CRC,comision,app_movil,PU-001,Cuenta Corriente
TXN-00013556,CTA-293705,CLI-57321,2026-06-11 20:40:00,1513665.61,CRC,comision,web,LI-002,Cuenta Corriente
TXN-00013557,CTA-199524,CLI-50015,2026-06-05 11:55:00,4390337.96,CRC,retiro,sucursal,PU-001,Préstamo Personal
TXN-00013558,CTA-714120,CLI-51625,2026-06-17 16:30:00,482320.97,CRC,comision,web,HE-001,Tarjeta Crédito
TXN-00013559,CTA-411761,CLI-29174,2026-06-19 15:22:00,4756426.98,CRC,deposito,web,LI-001,Préstamo Personal
TXN-00013560,CTA-744290,CLI-45487,2026-06-21 02:57:00,908837.8,CRC,transferencia,sucursal,SJ-002,Tarjeta Crédito
TXN-00013561,CTA-254291,CLI-13587,2026-06-24 03:40:00,4298477.97,CRC,comision,sinpe,LI-001,Préstamo Personal
TXN-00013562,CTA-832548,CLI-98839,2026-06-01 18:25:00,2522782.88,CRC,comision,sucursal,LI-002,Préstamo Hipotecario
TXN-00013563,CTA-823790,CLI-49809,2026-06-26 16:30:00,2872844.62,CRC,retiro,sinpe,CA-001,Cuenta Corriente
TXN-00013564,CTA-758022,CLI-64595,2026-06-04 23:05:00,3273021.72,CRC,retiro,sinpe,AL-001,Cuenta Ahorro
TXN-00013565,CTA-575364,CLI-68586,2026-06-25 19:53:00,2532034.74,CRC,pago,sinpe,AL-001,Préstamo Personal
TXN-00013566,CTA-430562,CLI-11755,2026-06-10 04:33:00,4856449.85,CRC,retiro,atm,SJ-002,Préstamo Personal
TXN-00013567,CTA-706279,CLI-54881,2026-06-12 17:45:00,1220354.95,CRC,deposito,sucursal,CA-001,Préstamo Hipotecario
TXN-00013568,CTA-374554,CLI-13582,2026-06-21 02:04:00,1133243.2,CRC,pago,atm,PU-001,Cuenta Corriente
TXN-00013569,CTA-205862,CLI-79244,2026-06-28 01:09:00,2022238.19,CRC,retiro,web,PU-001,Préstamo Personal
TXN-00013570,CTA-354263,CLI-97935,2026-06-14 07:09:00,3361538.77,CRC,deposito,sucursal,PU-001,Tarjeta Crédito
TXN-00013571,CTA-907906,CLI-15416,2026-06-28 00:26:00,1937449.15,CRC,retiro,web,HE-001,Préstamo Personal
TXN-00013572,CTA-591834,CLI-14501,2026-06-26 07:25:00,3197140.6,CRC,transferencia,sinpe,SJ-001,Cuenta Corriente
TXN-00013573,CTA-851131,CLI-34784,2026-06-09 22:11:00,1458415.55,CRC,deposito,web,CA-001,Préstamo Hipotecario
TXN-00013574,CTA-472117,CLI-59537,2026-06-02 09:07:00,1584195.86,CRC,transferencia,app_movil,CA-001,Préstamo Personal
TXN-00013575,CTA-108208,CLI-66860,2026-06-21 11:41:00,257334.62,CRC,comision,app_movil,AL-001,Cuenta Ahorro
TXN-00013576,CTA-650337,CLI-12525,2026-06-08 17:34:00,2801073.73,CRC,retiro,sucursal,SJ-002,Préstamo Personal
TXN-00013577,CTA-990111,CLI-42655,2026-06-10 21:36:00,73633.44,CRC,comision,sinpe,SJ-002,Cuenta Corriente
TXN-00013578,CTA-772529,CLI-59427,2026-06-26 12:10:00,805054.77,CRC,pago,sucursal,PU-001,Préstamo Hipotecario
TXN-00013579,CTA-209813,CLI-93761,2026-06-07 18:26:00,587054.5,CRC,retiro,sucursal,CA-001,Préstamo Personal
TXN-00013580,CTA-460747,CLI-39070,2026-06-20 03:04:00,1767403.62,CRC,comision,sucursal,LI-002,Préstamo Personal
TXN-00013581,CTA-437022,CLI-72474,2026-06-30 19:00:00,3714291.41,CRC,comision,sinpe,CA-001,Préstamo Hipotecario
TXN-00013582,CTA-946632,CLI-62223,2026-06-23 11:02:00,1496161.32,CRC,comision,sinpe,CA-001,Cuenta Ahorro
TXN-00013583,CTA-989006,CLI-54772,2026-06-28 23:03:00,2760313.06,CRC,retiro,app_movil,SJ-002,Tarjeta Crédito
TXN-00013584,CTA-307021,CLI-81710,2026-06-21 16:53:00,3033580.33,CRC,pago,sinpe,LI-001,Cuenta Ahorro
TXN-00013585,CTA-137514,CLI-42064,2026-06-26 05:31:00,4199698.39,CRC,comision,atm,CA-001,Tarjeta Crédito
TXN-00013586,CTA-974567,CLI-59077,2026-06-21 16:45:00,2586970.63,CRC,comision,atm,AL-001,Cuenta Ahorro
TXN-00013587,CTA-870779,CLI-55044,2026-06-06 08:45:00,4033650.21,CRC,comision,atm,SJ-002,Préstamo Personal
TXN-00013588,CTA-635412,CLI-13481,2026-06-06 11:10:00,4391089.7,CRC,transferencia,sinpe,LI-002,Cuenta Corriente
TXN-00013589,CTA-140992,CLI-22674,2026-06-23 20:52:00,778997.56,CRC,comision,app_movil,SJ-001,Préstamo Hipotecario
TXN-00013590,CTA-778634,CLI-27861,2026-06-04 19:45:00,179639.26,CRC,comision,atm,HE-001,Préstamo Hipotecario
TXN-00013591,CTA-167752,CLI-10552,2026-06-25 07:15:00,331476.42,CRC,deposito,web,CA-001,Cuenta Corriente
TXN-00013592,CTA-603374,CLI-42699,2026-06-17 09:24:00,1238595.6,CRC,retiro,sinpe,LI-002,Préstamo Hipotecario
TXN-00013593,CTA-142162,CLI-87744,2026-06-21 06:40:00,1399849.84,CRC,pago,app_movil,SJ-002,Préstamo Hipotecario
TXN-00013594,CTA-873482,CLI-33569,2026-06-24 22:44:00,1221560.13,CRC,retiro,app_movil,HE-001,Cuenta Ahorro
TXN-00013595,CTA-396667,CLI-15023,2026-06-08 07:16:00,4690034.57,CRC,comision,app_movil,LI-001,Cuenta Ahorro
TXN-00013596,CTA-841962,CLI-71885,2026-06-23 10:32:00,3547626.04,CRC,pago,sucursal,AL-001,Cuenta Corriente
TXN-00013597,CTA-904739,CLI-42594,2026-06-05 08:49:00,314293.21,CRC,pago,web,LI-001,Tarjeta Crédito
TXN-00013598,CTA-595794,CLI-88488,2026-06-05 17:49:00,114221.95,CRC,deposito,sucursal,CA-001,Cuenta Ahorro
TXN-00013599,CTA-842510,CLI-47212,2026-06-26 09:00:00,4748966.52,CRC,pago,sucursal,HE-001,Cuenta Corriente
TXN-00013600,CTA-216087,CLI-31673,2026-06-24 17:59:00,2215589.59,CRC,transferencia,app_movil,HE-001,Préstamo Personal
TXN-00013601,CTA-715156,CLI-53155,2026-06-07 16:17:00,2232096.92,CRC,transferencia,app_movil,CA-001,Tarjeta Crédito
TXN-00013602,CTA-604637,CLI-86867,2026-06-23 02:43:00,4621036.31,CRC,retiro,sucursal,LI-002,Cuenta Corriente
TXN-00013603,CTA-419404,CLI-23668,2026-06-23 23:42:00,2715659.22,CRC,comision,sinpe,AL-001,Préstamo Hipotecario
TXN-00013604,CTA-673906,CLI-97280,2026-06-13 14:49:00,2897004.97,CRC,transferencia,web,PU-001,Cuenta Corriente
TXN-00013605,CTA-541797,CLI-43736,2026-06-10 08:10:00,3270497.98,CRC,retiro,web,PU-001,Préstamo Hipotecario
TXN-00013606,CTA-876340,CLI-20661,2026-06-06 04:16:00,2579109.88,CRC,pago,sucursal,AL-001,Cuenta Corriente
TXN-00013607,CTA-884210,CLI-20491,2026-06-01 02:53:00,821058.25,CRC,transferencia,web,LI-001,Cuenta Ahorro
TXN-00013608,CTA-231708,CLI-39742,2026-06-23 16:09:00,354746.98,CRC,transferencia,sucursal,CA-001,Préstamo Hipotecario
TXN-00013609,CTA-602022,CLI-60368,2026-06-29 23:17:00,1920188.82,CRC,comision,web,AL-001,Tarjeta Crédito
TXN-00013610,CTA-934571,CLI-78951,2026-06-03 07:50:00,63899.94,CRC,transferencia,app_movil,CA-001,Préstamo Personal
TXN-00013611,CTA-750392,CLI-58926,2026-06-30 00:06:00,943310.99,CRC,transferencia,sinpe,LI-002,Préstamo Personal
TXN-00013612,CTA-759144,CLI-94527,2026-06-21 10:13:00,1323670.46,CRC,pago,sinpe,SJ-002,Cuenta Corriente
TXN-00013613,CTA-803787,CLI-21219,2026-06-21 05:42:00,1606345.84,CRC,retiro,app_movil,SJ-002,Tarjeta Crédito
TXN-00013614,CTA-524728,CLI-26889,2026-06-18 05:59:00,1475146.38,CRC,pago,atm,HE-001,Cuenta Corriente
TXN-00013615,CTA-538469,CLI-63184,2026-06-10 15:48:00,4386319.17,CRC,comision,sinpe,LI-002,Cuenta Ahorro
TXN-00013616,CTA-724861,CLI-17710,2026-06-14 19:55:00,3886880.82,CRC,transferencia,web,PU-001,Tarjeta Crédito
TXN-00013617,CTA-280711,CLI-50609,2026-06-08 09:55:00,2268939.36,CRC,comision,web,SJ-001,Cuenta Ahorro
TXN-00013618,CTA-311830,CLI-39050,2026-06-05 20:40:00,1194146.68,CRC,comision,app_movil,SJ-002,Cuenta Ahorro
TXN-00013619,CTA-551152,CLI-12980,2026-06-07 22:48:00,3246119.58,CRC,pago,web,SJ-001,Cuenta Ahorro
TXN-00013620,CTA-427611,CLI-13703,2026-06-18 12:18:00,151001.16,CRC,retiro,web,LI-001,Préstamo Hipotecario
TXN-00013621,CTA-935825,CLI-87310,2026-06-14 13:19:00,3648224.4,CRC,pago,sucursal,SJ-001,Cuenta Ahorro
TXN-00013622,CTA-771777,CLI-18873,2026-06-17 05:02:00,935489.08,CRC,retiro,app_movil,LI-002,Cuenta Corriente
TXN-00013623,CTA-906526,CLI-50116,2026-06-21 12:07:00,3770695.94,CRC,retiro,web,AL-001,Cuenta Ahorro
TXN-00013624,CTA-908237,CLI-99170,2026-06-15 16:40:00,1995398.48,CRC,comision,web,SJ-002,Tarjeta Crédito
TXN-00013625,CTA-523411,CLI-52921,2026-06-21 23:29:00,4738566.02,CRC,retiro,atm,LI-002,Tarjeta Crédito
TXN-00013626,CTA-734676,CLI-98279,2026-06-11 21:29:00,2186915.92,CRC,transferencia,sinpe,HE-001,Cuenta Corriente
TXN-00013627,CTA-639456,CLI-21380,2026-06-15 20:03:00,314417.72,CRC,comision,web,LI-002,Préstamo Hipotecario
TXN-00013628,CTA-136777,CLI-89246,2026-06-04 16:48:00,2293900.22,CRC,pago,web,LI-002,Cuenta Ahorro
TXN-00013629,CTA-301076,CLI-27466,2026-06-09 11:33:00,1045203.69,CRC,retiro,atm,AL-001,Cuenta Corriente
TXN-00013630,CTA-883393,CLI-52078,2026-06-14 02:17:00,3691474.41,CRC,transferencia,atm,AL-001,Cuenta Ahorro
TXN-00013631,CTA-822243,CLI-62223,2026-06-09 08:24:00,56217.48,CRC,retiro,sucursal,HE-001,Préstamo Hipotecario
TXN-00013632,CTA-887568,CLI-30406,2026-06-10 02:53:00,2172971.85,CRC,pago,sinpe,SJ-002,Préstamo Hipotecario
TXN-00013633,CTA-939518,CLI-77286,2026-06-08 23:44:00,3859204.53,CRC,pago,atm,LI-002,Cuenta Corriente
TXN-00013634,CTA-329943,CLI-65297,2026-06-08 09:39:00,3660287.17,CRC,deposito,sinpe,SJ-002,Cuenta Corriente
TXN-00013635,CTA-333518,CLI-93202,2026-06-18 15:30:00,2808159.16,CRC,deposito,web,SJ-001,Tarjeta Crédito
TXN-00013636,CTA-371672,CLI-47354,2026-06-29 23:18:00,4009507.27,CRC,comision,sinpe,AL-001,Préstamo Hipotecario
TXN-00013637,CTA-840311,CLI-83298,2026-06-26 00:57:00,1907029.28,CRC,comision,sucursal,SJ-002,Tarjeta Crédito
TXN-00013638,CTA-537247,CLI-33845,2026-06-23 19:11:00,845343.19,CRC,transferencia,app_movil,HE-001,Tarjeta Crédito
TXN-00013639,CTA-439880,CLI-57504,2026-06-04 11:58:00,2802549.11,CRC,pago,atm,SJ-002,Préstamo Personal
TXN-00013640,CTA-679611,CLI-31311,2026-06-20 11:23:00,4722844.63,CRC,comision,sinpe,SJ-002,Cuenta Ahorro
TXN-00013641,CTA-734209,CLI-10081,2026-06-12 19:00:00,2846384.51,CRC,pago,sinpe,PU-001,Tarjeta Crédito
TXN-00013642,CTA-788280,CLI-60425,2026-06-15 20:16:00,1781009.41,CRC,retiro,sucursal,HE-001,Tarjeta Crédito
TXN-00013643,CTA-541341,CLI-19873,2026-06-07 23:01:00,4569805.46,CRC,transferencia,sinpe,LI-001,Préstamo Hipotecario
TXN-00013644,CTA-200503,CLI-16876,2026-06-09 11:39:00,2570063.74,CRC,transferencia,web,PU-001,Cuenta Ahorro
TXN-00013645,CTA-674538,CLI-15394,2026-06-16 12:15:00,2142897.41,CRC,retiro,web,SJ-001,Cuenta Corriente
TXN-00013646,CTA-880760,CLI-60094,2026-06-08 15:50:00,1584239.57,CRC,retiro,atm,PU-001,Cuenta Ahorro
TXN-00013647,CTA-238516,CLI-37584,2026-06-22 19:20:00,3319289.5,CRC,transferencia,sucursal,CA-001,Préstamo Hipotecario
TXN-00013648,CTA-824936,CLI-43379,2026-06-03 12:24:00,13659.09,CRC,pago,web,SJ-001,Préstamo Personal
TXN-00013649,CTA-731347,CLI-30542,2026-06-28 23:54:00,4776910.07,CRC,pago,sinpe,HE-001,Cuenta Corriente
TXN-00013650,CTA-945146,CLI-40062,2026-06-25 17:31:00,4202321.93,CRC,deposito,sinpe,LI-002,Cuenta Corriente
TXN-00013651,CTA-330393,CLI-60067,2026-06-27 02:13:00,823782.26,CRC,retiro,app_movil,LI-001,Tarjeta Crédito
TXN-00013652,CTA-189567,CLI-57505,2026-06-16 06:38:00,3162336.69,CRC,retiro,sucursal,HE-001,Tarjeta Crédito
TXN-00013653,CTA-709886,CLI-95546,2026-06-18 00:27:00,511470.75,CRC,pago,web,LI-001,Tarjeta Crédito
TXN-00013654,CTA-557830,CLI-44974,2026-06-23 07:07:00,2148059.58,CRC,comision,app_movil,LI-002,Tarjeta Crédito
TXN-00013655,CTA-119491,CLI-92131,2026-06-08 10:07:00,3901047.04,CRC,deposito,web,SJ-002,Cuenta Ahorro
TXN-00013656,CTA-486727,CLI-79079,2026-06-06 15:04:00,1053431.89,CRC,pago,sucursal,AL-001,Préstamo Personal
TXN-00013657,CTA-313518,CLI-21325,2026-06-11 21:03:00,2762959.04,CRC,transferencia,sinpe,LI-002,Préstamo Hipotecario
TXN-00013658,CTA-907207,CLI-54534,2026-06-03 18:00:00,1397201.9,CRC,retiro,web,HE-001,Préstamo Personal
TXN-00013659,CTA-160395,CLI-96696,2026-06-18 17:58:00,1835133.21,CRC,retiro,web,HE-001,Préstamo Hipotecario
TXN-00013660,CTA-634449,CLI-99341,2026-06-06 10:20:00,4477560.53,CRC,deposito,atm,HE-001,Cuenta Corriente
TXN-00013661,CTA-608250,CLI-39140,2026-06-17 22:14:00,512040.91,CRC,retiro,atm,HE-001,Tarjeta Crédito
TXN-00013662,CTA-835392,CLI-34682,2026-06-03 03:30:00,4512163.03,CRC,transferencia,sucursal,LI-001,Préstamo Hipotecario
TXN-00013663,CTA-535576,CLI-32595,2026-06-14 10:49:00,4386263.25,CRC,retiro,web,LI-002,Cuenta Ahorro
TXN-00013664,CTA-747800,CLI-59344,2026-06-07 23:31:00,4541768.0,CRC,deposito,web,AL-001,Cuenta Corriente
TXN-00013665,CTA-726970,CLI-96268,2026-06-11 11:50:00,4134015.8,CRC,pago,web,LI-001,Préstamo Hipotecario
TXN-00013666,CTA-511476,CLI-89261,2026-06-28 19:59:00,1231001.65,CRC,transferencia,app_movil,HE-001,Cuenta Ahorro
TXN-00013667,CTA-436920,CLI-87910,2026-06-27 15:03:00,2329494.95,CRC,transferencia,sucursal,HE-001,Tarjeta Crédito
TXN-00013668,CTA-582044,CLI-83605,2026-06-28 20:04:00,4978242.79,CRC,pago,sucursal,PU-001,Préstamo Personal
TXN-00013669,CTA-841822,CLI-75510,2026-06-04 01:24:00,917777.74,CRC,retiro,sucursal,LI-001,Cuenta Corriente
TXN-00013670,CTA-548901,CLI-28168,2026-06-30 15:51:00,4014395.56,CRC,pago,web,SJ-001,Cuenta Ahorro
TXN-00013671,CTA-761225,CLI-42239,2026-06-29 20:53:00,440119.9,CRC,transferencia,web,LI-002,Préstamo Hipotecario
TXN-00013672,CTA-170550,CLI-32128,2026-06-13 14:36:00,3499948.85,CRC,pago,web,LI-002,Cuenta Ahorro
TXN-00013673,CTA-877800,CLI-37241,2026-06-20 04:14:00,275901.89,CRC,retiro,app_movil,LI-001,Tarjeta Crédito
TXN-00013674,CTA-903843,CLI-11036,2026-06-02 06:20:00,1285466.43,CRC,deposito,web,LI-002,Préstamo Hipotecario
TXN-00013675,CTA-145742,CLI-33169,2026-06-12 08:40:00,2181622.99,CRC,deposito,sucursal,AL-001,Cuenta Ahorro
TXN-00013676,CTA-546985,CLI-24505,2026-06-02 00:33:00,4378998.77,CRC,retiro,app_movil,SJ-001,Préstamo Hipotecario
TXN-00013677,CTA-164561,CLI-60201,2026-06-25 19:14:00,2806595.35,CRC,transferencia,web,LI-001,Cuenta Ahorro
TXN-00013678,CTA-499829,CLI-79206,2026-06-11 11:29:00,1005539.35,CRC,transferencia,sucursal,LI-001,Cuenta Corriente
TXN-00013679,CTA-180444,CLI-80615,2026-06-30 08:43:00,3325114.59,CRC,pago,atm,AL-001,Préstamo Personal
TXN-00013680,CTA-973582,CLI-10446,2026-06-07 07:37:00,2158557.22,CRC,retiro,app_movil,CA-001,Préstamo Personal
TXN-00013681,CTA-883419,CLI-88517,2026-06-23 09:07:00,300590.26,CRC,deposito,sinpe,LI-001,Préstamo Personal
TXN-00013682,CTA-424733,CLI-97534,2026-06-16 02:35:00,1588271.03,CRC,comision,app_movil,LI-001,Tarjeta Crédito
TXN-00013683,CTA-552911,CLI-38686,2026-06-23 06:01:00,3864265.28,CRC,comision,app_movil,PU-001,Tarjeta Crédito
TXN-00013684,CTA-449156,CLI-33305,2026-06-20 19:04:00,700877.98,CRC,pago,sucursal,LI-001,Tarjeta Crédito
TXN-00013685,CTA-387162,CLI-27370,2026-06-28 01:21:00,1390177.58,CRC,deposito,web,SJ-001,Tarjeta Crédito
TXN-00013686,CTA-508230,CLI-19562,2026-06-21 06:19:00,4393500.36,CRC,retiro,app_movil,LI-002,Cuenta Ahorro
TXN-00013687,CTA-211266,CLI-87590,2026-06-01 18:43:00,3258428.75,CRC,transferencia,web,PU-001,Préstamo Personal
TXN-00013688,CTA-658785,CLI-82180,2026-06-23 09:24:00,460873.32,CRC,transferencia,sucursal,CA-001,Cuenta Ahorro
TXN-00013689,CTA-307135,CLI-18140,2026-06-13 02:49:00,2689602.0,CRC,pago,sinpe,LI-002,Cuenta Ahorro
TXN-00013690,CTA-883590,CLI-59105,2026-06-29 00:34:00,3589494.73,CRC,transferencia,sucursal,SJ-001,Préstamo Hipotecario
TXN-00013691,CTA-474688,CLI-81041,2026-06-04 05:17:00,2805200.45,CRC,retiro,sinpe,AL-001,Tarjeta Crédito
TXN-00013692,CTA-292536,CLI-50609,2026-06-10 14:51:00,4449989.74,CRC,deposito,sucursal,SJ-001,Préstamo Personal
TXN-00013693,CTA-423289,CLI-33718,2026-06-02 12:15:00,1666249.95,CRC,transferencia,sinpe,CA-001,Tarjeta Crédito
TXN-00013694,CTA-932463,CLI-15091,2026-06-29 10:21:00,2557929.51,CRC,deposito,sucursal,LI-001,Cuenta Ahorro
TXN-00013695,CTA-326106,CLI-86727,2026-06-18 17:49:00,1492688.73,CRC,comision,atm,HE-001,Préstamo Personal
TXN-00013696,CTA-654647,CLI-63836,2026-06-02 09:54:00,3274425.54,CRC,transferencia,sucursal,LI-002,Cuenta Corriente
TXN-00013697,CTA-279563,CLI-68912,2026-06-08 22:23:00,1869589.63,CRC,comision,sinpe,LI-001,Cuenta Ahorro
TXN-00013698,CTA-416993,CLI-76043,2026-06-18 09:35:00,905181.64,CRC,deposito,app_movil,PU-001,Cuenta Corriente
TXN-00013699,CTA-818411,CLI-42973,2026-06-11 08:25:00,4975019.19,CRC,comision,web,SJ-002,Cuenta Corriente
TXN-00013700,CTA-808142,CLI-70911,2026-06-13 22:35:00,3937849.48,CRC,pago,sinpe,SJ-002,Préstamo Personal
TXN-00013701,CTA-168070,CLI-78658,2026-06-12 04:41:00,2277915.91,CRC,deposito,web,SJ-001,Tarjeta Crédito
TXN-00013702,CTA-758858,CLI-79410,2026-06-27 16:27:00,1151117.64,CRC,deposito,atm,LI-002,Cuenta Ahorro
TXN-00013703,CTA-830567,CLI-36783,2026-06-15 10:01:00,1006080.49,CRC,transferencia,app_movil,LI-002,Cuenta Corriente
TXN-00013704,CTA-366267,CLI-21578,2026-06-16 13:38:00,4005200.19,CRC,transferencia,web,LI-001,Préstamo Personal
TXN-00013705,CTA-668456,CLI-92355,2026-06-28 04:13:00,3194214.18,CRC,transferencia,sucursal,AL-001,Cuenta Corriente
TXN-00013706,CTA-497768,CLI-57814,2026-06-27 02:30:00,815159.46,CRC,comision,sucursal,AL-001,Cuenta Ahorro
TXN-00013707,CTA-381337,CLI-47371,2026-06-30 22:22:00,4425433.09,CRC,comision,sucursal,SJ-002,Cuenta Ahorro
TXN-00013708,CTA-731555,CLI-24925,2026-06-26 03:52:00,1696876.46,CRC,comision,app_movil,LI-001,Tarjeta Crédito
TXN-00013709,CTA-935535,CLI-83553,2026-06-09 14:32:00,2361480.89,CRC,transferencia,app_movil,CA-001,Cuenta Ahorro
TXN-00013710,CTA-483165,CLI-93252,2026-06-07 22:52:00,3643745.98,CRC,comision,sucursal,AL-001,Tarjeta Crédito
TXN-00013711,CTA-164167,CLI-11735,2026-06-30 12:32:00,1359363.68,CRC,transferencia,web,PU-001,Cuenta Corriente
TXN-00013712,CTA-915360,CLI-16126,2026-06-14 07:12:00,3974629.15,CRC,transferencia,sinpe,SJ-002,Préstamo Hipotecario
TXN-00013713,CTA-167313,CLI-99740,2026-06-18 07:39:00,1716273.03,CRC,transferencia,web,PU-001,Préstamo Hipotecario
TXN-00013714,CTA-720714,CLI-61952,2026-06-13 12:29:00,908499.47,CRC,retiro,app_movil,LI-002,Préstamo Hipotecario
TXN-00013715,CTA-810435,CLI-20727,2026-06-06 15:59:00,3730018.59,CRC,comision,web,AL-001,Préstamo Personal
TXN-00013716,CTA-606305,CLI-26042,2026-06-29 19:45:00,3149858.25,CRC,retiro,web,CA-001,Cuenta Ahorro
TXN-00013717,CTA-311354,CLI-11518,2026-06-22 20:39:00,920648.82,CRC,deposito,atm,LI-002,Cuenta Corriente
TXN-00013718,CTA-620292,CLI-15271,2026-06-24 16:42:00,143499.34,CRC,comision,atm,LI-001,Cuenta Corriente
TXN-00013719,CTA-456500,CLI-20413,2026-06-21 17:58:00,4753369.42,CRC,pago,app_movil,PU-001,Cuenta Corriente
TXN-00013720,CTA-562398,CLI-85881,2026-06-06 19:18:00,3190400.3,CRC,comision,sinpe,LI-002,Tarjeta Crédito
TXN-00013721,CTA-554123,CLI-21889,2026-06-12 00:09:00,3125381.47,CRC,comision,sucursal,CA-001,Préstamo Hipotecario
TXN-00013722,CTA-866735,CLI-28735,2026-06-04 20:56:00,2402877.34,CRC,comision,sucursal,SJ-001,Préstamo Personal
TXN-00013723,CTA-217189,CLI-28224,2026-06-21 16:02:00,3501503.03,CRC,deposito,web,PU-001,Préstamo Hipotecario
TXN-00013724,CTA-302752,CLI-30821,2026-06-17 10:52:00,83226.92,CRC,deposito,atm,LI-002,Cuenta Corriente
TXN-00013725,CTA-409615,CLI-39996,2026-06-26 00:44:00,3375054.75,CRC,comision,web,SJ-002,Préstamo Hipotecario
TXN-00013726,CTA-397635,CLI-12934,2026-06-03 07:38:00,2469442.98,CRC,retiro,sinpe,SJ-002,Préstamo Personal
TXN-00013727,CTA-281396,CLI-97062,2026-06-09 09:05:00,1232684.25,CRC,deposito,atm,AL-001,Tarjeta Crédito
TXN-00013728,CTA-578480,CLI-26927,2026-06-10 21:01:00,92523.47,CRC,comision,sucursal,SJ-001,Cuenta Ahorro
TXN-00013729,CTA-565949,CLI-88941,2026-06-20 04:13:00,3481245.39,CRC,comision,sinpe,LI-001,Cuenta Corriente
TXN-00013730,CTA-554093,CLI-43541,2026-06-13 21:26:00,2799945.7,CRC,comision,sucursal,PU-001,Cuenta Ahorro
TXN-00013731,CTA-214284,CLI-73195,2026-06-20 10:14:00,1258792.04,CRC,retiro,atm,SJ-001,Tarjeta Crédito
TXN-00013732,CTA-686114,CLI-66776,2026-06-02 15:39:00,1274068.56,CRC,deposito,sucursal,SJ-002,Préstamo Personal
TXN-00013733,CTA-922491,CLI-88071,2026-06-05 06:42:00,3683590.57,CRC,deposito,atm,CA-001,Cuenta Ahorro
TXN-00013734,CTA-559317,CLI-75295,2026-06-19 19:06:00,2154753.19,CRC,deposito,sucursal,AL-001,Tarjeta Crédito
TXN-00013735,CTA-910520,CLI-92799,2026-06-10 08:58:00,2838833.64,CRC,comision,atm,SJ-001,Préstamo Hipotecario
TXN-00013736,CTA-258348,CLI-84406,2026-06-14 06:09:00,2991595.38,CRC,retiro,atm,PU-001,Cuenta Corriente
TXN-00013737,CTA-564636,CLI-41581,2026-06-15 17:42:00,4636851.21,CRC,pago,atm,SJ-001,Préstamo Personal
TXN-00013738,CTA-992280,CLI-69306,2026-06-04 15:03:00,2569561.47,CRC,transferencia,app_movil,SJ-002,Préstamo Personal
TXN-00013739,CTA-224831,CLI-57387,2026-06-12 19:40:00,3804093.58,CRC,transferencia,sucursal,SJ-002,Préstamo Hipotecario
TXN-00013740,CTA-754505,CLI-67581,2026-06-02 07:27:00,1774508.53,CRC,retiro,web,SJ-002,Tarjeta Crédito
TXN-00013741,CTA-129252,CLI-94703,2026-06-11 09:06:00,3746140.19,CRC,pago,app_movil,LI-001,Cuenta Corriente
TXN-00013742,CTA-709675,CLI-59092,2026-06-29 14:38:00,3770931.17,CRC,deposito,atm,AL-001,Cuenta Corriente
TXN-00013743,CTA-509001,CLI-20322,2026-06-24 14:53:00,4640598.17,CRC,deposito,sinpe,PU-001,Cuenta Corriente
TXN-00013744,CTA-761922,CLI-93623,2026-06-20 16:08:00,190755.83,CRC,comision,sucursal,LI-001,Préstamo Hipotecario
TXN-00013745,CTA-106868,CLI-49633,2026-06-24 22:22:00,3931396.44,CRC,transferencia,sucursal,SJ-001,Cuenta Corriente
TXN-00013746,CTA-231816,CLI-17148,2026-06-24 20:39:00,4894796.76,CRC,retiro,web,LI-001,Cuenta Ahorro
TXN-00013747,CTA-330312,CLI-37097,2026-06-20 08:43:00,3757965.32,CRC,pago,atm,LI-001,Préstamo Personal
TXN-00013748,CTA-363092,CLI-94301,2026-06-14 06:03:00,2155098.58,CRC,retiro,app_movil,CA-001,Préstamo Personal
TXN-00013749,CTA-437467,CLI-55462,2026-06-17 20:15:00,723225.41,CRC,retiro,sucursal,HE-001,Tarjeta Crédito
TXN-00013750,CTA-239173,CLI-46747,2026-06-26 18:53:00,3548323.96,CRC,deposito,atm,CA-001,Préstamo Personal
TXN-00013751,CTA-791979,CLI-69393,2026-06-23 22:21:00,3789199.43,CRC,retiro,sinpe,SJ-001,Tarjeta Crédito
TXN-00013752,CTA-329748,CLI-81469,2026-06-20 17:15:00,143088.4,CRC,comision,sinpe,SJ-001,Tarjeta Crédito
TXN-00013753,CTA-106165,CLI-97983,2026-06-01 18:42:00,4428341.02,CRC,transferencia,app_movil,SJ-002,Cuenta Corriente
TXN-00013754,CTA-855219,CLI-20474,2026-06-17 20:38:00,3477235.87,CRC,comision,sucursal,SJ-002,Cuenta Corriente
TXN-00013755,CTA-218381,CLI-22149,2026-06-13 22:32:00,74761.69,CRC,transferencia,sinpe,LI-001,Cuenta Ahorro
TXN-00013756,CTA-475971,CLI-71107,2026-06-07 06:13:00,1566293.68,CRC,pago,app_movil,AL-001,Cuenta Ahorro
TXN-00013757,CTA-841775,CLI-25315,2026-06-26 14:28:00,4865170.85,CRC,comision,atm,SJ-001,Préstamo Personal
TXN-00013758,CTA-238632,CLI-76857,2026-06-02 06:43:00,4644028.04,CRC,transferencia,web,LI-001,Cuenta Ahorro
TXN-00013759,CTA-181666,CLI-41762,2026-06-16 12:01:00,3209117.14,CRC,pago,web,LI-001,Préstamo Personal
TXN-00013760,CTA-786891,CLI-69998,2026-06-04 20:01:00,259271.54,CRC,retiro,atm,SJ-001,Tarjeta Crédito
TXN-00013761,CTA-252416,CLI-22357,2026-06-28 11:12:00,4482296.94,CRC,retiro,sucursal,LI-001,Cuenta Corriente
TXN-00013762,CTA-301201,CLI-23982,2026-06-15 23:12:00,2026625.02,CRC,transferencia,atm,LI-001,Cuenta Corriente
TXN-00013763,CTA-626712,CLI-44399,2026-06-13 05:07:00,3410339.97,CRC,pago,web,LI-001,Tarjeta Crédito
TXN-00013764,CTA-222855,CLI-47748,2026-06-20 21:23:00,1904380.15,CRC,retiro,sucursal,AL-001,Préstamo Hipotecario
TXN-00013765,CTA-503373,CLI-87745,2026-06-07 14:44:00,531347.35,CRC,pago,web,LI-002,Préstamo Personal
TXN-00013766,CTA-359771,CLI-22623,2026-06-15 09:29:00,3136227.93,CRC,deposito,app_movil,LI-001,Préstamo Hipotecario
TXN-00013767,CTA-662591,CLI-88929,2026-06-05 18:35:00,962176.6,CRC,retiro,sucursal,AL-001,Cuenta Ahorro
TXN-00013768,CTA-195587,CLI-98190,2026-06-18 17:42:00,3190808.68,CRC,deposito,sinpe,HE-001,Préstamo Personal
TXN-00013769,CTA-894840,CLI-66490,2026-06-15 19:34:00,2335448.97,CRC,deposito,sinpe,SJ-002,Cuenta Corriente
TXN-00013770,CTA-523433,CLI-63833,2026-06-22 13:25:00,4177392.69,CRC,deposito,sucursal,HE-001,Cuenta Corriente
TXN-00013771,CTA-951625,CLI-55491,2026-06-10 04:00:00,3641130.48,CRC,pago,sucursal,SJ-001,Cuenta Ahorro
TXN-00013772,CTA-114161,CLI-62388,2026-06-04 21:45:00,4513543.83,CRC,transferencia,web,CA-001,Cuenta Ahorro
TXN-00013773,CTA-523855,CLI-11579,2026-06-02 02:44:00,2665519.16,CRC,deposito,sucursal,LI-001,Cuenta Corriente
TXN-00013774,CTA-455392,CLI-71221,2026-06-11 18:39:00,251854.74,CRC,deposito,atm,CA-001,Cuenta Corriente
TXN-00013775,CTA-310159,CLI-72820,2026-06-28 07:10:00,3051956.51,CRC,retiro,atm,LI-001,Cuenta Corriente
TXN-00013776,CTA-894538,CLI-38058,2026-06-10 11:18:00,2669541.11,CRC,comision,sinpe,CA-001,Préstamo Personal
TXN-00013777,CTA-260330,CLI-35184,2026-06-16 20:17:00,2171671.8,CRC,comision,atm,HE-001,Préstamo Personal
TXN-00013778,CTA-569264,CLI-38180,2026-06-09 23:53:00,646408.54,CRC,retiro,atm,SJ-002,Cuenta Corriente
TXN-00013779,CTA-938725,CLI-85894,2026-06-15 06:37:00,1247315.95,CRC,deposito,sucursal,CA-001,Préstamo Personal
TXN-00013780,CTA-521365,CLI-53500,2026-06-16 10:44:00,2174669.15,CRC,deposito,sinpe,AL-001,Cuenta Ahorro
TXN-00013781,CTA-146960,CLI-17421,2026-06-22 23:23:00,4759613.3,CRC,deposito,web,CA-001,Cuenta Ahorro
TXN-00013782,CTA-237221,CLI-98005,2026-06-26 03:16:00,2372223.59,CRC,retiro,app_movil,SJ-002,Cuenta Corriente
TXN-00013783,CTA-281749,CLI-77568,2026-06-01 11:32:00,4328327.84,CRC,retiro,app_movil,CA-001,Cuenta Corriente
TXN-00013784,CTA-740834,CLI-70559,2026-06-04 00:27:00,4360328.21,CRC,transferencia,web,SJ-001,Cuenta Ahorro
TXN-00013785,CTA-891142,CLI-47850,2026-06-28 05:01:00,2176935.48,CRC,pago,sinpe,LI-001,Tarjeta Crédito
TXN-00013786,CTA-144971,CLI-69808,2026-06-23 06:36:00,1234431.68,CRC,retiro,app_movil,SJ-002,Préstamo Personal
TXN-00013787,CTA-933236,CLI-41667,2026-06-05 20:02:00,907455.56,CRC,transferencia,sinpe,SJ-001,Préstamo Personal
TXN-00013788,CTA-756117,CLI-96024,2026-06-30 01:31:00,3965417.37,CRC,deposito,web,SJ-001,Tarjeta Crédito
TXN-00013789,CTA-310964,CLI-14117,2026-06-26 04:47:00,576448.54,CRC,pago,sinpe,CA-001,Cuenta Corriente
TXN-00013790,CTA-597064,CLI-79112,2026-06-08 21:01:00,3661648.82,CRC,deposito,app_movil,LI-001,Cuenta Corriente
TXN-00013791,CTA-143090,CLI-65931,2026-06-06 22:47:00,885578.77,CRC,deposito,sucursal,LI-001,Cuenta Ahorro
TXN-00013792,CTA-826147,CLI-22453,2026-06-18 18:34:00,3395745.94,CRC,transferencia,sucursal,SJ-001,Tarjeta Crédito
TXN-00013793,CTA-410796,CLI-54108,2026-06-15 05:21:00,1362477.64,CRC,comision,sucursal,PU-001,Cuenta Ahorro
TXN-00013794,CTA-663284,CLI-49496,2026-06-03 20:22:00,4375717.23,CRC,retiro,sinpe,CA-001,Préstamo Personal
TXN-00013795,CTA-561804,CLI-68401,2026-06-10 00:59:00,1002833.1,CRC,retiro,web,CA-001,Tarjeta Crédito
TXN-00013796,CTA-588318,CLI-46393,2026-06-10 16:48:00,2497754.13,CRC,pago,atm,HE-001,Cuenta Corriente
TXN-00013797,CTA-471318,CLI-56497,2026-06-07 20:17:00,4725472.6,CRC,transferencia,app_movil,CA-001,Cuenta Ahorro
TXN-00013798,CTA-252347,CLI-78196,2026-06-06 05:02:00,1543336.94,CRC,retiro,atm,AL-001,Préstamo Hipotecario
TXN-00013799,CTA-170574,CLI-17796,2026-06-29 14:20:00,1968857.93,CRC,pago,app_movil,HE-001,Cuenta Corriente
TXN-00013800,CTA-503975,CLI-74972,2026-06-13 18:53:00,1210285.32,CRC,pago,sinpe,SJ-001,Cuenta Corriente
TXN-00013801,CTA-944794,CLI-68616,2026-06-07 04:55:00,1754100.97,CRC,comision,app_movil,CA-001,Cuenta Corriente
TXN-00013802,CTA-516712,CLI-69324,2026-06-01 10:59:00,981668.74,CRC,transferencia,sinpe,CA-001,Cuenta Corriente
TXN-00013803,CTA-108321,CLI-84845,2026-06-18 23:26:00,170035.26,CRC,comision,web,AL-001,Préstamo Personal
TXN-00013804,CTA-311216,CLI-18216,2026-06-27 04:00:00,430135.52,CRC,pago,atm,LI-001,Préstamo Hipotecario
TXN-00013805,CTA-900582,CLI-74667,2026-06-17 10:32:00,3682949.51,CRC,pago,atm,LI-001,Tarjeta Crédito
TXN-00013806,CTA-878319,CLI-59385,2026-06-13 12:39:00,4722109.28,CRC,deposito,web,SJ-002,Cuenta Corriente
TXN-00013807,CTA-471924,CLI-63470,2026-06-23 08:27:00,3733550.89,CRC,pago,sucursal,AL-001,Préstamo Hipotecario
TXN-00013808,CTA-478372,CLI-45569,2026-06-20 11:22:00,2278322.97,CRC,comision,sucursal,AL-001,Cuenta Corriente
TXN-00013809,CTA-876266,CLI-47487,2026-06-14 08:01:00,3350356.51,CRC,comision,web,SJ-001,Cuenta Corriente
TXN-00013810,CTA-100006,CLI-45268,2026-06-01 12:04:00,2360995.92,CRC,comision,sucursal,AL-001,Préstamo Hipotecario
TXN-00013811,CTA-594090,CLI-72414,2026-06-18 09:17:00,510106.38,CRC,transferencia,atm,HE-001,Préstamo Hipotecario
TXN-00013812,CTA-352028,CLI-59862,2026-06-13 18:21:00,613981.25,CRC,deposito,web,SJ-001,Cuenta Corriente
TXN-00013813,CTA-222651,CLI-23132,2026-06-21 22:53:00,2819847.37,CRC,deposito,app_movil,LI-001,Cuenta Corriente
TXN-00013814,CTA-999369,CLI-80610,2026-06-03 23:45:00,3719910.67,CRC,retiro,web,AL-001,Cuenta Corriente
TXN-00013815,CTA-283510,CLI-14200,2026-06-07 19:59:00,3637009.28,CRC,retiro,sinpe,LI-001,Cuenta Ahorro
TXN-00013816,CTA-764236,CLI-17122,2026-06-17 13:28:00,644186.02,CRC,transferencia,sucursal,PU-001,Préstamo Hipotecario
TXN-00013817,CTA-450219,CLI-46026,2026-06-27 11:37:00,265313.77,CRC,deposito,sucursal,LI-001,Cuenta Corriente
TXN-00013818,CTA-849681,CLI-70830,2026-06-18 16:41:00,2631689.36,CRC,deposito,sucursal,LI-001,Cuenta Corriente
TXN-00013819,CTA-254015,CLI-96913,2026-06-17 02:24:00,549361.3,CRC,retiro,sucursal,SJ-001,Préstamo Personal
TXN-00013820,CTA-728395,CLI-18011,2026-06-04 15:54:00,758745.32,CRC,transferencia,web,CA-001,Préstamo Personal
TXN-00013821,CTA-968365,CLI-41822,2026-06-06 09:46:00,3092211.96,CRC,deposito,app_movil,AL-001,Tarjeta Crédito
TXN-00013822,CTA-851917,CLI-71759,2026-06-18 22:20:00,505917.27,CRC,deposito,web,LI-002,Cuenta Ahorro
TXN-00013823,CTA-236573,CLI-20281,2026-06-20 00:14:00,4488059.86,CRC,transferencia,atm,LI-002,Préstamo Personal
TXN-00013824,CTA-444004,CLI-14655,2026-06-22 05:32:00,3584118.17,CRC,retiro,web,HE-001,Cuenta Corriente
TXN-00013825,CTA-756838,CLI-59475,2026-06-17 07:19:00,541100.57,CRC,deposito,sucursal,PU-001,Tarjeta Crédito
TXN-00013826,CTA-758375,CLI-22225,2026-06-21 10:16:00,2488046.48,CRC,retiro,web,SJ-002,Préstamo Hipotecario
TXN-00013827,CTA-587279,CLI-48643,2026-06-25 22:01:00,4347813.87,CRC,transferencia,sinpe,PU-001,Tarjeta Crédito
TXN-00013828,CTA-682767,CLI-65816,2026-06-28 06:36:00,1088829.92,CRC,retiro,web,LI-002,Tarjeta Crédito
TXN-00013829,CTA-601855,CLI-89222,2026-06-27 22:41:00,4287302.24,CRC,comision,web,SJ-002,Cuenta Ahorro
TXN-00013830,CTA-726069,CLI-32592,2026-06-26 20:35:00,346102.0,CRC,retiro,sinpe,SJ-002,Préstamo Hipotecario
TXN-00013831,CTA-803001,CLI-33920,2026-06-24 03:19:00,1370814.59,CRC,transferencia,sinpe,CA-001,Préstamo Personal
TXN-00013832,CTA-130337,CLI-77648,2026-06-08 10:56:00,1057266.04,CRC,pago,sinpe,PU-001,Cuenta Ahorro
TXN-00013833,CTA-219492,CLI-11884,2026-06-21 18:37:00,4475134.0,CRC,comision,web,CA-001,Cuenta Ahorro
TXN-00013834,CTA-281456,CLI-94150,2026-06-22 14:15:00,3936648.6,CRC,transferencia,atm,LI-002,Cuenta Ahorro
TXN-00013835,CTA-640655,CLI-10295,2026-06-15 12:00:00,4949374.02,CRC,pago,sinpe,PU-001,Préstamo Hipotecario
TXN-00013836,CTA-559073,CLI-85286,2026-06-12 14:08:00,1970336.32,CRC,retiro,app_movil,SJ-001,Tarjeta Crédito
TXN-00013837,CTA-675890,CLI-82295,2026-06-22 04:13:00,1547376.7,CRC,pago,sucursal,PU-001,Cuenta Ahorro
TXN-00013838,CTA-398665,CLI-62712,2026-06-13 23:07:00,804976.32,CRC,transferencia,atm,PU-001,Cuenta Ahorro
TXN-00013839,CTA-272175,CLI-32369,2026-06-25 10:27:00,3843220.49,CRC,retiro,app_movil,LI-002,Cuenta Ahorro
TXN-00013840,CTA-101961,CLI-10781,2026-06-01 08:28:00,4545201.81,CRC,transferencia,app_movil,HE-001,Cuenta Ahorro
TXN-00013841,CTA-535777,CLI-90649,2026-06-28 23:16:00,4789985.02,CRC,retiro,atm,HE-001,Cuenta Corriente
TXN-00013842,CTA-780432,CLI-47445,2026-06-14 13:09:00,981036.51,CRC,deposito,sucursal,LI-001,Tarjeta Crédito
TXN-00013843,CTA-805842,CLI-92918,2026-06-08 06:03:00,188167.38,CRC,retiro,app_movil,LI-002,Cuenta Ahorro
TXN-00013844,CTA-975669,CLI-28375,2026-06-20 02:35:00,1124827.68,CRC,pago,sucursal,SJ-002,Préstamo Hipotecario
TXN-00013845,CTA-626983,CLI-46037,2026-06-25 15:21:00,3838655.43,CRC,retiro,atm,CA-001,Préstamo Hipotecario
TXN-00013846,CTA-689807,CLI-89335,2026-06-04 18:24:00,301775.17,CRC,transferencia,atm,AL-001,Cuenta Corriente
TXN-00013847,CTA-533357,CLI-26501,2026-06-11 05:05:00,4363188.36,CRC,retiro,sinpe,LI-001,Préstamo Hipotecario
TXN-00013848,CTA-470462,CLI-15580,2026-06-24 05:57:00,88566.46,CRC,deposito,app_movil,SJ-002,Préstamo Hipotecario
TXN-00013849,CTA-591085,CLI-88002,2026-06-05 10:47:00,1955357.54,CRC,transferencia,app_movil,LI-002,Cuenta Corriente
TXN-00013850,CTA-715768,CLI-74693,2026-06-17 13:39:00,941081.37,CRC,deposito,app_movil,SJ-001,Cuenta Corriente
TXN-00013851,CTA-611922,CLI-83481,2026-06-21 18:21:00,2678849.7,CRC,retiro,sucursal,SJ-001,Cuenta Ahorro
TXN-00013852,CTA-976436,CLI-74957,2026-06-24 09:12:00,1668838.18,CRC,pago,sinpe,LI-001,Tarjeta Crédito
TXN-00013853,CTA-134478,CLI-93466,2026-06-22 02:53:00,2404857.41,CRC,pago,sucursal,PU-001,Tarjeta Crédito
TXN-00013854,CTA-385022,CLI-47721,2026-06-12 12:07:00,41548.4,CRC,transferencia,sucursal,LI-002,Préstamo Personal
TXN-00013855,CTA-542124,CLI-46767,2026-06-12 22:37:00,2393299.56,CRC,transferencia,atm,SJ-001,Cuenta Corriente
TXN-00013856,CTA-274143,CLI-16071,2026-06-03 05:25:00,609819.74,CRC,comision,atm,PU-001,Cuenta Corriente
TXN-00013857,CTA-845742,CLI-41093,2026-06-07 07:12:00,740471.66,CRC,comision,web,AL-001,Préstamo Personal
TXN-00013858,CTA-864775,CLI-49647,2026-06-21 13:08:00,3404129.74,CRC,retiro,sinpe,CA-001,Cuenta Corriente
TXN-00013859,CTA-900149,CLI-22485,2026-06-24 03:50:00,4336593.4,CRC,retiro,sucursal,HE-001,Cuenta Ahorro
TXN-00013860,CTA-241916,CLI-49221,2026-06-27 07:58:00,4697615.7,CRC,transferencia,app_movil,SJ-002,Tarjeta Crédito
TXN-00013861,CTA-905556,CLI-58296,2026-06-02 12:56:00,4724306.32,CRC,retiro,atm,PU-001,Cuenta Corriente
TXN-00013862,CTA-504683,CLI-75034,2026-06-08 12:46:00,1964253.46,CRC,retiro,app_movil,AL-001,Préstamo Personal
TXN-00013863,CTA-297733,CLI-74861,2026-06-21 14:16:00,141010.77,CRC,transferencia,atm,LI-001,Cuenta Ahorro
TXN-00013864,CTA-371481,CLI-27792,2026-06-04 02:56:00,3461690.83,CRC,retiro,sinpe,LI-002,Préstamo Personal
TXN-00013865,CTA-850096,CLI-83337,2026-06-08 02:08:00,4822451.27,CRC,pago,app_movil,SJ-001,Tarjeta Crédito
TXN-00013866,CTA-791230,CLI-22151,2026-06-08 19:52:00,1769435.65,CRC,deposito,atm,HE-001,Préstamo Hipotecario
TXN-00013867,CTA-182704,CLI-96821,2026-06-21 16:09:00,2277365.94,CRC,transferencia,sinpe,SJ-001,Cuenta Corriente
TXN-00013868,CTA-994558,CLI-19782,2026-06-09 13:52:00,2904031.03,CRC,deposito,sinpe,AL-001,Préstamo Personal
TXN-00013869,CTA-204266,CLI-55373,2026-06-02 20:46:00,1343775.98,CRC,comision,sucursal,HE-001,Préstamo Hipotecario
TXN-00013870,CTA-663789,CLI-19265,2026-06-15 22:52:00,4272644.72,CRC,comision,app_movil,SJ-001,Tarjeta Crédito
TXN-00013871,CTA-535231,CLI-45493,2026-06-27 14:45:00,3479304.59,CRC,transferencia,sucursal,PU-001,Cuenta Ahorro
TXN-00013872,CTA-716535,CLI-71575,2026-06-21 17:34:00,3649182.2,CRC,transferencia,sucursal,SJ-002,Cuenta Ahorro
TXN-00013873,CTA-385728,CLI-19294,2026-06-09 15:55:00,1040317.62,CRC,deposito,sinpe,HE-001,Cuenta Ahorro
TXN-00013874,CTA-207522,CLI-46669,2026-06-29 23:40:00,4149792.31,CRC,comision,web,LI-001,Tarjeta Crédito
TXN-00013875,CTA-714504,CLI-44361,2026-06-02 05:57:00,836307.67,CRC,comision,sucursal,AL-001,Cuenta Corriente
TXN-00013876,CTA-417271,CLI-77962,2026-06-07 19:45:00,44561.34,CRC,pago,sucursal,AL-001,Préstamo Hipotecario
TXN-00013877,CTA-784090,CLI-90688,2026-06-21 09:11:00,3330014.82,CRC,transferencia,sucursal,HE-001,Tarjeta Crédito
TXN-00013878,CTA-241459,CLI-25451,2026-06-26 09:18:00,4239239.29,CRC,retiro,app_movil,PU-001,Préstamo Hipotecario
TXN-00013879,CTA-853199,CLI-83455,2026-06-30 03:04:00,399887.06,CRC,deposito,web,HE-001,Cuenta Corriente
TXN-00013880,CTA-152968,CLI-83924,2026-06-29 22:01:00,4925255.62,CRC,comision,sinpe,LI-002,Préstamo Personal
TXN-00013881,CTA-173768,CLI-74610,2026-06-18 01:01:00,4737534.77,CRC,retiro,sucursal,LI-001,Cuenta Ahorro
TXN-00013882,CTA-307171,CLI-76142,2026-06-14 10:12:00,1668070.48,CRC,pago,app_movil,AL-001,Préstamo Personal
TXN-00013883,CTA-167869,CLI-70347,2026-06-15 12:38:00,2091318.79,CRC,retiro,sinpe,LI-001,Tarjeta Crédito
TXN-00013884,CTA-133437,CLI-94523,2026-06-08 16:19:00,758981.75,CRC,pago,app_movil,PU-001,Préstamo Hipotecario
TXN-00013885,CTA-492790,CLI-31540,2026-06-14 08:28:00,1317763.01,CRC,deposito,atm,CA-001,Préstamo Hipotecario
TXN-00013886,CTA-769758,CLI-10018,2026-06-13 00:27:00,3647438.13,CRC,comision,atm,LI-002,Tarjeta Crédito
TXN-00013887,CTA-385818,CLI-73952,2026-06-04 07:29:00,1434392.71,CRC,comision,sinpe,AL-001,Tarjeta Crédito
TXN-00013888,CTA-820801,CLI-97190,2026-06-10 14:35:00,91315.42,CRC,transferencia,app_movil,SJ-001,Préstamo Personal
TXN-00013889,CTA-443873,CLI-35051,2026-06-30 02:54:00,1630191.26,CRC,retiro,atm,CA-001,Tarjeta Crédito
TXN-00013890,CTA-869771,CLI-54567,2026-06-12 11:06:00,2918380.33,CRC,pago,sinpe,AL-001,Préstamo Personal
TXN-00013891,CTA-219271,CLI-27499,2026-06-25 22:11:00,3185939.53,CRC,comision,web,PU-001,Cuenta Corriente
TXN-00013892,CTA-878345,CLI-31938,2026-06-03 12:40:00,1274906.74,CRC,retiro,atm,CA-001,Préstamo Personal
TXN-00013893,CTA-521581,CLI-74884,2026-06-06 22:00:00,4643787.47,CRC,pago,atm,HE-001,Cuenta Corriente
TXN-00013894,CTA-527486,CLI-39800,2026-06-19 00:12:00,3588603.69,CRC,deposito,sucursal,PU-001,Cuenta Corriente
TXN-00013895,CTA-205601,CLI-65759,2026-06-23 13:15:00,577977.38,CRC,retiro,atm,AL-001,Tarjeta Crédito
TXN-00013896,CTA-806572,CLI-85030,2026-06-08 17:52:00,2075859.89,CRC,pago,app_movil,SJ-002,Préstamo Personal
TXN-00013897,CTA-107977,CLI-92508,2026-06-20 17:28:00,13714.22,CRC,transferencia,app_movil,SJ-001,Préstamo Hipotecario
TXN-00013898,CTA-514406,CLI-99058,2026-06-09 13:03:00,2165830.31,CRC,pago,web,CA-001,Préstamo Personal
TXN-00013899,CTA-632278,CLI-90505,2026-06-07 01:32:00,4466857.79,CRC,transferencia,atm,PU-001,Préstamo Hipotecario
TXN-00013900,CTA-596024,CLI-25538,2026-06-24 00:27:00,3137412.43,CRC,deposito,sucursal,CA-001,Tarjeta Crédito
TXN-00013901,CTA-475215,CLI-37306,2026-06-29 14:56:00,2802099.2,CRC,pago,web,LI-001,Préstamo Hipotecario
TXN-00013902,CTA-588366,CLI-50579,2026-06-22 20:31:00,1430042.65,CRC,deposito,atm,CA-001,Préstamo Personal
TXN-00013903,CTA-244957,CLI-84557,2026-06-04 19:01:00,4804369.25,CRC,deposito,sucursal,LI-001,Cuenta Corriente
TXN-00013904,CTA-627910,CLI-80118,2026-06-12 06:23:00,4020910.24,CRC,pago,app_movil,LI-001,Tarjeta Crédito
TXN-00013905,CTA-137883,CLI-81016,2026-06-10 08:56:00,4179050.41,CRC,deposito,atm,AL-001,Préstamo Personal
TXN-00013906,CTA-707732,CLI-75757,2026-06-24 13:13:00,259435.09,CRC,comision,web,SJ-001,Tarjeta Crédito
TXN-00013907,CTA-306259,CLI-35715,2026-06-20 15:09:00,3822326.5,CRC,transferencia,atm,LI-002,Préstamo Hipotecario
TXN-00013908,CTA-834260,CLI-73253,2026-06-23 19:24:00,214187.0,CRC,deposito,web,HE-001,Tarjeta Crédito
TXN-00013909,CTA-547272,CLI-88310,2026-06-08 19:34:00,2232974.88,CRC,retiro,sinpe,HE-001,Préstamo Hipotecario
TXN-00013910,CTA-108301,CLI-52372,2026-06-16 00:10:00,755675.85,CRC,retiro,sinpe,SJ-001,Tarjeta Crédito
TXN-00013911,CTA-782448,CLI-31007,2026-06-19 02:45:00,784877.01,CRC,transferencia,atm,HE-001,Préstamo Hipotecario
TXN-00013912,CTA-581182,CLI-59887,2026-06-20 18:49:00,940140.78,CRC,deposito,atm,SJ-002,Tarjeta Crédito
TXN-00013913,CTA-296258,CLI-75643,2026-06-01 07:21:00,539876.0,CRC,comision,app_movil,SJ-001,Cuenta Corriente
TXN-00013914,CTA-660478,CLI-99065,2026-06-14 05:26:00,1519178.87,CRC,retiro,atm,CA-001,Tarjeta Crédito
TXN-00013915,CTA-969819,CLI-72861,2026-06-09 13:05:00,2019176.33,CRC,retiro,sucursal,SJ-001,Tarjeta Crédito
TXN-00013916,CTA-515182,CLI-84180,2026-06-10 04:18:00,2874068.2,CRC,transferencia,atm,CA-001,Cuenta Ahorro
TXN-00013917,CTA-942541,CLI-21267,2026-06-08 13:03:00,471292.93,CRC,retiro,atm,CA-001,Cuenta Corriente
TXN-00013918,CTA-951355,CLI-12285,2026-06-06 16:57:00,1101210.94,CRC,pago,sinpe,CA-001,Cuenta Corriente
TXN-00013919,CTA-288166,CLI-46444,2026-06-02 13:30:00,306388.95,CRC,retiro,web,CA-001,Préstamo Hipotecario
TXN-00013920,CTA-347579,CLI-28566,2026-06-10 16:58:00,1973903.4,CRC,transferencia,app_movil,SJ-002,Préstamo Hipotecario
TXN-00013921,CTA-388285,CLI-73283,2026-06-01 20:54:00,4855484.84,CRC,comision,atm,SJ-002,Cuenta Corriente
TXN-00013922,CTA-631333,CLI-81868,2026-06-17 05:05:00,1174698.23,CRC,retiro,sinpe,AL-001,Cuenta Corriente
TXN-00013923,CTA-370299,CLI-37065,2026-06-10 00:12:00,649798.56,CRC,comision,web,SJ-002,Cuenta Corriente
TXN-00013924,CTA-315518,CLI-24376,2026-06-04 14:59:00,1985135.18,CRC,transferencia,app_movil,LI-002,Cuenta Ahorro
TXN-00013925,CTA-855582,CLI-20618,2026-06-22 03:42:00,3045531.43,CRC,comision,sucursal,HE-001,Préstamo Hipotecario
TXN-00013926,CTA-911299,CLI-86334,2026-06-09 15:32:00,2414871.18,CRC,pago,atm,CA-001,Tarjeta Crédito
TXN-00013927,CTA-117406,CLI-95319,2026-06-28 01:59:00,1748088.24,CRC,pago,sucursal,CA-001,Préstamo Hipotecario
TXN-00013928,CTA-137139,CLI-45063,2026-06-14 12:56:00,4175328.54,CRC,pago,web,AL-001,Cuenta Ahorro
TXN-00013929,CTA-193543,CLI-19704,2026-06-11 15:26:00,4064364.48,CRC,retiro,app_movil,SJ-001,Tarjeta Crédito
TXN-00013930,CTA-839576,CLI-97962,2026-06-06 14:35:00,1325187.68,CRC,comision,sinpe,HE-001,Tarjeta Crédito
TXN-00013931,CTA-676661,CLI-83697,2026-06-06 23:41:00,4452210.81,CRC,transferencia,web,LI-002,Cuenta Corriente
TXN-00013932,CTA-897986,CLI-38289,2026-06-02 08:29:00,638305.76,CRC,comision,web,SJ-002,Préstamo Hipotecario
TXN-00013933,CTA-226871,CLI-62442,2026-06-19 17:59:00,1647250.85,CRC,pago,sinpe,HE-001,Préstamo Hipotecario
TXN-00013934,CTA-805151,CLI-25106,2026-06-17 17:21:00,1848671.13,CRC,comision,app_movil,SJ-001,Préstamo Hipotecario
TXN-00013935,CTA-766982,CLI-20448,2026-06-21 03:11:00,430120.81,CRC,transferencia,app_movil,SJ-001,Préstamo Hipotecario
TXN-00013936,CTA-942705,CLI-68924,2026-06-02 13:53:00,811028.69,CRC,retiro,sinpe,PU-001,Préstamo Personal
TXN-00013937,CTA-907254,CLI-78780,2026-06-14 16:10:00,802884.96,CRC,retiro,sucursal,SJ-002,Cuenta Ahorro
TXN-00013938,CTA-340709,CLI-31753,2026-06-09 18:45:00,4670891.37,CRC,retiro,sucursal,HE-001,Cuenta Corriente
TXN-00013939,CTA-158766,CLI-21953,2026-06-27 15:54:00,4569343.71,CRC,retiro,web,LI-002,Préstamo Hipotecario
TXN-00013940,CTA-380600,CLI-26796,2026-06-07 02:23:00,1175936.59,CRC,retiro,web,SJ-002,Tarjeta Crédito
TXN-00013941,CTA-255502,CLI-27810,2026-06-11 04:25:00,3597769.42,CRC,retiro,sinpe,PU-001,Préstamo Hipotecario
TXN-00013942,CTA-504570,CLI-65753,2026-06-09 11:54:00,281733.99,CRC,retiro,sinpe,LI-002,Tarjeta Crédito
TXN-00013943,CTA-378355,CLI-27799,2026-06-09 13:23:00,3167122.61,CRC,retiro,web,LI-002,Préstamo Hipotecario
TXN-00013944,CTA-264963,CLI-96396,2026-06-09 14:43:00,3643652.04,CRC,comision,app_movil,HE-001,Préstamo Personal
TXN-00013945,CTA-603279,CLI-54854,2026-06-16 15:22:00,839474.56,CRC,comision,sinpe,AL-001,Préstamo Hipotecario
TXN-00013946,CTA-821208,CLI-62141,2026-06-21 12:57:00,1415313.79,CRC,transferencia,sucursal,SJ-002,Préstamo Hipotecario
TXN-00013947,CTA-592339,CLI-16997,2026-06-10 00:41:00,2315704.62,CRC,retiro,sucursal,HE-001,Préstamo Hipotecario
TXN-00013948,CTA-381445,CLI-47938,2026-06-25 13:08:00,3662560.24,CRC,pago,atm,HE-001,Préstamo Personal
TXN-00013949,CTA-353526,CLI-61086,2026-06-16 12:51:00,2706234.14,CRC,pago,sinpe,HE-001,Cuenta Ahorro
TXN-00013950,CTA-522278,CLI-23991,2026-06-03 19:48:00,4921773.69,CRC,retiro,app_movil,HE-001,Cuenta Corriente
TXN-00013951,CTA-698972,CLI-18399,2026-06-22 14:14:00,2396582.69,CRC,comision,sinpe,LI-001,Cuenta Ahorro
TXN-00013952,CTA-598015,CLI-18140,2026-06-20 07:11:00,3408412.58,CRC,deposito,sucursal,PU-001,Préstamo Personal
TXN-00013953,CTA-101906,CLI-43805,2026-06-11 16:19:00,1120992.39,CRC,pago,atm,LI-001,Cuenta Ahorro
TXN-00013954,CTA-684974,CLI-12968,2026-06-08 04:47:00,2587928.27,CRC,pago,atm,LI-002,Cuenta Ahorro
TXN-00013955,CTA-623366,CLI-19670,2026-06-17 03:40:00,2551412.08,CRC,pago,sinpe,HE-001,Cuenta Ahorro
TXN-00013956,CTA-471847,CLI-22493,2026-06-03 21:08:00,1143980.49,CRC,pago,web,CA-001,Cuenta Ahorro
TXN-00013957,CTA-340915,CLI-47443,2026-06-06 01:13:00,2890667.77,CRC,deposito,sucursal,HE-001,Tarjeta Crédito
TXN-00013958,CTA-152930,CLI-83697,2026-06-17 20:45:00,4193747.09,CRC,deposito,web,LI-002,Préstamo Personal
TXN-00013959,CTA-330734,CLI-72046,2026-06-15 09:14:00,1457676.13,CRC,transferencia,web,CA-001,Préstamo Hipotecario
TXN-00013960,CTA-433859,CLI-57546,2026-06-30 20:30:00,3750423.19,CRC,retiro,app_movil,HE-001,Préstamo Hipotecario
TXN-00013961,CTA-536968,CLI-23389,2026-06-17 19:53:00,3156187.99,CRC,retiro,sinpe,AL-001,Cuenta Corriente
TXN-00013962,CTA-370492,CLI-69310,2026-06-03 19:41:00,2044870.77,CRC,transferencia,sucursal,LI-001,Préstamo Hipotecario
TXN-00013963,CTA-736535,CLI-71893,2026-06-07 23:32:00,1666476.46,CRC,comision,atm,AL-001,Tarjeta Crédito
TXN-00013964,CTA-425048,CLI-24295,2026-06-17 00:07:00,1586780.0,CRC,transferencia,sinpe,LI-001,Préstamo Personal
TXN-00013965,CTA-629645,CLI-16842,2026-06-30 09:20:00,3917834.77,CRC,pago,app_movil,SJ-001,Préstamo Personal
TXN-00013966,CTA-842995,CLI-44214,2026-06-22 07:22:00,4427133.7,CRC,comision,sucursal,AL-001,Préstamo Hipotecario
TXN-00013967,CTA-240754,CLI-10945,2026-06-06 20:18:00,435554.93,CRC,transferencia,sinpe,CA-001,Cuenta Corriente
TXN-00013968,CTA-869534,CLI-48827,2026-06-14 15:22:00,2726439.77,CRC,deposito,sinpe,PU-001,Préstamo Hipotecario
TXN-00013969,CTA-307068,CLI-44695,2026-06-14 09:12:00,3095789.75,CRC,pago,atm,SJ-001,Préstamo Personal
TXN-00013970,CTA-640707,CLI-29730,2026-06-29 08:05:00,2831209.58,CRC,pago,sinpe,LI-002,Préstamo Personal
TXN-00013971,CTA-644247,CLI-35456,2026-06-08 02:01:00,1618687.02,CRC,deposito,atm,HE-001,Cuenta Corriente
TXN-00013972,CTA-563665,CLI-24438,2026-06-27 06:51:00,3428094.7,CRC,transferencia,web,SJ-002,Cuenta Ahorro
TXN-00013973,CTA-908697,CLI-91397,2026-06-21 00:57:00,4932623.62,CRC,retiro,sinpe,SJ-001,Tarjeta Crédito
TXN-00013974,CTA-340709,CLI-63526,2026-06-13 02:08:00,1604609.78,CRC,retiro,sucursal,CA-001,Préstamo Hipotecario
TXN-00013975,CTA-156726,CLI-67216,2026-06-20 13:42:00,2332528.39,CRC,retiro,web,LI-002,Préstamo Hipotecario
TXN-00013976,CTA-778534,CLI-54977,2026-06-10 20:16:00,3545887.07,CRC,transferencia,atm,AL-001,Préstamo Hipotecario
TXN-00013977,CTA-850447,CLI-81373,2026-06-03 02:31:00,4769979.13,CRC,transferencia,atm,HE-001,Préstamo Hipotecario
TXN-00013978,CTA-180887,CLI-35788,2026-06-19 03:52:00,999522.59,CRC,comision,web,AL-001,Préstamo Personal
TXN-00013979,CTA-806169,CLI-91998,2026-06-21 03:53:00,1214350.59,CRC,deposito,atm,HE-001,Préstamo Personal
TXN-00013980,CTA-110885,CLI-18957,2026-06-21 01:27:00,2489723.16,CRC,pago,atm,SJ-002,Tarjeta Crédito
TXN-00013981,CTA-248748,CLI-92871,2026-06-08 17:19:00,1050912.03,CRC,comision,app_movil,LI-002,Cuenta Corriente
TXN-00013982,CTA-883716,CLI-39749,2026-06-11 05:33:00,1465559.86,CRC,pago,sinpe,CA-001,Tarjeta Crédito
TXN-00013983,CTA-399840,CLI-43709,2026-06-18 12:13:00,1722393.51,CRC,transferencia,app_movil,HE-001,Cuenta Corriente
TXN-00013984,CTA-574054,CLI-64415,2026-06-14 16:58:00,539915.38,CRC,pago,atm,SJ-001,Cuenta Ahorro
TXN-00013985,CTA-705631,CLI-88996,2026-06-02 11:06:00,1168809.98,CRC,transferencia,app_movil,SJ-001,Cuenta Corriente
TXN-00013986,CTA-268016,CLI-62802,2026-06-15 07:31:00,3039101.85,CRC,transferencia,atm,AL-001,Cuenta Corriente
TXN-00013987,CTA-854363,CLI-80717,2026-06-26 08:14:00,478800.94,CRC,pago,web,HE-001,Cuenta Ahorro
TXN-00013988,CTA-118508,CLI-53656,2026-06-14 01:20:00,3338616.25,CRC,transferencia,web,SJ-001,Tarjeta Crédito
TXN-00013989,CTA-563006,CLI-48618,2026-06-25 22:58:00,4394198.49,CRC,pago,web,LI-002,Préstamo Hipotecario
TXN-00013990,CTA-962170,CLI-29296,2026-06-15 05:25:00,2824177.78,CRC,comision,sinpe,SJ-002,Préstamo Personal
TXN-00013991,CTA-181684,CLI-24616,2026-06-09 15:37:00,2292625.88,CRC,retiro,sinpe,AL-001,Préstamo Hipotecario
TXN-00013992,CTA-902178,CLI-46037,2026-06-08 06:11:00,2546197.45,CRC,deposito,web,CA-001,Préstamo Hipotecario
TXN-00013993,CTA-534151,CLI-90562,2026-06-29 10:07:00,2285586.4,CRC,pago,app_movil,CA-001,Préstamo Hipotecario
TXN-00013994,CTA-473314,CLI-61495,2026-06-20 15:19:00,821660.99,CRC,pago,atm,CA-001,Préstamo Hipotecario
TXN-00013995,CTA-712488,CLI-74480,2026-06-13 02:25:00,618198.78,CRC,transferencia,sucursal,CA-001,Préstamo Personal
TXN-00013996,CTA-202661,CLI-43689,2026-06-07 23:35:00,3982268.31,CRC,deposito,web,LI-002,Cuenta Ahorro
TXN-00013997,CTA-353782,CLI-12557,2026-06-07 15:46:00,4949380.92,CRC,transferencia,sinpe,AL-001,Préstamo Personal
TXN-00013998,CTA-626610,CLI-53904,2026-06-21 21:51:00,4398392.66,CRC,retiro,web,AL-001,Préstamo Hipotecario
TXN-00013999,CTA-412621,CLI-86275,2026-06-12 06:51:00,3878110.73,CRC,pago,sucursal,SJ-002,Cuenta Ahorro
TXN-00014000,CTA-109931,CLI-95785,2026-06-29 11:28:00,4959155.1,CRC,retiro,app_movil,HE-001,Préstamo Personal
TXN-00014001,CTA-778138,CLI-69091,2026-06-12 16:22:00,3918359.82,CRC,deposito,sinpe,PU-001,Cuenta Ahorro
TXN-00014002,CTA-658002,CLI-64564,2026-06-13 13:43:00,3021693.98,CRC,retiro,atm,AL-001,Préstamo Hipotecario
TXN-00014003,CTA-973432,CLI-43649,2026-06-07 00:23:00,919499.77,CRC,retiro,sucursal,AL-001,Cuenta Ahorro
TXN-00014004,CTA-181356,CLI-51780,2026-06-22 00:00:00,4520964.45,CRC,retiro,sucursal,SJ-002,Tarjeta Crédito
TXN-00014005,CTA-679229,CLI-24846,2026-06-23 07:37:00,1424411.17,CRC,comision,app_movil,SJ-002,Cuenta Ahorro
TXN-00014006,CTA-395124,CLI-11625,2026-06-02 16:28:00,3478451.57,CRC,transferencia,sinpe,LI-001,Cuenta Ahorro
TXN-00014007,CTA-373731,CLI-24897,2026-06-23 12:43:00,1404302.42,CRC,comision,web,SJ-002,Préstamo Hipotecario
TXN-00014008,CTA-350434,CLI-75752,2026-06-03 15:04:00,2021351.7,CRC,deposito,atm,LI-001,Cuenta Corriente
TXN-00014009,CTA-290053,CLI-59086,2026-06-01 19:30:00,1818953.67,CRC,retiro,web,HE-001,Tarjeta Crédito
TXN-00014010,CTA-522981,CLI-74180,2026-06-13 15:52:00,4670142.58,CRC,comision,sucursal,PU-001,Préstamo Personal
TXN-00014011,CTA-836759,CLI-59008,2026-06-23 21:28:00,1245591.03,CRC,comision,app_movil,CA-001,Préstamo Hipotecario
TXN-00014012,CTA-702093,CLI-51400,2026-06-20 16:54:00,1202257.43,CRC,pago,web,PU-001,Tarjeta Crédito
TXN-00014013,CTA-564172,CLI-62563,2026-06-15 14:55:00,3280097.42,CRC,transferencia,web,SJ-001,Préstamo Hipotecario
TXN-00014014,CTA-344003,CLI-90342,2026-06-27 10:07:00,1141046.39,CRC,deposito,app_movil,SJ-002,Préstamo Personal
TXN-00014015,CTA-642569,CLI-62737,2026-06-14 16:07:00,811549.13,CRC,comision,app_movil,PU-001,Cuenta Corriente
TXN-00014016,CTA-536525,CLI-94448,2026-06-03 12:13:00,4321240.85,CRC,comision,sucursal,LI-001,Tarjeta Crédito
TXN-00014017,CTA-515014,CLI-35373,2026-06-23 18:58:00,2473313.29,CRC,deposito,web,LI-002,Cuenta Corriente
TXN-00014018,CTA-778240,CLI-16717,2026-06-30 21:37:00,4438145.21,CRC,transferencia,sucursal,PU-001,Préstamo Personal
TXN-00014019,CTA-825773,CLI-43380,2026-06-20 04:22:00,4896919.23,CRC,deposito,atm,LI-002,Cuenta Corriente
TXN-00014020,CTA-285451,CLI-95616,2026-06-01 10:56:00,447617.07,CRC,transferencia,sucursal,PU-001,Cuenta Corriente
TXN-00014021,CTA-724984,CLI-88651,2026-06-19 09:17:00,1564555.13,CRC,retiro,atm,SJ-001,Cuenta Corriente
TXN-00014022,CTA-407378,CLI-75888,2026-06-09 01:12:00,3500013.85,CRC,comision,atm,SJ-002,Cuenta Corriente
TXN-00014023,CTA-832275,CLI-84598,2026-06-13 07:15:00,4105574.28,CRC,transferencia,web,LI-001,Cuenta Corriente
TXN-00014024,CTA-602834,CLI-41667,2026-06-16 16:43:00,3829229.24,CRC,pago,web,PU-001,Cuenta Corriente
TXN-00014025,CTA-270253,CLI-13675,2026-06-06 10:49:00,3232217.35,CRC,transferencia,app_movil,AL-001,Cuenta Ahorro
TXN-00014026,CTA-109157,CLI-62531,2026-06-18 00:54:00,812391.44,CRC,deposito,sinpe,CA-001,Tarjeta Crédito
TXN-00014027,CTA-343225,CLI-72402,2026-06-05 20:01:00,4593689.8,CRC,deposito,atm,LI-002,Tarjeta Crédito
TXN-00014028,CTA-123610,CLI-30501,2026-06-09 10:02:00,1444178.18,CRC,deposito,sinpe,SJ-002,Cuenta Ahorro
TXN-00014029,CTA-777981,CLI-75708,2026-06-03 21:56:00,3650156.84,CRC,retiro,atm,SJ-001,Préstamo Hipotecario
TXN-00014030,CTA-817859,CLI-58802,2026-06-20 03:26:00,3436839.08,CRC,transferencia,web,CA-001,Préstamo Personal
TXN-00014031,CTA-757256,CLI-69461,2026-06-15 07:12:00,942315.31,CRC,retiro,sinpe,HE-001,Tarjeta Crédito
TXN-00014032,CTA-273473,CLI-52374,2026-06-14 03:47:00,3575496.04,CRC,retiro,app_movil,SJ-002,Cuenta Corriente
TXN-00014033,CTA-561412,CLI-34891,2026-06-06 10:06:00,2914566.48,CRC,pago,web,PU-001,Tarjeta Crédito
TXN-00014034,CTA-772930,CLI-78834,2026-06-13 09:21:00,3719490.31,CRC,deposito,app_movil,SJ-001,Tarjeta Crédito
TXN-00014035,CTA-292271,CLI-63400,2026-06-09 23:23:00,3829089.92,CRC,comision,atm,PU-001,Cuenta Corriente
TXN-00014036,CTA-128756,CLI-51517,2026-06-26 01:46:00,4830010.22,CRC,retiro,sinpe,PU-001,Cuenta Corriente
TXN-00014037,CTA-477979,CLI-83712,2026-06-03 01:31:00,4697714.9,CRC,transferencia,sinpe,SJ-001,Cuenta Corriente
TXN-00014038,CTA-775613,CLI-87644,2026-06-12 02:47:00,3406878.47,CRC,transferencia,web,PU-001,Tarjeta Crédito
TXN-00014039,CTA-515559,CLI-61858,2026-06-19 20:15:00,4812149.6,CRC,retiro,sucursal,LI-001,Cuenta Corriente
TXN-00014040,CTA-447924,CLI-43464,2026-06-26 03:43:00,820095.95,CRC,retiro,web,SJ-001,Cuenta Ahorro
TXN-00014041,CTA-739729,CLI-75693,2026-06-05 15:21:00,2243776.27,CRC,pago,atm,PU-001,Cuenta Corriente
TXN-00014042,CTA-515042,CLI-13011,2026-06-15 02:31:00,1312728.74,CRC,pago,sucursal,PU-001,Tarjeta Crédito
TXN-00014043,CTA-283368,CLI-76082,2026-06-04 05:51:00,1343875.91,CRC,deposito,app_movil,SJ-001,Préstamo Personal
TXN-00014044,CTA-731375,CLI-62518,2026-06-14 01:07:00,1522789.79,CRC,pago,sucursal,LI-001,Préstamo Personal
TXN-00014045,CTA-776556,CLI-10713,2026-06-14 08:33:00,998347.29,CRC,deposito,sucursal,LI-002,Cuenta Ahorro
TXN-00014046,CTA-514414,CLI-60865,2026-06-03 21:31:00,3129677.63,CRC,retiro,web,LI-001,Préstamo Hipotecario
TXN-00014047,CTA-316092,CLI-61135,2026-06-22 15:13:00,4230406.91,CRC,deposito,web,LI-001,Tarjeta Crédito
TXN-00014048,CTA-225502,CLI-84085,2026-06-27 01:32:00,3242046.46,CRC,pago,web,PU-001,Tarjeta Crédito
TXN-00014049,CTA-839264,CLI-81817,2026-06-23 22:44:00,3287685.99,CRC,deposito,sucursal,PU-001,Tarjeta Crédito
TXN-00014050,CTA-339011,CLI-91105,2026-06-06 12:12:00,4645427.17,CRC,comision,sinpe,SJ-002,Préstamo Personal
TXN-00014051,CTA-152806,CLI-85221,2026-06-22 16:23:00,3767427.88,CRC,transferencia,app_movil,AL-001,Préstamo Personal
TXN-00014052,CTA-517305,CLI-98782,2026-06-26 05:38:00,310694.26,CRC,deposito,atm,HE-001,Préstamo Personal
TXN-00014053,CTA-532962,CLI-20326,2026-06-09 16:36:00,1189718.87,CRC,comision,app_movil,PU-001,Préstamo Personal
TXN-00014054,CTA-114482,CLI-14461,2026-06-07 12:27:00,3885220.9,CRC,pago,atm,CA-001,Cuenta Corriente
TXN-00014055,CTA-111316,CLI-38944,2026-06-05 22:46:00,2522475.55,CRC,deposito,atm,PU-001,Cuenta Corriente
TXN-00014056,CTA-773794,CLI-86854,2026-06-11 17:40:00,1840045.27,CRC,retiro,web,LI-002,Cuenta Corriente
TXN-00014057,CTA-163006,CLI-44597,2026-06-30 07:04:00,2129819.6,CRC,deposito,web,AL-001,Préstamo Hipotecario
TXN-00014058,CTA-126204,CLI-92838,2026-06-25 22:20:00,3290045.67,CRC,pago,sucursal,AL-001,Cuenta Ahorro
TXN-00014059,CTA-530618,CLI-93514,2026-06-05 08:04:00,3320439.87,CRC,pago,sinpe,LI-001,Cuenta Ahorro
TXN-00014060,CTA-112246,CLI-99273,2026-06-20 00:26:00,4467872.74,CRC,pago,app_movil,HE-001,Cuenta Ahorro
TXN-00014061,CTA-958519,CLI-92059,2026-06-04 09:12:00,4957965.65,CRC,comision,web,SJ-002,Cuenta Corriente
TXN-00014062,CTA-344889,CLI-86309,2026-06-08 06:38:00,128636.5,CRC,pago,app_movil,LI-002,Tarjeta Crédito
TXN-00014063,CTA-573541,CLI-22538,2026-06-09 22:39:00,2509635.86,CRC,retiro,atm,HE-001,Cuenta Corriente
TXN-00014064,CTA-472484,CLI-95942,2026-06-25 05:51:00,2837935.14,CRC,pago,app_movil,CA-001,Cuenta Ahorro
TXN-00014065,CTA-260170,CLI-58764,2026-06-14 02:13:00,1733754.02,CRC,pago,web,LI-001,Tarjeta Crédito
TXN-00014066,CTA-587231,CLI-46421,2026-06-01 05:41:00,4277979.5,CRC,transferencia,sinpe,SJ-001,Cuenta Corriente
TXN-00014067,CTA-338332,CLI-92244,2026-06-13 23:42:00,4361995.91,CRC,transferencia,web,AL-001,Cuenta Corriente
TXN-00014068,CTA-965126,CLI-43175,2026-06-27 12:13:00,1708365.71,CRC,deposito,web,SJ-001,Préstamo Hipotecario
TXN-00014069,CTA-779473,CLI-55371,2026-06-10 11:04:00,4608425.34,CRC,transferencia,atm,AL-001,Cuenta Corriente
TXN-00014070,CTA-218129,CLI-77485,2026-06-27 22:05:00,1292940.49,CRC,retiro,web,LI-002,Cuenta Corriente
TXN-00014071,CTA-453276,CLI-29006,2026-06-28 15:24:00,4557365.25,CRC,pago,sinpe,SJ-001,Préstamo Hipotecario
TXN-00014072,CTA-582897,CLI-19970,2026-06-05 08:35:00,2743858.23,CRC,deposito,web,HE-001,Préstamo Hipotecario
TXN-00014073,CTA-979126,CLI-20052,2026-06-16 11:30:00,931886.26,CRC,transferencia,web,PU-001,Tarjeta Crédito
TXN-00014074,CTA-941663,CLI-91401,2026-06-25 02:45:00,3404978.53,CRC,pago,sucursal,AL-001,Cuenta Corriente
TXN-00014075,CTA-228073,CLI-78404,2026-06-20 22:22:00,2328177.87,CRC,deposito,sucursal,LI-002,Cuenta Corriente
TXN-00014076,CTA-285086,CLI-63809,2026-06-18 02:40:00,802824.98,CRC,comision,sucursal,SJ-002,Tarjeta Crédito
TXN-00014077,CTA-907113,CLI-24425,2026-06-08 07:22:00,3484310.73,CRC,comision,web,CA-001,Préstamo Personal
TXN-00014078,CTA-803392,CLI-76806,2026-06-02 22:50:00,1724866.77,CRC,pago,atm,SJ-001,Préstamo Hipotecario
TXN-00014079,CTA-354404,CLI-22868,2026-06-29 14:56:00,4324866.86,CRC,deposito,app_movil,HE-001,Cuenta Ahorro
TXN-00014080,CTA-512863,CLI-75849,2026-06-27 15:39:00,1033088.45,CRC,transferencia,app_movil,SJ-001,Préstamo Personal
TXN-00014081,CTA-876328,CLI-96795,2026-06-15 02:40:00,3086807.63,CRC,comision,sucursal,SJ-002,Préstamo Hipotecario
TXN-00014082,CTA-356651,CLI-26148,2026-06-21 01:18:00,4985463.54,CRC,comision,web,LI-002,Préstamo Hipotecario
TXN-00014083,CTA-172112,CLI-19858,2026-06-25 18:02:00,2688941.76,CRC,deposito,sucursal,LI-002,Cuenta Ahorro
TXN-00014084,CTA-806363,CLI-34339,2026-06-20 23:06:00,3139594.29,CRC,deposito,app_movil,LI-001,Préstamo Personal
TXN-00014085,CTA-234292,CLI-60406,2026-06-08 06:18:00,409517.54,CRC,retiro,atm,PU-001,Cuenta Corriente
TXN-00014086,CTA-962755,CLI-13841,2026-06-23 18:44:00,3406993.58,CRC,retiro,web,AL-001,Cuenta Ahorro
TXN-00014087,CTA-247099,CLI-50072,2026-06-14 09:32:00,4100556.29,CRC,comision,atm,LI-002,Préstamo Hipotecario
TXN-00014088,CTA-478892,CLI-37882,2026-06-03 12:39:00,3040227.42,CRC,deposito,sucursal,PU-001,Cuenta Corriente
TXN-00014089,CTA-809333,CLI-54341,2026-06-30 02:45:00,1042080.38,CRC,transferencia,app_movil,CA-001,Cuenta Ahorro
TXN-00014090,CTA-132651,CLI-38073,2026-06-26 18:35:00,2564516.79,CRC,pago,sinpe,CA-001,Préstamo Personal
TXN-00014091,CTA-989650,CLI-86619,2026-06-01 11:31:00,1609765.97,CRC,deposito,atm,CA-001,Préstamo Personal
TXN-00014092,CTA-848535,CLI-11734,2026-06-15 15:58:00,4972754.63,CRC,transferencia,atm,SJ-002,Tarjeta Crédito
TXN-00014093,CTA-163629,CLI-96818,2026-06-16 04:37:00,2458926.31,CRC,deposito,web,CA-001,Préstamo Personal
TXN-00014094,CTA-506704,CLI-62791,2026-06-21 19:37:00,1067520.21,CRC,transferencia,atm,CA-001,Préstamo Personal
TXN-00014095,CTA-200464,CLI-34669,2026-06-09 06:42:00,705413.27,CRC,pago,app_movil,SJ-002,Préstamo Personal
TXN-00014096,CTA-950328,CLI-45192,2026-06-14 18:21:00,1237681.88,CRC,comision,web,SJ-001,Cuenta Ahorro
TXN-00014097,CTA-946592,CLI-14800,2026-06-16 18:54:00,128807.99,CRC,pago,app_movil,LI-002,Cuenta Corriente
TXN-00014098,CTA-392278,CLI-23119,2026-06-20 13:45:00,2257339.93,CRC,comision,web,SJ-002,Préstamo Hipotecario
TXN-00014099,CTA-837851,CLI-46706,2026-06-20 06:43:00,4772180.77,CRC,comision,web,SJ-002,Cuenta Ahorro
TXN-00014100,CTA-965407,CLI-65914,2026-06-05 06:19:00,3291994.83,CRC,deposito,app_movil,HE-001,Cuenta Corriente
TXN-00014101,CTA-963216,CLI-57796,2026-06-12 13:22:00,1823905.91,CRC,retiro,app_movil,LI-002,Tarjeta Crédito
TXN-00014102,CTA-792427,CLI-20364,2026-06-30 05:47:00,4852545.03,CRC,pago,app_movil,CA-001,Cuenta Corriente
TXN-00014103,CTA-296987,CLI-79310,2026-06-02 19:40:00,1662505.83,CRC,transferencia,sucursal,PU-001,Préstamo Personal
TXN-00014104,CTA-640586,CLI-84393,2026-06-21 19:56:00,2731098.63,CRC,pago,atm,AL-001,Préstamo Hipotecario
TXN-00014105,CTA-200084,CLI-27553,2026-06-29 11:05:00,4035060.66,CRC,retiro,atm,LI-001,Tarjeta Crédito
TXN-00014106,CTA-821537,CLI-76299,2026-06-28 16:48:00,4676308.4,CRC,pago,app_movil,HE-001,Préstamo Hipotecario
TXN-00014107,CTA-574595,CLI-48593,2026-06-10 17:19:00,2021541.1,CRC,transferencia,sinpe,HE-001,Tarjeta Crédito
TXN-00014108,CTA-782732,CLI-59552,2026-06-20 20:00:00,2978194.02,CRC,retiro,web,SJ-001,Préstamo Personal
TXN-00014109,CTA-871214,CLI-12243,2026-06-08 20:29:00,1819817.29,CRC,transferencia,sucursal,SJ-001,Préstamo Personal
TXN-00014110,CTA-898474,CLI-25405,2026-06-25 20:30:00,4489354.03,CRC,deposito,sucursal,LI-002,Préstamo Personal
TXN-00014111,CTA-307828,CLI-23473,2026-06-24 05:22:00,1901207.79,CRC,pago,sinpe,SJ-002,Préstamo Hipotecario
TXN-00014112,CTA-325257,CLI-88107,2026-06-30 03:29:00,4104217.81,CRC,comision,app_movil,SJ-002,Cuenta Corriente
TXN-00014113,CTA-502160,CLI-53390,2026-06-21 04:09:00,1624451.93,CRC,pago,sucursal,LI-001,Cuenta Corriente
TXN-00014114,CTA-762198,CLI-30741,2026-06-01 22:45:00,3531836.15,CRC,deposito,sinpe,LI-002,Cuenta Corriente
TXN-00014115,CTA-397100,CLI-24936,2026-06-11 10:19:00,3434096.79,CRC,retiro,atm,CA-001,Tarjeta Crédito
TXN-00014116,CTA-200167,CLI-37092,2026-06-26 18:12:00,24168.23,CRC,retiro,atm,PU-001,Préstamo Hipotecario
TXN-00014117,CTA-204698,CLI-84312,2026-06-17 15:39:00,1953990.53,CRC,deposito,sinpe,CA-001,Préstamo Hipotecario
TXN-00014118,CTA-596104,CLI-47783,2026-06-23 07:49:00,4109887.93,CRC,comision,web,LI-002,Préstamo Personal
TXN-00014119,CTA-620883,CLI-21931,2026-06-04 18:36:00,3800359.99,CRC,retiro,atm,HE-001,Cuenta Corriente
TXN-00014120,CTA-163130,CLI-15008,2026-06-27 01:30:00,4593817.5,CRC,comision,app_movil,CA-001,Cuenta Corriente
TXN-00014121,CTA-307257,CLI-72376,2026-06-06 05:48:00,3649905.7,CRC,pago,atm,PU-001,Tarjeta Crédito
TXN-00014122,CTA-141451,CLI-61812,2026-06-20 01:49:00,2791579.11,CRC,deposito,web,AL-001,Cuenta Ahorro
TXN-00014123,CTA-533736,CLI-74298,2026-06-09 09:01:00,2875248.8,CRC,pago,atm,CA-001,Préstamo Personal
TXN-00014124,CTA-116633,CLI-70892,2026-06-09 10:55:00,4428385.34,CRC,deposito,atm,LI-001,Préstamo Hipotecario
TXN-00014125,CTA-809712,CLI-23158,2026-06-27 17:38:00,2777171.57,CRC,pago,sucursal,SJ-002,Cuenta Corriente
TXN-00014126,CTA-922245,CLI-40979,2026-06-17 13:37:00,4616785.85,CRC,comision,sucursal,AL-001,Cuenta Ahorro
TXN-00014127,CTA-867067,CLI-10539,2026-06-05 13:51:00,4686224.42,CRC,transferencia,web,HE-001,Préstamo Hipotecario
TXN-00014128,CTA-903806,CLI-64449,2026-06-21 08:39:00,4479564.09,CRC,deposito,sucursal,SJ-002,Cuenta Ahorro
TXN-00014129,CTA-570287,CLI-19741,2026-06-01 06:43:00,2146989.69,CRC,transferencia,atm,PU-001,Tarjeta Crédito
TXN-00014130,CTA-796845,CLI-60204,2026-06-19 02:11:00,72448.07,CRC,pago,web,LI-001,Tarjeta Crédito
TXN-00014131,CTA-558345,CLI-16871,2026-06-16 10:57:00,1724929.82,CRC,transferencia,web,SJ-001,Cuenta Ahorro
TXN-00014132,CTA-601379,CLI-50076,2026-06-10 21:30:00,3195979.05,CRC,comision,sucursal,PU-001,Cuenta Corriente
TXN-00014133,CTA-603878,CLI-65318,2026-06-28 21:26:00,2820560.3,CRC,pago,app_movil,AL-001,Tarjeta Crédito
TXN-00014134,CTA-211577,CLI-25070,2026-06-20 21:49:00,999083.68,CRC,comision,sucursal,AL-001,Cuenta Ahorro
TXN-00014135,CTA-677517,CLI-50671,2026-06-08 18:29:00,4336478.8,CRC,transferencia,sinpe,HE-001,Cuenta Corriente
TXN-00014136,CTA-289042,CLI-68145,2026-06-28 01:27:00,3369335.95,CRC,pago,app_movil,LI-001,Cuenta Corriente
TXN-00014137,CTA-856938,CLI-68859,2026-06-11 16:36:00,1737478.98,CRC,pago,web,SJ-002,Préstamo Hipotecario
TXN-00014138,CTA-474569,CLI-57201,2026-06-25 21:24:00,1190860.83,CRC,deposito,sucursal,AL-001,Tarjeta Crédito
TXN-00014139,CTA-718819,CLI-28251,2026-06-10 01:06:00,2294719.71,CRC,retiro,atm,AL-001,Cuenta Corriente
TXN-00014140,CTA-628317,CLI-18149,2026-06-29 02:12:00,221435.62,CRC,comision,web,HE-001,Préstamo Hipotecario
TXN-00014141,CTA-414119,CLI-96742,2026-06-22 01:41:00,314884.4,CRC,transferencia,sucursal,LI-001,Préstamo Hipotecario
TXN-00014142,CTA-326217,CLI-79338,2026-06-26 08:56:00,896142.7,CRC,pago,web,LI-001,Tarjeta Crédito
TXN-00014143,CTA-713446,CLI-76644,2026-06-30 06:07:00,106463.28,CRC,pago,sucursal,LI-002,Préstamo Personal
TXN-00014144,CTA-691483,CLI-52075,2026-06-21 23:56:00,1091684.21,CRC,comision,atm,HE-001,Préstamo Personal
TXN-00014145,CTA-177890,CLI-49525,2026-06-13 12:31:00,704652.16,CRC,transferencia,sinpe,AL-001,Cuenta Corriente
TXN-00014146,CTA-243948,CLI-57459,2026-06-25 06:11:00,2316768.75,CRC,comision,app_movil,SJ-002,Cuenta Ahorro
TXN-00014147,CTA-626145,CLI-24454,2026-06-27 09:27:00,662940.02,CRC,comision,web,LI-002,Cuenta Ahorro
TXN-00014148,CTA-698685,CLI-54174,2026-06-10 17:15:00,4087518.46,CRC,pago,sinpe,PU-001,Cuenta Corriente
TXN-00014149,CTA-628962,CLI-43892,2026-06-22 05:26:00,2420602.17,CRC,deposito,app_movil,LI-001,Cuenta Ahorro
TXN-00014150,CTA-158718,CLI-65878,2026-06-18 13:54:00,668941.59,CRC,retiro,sucursal,PU-001,Préstamo Personal
TXN-00014151,CTA-138657,CLI-34013,2026-06-02 07:25:00,4509345.52,CRC,pago,atm,PU-001,Préstamo Hipotecario
TXN-00014152,CTA-247531,CLI-56016,2026-06-13 19:01:00,1324896.38,CRC,retiro,sucursal,LI-001,Préstamo Personal
TXN-00014153,CTA-929403,CLI-42296,2026-06-27 09:37:00,3771158.6,CRC,deposito,sinpe,SJ-001,Cuenta Corriente
TXN-00014154,CTA-761945,CLI-81761,2026-06-20 19:28:00,2384209.04,CRC,pago,sucursal,LI-001,Cuenta Ahorro
TXN-00014155,CTA-426374,CLI-54864,2026-06-02 01:23:00,4528114.8,CRC,comision,sinpe,LI-002,Cuenta Ahorro
TXN-00014156,CTA-813320,CLI-27815,2026-06-03 03:46:00,485226.26,CRC,retiro,app_movil,LI-001,Préstamo Personal
TXN-00014157,CTA-793003,CLI-80375,2026-06-09 14:55:00,294575.15,CRC,deposito,atm,LI-002,Préstamo Hipotecario
TXN-00014158,CTA-494792,CLI-88251,2026-06-09 12:06:00,2628761.5,CRC,pago,web,SJ-002,Tarjeta Crédito
TXN-00014159,CTA-394945,CLI-62175,2026-06-07 02:52:00,3156492.1,CRC,transferencia,app_movil,LI-001,Tarjeta Crédito
TXN-00014160,CTA-666079,CLI-11710,2026-06-22 06:07:00,4700289.53,CRC,comision,web,HE-001,Préstamo Personal
TXN-00014161,CTA-400119,CLI-79371,2026-06-09 19:40:00,2157596.12,CRC,comision,atm,SJ-002,Préstamo Hipotecario
TXN-00014162,CTA-227614,CLI-17660,2026-06-11 08:30:00,1155892.03,CRC,retiro,sinpe,LI-001,Préstamo Personal
TXN-00014163,CTA-370101,CLI-49110,2026-06-14 17:47:00,497325.35,CRC,transferencia,web,LI-002,Préstamo Hipotecario
TXN-00014164,CTA-159114,CLI-15291,2026-06-02 07:29:00,4304236.02,CRC,transferencia,sucursal,AL-001,Cuenta Ahorro
TXN-00014165,CTA-825305,CLI-16778,2026-06-06 07:54:00,1417064.43,CRC,pago,sinpe,PU-001,Préstamo Personal
TXN-00014166,CTA-569664,CLI-61351,2026-06-17 21:02:00,1455619.04,CRC,transferencia,app_movil,SJ-002,Préstamo Hipotecario
TXN-00014167,CTA-702497,CLI-88384,2026-06-01 00:35:00,2391106.47,CRC,retiro,sinpe,SJ-002,Cuenta Ahorro
TXN-00014168,CTA-596207,CLI-99563,2026-06-22 01:32:00,2515825.29,CRC,deposito,sinpe,LI-002,Tarjeta Crédito
TXN-00014169,CTA-696064,CLI-68384,2026-06-22 21:04:00,4492723.25,CRC,pago,app_movil,SJ-001,Cuenta Corriente
TXN-00014170,CTA-804507,CLI-30344,2026-06-14 11:45:00,4026529.85,CRC,pago,web,AL-001,Préstamo Hipotecario
TXN-00014171,CTA-956722,CLI-48154,2026-06-18 00:18:00,1160416.47,CRC,deposito,app_movil,LI-001,Préstamo Personal
TXN-00014172,CTA-303989,CLI-93793,2026-06-13 19:52:00,1123392.38,CRC,retiro,app_movil,HE-001,Préstamo Hipotecario
TXN-00014173,CTA-188948,CLI-77609,2026-06-06 03:58:00,156997.54,CRC,transferencia,app_movil,HE-001,Préstamo Hipotecario
TXN-00014174,CTA-309010,CLI-58310,2026-06-19 06:46:00,935154.5,CRC,comision,web,HE-001,Cuenta Corriente
TXN-00014175,CTA-803315,CLI-83847,2026-06-16 16:08:00,3470816.36,CRC,pago,sucursal,CA-001,Tarjeta Crédito
TXN-00014176,CTA-400366,CLI-77575,2026-06-24 07:22:00,4979269.45,CRC,retiro,sinpe,LI-002,Tarjeta Crédito
TXN-00014177,CTA-535941,CLI-41597,2026-06-24 13:49:00,566790.09,CRC,transferencia,sucursal,LI-002,Préstamo Personal
TXN-00014178,CTA-600546,CLI-22093,2026-06-21 20:30:00,1338025.64,CRC,transferencia,app_movil,AL-001,Préstamo Hipotecario
TXN-00014179,CTA-354592,CLI-99324,2026-06-09 12:19:00,4725807.93,CRC,deposito,sinpe,PU-001,Préstamo Hipotecario
TXN-00014180,CTA-915296,CLI-42803,2026-06-08 08:18:00,528150.77,CRC,transferencia,app_movil,SJ-001,Cuenta Corriente
TXN-00014181,CTA-246968,CLI-52965,2026-06-14 14:39:00,514697.26,CRC,deposito,sucursal,SJ-001,Cuenta Corriente
TXN-00014182,CTA-377700,CLI-60982,2026-06-03 06:26:00,3148703.43,CRC,transferencia,app_movil,PU-001,Préstamo Personal
TXN-00014183,CTA-459241,CLI-80811,2026-06-12 07:10:00,3358623.2,CRC,deposito,sinpe,SJ-002,Préstamo Hipotecario
TXN-00014184,CTA-506869,CLI-71826,2026-06-14 01:16:00,3854694.77,CRC,retiro,web,LI-001,Préstamo Hipotecario
TXN-00014185,CTA-127055,CLI-47946,2026-06-04 18:37:00,3452553.14,CRC,deposito,atm,SJ-002,Tarjeta Crédito
TXN-00014186,CTA-714618,CLI-17783,2026-06-04 12:53:00,4493339.43,CRC,pago,atm,LI-002,Préstamo Personal
TXN-00014187,CTA-976922,CLI-21109,2026-06-10 02:59:00,4740917.57,CRC,deposito,atm,LI-001,Cuenta Corriente
TXN-00014188,CTA-418489,CLI-83632,2026-06-05 08:24:00,2600930.08,CRC,transferencia,sucursal,SJ-001,Préstamo Hipotecario
TXN-00014189,CTA-686899,CLI-86018,2026-06-12 01:41:00,1084313.92,CRC,transferencia,atm,SJ-002,Préstamo Personal
TXN-00014190,CTA-829328,CLI-49934,2026-06-04 15:27:00,3261777.25,CRC,retiro,web,LI-002,Tarjeta Crédito
TXN-00014191,CTA-256624,CLI-68173,2026-06-15 20:52:00,685693.63,CRC,retiro,sucursal,CA-001,Préstamo Personal
TXN-00014192,CTA-290836,CLI-54920,2026-06-28 07:02:00,2654220.44,CRC,deposito,sucursal,SJ-002,Cuenta Ahorro
TXN-00014193,CTA-666068,CLI-95261,2026-06-20 11:21:00,1824419.29,CRC,retiro,web,PU-001,Tarjeta Crédito
TXN-00014194,CTA-224189,CLI-30240,2026-06-25 21:06:00,1246278.93,CRC,retiro,atm,SJ-002,Cuenta Ahorro
TXN-00014195,CTA-771195,CLI-60076,2026-06-01 16:15:00,2889851.1,CRC,comision,atm,HE-001,Préstamo Personal
TXN-00014196,CTA-189129,CLI-34614,2026-06-14 12:44:00,3351461.44,CRC,retiro,sucursal,HE-001,Cuenta Corriente
TXN-00014197,CTA-904677,CLI-43191,2026-06-22 23:11:00,196772.21,CRC,retiro,atm,SJ-002,Préstamo Personal
TXN-00014198,CTA-395962,CLI-75905,2026-06-17 06:28:00,4876151.93,CRC,comision,app_movil,AL-001,Tarjeta Crédito
TXN-00014199,CTA-854182,CLI-18244,2026-06-28 13:58:00,4149428.67,CRC,comision,sucursal,SJ-001,Préstamo Hipotecario
TXN-00014200,CTA-371358,CLI-31597,2026-06-08 01:20:00,371275.11,CRC,pago,atm,AL-001,Préstamo Hipotecario
TXN-00014201,CTA-538794,CLI-44259,2026-06-13 13:30:00,3438229.34,CRC,deposito,web,LI-002,Cuenta Ahorro
TXN-00014202,CTA-162739,CLI-76494,2026-06-04 15:16:00,489098.37,CRC,comision,web,HE-001,Préstamo Hipotecario
TXN-00014203,CTA-202758,CLI-82553,2026-06-11 03:02:00,2023279.3,CRC,comision,atm,HE-001,Tarjeta Crédito
TXN-00014204,CTA-816255,CLI-98674,2026-06-09 07:55:00,1215963.43,CRC,transferencia,sucursal,HE-001,Tarjeta Crédito
TXN-00014205,CTA-184132,CLI-74006,2026-06-11 09:19:00,2551705.79,CRC,deposito,sinpe,PU-001,Cuenta Ahorro
TXN-00014206,CTA-707644,CLI-71575,2026-06-25 13:32:00,4427926.27,CRC,deposito,app_movil,LI-002,Tarjeta Crédito
TXN-00014207,CTA-219888,CLI-72407,2026-06-01 09:45:00,976439.22,CRC,transferencia,web,LI-001,Tarjeta Crédito
TXN-00014208,CTA-818549,CLI-62978,2026-06-04 04:06:00,4104324.45,CRC,comision,atm,HE-001,Tarjeta Crédito
TXN-00014209,CTA-783722,CLI-79761,2026-06-18 08:08:00,2480672.06,CRC,retiro,sucursal,SJ-001,Cuenta Corriente
TXN-00014210,CTA-567552,CLI-67063,2026-06-30 00:23:00,3869587.39,CRC,deposito,app_movil,HE-001,Cuenta Corriente
TXN-00014211,CTA-409253,CLI-48899,2026-06-07 21:30:00,1775302.92,CRC,pago,atm,AL-001,Préstamo Hipotecario
TXN-00014212,CTA-881421,CLI-31963,2026-06-14 12:23:00,1126547.47,CRC,pago,sinpe,SJ-002,Préstamo Personal
TXN-00014213,CTA-789996,CLI-97545,2026-06-30 06:45:00,2419257.83,CRC,comision,sucursal,SJ-002,Cuenta Ahorro
TXN-00014214,CTA-386639,CLI-33576,2026-06-25 12:11:00,2568643.74,CRC,pago,app_movil,LI-001,Tarjeta Crédito
TXN-00014215,CTA-783948,CLI-41638,2026-06-21 08:34:00,553710.61,CRC,comision,atm,SJ-001,Cuenta Ahorro
TXN-00014216,CTA-206971,CLI-20441,2026-06-18 20:57:00,4538331.19,CRC,retiro,sucursal,PU-001,Préstamo Personal
TXN-00014217,CTA-733047,CLI-79183,2026-06-14 21:44:00,1028635.18,CRC,pago,atm,LI-002,Cuenta Corriente
TXN-00014218,CTA-239500,CLI-99421,2026-06-19 04:38:00,517904.62,CRC,pago,sucursal,AL-001,Préstamo Hipotecario
TXN-00014219,CTA-690969,CLI-53798,2026-06-04 22:13:00,1682621.65,CRC,transferencia,atm,LI-001,Préstamo Personal
TXN-00014220,CTA-518097,CLI-22216,2026-06-05 11:50:00,1802003.78,CRC,transferencia,sucursal,LI-002,Cuenta Ahorro
TXN-00014221,CTA-992915,CLI-32644,2026-06-02 19:58:00,2995663.45,CRC,pago,sucursal,LI-002,Cuenta Corriente
TXN-00014222,CTA-138963,CLI-69818,2026-06-21 23:55:00,734556.74,CRC,deposito,atm,AL-001,Cuenta Ahorro
TXN-00014223,CTA-828064,CLI-30251,2026-06-12 11:48:00,29513.29,CRC,pago,sucursal,AL-001,Tarjeta Crédito
TXN-00014224,CTA-612957,CLI-12951,2026-06-29 18:16:00,4084248.97,CRC,comision,atm,PU-001,Cuenta Corriente
TXN-00014225,CTA-275166,CLI-21388,2026-06-27 18:51:00,3194517.91,CRC,deposito,sucursal,HE-001,Cuenta Corriente
TXN-00014226,CTA-298910,CLI-24467,2026-06-15 07:36:00,1042772.35,CRC,pago,app_movil,LI-001,Tarjeta Crédito
TXN-00014227,CTA-149419,CLI-31295,2026-06-11 23:13:00,2594408.08,CRC,retiro,sucursal,SJ-001,Préstamo Personal
TXN-00014228,CTA-925352,CLI-36547,2026-06-22 19:06:00,1525013.6,CRC,comision,app_movil,PU-001,Cuenta Ahorro
TXN-00014229,CTA-571551,CLI-24710,2026-06-01 06:30:00,1135400.93,CRC,pago,app_movil,AL-001,Cuenta Ahorro
TXN-00014230,CTA-605982,CLI-19333,2026-06-17 14:08:00,2574803.37,CRC,comision,sinpe,HE-001,Préstamo Hipotecario
TXN-00014231,CTA-936056,CLI-43656,2026-06-11 16:04:00,3102883.49,CRC,deposito,web,SJ-002,Préstamo Personal
TXN-00014232,CTA-141929,CLI-12975,2026-06-02 07:37:00,1596721.65,CRC,transferencia,sucursal,SJ-002,Préstamo Hipotecario
TXN-00014233,CTA-714225,CLI-21445,2026-06-17 12:41:00,2597399.87,CRC,transferencia,app_movil,AL-001,Cuenta Ahorro
TXN-00014234,CTA-357182,CLI-88447,2026-06-07 03:22:00,127583.82,CRC,deposito,web,LI-002,Préstamo Hipotecario
TXN-00014235,CTA-297419,CLI-27005,2026-06-26 05:07:00,195085.38,CRC,retiro,app_movil,CA-001,Cuenta Corriente
TXN-00014236,CTA-594237,CLI-79919,2026-06-03 04:26:00,2547743.73,CRC,comision,app_movil,CA-001,Cuenta Ahorro
TXN-00014237,CTA-429818,CLI-61197,2026-06-27 00:56:00,1948277.69,CRC,retiro,atm,LI-001,Préstamo Hipotecario
TXN-00014238,CTA-817585,CLI-19319,2026-06-23 04:37:00,2899576.87,CRC,retiro,sucursal,AL-001,Préstamo Personal
TXN-00014239,CTA-780923,CLI-53868,2026-06-24 01:55:00,3112985.58,CRC,pago,sinpe,AL-001,Préstamo Hipotecario
TXN-00014240,CTA-885868,CLI-19482,2026-06-25 20:35:00,1422545.0,CRC,transferencia,sinpe,PU-001,Tarjeta Crédito
TXN-00014241,CTA-509601,CLI-84603,2026-06-28 13:00:00,1401542.9,CRC,retiro,sucursal,LI-002,Préstamo Personal
TXN-00014242,CTA-743942,CLI-50081,2026-06-19 01:51:00,457933.63,CRC,retiro,atm,SJ-001,Cuenta Ahorro
TXN-00014243,CTA-850623,CLI-11970,2026-06-10 14:10:00,2686525.76,CRC,transferencia,sinpe,LI-002,Préstamo Hipotecario
TXN-00014244,CTA-250571,CLI-88008,2026-06-01 01:42:00,3429984.65,CRC,retiro,app_movil,LI-002,Cuenta Ahorro
TXN-00014245,CTA-429918,CLI-21810,2026-06-07 23:00:00,2789233.72,CRC,retiro,app_movil,PU-001,Tarjeta Crédito
TXN-00014246,CTA-416595,CLI-49572,2026-06-08 05:44:00,2109131.46,CRC,retiro,app_movil,LI-001,Cuenta Ahorro
TXN-00014247,CTA-713401,CLI-13458,2026-06-06 10:44:00,4581874.46,CRC,comision,app_movil,PU-001,Préstamo Personal
TXN-00014248,CTA-929952,CLI-61151,2026-06-27 14:20:00,2905612.4,CRC,comision,app_movil,CA-001,Préstamo Personal
TXN-00014249,CTA-973333,CLI-12686,2026-06-29 20:10:00,2742162.67,CRC,deposito,web,AL-001,Préstamo Personal
TXN-00014250,CTA-907440,CLI-63412,2026-06-08 21:10:00,2885874.85,CRC,retiro,app_movil,LI-001,Tarjeta Crédito
TXN-00014251,CTA-183651,CLI-47173,2026-06-28 07:34:00,1929062.09,CRC,retiro,atm,AL-001,Cuenta Corriente
TXN-00014252,CTA-531976,CLI-74666,2026-06-28 10:50:00,3251674.09,CRC,transferencia,web,HE-001,Préstamo Hipotecario
TXN-00014253,CTA-312911,CLI-42710,2026-06-10 17:11:00,1026850.67,CRC,deposito,sinpe,PU-001,Cuenta Ahorro
TXN-00014254,CTA-283116,CLI-97446,2026-06-10 03:53:00,3973787.47,CRC,transferencia,web,CA-001,Préstamo Personal
TXN-00014255,CTA-355226,CLI-27609,2026-06-02 06:50:00,2431248.67,CRC,comision,sucursal,CA-001,Cuenta Corriente
TXN-00014256,CTA-823775,CLI-16420,2026-06-06 04:53:00,4894094.8,CRC,pago,web,LI-001,Tarjeta Crédito
TXN-00014257,CTA-225311,CLI-79105,2026-06-30 14:00:00,97527.73,CRC,pago,app_movil,AL-001,Cuenta Ahorro
TXN-00014258,CTA-422667,CLI-62612,2026-06-30 20:21:00,569383.79,CRC,transferencia,atm,AL-001,Tarjeta Crédito
TXN-00014259,CTA-823126,CLI-61294,2026-06-28 14:15:00,2967934.3,CRC,transferencia,sucursal,PU-001,Cuenta Ahorro
TXN-00014260,CTA-358262,CLI-78855,2026-06-22 12:23:00,285760.01,CRC,deposito,atm,AL-001,Cuenta Corriente
TXN-00014261,CTA-481434,CLI-53799,2026-06-07 21:04:00,1388387.29,CRC,pago,web,SJ-002,Tarjeta Crédito
TXN-00014262,CTA-580735,CLI-29604,2026-06-13 14:05:00,2378674.62,CRC,deposito,app_movil,LI-001,Préstamo Hipotecario
TXN-00014263,CTA-796787,CLI-77556,2026-06-01 23:36:00,89999.94,CRC,deposito,atm,LI-001,Tarjeta Crédito
TXN-00014264,CTA-626030,CLI-53992,2026-06-25 09:19:00,1385032.41,CRC,retiro,sucursal,LI-001,Cuenta Corriente
TXN-00014265,CTA-250802,CLI-49363,2026-06-15 19:22:00,3367862.19,CRC,retiro,sinpe,CA-001,Tarjeta Crédito
TXN-00014266,CTA-509271,CLI-64915,2026-06-28 00:24:00,1052443.42,CRC,pago,app_movil,LI-002,Préstamo Personal
TXN-00014267,CTA-591052,CLI-91295,2026-06-02 09:31:00,4284655.24,CRC,transferencia,atm,SJ-002,Cuenta Corriente
TXN-00014268,CTA-753652,CLI-86864,2026-06-29 00:07:00,1295553.97,CRC,deposito,atm,LI-001,Préstamo Personal
TXN-00014269,CTA-167202,CLI-84584,2026-06-28 23:47:00,2027835.65,CRC,transferencia,web,LI-001,Cuenta Ahorro
TXN-00014270,CTA-896066,CLI-89470,2026-06-05 21:16:00,4231870.55,CRC,transferencia,app_movil,LI-002,Cuenta Ahorro
TXN-00014271,CTA-613313,CLI-99717,2026-06-18 02:13:00,3314919.41,CRC,pago,atm,PU-001,Tarjeta Crédito
TXN-00014272,CTA-632250,CLI-15033,2026-06-11 06:32:00,949636.9,CRC,transferencia,sucursal,LI-001,Cuenta Ahorro
TXN-00014273,CTA-453899,CLI-94865,2026-06-12 22:42:00,769645.85,CRC,comision,sinpe,CA-001,Cuenta Ahorro
TXN-00014274,CTA-229779,CLI-56013,2026-06-22 13:58:00,2531239.96,CRC,deposito,sinpe,PU-001,Préstamo Hipotecario
TXN-00014275,CTA-274650,CLI-88630,2026-06-17 04:06:00,4275799.02,CRC,comision,sinpe,SJ-001,Cuenta Corriente
TXN-00014276,CTA-666870,CLI-28233,2026-06-23 01:58:00,2081470.54,CRC,comision,app_movil,LI-002,Préstamo Personal
TXN-00014277,CTA-670442,CLI-66571,2026-06-07 15:02:00,1207936.22,CRC,pago,atm,LI-002,Cuenta Ahorro
TXN-00014278,CTA-456002,CLI-78478,2026-06-24 12:20:00,3599718.18,CRC,comision,web,SJ-001,Préstamo Hipotecario
TXN-00014279,CTA-946804,CLI-35230,2026-06-05 19:48:00,161313.47,CRC,deposito,sinpe,LI-001,Cuenta Corriente
TXN-00014280,CTA-869735,CLI-31998,2026-06-29 12:20:00,2349542.99,CRC,comision,sucursal,CA-001,Préstamo Personal
TXN-00014281,CTA-257591,CLI-74171,2026-06-28 16:07:00,225132.85,CRC,retiro,web,SJ-001,Cuenta Ahorro
TXN-00014282,CTA-672995,CLI-85931,2026-06-21 23:26:00,1711437.54,CRC,transferencia,atm,CA-001,Cuenta Corriente
TXN-00014283,CTA-452697,CLI-88182,2026-06-12 19:33:00,2314572.09,CRC,comision,atm,CA-001,Préstamo Hipotecario
TXN-00014284,CTA-246729,CLI-27574,2026-06-13 14:41:00,4760276.41,CRC,comision,sinpe,SJ-002,Cuenta Ahorro
TXN-00014285,CTA-133165,CLI-32924,2026-06-25 19:54:00,3689631.72,CRC,pago,atm,LI-001,Préstamo Hipotecario
TXN-00014286,CTA-876881,CLI-14190,2026-06-12 22:41:00,2064369.75,CRC,pago,web,SJ-001,Préstamo Hipotecario
TXN-00014287,CTA-146256,CLI-39748,2026-06-11 18:38:00,4071889.99,CRC,comision,sucursal,LI-002,Préstamo Hipotecario
TXN-00014288,CTA-580459,CLI-22834,2026-06-18 13:09:00,3621339.18,CRC,retiro,sucursal,LI-002,Cuenta Ahorro
TXN-00014289,CTA-265815,CLI-14761,2026-06-21 19:21:00,2866563.47,CRC,retiro,app_movil,CA-001,Préstamo Personal
TXN-00014290,CTA-480918,CLI-72443,2026-06-17 23:22:00,3631998.25,CRC,deposito,sucursal,SJ-001,Préstamo Personal
TXN-00014291,CTA-991059,CLI-84007,2026-06-20 09:38:00,2360591.25,CRC,deposito,sucursal,SJ-001,Préstamo Hipotecario
TXN-00014292,CTA-189922,CLI-31085,2026-06-24 19:07:00,2304928.4,CRC,deposito,web,SJ-001,Cuenta Corriente
TXN-00014293,CTA-689129,CLI-94997,2026-06-14 23:46:00,622344.87,CRC,comision,sucursal,SJ-001,Préstamo Personal
TXN-00014294,CTA-755020,CLI-83831,2026-06-16 07:27:00,182107.29,CRC,deposito,atm,SJ-001,Préstamo Personal
TXN-00014295,CTA-315743,CLI-46546,2026-06-25 20:55:00,4303099.12,CRC,pago,app_movil,CA-001,Cuenta Corriente
TXN-00014296,CTA-303128,CLI-87312,2026-06-10 10:57:00,3265127.65,CRC,transferencia,sinpe,LI-001,Cuenta Ahorro
TXN-00014297,CTA-202159,CLI-65392,2026-06-23 09:50:00,1916519.48,CRC,retiro,app_movil,HE-001,Cuenta Ahorro
TXN-00014298,CTA-197362,CLI-55909,2026-06-20 18:37:00,2221536.32,CRC,pago,app_movil,CA-001,Tarjeta Crédito
TXN-00014299,CTA-898364,CLI-49051,2026-06-01 23:20:00,3025717.46,CRC,pago,app_movil,PU-001,Cuenta Corriente
TXN-00014300,CTA-586766,CLI-39991,2026-06-07 12:21:00,1691284.78,CRC,transferencia,sinpe,CA-001,Tarjeta Crédito
TXN-00014301,CTA-942467,CLI-47756,2026-06-23 08:59:00,1553289.44,CRC,comision,sucursal,AL-001,Préstamo Personal
TXN-00014302,CTA-856972,CLI-36518,2026-06-18 16:08:00,4644911.28,CRC,deposito,app_movil,CA-001,Préstamo Hipotecario
TXN-00014303,CTA-426488,CLI-86318,2026-06-17 19:41:00,2156632.89,CRC,comision,app_movil,LI-001,Préstamo Personal
TXN-00014304,CTA-779612,CLI-91470,2026-06-19 00:13:00,1483187.16,CRC,transferencia,app_movil,LI-001,Préstamo Personal
TXN-00014305,CTA-246087,CLI-40368,2026-06-22 10:32:00,1847508.43,CRC,deposito,web,LI-002,Tarjeta Crédito
TXN-00014306,CTA-147711,CLI-33517,2026-06-25 07:59:00,1349484.73,CRC,pago,app_movil,PU-001,Cuenta Corriente
TXN-00014307,CTA-598647,CLI-44857,2026-06-20 14:54:00,4806961.71,CRC,retiro,web,SJ-001,Préstamo Hipotecario
TXN-00014308,CTA-500415,CLI-83445,2026-06-30 05:22:00,4240901.47,CRC,deposito,atm,HE-001,Tarjeta Crédito
TXN-00014309,CTA-839722,CLI-45872,2026-06-30 11:58:00,1147993.05,CRC,deposito,atm,PU-001,Cuenta Ahorro
TXN-00014310,CTA-653306,CLI-66407,2026-06-03 01:34:00,953589.53,CRC,retiro,web,LI-001,Préstamo Personal
TXN-00014311,CTA-881860,CLI-87891,2026-06-08 12:23:00,1085262.01,CRC,retiro,sinpe,LI-001,Cuenta Corriente
TXN-00014312,CTA-546146,CLI-78868,2026-06-14 20:44:00,4255884.04,CRC,transferencia,app_movil,PU-001,Cuenta Ahorro
TXN-00014313,CTA-116642,CLI-78940,2026-06-19 07:45:00,1132135.47,CRC,pago,sinpe,LI-002,Tarjeta Crédito
TXN-00014314,CTA-143522,CLI-30523,2026-06-11 11:02:00,2436994.24,CRC,transferencia,atm,CA-001,Cuenta Ahorro
TXN-00014315,CTA-795388,CLI-17656,2026-06-25 05:26:00,3525468.97,CRC,retiro,atm,HE-001,Cuenta Ahorro
TXN-00014316,CTA-435656,CLI-67502,2026-06-07 10:43:00,4310554.1,CRC,pago,sinpe,HE-001,Préstamo Hipotecario
TXN-00014317,CTA-509953,CLI-62016,2026-06-12 06:25:00,1605502.84,CRC,deposito,web,CA-001,Préstamo Personal
TXN-00014318,CTA-576547,CLI-35092,2026-06-09 13:15:00,1963877.43,CRC,pago,sinpe,PU-001,Préstamo Hipotecario
TXN-00014319,CTA-732439,CLI-69806,2026-06-19 15:45:00,2256853.7,CRC,deposito,sucursal,PU-001,Cuenta Ahorro
TXN-00014320,CTA-909940,CLI-34309,2026-06-01 12:56:00,1160356.62,CRC,pago,web,AL-001,Préstamo Personal
TXN-00014321,CTA-521457,CLI-75196,2026-06-08 21:40:00,2401206.67,CRC,retiro,sucursal,AL-001,Cuenta Ahorro
TXN-00014322,CTA-990103,CLI-93228,2026-06-10 18:13:00,4241405.5,CRC,deposito,web,AL-001,Tarjeta Crédito
TXN-00014323,CTA-689787,CLI-19400,2026-06-20 16:14:00,2778437.55,CRC,comision,atm,SJ-002,Tarjeta Crédito
TXN-00014324,CTA-378407,CLI-67976,2026-06-22 10:52:00,1411354.7,CRC,pago,sinpe,LI-002,Préstamo Personal
TXN-00014325,CTA-737745,CLI-32791,2026-06-05 14:04:00,517041.38,CRC,deposito,app_movil,SJ-001,Préstamo Hipotecario
TXN-00014326,CTA-162794,CLI-88242,2026-06-30 09:33:00,3619163.44,CRC,retiro,atm,CA-001,Tarjeta Crédito
TXN-00014327,CTA-521716,CLI-79738,2026-06-03 03:01:00,1539501.65,CRC,pago,app_movil,SJ-001,Préstamo Hipotecario
TXN-00014328,CTA-204073,CLI-61600,2026-06-27 02:39:00,2175526.04,CRC,retiro,sucursal,CA-001,Cuenta Ahorro
TXN-00014329,CTA-286261,CLI-62932,2026-06-21 10:16:00,227731.46,CRC,deposito,web,SJ-001,Préstamo Personal
TXN-00014330,CTA-411453,CLI-38935,2026-06-26 23:47:00,1074938.61,CRC,retiro,sinpe,LI-001,Tarjeta Crédito
TXN-00014331,CTA-511300,CLI-13110,2026-06-03 18:47:00,3291326.67,CRC,deposito,app_movil,PU-001,Tarjeta Crédito
TXN-00014332,CTA-107375,CLI-72153,2026-06-17 03:08:00,1992415.32,CRC,retiro,sinpe,SJ-002,Préstamo Hipotecario
TXN-00014333,CTA-960412,CLI-39947,2026-06-25 10:06:00,1627533.4,CRC,deposito,sinpe,PU-001,Préstamo Hipotecario
TXN-00014334,CTA-418767,CLI-22182,2026-06-11 04:41:00,2102192.58,CRC,pago,atm,PU-001,Cuenta Corriente
TXN-00014335,CTA-604123,CLI-41305,2026-06-22 12:41:00,1828681.67,CRC,comision,atm,PU-001,Préstamo Personal
TXN-00014336,CTA-193695,CLI-47277,2026-06-17 18:07:00,4578335.94,CRC,transferencia,sucursal,SJ-002,Cuenta Ahorro
TXN-00014337,CTA-883819,CLI-97408,2026-06-15 02:31:00,4079179.57,CRC,comision,app_movil,SJ-002,Cuenta Corriente
TXN-00014338,CTA-322772,CLI-85142,2026-06-26 23:30:00,3144147.58,CRC,deposito,atm,SJ-001,Cuenta Corriente
TXN-00014339,CTA-373093,CLI-23821,2026-06-03 13:41:00,3652538.65,CRC,comision,app_movil,HE-001,Préstamo Personal
TXN-00014340,CTA-681237,CLI-38623,2026-06-20 06:00:00,1717890.55,CRC,pago,app_movil,CA-001,Cuenta Corriente
TXN-00014341,CTA-823434,CLI-76606,2026-06-18 18:49:00,2564367.44,CRC,comision,sucursal,LI-001,Cuenta Ahorro
TXN-00014342,CTA-117871,CLI-63138,2026-06-11 05:56:00,3017915.28,CRC,retiro,sinpe,LI-002,Cuenta Corriente
TXN-00014343,CTA-754755,CLI-75202,2026-06-22 16:49:00,2925495.81,CRC,retiro,sinpe,PU-001,Cuenta Corriente
TXN-00014344,CTA-807173,CLI-93741,2026-06-03 13:54:00,1352353.26,CRC,comision,atm,PU-001,Cuenta Ahorro
TXN-00014345,CTA-940262,CLI-65854,2026-06-24 15:18:00,1245106.03,CRC,retiro,sinpe,AL-001,Cuenta Corriente
TXN-00014346,CTA-667204,CLI-76673,2026-06-19 09:07:00,4441808.43,CRC,comision,sinpe,CA-001,Préstamo Personal
TXN-00014347,CTA-517535,CLI-75892,2026-06-01 20:49:00,662757.48,CRC,retiro,web,LI-001,Cuenta Ahorro
TXN-00014348,CTA-956269,CLI-94945,2026-06-16 01:33:00,4130989.57,CRC,pago,web,HE-001,Préstamo Hipotecario
TXN-00014349,CTA-428799,CLI-53132,2026-06-05 07:19:00,3912330.97,CRC,transferencia,sucursal,HE-001,Tarjeta Crédito
TXN-00014350,CTA-727954,CLI-86759,2026-06-30 20:13:00,1728455.65,CRC,retiro,sinpe,LI-001,Tarjeta Crédito
TXN-00014351,CTA-685142,CLI-75035,2026-06-11 18:50:00,4257163.72,CRC,pago,atm,CA-001,Préstamo Personal
TXN-00014352,CTA-680941,CLI-39855,2026-06-17 23:47:00,1289796.87,CRC,transferencia,app_movil,AL-001,Tarjeta Crédito
TXN-00014353,CTA-713916,CLI-35000,2026-06-24 06:54:00,2812190.14,CRC,pago,web,LI-001,Cuenta Corriente
TXN-00014354,CTA-301324,CLI-67802,2026-06-16 02:08:00,3320585.07,CRC,comision,sucursal,LI-001,Préstamo Hipotecario
TXN-00014355,CTA-117300,CLI-70991,2026-06-05 15:01:00,2849470.2,CRC,deposito,web,LI-001,Cuenta Ahorro
TXN-00014356,CTA-383034,CLI-29375,2026-06-21 17:45:00,1447712.09,CRC,comision,app_movil,LI-001,Tarjeta Crédito
TXN-00014357,CTA-781118,CLI-44633,2026-06-22 16:44:00,3249148.62,CRC,retiro,sinpe,LI-001,Tarjeta Crédito
TXN-00014358,CTA-948033,CLI-69973,2026-06-09 03:00:00,3072887.61,CRC,retiro,web,HE-001,Préstamo Hipotecario
TXN-00014359,CTA-205565,CLI-33089,2026-06-18 10:37:00,2995562.96,CRC,retiro,sinpe,SJ-002,Cuenta Corriente
TXN-00014360,CTA-806614,CLI-42682,2026-06-16 03:43:00,2588067.92,CRC,retiro,atm,SJ-001,Cuenta Corriente
TXN-00014361,CTA-901944,CLI-99622,2026-06-15 05:03:00,1743183.32,CRC,transferencia,sucursal,AL-001,Préstamo Hipotecario
TXN-00014362,CTA-227118,CLI-18950,2026-06-19 00:50:00,4915288.43,CRC,comision,app_movil,CA-001,Cuenta Ahorro
TXN-00014363,CTA-992121,CLI-83882,2026-06-30 20:18:00,4039750.22,CRC,retiro,web,LI-001,Tarjeta Crédito
TXN-00014364,CTA-464333,CLI-61012,2026-06-19 06:30:00,2565664.33,CRC,comision,atm,CA-001,Cuenta Ahorro
TXN-00014365,CTA-471925,CLI-95375,2026-06-04 23:50:00,4030391.05,CRC,pago,atm,CA-001,Cuenta Ahorro
TXN-00014366,CTA-921754,CLI-96201,2026-06-29 05:05:00,2364421.13,CRC,pago,sinpe,AL-001,Cuenta Ahorro
TXN-00014367,CTA-350663,CLI-20343,2026-06-10 00:49:00,2773731.08,CRC,transferencia,sucursal,PU-001,Tarjeta Crédito
TXN-00014368,CTA-936803,CLI-50853,2026-06-06 23:18:00,1251404.07,CRC,comision,sucursal,SJ-001,Préstamo Hipotecario
TXN-00014369,CTA-802775,CLI-96528,2026-06-21 16:11:00,2636093.01,CRC,comision,atm,PU-001,Préstamo Hipotecario
TXN-00014370,CTA-114518,CLI-59258,2026-06-02 04:50:00,4396009.6,CRC,deposito,sucursal,SJ-001,Cuenta Ahorro
TXN-00014371,CTA-744629,CLI-37410,2026-06-09 10:07:00,2903792.22,CRC,deposito,atm,PU-001,Tarjeta Crédito
TXN-00014372,CTA-293678,CLI-79532,2026-06-18 07:44:00,781249.74,CRC,retiro,atm,PU-001,Cuenta Corriente
TXN-00014373,CTA-500119,CLI-53471,2026-06-29 18:42:00,1514242.5,CRC,retiro,app_movil,PU-001,Cuenta Corriente
TXN-00014374,CTA-412581,CLI-98425,2026-06-28 22:52:00,2694814.81,CRC,transferencia,app_movil,CA-001,Tarjeta Crédito
TXN-00014375,CTA-473007,CLI-21702,2026-06-21 06:36:00,3548163.62,CRC,transferencia,sucursal,LI-002,Tarjeta Crédito
TXN-00014376,CTA-641727,CLI-51307,2026-06-19 18:43:00,903964.69,CRC,retiro,atm,PU-001,Cuenta Ahorro
TXN-00014377,CTA-527583,CLI-73101,2026-06-03 02:31:00,4399371.27,CRC,retiro,sinpe,AL-001,Cuenta Corriente
TXN-00014378,CTA-981678,CLI-72038,2026-06-14 20:23:00,2051408.8,CRC,comision,sucursal,LI-002,Préstamo Hipotecario
TXN-00014379,CTA-835005,CLI-79178,2026-06-03 11:45:00,2516447.99,CRC,transferencia,atm,SJ-002,Cuenta Corriente
TXN-00014380,CTA-309212,CLI-91954,2026-06-11 08:01:00,481796.93,CRC,transferencia,sinpe,SJ-001,Cuenta Corriente
TXN-00014381,CTA-444934,CLI-53742,2026-06-09 12:35:00,3951189.03,CRC,comision,app_movil,AL-001,Préstamo Personal
TXN-00014382,CTA-232102,CLI-38085,2026-06-04 01:28:00,4279891.4,CRC,transferencia,sucursal,LI-002,Cuenta Corriente
TXN-00014383,CTA-707757,CLI-81787,2026-06-11 04:41:00,2055074.8,CRC,retiro,sucursal,CA-001,Préstamo Hipotecario
TXN-00014384,CTA-890786,CLI-20696,2026-06-26 20:13:00,1939523.98,CRC,retiro,web,SJ-002,Préstamo Hipotecario
TXN-00014385,CTA-658083,CLI-34028,2026-06-05 21:45:00,3135364.63,CRC,transferencia,sinpe,SJ-002,Cuenta Ahorro
TXN-00014386,CTA-437173,CLI-69697,2026-06-07 22:04:00,799382.28,CRC,transferencia,atm,CA-001,Tarjeta Crédito
TXN-00014387,CTA-488938,CLI-80157,2026-06-16 06:17:00,2901429.02,CRC,retiro,atm,PU-001,Tarjeta Crédito
TXN-00014388,CTA-273585,CLI-67163,2026-06-04 12:55:00,3551343.42,CRC,pago,sinpe,SJ-001,Préstamo Hipotecario
TXN-00014389,CTA-837749,CLI-65121,2026-06-21 16:03:00,4259583.46,CRC,deposito,app_movil,PU-001,Cuenta Ahorro
TXN-00014390,CTA-397614,CLI-49259,2026-06-01 02:09:00,4041951.77,CRC,transferencia,app_movil,SJ-002,Cuenta Corriente
TXN-00014391,CTA-121559,CLI-65873,2026-06-14 22:57:00,2656032.3,CRC,retiro,web,PU-001,Préstamo Personal
TXN-00014392,CTA-377657,CLI-43379,2026-06-19 00:09:00,3649504.59,CRC,comision,sinpe,SJ-002,Cuenta Corriente
TXN-00014393,CTA-576197,CLI-91562,2026-06-18 17:44:00,2901790.33,CRC,retiro,app_movil,LI-001,Cuenta Corriente
TXN-00014394,CTA-852435,CLI-70238,2026-06-10 16:18:00,301450.62,CRC,deposito,web,SJ-002,Préstamo Hipotecario
TXN-00014395,CTA-191082,CLI-78946,2026-06-28 13:28:00,1126440.68,CRC,transferencia,web,HE-001,Préstamo Hipotecario
TXN-00014396,CTA-673279,CLI-95742,2026-06-20 19:20:00,1496856.58,CRC,transferencia,web,LI-002,Tarjeta Crédito
TXN-00014397,CTA-973130,CLI-22259,2026-06-24 15:10:00,3654223.59,CRC,comision,web,PU-001,Tarjeta Crédito
TXN-00014398,CTA-889478,CLI-51487,2026-06-13 21:26:00,3201421.25,CRC,pago,app_movil,SJ-001,Cuenta Ahorro
TXN-00014399,CTA-462275,CLI-30135,2026-06-08 00:22:00,1679200.4,CRC,pago,web,HE-001,Cuenta Corriente
TXN-00014400,CTA-741275,CLI-71622,2026-06-11 17:39:00,3247221.46,CRC,pago,app_movil,SJ-001,Préstamo Hipotecario
TXN-00014401,CTA-795994,CLI-58910,2026-06-30 20:16:00,575375.77,CRC,deposito,sucursal,SJ-001,Cuenta Ahorro
TXN-00014402,CTA-856771,CLI-18333,2026-06-14 08:02:00,849072.66,CRC,transferencia,app_movil,SJ-002,Cuenta Ahorro
TXN-00014403,CTA-608805,CLI-73397,2026-06-12 06:42:00,4196075.37,CRC,transferencia,web,LI-002,Tarjeta Crédito
TXN-00014404,CTA-877239,CLI-77925,2026-06-20 19:16:00,4832114.2,CRC,comision,web,LI-002,Cuenta Corriente
TXN-00014405,CTA-231904,CLI-14123,2026-06-01 09:01:00,974133.45,CRC,pago,web,SJ-001,Cuenta Ahorro
TXN-00014406,CTA-589246,CLI-24860,2026-06-04 10:46:00,4008897.46,CRC,retiro,sucursal,LI-002,Préstamo Hipotecario
TXN-00014407,CTA-231871,CLI-46668,2026-06-03 06:18:00,3551375.42,CRC,deposito,web,HE-001,Préstamo Personal
TXN-00014408,CTA-972652,CLI-91393,2026-06-02 23:36:00,857589.11,CRC,comision,sinpe,LI-002,Tarjeta Crédito
TXN-00014409,CTA-444526,CLI-74050,2026-06-16 11:03:00,3811488.8,CRC,transferencia,web,CA-001,Préstamo Hipotecario
TXN-00014410,CTA-288763,CLI-94908,2026-06-11 06:44:00,4121127.42,CRC,retiro,web,HE-001,Préstamo Personal
TXN-00014411,CTA-650414,CLI-42947,2026-06-24 23:38:00,1292652.81,CRC,retiro,sucursal,CA-001,Cuenta Ahorro
TXN-00014412,CTA-380320,CLI-76635,2026-06-09 20:20:00,727768.69,CRC,comision,app_movil,PU-001,Cuenta Corriente
TXN-00014413,CTA-130251,CLI-85578,2026-06-01 21:46:00,4751438.32,CRC,retiro,sinpe,SJ-002,Préstamo Personal
TXN-00014414,CTA-781977,CLI-20984,2026-06-30 13:41:00,3376002.65,CRC,transferencia,web,PU-001,Cuenta Ahorro
TXN-00014415,CTA-834722,CLI-26453,2026-06-10 11:52:00,4976230.28,CRC,deposito,web,AL-001,Cuenta Ahorro
TXN-00014416,CTA-739722,CLI-59022,2026-06-29 23:43:00,4619351.68,CRC,retiro,atm,CA-001,Cuenta Corriente
TXN-00014417,CTA-916881,CLI-43920,2026-06-01 07:39:00,3962879.77,CRC,transferencia,atm,CA-001,Tarjeta Crédito
TXN-00014418,CTA-453440,CLI-36794,2026-06-03 12:55:00,1317091.19,CRC,deposito,web,SJ-002,Cuenta Ahorro
TXN-00014419,CTA-978224,CLI-87596,2026-06-03 08:16:00,872699.72,CRC,deposito,app_movil,SJ-001,Préstamo Personal
TXN-00014420,CTA-791533,CLI-66829,2026-06-21 01:31:00,2398083.93,CRC,transferencia,atm,CA-001,Tarjeta Crédito
TXN-00014421,CTA-866746,CLI-61557,2026-06-02 15:13:00,4437336.57,CRC,retiro,sucursal,HE-001,Cuenta Corriente
TXN-00014422,CTA-720475,CLI-53893,2026-06-09 19:00:00,3011601.0,CRC,pago,atm,PU-001,Cuenta Ahorro
TXN-00014423,CTA-287614,CLI-89738,2026-06-24 11:55:00,4631869.92,CRC,comision,sinpe,SJ-001,Cuenta Corriente
TXN-00014424,CTA-154172,CLI-31090,2026-06-09 10:59:00,652231.43,CRC,deposito,sucursal,SJ-001,Cuenta Ahorro
TXN-00014425,CTA-183953,CLI-23961,2026-06-19 09:25:00,3519152.1,CRC,pago,web,HE-001,Cuenta Ahorro
TXN-00014426,CTA-777929,CLI-99774,2026-06-24 09:11:00,2212451.85,CRC,retiro,app_movil,AL-001,Préstamo Hipotecario
TXN-00014427,CTA-470688,CLI-14113,2026-06-05 05:56:00,4703979.94,CRC,pago,sinpe,LI-001,Préstamo Personal
TXN-00014428,CTA-655913,CLI-52842,2026-06-05 08:59:00,3396054.02,CRC,comision,atm,CA-001,Cuenta Corriente
TXN-00014429,CTA-568725,CLI-65826,2026-06-03 10:41:00,3431028.2,CRC,comision,sucursal,SJ-002,Cuenta Corriente
TXN-00014430,CTA-888876,CLI-70175,2026-06-27 13:16:00,2315138.63,CRC,comision,app_movil,SJ-001,Préstamo Hipotecario
TXN-00014431,CTA-458346,CLI-84020,2026-06-01 13:53:00,4374392.5,CRC,transferencia,web,LI-001,Cuenta Ahorro
TXN-00014432,CTA-700838,CLI-59422,2026-06-02 15:37:00,1524368.41,CRC,retiro,atm,PU-001,Cuenta Ahorro
TXN-00014433,CTA-751249,CLI-83834,2026-06-13 14:43:00,1191203.95,CRC,comision,sucursal,SJ-002,Tarjeta Crédito
TXN-00014434,CTA-698375,CLI-58533,2026-06-17 06:27:00,2930138.6,CRC,retiro,sinpe,HE-001,Préstamo Hipotecario
TXN-00014435,CTA-613135,CLI-27678,2026-06-08 02:28:00,2149443.83,CRC,retiro,sucursal,SJ-002,Tarjeta Crédito
TXN-00014436,CTA-674234,CLI-70077,2026-06-02 09:52:00,3978225.98,CRC,comision,atm,AL-001,Préstamo Personal
TXN-00014437,CTA-936588,CLI-93814,2026-06-09 15:51:00,4510230.54,CRC,pago,atm,PU-001,Préstamo Hipotecario
TXN-00014438,CTA-383336,CLI-60140,2026-06-26 22:48:00,1102567.67,CRC,pago,sinpe,LI-001,Préstamo Hipotecario
TXN-00014439,CTA-896671,CLI-19530,2026-06-19 07:13:00,1905075.04,CRC,retiro,web,LI-002,Cuenta Corriente
TXN-00014440,CTA-961362,CLI-84229,2026-06-21 19:31:00,2033905.84,CRC,pago,atm,CA-001,Tarjeta Crédito
TXN-00014441,CTA-899819,CLI-77349,2026-06-03 12:14:00,1609063.3,CRC,pago,atm,CA-001,Cuenta Ahorro
TXN-00014442,CTA-849465,CLI-36303,2026-06-29 01:10:00,697825.38,CRC,deposito,atm,SJ-002,Cuenta Ahorro
TXN-00014443,CTA-342680,CLI-14311,2026-06-04 22:13:00,3398510.34,CRC,deposito,sucursal,SJ-002,Cuenta Corriente
TXN-00014444,CTA-137135,CLI-25266,2026-06-17 04:25:00,4614897.18,CRC,pago,sinpe,LI-001,Cuenta Ahorro
TXN-00014445,CTA-998067,CLI-66277,2026-06-07 06:55:00,4130610.94,CRC,pago,atm,LI-001,Cuenta Corriente
TXN-00014446,CTA-926422,CLI-44801,2026-06-24 23:04:00,4890584.63,CRC,retiro,sinpe,LI-002,Tarjeta Crédito
TXN-00014447,CTA-768103,CLI-98614,2026-06-26 01:16:00,1898567.39,CRC,deposito,web,SJ-001,Préstamo Hipotecario
TXN-00014448,CTA-761300,CLI-60236,2026-06-15 22:09:00,4418006.87,CRC,comision,sinpe,SJ-001,Tarjeta Crédito
TXN-00014449,CTA-479847,CLI-88962,2026-06-11 18:11:00,3193372.96,CRC,pago,sinpe,HE-001,Tarjeta Crédito
TXN-00014450,CTA-352212,CLI-29687,2026-06-24 12:05:00,3372473.62,CRC,transferencia,web,AL-001,Cuenta Corriente
TXN-00014451,CTA-761576,CLI-68585,2026-06-05 05:07:00,2183662.55,CRC,pago,sucursal,HE-001,Cuenta Corriente
TXN-00014452,CTA-720087,CLI-48982,2026-06-25 20:19:00,2290259.73,CRC,comision,sucursal,SJ-001,Tarjeta Crédito
TXN-00014453,CTA-182326,CLI-11923,2026-06-17 19:35:00,4928617.7,CRC,pago,web,CA-001,Préstamo Personal
TXN-00014454,CTA-209670,CLI-59755,2026-06-04 22:15:00,2770447.43,CRC,transferencia,app_movil,AL-001,Cuenta Ahorro
TXN-00014455,CTA-813993,CLI-62008,2026-06-09 08:54:00,2839245.44,CRC,retiro,atm,SJ-001,Préstamo Hipotecario
TXN-00014456,CTA-249551,CLI-90955,2026-06-21 18:19:00,4162772.14,CRC,transferencia,sinpe,AL-001,Cuenta Corriente
TXN-00014457,CTA-976180,CLI-84491,2026-06-20 08:29:00,4180805.91,CRC,comision,sinpe,SJ-001,Préstamo Hipotecario
TXN-00014458,CTA-273700,CLI-23241,2026-06-25 17:56:00,1815966.49,CRC,transferencia,sucursal,SJ-001,Tarjeta Crédito
TXN-00014459,CTA-291588,CLI-29725,2026-06-22 14:31:00,561984.77,CRC,comision,app_movil,HE-001,Tarjeta Crédito
TXN-00014460,CTA-189040,CLI-90473,2026-06-09 22:18:00,3125588.1,CRC,deposito,sinpe,HE-001,Préstamo Hipotecario
TXN-00014461,CTA-445057,CLI-83201,2026-06-21 10:29:00,4511461.83,CRC,retiro,web,LI-002,Cuenta Ahorro
TXN-00014462,CTA-281860,CLI-60887,2026-06-16 05:30:00,896462.62,CRC,deposito,app_movil,PU-001,Cuenta Corriente
TXN-00014463,CTA-310614,CLI-25916,2026-06-09 06:26:00,4255607.21,CRC,transferencia,atm,LI-002,Cuenta Ahorro
TXN-00014464,CTA-214802,CLI-98447,2026-06-16 16:02:00,284192.36,CRC,deposito,app_movil,SJ-002,Préstamo Hipotecario
TXN-00014465,CTA-316866,CLI-91992,2026-06-01 10:15:00,4369889.61,CRC,pago,app_movil,SJ-001,Préstamo Hipotecario
TXN-00014466,CTA-789301,CLI-25717,2026-06-24 04:26:00,3377660.5,CRC,pago,sucursal,PU-001,Préstamo Hipotecario
TXN-00014467,CTA-784899,CLI-85917,2026-06-09 03:29:00,690403.94,CRC,comision,sucursal,CA-001,Préstamo Personal
TXN-00014468,CTA-277916,CLI-13196,2026-06-14 11:00:00,388733.47,CRC,pago,app_movil,PU-001,Préstamo Personal
TXN-00014469,CTA-612349,CLI-18465,2026-06-10 07:41:00,4635333.56,CRC,pago,atm,SJ-002,Préstamo Personal
TXN-00014470,CTA-560588,CLI-89176,2026-06-19 01:27:00,2574212.97,CRC,pago,web,AL-001,Tarjeta Crédito
TXN-00014471,CTA-576560,CLI-61752,2026-06-18 08:31:00,1102742.89,CRC,retiro,web,PU-001,Cuenta Ahorro
TXN-00014472,CTA-587511,CLI-28543,2026-06-09 20:47:00,4821738.62,CRC,transferencia,app_movil,LI-001,Cuenta Corriente
TXN-00014473,CTA-844671,CLI-91030,2026-06-24 22:49:00,1804985.26,CRC,deposito,app_movil,SJ-002,Préstamo Hipotecario
TXN-00014474,CTA-766219,CLI-80073,2026-06-16 08:05:00,3731674.86,CRC,comision,web,PU-001,Cuenta Corriente
TXN-00014475,CTA-302677,CLI-51419,2026-06-16 00:05:00,1847579.24,CRC,deposito,sucursal,LI-001,Tarjeta Crédito
TXN-00014476,CTA-162470,CLI-70308,2026-06-26 23:33:00,4371947.4,CRC,pago,web,AL-001,Préstamo Personal
TXN-00014477,CTA-239345,CLI-74771,2026-06-28 00:41:00,2540467.92,CRC,transferencia,sinpe,PU-001,Tarjeta Crédito
TXN-00014478,CTA-765230,CLI-26712,2026-06-29 17:25:00,3880828.7,CRC,retiro,atm,PU-001,Tarjeta Crédito
TXN-00014479,CTA-291071,CLI-27478,2026-06-28 05:51:00,4020747.85,CRC,pago,sinpe,PU-001,Préstamo Personal
TXN-00014480,CTA-832347,CLI-73073,2026-06-18 15:14:00,3862888.65,CRC,deposito,atm,SJ-002,Préstamo Personal
TXN-00014481,CTA-178808,CLI-37200,2026-06-02 08:56:00,305635.16,CRC,transferencia,sucursal,SJ-002,Tarjeta Crédito
TXN-00014482,CTA-322099,CLI-22345,2026-06-07 12:19:00,2099870.94,CRC,retiro,app_movil,PU-001,Préstamo Hipotecario
TXN-00014483,CTA-259552,CLI-21393,2026-06-30 02:40:00,562448.25,CRC,pago,atm,LI-001,Cuenta Ahorro
TXN-00014484,CTA-101827,CLI-87087,2026-06-03 05:12:00,257782.16,CRC,comision,web,SJ-001,Préstamo Hipotecario
TXN-00014485,CTA-938795,CLI-10514,2026-06-18 07:40:00,792330.72,CRC,comision,sinpe,LI-002,Tarjeta Crédito
TXN-00014486,CTA-939430,CLI-12787,2026-06-21 12:54:00,3887916.93,CRC,deposito,app_movil,SJ-002,Cuenta Ahorro
TXN-00014487,CTA-374779,CLI-79007,2026-06-17 19:30:00,4461990.63,CRC,transferencia,web,CA-001,Préstamo Personal
TXN-00014488,CTA-975960,CLI-34889,2026-06-27 23:24:00,4074242.42,CRC,comision,web,LI-002,Cuenta Corriente
TXN-00014489,CTA-932314,CLI-90653,2026-06-19 09:50:00,2426336.58,CRC,deposito,sinpe,HE-001,Préstamo Personal
TXN-00014490,CTA-247654,CLI-42084,2026-06-13 23:21:00,3515613.47,CRC,transferencia,app_movil,AL-001,Cuenta Ahorro
TXN-00014491,CTA-754497,CLI-39477,2026-06-26 21:32:00,971062.82,CRC,deposito,sucursal,SJ-002,Cuenta Ahorro
TXN-00014492,CTA-696980,CLI-19000,2026-06-27 08:00:00,3544695.51,CRC,transferencia,sinpe,AL-001,Préstamo Personal
TXN-00014493,CTA-191971,CLI-15428,2026-06-22 02:36:00,4569189.64,CRC,pago,app_movil,CA-001,Cuenta Corriente
TXN-00014494,CTA-479703,CLI-86381,2026-06-27 11:53:00,780747.67,CRC,transferencia,sinpe,PU-001,Cuenta Corriente
TXN-00014495,CTA-846937,CLI-99870,2026-06-15 14:15:00,3964949.96,CRC,comision,app_movil,PU-001,Préstamo Hipotecario
TXN-00014496,CTA-899382,CLI-36269,2026-06-15 15:29:00,1204234.7,CRC,comision,web,PU-001,Tarjeta Crédito
TXN-00014497,CTA-971097,CLI-79878,2026-06-05 20:57:00,174599.69,CRC,pago,sinpe,PU-001,Cuenta Corriente
TXN-00014498,CTA-832733,CLI-80607,2026-06-08 08:15:00,2143346.63,CRC,retiro,sinpe,SJ-001,Cuenta Ahorro
TXN-00014499,CTA-469753,CLI-91698,2026-06-06 02:35:00,4673397.99,CRC,deposito,web,SJ-002,Cuenta Corriente
TXN-00014500,CTA-462769,CLI-74137,2026-06-09 19:41:00,4150582.51,CRC,deposito,atm,PU-001,Préstamo Hipotecario
TXN-00014501,CTA-728366,CLI-31807,2026-06-14 04:36:00,3439511.22,CRC,comision,sinpe,AL-001,Tarjeta Crédito
TXN-00014502,CTA-210366,CLI-63466,2026-06-21 15:22:00,1711942.22,CRC,comision,sucursal,CA-001,Préstamo Hipotecario
TXN-00014503,CTA-779386,CLI-66496,2026-06-11 23:44:00,4849222.69,CRC,deposito,atm,CA-001,Préstamo Hipotecario
TXN-00014504,CTA-543661,CLI-94611,2026-06-03 02:13:00,903689.74,CRC,pago,app_movil,LI-002,Préstamo Personal
TXN-00014505,CTA-496230,CLI-66817,2026-06-07 05:08:00,1931626.86,CRC,transferencia,web,LI-001,Préstamo Hipotecario
TXN-00014506,CTA-921900,CLI-46928,2026-06-05 16:27:00,1844525.14,CRC,transferencia,sinpe,PU-001,Cuenta Corriente
TXN-00014507,CTA-148368,CLI-93141,2026-06-07 15:42:00,4150001.35,CRC,retiro,app_movil,AL-001,Cuenta Corriente
TXN-00014508,CTA-588103,CLI-16234,2026-06-04 18:03:00,953123.33,CRC,retiro,web,AL-001,Préstamo Personal
TXN-00014509,CTA-962981,CLI-25128,2026-06-27 01:09:00,4337426.48,CRC,transferencia,web,SJ-002,Cuenta Ahorro
TXN-00014510,CTA-796221,CLI-93825,2026-06-18 18:28:00,793118.48,CRC,deposito,sucursal,LI-001,Préstamo Personal
TXN-00014511,CTA-318904,CLI-84456,2026-06-16 16:10:00,3678560.93,CRC,transferencia,sucursal,AL-001,Tarjeta Crédito
TXN-00014512,CTA-140281,CLI-62739,2026-06-20 11:00:00,3534933.41,CRC,transferencia,sinpe,HE-001,Préstamo Personal
TXN-00014513,CTA-362531,CLI-40183,2026-06-04 11:31:00,4145808.53,CRC,transferencia,sinpe,LI-001,Cuenta Corriente
TXN-00014514,CTA-934758,CLI-79399,2026-06-14 23:28:00,3400616.42,CRC,retiro,atm,SJ-002,Cuenta Ahorro
TXN-00014515,CTA-805994,CLI-82754,2026-06-20 20:26:00,1777832.36,CRC,deposito,app_movil,LI-002,Préstamo Personal
TXN-00014516,CTA-619737,CLI-21252,2026-06-19 18:20:00,833399.53,CRC,retiro,app_movil,AL-001,Cuenta Corriente
TXN-00014517,CTA-419016,CLI-42073,2026-06-08 12:48:00,3242438.93,CRC,retiro,app_movil,SJ-001,Cuenta Corriente
TXN-00014518,CTA-132970,CLI-25576,2026-06-16 13:22:00,3067833.63,CRC,pago,app_movil,PU-001,Préstamo Personal
TXN-00014519,CTA-223987,CLI-22341,2026-06-13 03:14:00,1361460.0,CRC,retiro,atm,LI-001,Cuenta Corriente
TXN-00014520,CTA-886495,CLI-77715,2026-06-21 09:20:00,3915593.55,CRC,transferencia,app_movil,CA-001,Préstamo Personal
TXN-00014521,CTA-939192,CLI-28742,2026-06-18 01:10:00,3289869.14,CRC,pago,sinpe,SJ-001,Cuenta Ahorro
TXN-00014522,CTA-457953,CLI-29188,2026-06-05 17:04:00,1945589.49,CRC,retiro,atm,SJ-002,Préstamo Hipotecario
TXN-00014523,CTA-157711,CLI-86107,2026-06-09 20:02:00,3279373.03,CRC,deposito,sucursal,AL-001,Cuenta Ahorro
TXN-00014524,CTA-574123,CLI-31602,2026-06-13 14:09:00,3689279.9,CRC,deposito,sucursal,SJ-001,Cuenta Corriente
TXN-00014525,CTA-885106,CLI-52164,2026-06-24 14:18:00,2747689.87,CRC,transferencia,sucursal,LI-002,Préstamo Personal
TXN-00014526,CTA-969255,CLI-49273,2026-06-01 01:08:00,109811.08,CRC,transferencia,atm,AL-001,Préstamo Personal
TXN-00014527,CTA-748333,CLI-84349,2026-06-12 12:17:00,985704.06,CRC,deposito,atm,PU-001,Cuenta Ahorro
TXN-00014528,CTA-684045,CLI-29025,2026-06-11 07:14:00,3364394.54,CRC,deposito,web,SJ-002,Préstamo Personal
TXN-00014529,CTA-572333,CLI-53546,2026-06-24 18:24:00,823162.92,CRC,retiro,sucursal,LI-001,Cuenta Corriente
TXN-00014530,CTA-413587,CLI-25752,2026-06-18 19:44:00,4129014.1,CRC,comision,sucursal,SJ-002,Préstamo Personal
TXN-00014531,CTA-575939,CLI-96744,2026-06-05 22:02:00,1101865.27,CRC,transferencia,atm,CA-001,Cuenta Corriente
TXN-00014532,CTA-477541,CLI-41009,2026-06-08 09:30:00,4499406.75,CRC,deposito,app_movil,SJ-002,Tarjeta Crédito
TXN-00014533,CTA-593729,CLI-82830,2026-06-26 19:51:00,1487201.88,CRC,pago,web,LI-002,Tarjeta Crédito
TXN-00014534,CTA-950182,CLI-62512,2026-06-10 01:26:00,1067854.46,CRC,deposito,atm,SJ-002,Tarjeta Crédito
TXN-00014535,CTA-428524,CLI-46241,2026-06-16 08:03:00,2998925.39,CRC,deposito,sinpe,SJ-001,Cuenta Ahorro
TXN-00014536,CTA-690238,CLI-22375,2026-06-14 17:01:00,377923.39,CRC,comision,atm,LI-001,Préstamo Hipotecario
TXN-00014537,CTA-456408,CLI-32534,2026-06-30 02:10:00,233507.22,CRC,pago,sucursal,LI-002,Préstamo Personal
TXN-00014538,CTA-285450,CLI-28166,2026-06-30 07:20:00,2215108.56,CRC,transferencia,sinpe,AL-001,Tarjeta Crédito
TXN-00014539,CTA-457956,CLI-13347,2026-06-10 19:33:00,1207096.72,CRC,retiro,sinpe,PU-001,Préstamo Hipotecario
TXN-00014540,CTA-797806,CLI-54386,2026-06-25 03:07:00,3403668.1,CRC,transferencia,web,CA-001,Cuenta Corriente
TXN-00014541,CTA-375930,CLI-69317,2026-06-29 16:47:00,4554961.23,CRC,pago,atm,LI-002,Cuenta Ahorro
TXN-00014542,CTA-817411,CLI-81509,2026-06-24 21:47:00,2774110.28,CRC,transferencia,sucursal,PU-001,Cuenta Ahorro
TXN-00014543,CTA-932540,CLI-65338,2026-06-13 11:11:00,4038950.66,CRC,deposito,app_movil,LI-002,Tarjeta Crédito
TXN-00014544,CTA-330252,CLI-41182,2026-06-11 07:22:00,1106374.24,CRC,transferencia,app_movil,HE-001,Préstamo Personal
TXN-00014545,CTA-394672,CLI-48683,2026-06-24 20:54:00,3374823.31,CRC,transferencia,web,LI-002,Préstamo Hipotecario
TXN-00014546,CTA-735424,CLI-10999,2026-06-21 19:48:00,2243404.45,CRC,comision,atm,SJ-002,Tarjeta Crédito
TXN-00014547,CTA-612027,CLI-91340,2026-06-08 04:51:00,2248692.29,CRC,pago,atm,SJ-001,Cuenta Ahorro
TXN-00014548,CTA-103403,CLI-87277,2026-06-09 05:24:00,2191842.01,CRC,deposito,app_movil,SJ-002,Préstamo Personal
TXN-00014549,CTA-803267,CLI-47849,2026-06-22 12:27:00,3737026.44,CRC,comision,web,PU-001,Tarjeta Crédito
TXN-00014550,CTA-638034,CLI-90468,2026-06-18 06:11:00,2610494.71,CRC,transferencia,sinpe,LI-001,Cuenta Ahorro
TXN-00014551,CTA-664919,CLI-52036,2026-06-04 09:37:00,2474850.9,CRC,pago,app_movil,HE-001,Tarjeta Crédito
TXN-00014552,CTA-770212,CLI-37477,2026-06-02 07:29:00,1982934.86,CRC,pago,sinpe,AL-001,Cuenta Corriente
TXN-00014553,CTA-641148,CLI-50988,2026-06-06 20:35:00,3999689.57,CRC,transferencia,sucursal,LI-001,Tarjeta Crédito
TXN-00014554,CTA-959443,CLI-86284,2026-06-03 20:21:00,587948.74,CRC,transferencia,atm,PU-001,Cuenta Corriente
TXN-00014555,CTA-487362,CLI-57433,2026-06-05 00:48:00,3036971.72,CRC,comision,sinpe,LI-002,Préstamo Hipotecario
TXN-00014556,CTA-302430,CLI-72890,2026-06-26 13:52:00,1275524.07,CRC,deposito,sucursal,CA-001,Tarjeta Crédito
TXN-00014557,CTA-631220,CLI-41116,2026-06-04 02:46:00,1754043.93,CRC,transferencia,sinpe,SJ-001,Préstamo Personal
TXN-00014558,CTA-921070,CLI-40154,2026-06-12 00:45:00,297175.39,CRC,pago,atm,CA-001,Cuenta Corriente
TXN-00014559,CTA-602119,CLI-20022,2026-06-23 17:01:00,4957464.9,CRC,transferencia,web,AL-001,Préstamo Personal
TXN-00014560,CTA-112759,CLI-34394,2026-06-26 00:52:00,3086506.7,CRC,deposito,app_movil,SJ-001,Tarjeta Crédito
TXN-00014561,CTA-762323,CLI-77603,2026-06-26 11:51:00,3888635.22,CRC,pago,app_movil,SJ-002,Tarjeta Crédito
TXN-00014562,CTA-828686,CLI-12071,2026-06-21 07:15:00,640502.41,CRC,retiro,atm,CA-001,Cuenta Ahorro
TXN-00014563,CTA-357270,CLI-33653,2026-06-20 10:09:00,4604776.56,CRC,pago,app_movil,CA-001,Préstamo Hipotecario
TXN-00014564,CTA-919272,CLI-11374,2026-06-13 16:25:00,2182398.31,CRC,pago,sinpe,LI-002,Cuenta Ahorro
TXN-00014565,CTA-798969,CLI-32150,2026-06-23 14:07:00,3455485.64,CRC,deposito,sinpe,SJ-002,Cuenta Ahorro
TXN-00014566,CTA-219815,CLI-32815,2026-06-15 10:35:00,2699918.87,CRC,pago,sucursal,CA-001,Cuenta Corriente
TXN-00014567,CTA-688762,CLI-22300,2026-06-02 04:52:00,3721997.99,CRC,transferencia,app_movil,PU-001,Préstamo Hipotecario
TXN-00014568,CTA-809396,CLI-66508,2026-06-01 07:29:00,2943632.65,CRC,retiro,web,HE-001,Préstamo Personal
TXN-00014569,CTA-149469,CLI-13833,2026-06-02 21:11:00,2486326.13,CRC,retiro,app_movil,AL-001,Cuenta Corriente
TXN-00014570,CTA-712291,CLI-89623,2026-06-02 06:09:00,2745381.7,CRC,comision,sucursal,LI-001,Préstamo Personal
TXN-00014571,CTA-428569,CLI-64480,2026-06-08 10:29:00,2036512.87,CRC,comision,app_movil,PU-001,Tarjeta Crédito
TXN-00014572,CTA-659009,CLI-81081,2026-06-07 14:21:00,63308.15,CRC,transferencia,sucursal,LI-001,Préstamo Personal
TXN-00014573,CTA-433904,CLI-37633,2026-06-22 11:16:00,2280569.83,CRC,transferencia,web,SJ-002,Cuenta Ahorro
TXN-00014574,CTA-787266,CLI-23877,2026-06-24 13:02:00,1822896.28,CRC,transferencia,app_movil,CA-001,Préstamo Hipotecario
TXN-00014575,CTA-966505,CLI-43941,2026-06-30 04:06:00,3968974.58,CRC,pago,app_movil,SJ-001,Préstamo Hipotecario
TXN-00014576,CTA-343988,CLI-23550,2026-06-25 14:45:00,122834.12,CRC,deposito,app_movil,CA-001,Cuenta Corriente
TXN-00014577,CTA-136461,CLI-96628,2026-06-08 14:59:00,1304525.52,CRC,transferencia,atm,LI-002,Cuenta Corriente
TXN-00014578,CTA-513019,CLI-69970,2026-06-28 10:01:00,3162675.08,CRC,deposito,web,LI-001,Cuenta Ahorro
TXN-00014579,CTA-511491,CLI-48438,2026-06-04 20:03:00,1268983.86,CRC,pago,sinpe,LI-001,Préstamo Personal
TXN-00014580,CTA-602270,CLI-92811,2026-06-19 04:27:00,2725761.18,CRC,transferencia,sucursal,SJ-002,Préstamo Hipotecario
TXN-00014581,CTA-475511,CLI-16513,2026-06-20 20:02:00,4691888.23,CRC,retiro,sinpe,PU-001,Tarjeta Crédito
TXN-00014582,CTA-894178,CLI-20832,2026-06-15 16:39:00,2730410.58,CRC,comision,atm,SJ-002,Cuenta Ahorro
TXN-00014583,CTA-378400,CLI-42009,2026-06-24 10:00:00,3267869.33,CRC,comision,sucursal,SJ-002,Cuenta Corriente
TXN-00014584,CTA-144397,CLI-88751,2026-06-05 18:01:00,534085.07,CRC,transferencia,web,HE-001,Préstamo Hipotecario
TXN-00014585,CTA-193288,CLI-91263,2026-06-08 05:52:00,3731754.01,CRC,comision,web,HE-001,Préstamo Personal
TXN-00014586,CTA-789083,CLI-44222,2026-06-15 11:41:00,4268159.3,CRC,comision,sucursal,CA-001,Préstamo Personal
TXN-00014587,CTA-149116,CLI-34895,2026-06-07 05:32:00,1684352.11,CRC,comision,web,SJ-002,Préstamo Hipotecario
TXN-00014588,CTA-682574,CLI-29256,2026-06-02 05:41:00,351125.07,CRC,deposito,sinpe,SJ-002,Préstamo Personal
TXN-00014589,CTA-872598,CLI-43773,2026-06-12 13:35:00,4365441.83,CRC,comision,sucursal,SJ-001,Cuenta Ahorro
TXN-00014590,CTA-491620,CLI-96301,2026-06-02 18:46:00,1241095.34,CRC,transferencia,web,LI-002,Cuenta Ahorro
TXN-00014591,CTA-232911,CLI-86776,2026-06-02 17:14:00,3430897.94,CRC,transferencia,sinpe,AL-001,Tarjeta Crédito
TXN-00014592,CTA-174587,CLI-88586,2026-06-17 20:17:00,968574.6,CRC,comision,sinpe,SJ-002,Tarjeta Crédito
TXN-00014593,CTA-604577,CLI-92292,2026-06-30 00:25:00,3775660.63,CRC,deposito,web,HE-001,Cuenta Corriente
TXN-00014594,CTA-798705,CLI-33952,2026-06-23 12:51:00,3999013.46,CRC,deposito,atm,CA-001,Préstamo Personal
TXN-00014595,CTA-715738,CLI-87360,2026-06-02 08:44:00,1025642.83,CRC,transferencia,web,SJ-002,Préstamo Personal
TXN-00014596,CTA-520260,CLI-31032,2026-06-16 09:25:00,1752275.83,CRC,deposito,app_movil,HE-001,Tarjeta Crédito
TXN-00014597,CTA-226127,CLI-11720,2026-06-08 05:18:00,2165438.85,CRC,pago,sinpe,SJ-001,Préstamo Personal
TXN-00014598,CTA-563500,CLI-41983,2026-06-05 17:00:00,2750766.71,CRC,transferencia,sucursal,CA-001,Tarjeta Crédito
TXN-00014599,CTA-931417,CLI-12704,2026-06-22 19:19:00,3480235.37,CRC,retiro,sucursal,SJ-002,Tarjeta Crédito
TXN-00014600,CTA-394182,CLI-71593,2026-06-20 22:35:00,3439019.44,CRC,retiro,sinpe,LI-002,Cuenta Corriente
TXN-00014601,CTA-668851,CLI-22679,2026-06-08 10:15:00,3929402.14,CRC,retiro,sinpe,CA-001,Cuenta Ahorro
TXN-00014602,CTA-728793,CLI-81342,2026-06-21 06:32:00,2824543.22,CRC,deposito,sinpe,AL-001,Préstamo Personal
TXN-00014603,CTA-256226,CLI-95574,2026-06-18 21:32:00,832370.9,CRC,deposito,app_movil,CA-001,Préstamo Hipotecario
TXN-00014604,CTA-147037,CLI-87988,2026-06-04 23:56:00,4704706.37,CRC,retiro,app_movil,HE-001,Préstamo Personal
TXN-00014605,CTA-925205,CLI-73262,2026-06-26 21:48:00,2725372.44,CRC,retiro,app_movil,HE-001,Tarjeta Crédito
TXN-00014606,CTA-406449,CLI-62132,2026-06-24 01:30:00,1940211.9,CRC,retiro,web,HE-001,Préstamo Personal
TXN-00014607,CTA-264306,CLI-56061,2026-06-05 02:27:00,3874997.83,CRC,transferencia,web,HE-001,Cuenta Ahorro
TXN-00014608,CTA-594219,CLI-95761,2026-06-11 12:20:00,2473265.35,CRC,retiro,app_movil,SJ-001,Cuenta Ahorro
TXN-00014609,CTA-916585,CLI-61080,2026-06-16 13:40:00,2843772.19,CRC,pago,app_movil,PU-001,Tarjeta Crédito
TXN-00014610,CTA-370313,CLI-31580,2026-06-18 19:00:00,1954538.69,CRC,pago,web,LI-001,Cuenta Corriente
TXN-00014611,CTA-695812,CLI-32280,2026-06-15 07:17:00,942408.41,CRC,deposito,sucursal,CA-001,Cuenta Ahorro
TXN-00014612,CTA-723365,CLI-80277,2026-06-01 05:03:00,2992445.89,CRC,comision,sucursal,SJ-001,Préstamo Hipotecario
TXN-00014613,CTA-609380,CLI-50714,2026-06-19 09:52:00,4567777.0,CRC,transferencia,sucursal,SJ-002,Tarjeta Crédito
TXN-00014614,CTA-776750,CLI-26129,2026-06-06 18:33:00,4523427.89,CRC,comision,atm,SJ-002,Préstamo Personal
TXN-00014615,CTA-153224,CLI-74308,2026-06-09 04:46:00,71533.62,CRC,retiro,sucursal,AL-001,Préstamo Hipotecario
TXN-00014616,CTA-183572,CLI-64255,2026-06-22 04:18:00,3747382.28,CRC,transferencia,sinpe,SJ-002,Préstamo Hipotecario
TXN-00014617,CTA-736639,CLI-79635,2026-06-30 19:34:00,2749174.95,CRC,retiro,sucursal,LI-002,Préstamo Personal
TXN-00014618,CTA-290200,CLI-56960,2026-06-11 08:13:00,156538.31,CRC,retiro,atm,AL-001,Cuenta Ahorro
TXN-00014619,CTA-796591,CLI-46871,2026-06-28 23:31:00,1578673.96,CRC,deposito,sucursal,PU-001,Préstamo Personal
TXN-00014620,CTA-445234,CLI-99263,2026-06-25 06:15:00,4114634.66,CRC,pago,app_movil,PU-001,Préstamo Personal
TXN-00014621,CTA-645553,CLI-21116,2026-06-13 13:34:00,2091165.79,CRC,deposito,sucursal,SJ-002,Tarjeta Crédito
TXN-00014622,CTA-896760,CLI-82680,2026-06-19 15:20:00,445883.77,CRC,transferencia,atm,HE-001,Cuenta Ahorro
TXN-00014623,CTA-806876,CLI-95063,2026-06-25 01:25:00,4046197.75,CRC,pago,atm,CA-001,Cuenta Corriente
TXN-00014624,CTA-708762,CLI-53790,2026-06-29 16:33:00,4224829.01,CRC,pago,app_movil,SJ-001,Tarjeta Crédito
TXN-00014625,CTA-178249,CLI-87132,2026-06-26 10:33:00,4889181.47,CRC,retiro,sinpe,SJ-001,Tarjeta Crédito
TXN-00014626,CTA-656813,CLI-72612,2026-06-10 05:37:00,2969537.76,CRC,deposito,sucursal,HE-001,Tarjeta Crédito
TXN-00014627,CTA-458186,CLI-96727,2026-06-14 14:37:00,2824378.56,CRC,comision,sucursal,CA-001,Préstamo Personal
TXN-00014628,CTA-750157,CLI-44333,2026-06-23 16:56:00,1168531.38,CRC,pago,atm,LI-001,Tarjeta Crédito
TXN-00014629,CTA-549844,CLI-30780,2026-06-22 18:10:00,913811.95,CRC,deposito,sucursal,LI-001,Cuenta Ahorro
TXN-00014630,CTA-523563,CLI-10943,2026-06-26 05:41:00,3750679.05,CRC,retiro,app_movil,LI-002,Tarjeta Crédito
TXN-00014631,CTA-649648,CLI-42594,2026-06-06 06:33:00,1680820.32,CRC,deposito,app_movil,LI-001,Préstamo Hipotecario
TXN-00014632,CTA-887727,CLI-67313,2026-06-05 09:29:00,1483541.0,CRC,retiro,app_movil,PU-001,Cuenta Ahorro
TXN-00014633,CTA-786926,CLI-39207,2026-06-03 21:58:00,2669572.24,CRC,deposito,app_movil,AL-001,Préstamo Hipotecario
TXN-00014634,CTA-716696,CLI-29420,2026-06-03 05:59:00,3991556.32,CRC,comision,atm,PU-001,Cuenta Corriente
TXN-00014635,CTA-739658,CLI-11702,2026-06-07 09:13:00,3408485.19,CRC,comision,sucursal,HE-001,Cuenta Corriente
TXN-00014636,CTA-130078,CLI-86404,2026-06-24 18:41:00,311156.87,CRC,deposito,sucursal,SJ-001,Cuenta Ahorro
TXN-00014637,CTA-208462,CLI-29563,2026-06-17 23:09:00,369490.45,CRC,comision,app_movil,CA-001,Tarjeta Crédito
TXN-00014638,CTA-587219,CLI-11688,2026-06-22 01:51:00,4421743.97,CRC,deposito,sucursal,AL-001,Cuenta Corriente
TXN-00014639,CTA-279692,CLI-57656,2026-06-24 01:52:00,367656.9,CRC,deposito,atm,LI-001,Cuenta Ahorro
TXN-00014640,CTA-452540,CLI-77183,2026-06-02 09:56:00,1290122.82,CRC,transferencia,atm,CA-001,Tarjeta Crédito
TXN-00014641,CTA-344469,CLI-67065,2026-06-02 01:47:00,4121564.38,CRC,deposito,atm,AL-001,Cuenta Corriente
TXN-00014642,CTA-964159,CLI-97695,2026-06-05 14:58:00,1226243.63,CRC,transferencia,app_movil,SJ-001,Préstamo Hipotecario
TXN-00014643,CTA-150917,CLI-48773,2026-06-20 11:31:00,4003548.64,CRC,transferencia,app_movil,SJ-001,Cuenta Ahorro
TXN-00014644,CTA-603760,CLI-82770,2026-06-18 14:26:00,1338642.32,CRC,transferencia,atm,PU-001,Cuenta Ahorro
TXN-00014645,CTA-136947,CLI-86134,2026-06-22 23:05:00,4236286.77,CRC,retiro,atm,PU-001,Préstamo Hipotecario
TXN-00014646,CTA-658725,CLI-68111,2026-06-13 15:46:00,1862384.06,CRC,comision,app_movil,HE-001,Tarjeta Crédito
TXN-00014647,CTA-871543,CLI-37288,2026-06-24 18:55:00,3308536.47,CRC,transferencia,app_movil,SJ-002,Tarjeta Crédito
TXN-00014648,CTA-246625,CLI-87403,2026-06-23 03:48:00,3063598.35,CRC,deposito,sucursal,SJ-002,Préstamo Personal
TXN-00014649,CTA-215306,CLI-60776,2026-06-26 07:37:00,2449178.51,CRC,pago,app_movil,HE-001,Cuenta Corriente
TXN-00014650,CTA-688464,CLI-56591,2026-06-02 17:39:00,2257333.96,CRC,deposito,sinpe,SJ-001,Cuenta Ahorro
TXN-00014651,CTA-381844,CLI-41289,2026-06-30 05:10:00,2686691.4,CRC,comision,sinpe,SJ-002,Préstamo Personal
TXN-00014652,CTA-949291,CLI-25596,2026-06-27 12:34:00,3159131.95,CRC,pago,web,AL-001,Préstamo Hipotecario
TXN-00014653,CTA-601548,CLI-58272,2026-06-09 23:15:00,1086161.23,CRC,retiro,sucursal,HE-001,Cuenta Corriente
TXN-00014654,CTA-536712,CLI-11055,2026-06-10 03:33:00,3349867.84,CRC,retiro,atm,LI-001,Préstamo Hipotecario
TXN-00014655,CTA-350065,CLI-96597,2026-06-20 14:31:00,2032868.67,CRC,transferencia,web,PU-001,Cuenta Ahorro
TXN-00014656,CTA-292647,CLI-98296,2026-06-15 04:14:00,714454.23,CRC,deposito,web,PU-001,Préstamo Hipotecario
TXN-00014657,CTA-202459,CLI-86543,2026-06-08 16:57:00,4604256.44,CRC,pago,atm,HE-001,Cuenta Ahorro
TXN-00014658,CTA-961140,CLI-46590,2026-06-10 16:17:00,2790398.41,CRC,deposito,sinpe,AL-001,Cuenta Ahorro
TXN-00014659,CTA-355175,CLI-57652,2026-06-28 09:39:00,718610.81,CRC,deposito,sucursal,HE-001,Cuenta Ahorro
TXN-00014660,CTA-999540,CLI-63419,2026-06-09 13:47:00,1629126.1,CRC,transferencia,app_movil,PU-001,Préstamo Hipotecario
TXN-00014661,CTA-317125,CLI-10660,2026-06-06 15:51:00,4833117.29,CRC,comision,sucursal,PU-001,Préstamo Personal
TXN-00014662,CTA-766328,CLI-98649,2026-06-02 20:38:00,2555632.95,CRC,pago,sinpe,LI-002,Préstamo Hipotecario
TXN-00014663,CTA-110851,CLI-83380,2026-06-04 16:46:00,3887901.69,CRC,pago,sucursal,SJ-001,Préstamo Hipotecario
TXN-00014664,CTA-706651,CLI-85387,2026-06-09 04:23:00,3914073.68,CRC,comision,app_movil,HE-001,Préstamo Personal
TXN-00014665,CTA-334841,CLI-88394,2026-06-10 03:38:00,2446445.43,CRC,retiro,sucursal,PU-001,Cuenta Ahorro
TXN-00014666,CTA-275634,CLI-64382,2026-06-30 03:12:00,587745.94,CRC,comision,sucursal,LI-001,Cuenta Ahorro
TXN-00014667,CTA-395706,CLI-40000,2026-06-05 05:07:00,4004251.57,CRC,deposito,app_movil,LI-002,Préstamo Personal
TXN-00014668,CTA-526838,CLI-52227,2026-06-04 07:37:00,4193705.49,CRC,deposito,web,SJ-002,Tarjeta Crédito
TXN-00014669,CTA-738053,CLI-71678,2026-06-16 11:52:00,3076318.11,CRC,transferencia,app_movil,SJ-001,Préstamo Personal
TXN-00014670,CTA-125178,CLI-54834,2026-06-13 21:42:00,2245330.33,CRC,transferencia,sinpe,AL-001,Cuenta Ahorro
TXN-00014671,CTA-530953,CLI-17385,2026-06-06 05:47:00,4923139.73,CRC,retiro,app_movil,HE-001,Préstamo Hipotecario
TXN-00014672,CTA-481715,CLI-95748,2026-06-05 07:00:00,2948372.04,CRC,pago,sinpe,AL-001,Tarjeta Crédito
TXN-00014673,CTA-178518,CLI-65271,2026-06-26 00:48:00,180870.53,CRC,pago,sinpe,SJ-001,Cuenta Corriente
TXN-00014674,CTA-520328,CLI-93058,2026-06-21 00:17:00,3039590.54,CRC,retiro,sucursal,CA-001,Préstamo Hipotecario
TXN-00014675,CTA-892429,CLI-99441,2026-06-05 09:07:00,4832624.54,CRC,pago,sinpe,AL-001,Tarjeta Crédito
TXN-00014676,CTA-904510,CLI-83331,2026-06-03 07:03:00,4810339.43,CRC,comision,sinpe,SJ-002,Préstamo Personal
TXN-00014677,CTA-473412,CLI-59913,2026-06-07 13:34:00,1549498.48,CRC,deposito,sucursal,LI-002,Préstamo Personal
TXN-00014678,CTA-689002,CLI-67982,2026-06-18 11:45:00,2059022.36,CRC,retiro,atm,AL-001,Tarjeta Crédito
TXN-00014679,CTA-237723,CLI-21496,2026-06-25 12:48:00,1963400.34,CRC,comision,sinpe,LI-002,Cuenta Ahorro
TXN-00014680,CTA-257713,CLI-23092,2026-06-04 09:53:00,3381216.13,CRC,pago,sinpe,SJ-002,Tarjeta Crédito
TXN-00014681,CTA-204430,CLI-27505,2026-06-27 19:33:00,3331041.58,CRC,pago,app_movil,SJ-001,Cuenta Ahorro
TXN-00014682,CTA-382047,CLI-82383,2026-06-15 11:46:00,790074.18,CRC,transferencia,app_movil,CA-001,Tarjeta Crédito
TXN-00014683,CTA-128937,CLI-87765,2026-06-27 15:23:00,1276998.3,CRC,retiro,web,SJ-002,Tarjeta Crédito
TXN-00014684,CTA-667667,CLI-29479,2026-06-03 12:32:00,1384667.8,CRC,retiro,web,PU-001,Préstamo Hipotecario
TXN-00014685,CTA-824534,CLI-38971,2026-06-18 02:17:00,4796951.42,CRC,transferencia,web,SJ-002,Préstamo Hipotecario
TXN-00014686,CTA-189654,CLI-83306,2026-06-09 05:17:00,3686890.64,CRC,retiro,sucursal,PU-001,Préstamo Hipotecario
TXN-00014687,CTA-849435,CLI-63890,2026-06-14 00:40:00,372448.16,CRC,comision,web,SJ-002,Préstamo Personal
TXN-00014688,CTA-728506,CLI-55589,2026-06-30 02:45:00,2826730.55,CRC,deposito,web,SJ-001,Préstamo Hipotecario
TXN-00014689,CTA-141006,CLI-90374,2026-06-03 07:48:00,112838.83,CRC,retiro,sucursal,HE-001,Préstamo Personal
TXN-00014690,CTA-556772,CLI-42718,2026-06-21 13:14:00,2672617.66,CRC,transferencia,atm,AL-001,Cuenta Ahorro
TXN-00014691,CTA-616971,CLI-15999,2026-06-02 10:10:00,4104206.13,CRC,retiro,app_movil,SJ-001,Préstamo Hipotecario
TXN-00014692,CTA-859343,CLI-45673,2026-06-13 20:31:00,1902862.57,CRC,transferencia,sucursal,SJ-002,Cuenta Ahorro
TXN-00014693,CTA-551775,CLI-67683,2026-06-15 21:03:00,931802.04,CRC,deposito,sinpe,HE-001,Tarjeta Crédito
TXN-00014694,CTA-611971,CLI-35944,2026-06-15 06:14:00,1374032.87,CRC,pago,app_movil,SJ-001,Cuenta Ahorro
TXN-00014695,CTA-703663,CLI-81476,2026-06-15 21:54:00,4283532.25,CRC,deposito,app_movil,PU-001,Cuenta Corriente
TXN-00014696,CTA-950495,CLI-80549,2026-06-12 10:58:00,3201656.64,CRC,transferencia,sucursal,LI-002,Cuenta Corriente
TXN-00014697,CTA-535552,CLI-71887,2026-06-24 05:33:00,1508784.47,CRC,deposito,app_movil,AL-001,Préstamo Personal
TXN-00014698,CTA-943118,CLI-56852,2026-06-23 21:32:00,1158060.18,CRC,transferencia,sucursal,SJ-002,Cuenta Ahorro
TXN-00014699,CTA-540883,CLI-48096,2026-06-04 14:50:00,4113260.13,CRC,deposito,atm,SJ-002,Cuenta Corriente
TXN-00014700,CTA-901306,CLI-57292,2026-06-21 17:45:00,2043227.58,CRC,pago,web,LI-001,Préstamo Hipotecario
TXN-00014701,CTA-335794,CLI-53179,2026-06-04 04:00:00,232665.04,CRC,comision,sucursal,AL-001,Tarjeta Crédito
TXN-00014702,CTA-699570,CLI-76613,2026-06-08 07:42:00,4913180.88,CRC,retiro,web,AL-001,Préstamo Hipotecario
TXN-00014703,CTA-437831,CLI-92050,2026-06-19 13:57:00,2966834.28,CRC,retiro,atm,SJ-002,Tarjeta Crédito
TXN-00014704,CTA-204575,CLI-35242,2026-06-18 01:04:00,703107.82,CRC,pago,sucursal,LI-002,Cuenta Ahorro
TXN-00014705,CTA-278913,CLI-68617,2026-06-21 00:40:00,2334120.82,CRC,comision,app_movil,PU-001,Tarjeta Crédito
TXN-00014706,CTA-296636,CLI-25244,2026-06-12 16:41:00,4543566.11,CRC,pago,sinpe,SJ-002,Tarjeta Crédito
TXN-00014707,CTA-654967,CLI-41649,2026-06-20 12:48:00,1215238.24,CRC,pago,sucursal,AL-001,Préstamo Personal
TXN-00014708,CTA-609253,CLI-38752,2026-06-27 07:13:00,1714387.57,CRC,deposito,atm,SJ-001,Tarjeta Crédito
TXN-00014709,CTA-560362,CLI-49089,2026-06-05 06:24:00,125195.31,CRC,pago,sucursal,AL-001,Préstamo Hipotecario
TXN-00014710,CTA-988996,CLI-62893,2026-06-16 00:02:00,4907080.65,CRC,pago,sucursal,AL-001,Cuenta Ahorro
TXN-00014711,CTA-626382,CLI-10387,2026-06-04 20:32:00,99141.1,CRC,comision,app_movil,PU-001,Préstamo Personal
TXN-00014712,CTA-437113,CLI-23013,2026-06-10 20:48:00,3204350.62,CRC,deposito,sucursal,PU-001,Cuenta Ahorro
TXN-00014713,CTA-377654,CLI-89349,2026-06-08 06:24:00,4553899.01,CRC,pago,atm,LI-002,Cuenta Corriente
TXN-00014714,CTA-295364,CLI-21919,2026-06-06 10:36:00,4780137.69,CRC,comision,sinpe,HE-001,Cuenta Corriente
TXN-00014715,CTA-765789,CLI-18782,2026-06-26 19:13:00,3061611.64,CRC,transferencia,sucursal,LI-002,Préstamo Personal
TXN-00014716,CTA-113543,CLI-11437,2026-06-12 07:04:00,2260598.44,CRC,deposito,sucursal,LI-001,Cuenta Ahorro
TXN-00014717,CTA-932084,CLI-97673,2026-06-20 12:18:00,4889029.38,CRC,deposito,app_movil,CA-001,Cuenta Corriente
TXN-00014718,CTA-851448,CLI-83241,2026-06-28 10:01:00,2951537.95,CRC,comision,app_movil,AL-001,Préstamo Hipotecario
TXN-00014719,CTA-475341,CLI-53035,2026-06-07 12:00:00,185764.0,CRC,deposito,sinpe,AL-001,Tarjeta Crédito
TXN-00014720,CTA-956142,CLI-98747,2026-06-18 23:18:00,2504570.8,CRC,transferencia,sinpe,SJ-002,Tarjeta Crédito
TXN-00014721,CTA-325766,CLI-31838,2026-06-18 05:03:00,2082063.99,CRC,retiro,app_movil,AL-001,Préstamo Personal
TXN-00014722,CTA-808363,CLI-83727,2026-06-25 00:00:00,2657125.02,CRC,deposito,web,AL-001,Cuenta Ahorro
TXN-00014723,CTA-117852,CLI-10501,2026-06-05 08:07:00,1201482.38,CRC,retiro,web,LI-002,Cuenta Corriente
TXN-00014724,CTA-558540,CLI-26812,2026-06-11 17:09:00,4822051.61,CRC,transferencia,sucursal,HE-001,Préstamo Hipotecario
TXN-00014725,CTA-553118,CLI-53428,2026-06-13 13:34:00,1101972.83,CRC,retiro,app_movil,HE-001,Tarjeta Crédito
TXN-00014726,CTA-520441,CLI-77971,2026-06-05 19:50:00,3756855.93,CRC,deposito,sucursal,SJ-001,Cuenta Ahorro
TXN-00014727,CTA-854534,CLI-90084,2026-06-02 11:42:00,3782079.87,CRC,transferencia,app_movil,LI-002,Cuenta Corriente
TXN-00014728,CTA-350990,CLI-36920,2026-06-26 12:09:00,858771.36,CRC,comision,atm,LI-002,Cuenta Corriente
TXN-00014729,CTA-373647,CLI-36679,2026-06-22 15:08:00,3677650.61,CRC,deposito,sucursal,SJ-001,Cuenta Ahorro
TXN-00014730,CTA-235838,CLI-61998,2026-06-07 04:46:00,3011327.58,CRC,transferencia,sucursal,SJ-002,Tarjeta Crédito
TXN-00014731,CTA-393888,CLI-46267,2026-06-24 19:49:00,2147609.66,CRC,comision,web,AL-001,Cuenta Ahorro
TXN-00014732,CTA-201737,CLI-51336,2026-06-28 07:20:00,2352580.98,CRC,pago,atm,LI-002,Cuenta Corriente
TXN-00014733,CTA-224416,CLI-78601,2026-06-03 20:00:00,4398134.57,CRC,deposito,sucursal,SJ-001,Tarjeta Crédito
TXN-00014734,CTA-875487,CLI-29569,2026-06-20 13:19:00,3446475.74,CRC,deposito,atm,LI-002,Cuenta Ahorro
TXN-00014735,CTA-337114,CLI-80121,2026-06-13 16:24:00,2878233.5,CRC,retiro,atm,SJ-001,Cuenta Ahorro
TXN-00014736,CTA-185089,CLI-69121,2026-06-23 15:56:00,2024084.18,CRC,deposito,sucursal,LI-001,Préstamo Hipotecario
TXN-00014737,CTA-892562,CLI-70803,2026-06-21 22:06:00,2446460.39,CRC,pago,app_movil,PU-001,Tarjeta Crédito
TXN-00014738,CTA-521513,CLI-30346,2026-06-04 14:46:00,4384179.72,CRC,transferencia,sinpe,AL-001,Préstamo Personal
TXN-00014739,CTA-735196,CLI-36619,2026-06-24 16:37:00,4529139.96,CRC,transferencia,web,SJ-002,Cuenta Ahorro
TXN-00014740,CTA-614517,CLI-11256,2026-06-17 02:31:00,3301199.88,CRC,deposito,sinpe,PU-001,Cuenta Ahorro
TXN-00014741,CTA-304644,CLI-79726,2026-06-15 12:36:00,4576801.16,CRC,deposito,sinpe,SJ-002,Préstamo Personal
TXN-00014742,CTA-785140,CLI-39810,2026-06-09 12:25:00,3636805.02,CRC,pago,atm,PU-001,Cuenta Ahorro
TXN-00014743,CTA-567723,CLI-40757,2026-06-24 16:26:00,2425418.85,CRC,retiro,web,HE-001,Cuenta Ahorro
TXN-00014744,CTA-467280,CLI-96025,2026-06-10 10:31:00,890929.98,CRC,retiro,sinpe,HE-001,Préstamo Hipotecario
TXN-00014745,CTA-522320,CLI-43832,2026-06-20 11:19:00,3696271.51,CRC,pago,atm,PU-001,Cuenta Ahorro
TXN-00014746,CTA-978459,CLI-70361,2026-06-08 01:58:00,3407518.25,CRC,retiro,sinpe,LI-001,Cuenta Ahorro
TXN-00014747,CTA-718897,CLI-35090,2026-06-14 02:37:00,4109436.78,CRC,pago,atm,SJ-001,Cuenta Ahorro
TXN-00014748,CTA-771709,CLI-52778,2026-06-24 01:19:00,4862128.06,CRC,deposito,atm,LI-001,Préstamo Hipotecario
TXN-00014749,CTA-313033,CLI-42325,2026-06-08 08:39:00,1979763.68,CRC,pago,app_movil,SJ-001,Préstamo Personal
TXN-00014750,CTA-221327,CLI-13778,2026-06-30 11:35:00,3086794.29,CRC,transferencia,sucursal,LI-002,Préstamo Hipotecario
TXN-00014751,CTA-746888,CLI-82750,2026-06-15 20:11:00,4046248.12,CRC,pago,sucursal,LI-001,Cuenta Ahorro
TXN-00014752,CTA-689315,CLI-33324,2026-06-06 10:52:00,743661.65,CRC,retiro,app_movil,PU-001,Préstamo Hipotecario
TXN-00014753,CTA-341887,CLI-58027,2026-06-25 06:19:00,4497694.11,CRC,transferencia,sinpe,SJ-001,Préstamo Hipotecario
TXN-00014754,CTA-914149,CLI-32518,2026-06-26 09:38:00,436913.34,CRC,deposito,sinpe,LI-002,Cuenta Ahorro
TXN-00014755,CTA-517190,CLI-62279,2026-06-11 14:13:00,1308322.73,CRC,deposito,atm,PU-001,Tarjeta Crédito
TXN-00014756,CTA-946445,CLI-29896,2026-06-26 04:26:00,1672207.44,CRC,comision,atm,HE-001,Cuenta Ahorro
TXN-00014757,CTA-634822,CLI-79157,2026-06-17 15:10:00,4001256.6,CRC,transferencia,web,LI-002,Cuenta Corriente
TXN-00014758,CTA-737352,CLI-75062,2026-06-17 22:40:00,557619.22,CRC,deposito,atm,HE-001,Tarjeta Crédito
TXN-00014759,CTA-339178,CLI-15106,2026-06-04 20:56:00,1526849.4,CRC,transferencia,atm,CA-001,Cuenta Ahorro
TXN-00014760,CTA-557214,CLI-65122,2026-06-11 21:14:00,4926003.86,CRC,transferencia,web,LI-001,Cuenta Ahorro
TXN-00014761,CTA-471442,CLI-64093,2026-06-20 09:09:00,4280564.6,CRC,retiro,web,AL-001,Tarjeta Crédito
TXN-00014762,CTA-507267,CLI-29340,2026-06-25 11:36:00,2858015.59,CRC,transferencia,web,LI-001,Cuenta Corriente
TXN-00014763,CTA-437904,CLI-67864,2026-06-24 04:06:00,21802.46,CRC,comision,sinpe,SJ-002,Cuenta Corriente
TXN-00014764,CTA-716759,CLI-75821,2026-06-01 10:26:00,1759020.85,CRC,comision,sinpe,HE-001,Cuenta Ahorro
TXN-00014765,CTA-514134,CLI-18375,2026-06-13 12:19:00,2988978.12,CRC,pago,web,SJ-002,Tarjeta Crédito
TXN-00014766,CTA-105936,CLI-71626,2026-06-13 03:47:00,650136.6,CRC,pago,atm,CA-001,Préstamo Hipotecario
TXN-00014767,CTA-400135,CLI-79751,2026-06-07 00:50:00,4392469.38,CRC,comision,sinpe,HE-001,Préstamo Personal
TXN-00014768,CTA-688958,CLI-54735,2026-06-22 07:21:00,2837867.07,CRC,transferencia,sinpe,HE-001,Tarjeta Crédito
TXN-00014769,CTA-802232,CLI-77293,2026-06-03 14:29:00,4835712.93,CRC,deposito,atm,PU-001,Tarjeta Crédito
TXN-00014770,CTA-712249,CLI-48631,2026-06-20 19:02:00,4190352.42,CRC,transferencia,sinpe,HE-001,Préstamo Hipotecario
TXN-00014771,CTA-462029,CLI-88043,2026-06-07 20:43:00,2737657.87,CRC,deposito,app_movil,HE-001,Préstamo Personal
TXN-00014772,CTA-946523,CLI-46850,2026-06-04 18:42:00,3311308.59,CRC,retiro,sucursal,LI-001,Préstamo Personal
TXN-00014773,CTA-803455,CLI-32945,2026-06-18 13:30:00,4244083.06,CRC,comision,sinpe,LI-002,Cuenta Corriente
TXN-00014774,CTA-176756,CLI-12522,2026-06-03 03:58:00,4296688.33,CRC,comision,atm,LI-002,Préstamo Hipotecario
TXN-00014775,CTA-693694,CLI-46969,2026-06-07 03:30:00,539372.98,CRC,pago,atm,HE-001,Cuenta Ahorro
TXN-00014776,CTA-273578,CLI-89931,2026-06-09 05:32:00,1918290.43,CRC,transferencia,sucursal,LI-001,Cuenta Ahorro
TXN-00014777,CTA-107125,CLI-55237,2026-06-01 03:29:00,4518479.66,CRC,deposito,sucursal,LI-001,Cuenta Ahorro
TXN-00014778,CTA-967978,CLI-34120,2026-06-23 11:58:00,2505208.74,CRC,transferencia,atm,SJ-001,Préstamo Personal
TXN-00014779,CTA-142650,CLI-81018,2026-06-19 01:36:00,826883.84,CRC,comision,web,AL-001,Cuenta Corriente
TXN-00014780,CTA-598987,CLI-21960,2026-06-16 05:47:00,1656433.73,CRC,retiro,sucursal,AL-001,Cuenta Ahorro
TXN-00014781,CTA-584432,CLI-51661,2026-06-28 01:28:00,3000251.27,CRC,retiro,sucursal,LI-001,Tarjeta Crédito
TXN-00014782,CTA-319069,CLI-20625,2026-06-21 15:51:00,1838411.56,CRC,transferencia,sinpe,PU-001,Cuenta Corriente
TXN-00014783,CTA-475581,CLI-94922,2026-06-21 23:24:00,2309874.59,CRC,pago,atm,SJ-001,Cuenta Corriente
TXN-00014784,CTA-844922,CLI-10463,2026-06-29 03:00:00,1940899.59,CRC,retiro,atm,CA-001,Cuenta Ahorro
TXN-00014785,CTA-558881,CLI-98476,2026-06-02 11:45:00,436522.2,CRC,deposito,sucursal,SJ-002,Tarjeta Crédito
TXN-00014786,CTA-420654,CLI-15974,2026-06-18 18:01:00,1088032.38,CRC,pago,sucursal,AL-001,Préstamo Hipotecario
TXN-00014787,CTA-490924,CLI-73256,2026-06-19 17:09:00,2120060.42,CRC,transferencia,web,CA-001,Cuenta Corriente
TXN-00014788,CTA-152286,CLI-42480,2026-06-21 00:54:00,4829431.94,CRC,deposito,app_movil,PU-001,Cuenta Corriente
TXN-00014789,CTA-798736,CLI-32515,2026-06-15 23:27:00,563893.24,CRC,pago,web,SJ-002,Préstamo Personal
TXN-00014790,CTA-912316,CLI-69616,2026-06-05 20:18:00,2547669.78,CRC,retiro,sinpe,CA-001,Cuenta Ahorro
TXN-00014791,CTA-799134,CLI-56918,2026-06-29 23:13:00,3399821.99,CRC,comision,web,CA-001,Tarjeta Crédito
TXN-00014792,CTA-237128,CLI-76546,2026-06-17 09:48:00,3947377.47,CRC,transferencia,sinpe,SJ-002,Tarjeta Crédito
TXN-00014793,CTA-553196,CLI-42618,2026-06-16 06:46:00,4466920.94,CRC,transferencia,sucursal,SJ-001,Cuenta Corriente
TXN-00014794,CTA-332859,CLI-83465,2026-06-19 17:42:00,2615455.98,CRC,transferencia,app_movil,LI-002,Cuenta Corriente
TXN-00014795,CTA-420899,CLI-29244,2026-06-02 01:51:00,1001908.17,CRC,comision,atm,LI-002,Préstamo Personal
TXN-00014796,CTA-954571,CLI-74077,2026-06-14 02:42:00,3696428.16,CRC,deposito,sucursal,SJ-002,Préstamo Hipotecario
TXN-00014797,CTA-158554,CLI-75957,2026-06-09 16:46:00,1075977.57,CRC,transferencia,sinpe,PU-001,Cuenta Ahorro
TXN-00014798,CTA-248755,CLI-78433,2026-06-16 22:38:00,3101247.97,CRC,deposito,sucursal,AL-001,Cuenta Ahorro
TXN-00014799,CTA-222187,CLI-98782,2026-06-24 16:45:00,2147190.67,CRC,comision,sucursal,SJ-002,Cuenta Ahorro
TXN-00014800,CTA-788981,CLI-24931,2026-06-10 08:24:00,2841999.28,CRC,comision,atm,AL-001,Préstamo Personal
TXN-00014801,CTA-680796,CLI-95487,2026-06-01 02:12:00,4215445.46,CRC,transferencia,app_movil,SJ-001,Préstamo Hipotecario
TXN-00014802,CTA-858474,CLI-73615,2026-06-05 19:33:00,3591137.48,CRC,transferencia,app_movil,LI-001,Tarjeta Crédito
TXN-00014803,CTA-442576,CLI-10870,2026-06-04 22:15:00,3092379.81,CRC,pago,sinpe,SJ-002,Cuenta Ahorro
TXN-00014804,CTA-276994,CLI-27927,2026-06-06 07:57:00,1974682.28,CRC,retiro,sinpe,AL-001,Préstamo Personal
TXN-00014805,CTA-709968,CLI-37498,2026-06-19 15:22:00,3353272.74,CRC,pago,sucursal,LI-002,Cuenta Corriente
TXN-00014806,CTA-159768,CLI-82004,2026-06-22 20:16:00,4715321.93,CRC,comision,sinpe,PU-001,Préstamo Hipotecario
TXN-00014807,CTA-992696,CLI-17260,2026-06-06 19:21:00,4197801.51,CRC,deposito,atm,CA-001,Cuenta Ahorro
TXN-00014808,CTA-267096,CLI-48567,2026-06-08 03:11:00,2559292.08,CRC,deposito,sucursal,CA-001,Tarjeta Crédito
TXN-00014809,CTA-606537,CLI-63171,2026-06-20 01:45:00,2299318.18,CRC,retiro,web,CA-001,Préstamo Personal
TXN-00014810,CTA-884239,CLI-93946,2026-06-04 01:21:00,3615556.18,CRC,pago,app_movil,HE-001,Préstamo Hipotecario
TXN-00014811,CTA-201075,CLI-60070,2026-06-23 10:38:00,2302106.36,CRC,deposito,web,CA-001,Tarjeta Crédito
TXN-00014812,CTA-779435,CLI-30314,2026-06-06 10:07:00,1822301.64,CRC,pago,app_movil,CA-001,Cuenta Corriente
TXN-00014813,CTA-998407,CLI-37950,2026-06-25 00:11:00,2543488.18,CRC,retiro,atm,LI-002,Cuenta Corriente
TXN-00014814,CTA-214552,CLI-64912,2026-06-27 11:30:00,4528080.71,CRC,retiro,sinpe,LI-002,Cuenta Ahorro
TXN-00014815,CTA-660119,CLI-12655,2026-06-13 11:27:00,1692225.31,CRC,deposito,sucursal,LI-002,Préstamo Hipotecario
TXN-00014816,CTA-621215,CLI-31605,2026-06-05 04:43:00,4052386.69,CRC,pago,app_movil,HE-001,Préstamo Hipotecario
TXN-00014817,CTA-975682,CLI-61097,2026-06-26 07:12:00,279108.97,CRC,deposito,web,PU-001,Cuenta Ahorro
TXN-00014818,CTA-982613,CLI-88082,2026-06-09 05:03:00,2567073.41,CRC,pago,app_movil,CA-001,Préstamo Hipotecario
TXN-00014819,CTA-972021,CLI-15326,2026-06-29 02:28:00,716642.75,CRC,comision,sinpe,LI-001,Cuenta Corriente
TXN-00014820,CTA-153043,CLI-94459,2026-06-06 05:54:00,3097413.24,CRC,deposito,app_movil,HE-001,Préstamo Hipotecario
TXN-00014821,CTA-733597,CLI-25025,2026-06-21 10:26:00,298939.96,CRC,retiro,web,SJ-002,Préstamo Personal
TXN-00014822,CTA-671225,CLI-25242,2026-06-19 03:10:00,4423940.16,CRC,comision,sucursal,SJ-002,Préstamo Hipotecario
TXN-00014823,CTA-315952,CLI-22889,2026-06-09 16:35:00,76728.67,CRC,comision,sucursal,SJ-002,Préstamo Hipotecario
TXN-00014824,CTA-817086,CLI-41712,2026-06-26 09:20:00,70075.82,CRC,transferencia,web,SJ-002,Tarjeta Crédito
TXN-00014825,CTA-444328,CLI-96361,2026-06-06 05:29:00,1071825.46,CRC,pago,web,AL-001,Cuenta Corriente
TXN-00014826,CTA-103078,CLI-19841,2026-06-23 04:06:00,1172069.2,CRC,comision,sucursal,CA-001,Préstamo Hipotecario
TXN-00014827,CTA-359502,CLI-24463,2026-06-23 07:02:00,3067226.21,CRC,deposito,sucursal,AL-001,Cuenta Corriente
TXN-00014828,CTA-762935,CLI-88590,2026-06-18 10:41:00,4488217.69,CRC,comision,atm,CA-001,Cuenta Corriente
TXN-00014829,CTA-870522,CLI-99764,2026-06-23 19:40:00,1028007.97,CRC,comision,sucursal,PU-001,Préstamo Personal
TXN-00014830,CTA-891475,CLI-82365,2026-06-13 20:07:00,2811757.48,CRC,transferencia,web,LI-001,Préstamo Hipotecario
TXN-00014831,CTA-139113,CLI-67498,2026-06-09 20:02:00,1306423.34,CRC,comision,sinpe,HE-001,Tarjeta Crédito
TXN-00014832,CTA-829722,CLI-79963,2026-06-25 09:31:00,3344230.85,CRC,comision,sucursal,PU-001,Cuenta Corriente
TXN-00014833,CTA-182274,CLI-86022,2026-06-26 17:04:00,2925594.24,CRC,comision,sucursal,AL-001,Préstamo Personal
TXN-00014834,CTA-455413,CLI-88554,2026-06-30 15:08:00,205695.02,CRC,comision,atm,CA-001,Cuenta Corriente
TXN-00014835,CTA-202129,CLI-65615,2026-06-05 22:22:00,1142935.79,CRC,pago,app_movil,AL-001,Cuenta Ahorro
TXN-00014836,CTA-572850,CLI-98412,2026-06-11 00:32:00,4821859.86,CRC,comision,app_movil,CA-001,Tarjeta Crédito
TXN-00014837,CTA-964033,CLI-54320,2026-06-25 00:08:00,461347.42,CRC,pago,atm,PU-001,Cuenta Ahorro
TXN-00014838,CTA-410128,CLI-20039,2026-06-30 13:54:00,687301.92,CRC,transferencia,web,SJ-002,Préstamo Personal
TXN-00014839,CTA-368697,CLI-98966,2026-06-16 10:44:00,4100997.32,CRC,transferencia,app_movil,SJ-001,Préstamo Personal
TXN-00014840,CTA-997683,CLI-68966,2026-06-26 16:24:00,194366.02,CRC,pago,app_movil,CA-001,Cuenta Ahorro
TXN-00014841,CTA-560699,CLI-57310,2026-06-10 00:50:00,591585.13,CRC,deposito,sinpe,AL-001,Cuenta Ahorro
TXN-00014842,CTA-772761,CLI-99522,2026-06-13 09:51:00,2529604.36,CRC,retiro,web,HE-001,Cuenta Ahorro
TXN-00014843,CTA-144677,CLI-94088,2026-06-07 17:33:00,2368101.6,CRC,deposito,atm,LI-002,Tarjeta Crédito
TXN-00014844,CTA-814377,CLI-52233,2026-06-29 02:54:00,4361338.0,CRC,retiro,web,SJ-001,Préstamo Personal
TXN-00014845,CTA-870670,CLI-83069,2026-06-30 11:42:00,1139595.68,CRC,deposito,web,SJ-002,Préstamo Personal
TXN-00014846,CTA-833444,CLI-13233,2026-06-23 06:23:00,4852187.43,CRC,comision,app_movil,AL-001,Préstamo Hipotecario
TXN-00014847,CTA-820645,CLI-73177,2026-06-18 15:31:00,2886401.18,CRC,deposito,web,HE-001,Préstamo Personal
TXN-00014848,CTA-334224,CLI-60638,2026-06-07 23:57:00,2871627.14,CRC,deposito,sinpe,PU-001,Tarjeta Crédito
TXN-00014849,CTA-381697,CLI-89219,2026-06-29 18:31:00,3061341.96,CRC,retiro,sucursal,CA-001,Cuenta Corriente
TXN-00014850,CTA-536422,CLI-69372,2026-06-18 22:41:00,3002196.11,CRC,retiro,sucursal,LI-002,Cuenta Corriente
TXN-00014851,CTA-769549,CLI-85702,2026-06-18 18:29:00,4324069.38,CRC,comision,sinpe,LI-002,Tarjeta Crédito
TXN-00014852,CTA-342604,CLI-41658,2026-06-18 22:48:00,574841.39,CRC,comision,sucursal,PU-001,Préstamo Personal
TXN-00014853,CTA-644204,CLI-35709,2026-06-07 19:14:00,3577749.5,CRC,pago,sinpe,SJ-002,Préstamo Hipotecario
TXN-00014854,CTA-744040,CLI-27500,2026-06-16 07:09:00,1900708.48,CRC,transferencia,atm,AL-001,Tarjeta Crédito
TXN-00014855,CTA-176317,CLI-60046,2026-06-09 05:26:00,666750.66,CRC,deposito,web,LI-001,Préstamo Personal
TXN-00014856,CTA-346462,CLI-84626,2026-06-12 01:25:00,920288.78,CRC,transferencia,app_movil,LI-002,Préstamo Personal
TXN-00014857,CTA-928290,CLI-79638,2026-06-13 06:11:00,3131471.71,CRC,transferencia,sinpe,LI-001,Cuenta Corriente
TXN-00014858,CTA-553861,CLI-70698,2026-06-11 16:48:00,3721709.06,CRC,retiro,sucursal,AL-001,Tarjeta Crédito
TXN-00014859,CTA-317854,CLI-68112,2026-06-14 01:14:00,2104049.67,CRC,comision,sinpe,SJ-002,Cuenta Ahorro
TXN-00014860,CTA-731289,CLI-57621,2026-06-18 22:58:00,1436353.02,CRC,retiro,web,LI-001,Préstamo Hipotecario
TXN-00014861,CTA-867004,CLI-36513,2026-06-23 02:18:00,3414365.92,CRC,retiro,app_movil,SJ-002,Cuenta Ahorro
TXN-00014862,CTA-217100,CLI-10030,2026-06-04 02:21:00,4531842.62,CRC,retiro,sucursal,CA-001,Préstamo Personal
TXN-00014863,CTA-193386,CLI-87001,2026-06-12 06:05:00,3850791.8,CRC,deposito,sucursal,CA-001,Tarjeta Crédito
TXN-00014864,CTA-730342,CLI-25351,2026-06-11 14:03:00,2152179.11,CRC,pago,sucursal,SJ-002,Cuenta Ahorro
TXN-00014865,CTA-436729,CLI-17013,2026-06-27 15:53:00,832390.77,CRC,deposito,app_movil,CA-001,Préstamo Hipotecario
TXN-00014866,CTA-939207,CLI-73939,2026-06-17 19:08:00,2725462.77,CRC,pago,sucursal,AL-001,Préstamo Hipotecario
TXN-00014867,CTA-915936,CLI-14531,2026-06-07 05:11:00,1009126.42,CRC,pago,web,LI-001,Préstamo Personal
TXN-00014868,CTA-535934,CLI-80280,2026-06-01 00:57:00,1141437.36,CRC,transferencia,sucursal,SJ-002,Cuenta Corriente
TXN-00014869,CTA-114626,CLI-65128,2026-06-04 14:21:00,2975747.39,CRC,deposito,atm,HE-001,Préstamo Personal
TXN-00014870,CTA-304245,CLI-63806,2026-06-22 05:25:00,872626.12,CRC,pago,app_movil,CA-001,Tarjeta Crédito
TXN-00014871,CTA-213494,CLI-12488,2026-06-12 06:53:00,3571610.37,CRC,transferencia,app_movil,PU-001,Tarjeta Crédito
TXN-00014872,CTA-164971,CLI-70082,2026-06-05 05:28:00,1306029.61,CRC,retiro,sinpe,CA-001,Cuenta Ahorro
TXN-00014873,CTA-425844,CLI-60679,2026-06-17 00:23:00,3388205.92,CRC,comision,app_movil,LI-001,Préstamo Personal
TXN-00014874,CTA-349838,CLI-35331,2026-06-05 06:18:00,3338978.96,CRC,comision,sinpe,LI-001,Préstamo Personal
TXN-00014875,CTA-577387,CLI-33605,2026-06-06 04:01:00,1144399.38,CRC,transferencia,sucursal,CA-001,Cuenta Ahorro
TXN-00014876,CTA-689914,CLI-18154,2026-06-28 20:37:00,3200370.32,CRC,retiro,sucursal,LI-002,Cuenta Ahorro
TXN-00014877,CTA-391353,CLI-81513,2026-06-10 04:15:00,4278163.76,CRC,transferencia,web,CA-001,Cuenta Corriente
TXN-00014878,CTA-320282,CLI-10205,2026-06-03 19:26:00,198568.31,CRC,deposito,sinpe,PU-001,Préstamo Personal
TXN-00014879,CTA-763634,CLI-90537,2026-06-11 05:04:00,1299882.7,CRC,comision,sucursal,PU-001,Préstamo Personal
TXN-00014880,CTA-776491,CLI-78915,2026-06-29 01:18:00,1320329.54,CRC,comision,sinpe,AL-001,Cuenta Corriente
TXN-00014881,CTA-509070,CLI-16911,2026-06-23 18:09:00,3851351.58,CRC,comision,app_movil,LI-001,Préstamo Hipotecario
TXN-00014882,CTA-127227,CLI-61887,2026-06-28 09:22:00,1306877.53,CRC,comision,sucursal,HE-001,Tarjeta Crédito
TXN-00014883,CTA-208948,CLI-85850,2026-06-18 11:20:00,640976.82,CRC,retiro,app_movil,LI-001,Tarjeta Crédito
TXN-00014884,CTA-211125,CLI-43839,2026-06-18 04:25:00,3419830.07,CRC,pago,sucursal,LI-002,Préstamo Personal
TXN-00014885,CTA-277090,CLI-29937,2026-06-23 16:04:00,1388011.87,CRC,deposito,sinpe,SJ-001,Préstamo Personal
TXN-00014886,CTA-199044,CLI-86635,2026-06-19 02:34:00,2561562.27,CRC,deposito,sucursal,HE-001,Cuenta Ahorro
TXN-00014887,CTA-955799,CLI-77678,2026-06-03 23:34:00,3485839.66,CRC,deposito,sucursal,LI-002,Tarjeta Crédito
TXN-00014888,CTA-973818,CLI-57585,2026-06-05 19:19:00,1308024.26,CRC,transferencia,web,PU-001,Tarjeta Crédito
TXN-00014889,CTA-773501,CLI-95910,2026-06-10 23:20:00,3067446.24,CRC,comision,app_movil,CA-001,Préstamo Personal
TXN-00014890,CTA-779546,CLI-37018,2026-06-02 05:49:00,4216528.82,CRC,deposito,app_movil,CA-001,Cuenta Ahorro
TXN-00014891,CTA-569455,CLI-36969,2026-06-17 21:51:00,424821.24,CRC,transferencia,sucursal,SJ-002,Préstamo Personal
TXN-00014892,CTA-839901,CLI-20644,2026-06-23 10:33:00,3998231.48,CRC,retiro,atm,LI-002,Préstamo Hipotecario
TXN-00014893,CTA-639957,CLI-52728,2026-06-06 22:55:00,3556395.46,CRC,transferencia,atm,SJ-001,Tarjeta Crédito
TXN-00014894,CTA-188192,CLI-83476,2026-06-17 00:58:00,63820.31,CRC,deposito,app_movil,LI-001,Préstamo Personal
TXN-00014895,CTA-663747,CLI-94819,2026-06-18 01:18:00,3954747.36,CRC,pago,app_movil,HE-001,Préstamo Hipotecario
TXN-00014896,CTA-674590,CLI-38525,2026-06-23 23:38:00,4807554.33,CRC,retiro,app_movil,CA-001,Préstamo Hipotecario
TXN-00014897,CTA-337278,CLI-67786,2026-06-25 14:33:00,106734.24,CRC,retiro,sinpe,SJ-001,Cuenta Corriente
TXN-00014898,CTA-793451,CLI-40577,2026-06-11 20:23:00,3841021.1,CRC,pago,app_movil,CA-001,Cuenta Ahorro
TXN-00014899,CTA-318355,CLI-99756,2026-06-09 07:37:00,2832402.76,CRC,retiro,sucursal,LI-002,Cuenta Ahorro
TXN-00014900,CTA-147587,CLI-48950,2026-06-16 10:49:00,3154574.35,CRC,comision,app_movil,CA-001,Cuenta Corriente
TXN-00014901,CTA-992412,CLI-57726,2026-06-01 23:40:00,1445351.78,CRC,comision,sucursal,SJ-002,Cuenta Ahorro
TXN-00014902,CTA-888136,CLI-12576,2026-06-02 02:14:00,4170147.44,CRC,pago,atm,PU-001,Cuenta Ahorro
TXN-00014903,CTA-704701,CLI-46454,2026-06-21 06:36:00,724805.27,CRC,pago,sucursal,LI-002,Cuenta Corriente
TXN-00014904,CTA-616087,CLI-13125,2026-06-14 04:18:00,903904.77,CRC,retiro,sucursal,SJ-002,Préstamo Hipotecario
TXN-00014905,CTA-778044,CLI-27620,2026-06-16 16:13:00,4830617.85,CRC,comision,web,LI-002,Tarjeta Crédito
TXN-00014906,CTA-573232,CLI-62034,2026-06-16 05:45:00,851809.12,CRC,pago,app_movil,SJ-001,Préstamo Personal
TXN-00014907,CTA-687561,CLI-47804,2026-06-24 00:16:00,2600753.66,CRC,comision,sinpe,LI-001,Cuenta Corriente
TXN-00014908,CTA-516426,CLI-44971,2026-06-22 09:32:00,4415021.57,CRC,transferencia,atm,AL-001,Cuenta Corriente
TXN-00014909,CTA-315456,CLI-18389,2026-06-24 03:03:00,1425095.62,CRC,retiro,sucursal,SJ-002,Cuenta Ahorro
TXN-00014910,CTA-829750,CLI-92077,2026-06-25 22:58:00,3097779.81,CRC,deposito,web,AL-001,Cuenta Corriente
TXN-00014911,CTA-893048,CLI-51068,2026-06-03 18:43:00,968879.51,CRC,transferencia,atm,LI-002,Tarjeta Crédito
TXN-00014912,CTA-190064,CLI-74510,2026-06-05 21:58:00,2910705.68,CRC,deposito,atm,CA-001,Préstamo Personal
TXN-00014913,CTA-302191,CLI-89827,2026-06-13 06:48:00,450800.99,CRC,pago,atm,AL-001,Cuenta Ahorro
TXN-00014914,CTA-662494,CLI-98912,2026-06-12 10:43:00,2532855.49,CRC,comision,sucursal,LI-001,Cuenta Ahorro
TXN-00014915,CTA-616261,CLI-38780,2026-06-21 01:56:00,3679553.98,CRC,transferencia,sucursal,SJ-001,Cuenta Ahorro
TXN-00014916,CTA-992262,CLI-30423,2026-06-09 00:17:00,3392078.39,CRC,retiro,sucursal,LI-002,Cuenta Corriente
TXN-00014917,CTA-930972,CLI-70607,2026-06-12 08:22:00,3314299.19,CRC,pago,web,SJ-001,Cuenta Ahorro
TXN-00014918,CTA-880619,CLI-50485,2026-06-15 21:24:00,4885642.18,CRC,comision,app_movil,HE-001,Préstamo Personal
TXN-00014919,CTA-163119,CLI-37782,2026-06-27 22:39:00,683797.17,CRC,transferencia,app_movil,AL-001,Tarjeta Crédito
TXN-00014920,CTA-580759,CLI-52561,2026-06-17 04:53:00,628173.46,CRC,pago,atm,PU-001,Cuenta Corriente
TXN-00014921,CTA-537457,CLI-75600,2026-06-29 01:06:00,3947717.35,CRC,pago,sucursal,PU-001,Préstamo Personal
TXN-00014922,CTA-546426,CLI-46918,2026-06-30 05:57:00,1864192.94,CRC,retiro,atm,LI-002,Préstamo Personal
TXN-00014923,CTA-884449,CLI-30661,2026-06-26 10:50:00,154671.62,CRC,transferencia,app_movil,AL-001,Cuenta Corriente
TXN-00014924,CTA-986561,CLI-94313,2026-06-13 01:27:00,1257572.09,CRC,pago,sinpe,CA-001,Tarjeta Crédito
TXN-00014925,CTA-896760,CLI-82967,2026-06-17 07:13:00,3981166.51,CRC,pago,app_movil,PU-001,Cuenta Corriente
TXN-00014926,CTA-749657,CLI-83938,2026-06-14 13:43:00,2265340.6,CRC,comision,web,AL-001,Cuenta Corriente
TXN-00014927,CTA-128347,CLI-77454,2026-06-11 22:12:00,3758340.92,CRC,comision,app_movil,CA-001,Tarjeta Crédito
TXN-00014928,CTA-481406,CLI-16198,2026-06-29 14:35:00,1364115.65,CRC,pago,web,SJ-001,Cuenta Ahorro
TXN-00014929,CTA-858209,CLI-98248,2026-06-19 19:54:00,854227.35,CRC,transferencia,sucursal,CA-001,Cuenta Corriente
TXN-00014930,CTA-217959,CLI-44604,2026-06-10 12:15:00,1921408.02,CRC,comision,sucursal,PU-001,Cuenta Corriente
TXN-00014931,CTA-445768,CLI-72815,2026-06-04 02:42:00,3227934.08,CRC,pago,sucursal,PU-001,Préstamo Hipotecario
TXN-00014932,CTA-567966,CLI-36030,2026-06-15 07:28:00,3743750.58,CRC,comision,app_movil,LI-002,Cuenta Ahorro
TXN-00014933,CTA-291615,CLI-74668,2026-06-13 21:39:00,2061856.07,CRC,deposito,web,SJ-002,Tarjeta Crédito
TXN-00014934,CTA-744534,CLI-35474,2026-06-30 09:33:00,4140026.6,CRC,retiro,sinpe,LI-002,Tarjeta Crédito
TXN-00014935,CTA-573075,CLI-80855,2026-06-14 08:10:00,2733234.66,CRC,transferencia,sinpe,CA-001,Préstamo Personal
TXN-00014936,CTA-594202,CLI-46234,2026-06-24 10:31:00,357102.2,CRC,comision,sucursal,CA-001,Préstamo Personal
TXN-00014937,CTA-159485,CLI-19370,2026-06-18 04:46:00,4376488.21,CRC,transferencia,sinpe,SJ-002,Préstamo Hipotecario
TXN-00014938,CTA-457703,CLI-92280,2026-06-06 23:50:00,737741.57,CRC,deposito,web,SJ-001,Préstamo Hipotecario
TXN-00014939,CTA-209411,CLI-79643,2026-06-28 02:27:00,2038109.68,CRC,transferencia,app_movil,LI-001,Préstamo Personal
TXN-00014940,CTA-793834,CLI-30133,2026-06-18 06:02:00,3918816.67,CRC,transferencia,atm,CA-001,Tarjeta Crédito
TXN-00014941,CTA-891016,CLI-10884,2026-06-09 21:17:00,360574.51,CRC,transferencia,sucursal,HE-001,Préstamo Hipotecario
TXN-00014942,CTA-185210,CLI-45386,2026-06-23 12:41:00,3855516.34,CRC,pago,sinpe,CA-001,Cuenta Ahorro
TXN-00014943,CTA-784039,CLI-36972,2026-06-04 01:07:00,1413794.26,CRC,retiro,app_movil,AL-001,Préstamo Hipotecario
TXN-00014944,CTA-788795,CLI-71088,2026-06-12 05:31:00,3514524.35,CRC,retiro,sinpe,SJ-002,Préstamo Hipotecario
TXN-00014945,CTA-249200,CLI-75137,2026-06-02 02:05:00,3305002.41,CRC,comision,web,AL-001,Préstamo Hipotecario
TXN-00014946,CTA-337704,CLI-97484,2026-06-06 16:41:00,3021891.31,CRC,deposito,app_movil,AL-001,Cuenta Ahorro
TXN-00014947,CTA-264917,CLI-65744,2026-06-05 08:00:00,40424.56,CRC,transferencia,atm,SJ-002,Cuenta Ahorro
TXN-00014948,CTA-971128,CLI-66152,2026-06-03 23:37:00,1905562.39,CRC,deposito,web,HE-001,Tarjeta Crédito
TXN-00014949,CTA-456174,CLI-42429,2026-06-22 20:05:00,3983634.12,CRC,comision,sucursal,AL-001,Préstamo Hipotecario
TXN-00014950,CTA-399317,CLI-17319,2026-06-30 06:34:00,867423.69,CRC,deposito,sinpe,HE-001,Préstamo Hipotecario
TXN-00014951,CTA-294440,CLI-10456,2026-06-22 20:45:00,2228042.86,CRC,pago,atm,SJ-002,Cuenta Ahorro
TXN-00014952,CTA-360903,CLI-61758,2026-06-15 20:37:00,3597709.94,CRC,retiro,sinpe,PU-001,Cuenta Corriente
TXN-00014953,CTA-296509,CLI-21945,2026-06-09 18:57:00,95482.75,CRC,retiro,app_movil,SJ-002,Préstamo Hipotecario
TXN-00014954,CTA-272367,CLI-87522,2026-06-28 15:37:00,1956310.2,CRC,deposito,web,PU-001,Cuenta Ahorro
TXN-00014955,CTA-224329,CLI-97011,2026-06-14 15:43:00,3504193.84,CRC,retiro,web,LI-002,Cuenta Ahorro
TXN-00014956,CTA-599527,CLI-64019,2026-06-16 22:28:00,2475020.86,CRC,transferencia,sucursal,AL-001,Préstamo Personal
TXN-00014957,CTA-774392,CLI-67791,2026-06-13 11:30:00,2849714.0,CRC,deposito,sucursal,CA-001,Cuenta Ahorro
TXN-00014958,CTA-845605,CLI-41433,2026-06-28 09:57:00,1690374.35,CRC,retiro,atm,LI-002,Préstamo Personal
TXN-00014959,CTA-149612,CLI-59029,2026-06-10 13:32:00,4173792.7,CRC,deposito,sinpe,PU-001,Tarjeta Crédito
TXN-00014960,CTA-422573,CLI-49995,2026-06-12 19:36:00,1895498.93,CRC,retiro,atm,SJ-001,Cuenta Corriente
TXN-00014961,CTA-355752,CLI-97523,2026-06-02 17:34:00,3436405.65,CRC,comision,atm,PU-001,Préstamo Hipotecario
TXN-00014962,CTA-733706,CLI-90298,2026-06-17 17:12:00,789117.34,CRC,deposito,web,SJ-002,Tarjeta Crédito
TXN-00014963,CTA-964774,CLI-93507,2026-06-03 02:43:00,446228.17,CRC,comision,atm,SJ-001,Préstamo Hipotecario
TXN-00014964,CTA-649250,CLI-66942,2026-06-28 12:55:00,3143323.16,CRC,pago,app_movil,AL-001,Préstamo Hipotecario
TXN-00014965,CTA-696723,CLI-77649,2026-06-16 15:21:00,862819.07,CRC,retiro,atm,PU-001,Préstamo Hipotecario
TXN-00014966,CTA-533748,CLI-38246,2026-06-29 02:31:00,1995648.34,CRC,pago,sucursal,LI-001,Tarjeta Crédito
TXN-00014967,CTA-789343,CLI-97239,2026-06-11 12:56:00,3613947.41,CRC,comision,app_movil,SJ-001,Cuenta Ahorro
TXN-00014968,CTA-769135,CLI-13549,2026-06-21 08:07:00,2175123.48,CRC,pago,sinpe,PU-001,Cuenta Ahorro
TXN-00014969,CTA-308322,CLI-78376,2026-06-14 20:51:00,1270640.73,CRC,retiro,atm,CA-001,Préstamo Hipotecario
TXN-00014970,CTA-210977,CLI-32257,2026-06-10 20:32:00,1117427.16,CRC,transferencia,sinpe,SJ-001,Tarjeta Crédito
TXN-00014971,CTA-176619,CLI-38495,2026-06-17 04:23:00,3629672.4,CRC,pago,atm,HE-001,Cuenta Ahorro
TXN-00014972,CTA-903948,CLI-94947,2026-06-03 17:41:00,3334178.89,CRC,comision,sucursal,AL-001,Préstamo Hipotecario
TXN-00014973,CTA-678206,CLI-93175,2026-06-04 15:32:00,2564573.79,CRC,transferencia,sucursal,SJ-001,Préstamo Hipotecario
TXN-00014974,CTA-755554,CLI-21999,2026-06-12 01:24:00,3564391.38,CRC,retiro,sucursal,AL-001,Cuenta Corriente
TXN-00014975,CTA-171960,CLI-12999,2026-06-12 03:15:00,2879926.35,CRC,pago,atm,SJ-002,Cuenta Ahorro
TXN-00014976,CTA-654693,CLI-80841,2026-06-22 22:13:00,4903082.68,CRC,transferencia,web,PU-001,Préstamo Hipotecario
TXN-00014977,CTA-719416,CLI-62294,2026-06-06 13:28:00,4636709.4,CRC,comision,atm,LI-001,Préstamo Hipotecario
TXN-00014978,CTA-608152,CLI-91923,2026-06-12 10:21:00,4427683.1,CRC,retiro,web,AL-001,Cuenta Corriente
TXN-00014979,CTA-759364,CLI-51931,2026-06-24 07:03:00,494125.51,CRC,comision,app_movil,AL-001,Cuenta Ahorro
TXN-00014980,CTA-340208,CLI-25894,2026-06-26 18:15:00,3442537.9,CRC,deposito,web,AL-001,Préstamo Hipotecario
TXN-00014981,CTA-733316,CLI-92984,2026-06-14 02:28:00,2185545.03,CRC,transferencia,web,PU-001,Cuenta Corriente
TXN-00014982,CTA-270803,CLI-38342,2026-06-21 02:58:00,2694163.35,CRC,retiro,web,SJ-002,Cuenta Ahorro
TXN-00014983,CTA-840767,CLI-83774,2026-06-25 21:52:00,3275286.18,CRC,pago,atm,AL-001,Cuenta Corriente
TXN-00014984,CTA-180356,CLI-92590,2026-06-12 04:19:00,1148958.1,CRC,pago,web,LI-002,Cuenta Corriente
TXN-00014985,CTA-213004,CLI-49966,2026-06-18 02:40:00,1630920.9,CRC,comision,app_movil,LI-002,Tarjeta Crédito
TXN-00014986,CTA-484778,CLI-96875,2026-06-24 04:59:00,2728837.35,CRC,retiro,app_movil,LI-001,Cuenta Corriente
TXN-00014987,CTA-462920,CLI-44958,2026-06-08 04:12:00,1383587.63,CRC,deposito,app_movil,HE-001,Préstamo Personal
TXN-00014988,CTA-828299,CLI-75252,2026-06-08 06:46:00,3187552.74,CRC,transferencia,sinpe,SJ-002,Préstamo Hipotecario
TXN-00014989,CTA-505306,CLI-13584,2026-06-05 03:07:00,4046438.15,CRC,pago,web,SJ-001,Cuenta Corriente
TXN-00014990,CTA-165430,CLI-24697,2026-06-14 04:28:00,2090924.55,CRC,pago,sucursal,LI-001,Préstamo Hipotecario
TXN-00014991,CTA-741079,CLI-92326,2026-06-16 18:48:00,1246456.2,CRC,pago,sinpe,LI-002,Tarjeta Crédito
TXN-00014992,CTA-384612,CLI-99635,2026-06-21 22:11:00,2756733.56,CRC,transferencia,app_movil,SJ-001,Préstamo Hipotecario
TXN-00014993,CTA-847828,CLI-81015,2026-06-07 04:08:00,4872112.69,CRC,retiro,sinpe,CA-001,Tarjeta Crédito
TXN-00014994,CTA-828229,CLI-57572,2026-06-08 15:17:00,4022862.84,CRC,retiro,sucursal,PU-001,Tarjeta Crédito
TXN-00014995,CTA-983273,CLI-84158,2026-06-20 18:25:00,2713685.59,CRC,comision,sucursal,LI-001,Cuenta Corriente
TXN-00014996,CTA-133859,CLI-87719,2026-06-20 23:56:00,4646203.73,CRC,deposito,app_movil,CA-001,Préstamo Hipotecario
TXN-00014997,CTA-960335,CLI-67036,2026-06-04 08:34:00,4141804.23,CRC,comision,app_movil,CA-001,Cuenta Corriente
TXN-00014998,CTA-196012,CLI-57716,2026-06-11 10:02:00,3118405.93,CRC,transferencia,atm,PU-001,Cuenta Ahorro
TXN-00014999,CTA-615017,CLI-61859,2026-06-20 12:14:00,788756.46,CRC,deposito,atm,SJ-001,Cuenta Corriente
TXN-00015000,CTA-358219,CLI-21689,2026-06-26 13:14:00,2928725.54,CRC,deposito,atm,SJ-002,Cuenta Ahorro
