transaccion_id,cuenta_id,cliente_id,fecha_hora,monto,moneda,tipo_transaccion,canal,sucursal_id,producto
TXN-00000001,CTA-388389,CLI-42098,2026-06-30 02:25:00,126028.77,CRC,retiro,sucursal,SJ-002,Cuenta Corriente
TXN-00000002,CTA-133326,CLI-13905,2026-06-25 19:41:00,2952872.07,CRC,deposito,sucursal,SJ-002,Cuenta Ahorro
TXN-00000003,CTA-850800,CLI-95181,2026-06-23 23:58:00,2806664.07,CRC,comision,web,SJ-001,Cuenta Ahorro
TXN-00000004,CTA-106814,CLI-30926,2026-06-21 10:39:00,4047342.85,CRC,pago,atm,HE-001,Tarjeta Crédito
TXN-00000005,CTA-452944,CLI-23396,2026-06-08 01:49:00,4786108.15,CRC,deposito,web,CA-001,Cuenta Corriente
TXN-00000006,CTA-946335,CLI-15695,2026-06-17 08:06:00,3019026.43,CRC,pago,sinpe,LI-001,Cuenta Corriente
TXN-00000007,CTA-969693,CLI-92397,2026-06-18 05:27:00,2760651.12,CRC,comision,atm,SJ-002,Préstamo Hipotecario
TXN-00000008,CTA-338968,CLI-47930,2026-06-09 18:01:00,230076.09,CRC,deposito,sucursal,SJ-002,Cuenta Corriente
TXN-00000009,CTA-974628,CLI-57819,2026-06-18 07:11:00,2267598.1,CRC,retiro,atm,HE-001,Tarjeta Crédito
TXN-00000010,CTA-816751,CLI-94939,2026-06-10 12:50:00,3509399.75,CRC,deposito,sinpe,HE-001,Cuenta Ahorro
TXN-00000011,CTA-497887,CLI-45382,2026-06-25 07:25:00,817849.07,CRC,comision,sucursal,CA-001,Tarjeta Crédito
TXN-00000012,CTA-944151,CLI-51347,2026-06-03 13:05:00,4109191.17,CRC,pago,atm,CA-001,Cuenta Corriente
TXN-00000013,CTA-623481,CLI-61856,2026-06-10 14:26:00,1063920.09,CRC,pago,sucursal,LI-001,Tarjeta Crédito
TXN-00000014,CTA-665158,CLI-44438,2026-06-07 08:30:00,3725199.92,CRC,comision,web,CA-001,Préstamo Hipotecario
TXN-00000015,CTA-245051,CLI-76784,2026-06-19 04:15:00,1097384.48,CRC,pago,app_movil,LI-001,Cuenta Corriente
TXN-00000016,CTA-930555,CLI-99192,2026-06-05 23:45:00,3137602.76,CRC,pago,sinpe,AL-001,Cuenta Corriente
TXN-00000017,CTA-590785,CLI-79352,2026-06-18 12:16:00,2979846.25,CRC,transferencia,sinpe,PU-001,Cuenta Corriente
TXN-00000018,CTA-456699,CLI-24621,2026-06-06 05:07:00,3843225.06,CRC,transferencia,web,HE-001,Cuenta Ahorro
TXN-00000019,CTA-854639,CLI-44522,2026-06-21 15:35:00,4769125.82,CRC,comision,sucursal,SJ-001,Préstamo Hipotecario
TXN-00000020,CTA-632323,CLI-89818,2026-06-05 20:13:00,4208505.07,CRC,retiro,sucursal,HE-001,Tarjeta Crédito
TXN-00000021,CTA-612340,CLI-12552,2026-06-08 08:27:00,2995123.98,CRC,deposito,atm,SJ-001,Tarjeta Crédito
TXN-00000022,CTA-694916,CLI-20322,2026-06-11 21:32:00,1205117.09,CRC,deposito,web,SJ-001,Cuenta Corriente
TXN-00000023,CTA-598369,CLI-82063,2026-06-25 05:51:00,642828.93,CRC,retiro,atm,AL-001,Préstamo Hipotecario
TXN-00000024,CTA-665492,CLI-36365,2026-06-28 14:33:00,4821850.17,CRC,transferencia,web,PU-001,Tarjeta Crédito
TXN-00000025,CTA-335612,CLI-18392,2026-06-20 22:31:00,605899.98,CRC,transferencia,app_movil,LI-002,Préstamo Hipotecario
TXN-00000026,CTA-107540,CLI-19305,2026-06-26 05:01:00,2942612.13,CRC,deposito,sucursal,CA-001,Cuenta Corriente
TXN-00000027,CTA-349565,CLI-46500,2026-06-02 10:18:00,355215.89,CRC,pago,sucursal,LI-001,Préstamo Hipotecario
TXN-00000028,CTA-595948,CLI-63354,2026-06-07 00:31:00,1215743.21,CRC,retiro,app_movil,LI-002,Cuenta Corriente
TXN-00000029,CTA-531071,CLI-71213,2026-06-30 23:47:00,1772133.54,CRC,deposito,app_movil,PU-001,Cuenta Corriente
TXN-00000030,CTA-214576,CLI-42591,2026-06-19 07:46:00,4003161.96,CRC,retiro,sucursal,LI-001,Préstamo Hipotecario
TXN-00000031,CTA-392075,CLI-70637,2026-06-21 10:00:00,2109986.32,CRC,retiro,app_movil,AL-001,Préstamo Personal
TXN-00000032,CTA-666847,CLI-11934,2026-06-26 01:06:00,253891.06,CRC,deposito,sucursal,SJ-002,Cuenta Ahorro
TXN-00000033,CTA-520521,CLI-17685,2026-06-19 11:54:00,2407310.73,CRC,retiro,web,LI-002,Cuenta Corriente
TXN-00000034,CTA-923267,CLI-69638,2026-06-18 18:26:00,4632663.85,CRC,transferencia,web,HE-001,Préstamo Hipotecario
TXN-00000035,CTA-328275,CLI-17665,2026-06-23 03:34:00,950299.44,CRC,comision,sinpe,AL-001,Cuenta Corriente
TXN-00000036,CTA-599948,CLI-75909,2026-06-15 06:32:00,251661.54,CRC,comision,sucursal,SJ-001,Cuenta Corriente
TXN-00000037,CTA-171849,CLI-87992,2026-06-24 02:41:00,4256861.38,CRC,deposito,sucursal,SJ-002,Préstamo Personal
TXN-00000038,CTA-141672,CLI-91183,2026-06-06 10:56:00,2895016.37,CRC,deposito,web,CA-001,Préstamo Hipotecario
TXN-00000039,CTA-314181,CLI-97782,2026-06-26 17:22:00,4673596.58,CRC,transferencia,sucursal,LI-001,Tarjeta Crédito
TXN-00000040,CTA-414569,CLI-69929,2026-06-19 00:18:00,3358779.42,CRC,transferencia,app_movil,AL-001,Cuenta Corriente
TXN-00000041,CTA-323508,CLI-76307,2026-06-21 20:34:00,367230.34,CRC,transferencia,sucursal,SJ-002,Tarjeta Crédito
TXN-00000042,CTA-265409,CLI-67433,2026-06-04 03:08:00,1848265.92,CRC,comision,atm,CA-001,Préstamo Hipotecario
TXN-00000043,CTA-681542,CLI-49240,2026-06-30 18:18:00,3339648.16,CRC,deposito,sucursal,SJ-001,Tarjeta Crédito
TXN-00000044,CTA-262998,CLI-45697,2026-06-06 06:04:00,3712341.0,CRC,transferencia,sinpe,SJ-002,Cuenta Ahorro
TXN-00000045,CTA-994343,CLI-44600,2026-06-16 14:31:00,3437798.15,CRC,comision,web,CA-001,Tarjeta Crédito
TXN-00000046,CTA-969634,CLI-46265,2026-06-03 07:29:00,3171787.95,CRC,deposito,app_movil,SJ-002,Tarjeta Crédito
TXN-00000047,CTA-563298,CLI-82309,2026-06-06 22:53:00,808748.3,CRC,pago,sinpe,HE-001,Cuenta Corriente
TXN-00000048,CTA-824586,CLI-29536,2026-06-06 02:11:00,4725309.64,CRC,comision,app_movil,SJ-002,Tarjeta Crédito
TXN-00000049,CTA-143860,CLI-50404,2026-06-27 12:15:00,2149503.78,CRC,transferencia,app_movil,AL-001,Tarjeta Crédito
TXN-00000050,CTA-470858,CLI-83385,2026-06-10 13:27:00,3335000.12,CRC,pago,sinpe,CA-001,Cuenta Ahorro
TXN-00000051,CTA-950155,CLI-33206,2026-06-11 18:34:00,4881053.96,CRC,pago,app_movil,AL-001,Cuenta Ahorro
TXN-00000052,CTA-870763,CLI-42527,2026-06-16 02:50:00,4011373.46,CRC,transferencia,sucursal,PU-001,Cuenta Corriente
TXN-00000053,CTA-333238,CLI-36158,2026-06-18 09:50:00,4293107.66,CRC,pago,atm,SJ-001,Tarjeta Crédito
TXN-00000054,CTA-302511,CLI-62227,2026-06-11 08:35:00,119298.51,CRC,transferencia,atm,CA-001,Cuenta Corriente
TXN-00000055,CTA-519093,CLI-99065,2026-06-13 16:52:00,3207767.21,CRC,comision,atm,LI-001,Cuenta Corriente
TXN-00000056,CTA-378361,CLI-15014,2026-06-06 05:59:00,893660.51,CRC,deposito,sinpe,HE-001,Préstamo Personal
TXN-00000057,CTA-636265,CLI-25157,2026-06-16 17:34:00,2182533.03,CRC,pago,sinpe,LI-001,Cuenta Ahorro
TXN-00000058,CTA-101773,CLI-78146,2026-06-12 14:13:00,3544217.63,CRC,comision,sucursal,SJ-001,Tarjeta Crédito
TXN-00000059,CTA-446239,CLI-91678,2026-06-20 15:05:00,4744423.56,CRC,transferencia,app_movil,SJ-002,Tarjeta Crédito
TXN-00000060,CTA-442027,CLI-62743,2026-06-24 01:54:00,3334797.63,CRC,transferencia,sinpe,HE-001,Cuenta Ahorro
TXN-00000061,CTA-497562,CLI-98777,2026-06-09 17:32:00,3324982.24,CRC,retiro,sinpe,PU-001,Préstamo Hipotecario
TXN-00000062,CTA-100425,CLI-49829,2026-06-14 16:43:00,2740138.13,CRC,transferencia,sucursal,PU-001,Préstamo Personal
TXN-00000063,CTA-563638,CLI-98555,2026-06-27 09:29:00,2325475.96,CRC,retiro,sinpe,LI-001,Préstamo Personal
TXN-00000064,CTA-796101,CLI-92960,2026-06-08 17:20:00,1419648.24,CRC,comision,atm,SJ-002,Cuenta Corriente
TXN-00000065,CTA-308802,CLI-29313,2026-06-11 16:32:00,1123978.69,CRC,deposito,app_movil,HE-001,Cuenta Ahorro
TXN-00000066,CTA-760356,CLI-85454,2026-06-22 14:58:00,2277625.43,CRC,retiro,web,SJ-002,Préstamo Personal
TXN-00000067,CTA-821024,CLI-10726,2026-06-19 04:31:00,738709.15,CRC,deposito,web,CA-001,Cuenta Ahorro
TXN-00000068,CTA-361303,CLI-25906,2026-06-09 00:06:00,252041.71,CRC,pago,sucursal,LI-002,Préstamo Personal
TXN-00000069,CTA-564071,CLI-90301,2026-06-25 04:08:00,4750248.0,CRC,comision,web,LI-001,Préstamo Hipotecario
TXN-00000070,CTA-597732,CLI-68991,2026-06-21 07:03:00,3718533.56,CRC,transferencia,sucursal,AL-001,Tarjeta Crédito
TXN-00000071,CTA-387936,CLI-67654,2026-06-24 17:23:00,3134115.44,CRC,deposito,atm,LI-002,Cuenta Ahorro
TXN-00000072,CTA-666390,CLI-20561,2026-06-13 08:47:00,1599228.13,CRC,retiro,sucursal,LI-001,Cuenta Ahorro
TXN-00000073,CTA-167348,CLI-64377,2026-06-18 10:22:00,3532389.29,CRC,pago,atm,AL-001,Préstamo Hipotecario
TXN-00000074,CTA-973349,CLI-65069,2026-06-22 04:54:00,312266.29,CRC,pago,sinpe,PU-001,Cuenta Corriente
TXN-00000075,CTA-468845,CLI-49139,2026-06-27 04:48:00,2385421.68,CRC,pago,web,PU-001,Préstamo Hipotecario
TXN-00000076,CTA-386193,CLI-67125,2026-06-25 20:31:00,2441659.16,CRC,pago,app_movil,CA-001,Préstamo Personal
TXN-00000077,CTA-981334,CLI-71261,2026-06-16 07:08:00,3621182.71,CRC,retiro,sinpe,PU-001,Préstamo Hipotecario
TXN-00000078,CTA-795205,CLI-13552,2026-06-02 05:27:00,2959871.99,CRC,deposito,web,PU-001,Cuenta Ahorro
TXN-00000079,CTA-497519,CLI-52906,2026-06-22 00:17:00,252372.88,CRC,retiro,web,AL-001,Tarjeta Crédito
TXN-00000080,CTA-972335,CLI-65255,2026-06-16 08:38:00,1392004.82,CRC,transferencia,app_movil,PU-001,Préstamo Personal
TXN-00000081,CTA-466960,CLI-39389,2026-06-01 21:10:00,4999539.23,CRC,deposito,app_movil,SJ-001,Cuenta Corriente
TXN-00000082,CTA-751517,CLI-29973,2026-06-12 06:05:00,4196305.0,CRC,retiro,sucursal,CA-001,Préstamo Personal
TXN-00000083,CTA-368690,CLI-58351,2026-06-06 04:56:00,2325704.88,CRC,retiro,sinpe,CA-001,Préstamo Hipotecario
TXN-00000084,CTA-213349,CLI-85849,2026-06-06 05:06:00,4823639.14,CRC,deposito,atm,AL-001,Préstamo Hipotecario
TXN-00000085,CTA-307963,CLI-19961,2026-06-18 01:56:00,4707411.52,CRC,comision,sucursal,PU-001,Cuenta Corriente
TXN-00000086,CTA-693423,CLI-15383,2026-06-14 17:24:00,3981339.86,CRC,transferencia,sinpe,SJ-002,Préstamo Personal
TXN-00000087,CTA-457806,CLI-11658,2026-06-17 20:45:00,2530297.99,CRC,pago,web,SJ-002,Cuenta Corriente
TXN-00000088,CTA-968962,CLI-70258,2026-06-20 17:31:00,3178289.95,CRC,retiro,web,LI-001,Cuenta Ahorro
TXN-00000089,CTA-664315,CLI-73372,2026-06-24 17:53:00,3079945.86,CRC,pago,web,HE-001,Préstamo Hipotecario
TXN-00000090,CTA-971084,CLI-21359,2026-06-13 05:09:00,4258714.09,CRC,transferencia,web,LI-001,Cuenta Ahorro
TXN-00000091,CTA-618317,CLI-52600,2026-06-22 03:35:00,1682646.7,CRC,retiro,web,PU-001,Cuenta Ahorro
TXN-00000092,CTA-725113,CLI-46211,2026-06-17 03:33:00,1702353.88,CRC,comision,app_movil,HE-001,Préstamo Hipotecario
TXN-00000093,CTA-526170,CLI-74038,2026-06-09 16:41:00,1207538.9,CRC,comision,sucursal,SJ-002,Préstamo Personal
TXN-00000094,CTA-118080,CLI-22196,2026-06-30 09:29:00,2241424.57,CRC,transferencia,sucursal,LI-002,Préstamo Personal
TXN-00000095,CTA-486945,CLI-72031,2026-06-12 01:45:00,3320136.15,CRC,comision,sinpe,HE-001,Tarjeta Crédito
TXN-00000096,CTA-575786,CLI-45509,2026-06-20 08:45:00,1759700.83,CRC,transferencia,atm,LI-001,Cuenta Ahorro
TXN-00000097,CTA-878967,CLI-80236,2026-06-06 11:47:00,1578424.17,CRC,retiro,sucursal,CA-001,Cuenta Ahorro
TXN-00000098,CTA-897135,CLI-78765,2026-06-23 00:52:00,3623200.42,CRC,comision,atm,HE-001,Cuenta Corriente
TXN-00000099,CTA-288158,CLI-49618,2026-06-09 20:01:00,1138188.33,CRC,deposito,sinpe,HE-001,Cuenta Ahorro
TXN-00000100,CTA-680238,CLI-48290,2026-06-13 11:37:00,4871500.36,CRC,retiro,web,SJ-001,Cuenta Corriente
TXN-00000101,CTA-561865,CLI-54657,2026-06-01 13:23:00,2347515.33,CRC,retiro,app_movil,HE-001,Tarjeta Crédito
TXN-00000102,CTA-520172,CLI-74454,2026-06-22 17:48:00,4110756.11,CRC,deposito,sinpe,SJ-002,Cuenta Corriente
TXN-00000103,CTA-418594,CLI-21164,2026-06-07 21:43:00,4055899.24,CRC,retiro,app_movil,AL-001,Préstamo Hipotecario
TXN-00000104,CTA-498855,CLI-69049,2026-06-19 22:34:00,3878692.0,CRC,pago,atm,CA-001,Préstamo Hipotecario
TXN-00000105,CTA-163156,CLI-89905,2026-06-20 12:23:00,2843578.72,CRC,deposito,sucursal,HE-001,Cuenta Ahorro
TXN-00000106,CTA-282256,CLI-82350,2026-06-13 01:03:00,786128.41,CRC,deposito,sucursal,SJ-002,Cuenta Corriente
TXN-00000107,CTA-592738,CLI-48175,2026-06-19 14:12:00,3447166.31,CRC,deposito,sucursal,LI-002,Tarjeta Crédito
TXN-00000108,CTA-344762,CLI-44675,2026-06-13 20:48:00,356827.62,CRC,comision,sucursal,LI-002,Préstamo Personal
TXN-00000109,CTA-378535,CLI-28643,2026-06-06 05:21:00,3238525.98,CRC,deposito,app_movil,CA-001,Cuenta Ahorro
TXN-00000110,CTA-591465,CLI-49857,2026-06-14 23:59:00,2196328.09,CRC,pago,atm,HE-001,Préstamo Hipotecario
TXN-00000111,CTA-727086,CLI-15224,2026-06-25 13:48:00,2189356.56,CRC,pago,atm,LI-002,Préstamo Hipotecario
TXN-00000112,CTA-807053,CLI-85392,2026-06-12 09:28:00,457543.11,CRC,comision,app_movil,SJ-001,Tarjeta Crédito
TXN-00000113,CTA-283700,CLI-71669,2026-06-27 05:24:00,3815781.91,CRC,comision,web,SJ-001,Tarjeta Crédito
TXN-00000114,CTA-615611,CLI-21959,2026-06-09 06:14:00,3174288.81,CRC,pago,atm,PU-001,Préstamo Personal
TXN-00000115,CTA-999398,CLI-31079,2026-06-16 04:03:00,3350997.41,CRC,transferencia,web,LI-001,Préstamo Personal
TXN-00000116,CTA-676818,CLI-14809,2026-06-14 02:48:00,4068016.61,CRC,pago,app_movil,PU-001,Tarjeta Crédito
TXN-00000117,CTA-910075,CLI-62976,2026-06-12 11:41:00,580492.09,CRC,comision,app_movil,LI-001,Préstamo Hipotecario
TXN-00000118,CTA-643623,CLI-57419,2026-06-22 00:36:00,271966.22,CRC,comision,web,PU-001,Préstamo Personal
TXN-00000119,CTA-237377,CLI-47752,2026-06-03 08:22:00,1336014.14,CRC,pago,web,CA-001,Cuenta Corriente
TXN-00000120,CTA-425845,CLI-82199,2026-06-02 07:31:00,3549204.34,CRC,deposito,sinpe,CA-001,Préstamo Personal
TXN-00000121,CTA-218972,CLI-70482,2026-06-05 05:48:00,4961293.44,CRC,deposito,sucursal,CA-001,Préstamo Personal
TXN-00000122,CTA-605937,CLI-71894,2026-06-14 06:47:00,2078036.22,CRC,retiro,web,HE-001,Préstamo Hipotecario
TXN-00000123,CTA-728492,CLI-76616,2026-06-07 13:59:00,953861.24,CRC,retiro,app_movil,PU-001,Tarjeta Crédito
TXN-00000124,CTA-632401,CLI-45018,2026-06-19 21:13:00,4671307.72,CRC,deposito,atm,LI-001,Tarjeta Crédito
TXN-00000125,CTA-568238,CLI-80592,2026-06-27 17:05:00,4326437.71,CRC,pago,atm,LI-002,Tarjeta Crédito
TXN-00000126,CTA-437408,CLI-34727,2026-06-26 02:50:00,2277267.74,CRC,retiro,sinpe,PU-001,Préstamo Personal
TXN-00000127,CTA-880879,CLI-71993,2026-06-11 15:06:00,219192.85,CRC,pago,web,PU-001,Cuenta Ahorro
TXN-00000128,CTA-718849,CLI-53515,2026-06-23 13:01:00,632105.1,CRC,deposito,web,SJ-001,Cuenta Corriente
TXN-00000129,CTA-251157,CLI-63736,2026-06-24 22:28:00,77722.64,CRC,retiro,app_movil,LI-002,Préstamo Personal
TXN-00000130,CTA-516791,CLI-95175,2026-06-13 01:28:00,3116673.74,CRC,deposito,atm,LI-001,Préstamo Hipotecario
TXN-00000131,CTA-896290,CLI-73956,2026-06-18 07:04:00,3134369.1,CRC,comision,app_movil,LI-001,Préstamo Hipotecario
TXN-00000132,CTA-401338,CLI-39817,2026-06-04 02:44:00,3156173.92,CRC,deposito,web,CA-001,Cuenta Corriente
TXN-00000133,CTA-827712,CLI-49251,2026-06-29 20:13:00,2218949.08,CRC,deposito,app_movil,SJ-002,Tarjeta Crédito
TXN-00000134,CTA-551607,CLI-29080,2026-06-03 13:17:00,1792958.25,CRC,retiro,sinpe,HE-001,Préstamo Personal
TXN-00000135,CTA-182804,CLI-89887,2026-06-26 18:08:00,850748.26,CRC,pago,sinpe,AL-001,Cuenta Ahorro
TXN-00000136,CTA-768891,CLI-43289,2026-06-23 15:35:00,1161710.03,CRC,pago,atm,AL-001,Cuenta Corriente
TXN-00000137,CTA-265649,CLI-19681,2026-06-22 04:10:00,3388376.82,CRC,pago,atm,HE-001,Préstamo Hipotecario
TXN-00000138,CTA-579027,CLI-49599,2026-06-14 14:45:00,3451877.25,CRC,retiro,web,PU-001,Préstamo Personal
TXN-00000139,CTA-476395,CLI-85341,2026-06-05 20:29:00,1907440.12,CRC,transferencia,atm,CA-001,Cuenta Corriente
TXN-00000140,CTA-693419,CLI-99889,2026-06-30 22:57:00,1373127.42,CRC,deposito,sinpe,PU-001,Préstamo Personal
TXN-00000141,CTA-469435,CLI-38705,2026-06-14 00:36:00,3035717.93,CRC,retiro,sinpe,CA-001,Tarjeta Crédito
TXN-00000142,CTA-757937,CLI-94717,2026-07-01 00:00:00,3141612.27,CRC,deposito,atm,AL-001,Préstamo Personal
TXN-00000143,CTA-194511,CLI-48680,2026-06-02 12:26:00,3662066.48,CRC,transferencia,web,LI-001,Cuenta Ahorro
TXN-00000144,CTA-483629,CLI-79579,2026-06-10 03:19:00,3932777.54,CRC,comision,atm,AL-001,Cuenta Ahorro
TXN-00000145,CTA-409478,CLI-54396,2026-06-12 16:40:00,4836953.0,CRC,deposito,web,LI-002,Cuenta Corriente
TXN-00000146,CTA-859396,CLI-98395,2026-06-07 09:44:00,4300842.84,CRC,pago,sinpe,CA-001,Tarjeta Crédito
TXN-00000147,CTA-662636,CLI-26199,2026-06-05 02:38:00,70579.36,CRC,pago,atm,PU-001,Tarjeta Crédito
TXN-00000148,CTA-489518,CLI-24201,2026-06-27 14:29:00,4112264.09,CRC,retiro,web,PU-001,Cuenta Corriente
TXN-00000149,CTA-332120,CLI-94889,2026-06-29 04:42:00,4576364.29,CRC,deposito,web,LI-001,Tarjeta Crédito
TXN-00000150,CTA-147549,CLI-14877,2026-06-30 13:08:00,584263.01,CRC,transferencia,web,PU-001,Cuenta Corriente
TXN-00000151,CTA-242254,CLI-60940,2026-06-05 10:09:00,4436409.28,CRC,pago,atm,CA-001,Préstamo Hipotecario
TXN-00000152,CTA-786735,CLI-22978,2026-06-20 01:47:00,4427183.51,CRC,pago,sinpe,AL-001,Préstamo Personal
TXN-00000153,CTA-327823,CLI-68115,2026-06-13 17:33:00,3451713.04,CRC,pago,sucursal,SJ-001,Tarjeta Crédito
TXN-00000154,CTA-776149,CLI-57012,2026-06-05 12:31:00,2722784.84,CRC,deposito,web,LI-001,Tarjeta Crédito
TXN-00000155,CTA-964226,CLI-69600,2026-06-09 15:19:00,4745104.93,CRC,deposito,sucursal,SJ-002,Préstamo Hipotecario
TXN-00000156,CTA-355400,CLI-26505,2026-06-01 23:19:00,3934186.16,CRC,comision,sucursal,SJ-001,Cuenta Corriente
TXN-00000157,CTA-952547,CLI-40539,2026-06-26 05:20:00,2932329.03,CRC,transferencia,sucursal,CA-001,Préstamo Hipotecario
TXN-00000158,CTA-251716,CLI-27038,2026-06-01 03:05:00,4292172.23,CRC,comision,atm,HE-001,Cuenta Ahorro
TXN-00000159,CTA-475644,CLI-41186,2026-06-06 00:04:00,659884.34,CRC,comision,atm,SJ-001,Cuenta Corriente
TXN-00000160,CTA-877747,CLI-65176,2026-06-08 22:19:00,262942.69,CRC,comision,app_movil,HE-001,Cuenta Corriente
TXN-00000161,CTA-638169,CLI-87812,2026-06-22 16:11:00,3890307.18,CRC,deposito,web,LI-002,Préstamo Hipotecario
TXN-00000162,CTA-790909,CLI-78347,2026-06-11 01:59:00,3636487.74,CRC,transferencia,web,SJ-001,Cuenta Corriente
TXN-00000163,CTA-546980,CLI-99928,2026-06-03 18:26:00,4236645.42,CRC,deposito,web,LI-002,Préstamo Personal
TXN-00000164,CTA-255539,CLI-18609,2026-06-04 08:16:00,1611236.99,CRC,retiro,atm,SJ-002,Préstamo Hipotecario
TXN-00000165,CTA-726410,CLI-79541,2026-06-29 19:29:00,1905141.09,CRC,transferencia,web,LI-001,Préstamo Hipotecario
TXN-00000166,CTA-835869,CLI-24996,2026-06-28 13:17:00,496793.13,CRC,comision,sucursal,PU-001,Préstamo Personal
TXN-00000167,CTA-967611,CLI-69441,2026-06-21 13:13:00,2069654.04,CRC,pago,web,CA-001,Cuenta Corriente
TXN-00000168,CTA-367271,CLI-59060,2026-06-15 05:23:00,1563305.33,CRC,retiro,web,PU-001,Cuenta Corriente
TXN-00000169,CTA-201255,CLI-58843,2026-06-05 03:38:00,467057.28,CRC,retiro,sinpe,SJ-002,Cuenta Corriente
TXN-00000170,CTA-530764,CLI-56346,2026-06-27 16:34:00,3350396.31,CRC,pago,app_movil,LI-001,Tarjeta Crédito
TXN-00000171,CTA-705991,CLI-76507,2026-06-28 07:48:00,1758879.28,CRC,retiro,sucursal,HE-001,Préstamo Personal
TXN-00000172,CTA-683286,CLI-58176,2026-06-11 04:56:00,1751219.86,CRC,deposito,atm,SJ-002,Préstamo Hipotecario
TXN-00000173,CTA-904711,CLI-91490,2026-06-11 07:01:00,4225930.65,CRC,comision,sinpe,PU-001,Cuenta Corriente
TXN-00000174,CTA-386544,CLI-50499,2026-06-28 17:11:00,145736.95,CRC,transferencia,atm,HE-001,Cuenta Corriente
TXN-00000175,CTA-520252,CLI-19120,2026-06-09 06:08:00,2832039.15,CRC,retiro,app_movil,AL-001,Cuenta Corriente
TXN-00000176,CTA-575682,CLI-54681,2026-06-25 03:25:00,1881595.83,CRC,retiro,atm,CA-001,Tarjeta Crédito
TXN-00000177,CTA-263137,CLI-30632,2026-06-15 18:18:00,4416827.58,CRC,comision,app_movil,SJ-002,Cuenta Corriente
TXN-00000178,CTA-609253,CLI-89570,2026-06-13 09:12:00,3310031.53,CRC,pago,web,LI-002,Tarjeta Crédito
TXN-00000179,CTA-216276,CLI-47125,2026-06-10 19:27:00,1726519.1,CRC,comision,web,SJ-002,Préstamo Hipotecario
TXN-00000180,CTA-728437,CLI-17180,2026-06-15 00:52:00,1103371.66,CRC,deposito,sucursal,SJ-001,Tarjeta Crédito
TXN-00000181,CTA-403507,CLI-53007,2026-06-10 14:43:00,3821040.32,CRC,deposito,app_movil,AL-001,Préstamo Personal
TXN-00000182,CTA-658453,CLI-40161,2026-06-20 14:23:00,646799.32,CRC,comision,sinpe,AL-001,Tarjeta Crédito
TXN-00000183,CTA-144357,CLI-67176,2026-06-04 06:43:00,4308960.05,CRC,deposito,web,PU-001,Cuenta Corriente
TXN-00000184,CTA-843963,CLI-93904,2026-06-15 05:56:00,2867425.0,CRC,pago,atm,PU-001,Cuenta Corriente
TXN-00000185,CTA-280222,CLI-91018,2026-06-19 10:24:00,4831032.26,CRC,pago,atm,SJ-001,Cuenta Corriente
TXN-00000186,CTA-717476,CLI-62487,2026-06-20 21:00:00,1217339.06,CRC,comision,app_movil,SJ-002,Préstamo Personal
TXN-00000187,CTA-916964,CLI-32037,2026-06-15 02:54:00,1108638.72,CRC,deposito,sinpe,LI-001,Cuenta Corriente
TXN-00000188,CTA-466346,CLI-56019,2026-06-25 03:33:00,4529707.74,CRC,retiro,sucursal,CA-001,Cuenta Corriente
TXN-00000189,CTA-731661,CLI-30036,2026-06-07 15:57:00,987161.74,CRC,deposito,sucursal,HE-001,Préstamo Personal
TXN-00000190,CTA-691912,CLI-94278,2026-06-22 02:45:00,3405986.26,CRC,comision,atm,LI-002,Tarjeta Crédito
TXN-00000191,CTA-563688,CLI-92756,2026-06-07 20:53:00,342363.01,CRC,transferencia,atm,LI-002,Préstamo Hipotecario
TXN-00000192,CTA-425486,CLI-70521,2026-06-03 13:21:00,2537177.09,CRC,pago,app_movil,LI-001,Cuenta Corriente
TXN-00000193,CTA-996840,CLI-21835,2026-06-17 18:45:00,384578.27,CRC,comision,sinpe,HE-001,Préstamo Hipotecario
TXN-00000194,CTA-930281,CLI-15376,2026-06-18 11:57:00,2902066.71,CRC,pago,sinpe,LI-002,Cuenta Ahorro
TXN-00000195,CTA-164879,CLI-69050,2026-06-15 15:11:00,2507335.14,CRC,deposito,atm,LI-002,Cuenta Corriente
TXN-00000196,CTA-841995,CLI-67377,2026-06-23 23:06:00,196671.49,CRC,pago,sinpe,AL-001,Préstamo Hipotecario
TXN-00000197,CTA-396635,CLI-60779,2026-06-28 18:04:00,1820125.9,CRC,pago,atm,AL-001,Préstamo Hipotecario
TXN-00000198,CTA-199096,CLI-83133,2026-06-03 09:11:00,330493.36,CRC,pago,atm,LI-001,Tarjeta Crédito
TXN-00000199,CTA-711046,CLI-96980,2026-06-30 21:08:00,1667476.82,CRC,retiro,atm,AL-001,Tarjeta Crédito
TXN-00000200,CTA-843266,CLI-21104,2026-06-30 20:35:00,645629.34,CRC,transferencia,sinpe,PU-001,Préstamo Personal
TXN-00000201,CTA-802667,CLI-99838,2026-06-30 06:51:00,4066110.73,CRC,comision,app_movil,LI-001,Préstamo Personal
TXN-00000202,CTA-423869,CLI-33627,2026-06-24 03:24:00,92134.46,CRC,retiro,atm,LI-001,Préstamo Personal
TXN-00000203,CTA-262471,CLI-20114,2026-06-09 17:43:00,4999883.13,CRC,transferencia,app_movil,CA-001,Préstamo Hipotecario
TXN-00000204,CTA-903531,CLI-91006,2026-06-25 13:34:00,3309984.26,CRC,retiro,sinpe,SJ-001,Préstamo Personal
TXN-00000205,CTA-826501,CLI-91885,2026-06-08 00:29:00,905048.99,CRC,retiro,web,AL-001,Cuenta Corriente
TXN-00000206,CTA-349068,CLI-68222,2026-06-19 16:46:00,3382138.25,CRC,comision,atm,LI-001,Préstamo Personal
TXN-00000207,CTA-947903,CLI-71474,2026-06-11 15:35:00,1548030.01,CRC,retiro,atm,CA-001,Préstamo Hipotecario
TXN-00000208,CTA-915922,CLI-60052,2026-06-21 01:14:00,3847423.32,CRC,comision,sinpe,LI-002,Préstamo Personal
TXN-00000209,CTA-245121,CLI-42768,2026-06-08 09:00:00,4006494.86,CRC,deposito,web,CA-001,Tarjeta Crédito
TXN-00000210,CTA-640970,CLI-26341,2026-06-26 05:42:00,3557293.48,CRC,transferencia,app_movil,SJ-002,Cuenta Ahorro
TXN-00000211,CTA-254506,CLI-67340,2026-06-13 09:57:00,4526625.74,CRC,deposito,sucursal,LI-002,Préstamo Personal
TXN-00000212,CTA-515712,CLI-75799,2026-06-16 21:50:00,2075069.63,CRC,transferencia,sucursal,SJ-001,Préstamo Personal
TXN-00000213,CTA-434165,CLI-22987,2026-06-04 17:08:00,1123469.25,CRC,transferencia,sucursal,LI-001,Cuenta Ahorro
TXN-00000214,CTA-595404,CLI-28191,2026-06-02 17:50:00,4587063.46,CRC,pago,web,HE-001,Préstamo Hipotecario
TXN-00000215,CTA-326130,CLI-29597,2026-06-01 05:44:00,96000.42,CRC,comision,sinpe,SJ-002,Préstamo Hipotecario
TXN-00000216,CTA-349183,CLI-49472,2026-06-20 06:18:00,3881086.99,CRC,deposito,app_movil,SJ-002,Cuenta Ahorro
TXN-00000217,CTA-977330,CLI-75513,2026-06-20 02:33:00,314972.95,CRC,comision,sinpe,LI-002,Cuenta Corriente
TXN-00000218,CTA-405420,CLI-66261,2026-06-29 18:15:00,3593003.09,CRC,deposito,sinpe,CA-001,Tarjeta Crédito
TXN-00000219,CTA-800674,CLI-21221,2026-06-11 22:45:00,937382.25,CRC,comision,atm,PU-001,Cuenta Corriente
TXN-00000220,CTA-592972,CLI-15706,2026-06-24 22:35:00,1952878.21,CRC,pago,atm,SJ-001,Tarjeta Crédito
TXN-00000221,CTA-461551,CLI-41604,2026-06-01 17:44:00,3942811.56,CRC,deposito,sinpe,LI-001,Tarjeta Crédito
TXN-00000222,CTA-454992,CLI-94252,2026-06-07 01:43:00,1762142.93,CRC,retiro,web,SJ-001,Préstamo Personal
TXN-00000223,CTA-166165,CLI-69988,2026-06-29 18:01:00,4057676.91,CRC,deposito,atm,AL-001,Cuenta Ahorro
TXN-00000224,CTA-430926,CLI-50642,2026-06-02 23:50:00,4429066.14,CRC,comision,web,CA-001,Préstamo Hipotecario
TXN-00000225,CTA-778324,CLI-35048,2026-06-22 13:04:00,184067.24,CRC,transferencia,atm,HE-001,Cuenta Corriente
TXN-00000226,CTA-938171,CLI-58237,2026-06-30 20:14:00,1366809.81,CRC,pago,web,LI-001,Préstamo Personal
TXN-00000227,CTA-620306,CLI-75211,2026-06-18 14:19:00,4868644.2,CRC,transferencia,sinpe,LI-001,Tarjeta Crédito
TXN-00000228,CTA-731718,CLI-33652,2026-06-04 18:14:00,395556.1,CRC,comision,atm,PU-001,Tarjeta Crédito
TXN-00000229,CTA-410000,CLI-50173,2026-06-05 16:03:00,1640271.61,CRC,pago,sinpe,SJ-002,Préstamo Personal
TXN-00000230,CTA-144412,CLI-56210,2026-06-08 14:01:00,1758383.37,CRC,comision,web,LI-002,Tarjeta Crédito
TXN-00000231,CTA-768480,CLI-63242,2026-06-30 02:28:00,376130.78,CRC,transferencia,sinpe,SJ-001,Cuenta Ahorro
TXN-00000232,CTA-811027,CLI-67432,2026-06-02 10:00:00,4243497.88,CRC,deposito,sucursal,AL-001,Cuenta Corriente
TXN-00000233,CTA-694799,CLI-14244,2026-06-11 17:46:00,1811390.76,CRC,comision,sucursal,LI-001,Préstamo Personal
TXN-00000234,CTA-180620,CLI-85225,2026-06-17 21:11:00,2220252.51,CRC,retiro,sinpe,LI-001,Tarjeta Crédito
TXN-00000235,CTA-361736,CLI-24869,2026-06-19 02:45:00,3248154.12,CRC,deposito,sucursal,LI-001,Préstamo Personal
TXN-00000236,CTA-223481,CLI-44311,2026-06-24 13:30:00,4567798.99,CRC,transferencia,web,PU-001,Cuenta Ahorro
TXN-00000237,CTA-615060,CLI-36237,2026-06-28 20:19:00,3470209.22,CRC,deposito,sucursal,HE-001,Cuenta Corriente
TXN-00000238,CTA-566732,CLI-21506,2026-06-21 13:45:00,4493496.47,CRC,transferencia,atm,AL-001,Cuenta Corriente
TXN-00000239,CTA-992717,CLI-30644,2026-06-26 00:44:00,4456767.08,CRC,retiro,atm,HE-001,Préstamo Hipotecario
TXN-00000240,CTA-930541,CLI-28202,2026-06-11 04:55:00,4925677.6,CRC,retiro,web,SJ-002,Cuenta Corriente
TXN-00000241,CTA-678443,CLI-27009,2026-06-17 10:11:00,2337561.79,CRC,comision,app_movil,LI-001,Cuenta Corriente
TXN-00000242,CTA-853789,CLI-72739,2026-06-15 01:49:00,4997975.62,CRC,comision,web,PU-001,Préstamo Personal
TXN-00000243,CTA-432427,CLI-94192,2026-06-27 03:56:00,627508.58,CRC,deposito,web,SJ-002,Préstamo Personal
TXN-00000244,CTA-969325,CLI-82260,2026-06-24 13:05:00,642544.72,CRC,comision,sucursal,LI-001,Cuenta Ahorro
TXN-00000245,CTA-643269,CLI-30056,2026-06-20 16:32:00,4157122.64,CRC,transferencia,sucursal,SJ-001,Cuenta Ahorro
TXN-00000246,CTA-644103,CLI-47230,2026-06-15 16:25:00,1730769.39,CRC,deposito,atm,CA-001,Cuenta Ahorro
TXN-00000247,CTA-417534,CLI-90534,2026-06-29 21:39:00,626726.31,CRC,comision,app_movil,HE-001,Préstamo Hipotecario
TXN-00000248,CTA-708851,CLI-30210,2026-06-30 04:07:00,2959450.42,CRC,retiro,sinpe,AL-001,Préstamo Hipotecario
TXN-00000249,CTA-129751,CLI-20646,2026-06-16 08:46:00,4126356.1,CRC,deposito,sinpe,SJ-001,Tarjeta Crédito
TXN-00000250,CTA-536822,CLI-91016,2026-06-30 15:12:00,3835028.05,CRC,deposito,web,CA-001,Préstamo Hipotecario
TXN-00000251,CTA-943776,CLI-99783,2026-06-14 04:23:00,2415241.15,CRC,pago,atm,HE-001,Préstamo Personal
TXN-00000252,CTA-535810,CLI-73471,2026-06-04 07:42:00,791244.15,CRC,pago,sucursal,SJ-001,Tarjeta Crédito
TXN-00000253,CTA-853258,CLI-51853,2026-06-28 14:38:00,1563599.91,CRC,transferencia,web,AL-001,Cuenta Ahorro
TXN-00000254,CTA-589131,CLI-26059,2026-06-17 20:43:00,1596260.32,CRC,transferencia,web,SJ-002,Cuenta Ahorro
TXN-00000255,CTA-502810,CLI-90658,2026-06-07 09:52:00,253975.85,CRC,pago,sucursal,SJ-002,Cuenta Ahorro
TXN-00000256,CTA-267082,CLI-75308,2026-06-15 21:38:00,949980.67,CRC,comision,web,LI-001,Préstamo Personal
TXN-00000257,CTA-512344,CLI-76249,2026-06-15 01:00:00,116858.31,CRC,pago,sucursal,LI-002,Cuenta Ahorro
TXN-00000258,CTA-395023,CLI-74866,2026-06-27 13:10:00,244242.01,CRC,comision,web,LI-001,Tarjeta Crédito
TXN-00000259,CTA-551860,CLI-27555,2026-06-25 10:12:00,4236014.65,CRC,transferencia,atm,SJ-001,Préstamo Personal
TXN-00000260,CTA-697983,CLI-83638,2026-06-17 15:42:00,2003507.52,CRC,retiro,atm,SJ-001,Préstamo Hipotecario
TXN-00000261,CTA-572230,CLI-82070,2026-06-14 03:13:00,1932357.78,CRC,transferencia,sinpe,SJ-002,Préstamo Hipotecario
TXN-00000262,CTA-513037,CLI-58915,2026-06-06 09:46:00,4875438.99,CRC,transferencia,sinpe,AL-001,Tarjeta Crédito
TXN-00000263,CTA-520884,CLI-75546,2026-06-07 13:34:00,3012712.29,CRC,deposito,app_movil,CA-001,Cuenta Corriente
TXN-00000264,CTA-644559,CLI-69898,2026-06-07 05:40:00,4020025.31,CRC,retiro,sinpe,LI-001,Préstamo Hipotecario
TXN-00000265,CTA-434002,CLI-31299,2026-06-07 08:40:00,4656912.31,CRC,pago,sinpe,LI-001,Tarjeta Crédito
TXN-00000266,CTA-634473,CLI-79774,2026-06-28 00:30:00,2537067.62,CRC,pago,sinpe,LI-001,Tarjeta Crédito
TXN-00000267,CTA-806537,CLI-24366,2026-06-22 14:42:00,1842420.69,CRC,pago,sinpe,SJ-001,Tarjeta Crédito
TXN-00000268,CTA-378428,CLI-95929,2026-06-29 15:19:00,2984951.17,CRC,comision,sinpe,SJ-001,Cuenta Ahorro
TXN-00000269,CTA-759580,CLI-91230,2026-06-03 08:05:00,853389.8,CRC,pago,sucursal,LI-002,Cuenta Ahorro
TXN-00000270,CTA-562462,CLI-51116,2026-06-02 10:29:00,954730.85,CRC,pago,sucursal,SJ-002,Préstamo Personal
TXN-00000271,CTA-741181,CLI-71814,2026-06-10 06:42:00,2509595.7,CRC,deposito,sucursal,PU-001,Préstamo Hipotecario
TXN-00000272,CTA-601608,CLI-78875,2026-06-10 10:28:00,4990616.22,CRC,pago,atm,LI-001,Cuenta Ahorro
TXN-00000273,CTA-808699,CLI-99226,2026-06-21 22:04:00,2731819.82,CRC,transferencia,sinpe,LI-001,Préstamo Personal
TXN-00000274,CTA-412999,CLI-39473,2026-06-09 18:00:00,1395752.97,CRC,transferencia,atm,CA-001,Cuenta Ahorro
TXN-00000275,CTA-687713,CLI-45842,2026-06-23 06:07:00,2399537.31,CRC,transferencia,app_movil,LI-001,Préstamo Hipotecario
TXN-00000276,CTA-513697,CLI-55237,2026-06-25 17:18:00,4478906.55,CRC,retiro,atm,PU-001,Cuenta Corriente
TXN-00000277,CTA-563864,CLI-95979,2026-06-14 02:10:00,1732471.21,CRC,transferencia,web,SJ-002,Cuenta Ahorro
TXN-00000278,CTA-829988,CLI-45601,2026-06-10 04:42:00,4665186.64,CRC,retiro,app_movil,HE-001,Préstamo Hipotecario
TXN-00000279,CTA-802371,CLI-79604,2026-06-27 16:58:00,1213047.73,CRC,retiro,sucursal,CA-001,Cuenta Corriente
TXN-00000280,CTA-595351,CLI-23178,2026-06-05 13:26:00,1652137.82,CRC,retiro,app_movil,PU-001,Préstamo Hipotecario
TXN-00000281,CTA-598807,CLI-72580,2026-06-08 04:30:00,3264811.1,CRC,retiro,atm,PU-001,Tarjeta Crédito
TXN-00000282,CTA-193806,CLI-95498,2026-06-13 23:44:00,4539776.86,CRC,comision,sucursal,SJ-001,Préstamo Hipotecario
TXN-00000283,CTA-978292,CLI-33040,2026-06-02 16:44:00,2090007.03,CRC,deposito,web,AL-001,Préstamo Personal
TXN-00000284,CTA-109717,CLI-49110,2026-06-09 11:30:00,4383839.1,CRC,comision,sinpe,HE-001,Cuenta Corriente
TXN-00000285,CTA-772464,CLI-81211,2026-06-16 05:57:00,2272291.04,CRC,comision,web,HE-001,Cuenta Ahorro
TXN-00000286,CTA-948102,CLI-24764,2026-06-23 22:44:00,1364912.57,CRC,transferencia,sucursal,LI-002,Préstamo Personal
TXN-00000287,CTA-114768,CLI-54185,2026-06-30 12:06:00,3593272.27,CRC,transferencia,sinpe,HE-001,Cuenta Ahorro
TXN-00000288,CTA-640310,CLI-52982,2026-06-08 23:41:00,4135122.14,CRC,deposito,web,PU-001,Cuenta Corriente
TXN-00000289,CTA-360096,CLI-10895,2026-06-09 09:49:00,2387793.04,CRC,transferencia,web,AL-001,Cuenta Ahorro
TXN-00000290,CTA-416613,CLI-86344,2026-06-21 07:57:00,4770220.08,CRC,comision,app_movil,HE-001,Tarjeta Crédito
TXN-00000291,CTA-165142,CLI-97528,2026-06-30 17:59:00,3464150.18,CRC,deposito,web,LI-001,Tarjeta Crédito
TXN-00000292,CTA-837733,CLI-50760,2026-06-08 06:27:00,3430682.03,CRC,deposito,atm,PU-001,Tarjeta Crédito
TXN-00000293,CTA-240057,CLI-72676,2026-06-28 23:20:00,1096423.88,CRC,retiro,web,CA-001,Préstamo Hipotecario
TXN-00000294,CTA-593699,CLI-80453,2026-06-18 00:05:00,3510001.69,CRC,retiro,sucursal,PU-001,Préstamo Hipotecario
TXN-00000295,CTA-479358,CLI-20237,2026-06-04 17:25:00,2641337.45,CRC,comision,app_movil,LI-002,Cuenta Corriente
TXN-00000296,CTA-257131,CLI-31566,2026-06-25 22:10:00,2863935.67,CRC,transferencia,sinpe,CA-001,Préstamo Personal
TXN-00000297,CTA-612573,CLI-21919,2026-06-06 06:57:00,3584872.91,CRC,comision,web,CA-001,Cuenta Corriente
TXN-00000298,CTA-578987,CLI-83912,2026-06-21 15:16:00,2566725.97,CRC,deposito,sinpe,AL-001,Préstamo Personal
TXN-00000299,CTA-956113,CLI-10395,2026-06-15 00:36:00,1980347.6,CRC,retiro,sinpe,SJ-001,Cuenta Corriente
TXN-00000300,CTA-166857,CLI-80931,2026-06-03 01:28:00,1723299.8,CRC,deposito,app_movil,PU-001,Préstamo Personal
TXN-00000301,CTA-906325,CLI-27750,2026-06-02 10:39:00,2044925.81,CRC,pago,atm,HE-001,Préstamo Personal
TXN-00000302,CTA-815894,CLI-96742,2026-06-21 09:55:00,1878852.02,CRC,comision,sucursal,PU-001,Tarjeta Crédito
TXN-00000303,CTA-512151,CLI-79316,2026-06-06 09:34:00,4964241.03,CRC,retiro,sucursal,AL-001,Cuenta Corriente
TXN-00000304,CTA-854024,CLI-81361,2026-06-02 00:49:00,2315556.5,CRC,pago,sinpe,HE-001,Préstamo Personal
TXN-00000305,CTA-262656,CLI-46129,2026-06-11 10:51:00,2303665.77,CRC,retiro,app_movil,CA-001,Cuenta Corriente
TXN-00000306,CTA-170559,CLI-23224,2026-06-20 01:55:00,1204090.8,CRC,comision,app_movil,SJ-001,Préstamo Personal
TXN-00000307,CTA-146385,CLI-62725,2026-06-28 04:56:00,1224426.02,CRC,pago,sucursal,SJ-001,Préstamo Hipotecario
TXN-00000308,CTA-403314,CLI-40692,2026-06-10 21:18:00,701537.74,CRC,comision,atm,SJ-001,Préstamo Hipotecario
TXN-00000309,CTA-250219,CLI-96535,2026-06-28 05:05:00,1185283.27,CRC,comision,sucursal,LI-001,Préstamo Personal
TXN-00000310,CTA-720407,CLI-32955,2026-06-14 16:13:00,305727.23,CRC,pago,sinpe,HE-001,Préstamo Personal
TXN-00000311,CTA-803953,CLI-59958,2026-06-03 03:12:00,4707990.46,CRC,comision,atm,LI-001,Préstamo Personal
TXN-00000312,CTA-292811,CLI-80507,2026-06-19 13:55:00,1500142.58,CRC,pago,sucursal,AL-001,Cuenta Ahorro
TXN-00000313,CTA-160423,CLI-83713,2026-06-14 16:29:00,4029075.02,CRC,pago,web,AL-001,Préstamo Hipotecario
TXN-00000314,CTA-367382,CLI-36651,2026-06-25 02:53:00,1942706.82,CRC,transferencia,app_movil,AL-001,Préstamo Personal
TXN-00000315,CTA-969695,CLI-34966,2026-06-17 21:18:00,2678642.05,CRC,deposito,atm,SJ-002,Préstamo Personal
TXN-00000316,CTA-297303,CLI-87015,2026-06-28 12:47:00,4368228.67,CRC,comision,sucursal,SJ-001,Préstamo Personal
TXN-00000317,CTA-116078,CLI-37762,2026-06-10 12:09:00,1516636.94,CRC,retiro,app_movil,LI-001,Préstamo Personal
TXN-00000318,CTA-350956,CLI-82362,2026-06-12 00:58:00,1983763.67,CRC,transferencia,atm,CA-001,Préstamo Personal
TXN-00000319,CTA-477114,CLI-77215,2026-06-22 05:16:00,1542803.0,CRC,pago,web,LI-001,Cuenta Corriente
TXN-00000320,CTA-488712,CLI-51015,2026-06-22 08:48:00,4571738.16,CRC,pago,app_movil,LI-001,Préstamo Hipotecario
TXN-00000321,CTA-680189,CLI-86550,2026-06-11 01:41:00,82083.29,CRC,comision,web,AL-001,Tarjeta Crédito
TXN-00000322,CTA-498290,CLI-84683,2026-06-07 22:28:00,1649996.56,CRC,retiro,web,CA-001,Préstamo Hipotecario
TXN-00000323,CTA-961501,CLI-74044,2026-06-30 19:00:00,1287376.46,CRC,pago,web,LI-001,Cuenta Ahorro
TXN-00000324,CTA-673095,CLI-74004,2026-06-17 00:40:00,700652.68,CRC,retiro,sinpe,AL-001,Cuenta Corriente
TXN-00000325,CTA-177941,CLI-97584,2026-06-24 20:17:00,4195503.4,CRC,deposito,app_movil,SJ-001,Préstamo Personal
TXN-00000326,CTA-258366,CLI-11198,2026-06-07 06:10:00,340771.74,CRC,retiro,sinpe,CA-001,Préstamo Personal
TXN-00000327,CTA-799143,CLI-90808,2026-06-17 23:38:00,3089558.34,CRC,pago,web,SJ-001,Cuenta Corriente
TXN-00000328,CTA-655134,CLI-46010,2026-06-01 07:13:00,60242.99,CRC,comision,atm,PU-001,Cuenta Corriente
TXN-00000329,CTA-287974,CLI-24026,2026-06-23 20:33:00,4031032.33,CRC,deposito,sinpe,PU-001,Cuenta Ahorro
TXN-00000330,CTA-364679,CLI-56457,2026-06-11 23:12:00,3099284.43,CRC,transferencia,web,CA-001,Cuenta Corriente
TXN-00000331,CTA-355021,CLI-39603,2026-06-17 23:28:00,2295529.73,CRC,transferencia,app_movil,PU-001,Cuenta Corriente
TXN-00000332,CTA-679549,CLI-72390,2026-06-05 06:07:00,1896940.85,CRC,deposito,app_movil,PU-001,Cuenta Ahorro
TXN-00000333,CTA-776234,CLI-53420,2026-06-04 18:18:00,4226803.64,CRC,comision,app_movil,LI-002,Préstamo Hipotecario
TXN-00000334,CTA-825916,CLI-84289,2026-06-02 22:28:00,1057873.86,CRC,pago,atm,CA-001,Cuenta Corriente
TXN-00000335,CTA-690882,CLI-96259,2026-06-04 09:12:00,4496658.94,CRC,deposito,sucursal,HE-001,Tarjeta Crédito
TXN-00000336,CTA-888795,CLI-62205,2026-06-01 17:06:00,2935593.48,CRC,deposito,atm,CA-001,Cuenta Ahorro
TXN-00000337,CTA-990704,CLI-61007,2026-06-26 15:59:00,2833912.9,CRC,comision,atm,CA-001,Préstamo Personal
TXN-00000338,CTA-462659,CLI-17038,2026-06-07 08:51:00,2504463.47,CRC,deposito,web,SJ-002,Cuenta Ahorro
TXN-00000339,CTA-743684,CLI-88067,2026-06-04 11:01:00,3026238.55,CRC,pago,atm,LI-001,Cuenta Corriente
TXN-00000340,CTA-572436,CLI-74304,2026-06-29 20:37:00,3917957.15,CRC,retiro,atm,HE-001,Préstamo Hipotecario
TXN-00000341,CTA-714334,CLI-96595,2026-06-18 02:03:00,929503.49,CRC,pago,app_movil,PU-001,Préstamo Hipotecario
TXN-00000342,CTA-186023,CLI-45123,2026-06-14 10:37:00,3565829.55,CRC,retiro,web,CA-001,Cuenta Ahorro
TXN-00000343,CTA-195966,CLI-10680,2026-06-18 17:34:00,1804140.44,CRC,transferencia,web,LI-001,Tarjeta Crédito
TXN-00000344,CTA-296494,CLI-66489,2026-06-13 06:39:00,663402.52,CRC,pago,sinpe,SJ-002,Préstamo Hipotecario
TXN-00000345,CTA-193972,CLI-56388,2026-06-24 07:43:00,517361.34,CRC,comision,app_movil,PU-001,Préstamo Hipotecario
TXN-00000346,CTA-112940,CLI-48253,2026-06-28 05:13:00,4318727.17,CRC,pago,web,LI-001,Cuenta Corriente
TXN-00000347,CTA-277820,CLI-99825,2026-06-26 11:09:00,2860230.19,CRC,pago,sucursal,CA-001,Cuenta Ahorro
TXN-00000348,CTA-253023,CLI-18292,2026-06-13 05:43:00,1342765.58,CRC,retiro,web,HE-001,Tarjeta Crédito
TXN-00000349,CTA-180657,CLI-57333,2026-06-20 03:57:00,2421672.34,CRC,transferencia,sucursal,HE-001,Préstamo Personal
TXN-00000350,CTA-242071,CLI-49932,2026-06-28 00:35:00,2289850.3,CRC,deposito,web,CA-001,Tarjeta Crédito
TXN-00000351,CTA-445549,CLI-67700,2026-06-29 05:24:00,4020578.23,CRC,transferencia,web,PU-001,Préstamo Hipotecario
TXN-00000352,CTA-829066,CLI-36326,2026-06-07 04:41:00,1604005.11,CRC,pago,atm,HE-001,Cuenta Ahorro
TXN-00000353,CTA-828716,CLI-92955,2026-06-19 02:59:00,1457949.31,CRC,pago,sinpe,LI-001,Cuenta Ahorro
TXN-00000354,CTA-924040,CLI-61502,2026-06-15 19:57:00,1402220.43,CRC,transferencia,app_movil,PU-001,Préstamo Hipotecario
TXN-00000355,CTA-676820,CLI-13527,2026-06-10 02:14:00,3408881.45,CRC,pago,sucursal,AL-001,Préstamo Personal
TXN-00000356,CTA-934306,CLI-63627,2026-06-14 06:12:00,4095008.87,CRC,pago,sucursal,SJ-002,Tarjeta Crédito
TXN-00000357,CTA-849979,CLI-65460,2026-06-12 00:21:00,3293656.18,CRC,pago,app_movil,HE-001,Préstamo Personal
TXN-00000358,CTA-660324,CLI-76402,2026-06-28 05:06:00,2911637.85,CRC,pago,sinpe,LI-002,Cuenta Corriente
TXN-00000359,CTA-360289,CLI-96193,2026-06-17 08:42:00,547737.76,CRC,transferencia,sucursal,SJ-002,Préstamo Hipotecario
TXN-00000360,CTA-447704,CLI-66420,2026-06-03 00:23:00,4834088.86,CRC,deposito,app_movil,PU-001,Cuenta Corriente
TXN-00000361,CTA-643998,CLI-83137,2026-06-12 18:36:00,2553870.53,CRC,comision,sinpe,CA-001,Cuenta Ahorro
TXN-00000362,CTA-909859,CLI-99070,2026-06-21 06:54:00,1956279.71,CRC,comision,sinpe,LI-001,Cuenta Ahorro
TXN-00000363,CTA-409783,CLI-64522,2026-06-16 16:47:00,2414372.65,CRC,deposito,app_movil,SJ-001,Cuenta Ahorro
TXN-00000364,CTA-922366,CLI-37114,2026-06-16 20:28:00,1715990.34,CRC,comision,web,HE-001,Tarjeta Crédito
TXN-00000365,CTA-830609,CLI-69303,2026-06-22 16:05:00,2191391.53,CRC,transferencia,app_movil,SJ-002,Tarjeta Crédito
TXN-00000366,CTA-459743,CLI-94930,2026-06-03 00:48:00,113902.99,CRC,deposito,sucursal,SJ-002,Cuenta Ahorro
TXN-00000367,CTA-447067,CLI-83380,2026-06-24 11:36:00,2759999.54,CRC,pago,web,AL-001,Cuenta Ahorro
TXN-00000368,CTA-789237,CLI-66640,2026-06-19 10:25:00,932748.24,CRC,pago,app_movil,AL-001,Préstamo Hipotecario
TXN-00000369,CTA-507723,CLI-10583,2026-06-09 23:31:00,2961423.59,CRC,retiro,sucursal,LI-002,Tarjeta Crédito
TXN-00000370,CTA-662968,CLI-34505,2026-06-03 20:20:00,3997712.28,CRC,transferencia,atm,SJ-002,Cuenta Ahorro
TXN-00000371,CTA-613261,CLI-79168,2026-06-21 19:46:00,1312504.62,CRC,transferencia,sinpe,SJ-002,Préstamo Personal
TXN-00000372,CTA-464825,CLI-56135,2026-06-28 19:42:00,2935436.57,CRC,pago,sinpe,PU-001,Cuenta Ahorro
TXN-00000373,CTA-428399,CLI-25448,2026-06-14 12:53:00,3360878.3,CRC,retiro,atm,SJ-002,Cuenta Corriente
TXN-00000374,CTA-635638,CLI-60916,2026-06-09 07:56:00,3467489.27,CRC,pago,sinpe,LI-001,Cuenta Ahorro
TXN-00000375,CTA-610310,CLI-93296,2026-06-27 03:50:00,2115770.87,CRC,comision,sucursal,PU-001,Préstamo Hipotecario
TXN-00000376,CTA-296187,CLI-51232,2026-06-08 14:15:00,1444885.04,CRC,pago,sinpe,LI-002,Cuenta Corriente
TXN-00000377,CTA-304607,CLI-60324,2026-06-17 08:09:00,2423559.99,CRC,comision,sinpe,SJ-001,Préstamo Personal
TXN-00000378,CTA-980690,CLI-68176,2026-06-19 14:53:00,2078736.55,CRC,pago,sucursal,LI-002,Cuenta Corriente
TXN-00000379,CTA-331241,CLI-48284,2026-06-26 17:33:00,3979608.57,CRC,deposito,atm,SJ-001,Cuenta Ahorro
TXN-00000380,CTA-579536,CLI-84140,2026-06-25 11:12:00,841876.68,CRC,pago,sinpe,HE-001,Préstamo Hipotecario
TXN-00000381,CTA-669488,CLI-58085,2026-06-06 03:39:00,1340176.66,CRC,comision,app_movil,SJ-002,Préstamo Personal
TXN-00000382,CTA-207391,CLI-95678,2026-06-25 20:45:00,4948888.86,CRC,retiro,atm,CA-001,Cuenta Corriente
TXN-00000383,CTA-956401,CLI-21401,2026-06-21 11:13:00,1743536.31,CRC,pago,app_movil,HE-001,Cuenta Ahorro
TXN-00000384,CTA-739905,CLI-92938,2026-06-10 13:14:00,4305382.43,CRC,pago,sucursal,LI-001,Préstamo Hipotecario
TXN-00000385,CTA-944565,CLI-17780,2026-06-07 08:04:00,4067835.8,CRC,comision,atm,CA-001,Préstamo Hipotecario
TXN-00000386,CTA-838253,CLI-48356,2026-06-13 19:01:00,1618944.43,CRC,transferencia,sinpe,AL-001,Tarjeta Crédito
TXN-00000387,CTA-886530,CLI-63948,2026-06-24 09:52:00,678808.94,CRC,deposito,atm,SJ-002,Cuenta Ahorro
TXN-00000388,CTA-437742,CLI-42447,2026-06-07 00:56:00,732070.97,CRC,pago,web,CA-001,Cuenta Ahorro
TXN-00000389,CTA-493396,CLI-69243,2026-06-27 06:42:00,3139436.29,CRC,deposito,app_movil,HE-001,Préstamo Personal
TXN-00000390,CTA-486999,CLI-69597,2026-06-24 11:11:00,3473823.38,CRC,pago,atm,HE-001,Préstamo Hipotecario
TXN-00000391,CTA-580718,CLI-93209,2026-06-01 02:42:00,3654928.76,CRC,transferencia,app_movil,SJ-002,Préstamo Hipotecario
TXN-00000392,CTA-964915,CLI-37767,2026-06-19 02:24:00,4840674.77,CRC,pago,atm,CA-001,Tarjeta Crédito
TXN-00000393,CTA-236937,CLI-84205,2026-06-13 21:45:00,2737005.37,CRC,pago,atm,LI-001,Cuenta Corriente
TXN-00000394,CTA-977345,CLI-70238,2026-06-03 02:10:00,3131271.43,CRC,deposito,app_movil,SJ-002,Cuenta Ahorro
TXN-00000395,CTA-548580,CLI-36518,2026-06-21 02:00:00,4378.98,CRC,retiro,atm,LI-002,Cuenta Ahorro
TXN-00000396,CTA-362552,CLI-20803,2026-06-13 11:18:00,3273285.23,CRC,transferencia,sucursal,SJ-002,Cuenta Corriente
TXN-00000397,CTA-891918,CLI-40689,2026-06-19 00:54:00,3630215.83,CRC,pago,app_movil,HE-001,Cuenta Corriente
TXN-00000398,CTA-239145,CLI-87814,2026-06-01 01:11:00,2384556.73,CRC,retiro,sinpe,CA-001,Préstamo Personal
TXN-00000399,CTA-956800,CLI-25806,2026-06-01 10:08:00,3478289.94,CRC,pago,sucursal,SJ-001,Préstamo Personal
TXN-00000400,CTA-866260,CLI-23425,2026-06-04 05:21:00,1915966.56,CRC,deposito,atm,CA-001,Tarjeta Crédito
TXN-00000401,CTA-952878,CLI-27451,2026-06-14 14:51:00,1914222.53,CRC,retiro,app_movil,AL-001,Préstamo Hipotecario
TXN-00000402,CTA-272088,CLI-67684,2026-06-26 15:15:00,3051985.88,CRC,transferencia,sucursal,SJ-001,Cuenta Ahorro
TXN-00000403,CTA-190898,CLI-23168,2026-06-19 17:41:00,4299952.66,CRC,retiro,app_movil,LI-002,Préstamo Hipotecario
TXN-00000404,CTA-429780,CLI-28327,2026-06-18 11:27:00,4816280.3,CRC,retiro,atm,LI-001,Cuenta Corriente
TXN-00000405,CTA-824016,CLI-13515,2026-06-12 07:03:00,3895069.29,CRC,transferencia,sucursal,HE-001,Préstamo Hipotecario
TXN-00000406,CTA-409898,CLI-94694,2026-06-28 14:55:00,3739470.36,CRC,deposito,sucursal,CA-001,Préstamo Personal
TXN-00000407,CTA-769077,CLI-87847,2026-06-18 13:29:00,1206167.7,CRC,deposito,sinpe,SJ-002,Cuenta Corriente
TXN-00000408,CTA-979727,CLI-84498,2026-06-17 10:24:00,660782.42,CRC,pago,atm,LI-001,Préstamo Hipotecario
TXN-00000409,CTA-907788,CLI-19567,2026-06-08 20:42:00,4772310.47,CRC,deposito,sinpe,LI-002,Cuenta Corriente
TXN-00000410,CTA-163406,CLI-62163,2026-06-01 15:03:00,1079498.95,CRC,comision,atm,HE-001,Préstamo Hipotecario
TXN-00000411,CTA-186431,CLI-93956,2026-06-19 21:45:00,3509351.38,CRC,comision,sinpe,PU-001,Préstamo Hipotecario
TXN-00000412,CTA-182860,CLI-77017,2026-06-07 22:46:00,418901.77,CRC,retiro,sucursal,HE-001,Préstamo Hipotecario
TXN-00000413,CTA-900298,CLI-95175,2026-06-15 20:53:00,2932599.38,CRC,deposito,atm,PU-001,Préstamo Personal
TXN-00000414,CTA-555589,CLI-25202,2026-06-11 20:39:00,1223154.29,CRC,pago,sinpe,SJ-001,Préstamo Hipotecario
TXN-00000415,CTA-790017,CLI-33022,2026-06-03 12:06:00,3330731.81,CRC,deposito,app_movil,HE-001,Cuenta Ahorro
TXN-00000416,CTA-463546,CLI-78551,2026-06-01 12:23:00,2482568.25,CRC,comision,atm,AL-001,Cuenta Ahorro
TXN-00000417,CTA-381819,CLI-25473,2026-06-17 22:10:00,3749132.14,CRC,deposito,atm,AL-001,Préstamo Personal
TXN-00000418,CTA-704663,CLI-92251,2026-06-13 09:04:00,1315485.3,CRC,deposito,web,SJ-002,Préstamo Personal
TXN-00000419,CTA-694423,CLI-31873,2026-06-24 05:54:00,278140.12,CRC,transferencia,sucursal,LI-001,Tarjeta Crédito
TXN-00000420,CTA-633541,CLI-10336,2026-06-05 16:23:00,1142793.71,CRC,deposito,app_movil,SJ-002,Cuenta Ahorro
TXN-00000421,CTA-257375,CLI-33456,2026-06-03 02:13:00,1820518.51,CRC,deposito,sinpe,LI-002,Préstamo Personal
TXN-00000422,CTA-855276,CLI-51934,2026-06-11 05:13:00,1242067.65,CRC,transferencia,app_movil,LI-001,Préstamo Hipotecario
TXN-00000423,CTA-155230,CLI-33507,2026-06-17 23:12:00,2510702.67,CRC,retiro,sinpe,SJ-002,Cuenta Corriente
TXN-00000424,CTA-396020,CLI-50723,2026-06-19 05:55:00,4385079.2,CRC,transferencia,app_movil,SJ-002,Préstamo Hipotecario
TXN-00000425,CTA-405759,CLI-83899,2026-06-21 18:53:00,1845227.88,CRC,transferencia,sinpe,SJ-001,Cuenta Ahorro
TXN-00000426,CTA-617326,CLI-35614,2026-06-22 02:43:00,2958862.98,CRC,comision,sucursal,LI-001,Cuenta Ahorro
TXN-00000427,CTA-667851,CLI-55406,2026-06-01 06:57:00,120527.37,CRC,deposito,atm,PU-001,Cuenta Corriente
TXN-00000428,CTA-862540,CLI-50306,2026-06-30 21:57:00,4245180.93,CRC,deposito,sucursal,PU-001,Préstamo Hipotecario
TXN-00000429,CTA-162804,CLI-28661,2026-06-11 20:08:00,2460652.36,CRC,transferencia,app_movil,PU-001,Cuenta Corriente
TXN-00000430,CTA-490586,CLI-70091,2026-06-11 12:49:00,3504533.7,CRC,deposito,sinpe,PU-001,Cuenta Corriente
TXN-00000431,CTA-513507,CLI-19808,2026-06-24 00:03:00,3186441.18,CRC,comision,sinpe,AL-001,Cuenta Corriente
TXN-00000432,CTA-373668,CLI-51288,2026-06-20 19:07:00,1184621.9,CRC,pago,atm,AL-001,Tarjeta Crédito
TXN-00000433,CTA-312559,CLI-27840,2026-06-21 14:31:00,1168822.52,CRC,comision,app_movil,HE-001,Cuenta Ahorro
TXN-00000434,CTA-429287,CLI-63282,2026-06-05 19:24:00,2248384.17,CRC,deposito,sinpe,AL-001,Tarjeta Crédito
TXN-00000435,CTA-377880,CLI-25717,2026-06-10 10:47:00,1542230.28,CRC,deposito,sucursal,LI-002,Tarjeta Crédito
TXN-00000436,CTA-998182,CLI-52964,2026-06-28 10:58:00,1075888.93,CRC,retiro,app_movil,SJ-001,Cuenta Ahorro
TXN-00000437,CTA-810078,CLI-49169,2026-06-17 04:33:00,2567784.92,CRC,transferencia,sucursal,PU-001,Cuenta Corriente
TXN-00000438,CTA-676843,CLI-42748,2026-06-19 09:42:00,2780212.85,CRC,deposito,web,LI-002,Cuenta Corriente
TXN-00000439,CTA-970708,CLI-39135,2026-06-07 08:41:00,60772.66,CRC,retiro,sucursal,SJ-002,Préstamo Personal
TXN-00000440,CTA-371393,CLI-19828,2026-06-17 22:35:00,2912036.68,CRC,deposito,app_movil,SJ-002,Cuenta Ahorro
TXN-00000441,CTA-196446,CLI-53456,2026-06-30 09:35:00,4046684.03,CRC,deposito,app_movil,LI-002,Préstamo Personal
TXN-00000442,CTA-554197,CLI-61773,2026-06-03 07:18:00,4620734.5,CRC,pago,app_movil,AL-001,Préstamo Personal
TXN-00000443,CTA-296242,CLI-46042,2026-06-20 10:01:00,1770362.32,CRC,transferencia,web,AL-001,Cuenta Ahorro
TXN-00000444,CTA-623125,CLI-64000,2026-06-02 13:50:00,3236744.72,CRC,comision,web,CA-001,Cuenta Corriente
TXN-00000445,CTA-539599,CLI-36143,2026-06-04 23:48:00,1915693.36,CRC,comision,sucursal,HE-001,Préstamo Hipotecario
TXN-00000446,CTA-476556,CLI-72873,2026-06-01 21:19:00,3909796.92,CRC,comision,web,PU-001,Tarjeta Crédito
TXN-00000447,CTA-288550,CLI-13416,2026-06-26 17:50:00,1942517.99,CRC,transferencia,sinpe,LI-001,Cuenta Ahorro
TXN-00000448,CTA-594596,CLI-79393,2026-06-02 08:00:00,293897.56,CRC,transferencia,sinpe,HE-001,Cuenta Ahorro
TXN-00000449,CTA-352867,CLI-44934,2026-06-08 06:21:00,1240037.41,CRC,comision,app_movil,SJ-002,Cuenta Ahorro
TXN-00000450,CTA-979988,CLI-32768,2026-06-27 04:48:00,1774668.37,CRC,retiro,sucursal,PU-001,Préstamo Hipotecario
TXN-00000451,CTA-129576,CLI-56095,2026-06-15 11:20:00,4569986.04,CRC,comision,sinpe,LI-001,Cuenta Ahorro
TXN-00000452,CTA-949767,CLI-74517,2026-06-26 15:03:00,4183647.51,CRC,comision,atm,CA-001,Cuenta Ahorro
TXN-00000453,CTA-343923,CLI-88861,2026-06-23 07:41:00,452196.63,CRC,retiro,app_movil,SJ-001,Préstamo Hipotecario
TXN-00000454,CTA-743966,CLI-36406,2026-06-22 18:05:00,1659338.23,CRC,retiro,atm,SJ-001,Cuenta Ahorro
TXN-00000455,CTA-715104,CLI-28566,2026-06-15 17:26:00,110542.57,CRC,deposito,sinpe,SJ-001,Tarjeta Crédito
TXN-00000456,CTA-794303,CLI-61851,2026-06-04 07:13:00,3522985.51,CRC,comision,app_movil,LI-001,Tarjeta Crédito
TXN-00000457,CTA-265154,CLI-67261,2026-06-14 17:36:00,683121.89,CRC,pago,atm,LI-001,Cuenta Ahorro
TXN-00000458,CTA-717558,CLI-32983,2026-06-26 13:49:00,1116962.83,CRC,pago,atm,LI-001,Tarjeta Crédito
TXN-00000459,CTA-836109,CLI-85082,2026-06-06 19:05:00,3644425.95,CRC,pago,sinpe,AL-001,Cuenta Corriente
TXN-00000460,CTA-741079,CLI-38953,2026-06-09 06:52:00,4605270.04,CRC,comision,app_movil,LI-001,Préstamo Personal
TXN-00000461,CTA-349556,CLI-55457,2026-06-07 09:37:00,3726971.3,CRC,transferencia,sucursal,LI-001,Cuenta Corriente
TXN-00000462,CTA-378095,CLI-37483,2026-06-30 02:04:00,2233703.04,CRC,retiro,app_movil,LI-001,Tarjeta Crédito
TXN-00000463,CTA-150486,CLI-60585,2026-06-12 16:20:00,3602347.53,CRC,pago,web,SJ-002,Cuenta Ahorro
TXN-00000464,CTA-468292,CLI-81568,2026-06-19 20:13:00,4408971.52,CRC,pago,app_movil,LI-002,Préstamo Personal
TXN-00000465,CTA-177289,CLI-14379,2026-06-27 07:23:00,814119.9,CRC,transferencia,app_movil,CA-001,Tarjeta Crédito
TXN-00000466,CTA-278368,CLI-59212,2026-06-12 21:13:00,371927.81,CRC,retiro,app_movil,SJ-002,Préstamo Hipotecario
TXN-00000467,CTA-743453,CLI-73273,2026-06-05 05:41:00,2970558.69,CRC,deposito,web,LI-001,Cuenta Ahorro
TXN-00000468,CTA-206176,CLI-53397,2026-06-28 15:21:00,786361.78,CRC,retiro,sucursal,PU-001,Préstamo Personal
TXN-00000469,CTA-411847,CLI-41135,2026-06-26 05:14:00,3303328.87,CRC,deposito,app_movil,HE-001,Préstamo Personal
TXN-00000470,CTA-478356,CLI-10500,2026-06-27 00:31:00,768796.08,CRC,pago,app_movil,LI-002,Tarjeta Crédito
TXN-00000471,CTA-126985,CLI-37125,2026-06-29 10:45:00,999174.33,CRC,retiro,atm,LI-002,Cuenta Corriente
TXN-00000472,CTA-516774,CLI-71727,2026-06-22 13:15:00,1542458.65,CRC,pago,atm,SJ-002,Cuenta Corriente
TXN-00000473,CTA-499974,CLI-58418,2026-06-30 05:05:00,925221.22,CRC,retiro,web,PU-001,Cuenta Corriente
TXN-00000474,CTA-337232,CLI-45200,2026-06-12 23:35:00,2325824.72,CRC,comision,app_movil,LI-002,Cuenta Ahorro
TXN-00000475,CTA-947438,CLI-80968,2026-06-05 09:37:00,3341037.73,CRC,pago,sinpe,SJ-002,Cuenta Ahorro
TXN-00000476,CTA-958160,CLI-78495,2026-06-26 04:40:00,4204145.03,CRC,pago,sinpe,SJ-001,Préstamo Personal
TXN-00000477,CTA-182790,CLI-61747,2026-06-27 01:33:00,2381835.14,CRC,deposito,sinpe,CA-001,Préstamo Hipotecario
TXN-00000478,CTA-893969,CLI-68856,2026-06-24 12:30:00,602289.09,CRC,retiro,sucursal,AL-001,Cuenta Ahorro
TXN-00000479,CTA-182175,CLI-99538,2026-06-09 18:30:00,214336.83,CRC,pago,sucursal,AL-001,Cuenta Ahorro
TXN-00000480,CTA-862422,CLI-18783,2026-06-28 01:57:00,1599427.69,CRC,deposito,web,HE-001,Préstamo Hipotecario
TXN-00000481,CTA-644932,CLI-70051,2026-06-19 02:01:00,4283264.28,CRC,deposito,sinpe,LI-001,Préstamo Hipotecario
TXN-00000482,CTA-256911,CLI-29424,2026-06-24 18:46:00,563481.69,CRC,comision,sinpe,PU-001,Préstamo Hipotecario
TXN-00000483,CTA-205896,CLI-47498,2026-06-05 13:26:00,2813856.11,CRC,comision,atm,SJ-002,Préstamo Personal
TXN-00000484,CTA-699809,CLI-89817,2026-06-13 00:30:00,3274283.57,CRC,pago,app_movil,PU-001,Cuenta Ahorro
TXN-00000485,CTA-738221,CLI-99235,2026-06-13 12:49:00,720119.5,CRC,pago,app_movil,PU-001,Préstamo Personal
TXN-00000486,CTA-598302,CLI-45203,2026-06-16 02:04:00,247405.59,CRC,transferencia,app_movil,CA-001,Tarjeta Crédito
TXN-00000487,CTA-615500,CLI-99764,2026-06-14 19:01:00,1402452.92,CRC,deposito,sucursal,HE-001,Cuenta Ahorro
TXN-00000488,CTA-436454,CLI-45313,2026-06-14 16:12:00,3870380.47,CRC,pago,sinpe,LI-002,Cuenta Corriente
TXN-00000489,CTA-963994,CLI-63368,2026-06-09 13:16:00,1057741.12,CRC,pago,sinpe,LI-002,Tarjeta Crédito
TXN-00000490,CTA-844037,CLI-76426,2026-06-03 13:23:00,329019.22,CRC,pago,sucursal,AL-001,Préstamo Hipotecario
TXN-00000491,CTA-973390,CLI-36309,2026-06-26 21:08:00,869513.04,CRC,deposito,sucursal,SJ-001,Cuenta Corriente
TXN-00000492,CTA-838862,CLI-36097,2026-06-21 18:33:00,4590237.32,CRC,transferencia,atm,SJ-001,Préstamo Personal
TXN-00000493,CTA-229890,CLI-99282,2026-06-23 23:43:00,3177413.64,CRC,deposito,sucursal,PU-001,Tarjeta Crédito
TXN-00000494,CTA-597635,CLI-86923,2026-06-23 05:53:00,888740.89,CRC,comision,atm,LI-002,Tarjeta Crédito
TXN-00000495,CTA-822312,CLI-21847,2026-06-08 10:36:00,3745056.71,CRC,transferencia,app_movil,HE-001,Préstamo Personal
TXN-00000496,CTA-917711,CLI-38091,2026-06-03 06:13:00,4269252.81,CRC,retiro,sucursal,AL-001,Cuenta Ahorro
TXN-00000497,CTA-918207,CLI-99417,2026-06-13 05:54:00,2566892.89,CRC,deposito,web,PU-001,Cuenta Ahorro
TXN-00000498,CTA-108874,CLI-39329,2026-06-30 11:06:00,3006108.61,CRC,transferencia,sinpe,AL-001,Tarjeta Crédito
TXN-00000499,CTA-494763,CLI-55706,2026-06-30 06:02:00,2119610.2,CRC,pago,atm,HE-001,Cuenta Ahorro
TXN-00000500,CTA-964352,CLI-91737,2026-06-22 05:45:00,3386303.59,CRC,pago,sinpe,HE-001,Cuenta Corriente
TXN-00000501,CTA-722615,CLI-89829,2026-06-01 08:01:00,2807724.13,CRC,transferencia,atm,LI-001,Cuenta Corriente
TXN-00000502,CTA-389913,CLI-93964,2026-06-22 22:11:00,1682081.99,CRC,transferencia,atm,SJ-002,Tarjeta Crédito
TXN-00000503,CTA-642421,CLI-41496,2026-06-30 20:39:00,942612.05,CRC,deposito,sinpe,HE-001,Préstamo Personal
TXN-00000504,CTA-787237,CLI-75191,2026-06-15 13:04:00,3606694.7,CRC,transferencia,atm,AL-001,Préstamo Personal
TXN-00000505,CTA-711344,CLI-84978,2026-06-19 09:55:00,3683923.75,CRC,retiro,atm,PU-001,Cuenta Ahorro
TXN-00000506,CTA-804505,CLI-56988,2026-06-25 07:57:00,4532726.0,CRC,comision,atm,LI-002,Cuenta Ahorro
TXN-00000507,CTA-593649,CLI-26769,2026-06-30 22:17:00,1469626.48,CRC,transferencia,sinpe,AL-001,Cuenta Ahorro
TXN-00000508,CTA-334176,CLI-50250,2026-06-16 06:36:00,1112045.3,CRC,pago,atm,SJ-002,Tarjeta Crédito
TXN-00000509,CTA-223502,CLI-71674,2026-06-12 20:36:00,2319339.38,CRC,deposito,sinpe,HE-001,Préstamo Hipotecario
TXN-00000510,CTA-303993,CLI-75598,2026-06-29 05:55:00,2361626.19,CRC,deposito,web,SJ-002,Préstamo Hipotecario
TXN-00000511,CTA-995735,CLI-29762,2026-06-14 13:53:00,271255.79,CRC,retiro,sucursal,PU-001,Tarjeta Crédito
TXN-00000512,CTA-850432,CLI-33639,2026-06-19 14:56:00,716977.54,CRC,deposito,web,LI-002,Tarjeta Crédito
TXN-00000513,CTA-160831,CLI-10617,2026-06-29 17:15:00,1567756.94,CRC,pago,atm,AL-001,Cuenta Ahorro
TXN-00000514,CTA-900660,CLI-21539,2026-06-08 16:09:00,2448395.88,CRC,retiro,sinpe,AL-001,Préstamo Personal
TXN-00000515,CTA-600590,CLI-60242,2026-06-29 19:56:00,2017564.01,CRC,deposito,app_movil,PU-001,Préstamo Hipotecario
TXN-00000516,CTA-437864,CLI-79603,2026-06-10 01:48:00,4750393.01,CRC,retiro,app_movil,LI-001,Cuenta Corriente
TXN-00000517,CTA-461076,CLI-50906,2026-06-29 12:30:00,1132102.29,CRC,retiro,app_movil,CA-001,Préstamo Personal
TXN-00000518,CTA-963862,CLI-15992,2026-06-23 21:46:00,835933.92,CRC,transferencia,atm,HE-001,Préstamo Personal
TXN-00000519,CTA-820141,CLI-27536,2026-06-24 16:17:00,2168892.48,CRC,transferencia,web,LI-001,Tarjeta Crédito
TXN-00000520,CTA-951452,CLI-62873,2026-06-09 13:48:00,4740473.68,CRC,deposito,sucursal,AL-001,Cuenta Ahorro
TXN-00000521,CTA-718337,CLI-76143,2026-06-06 23:18:00,3670649.02,CRC,retiro,app_movil,CA-001,Tarjeta Crédito
TXN-00000522,CTA-771425,CLI-43526,2026-06-30 14:33:00,1876586.97,CRC,comision,sinpe,SJ-001,Cuenta Corriente
TXN-00000523,CTA-785315,CLI-12587,2026-06-28 00:43:00,3310187.61,CRC,deposito,app_movil,SJ-001,Préstamo Personal
TXN-00000524,CTA-365015,CLI-72180,2026-06-21 05:18:00,618851.72,CRC,retiro,sucursal,PU-001,Cuenta Corriente
TXN-00000525,CTA-794663,CLI-78197,2026-06-14 16:53:00,3308661.22,CRC,transferencia,sinpe,PU-001,Préstamo Hipotecario
TXN-00000526,CTA-210010,CLI-77054,2026-06-07 05:49:00,4153432.95,CRC,comision,app_movil,PU-001,Tarjeta Crédito
TXN-00000527,CTA-738584,CLI-36181,2026-06-06 04:31:00,2489197.58,CRC,transferencia,sinpe,SJ-002,Cuenta Ahorro
TXN-00000528,CTA-141319,CLI-81845,2026-06-17 06:56:00,1477460.65,CRC,pago,sucursal,PU-001,Préstamo Personal
TXN-00000529,CTA-804258,CLI-21665,2026-06-16 01:06:00,14687.26,CRC,deposito,sinpe,CA-001,Préstamo Personal
TXN-00000530,CTA-178693,CLI-23276,2026-06-07 18:54:00,3897851.59,CRC,transferencia,sucursal,SJ-002,Préstamo Personal
TXN-00000531,CTA-204657,CLI-32898,2026-06-14 11:20:00,2321922.51,CRC,deposito,atm,HE-001,Tarjeta Crédito
TXN-00000532,CTA-199613,CLI-16014,2026-06-15 05:33:00,3692962.44,CRC,deposito,sucursal,PU-001,Cuenta Ahorro
TXN-00000533,CTA-752011,CLI-45167,2026-06-15 22:59:00,4472743.56,CRC,deposito,atm,LI-001,Tarjeta Crédito
TXN-00000534,CTA-578715,CLI-45629,2026-06-09 07:44:00,2004486.79,CRC,pago,web,SJ-002,Préstamo Personal
TXN-00000535,CTA-829987,CLI-17686,2026-06-30 12:42:00,566169.73,CRC,retiro,app_movil,AL-001,Préstamo Personal
TXN-00000536,CTA-811346,CLI-67430,2026-06-27 21:15:00,4011521.66,CRC,retiro,sinpe,LI-002,Préstamo Personal
TXN-00000537,CTA-979269,CLI-27125,2026-06-17 07:41:00,4313016.3,CRC,pago,web,SJ-001,Cuenta Corriente
TXN-00000538,CTA-374320,CLI-95848,2026-06-19 17:13:00,230815.65,CRC,transferencia,app_movil,LI-002,Préstamo Hipotecario
TXN-00000539,CTA-802382,CLI-54341,2026-06-27 05:51:00,4889499.89,CRC,comision,sinpe,CA-001,Préstamo Hipotecario
TXN-00000540,CTA-360651,CLI-73167,2026-06-05 08:01:00,3308904.6,CRC,transferencia,web,PU-001,Cuenta Ahorro
TXN-00000541,CTA-264550,CLI-76265,2026-06-26 09:51:00,59212.69,CRC,pago,web,SJ-001,Cuenta Ahorro
TXN-00000542,CTA-446968,CLI-46458,2026-06-04 09:46:00,1603848.44,CRC,deposito,sinpe,LI-002,Cuenta Ahorro
TXN-00000543,CTA-346415,CLI-20332,2026-06-26 01:17:00,2016981.69,CRC,pago,web,PU-001,Préstamo Hipotecario
TXN-00000544,CTA-568784,CLI-51426,2026-06-21 09:26:00,4283089.53,CRC,deposito,web,SJ-002,Cuenta Corriente
TXN-00000545,CTA-684194,CLI-81971,2026-06-05 16:06:00,2062280.4,CRC,deposito,app_movil,PU-001,Préstamo Hipotecario
TXN-00000546,CTA-689648,CLI-37112,2026-06-29 04:11:00,4450664.38,CRC,pago,atm,HE-001,Tarjeta Crédito
TXN-00000547,CTA-448098,CLI-83420,2026-06-03 11:16:00,4221742.88,CRC,comision,sinpe,CA-001,Préstamo Personal
TXN-00000548,CTA-219562,CLI-22771,2026-06-30 21:48:00,3579851.59,CRC,retiro,app_movil,LI-001,Tarjeta Crédito
TXN-00000549,CTA-492052,CLI-23935,2026-06-17 03:54:00,2738905.22,CRC,deposito,sucursal,HE-001,Préstamo Personal
TXN-00000550,CTA-740524,CLI-35679,2026-06-07 09:24:00,535700.57,CRC,retiro,app_movil,PU-001,Préstamo Personal
TXN-00000551,CTA-299836,CLI-54293,2026-06-10 19:28:00,4122946.16,CRC,deposito,web,LI-002,Cuenta Corriente
TXN-00000552,CTA-572388,CLI-69950,2026-06-29 19:40:00,3860953.72,CRC,comision,sinpe,SJ-002,Cuenta Ahorro
TXN-00000553,CTA-150931,CLI-82512,2026-06-23 16:51:00,2652291.37,CRC,pago,sinpe,SJ-001,Préstamo Personal
TXN-00000554,CTA-282085,CLI-26827,2026-06-24 03:14:00,3459396.75,CRC,deposito,web,AL-001,Préstamo Hipotecario
TXN-00000555,CTA-503348,CLI-64875,2026-06-28 14:05:00,2521046.49,CRC,comision,sucursal,LI-001,Tarjeta Crédito
TXN-00000556,CTA-574843,CLI-27481,2026-06-19 02:34:00,4852487.76,CRC,retiro,web,LI-001,Préstamo Hipotecario
TXN-00000557,CTA-674416,CLI-51144,2026-06-24 07:33:00,4215529.08,CRC,comision,sucursal,HE-001,Cuenta Ahorro
TXN-00000558,CTA-805034,CLI-27389,2026-06-10 13:03:00,3433369.88,CRC,retiro,sinpe,HE-001,Préstamo Hipotecario
TXN-00000559,CTA-897730,CLI-56168,2026-06-29 23:38:00,3552053.28,CRC,comision,web,LI-001,Préstamo Hipotecario
TXN-00000560,CTA-982260,CLI-79979,2026-06-26 23:17:00,3371543.18,CRC,transferencia,web,PU-001,Cuenta Corriente
TXN-00000561,CTA-252386,CLI-16955,2026-06-24 18:57:00,127335.43,CRC,deposito,sucursal,SJ-002,Tarjeta Crédito
TXN-00000562,CTA-253541,CLI-18130,2026-06-08 07:47:00,3417268.25,CRC,transferencia,sucursal,HE-001,Préstamo Hipotecario
TXN-00000563,CTA-207458,CLI-90754,2026-06-02 11:17:00,4070317.06,CRC,comision,sucursal,LI-001,Préstamo Hipotecario
TXN-00000564,CTA-935540,CLI-47701,2026-06-18 16:46:00,2555100.6,CRC,deposito,web,CA-001,Préstamo Personal
TXN-00000565,CTA-156415,CLI-11699,2026-06-19 23:00:00,4829200.23,CRC,transferencia,sucursal,LI-001,Préstamo Hipotecario
TXN-00000566,CTA-838857,CLI-94886,2026-06-21 03:56:00,4557520.4,CRC,transferencia,sinpe,CA-001,Préstamo Hipotecario
TXN-00000567,CTA-302897,CLI-48558,2026-06-28 11:03:00,3880957.58,CRC,pago,sucursal,CA-001,Cuenta Corriente
TXN-00000568,CTA-225151,CLI-59440,2026-06-09 12:13:00,3675662.35,CRC,deposito,web,AL-001,Tarjeta Crédito
TXN-00000569,CTA-712353,CLI-43425,2026-06-26 07:57:00,651202.58,CRC,deposito,atm,HE-001,Préstamo Personal
TXN-00000570,CTA-438302,CLI-88234,2026-06-08 01:05:00,769363.21,CRC,deposito,sinpe,SJ-001,Tarjeta Crédito
TXN-00000571,CTA-842057,CLI-51662,2026-06-23 07:48:00,365331.1,CRC,comision,sucursal,LI-001,Cuenta Ahorro
TXN-00000572,CTA-267112,CLI-64516,2026-06-24 16:38:00,3931504.94,CRC,comision,sinpe,SJ-002,Préstamo Personal
TXN-00000573,CTA-323717,CLI-96944,2026-06-05 04:25:00,1106769.21,CRC,transferencia,atm,LI-001,Tarjeta Crédito
TXN-00000574,CTA-748314,CLI-79533,2026-06-14 08:39:00,4751591.07,CRC,pago,sinpe,CA-001,Cuenta Corriente
TXN-00000575,CTA-773462,CLI-90439,2026-06-06 05:18:00,2228890.56,CRC,comision,sucursal,LI-001,Cuenta Corriente
TXN-00000576,CTA-218881,CLI-60577,2026-06-15 14:32:00,4579746.22,CRC,transferencia,sinpe,PU-001,Tarjeta Crédito
TXN-00000577,CTA-633447,CLI-68400,2026-06-02 02:59:00,2572031.0,CRC,pago,app_movil,LI-001,Tarjeta Crédito
TXN-00000578,CTA-186345,CLI-22577,2026-06-30 15:38:00,1602243.47,CRC,retiro,sinpe,CA-001,Préstamo Hipotecario
TXN-00000579,CTA-760093,CLI-37941,2026-06-01 08:00:00,1054696.59,CRC,pago,app_movil,SJ-002,Cuenta Ahorro
TXN-00000580,CTA-175623,CLI-99921,2026-06-25 11:22:00,3233159.24,CRC,retiro,app_movil,PU-001,Préstamo Personal
TXN-00000581,CTA-156904,CLI-33329,2026-06-16 02:19:00,438516.97,CRC,transferencia,sinpe,SJ-001,Cuenta Corriente
TXN-00000582,CTA-527433,CLI-60860,2026-06-27 04:00:00,4555021.89,CRC,pago,web,CA-001,Préstamo Personal
TXN-00000583,CTA-224052,CLI-80101,2026-06-15 09:35:00,1948119.83,CRC,deposito,sinpe,SJ-001,Cuenta Corriente
TXN-00000584,CTA-176115,CLI-56884,2026-06-27 15:38:00,3504709.27,CRC,comision,app_movil,SJ-001,Tarjeta Crédito
TXN-00000585,CTA-558936,CLI-59992,2026-06-14 17:09:00,1408305.7,CRC,pago,app_movil,SJ-002,Préstamo Personal
TXN-00000586,CTA-509985,CLI-81529,2026-06-08 02:44:00,682770.92,CRC,transferencia,sucursal,CA-001,Tarjeta Crédito
TXN-00000587,CTA-111691,CLI-82551,2026-06-30 11:43:00,4787000.85,CRC,comision,sucursal,LI-001,Cuenta Corriente
TXN-00000588,CTA-513224,CLI-80405,2026-06-02 21:37:00,2864020.26,CRC,comision,app_movil,SJ-001,Tarjeta Crédito
TXN-00000589,CTA-777308,CLI-77181,2026-06-10 13:26:00,1059472.98,CRC,retiro,sucursal,LI-001,Cuenta Ahorro
TXN-00000590,CTA-290167,CLI-97946,2026-06-11 01:09:00,972436.75,CRC,comision,app_movil,HE-001,Préstamo Hipotecario
TXN-00000591,CTA-170634,CLI-42858,2026-06-21 23:49:00,1453972.68,CRC,deposito,sucursal,SJ-002,Préstamo Hipotecario
TXN-00000592,CTA-803904,CLI-95914,2026-06-23 04:08:00,1786334.66,CRC,retiro,app_movil,LI-001,Tarjeta Crédito
TXN-00000593,CTA-433222,CLI-73682,2026-06-29 04:40:00,4500692.84,CRC,pago,atm,SJ-002,Préstamo Hipotecario
TXN-00000594,CTA-482199,CLI-51462,2026-06-14 21:52:00,2828194.49,CRC,pago,sucursal,AL-001,Cuenta Corriente
TXN-00000595,CTA-846794,CLI-93995,2026-06-15 06:06:00,3928514.9,CRC,pago,atm,CA-001,Tarjeta Crédito
TXN-00000596,CTA-585331,CLI-68373,2026-06-07 02:41:00,4389551.26,CRC,transferencia,atm,LI-001,Préstamo Personal
TXN-00000597,CTA-736095,CLI-20744,2026-06-26 02:34:00,879675.03,CRC,transferencia,sucursal,SJ-002,Préstamo Hipotecario
TXN-00000598,CTA-757057,CLI-20022,2026-06-09 22:33:00,3667989.54,CRC,deposito,app_movil,HE-001,Préstamo Hipotecario
TXN-00000599,CTA-707021,CLI-63101,2026-06-29 17:54:00,4063399.36,CRC,comision,sucursal,SJ-001,Cuenta Corriente
TXN-00000600,CTA-665892,CLI-71879,2026-06-26 02:29:00,2717803.15,CRC,retiro,atm,HE-001,Préstamo Personal
TXN-00000601,CTA-625465,CLI-76900,2026-06-11 03:54:00,670272.42,CRC,deposito,web,HE-001,Tarjeta Crédito
TXN-00000602,CTA-989173,CLI-90482,2026-06-23 20:30:00,3313729.77,CRC,retiro,sinpe,SJ-001,Cuenta Ahorro
TXN-00000603,CTA-693297,CLI-96430,2026-06-21 07:23:00,896546.77,CRC,retiro,web,AL-001,Tarjeta Crédito
TXN-00000604,CTA-343007,CLI-18239,2026-06-02 20:08:00,3807600.42,CRC,transferencia,atm,CA-001,Cuenta Ahorro
TXN-00000605,CTA-929906,CLI-57349,2026-06-02 22:45:00,2589908.26,CRC,pago,web,CA-001,Préstamo Personal
TXN-00000606,CTA-439813,CLI-23529,2026-06-03 02:43:00,4902968.32,CRC,comision,atm,SJ-001,Tarjeta Crédito
TXN-00000607,CTA-496905,CLI-57880,2026-06-27 08:01:00,1883921.19,CRC,comision,app_movil,AL-001,Préstamo Hipotecario
TXN-00000608,CTA-333726,CLI-77681,2026-06-12 10:47:00,4863397.87,CRC,pago,atm,PU-001,Tarjeta Crédito
TXN-00000609,CTA-106918,CLI-75776,2026-06-23 03:46:00,4435972.55,CRC,retiro,web,LI-002,Cuenta Ahorro
TXN-00000610,CTA-394450,CLI-37723,2026-06-11 11:12:00,2573191.82,CRC,retiro,sucursal,SJ-002,Cuenta Ahorro
TXN-00000611,CTA-534753,CLI-53283,2026-06-17 11:38:00,3305887.1,CRC,deposito,web,SJ-002,Préstamo Personal
TXN-00000612,CTA-778700,CLI-63857,2026-06-22 19:13:00,2954363.7,CRC,deposito,sucursal,CA-001,Cuenta Corriente
TXN-00000613,CTA-637544,CLI-15136,2026-06-06 19:41:00,674485.52,CRC,comision,sucursal,AL-001,Cuenta Corriente
TXN-00000614,CTA-641737,CLI-63143,2026-06-08 13:41:00,4612311.91,CRC,comision,sinpe,HE-001,Cuenta Corriente
TXN-00000615,CTA-735988,CLI-71789,2026-06-13 21:36:00,1083750.5,CRC,pago,sucursal,SJ-002,Cuenta Ahorro
TXN-00000616,CTA-960307,CLI-33839,2026-06-19 16:40:00,3973285.74,CRC,comision,sinpe,AL-001,Tarjeta Crédito
TXN-00000617,CTA-725510,CLI-87410,2026-06-08 15:11:00,4611837.37,CRC,deposito,sucursal,LI-001,Préstamo Personal
TXN-00000618,CTA-312177,CLI-78512,2026-06-18 13:01:00,543742.0,CRC,comision,web,AL-001,Cuenta Ahorro
TXN-00000619,CTA-744610,CLI-88618,2026-06-28 13:22:00,887933.5,CRC,deposito,sinpe,SJ-002,Préstamo Hipotecario
TXN-00000620,CTA-236659,CLI-89098,2026-06-06 08:21:00,2411722.43,CRC,comision,app_movil,SJ-002,Préstamo Personal
TXN-00000621,CTA-145548,CLI-79444,2026-06-24 18:12:00,1852516.87,CRC,pago,sucursal,PU-001,Préstamo Personal
TXN-00000622,CTA-877407,CLI-85513,2026-06-18 08:24:00,2945651.38,CRC,deposito,web,LI-001,Cuenta Ahorro
TXN-00000623,CTA-187889,CLI-47128,2026-06-12 14:00:00,3829528.59,CRC,comision,sinpe,LI-002,Préstamo Personal
TXN-00000624,CTA-879769,CLI-10932,2026-06-12 17:35:00,28341.8,CRC,comision,sinpe,CA-001,Cuenta Corriente
TXN-00000625,CTA-315397,CLI-51405,2026-06-24 15:43:00,1875774.38,CRC,pago,atm,SJ-001,Cuenta Corriente
TXN-00000626,CTA-365953,CLI-44249,2026-06-08 01:03:00,3258228.1,CRC,comision,web,PU-001,Préstamo Hipotecario
TXN-00000627,CTA-516760,CLI-36698,2026-06-17 15:22:00,4959001.57,CRC,pago,sinpe,HE-001,Préstamo Hipotecario
TXN-00000628,CTA-681866,CLI-73407,2026-06-22 22:59:00,1851694.63,CRC,transferencia,atm,AL-001,Préstamo Hipotecario
TXN-00000629,CTA-996531,CLI-96413,2026-06-16 16:07:00,3679176.37,CRC,deposito,sucursal,PU-001,Préstamo Personal
TXN-00000630,CTA-520018,CLI-54359,2026-06-08 08:43:00,1073076.25,CRC,comision,sinpe,SJ-002,Cuenta Corriente
TXN-00000631,CTA-105547,CLI-21939,2026-06-08 07:34:00,4822886.69,CRC,retiro,web,PU-001,Préstamo Hipotecario
TXN-00000632,CTA-332542,CLI-58606,2026-06-20 19:32:00,321338.2,CRC,deposito,sinpe,SJ-002,Cuenta Corriente
TXN-00000633,CTA-646313,CLI-47548,2026-06-18 11:47:00,3070213.99,CRC,comision,app_movil,PU-001,Cuenta Ahorro
TXN-00000634,CTA-311505,CLI-96099,2026-06-30 03:22:00,2195421.27,CRC,comision,atm,LI-002,Cuenta Ahorro
TXN-00000635,CTA-806765,CLI-14726,2026-06-02 12:42:00,3076334.74,CRC,transferencia,sucursal,CA-001,Cuenta Corriente
TXN-00000636,CTA-917546,CLI-62354,2026-06-08 03:58:00,4984088.9,CRC,transferencia,web,SJ-002,Préstamo Personal
TXN-00000637,CTA-872722,CLI-18993,2026-06-27 16:09:00,2589195.76,CRC,deposito,sinpe,CA-001,Tarjeta Crédito
TXN-00000638,CTA-955129,CLI-46242,2026-06-26 10:42:00,1738027.97,CRC,retiro,sinpe,LI-001,Cuenta Ahorro
TXN-00000639,CTA-373791,CLI-32942,2026-06-21 16:43:00,2874958.7,CRC,pago,sinpe,PU-001,Cuenta Corriente
TXN-00000640,CTA-456480,CLI-25336,2026-06-26 10:10:00,2516342.66,CRC,comision,atm,SJ-002,Préstamo Hipotecario
TXN-00000641,CTA-495397,CLI-83815,2026-06-27 03:56:00,3471265.12,CRC,pago,sucursal,HE-001,Tarjeta Crédito
TXN-00000642,CTA-128679,CLI-73172,2026-06-21 21:11:00,4482722.59,CRC,deposito,atm,LI-002,Cuenta Corriente
TXN-00000643,CTA-341099,CLI-51383,2026-06-18 09:58:00,3384887.97,CRC,pago,atm,CA-001,Préstamo Hipotecario
TXN-00000644,CTA-376142,CLI-42539,2026-06-25 09:04:00,3504391.94,CRC,transferencia,app_movil,SJ-001,Préstamo Personal
TXN-00000645,CTA-287155,CLI-72463,2026-06-16 13:32:00,2773202.97,CRC,transferencia,atm,SJ-002,Cuenta Ahorro
TXN-00000646,CTA-882401,CLI-99536,2026-06-27 02:38:00,914739.48,CRC,retiro,web,HE-001,Cuenta Ahorro
TXN-00000647,CTA-316823,CLI-40042,2026-06-11 16:31:00,4363839.75,CRC,retiro,sucursal,CA-001,Préstamo Hipotecario
TXN-00000648,CTA-225701,CLI-20287,2026-06-17 04:52:00,3894913.46,CRC,pago,sinpe,AL-001,Cuenta Corriente
TXN-00000649,CTA-489227,CLI-91352,2026-06-25 15:26:00,4240204.97,CRC,transferencia,web,SJ-001,Préstamo Hipotecario
TXN-00000650,CTA-901387,CLI-76995,2026-06-13 12:04:00,915176.44,CRC,transferencia,web,LI-002,Cuenta Ahorro
TXN-00000651,CTA-938095,CLI-65466,2026-06-27 05:52:00,271686.71,CRC,pago,sinpe,AL-001,Cuenta Corriente
TXN-00000652,CTA-819678,CLI-32911,2026-06-23 20:50:00,1969190.9,CRC,pago,app_movil,LI-001,Préstamo Hipotecario
TXN-00000653,CTA-112394,CLI-98356,2026-06-21 22:31:00,3446363.53,CRC,retiro,web,LI-001,Préstamo Hipotecario
TXN-00000654,CTA-372315,CLI-34530,2026-06-05 14:02:00,1808650.03,CRC,comision,atm,LI-001,Cuenta Ahorro
TXN-00000655,CTA-459762,CLI-57962,2026-06-13 06:15:00,4792675.56,CRC,retiro,web,LI-002,Préstamo Personal
TXN-00000656,CTA-490394,CLI-57851,2026-06-10 13:57:00,3503862.42,CRC,pago,atm,PU-001,Préstamo Personal
TXN-00000657,CTA-819335,CLI-39958,2026-06-09 04:29:00,4896382.99,CRC,deposito,atm,AL-001,Cuenta Ahorro
TXN-00000658,CTA-305587,CLI-29116,2026-06-26 06:34:00,4281687.38,CRC,retiro,web,PU-001,Cuenta Corriente
TXN-00000659,CTA-990649,CLI-92660,2026-06-09 00:54:00,2498489.53,CRC,comision,sinpe,PU-001,Tarjeta Crédito
TXN-00000660,CTA-695417,CLI-16253,2026-06-23 03:31:00,1255619.19,CRC,pago,app_movil,HE-001,Cuenta Ahorro
TXN-00000661,CTA-599687,CLI-92557,2026-06-03 17:34:00,4069276.53,CRC,deposito,web,CA-001,Tarjeta Crédito
TXN-00000662,CTA-684572,CLI-43779,2026-06-12 19:44:00,1802172.59,CRC,transferencia,app_movil,LI-001,Préstamo Personal
TXN-00000663,CTA-734992,CLI-36077,2026-06-06 12:25:00,4336975.55,CRC,comision,sinpe,LI-001,Préstamo Hipotecario
TXN-00000664,CTA-805893,CLI-76904,2026-06-08 22:38:00,1776190.08,CRC,pago,web,HE-001,Cuenta Corriente
TXN-00000665,CTA-251884,CLI-31964,2026-06-18 08:13:00,2319296.65,CRC,transferencia,web,HE-001,Préstamo Hipotecario
TXN-00000666,CTA-174809,CLI-20369,2026-06-27 00:22:00,4244654.96,CRC,retiro,atm,PU-001,Cuenta Ahorro
TXN-00000667,CTA-844943,CLI-45058,2026-06-15 06:24:00,3265412.47,CRC,comision,web,LI-001,Tarjeta Crédito
TXN-00000668,CTA-646240,CLI-69020,2026-06-21 05:56:00,3739729.6,CRC,pago,sucursal,LI-001,Cuenta Ahorro
TXN-00000669,CTA-794180,CLI-42983,2026-06-02 01:13:00,3639134.31,CRC,deposito,sucursal,AL-001,Cuenta Ahorro
TXN-00000670,CTA-596171,CLI-81884,2026-06-19 01:40:00,478673.04,CRC,deposito,app_movil,SJ-002,Préstamo Personal
TXN-00000671,CTA-748127,CLI-30352,2026-06-24 20:19:00,520538.09,CRC,deposito,web,SJ-002,Tarjeta Crédito
TXN-00000672,CTA-564687,CLI-92114,2026-06-11 10:31:00,3688228.55,CRC,retiro,sucursal,CA-001,Préstamo Hipotecario
TXN-00000673,CTA-474175,CLI-52624,2026-06-08 18:20:00,176739.75,CRC,pago,web,SJ-001,Préstamo Hipotecario
TXN-00000674,CTA-831510,CLI-80685,2026-06-13 09:32:00,676439.43,CRC,retiro,sinpe,LI-002,Préstamo Hipotecario
TXN-00000675,CTA-770593,CLI-79964,2026-06-21 18:40:00,2617775.56,CRC,transferencia,atm,PU-001,Préstamo Personal
TXN-00000676,CTA-563324,CLI-50352,2026-06-25 13:27:00,4023734.12,CRC,transferencia,web,CA-001,Tarjeta Crédito
TXN-00000677,CTA-648736,CLI-27865,2026-06-08 02:05:00,53768.54,CRC,transferencia,atm,HE-001,Préstamo Personal
TXN-00000678,CTA-615827,CLI-72530,2026-06-25 08:28:00,3439162.05,CRC,transferencia,app_movil,SJ-001,Préstamo Personal
TXN-00000679,CTA-674842,CLI-58974,2026-06-14 07:56:00,3984040.15,CRC,retiro,web,CA-001,Préstamo Hipotecario
TXN-00000680,CTA-849666,CLI-94671,2026-06-20 21:26:00,1250230.69,CRC,pago,web,PU-001,Cuenta Ahorro
TXN-00000681,CTA-351198,CLI-77713,2026-06-12 23:14:00,2111774.67,CRC,comision,atm,SJ-002,Tarjeta Crédito
TXN-00000682,CTA-994940,CLI-18973,2026-06-30 12:17:00,2065106.48,CRC,retiro,sucursal,HE-001,Tarjeta Crédito
TXN-00000683,CTA-385353,CLI-91625,2026-06-06 00:32:00,3089029.34,CRC,pago,sucursal,LI-002,Tarjeta Crédito
TXN-00000684,CTA-660957,CLI-12900,2026-06-01 21:11:00,249110.73,CRC,retiro,app_movil,AL-001,Tarjeta Crédito
TXN-00000685,CTA-862427,CLI-11075,2026-06-13 06:01:00,3576264.52,CRC,retiro,app_movil,AL-001,Cuenta Ahorro
TXN-00000686,CTA-540656,CLI-50838,2026-06-01 16:05:00,1086723.24,CRC,pago,atm,LI-002,Préstamo Personal
TXN-00000687,CTA-887029,CLI-29148,2026-06-02 10:39:00,402035.26,CRC,deposito,atm,LI-001,Préstamo Personal
TXN-00000688,CTA-982417,CLI-42778,2026-06-04 05:58:00,908837.09,CRC,pago,app_movil,LI-002,Cuenta Corriente
TXN-00000689,CTA-564478,CLI-42396,2026-06-12 07:55:00,3856355.44,CRC,deposito,sucursal,PU-001,Préstamo Personal
TXN-00000690,CTA-814544,CLI-50908,2026-06-05 06:37:00,2364654.9,CRC,transferencia,sucursal,CA-001,Cuenta Corriente
TXN-00000691,CTA-769536,CLI-49166,2026-06-26 00:17:00,1267310.39,CRC,retiro,atm,SJ-002,Cuenta Corriente
TXN-00000692,CTA-555251,CLI-52534,2026-06-10 21:52:00,1180593.22,CRC,deposito,sucursal,SJ-002,Tarjeta Crédito
TXN-00000693,CTA-354897,CLI-11170,2026-06-27 14:38:00,1979645.69,CRC,deposito,sinpe,SJ-002,Préstamo Personal
TXN-00000694,CTA-193826,CLI-42600,2026-06-28 03:13:00,1857621.92,CRC,retiro,web,AL-001,Cuenta Corriente
TXN-00000695,CTA-896456,CLI-91937,2026-06-29 03:43:00,4654313.07,CRC,deposito,app_movil,LI-001,Tarjeta Crédito
TXN-00000696,CTA-929912,CLI-24076,2026-06-30 08:02:00,3506939.37,CRC,retiro,web,AL-001,Cuenta Ahorro
TXN-00000697,CTA-560030,CLI-35292,2026-06-15 09:57:00,4027821.36,CRC,deposito,web,LI-001,Tarjeta Crédito
TXN-00000698,CTA-608876,CLI-67344,2026-06-07 03:09:00,4493416.56,CRC,comision,atm,HE-001,Préstamo Hipotecario
TXN-00000699,CTA-670027,CLI-55569,2026-06-23 07:18:00,2833941.97,CRC,transferencia,web,CA-001,Tarjeta Crédito
TXN-00000700,CTA-262555,CLI-68901,2026-06-28 05:55:00,345314.04,CRC,transferencia,atm,AL-001,Préstamo Hipotecario
TXN-00000701,CTA-769018,CLI-76316,2026-06-17 16:59:00,4598.42,CRC,pago,sucursal,LI-002,Cuenta Corriente
TXN-00000702,CTA-350385,CLI-52034,2026-06-29 04:54:00,3880306.82,CRC,deposito,sinpe,LI-001,Préstamo Personal
TXN-00000703,CTA-261618,CLI-90352,2026-06-09 15:23:00,3828904.74,CRC,transferencia,atm,LI-002,Préstamo Personal
TXN-00000704,CTA-648615,CLI-96362,2026-06-30 04:02:00,553210.21,CRC,deposito,app_movil,LI-001,Cuenta Ahorro
TXN-00000705,CTA-608947,CLI-35115,2026-06-09 03:07:00,1011193.06,CRC,deposito,app_movil,SJ-001,Préstamo Hipotecario
TXN-00000706,CTA-651363,CLI-91785,2026-06-30 04:57:00,3289948.37,CRC,comision,atm,PU-001,Cuenta Corriente
TXN-00000707,CTA-174316,CLI-11715,2026-06-17 16:09:00,3030162.17,CRC,retiro,web,CA-001,Cuenta Corriente
TXN-00000708,CTA-879592,CLI-64519,2026-06-22 07:14:00,1805269.33,CRC,transferencia,app_movil,SJ-001,Préstamo Hipotecario
TXN-00000709,CTA-974991,CLI-49833,2026-06-13 02:20:00,3671767.39,CRC,deposito,sucursal,SJ-001,Préstamo Hipotecario
TXN-00000710,CTA-657487,CLI-60506,2026-06-05 10:04:00,3626134.49,CRC,retiro,sucursal,SJ-002,Préstamo Hipotecario
TXN-00000711,CTA-287588,CLI-83193,2026-06-30 21:29:00,2850568.32,CRC,comision,web,CA-001,Cuenta Corriente
TXN-00000712,CTA-836677,CLI-97194,2026-06-30 01:32:00,3372788.33,CRC,pago,app_movil,LI-001,Cuenta Ahorro
TXN-00000713,CTA-789472,CLI-30732,2026-06-09 05:02:00,2523959.21,CRC,comision,sinpe,PU-001,Préstamo Personal
TXN-00000714,CTA-440424,CLI-58722,2026-06-17 00:49:00,2750856.63,CRC,pago,web,LI-001,Tarjeta Crédito
TXN-00000715,CTA-324319,CLI-59160,2026-06-28 16:32:00,2816160.37,CRC,comision,atm,CA-001,Tarjeta Crédito
TXN-00000716,CTA-100205,CLI-14543,2026-06-21 14:08:00,4799162.33,CRC,transferencia,sinpe,LI-002,Cuenta Corriente
TXN-00000717,CTA-416503,CLI-10860,2026-06-24 13:22:00,4967066.64,CRC,transferencia,sucursal,AL-001,Cuenta Ahorro
TXN-00000718,CTA-823222,CLI-46170,2026-06-15 07:57:00,3857843.84,CRC,comision,sinpe,SJ-001,Préstamo Hipotecario
TXN-00000719,CTA-582732,CLI-56616,2026-06-26 23:19:00,472341.35,CRC,retiro,sucursal,AL-001,Tarjeta Crédito
TXN-00000720,CTA-950472,CLI-49361,2026-06-17 16:57:00,1165737.75,CRC,deposito,sinpe,CA-001,Préstamo Personal
TXN-00000721,CTA-858729,CLI-52558,2026-06-26 21:34:00,3671595.5,CRC,pago,sucursal,CA-001,Préstamo Personal
TXN-00000722,CTA-414985,CLI-14898,2026-06-27 05:23:00,2976560.78,CRC,comision,web,SJ-002,Cuenta Corriente
TXN-00000723,CTA-956835,CLI-66925,2026-06-03 13:04:00,1740303.1,CRC,pago,app_movil,LI-001,Cuenta Ahorro
TXN-00000724,CTA-762903,CLI-60133,2026-06-30 17:00:00,3169801.63,CRC,deposito,atm,SJ-001,Préstamo Hipotecario
TXN-00000725,CTA-256846,CLI-52838,2026-06-02 20:58:00,2700108.72,CRC,comision,sucursal,LI-001,Cuenta Ahorro
TXN-00000726,CTA-889410,CLI-88005,2026-06-03 07:10:00,4855230.18,CRC,comision,sinpe,PU-001,Cuenta Corriente
TXN-00000727,CTA-513477,CLI-29400,2026-06-11 02:34:00,1449625.36,CRC,retiro,atm,PU-001,Cuenta Corriente
TXN-00000728,CTA-375311,CLI-21151,2026-06-22 15:45:00,2741213.87,CRC,pago,sinpe,SJ-001,Préstamo Personal
TXN-00000729,CTA-307731,CLI-73944,2026-06-06 22:24:00,2405131.59,CRC,pago,sinpe,AL-001,Cuenta Ahorro
TXN-00000730,CTA-379190,CLI-66369,2026-06-26 12:56:00,1212333.14,CRC,transferencia,sinpe,CA-001,Cuenta Corriente
TXN-00000731,CTA-465227,CLI-34967,2026-06-06 02:54:00,2118279.47,CRC,transferencia,atm,PU-001,Préstamo Hipotecario
TXN-00000732,CTA-277477,CLI-55838,2026-06-30 19:52:00,3848636.78,CRC,comision,web,SJ-001,Préstamo Hipotecario
TXN-00000733,CTA-957915,CLI-40603,2026-06-07 15:16:00,225342.88,CRC,retiro,atm,LI-002,Cuenta Ahorro
TXN-00000734,CTA-354854,CLI-91396,2026-06-04 21:43:00,3698168.57,CRC,retiro,atm,SJ-002,Cuenta Corriente
TXN-00000735,CTA-594078,CLI-12981,2026-06-16 14:56:00,1526285.13,CRC,transferencia,sucursal,SJ-002,Préstamo Hipotecario
TXN-00000736,CTA-886804,CLI-43902,2026-06-10 15:25:00,2732574.65,CRC,comision,web,CA-001,Préstamo Hipotecario
TXN-00000737,CTA-795759,CLI-79048,2026-06-07 10:23:00,1883656.74,CRC,deposito,atm,SJ-001,Cuenta Ahorro
TXN-00000738,CTA-830361,CLI-90997,2026-06-03 17:39:00,1004279.59,CRC,transferencia,app_movil,HE-001,Préstamo Personal
TXN-00000739,CTA-792451,CLI-45561,2026-06-30 19:10:00,333922.36,CRC,transferencia,app_movil,SJ-001,Cuenta Corriente
TXN-00000740,CTA-499194,CLI-76655,2026-06-14 07:28:00,1156611.93,CRC,deposito,atm,PU-001,Préstamo Personal
TXN-00000741,CTA-624970,CLI-70029,2026-06-28 04:11:00,932900.52,CRC,comision,app_movil,SJ-002,Cuenta Corriente
TXN-00000742,CTA-512509,CLI-30578,2026-06-12 06:13:00,1668514.6,CRC,deposito,atm,HE-001,Tarjeta Crédito
TXN-00000743,CTA-625600,CLI-46159,2026-06-17 04:10:00,1181787.62,CRC,deposito,atm,HE-001,Préstamo Personal
TXN-00000744,CTA-458388,CLI-61491,2026-06-02 08:11:00,1128687.91,CRC,retiro,app_movil,HE-001,Préstamo Personal
TXN-00000745,CTA-700727,CLI-30021,2026-06-24 16:45:00,2087249.35,CRC,pago,atm,CA-001,Préstamo Hipotecario
TXN-00000746,CTA-316800,CLI-95520,2026-06-15 23:40:00,2711626.52,CRC,retiro,sinpe,LI-002,Préstamo Hipotecario
TXN-00000747,CTA-839389,CLI-78656,2026-06-10 04:58:00,1545682.98,CRC,retiro,web,AL-001,Cuenta Ahorro
TXN-00000748,CTA-684413,CLI-79856,2026-06-30 20:46:00,1588163.56,CRC,deposito,sucursal,AL-001,Tarjeta Crédito
TXN-00000749,CTA-534152,CLI-63903,2026-06-07 14:56:00,3827409.63,CRC,transferencia,web,SJ-001,Tarjeta Crédito
TXN-00000750,CTA-293720,CLI-13433,2026-06-07 21:58:00,534750.39,CRC,comision,sinpe,CA-001,Tarjeta Crédito
TXN-00000751,CTA-342129,CLI-13418,2026-06-28 13:28:00,2982207.1,CRC,transferencia,app_movil,CA-001,Préstamo Personal
TXN-00000752,CTA-492124,CLI-34114,2026-06-07 02:27:00,3560383.62,CRC,pago,web,LI-002,Préstamo Personal
TXN-00000753,CTA-133795,CLI-63554,2026-06-07 06:12:00,967105.89,CRC,deposito,atm,AL-001,Préstamo Personal
TXN-00000754,CTA-169348,CLI-33209,2026-06-11 03:05:00,3789125.17,CRC,pago,sinpe,CA-001,Préstamo Personal
TXN-00000755,CTA-548324,CLI-63066,2026-06-15 18:52:00,4438046.99,CRC,deposito,sinpe,LI-002,Préstamo Personal
TXN-00000756,CTA-878533,CLI-84964,2026-06-15 05:46:00,3057912.87,CRC,comision,sinpe,PU-001,Préstamo Hipotecario
TXN-00000757,CTA-573546,CLI-69886,2026-06-30 04:34:00,2603724.81,CRC,deposito,sucursal,SJ-001,Préstamo Hipotecario
TXN-00000758,CTA-141158,CLI-83098,2026-06-25 11:29:00,4919169.39,CRC,pago,sinpe,PU-001,Cuenta Corriente
TXN-00000759,CTA-419348,CLI-47475,2026-06-09 15:22:00,2198329.82,CRC,pago,sucursal,HE-001,Préstamo Personal
TXN-00000760,CTA-249149,CLI-70762,2026-06-14 09:35:00,3450074.84,CRC,pago,app_movil,SJ-001,Préstamo Hipotecario
TXN-00000761,CTA-829928,CLI-81618,2026-06-06 03:36:00,3893876.98,CRC,retiro,web,AL-001,Préstamo Personal
TXN-00000762,CTA-575718,CLI-87373,2026-06-15 17:18:00,125535.65,CRC,retiro,web,LI-002,Cuenta Corriente
TXN-00000763,CTA-846030,CLI-31495,2026-06-12 09:09:00,3458895.42,CRC,deposito,app_movil,LI-001,Cuenta Corriente
TXN-00000764,CTA-841635,CLI-60343,2026-06-21 10:51:00,427447.41,CRC,comision,sinpe,LI-001,Cuenta Ahorro
TXN-00000765,CTA-279185,CLI-53934,2026-06-18 05:37:00,220486.51,CRC,comision,sucursal,PU-001,Cuenta Ahorro
TXN-00000766,CTA-153802,CLI-64995,2026-06-07 13:56:00,3846014.83,CRC,transferencia,atm,AL-001,Préstamo Personal
TXN-00000767,CTA-237962,CLI-36588,2026-06-14 03:25:00,588652.34,CRC,deposito,sinpe,AL-001,Tarjeta Crédito
TXN-00000768,CTA-622864,CLI-81237,2026-06-01 13:20:00,2488640.41,CRC,deposito,sinpe,LI-002,Préstamo Personal
TXN-00000769,CTA-598820,CLI-69472,2026-06-11 19:49:00,2944722.77,CRC,pago,web,CA-001,Cuenta Corriente
TXN-00000770,CTA-673929,CLI-46452,2026-06-28 08:41:00,1224321.14,CRC,comision,sinpe,SJ-001,Cuenta Ahorro
TXN-00000771,CTA-785010,CLI-55746,2026-06-03 05:25:00,742132.58,CRC,deposito,sucursal,AL-001,Cuenta Corriente
TXN-00000772,CTA-191962,CLI-16426,2026-06-27 07:25:00,1656224.33,CRC,deposito,web,HE-001,Cuenta Ahorro
TXN-00000773,CTA-825104,CLI-87983,2026-06-08 08:13:00,3055837.69,CRC,comision,sinpe,HE-001,Cuenta Ahorro
TXN-00000774,CTA-197649,CLI-49229,2026-06-21 17:21:00,4657467.62,CRC,transferencia,atm,LI-001,Préstamo Personal
TXN-00000775,CTA-168079,CLI-48382,2026-06-04 01:54:00,4216704.84,CRC,pago,sucursal,PU-001,Cuenta Corriente
TXN-00000776,CTA-650131,CLI-37504,2026-06-13 11:44:00,2635736.61,CRC,retiro,sinpe,LI-001,Cuenta Corriente
TXN-00000777,CTA-822106,CLI-89269,2026-06-05 23:23:00,2418831.25,CRC,transferencia,web,SJ-002,Préstamo Hipotecario
TXN-00000778,CTA-753518,CLI-56380,2026-06-15 09:41:00,2627430.74,CRC,retiro,sinpe,HE-001,Préstamo Hipotecario
TXN-00000779,CTA-288646,CLI-89876,2026-06-23 14:11:00,2463029.76,CRC,retiro,atm,LI-002,Cuenta Ahorro
TXN-00000780,CTA-755843,CLI-25456,2026-06-01 01:43:00,120910.0,CRC,retiro,sinpe,SJ-002,Préstamo Personal
TXN-00000781,CTA-687638,CLI-93558,2026-06-19 20:14:00,1669627.49,CRC,retiro,app_movil,SJ-001,Cuenta Ahorro
TXN-00000782,CTA-422722,CLI-49358,2026-06-13 19:36:00,3951187.32,CRC,comision,sinpe,HE-001,Tarjeta Crédito
TXN-00000783,CTA-457943,CLI-61910,2026-06-01 06:41:00,3429493.11,CRC,comision,sinpe,SJ-002,Cuenta Corriente
TXN-00000784,CTA-454352,CLI-98142,2026-06-08 23:50:00,1653243.65,CRC,pago,web,CA-001,Cuenta Corriente
TXN-00000785,CTA-757667,CLI-70374,2026-06-30 09:13:00,2407996.12,CRC,comision,atm,AL-001,Préstamo Personal
TXN-00000786,CTA-413884,CLI-84048,2026-06-19 20:08:00,4175693.57,CRC,transferencia,sinpe,SJ-001,Préstamo Hipotecario
TXN-00000787,CTA-447832,CLI-56346,2026-06-01 20:26:00,2887410.81,CRC,deposito,sucursal,CA-001,Tarjeta Crédito
TXN-00000788,CTA-756944,CLI-80028,2026-06-02 10:02:00,4918110.23,CRC,retiro,sinpe,LI-001,Préstamo Hipotecario
TXN-00000789,CTA-920347,CLI-50407,2026-06-18 17:30:00,2976364.14,CRC,transferencia,app_movil,AL-001,Tarjeta Crédito
TXN-00000790,CTA-349185,CLI-58704,2026-06-19 20:03:00,2485775.12,CRC,pago,atm,SJ-002,Cuenta Ahorro
TXN-00000791,CTA-492393,CLI-14901,2026-06-24 21:32:00,875888.72,CRC,retiro,app_movil,HE-001,Préstamo Personal
TXN-00000792,CTA-624344,CLI-30195,2026-06-24 00:40:00,3995327.37,CRC,retiro,atm,SJ-001,Préstamo Personal
TXN-00000793,CTA-250255,CLI-22878,2026-06-24 19:56:00,3877890.51,CRC,comision,sucursal,HE-001,Cuenta Ahorro
TXN-00000794,CTA-647718,CLI-25182,2026-06-02 15:55:00,1938553.49,CRC,deposito,atm,LI-002,Cuenta Corriente
TXN-00000795,CTA-148381,CLI-23513,2026-06-28 01:07:00,1667115.48,CRC,comision,atm,SJ-002,Cuenta Corriente
TXN-00000796,CTA-320039,CLI-52058,2026-06-27 06:50:00,3194615.41,CRC,retiro,sucursal,HE-001,Tarjeta Crédito
TXN-00000797,CTA-803724,CLI-25420,2026-06-13 14:10:00,3864162.7,CRC,transferencia,sucursal,LI-001,Cuenta Ahorro
TXN-00000798,CTA-753205,CLI-83351,2026-06-13 10:53:00,77268.33,CRC,comision,app_movil,SJ-002,Cuenta Ahorro
TXN-00000799,CTA-384218,CLI-28554,2026-06-25 16:35:00,2747278.92,CRC,transferencia,sinpe,LI-001,Cuenta Ahorro
TXN-00000800,CTA-455193,CLI-80854,2026-06-08 19:04:00,1557576.42,CRC,pago,app_movil,SJ-002,Cuenta Ahorro
TXN-00000801,CTA-152906,CLI-23884,2026-06-02 07:40:00,4516558.75,CRC,pago,app_movil,LI-002,Cuenta Corriente
TXN-00000802,CTA-725078,CLI-87693,2026-06-20 09:48:00,895735.98,CRC,pago,sinpe,PU-001,Tarjeta Crédito
TXN-00000803,CTA-847528,CLI-97932,2026-06-15 05:16:00,4087392.45,CRC,comision,app_movil,LI-001,Préstamo Personal
TXN-00000804,CTA-941325,CLI-71377,2026-06-26 20:10:00,465487.96,CRC,deposito,web,AL-001,Tarjeta Crédito
TXN-00000805,CTA-334665,CLI-28837,2026-06-30 07:52:00,2353258.83,CRC,comision,atm,LI-002,Tarjeta Crédito
TXN-00000806,CTA-797492,CLI-53296,2026-06-18 20:15:00,3498373.49,CRC,transferencia,web,AL-001,Préstamo Personal
TXN-00000807,CTA-468512,CLI-72737,2026-06-02 09:03:00,2377196.48,CRC,pago,sucursal,SJ-002,Tarjeta Crédito
TXN-00000808,CTA-525392,CLI-24022,2026-06-16 20:46:00,2540240.38,CRC,transferencia,sinpe,AL-001,Cuenta Corriente
TXN-00000809,CTA-533525,CLI-41270,2026-06-14 17:59:00,2004681.56,CRC,comision,sucursal,LI-002,Préstamo Hipotecario
TXN-00000810,CTA-457264,CLI-37294,2026-06-08 05:41:00,1919698.48,CRC,comision,web,LI-002,Préstamo Personal
TXN-00000811,CTA-347625,CLI-32686,2026-06-26 19:32:00,2723089.87,CRC,deposito,sinpe,LI-001,Préstamo Personal
TXN-00000812,CTA-202397,CLI-68355,2026-06-06 04:52:00,1627565.09,CRC,retiro,atm,LI-002,Préstamo Personal
TXN-00000813,CTA-725376,CLI-59664,2026-06-04 04:01:00,3427857.9,CRC,transferencia,web,SJ-002,Cuenta Corriente
TXN-00000814,CTA-708979,CLI-93379,2026-06-05 02:53:00,4085350.92,CRC,deposito,sucursal,CA-001,Cuenta Ahorro
TXN-00000815,CTA-706005,CLI-68610,2026-06-21 14:46:00,1950523.32,CRC,retiro,sucursal,HE-001,Tarjeta Crédito
TXN-00000816,CTA-555844,CLI-55123,2026-06-14 15:23:00,4592589.61,CRC,deposito,sinpe,HE-001,Cuenta Corriente
TXN-00000817,CTA-993916,CLI-48559,2026-06-28 19:54:00,4238336.09,CRC,deposito,atm,PU-001,Préstamo Hipotecario
TXN-00000818,CTA-960622,CLI-57086,2026-06-03 10:01:00,3517067.27,CRC,deposito,atm,SJ-001,Cuenta Corriente
TXN-00000819,CTA-513420,CLI-91948,2026-06-11 16:56:00,3511407.19,CRC,transferencia,web,PU-001,Préstamo Personal
TXN-00000820,CTA-794668,CLI-32729,2026-06-18 08:46:00,2726048.82,CRC,pago,sucursal,PU-001,Cuenta Ahorro
TXN-00000821,CTA-477789,CLI-64687,2026-06-26 06:40:00,4216795.03,CRC,retiro,atm,PU-001,Cuenta Ahorro
TXN-00000822,CTA-116470,CLI-28873,2026-06-07 02:40:00,359658.24,CRC,pago,web,SJ-001,Cuenta Ahorro
TXN-00000823,CTA-536056,CLI-69772,2026-06-04 20:28:00,3211572.26,CRC,comision,web,AL-001,Préstamo Hipotecario
TXN-00000824,CTA-678866,CLI-68988,2026-06-09 04:23:00,2547565.16,CRC,pago,atm,LI-002,Cuenta Ahorro
TXN-00000825,CTA-706012,CLI-75294,2026-06-09 10:56:00,3023261.71,CRC,retiro,sinpe,PU-001,Tarjeta Crédito
TXN-00000826,CTA-139704,CLI-84468,2026-06-19 16:44:00,168275.92,CRC,pago,atm,LI-001,Cuenta Corriente
TXN-00000827,CTA-183952,CLI-28623,2026-06-27 09:48:00,4808727.01,CRC,comision,atm,LI-002,Préstamo Personal
TXN-00000828,CTA-739705,CLI-21592,2026-06-24 12:38:00,2617260.62,CRC,retiro,web,SJ-002,Cuenta Corriente
TXN-00000829,CTA-460234,CLI-80127,2026-06-29 20:09:00,3065582.53,CRC,deposito,web,HE-001,Préstamo Personal
TXN-00000830,CTA-447617,CLI-65183,2026-06-24 07:57:00,2870252.54,CRC,transferencia,atm,LI-002,Tarjeta Crédito
TXN-00000831,CTA-726667,CLI-49855,2026-06-08 14:57:00,3475560.76,CRC,comision,atm,SJ-001,Cuenta Corriente
TXN-00000832,CTA-700687,CLI-16765,2026-06-29 15:21:00,2891127.29,CRC,transferencia,sinpe,LI-002,Cuenta Corriente
TXN-00000833,CTA-630155,CLI-20074,2026-06-14 01:16:00,413468.32,CRC,transferencia,atm,LI-002,Cuenta Ahorro
TXN-00000834,CTA-369437,CLI-11861,2026-06-29 00:36:00,1376810.36,CRC,deposito,sinpe,HE-001,Cuenta Ahorro
TXN-00000835,CTA-487728,CLI-32989,2026-06-27 22:22:00,3296119.05,CRC,transferencia,sucursal,AL-001,Préstamo Personal
TXN-00000836,CTA-188501,CLI-29014,2026-06-09 05:29:00,1714897.13,CRC,comision,sucursal,SJ-001,Préstamo Personal
TXN-00000837,CTA-561567,CLI-93568,2026-06-19 19:02:00,1190499.25,CRC,retiro,sucursal,PU-001,Préstamo Hipotecario
TXN-00000838,CTA-892182,CLI-25203,2026-06-16 16:54:00,3211663.23,CRC,deposito,sucursal,SJ-001,Préstamo Personal
TXN-00000839,CTA-882395,CLI-79798,2026-06-19 03:32:00,1507534.28,CRC,retiro,web,LI-002,Préstamo Personal
TXN-00000840,CTA-555851,CLI-11554,2026-06-22 14:22:00,726604.0,CRC,transferencia,web,HE-001,Préstamo Personal
TXN-00000841,CTA-657101,CLI-93548,2026-06-15 08:48:00,487724.24,CRC,transferencia,web,SJ-001,Préstamo Hipotecario
TXN-00000842,CTA-380061,CLI-22881,2026-06-30 16:13:00,1675502.07,CRC,transferencia,sinpe,HE-001,Préstamo Personal
TXN-00000843,CTA-717322,CLI-35549,2026-06-21 23:39:00,3671832.97,CRC,comision,atm,CA-001,Cuenta Ahorro
TXN-00000844,CTA-972089,CLI-18906,2026-06-15 06:10:00,3364336.5,CRC,deposito,web,SJ-001,Cuenta Corriente
TXN-00000845,CTA-468591,CLI-38759,2026-06-24 21:43:00,3427812.26,CRC,transferencia,atm,SJ-002,Cuenta Ahorro
TXN-00000846,CTA-159645,CLI-87874,2026-06-02 13:10:00,3097366.72,CRC,retiro,sinpe,SJ-001,Cuenta Corriente
TXN-00000847,CTA-236217,CLI-59277,2026-06-06 11:02:00,4282347.68,CRC,comision,sucursal,SJ-002,Cuenta Corriente
TXN-00000848,CTA-792561,CLI-19924,2026-06-09 09:15:00,1473548.51,CRC,pago,atm,HE-001,Préstamo Personal
TXN-00000849,CTA-177591,CLI-46344,2026-06-15 17:14:00,810668.19,CRC,deposito,web,HE-001,Préstamo Personal
TXN-00000850,CTA-952283,CLI-44690,2026-06-16 03:20:00,1291934.79,CRC,retiro,web,SJ-001,Cuenta Corriente
TXN-00000851,CTA-287110,CLI-94604,2026-06-23 09:05:00,3051899.12,CRC,pago,app_movil,CA-001,Cuenta Ahorro
TXN-00000852,CTA-774588,CLI-23926,2026-06-25 14:30:00,1092714.1,CRC,pago,atm,PU-001,Cuenta Corriente
TXN-00000853,CTA-862886,CLI-42846,2026-06-02 14:04:00,352991.22,CRC,pago,app_movil,SJ-002,Préstamo Personal
TXN-00000854,CTA-796889,CLI-61181,2026-06-07 18:35:00,4664535.72,CRC,transferencia,sucursal,SJ-001,Tarjeta Crédito
TXN-00000855,CTA-908442,CLI-74314,2026-06-18 19:26:00,2577399.63,CRC,pago,web,SJ-001,Préstamo Personal
TXN-00000856,CTA-822742,CLI-73185,2026-06-04 04:34:00,17533.49,CRC,deposito,sinpe,CA-001,Préstamo Hipotecario
TXN-00000857,CTA-520075,CLI-17234,2026-06-17 08:02:00,3409496.84,CRC,deposito,atm,LI-001,Préstamo Hipotecario
TXN-00000858,CTA-897392,CLI-48005,2026-06-16 11:26:00,4206066.75,CRC,retiro,sucursal,SJ-002,Préstamo Hipotecario
TXN-00000859,CTA-413388,CLI-61131,2026-06-02 18:57:00,3304009.71,CRC,deposito,atm,PU-001,Préstamo Personal
TXN-00000860,CTA-246740,CLI-14679,2026-06-04 20:41:00,3676885.59,CRC,retiro,app_movil,LI-002,Préstamo Hipotecario
TXN-00000861,CTA-931247,CLI-80851,2026-06-11 20:29:00,1944448.9,CRC,transferencia,web,LI-002,Préstamo Hipotecario
TXN-00000862,CTA-158777,CLI-54265,2026-06-21 10:45:00,186176.36,CRC,deposito,web,SJ-001,Cuenta Corriente
TXN-00000863,CTA-662625,CLI-29523,2026-06-10 15:12:00,4700508.86,CRC,comision,sucursal,LI-002,Cuenta Corriente
TXN-00000864,CTA-119989,CLI-71763,2026-06-02 16:16:00,2444984.67,CRC,comision,app_movil,AL-001,Cuenta Ahorro
TXN-00000865,CTA-763393,CLI-16548,2026-06-30 12:38:00,72811.66,CRC,transferencia,app_movil,AL-001,Préstamo Personal
TXN-00000866,CTA-167064,CLI-23937,2026-06-28 19:37:00,4176925.43,CRC,deposito,web,AL-001,Préstamo Hipotecario
TXN-00000867,CTA-312484,CLI-65864,2026-06-29 00:25:00,316487.45,CRC,transferencia,web,CA-001,Tarjeta Crédito
TXN-00000868,CTA-931627,CLI-37948,2026-06-06 11:56:00,1608627.84,CRC,deposito,sinpe,AL-001,Cuenta Ahorro
TXN-00000869,CTA-248097,CLI-64415,2026-06-16 06:27:00,604606.7,CRC,retiro,atm,SJ-002,Préstamo Hipotecario
TXN-00000870,CTA-710256,CLI-15334,2026-06-08 12:13:00,1218979.4,CRC,retiro,app_movil,LI-002,Préstamo Hipotecario
TXN-00000871,CTA-610622,CLI-20580,2026-06-18 02:50:00,79136.0,CRC,deposito,app_movil,AL-001,Cuenta Ahorro
TXN-00000872,CTA-946632,CLI-72391,2026-06-05 01:21:00,2081694.99,CRC,retiro,sucursal,HE-001,Cuenta Ahorro
TXN-00000873,CTA-532046,CLI-41359,2026-06-30 02:51:00,2615911.23,CRC,retiro,sinpe,HE-001,Cuenta Corriente
TXN-00000874,CTA-741780,CLI-21537,2026-06-28 03:17:00,3586276.58,CRC,transferencia,atm,AL-001,Préstamo Personal
TXN-00000875,CTA-655953,CLI-22541,2026-06-01 04:59:00,960322.41,CRC,comision,atm,CA-001,Préstamo Hipotecario
TXN-00000876,CTA-756895,CLI-96419,2026-06-24 02:22:00,2321615.82,CRC,retiro,atm,CA-001,Cuenta Corriente
TXN-00000877,CTA-818530,CLI-72182,2026-06-09 19:35:00,3983268.25,CRC,pago,sucursal,SJ-002,Cuenta Ahorro
TXN-00000878,CTA-398911,CLI-37471,2026-06-02 23:05:00,3224659.32,CRC,pago,atm,SJ-001,Tarjeta Crédito
TXN-00000879,CTA-876383,CLI-16875,2026-06-29 01:43:00,217544.1,CRC,comision,sucursal,LI-002,Cuenta Ahorro
TXN-00000880,CTA-174301,CLI-40841,2026-06-02 07:44:00,2575003.68,CRC,pago,sinpe,LI-002,Préstamo Hipotecario
TXN-00000881,CTA-809731,CLI-52688,2026-06-15 20:02:00,994558.23,CRC,retiro,app_movil,PU-001,Tarjeta Crédito
TXN-00000882,CTA-532637,CLI-36208,2026-06-11 08:47:00,1186354.69,CRC,pago,sucursal,SJ-002,Cuenta Corriente
TXN-00000883,CTA-557037,CLI-28997,2026-06-22 10:26:00,272642.44,CRC,retiro,sinpe,LI-002,Préstamo Personal
TXN-00000884,CTA-579975,CLI-35448,2026-06-09 02:29:00,1868051.92,CRC,transferencia,atm,PU-001,Cuenta Ahorro
TXN-00000885,CTA-696289,CLI-17818,2026-06-16 06:52:00,161440.88,CRC,transferencia,sucursal,AL-001,Cuenta Corriente
TXN-00000886,CTA-897273,CLI-55033,2026-06-22 04:29:00,2091700.92,CRC,retiro,atm,LI-002,Préstamo Hipotecario
TXN-00000887,CTA-679606,CLI-40107,2026-06-08 03:15:00,2891029.11,CRC,deposito,web,AL-001,Préstamo Hipotecario
TXN-00000888,CTA-977646,CLI-70655,2026-06-23 06:21:00,2958312.78,CRC,transferencia,app_movil,CA-001,Préstamo Personal
TXN-00000889,CTA-707615,CLI-39151,2026-06-12 05:24:00,1637152.44,CRC,comision,sucursal,CA-001,Préstamo Hipotecario
TXN-00000890,CTA-142004,CLI-71689,2026-06-01 05:32:00,4900940.02,CRC,comision,app_movil,PU-001,Préstamo Personal
TXN-00000891,CTA-936782,CLI-22844,2026-06-25 04:07:00,2396867.43,CRC,pago,web,PU-001,Cuenta Ahorro
TXN-00000892,CTA-526369,CLI-38574,2026-06-04 18:45:00,3466106.04,CRC,retiro,atm,SJ-001,Tarjeta Crédito
TXN-00000893,CTA-801534,CLI-49955,2026-06-11 21:07:00,80634.89,CRC,retiro,web,SJ-002,Préstamo Hipotecario
TXN-00000894,CTA-586288,CLI-28169,2026-06-27 13:30:00,4882127.47,CRC,pago,sucursal,SJ-001,Tarjeta Crédito
TXN-00000895,CTA-101429,CLI-92222,2026-06-29 12:38:00,3519806.41,CRC,deposito,web,LI-002,Tarjeta Crédito
TXN-00000896,CTA-889460,CLI-45361,2026-06-25 03:54:00,1483653.32,CRC,comision,sinpe,SJ-001,Préstamo Hipotecario
TXN-00000897,CTA-452001,CLI-17184,2026-06-10 10:15:00,3102655.6,CRC,comision,atm,SJ-002,Cuenta Corriente
TXN-00000898,CTA-749208,CLI-15357,2026-06-06 01:12:00,1828588.7,CRC,transferencia,atm,PU-001,Cuenta Ahorro
TXN-00000899,CTA-911152,CLI-36832,2026-06-30 11:58:00,2804230.28,CRC,retiro,atm,SJ-002,Cuenta Ahorro
TXN-00000900,CTA-873199,CLI-86037,2026-06-25 13:25:00,3245542.96,CRC,retiro,sucursal,SJ-002,Tarjeta Crédito
TXN-00000901,CTA-543473,CLI-46325,2026-06-17 01:15:00,2518326.29,CRC,deposito,app_movil,HE-001,Tarjeta Crédito
TXN-00000902,CTA-652266,CLI-26083,2026-06-16 17:04:00,2431648.3,CRC,pago,sinpe,LI-002,Préstamo Hipotecario
TXN-00000903,CTA-938759,CLI-98251,2026-06-14 07:13:00,3105135.39,CRC,deposito,sucursal,LI-002,Préstamo Personal
TXN-00000904,CTA-287497,CLI-47797,2026-06-04 23:21:00,1954021.83,CRC,deposito,app_movil,SJ-002,Cuenta Ahorro
TXN-00000905,CTA-620438,CLI-29726,2026-06-13 13:24:00,3485713.47,CRC,retiro,sinpe,SJ-002,Cuenta Corriente
TXN-00000906,CTA-667735,CLI-27305,2026-06-14 08:13:00,4847903.45,CRC,pago,atm,PU-001,Préstamo Personal
TXN-00000907,CTA-166007,CLI-12888,2026-06-21 04:48:00,1458292.47,CRC,retiro,sinpe,SJ-001,Tarjeta Crédito
TXN-00000908,CTA-925045,CLI-52769,2026-06-19 17:40:00,3279146.75,CRC,pago,sinpe,LI-001,Préstamo Hipotecario
TXN-00000909,CTA-694806,CLI-27295,2026-06-25 23:04:00,2290577.45,CRC,transferencia,sucursal,LI-002,Tarjeta Crédito
TXN-00000910,CTA-402143,CLI-16202,2026-06-11 07:42:00,1860139.68,CRC,retiro,atm,LI-002,Tarjeta Crédito
TXN-00000911,CTA-268600,CLI-80165,2026-06-21 17:59:00,3093532.52,CRC,transferencia,sucursal,AL-001,Cuenta Ahorro
TXN-00000912,CTA-143150,CLI-51500,2026-06-07 23:38:00,1190288.72,CRC,comision,sucursal,AL-001,Préstamo Personal
TXN-00000913,CTA-689810,CLI-14546,2026-06-12 20:26:00,923298.42,CRC,transferencia,atm,LI-001,Cuenta Ahorro
TXN-00000914,CTA-270495,CLI-79945,2026-06-17 23:19:00,2699793.11,CRC,transferencia,app_movil,LI-002,Cuenta Corriente
TXN-00000915,CTA-580290,CLI-51971,2026-06-19 09:53:00,3842822.31,CRC,retiro,app_movil,LI-002,Préstamo Hipotecario
TXN-00000916,CTA-409913,CLI-72116,2026-06-24 02:13:00,3236572.52,CRC,transferencia,sinpe,LI-001,Cuenta Ahorro
TXN-00000917,CTA-217771,CLI-72781,2026-06-26 17:23:00,1694083.47,CRC,deposito,sucursal,LI-002,Préstamo Hipotecario
TXN-00000918,CTA-747518,CLI-38883,2026-06-06 07:39:00,124953.18,CRC,pago,atm,HE-001,Cuenta Corriente
TXN-00000919,CTA-304629,CLI-86471,2026-06-15 20:28:00,3041147.9,CRC,comision,sucursal,SJ-001,Tarjeta Crédito
TXN-00000920,CTA-990714,CLI-68387,2026-06-09 21:46:00,418864.16,CRC,deposito,sinpe,SJ-001,Préstamo Personal
TXN-00000921,CTA-734470,CLI-77050,2026-06-09 20:23:00,1589471.3,CRC,deposito,atm,LI-002,Préstamo Personal
TXN-00000922,CTA-490941,CLI-11597,2026-06-07 17:35:00,1848780.21,CRC,transferencia,atm,PU-001,Tarjeta Crédito
TXN-00000923,CTA-191853,CLI-38271,2026-06-15 00:30:00,4371634.38,CRC,pago,web,LI-002,Préstamo Personal
TXN-00000924,CTA-544420,CLI-64289,2026-06-14 03:15:00,4028558.25,CRC,retiro,sinpe,AL-001,Préstamo Hipotecario
TXN-00000925,CTA-597667,CLI-78852,2026-06-04 22:01:00,1039711.17,CRC,transferencia,app_movil,AL-001,Préstamo Hipotecario
TXN-00000926,CTA-769836,CLI-45825,2026-06-18 02:26:00,34087.72,CRC,pago,sucursal,SJ-002,Préstamo Hipotecario
TXN-00000927,CTA-972712,CLI-60039,2026-06-22 00:45:00,997088.55,CRC,transferencia,sinpe,AL-001,Préstamo Personal
TXN-00000928,CTA-418677,CLI-74762,2026-06-02 22:07:00,4173091.42,CRC,comision,web,HE-001,Cuenta Ahorro
TXN-00000929,CTA-414750,CLI-93958,2026-06-02 05:18:00,770965.82,CRC,pago,app_movil,SJ-001,Tarjeta Crédito
TXN-00000930,CTA-821255,CLI-94513,2026-06-19 23:38:00,2459940.63,CRC,retiro,app_movil,AL-001,Cuenta Corriente
TXN-00000931,CTA-169966,CLI-88497,2026-06-13 14:47:00,4971670.44,CRC,transferencia,sinpe,LI-002,Préstamo Personal
TXN-00000932,CTA-758501,CLI-99903,2026-06-26 17:45:00,4341861.25,CRC,pago,app_movil,PU-001,Tarjeta Crédito
TXN-00000933,CTA-270757,CLI-86238,2026-06-24 07:48:00,4226555.06,CRC,deposito,sucursal,SJ-001,Tarjeta Crédito
TXN-00000934,CTA-155457,CLI-45739,2026-06-21 23:34:00,1787569.94,CRC,transferencia,web,AL-001,Tarjeta Crédito
TXN-00000935,CTA-769983,CLI-20069,2026-06-03 05:12:00,1459028.82,CRC,comision,sucursal,HE-001,Cuenta Ahorro
TXN-00000936,CTA-431570,CLI-99780,2026-06-05 07:13:00,2719017.96,CRC,transferencia,atm,AL-001,Tarjeta Crédito
TXN-00000937,CTA-113524,CLI-27950,2026-06-05 08:40:00,4116750.77,CRC,comision,atm,LI-001,Tarjeta Crédito
TXN-00000938,CTA-270948,CLI-23424,2026-06-23 01:38:00,1702225.14,CRC,retiro,sucursal,PU-001,Préstamo Hipotecario
TXN-00000939,CTA-685792,CLI-90403,2026-06-11 01:30:00,3975738.58,CRC,comision,sinpe,CA-001,Préstamo Hipotecario
TXN-00000940,CTA-180111,CLI-25278,2026-06-06 04:28:00,2302996.3,CRC,retiro,app_movil,PU-001,Préstamo Personal
TXN-00000941,CTA-245766,CLI-67925,2026-06-16 20:20:00,3455562.47,CRC,comision,sinpe,HE-001,Tarjeta Crédito
TXN-00000942,CTA-954142,CLI-25544,2026-06-08 20:05:00,144768.93,CRC,retiro,sucursal,HE-001,Cuenta Ahorro
TXN-00000943,CTA-236543,CLI-20302,2026-06-11 07:28:00,627595.56,CRC,pago,app_movil,HE-001,Cuenta Corriente
TXN-00000944,CTA-144582,CLI-35736,2026-06-01 20:32:00,3786912.84,CRC,deposito,app_movil,LI-002,Préstamo Hipotecario
TXN-00000945,CTA-365302,CLI-15672,2026-06-27 23:54:00,2345942.63,CRC,deposito,atm,SJ-001,Cuenta Corriente
TXN-00000946,CTA-315378,CLI-87018,2026-06-05 09:24:00,4600570.26,CRC,retiro,sucursal,SJ-002,Tarjeta Crédito
TXN-00000947,CTA-882445,CLI-46356,2026-06-02 07:57:00,728639.33,CRC,comision,atm,SJ-002,Tarjeta Crédito
TXN-00000948,CTA-171656,CLI-22989,2026-06-08 07:22:00,2525041.24,CRC,comision,app_movil,CA-001,Préstamo Hipotecario
TXN-00000949,CTA-280117,CLI-80402,2026-06-10 21:01:00,4821354.73,CRC,deposito,app_movil,CA-001,Cuenta Ahorro
TXN-00000950,CTA-718010,CLI-34264,2026-06-23 22:42:00,1832948.67,CRC,pago,app_movil,LI-002,Cuenta Ahorro
TXN-00000951,CTA-639231,CLI-39825,2026-06-17 03:33:00,2121035.14,CRC,pago,app_movil,PU-001,Tarjeta Crédito
TXN-00000952,CTA-242514,CLI-74987,2026-06-06 15:01:00,552470.49,CRC,transferencia,atm,LI-002,Préstamo Hipotecario
TXN-00000953,CTA-221343,CLI-60434,2026-06-02 20:21:00,1641248.92,CRC,transferencia,web,SJ-002,Préstamo Hipotecario
TXN-00000954,CTA-527066,CLI-48088,2026-06-15 04:47:00,1130141.28,CRC,pago,sucursal,LI-002,Cuenta Corriente
TXN-00000955,CTA-806906,CLI-74441,2026-06-22 15:33:00,897307.12,CRC,deposito,web,LI-001,Préstamo Personal
TXN-00000956,CTA-513989,CLI-62510,2026-06-24 18:53:00,596970.0,CRC,comision,app_movil,SJ-002,Cuenta Ahorro
TXN-00000957,CTA-455081,CLI-36248,2026-06-03 22:40:00,4876062.26,CRC,comision,web,LI-001,Cuenta Corriente
TXN-00000958,CTA-392047,CLI-86273,2026-06-11 14:21:00,3626277.3,CRC,comision,atm,PU-001,Préstamo Personal
TXN-00000959,CTA-524089,CLI-73508,2026-06-17 04:57:00,3333718.37,CRC,comision,atm,LI-002,Cuenta Ahorro
TXN-00000960,CTA-613111,CLI-75178,2026-06-21 16:34:00,611828.11,CRC,retiro,sucursal,SJ-002,Cuenta Corriente
TXN-00000961,CTA-622332,CLI-98880,2026-06-05 12:47:00,4151732.03,CRC,deposito,sucursal,SJ-001,Préstamo Personal
TXN-00000962,CTA-752179,CLI-91688,2026-06-28 12:22:00,764530.52,CRC,deposito,app_movil,LI-001,Préstamo Hipotecario
TXN-00000963,CTA-794255,CLI-75260,2026-06-23 09:36:00,1010456.84,CRC,pago,sinpe,LI-002,Tarjeta Crédito
TXN-00000964,CTA-666785,CLI-81646,2026-06-25 16:29:00,4047598.51,CRC,deposito,app_movil,LI-001,Préstamo Personal
TXN-00000965,CTA-994303,CLI-59327,2026-06-06 10:07:00,2251127.48,CRC,pago,web,PU-001,Cuenta Corriente
TXN-00000966,CTA-917241,CLI-49720,2026-06-02 11:53:00,2783776.09,CRC,retiro,web,AL-001,Préstamo Personal
TXN-00000967,CTA-611133,CLI-24336,2026-06-07 02:53:00,3578900.22,CRC,comision,web,HE-001,Préstamo Hipotecario
TXN-00000968,CTA-995852,CLI-30487,2026-06-25 13:09:00,2380079.37,CRC,comision,app_movil,LI-002,Préstamo Personal
TXN-00000969,CTA-496149,CLI-90863,2026-06-12 23:41:00,2955634.55,CRC,transferencia,atm,LI-002,Tarjeta Crédito
TXN-00000970,CTA-234425,CLI-58026,2026-06-03 19:05:00,2952726.61,CRC,transferencia,sinpe,SJ-001,Cuenta Corriente
TXN-00000971,CTA-548945,CLI-55238,2026-06-29 10:50:00,1903486.32,CRC,transferencia,web,LI-001,Tarjeta Crédito
TXN-00000972,CTA-779564,CLI-50907,2026-06-03 13:39:00,1238822.04,CRC,comision,app_movil,CA-001,Cuenta Corriente
TXN-00000973,CTA-120669,CLI-80571,2026-06-14 21:02:00,1688633.69,CRC,transferencia,app_movil,SJ-002,Préstamo Personal
TXN-00000974,CTA-541631,CLI-44946,2026-06-30 22:27:00,2840678.97,CRC,deposito,web,PU-001,Préstamo Hipotecario
TXN-00000975,CTA-509260,CLI-52260,2026-06-02 00:17:00,1889310.23,CRC,comision,app_movil,LI-001,Préstamo Personal
TXN-00000976,CTA-627191,CLI-97475,2026-06-05 13:17:00,1680501.34,CRC,transferencia,sucursal,CA-001,Préstamo Hipotecario
TXN-00000977,CTA-311559,CLI-75136,2026-06-14 15:09:00,4847169.34,CRC,deposito,sinpe,LI-001,Cuenta Ahorro
TXN-00000978,CTA-701380,CLI-62694,2026-06-14 01:52:00,238609.27,CRC,retiro,sinpe,HE-001,Cuenta Corriente
TXN-00000979,CTA-386643,CLI-18817,2026-06-27 07:32:00,2959731.41,CRC,comision,sinpe,SJ-002,Préstamo Personal
TXN-00000980,CTA-180385,CLI-95398,2026-06-20 10:30:00,1737235.12,CRC,transferencia,sinpe,CA-001,Tarjeta Crédito
TXN-00000981,CTA-521843,CLI-42933,2026-06-20 16:51:00,1001184.85,CRC,comision,sinpe,LI-001,Préstamo Personal
TXN-00000982,CTA-758342,CLI-77662,2026-06-25 22:05:00,4404601.95,CRC,retiro,sinpe,AL-001,Préstamo Personal
TXN-00000983,CTA-768914,CLI-79824,2026-06-10 16:36:00,1340411.83,CRC,comision,web,LI-002,Préstamo Hipotecario
TXN-00000984,CTA-481969,CLI-70619,2026-06-29 12:35:00,2611825.66,CRC,retiro,sucursal,SJ-001,Cuenta Ahorro
TXN-00000985,CTA-970542,CLI-18444,2026-06-14 15:58:00,2051891.05,CRC,retiro,web,PU-001,Tarjeta Crédito
TXN-00000986,CTA-730437,CLI-40950,2026-06-14 01:31:00,1282976.73,CRC,pago,sucursal,AL-001,Cuenta Corriente
TXN-00000987,CTA-935762,CLI-50703,2026-06-07 19:47:00,139493.16,CRC,pago,web,CA-001,Préstamo Hipotecario
TXN-00000988,CTA-138801,CLI-36475,2026-06-20 20:22:00,3234963.33,CRC,retiro,atm,PU-001,Cuenta Ahorro
TXN-00000989,CTA-391265,CLI-96333,2026-06-02 07:49:00,3948559.53,CRC,comision,sucursal,HE-001,Cuenta Corriente
TXN-00000990,CTA-188006,CLI-51144,2026-06-23 02:40:00,277581.04,CRC,comision,atm,SJ-001,Cuenta Corriente
TXN-00000991,CTA-194693,CLI-62021,2026-06-19 12:33:00,3358688.7,CRC,retiro,sucursal,LI-001,Cuenta Corriente
TXN-00000992,CTA-969250,CLI-86076,2026-06-26 23:39:00,2610265.84,CRC,comision,atm,SJ-002,Préstamo Personal
TXN-00000993,CTA-910749,CLI-51079,2026-06-05 02:34:00,2999506.75,CRC,transferencia,sinpe,CA-001,Préstamo Personal
TXN-00000994,CTA-212002,CLI-32957,2026-06-11 17:42:00,1090823.92,CRC,retiro,atm,PU-001,Préstamo Personal
TXN-00000995,CTA-158642,CLI-74272,2026-06-19 14:03:00,4314636.77,CRC,comision,atm,HE-001,Cuenta Corriente
TXN-00000996,CTA-358313,CLI-46403,2026-06-15 09:41:00,2374795.77,CRC,retiro,atm,PU-001,Préstamo Personal
TXN-00000997,CTA-735242,CLI-14562,2026-06-17 17:40:00,106349.98,CRC,deposito,sucursal,HE-001,Tarjeta Crédito
TXN-00000998,CTA-834649,CLI-57560,2026-06-26 03:43:00,1547033.24,CRC,deposito,sinpe,PU-001,Cuenta Ahorro
TXN-00000999,CTA-512064,CLI-43493,2026-06-21 03:13:00,40322.67,CRC,transferencia,app_movil,PU-001,Cuenta Ahorro
TXN-00001000,CTA-268010,CLI-67520,2026-06-14 12:51:00,4297224.27,CRC,transferencia,web,CA-001,Cuenta Corriente
TXN-00001001,CTA-615576,CLI-71746,2026-06-13 11:19:00,4116165.7,CRC,pago,atm,SJ-002,Préstamo Personal
TXN-00001002,CTA-630930,CLI-18698,2026-06-05 13:39:00,3492712.46,CRC,transferencia,web,AL-001,Préstamo Hipotecario
TXN-00001003,CTA-128679,CLI-16828,2026-06-25 22:15:00,2266855.5,CRC,retiro,web,LI-001,Cuenta Ahorro
TXN-00001004,CTA-420389,CLI-51120,2026-06-01 03:21:00,1001176.52,CRC,comision,app_movil,PU-001,Cuenta Corriente
TXN-00001005,CTA-904894,CLI-95089,2026-06-08 04:23:00,2582313.09,CRC,retiro,sinpe,CA-001,Préstamo Personal
TXN-00001006,CTA-870883,CLI-27499,2026-06-15 12:52:00,2392349.03,CRC,transferencia,sucursal,LI-002,Préstamo Hipotecario
TXN-00001007,CTA-534631,CLI-58182,2026-06-15 21:48:00,994119.93,CRC,retiro,web,HE-001,Préstamo Personal
TXN-00001008,CTA-124085,CLI-83207,2026-06-26 23:01:00,104652.45,CRC,comision,sucursal,CA-001,Cuenta Corriente
TXN-00001009,CTA-993209,CLI-32119,2026-06-22 01:05:00,1309654.04,CRC,deposito,web,CA-001,Préstamo Hipotecario
TXN-00001010,CTA-485792,CLI-32298,2026-06-20 12:28:00,747106.75,CRC,comision,app_movil,HE-001,Cuenta Corriente
TXN-00001011,CTA-575747,CLI-98291,2026-06-24 22:21:00,3867023.24,CRC,pago,app_movil,PU-001,Cuenta Ahorro
TXN-00001012,CTA-952924,CLI-44891,2026-06-10 05:53:00,4730315.58,CRC,transferencia,web,CA-001,Préstamo Personal
TXN-00001013,CTA-729232,CLI-38254,2026-06-06 22:12:00,4281832.3,CRC,transferencia,sucursal,PU-001,Préstamo Personal
TXN-00001014,CTA-130170,CLI-48036,2026-06-09 05:00:00,3962525.21,CRC,transferencia,sucursal,PU-001,Préstamo Hipotecario
TXN-00001015,CTA-817506,CLI-94834,2026-06-21 12:35:00,1848819.06,CRC,pago,app_movil,CA-001,Cuenta Corriente
TXN-00001016,CTA-826687,CLI-62108,2026-06-22 08:08:00,4357345.93,CRC,retiro,web,AL-001,Préstamo Personal
TXN-00001017,CTA-684056,CLI-17700,2026-06-28 04:17:00,366205.04,CRC,deposito,atm,HE-001,Cuenta Ahorro
TXN-00001018,CTA-803375,CLI-88411,2026-06-22 10:23:00,4983700.44,CRC,deposito,app_movil,LI-001,Tarjeta Crédito
TXN-00001019,CTA-513869,CLI-97983,2026-06-23 23:05:00,1513234.27,CRC,transferencia,sucursal,PU-001,Préstamo Hipotecario
TXN-00001020,CTA-628216,CLI-74597,2026-06-02 20:55:00,1302197.97,CRC,transferencia,web,AL-001,Cuenta Ahorro
TXN-00001021,CTA-553959,CLI-28585,2026-06-05 01:55:00,3551567.62,CRC,transferencia,app_movil,LI-001,Tarjeta Crédito
TXN-00001022,CTA-975355,CLI-46831,2026-06-03 00:14:00,2496553.88,CRC,transferencia,web,AL-001,Tarjeta Crédito
TXN-00001023,CTA-556943,CLI-31624,2026-06-12 23:30:00,2585346.46,CRC,transferencia,web,HE-001,Cuenta Ahorro
TXN-00001024,CTA-255840,CLI-17152,2026-06-26 06:56:00,267057.72,CRC,retiro,sucursal,LI-002,Cuenta Corriente
TXN-00001025,CTA-589824,CLI-67203,2026-06-22 09:38:00,818611.23,CRC,deposito,web,HE-001,Cuenta Corriente
TXN-00001026,CTA-688098,CLI-73596,2026-06-21 02:15:00,4944104.1,CRC,pago,web,LI-001,Cuenta Corriente
TXN-00001027,CTA-313630,CLI-47239,2026-06-07 17:42:00,1748671.9,CRC,retiro,sucursal,SJ-002,Préstamo Hipotecario
TXN-00001028,CTA-104326,CLI-78945,2026-06-13 09:57:00,2918153.41,CRC,comision,sucursal,CA-001,Préstamo Personal
TXN-00001029,CTA-809790,CLI-22360,2026-06-04 11:55:00,3841498.88,CRC,transferencia,app_movil,CA-001,Tarjeta Crédito
TXN-00001030,CTA-211222,CLI-52406,2026-06-06 13:14:00,1868417.99,CRC,retiro,app_movil,PU-001,Cuenta Corriente
TXN-00001031,CTA-382400,CLI-87883,2026-06-21 22:41:00,2270823.52,CRC,deposito,atm,LI-002,Cuenta Corriente
TXN-00001032,CTA-867080,CLI-84600,2026-06-30 20:42:00,1625252.43,CRC,retiro,sucursal,LI-002,Cuenta Corriente
TXN-00001033,CTA-158232,CLI-19269,2026-06-30 07:01:00,1616531.06,CRC,comision,sinpe,HE-001,Préstamo Personal
TXN-00001034,CTA-351742,CLI-62286,2026-06-05 05:05:00,1276564.35,CRC,deposito,app_movil,PU-001,Cuenta Ahorro
TXN-00001035,CTA-398776,CLI-94825,2026-06-08 09:58:00,3897683.23,CRC,retiro,app_movil,PU-001,Tarjeta Crédito
TXN-00001036,CTA-425164,CLI-99779,2026-06-23 08:08:00,3679710.53,CRC,comision,sucursal,PU-001,Tarjeta Crédito
TXN-00001037,CTA-613406,CLI-68385,2026-06-05 08:58:00,2563753.48,CRC,pago,web,LI-001,Tarjeta Crédito
TXN-00001038,CTA-543061,CLI-58265,2026-06-26 15:00:00,452021.52,CRC,comision,sucursal,PU-001,Préstamo Personal
TXN-00001039,CTA-638277,CLI-54793,2026-06-29 16:52:00,465644.36,CRC,pago,sucursal,PU-001,Cuenta Ahorro
TXN-00001040,CTA-558600,CLI-20378,2026-06-23 13:01:00,1454224.42,CRC,pago,atm,SJ-002,Cuenta Ahorro
TXN-00001041,CTA-648501,CLI-66063,2026-06-06 19:34:00,4207848.23,CRC,transferencia,sinpe,HE-001,Cuenta Corriente
TXN-00001042,CTA-638354,CLI-24107,2026-06-26 01:49:00,4586592.76,CRC,comision,web,SJ-002,Préstamo Personal
TXN-00001043,CTA-696092,CLI-43211,2026-06-05 07:12:00,3304615.41,CRC,transferencia,atm,LI-002,Préstamo Hipotecario
TXN-00001044,CTA-793715,CLI-70670,2026-06-04 17:18:00,570563.52,CRC,retiro,sucursal,SJ-001,Préstamo Personal
TXN-00001045,CTA-838594,CLI-49013,2026-06-03 01:26:00,2081841.56,CRC,transferencia,sinpe,SJ-002,Préstamo Personal
TXN-00001046,CTA-949352,CLI-34535,2026-06-21 11:27:00,1707330.57,CRC,retiro,sucursal,HE-001,Cuenta Corriente
TXN-00001047,CTA-211495,CLI-66858,2026-06-28 11:47:00,4358207.36,CRC,comision,app_movil,HE-001,Cuenta Corriente
TXN-00001048,CTA-787657,CLI-72537,2026-06-18 23:22:00,67509.69,CRC,pago,web,SJ-002,Préstamo Hipotecario
TXN-00001049,CTA-746703,CLI-57281,2026-06-23 03:37:00,3092878.37,CRC,pago,atm,HE-001,Cuenta Corriente
TXN-00001050,CTA-217348,CLI-12082,2026-06-06 16:37:00,70365.71,CRC,retiro,app_movil,AL-001,Cuenta Ahorro
TXN-00001051,CTA-556957,CLI-92058,2026-06-22 21:30:00,3249049.39,CRC,comision,sucursal,AL-001,Cuenta Corriente
TXN-00001052,CTA-542372,CLI-12859,2026-06-14 16:40:00,741680.07,CRC,deposito,sucursal,LI-002,Cuenta Ahorro
TXN-00001053,CTA-571351,CLI-86706,2026-06-21 06:20:00,2357974.5,CRC,retiro,sucursal,LI-002,Tarjeta Crédito
TXN-00001054,CTA-108256,CLI-23456,2026-06-26 21:58:00,255559.98,CRC,pago,web,PU-001,Préstamo Personal
TXN-00001055,CTA-519095,CLI-73714,2026-06-27 08:03:00,186049.06,CRC,comision,sinpe,HE-001,Préstamo Hipotecario
TXN-00001056,CTA-653971,CLI-12492,2026-06-23 04:55:00,3571737.35,CRC,pago,sinpe,CA-001,Tarjeta Crédito
TXN-00001057,CTA-779792,CLI-64675,2026-06-26 04:18:00,1339976.51,CRC,pago,app_movil,SJ-002,Préstamo Personal
TXN-00001058,CTA-557420,CLI-12727,2026-06-29 08:09:00,2242178.64,CRC,retiro,atm,LI-001,Cuenta Ahorro
TXN-00001059,CTA-632294,CLI-38796,2026-06-22 08:32:00,2191115.33,CRC,comision,atm,LI-001,Préstamo Hipotecario
TXN-00001060,CTA-407645,CLI-61166,2026-06-30 21:34:00,656661.68,CRC,pago,atm,LI-002,Préstamo Personal
TXN-00001061,CTA-885650,CLI-21297,2026-06-08 08:58:00,1413003.62,CRC,pago,sucursal,CA-001,Cuenta Ahorro
TXN-00001062,CTA-205805,CLI-64523,2026-06-10 01:53:00,3029139.29,CRC,pago,atm,AL-001,Cuenta Ahorro
TXN-00001063,CTA-476215,CLI-44184,2026-06-10 12:45:00,4996306.85,CRC,transferencia,sucursal,SJ-001,Cuenta Ahorro
TXN-00001064,CTA-454140,CLI-66442,2026-06-23 21:55:00,4034270.9,CRC,deposito,sinpe,SJ-001,Cuenta Ahorro
TXN-00001065,CTA-456855,CLI-56562,2026-06-06 11:49:00,2432340.12,CRC,deposito,sinpe,CA-001,Tarjeta Crédito
TXN-00001066,CTA-559094,CLI-69917,2026-06-07 21:07:00,3532318.18,CRC,deposito,app_movil,SJ-002,Préstamo Hipotecario
TXN-00001067,CTA-144008,CLI-76493,2026-06-28 17:54:00,4118227.53,CRC,deposito,sucursal,SJ-002,Cuenta Corriente
TXN-00001068,CTA-406313,CLI-67870,2026-06-10 08:20:00,786005.7,CRC,comision,web,LI-001,Cuenta Corriente
TXN-00001069,CTA-244464,CLI-26119,2026-06-08 00:31:00,1673703.02,CRC,retiro,web,LI-001,Préstamo Personal
TXN-00001070,CTA-596672,CLI-54737,2026-06-01 07:11:00,4174232.04,CRC,transferencia,sinpe,CA-001,Cuenta Ahorro
TXN-00001071,CTA-891512,CLI-64396,2026-06-04 21:05:00,1862809.35,CRC,transferencia,sucursal,HE-001,Cuenta Ahorro
TXN-00001072,CTA-244697,CLI-66206,2026-06-25 02:31:00,3936291.49,CRC,pago,web,PU-001,Préstamo Personal
TXN-00001073,CTA-564077,CLI-29082,2026-06-24 11:46:00,4718757.54,CRC,deposito,sinpe,LI-001,Cuenta Corriente
TXN-00001074,CTA-909891,CLI-31538,2026-06-04 20:36:00,1574708.05,CRC,pago,app_movil,LI-001,Préstamo Personal
TXN-00001075,CTA-160617,CLI-92786,2026-06-02 16:30:00,4512653.15,CRC,comision,atm,AL-001,Préstamo Personal
TXN-00001076,CTA-428933,CLI-55109,2026-06-19 07:05:00,3608033.67,CRC,deposito,atm,HE-001,Préstamo Hipotecario
TXN-00001077,CTA-567863,CLI-94394,2026-06-28 18:43:00,3501775.02,CRC,retiro,sinpe,AL-001,Préstamo Hipotecario
TXN-00001078,CTA-951266,CLI-95033,2026-06-29 03:13:00,3487657.36,CRC,pago,sucursal,LI-002,Tarjeta Crédito
TXN-00001079,CTA-508937,CLI-26515,2026-06-04 20:03:00,2687630.03,CRC,comision,sinpe,SJ-001,Tarjeta Crédito
TXN-00001080,CTA-427420,CLI-78332,2026-06-10 17:27:00,2558846.36,CRC,transferencia,sucursal,SJ-002,Cuenta Corriente
TXN-00001081,CTA-911763,CLI-49838,2026-06-02 06:27:00,1207457.56,CRC,pago,sinpe,HE-001,Cuenta Corriente
TXN-00001082,CTA-632151,CLI-56461,2026-06-03 17:28:00,1299522.53,CRC,deposito,app_movil,LI-001,Cuenta Corriente
TXN-00001083,CTA-105466,CLI-69394,2026-06-21 10:08:00,2862603.97,CRC,transferencia,sucursal,HE-001,Préstamo Hipotecario
TXN-00001084,CTA-398357,CLI-97414,2026-06-26 17:46:00,1752335.34,CRC,comision,sucursal,CA-001,Préstamo Personal
TXN-00001085,CTA-641538,CLI-86332,2026-06-24 15:36:00,527029.38,CRC,retiro,atm,CA-001,Préstamo Personal
TXN-00001086,CTA-968679,CLI-64008,2026-06-05 11:01:00,3558490.46,CRC,deposito,app_movil,AL-001,Cuenta Corriente
TXN-00001087,CTA-567836,CLI-20233,2026-06-20 08:05:00,2381789.1,CRC,transferencia,sinpe,AL-001,Préstamo Personal
TXN-00001088,CTA-712686,CLI-75382,2026-06-27 18:30:00,4360201.95,CRC,pago,web,PU-001,Préstamo Personal
TXN-00001089,CTA-233299,CLI-73539,2026-06-19 23:23:00,722586.56,CRC,pago,sucursal,AL-001,Préstamo Hipotecario
TXN-00001090,CTA-577555,CLI-72043,2026-06-25 01:57:00,3472659.06,CRC,deposito,sucursal,SJ-002,Préstamo Hipotecario
TXN-00001091,CTA-528468,CLI-24461,2026-06-17 19:24:00,3008399.47,CRC,deposito,atm,SJ-002,Préstamo Hipotecario
TXN-00001092,CTA-223461,CLI-58688,2026-06-14 04:18:00,2614364.72,CRC,transferencia,atm,SJ-001,Tarjeta Crédito
TXN-00001093,CTA-249809,CLI-28630,2026-06-14 09:06:00,140860.95,CRC,comision,web,LI-002,Cuenta Corriente
TXN-00001094,CTA-958914,CLI-74067,2026-06-14 21:19:00,1078691.7,CRC,deposito,app_movil,HE-001,Préstamo Hipotecario
TXN-00001095,CTA-537859,CLI-73068,2026-06-16 20:49:00,4352262.25,CRC,comision,atm,SJ-002,Préstamo Hipotecario
TXN-00001096,CTA-598312,CLI-89391,2026-06-21 14:06:00,3906965.39,CRC,retiro,sucursal,LI-001,Préstamo Hipotecario
TXN-00001097,CTA-799631,CLI-68861,2026-06-29 23:11:00,3808632.23,CRC,retiro,atm,LI-002,Cuenta Corriente
TXN-00001098,CTA-514603,CLI-54433,2026-06-29 10:24:00,1936788.37,CRC,comision,app_movil,PU-001,Préstamo Personal
TXN-00001099,CTA-841561,CLI-13251,2026-06-13 14:58:00,4329901.91,CRC,comision,atm,SJ-002,Préstamo Hipotecario
TXN-00001100,CTA-189288,CLI-35221,2026-06-30 08:41:00,3219927.03,CRC,comision,sinpe,SJ-002,Préstamo Hipotecario
TXN-00001101,CTA-627054,CLI-12446,2026-06-03 09:45:00,3753042.31,CRC,deposito,sinpe,CA-001,Cuenta Ahorro
TXN-00001102,CTA-357201,CLI-85963,2026-06-01 20:43:00,3933998.47,CRC,pago,app_movil,HE-001,Préstamo Hipotecario
TXN-00001103,CTA-147168,CLI-74418,2026-06-28 14:50:00,2009587.53,CRC,deposito,atm,LI-001,Préstamo Personal
TXN-00001104,CTA-653545,CLI-51599,2026-06-09 05:09:00,121260.64,CRC,pago,atm,PU-001,Cuenta Corriente
TXN-00001105,CTA-399212,CLI-28878,2026-06-06 05:13:00,2709354.59,CRC,retiro,atm,SJ-002,Cuenta Corriente
TXN-00001106,CTA-811572,CLI-32176,2026-06-08 00:27:00,4760871.47,CRC,deposito,sinpe,HE-001,Tarjeta Crédito
TXN-00001107,CTA-412501,CLI-61110,2026-06-09 06:12:00,3566789.82,CRC,deposito,atm,SJ-001,Cuenta Ahorro
TXN-00001108,CTA-967949,CLI-25855,2026-06-19 18:54:00,1290413.52,CRC,deposito,sucursal,LI-001,Cuenta Ahorro
TXN-00001109,CTA-888938,CLI-76115,2026-06-28 04:05:00,2465404.23,CRC,pago,app_movil,CA-001,Tarjeta Crédito
TXN-00001110,CTA-526850,CLI-18579,2026-06-03 18:13:00,2324652.84,CRC,pago,app_movil,LI-001,Préstamo Personal
TXN-00001111,CTA-119527,CLI-45279,2026-06-29 19:59:00,4568761.76,CRC,comision,sinpe,CA-001,Cuenta Corriente
TXN-00001112,CTA-526504,CLI-68455,2026-06-12 05:02:00,1523759.6,CRC,deposito,sinpe,AL-001,Cuenta Ahorro
TXN-00001113,CTA-276358,CLI-42133,2026-06-07 11:30:00,2702658.33,CRC,comision,web,LI-001,Préstamo Hipotecario
TXN-00001114,CTA-587222,CLI-91360,2026-06-21 13:25:00,6004.29,CRC,transferencia,sucursal,SJ-001,Cuenta Corriente
TXN-00001115,CTA-363076,CLI-99128,2026-06-03 17:43:00,1367241.39,CRC,pago,atm,LI-002,Cuenta Ahorro
TXN-00001116,CTA-875089,CLI-80004,2026-06-27 15:08:00,228378.17,CRC,comision,app_movil,HE-001,Tarjeta Crédito
TXN-00001117,CTA-970840,CLI-28304,2026-06-05 01:59:00,3492448.12,CRC,comision,atm,PU-001,Préstamo Personal
TXN-00001118,CTA-459279,CLI-93252,2026-06-10 14:18:00,4419774.13,CRC,transferencia,web,LI-001,Tarjeta Crédito
TXN-00001119,CTA-582134,CLI-88579,2026-06-12 04:37:00,1708807.39,CRC,transferencia,app_movil,LI-001,Cuenta Ahorro
TXN-00001120,CTA-104487,CLI-11255,2026-06-30 10:05:00,3044324.97,CRC,retiro,web,SJ-001,Préstamo Hipotecario
TXN-00001121,CTA-925549,CLI-95078,2026-06-23 06:05:00,2691119.14,CRC,deposito,sinpe,PU-001,Cuenta Corriente
TXN-00001122,CTA-952262,CLI-59332,2026-06-21 06:15:00,1765620.67,CRC,comision,atm,SJ-002,Préstamo Personal
TXN-00001123,CTA-488477,CLI-35295,2026-06-09 01:32:00,624694.56,CRC,pago,app_movil,SJ-001,Cuenta Ahorro
TXN-00001124,CTA-843647,CLI-56900,2026-06-01 21:36:00,3403091.21,CRC,retiro,app_movil,HE-001,Préstamo Hipotecario
TXN-00001125,CTA-331890,CLI-40704,2026-06-29 10:55:00,4042264.06,CRC,pago,atm,HE-001,Cuenta Corriente
TXN-00001126,CTA-841309,CLI-89433,2026-06-13 18:39:00,4522633.44,CRC,retiro,app_movil,LI-002,Cuenta Ahorro
TXN-00001127,CTA-390819,CLI-84593,2026-06-30 01:20:00,555621.69,CRC,comision,web,PU-001,Cuenta Ahorro
TXN-00001128,CTA-693186,CLI-98103,2026-06-26 02:41:00,3299532.27,CRC,comision,sinpe,CA-001,Cuenta Ahorro
TXN-00001129,CTA-233620,CLI-44029,2026-06-03 23:23:00,3730121.22,CRC,comision,sucursal,AL-001,Préstamo Hipotecario
TXN-00001130,CTA-124240,CLI-98832,2026-06-13 11:38:00,4238488.22,CRC,comision,sinpe,CA-001,Tarjeta Crédito
TXN-00001131,CTA-547861,CLI-94012,2026-06-26 11:47:00,10772.87,CRC,deposito,atm,LI-002,Préstamo Personal
TXN-00001132,CTA-643471,CLI-71156,2026-06-19 12:25:00,609466.76,CRC,pago,atm,HE-001,Préstamo Hipotecario
TXN-00001133,CTA-540467,CLI-79784,2026-06-02 23:28:00,235776.27,CRC,pago,atm,CA-001,Cuenta Corriente
TXN-00001134,CTA-699596,CLI-13325,2026-06-18 20:00:00,1674194.37,CRC,retiro,web,CA-001,Cuenta Corriente
TXN-00001135,CTA-425903,CLI-18237,2026-06-12 09:02:00,823243.39,CRC,deposito,app_movil,CA-001,Préstamo Personal
TXN-00001136,CTA-756720,CLI-53817,2026-06-20 15:48:00,2963061.32,CRC,transferencia,sucursal,SJ-001,Cuenta Corriente
TXN-00001137,CTA-972957,CLI-17134,2026-06-22 13:16:00,4794054.49,CRC,transferencia,sinpe,CA-001,Cuenta Ahorro
TXN-00001138,CTA-755725,CLI-68517,2026-06-04 07:38:00,3820728.75,CRC,comision,app_movil,LI-002,Cuenta Corriente
TXN-00001139,CTA-988869,CLI-18523,2026-06-03 18:17:00,1887598.27,CRC,retiro,app_movil,SJ-001,Préstamo Personal
TXN-00001140,CTA-552816,CLI-18623,2026-06-03 11:50:00,3054082.46,CRC,deposito,app_movil,HE-001,Préstamo Hipotecario
TXN-00001141,CTA-521195,CLI-22560,2026-06-03 09:01:00,4249796.64,CRC,comision,web,HE-001,Cuenta Ahorro
TXN-00001142,CTA-586758,CLI-66112,2026-06-28 06:53:00,2267602.82,CRC,comision,sinpe,SJ-001,Cuenta Corriente
TXN-00001143,CTA-444136,CLI-87045,2026-06-16 10:57:00,2270929.74,CRC,retiro,app_movil,SJ-001,Cuenta Corriente
TXN-00001144,CTA-981621,CLI-35377,2026-06-01 13:25:00,2964839.61,CRC,comision,sucursal,SJ-002,Préstamo Hipotecario
TXN-00001145,CTA-859822,CLI-91376,2026-06-12 15:55:00,2105614.01,CRC,pago,sucursal,LI-001,Cuenta Ahorro
TXN-00001146,CTA-426806,CLI-86614,2026-06-07 06:22:00,303395.42,CRC,pago,sinpe,SJ-001,Tarjeta Crédito
TXN-00001147,CTA-423668,CLI-89079,2026-06-15 03:54:00,737897.9,CRC,transferencia,atm,AL-001,Tarjeta Crédito
TXN-00001148,CTA-631741,CLI-83328,2026-06-01 08:49:00,287530.91,CRC,deposito,web,AL-001,Tarjeta Crédito
TXN-00001149,CTA-311037,CLI-18965,2026-06-09 21:26:00,3203133.41,CRC,transferencia,sucursal,CA-001,Préstamo Personal
TXN-00001150,CTA-693595,CLI-53995,2026-06-22 06:31:00,4260191.4,CRC,comision,atm,LI-001,Préstamo Personal
TXN-00001151,CTA-927527,CLI-15530,2026-06-15 22:56:00,525134.63,CRC,pago,sucursal,AL-001,Cuenta Corriente
TXN-00001152,CTA-589199,CLI-91778,2026-06-30 01:42:00,3466409.57,CRC,retiro,sucursal,CA-001,Préstamo Personal
TXN-00001153,CTA-293194,CLI-10881,2026-06-16 02:06:00,1027376.49,CRC,transferencia,app_movil,PU-001,Cuenta Corriente
TXN-00001154,CTA-249319,CLI-48086,2026-06-17 06:54:00,2773903.34,CRC,pago,sucursal,SJ-001,Préstamo Hipotecario
TXN-00001155,CTA-308795,CLI-35929,2026-06-17 09:07:00,4876571.07,CRC,transferencia,sucursal,SJ-001,Cuenta Ahorro
TXN-00001156,CTA-681440,CLI-42239,2026-06-12 22:10:00,1699747.65,CRC,retiro,sucursal,AL-001,Cuenta Corriente
TXN-00001157,CTA-122013,CLI-98795,2026-06-09 00:19:00,4553334.1,CRC,retiro,web,HE-001,Cuenta Corriente
TXN-00001158,CTA-351815,CLI-58449,2026-06-16 09:36:00,1526056.82,CRC,transferencia,sucursal,CA-001,Préstamo Hipotecario
TXN-00001159,CTA-168553,CLI-25531,2026-06-29 08:42:00,4392060.79,CRC,retiro,sucursal,PU-001,Cuenta Ahorro
TXN-00001160,CTA-433396,CLI-88584,2026-06-09 17:22:00,3472075.13,CRC,pago,sucursal,PU-001,Cuenta Corriente
TXN-00001161,CTA-408472,CLI-29472,2026-06-29 00:52:00,4272322.73,CRC,transferencia,sucursal,CA-001,Cuenta Corriente
TXN-00001162,CTA-992865,CLI-76619,2026-06-29 15:32:00,4364384.61,CRC,comision,web,HE-001,Cuenta Ahorro
TXN-00001163,CTA-744755,CLI-18503,2026-06-04 16:55:00,3955195.1,CRC,retiro,sinpe,LI-002,Préstamo Personal
TXN-00001164,CTA-586819,CLI-33461,2026-06-30 08:35:00,2493440.29,CRC,transferencia,atm,LI-001,Préstamo Hipotecario
TXN-00001165,CTA-709418,CLI-62552,2026-06-22 23:53:00,2369317.02,CRC,comision,app_movil,LI-002,Cuenta Ahorro
TXN-00001166,CTA-345770,CLI-61891,2026-06-10 23:46:00,2260948.27,CRC,retiro,atm,CA-001,Préstamo Personal
TXN-00001167,CTA-492279,CLI-43361,2026-06-18 03:52:00,4677559.04,CRC,comision,app_movil,AL-001,Cuenta Ahorro
TXN-00001168,CTA-468653,CLI-40169,2026-06-04 19:46:00,2223082.07,CRC,comision,app_movil,HE-001,Préstamo Personal
TXN-00001169,CTA-590262,CLI-66689,2026-06-24 07:31:00,2131085.62,CRC,pago,atm,LI-001,Préstamo Personal
TXN-00001170,CTA-288288,CLI-67892,2026-06-15 10:16:00,1912472.26,CRC,retiro,atm,HE-001,Cuenta Corriente
TXN-00001171,CTA-626138,CLI-77212,2026-06-17 08:13:00,1473294.59,CRC,comision,app_movil,SJ-002,Tarjeta Crédito
TXN-00001172,CTA-477735,CLI-15017,2026-06-11 08:45:00,593820.82,CRC,comision,sucursal,SJ-002,Tarjeta Crédito
TXN-00001173,CTA-881410,CLI-99592,2026-06-09 22:47:00,1250868.19,CRC,transferencia,sucursal,LI-001,Préstamo Hipotecario
TXN-00001174,CTA-414021,CLI-46942,2026-06-07 06:35:00,43660.86,CRC,transferencia,web,HE-001,Préstamo Personal
TXN-00001175,CTA-637549,CLI-29566,2026-06-27 09:27:00,2360547.96,CRC,pago,sucursal,SJ-001,Cuenta Ahorro
TXN-00001176,CTA-715517,CLI-82432,2026-06-10 13:14:00,1169382.23,CRC,pago,web,LI-002,Tarjeta Crédito
TXN-00001177,CTA-549622,CLI-64747,2026-06-04 21:47:00,4229162.54,CRC,retiro,web,LI-001,Préstamo Personal
TXN-00001178,CTA-705561,CLI-26822,2026-06-26 09:58:00,1874126.14,CRC,transferencia,app_movil,SJ-001,Préstamo Personal
TXN-00001179,CTA-539507,CLI-65799,2026-06-30 23:38:00,1699771.39,CRC,pago,sinpe,LI-001,Tarjeta Crédito
TXN-00001180,CTA-133773,CLI-28236,2026-06-15 20:09:00,2838319.56,CRC,retiro,atm,SJ-001,Préstamo Hipotecario
TXN-00001181,CTA-314124,CLI-61201,2026-06-29 15:57:00,4900880.41,CRC,deposito,sinpe,PU-001,Préstamo Personal
TXN-00001182,CTA-697179,CLI-69183,2026-06-09 13:42:00,544083.14,CRC,transferencia,app_movil,LI-002,Cuenta Ahorro
TXN-00001183,CTA-822494,CLI-89084,2026-06-05 17:56:00,161263.71,CRC,pago,app_movil,AL-001,Cuenta Ahorro
TXN-00001184,CTA-504639,CLI-47200,2026-06-10 01:21:00,4556815.21,CRC,retiro,sucursal,SJ-002,Tarjeta Crédito
TXN-00001185,CTA-486559,CLI-77964,2026-06-24 20:46:00,2273863.77,CRC,deposito,sucursal,SJ-002,Tarjeta Crédito
TXN-00001186,CTA-216123,CLI-26926,2026-06-19 16:46:00,786020.24,CRC,comision,web,PU-001,Préstamo Personal
TXN-00001187,CTA-316509,CLI-27030,2026-06-04 03:06:00,4775528.73,CRC,retiro,atm,PU-001,Préstamo Personal
TXN-00001188,CTA-425387,CLI-87003,2026-06-22 14:35:00,3018943.53,CRC,retiro,sinpe,AL-001,Préstamo Personal
TXN-00001189,CTA-249623,CLI-68422,2026-06-13 12:51:00,38209.1,CRC,deposito,web,CA-001,Préstamo Hipotecario
TXN-00001190,CTA-614807,CLI-70319,2026-06-12 05:36:00,4551602.39,CRC,pago,sinpe,LI-001,Cuenta Corriente
TXN-00001191,CTA-578472,CLI-55453,2026-06-05 03:30:00,3231849.39,CRC,transferencia,web,HE-001,Préstamo Hipotecario
TXN-00001192,CTA-747743,CLI-66633,2026-06-08 23:17:00,1246424.95,CRC,pago,web,PU-001,Cuenta Ahorro
TXN-00001193,CTA-145785,CLI-41417,2026-06-26 21:04:00,1968363.04,CRC,retiro,atm,SJ-002,Préstamo Hipotecario
TXN-00001194,CTA-857501,CLI-38476,2026-06-14 06:49:00,3490521.92,CRC,pago,web,SJ-002,Préstamo Hipotecario
TXN-00001195,CTA-210335,CLI-76112,2026-06-06 12:24:00,383591.65,CRC,transferencia,web,LI-001,Préstamo Personal
TXN-00001196,CTA-146803,CLI-70577,2026-06-08 12:02:00,1037653.11,CRC,deposito,app_movil,HE-001,Préstamo Personal
TXN-00001197,CTA-997343,CLI-35480,2026-06-18 08:19:00,3730041.23,CRC,pago,app_movil,LI-001,Cuenta Corriente
TXN-00001198,CTA-243110,CLI-52875,2026-06-12 09:43:00,3545788.93,CRC,pago,web,SJ-002,Préstamo Personal
TXN-00001199,CTA-354063,CLI-67373,2026-06-04 02:31:00,2742594.27,CRC,retiro,web,SJ-002,Tarjeta Crédito
TXN-00001200,CTA-736473,CLI-23174,2026-06-08 08:15:00,4192640.76,CRC,retiro,atm,AL-001,Cuenta Corriente
TXN-00001201,CTA-804005,CLI-11469,2026-06-25 07:59:00,843098.41,CRC,transferencia,sucursal,PU-001,Préstamo Personal
TXN-00001202,CTA-136118,CLI-98479,2026-06-17 07:07:00,1084145.49,CRC,comision,sucursal,AL-001,Préstamo Personal
TXN-00001203,CTA-423301,CLI-68194,2026-06-03 04:09:00,1953701.33,CRC,deposito,sinpe,SJ-002,Cuenta Corriente
TXN-00001204,CTA-361829,CLI-59105,2026-06-03 05:09:00,3835804.08,CRC,retiro,sucursal,PU-001,Cuenta Corriente
TXN-00001205,CTA-115267,CLI-54186,2026-06-01 17:31:00,140692.91,CRC,retiro,app_movil,PU-001,Cuenta Ahorro
TXN-00001206,CTA-146150,CLI-64484,2026-06-05 09:30:00,3620333.47,CRC,comision,app_movil,AL-001,Tarjeta Crédito
TXN-00001207,CTA-668016,CLI-61781,2026-06-15 16:27:00,3123742.09,CRC,pago,app_movil,CA-001,Cuenta Ahorro
TXN-00001208,CTA-282055,CLI-11965,2026-06-10 17:30:00,1783525.05,CRC,pago,atm,SJ-002,Cuenta Corriente
TXN-00001209,CTA-169223,CLI-96240,2026-06-18 17:05:00,2294420.88,CRC,transferencia,sinpe,CA-001,Tarjeta Crédito
TXN-00001210,CTA-531066,CLI-49522,2026-06-02 23:59:00,4427414.79,CRC,comision,web,SJ-002,Cuenta Corriente
TXN-00001211,CTA-199346,CLI-88625,2026-06-25 09:39:00,1260448.83,CRC,transferencia,web,AL-001,Cuenta Ahorro
TXN-00001212,CTA-821027,CLI-51676,2026-06-16 02:41:00,3177131.9,CRC,pago,app_movil,AL-001,Tarjeta Crédito
TXN-00001213,CTA-771709,CLI-40464,2026-06-01 19:16:00,1912474.63,CRC,comision,sinpe,LI-002,Cuenta Corriente
TXN-00001214,CTA-230082,CLI-50481,2026-06-11 14:04:00,3082127.02,CRC,retiro,web,SJ-001,Cuenta Ahorro
TXN-00001215,CTA-492716,CLI-75369,2026-06-29 04:56:00,300555.16,CRC,transferencia,sucursal,SJ-002,Cuenta Ahorro
TXN-00001216,CTA-349628,CLI-88390,2026-06-18 02:25:00,3210552.45,CRC,pago,atm,CA-001,Cuenta Ahorro
TXN-00001217,CTA-897435,CLI-15191,2026-06-13 15:47:00,3218366.76,CRC,comision,web,LI-001,Tarjeta Crédito
TXN-00001218,CTA-447362,CLI-54922,2026-06-02 01:52:00,4234827.29,CRC,retiro,sucursal,CA-001,Préstamo Hipotecario
TXN-00001219,CTA-830100,CLI-39156,2026-06-03 11:03:00,4007457.59,CRC,comision,web,CA-001,Préstamo Hipotecario
TXN-00001220,CTA-106336,CLI-18469,2026-06-15 15:18:00,2212362.09,CRC,pago,app_movil,AL-001,Cuenta Ahorro
TXN-00001221,CTA-231660,CLI-22027,2026-06-03 08:54:00,4691434.36,CRC,retiro,sinpe,AL-001,Préstamo Hipotecario
TXN-00001222,CTA-546944,CLI-71220,2026-06-10 07:13:00,2537615.32,CRC,transferencia,sucursal,CA-001,Cuenta Ahorro
TXN-00001223,CTA-361063,CLI-49728,2026-06-12 03:31:00,883001.09,CRC,transferencia,sinpe,PU-001,Préstamo Personal
TXN-00001224,CTA-919240,CLI-73068,2026-06-29 22:14:00,1360032.06,CRC,deposito,atm,CA-001,Préstamo Personal
TXN-00001225,CTA-543230,CLI-76229,2026-06-18 04:34:00,2354096.71,CRC,comision,web,AL-001,Cuenta Ahorro
TXN-00001226,CTA-548158,CLI-20909,2026-06-22 22:28:00,3809884.56,CRC,transferencia,sinpe,SJ-001,Préstamo Hipotecario
TXN-00001227,CTA-586173,CLI-50088,2026-06-07 22:53:00,1287201.32,CRC,pago,atm,AL-001,Préstamo Personal
TXN-00001228,CTA-243294,CLI-71506,2026-06-26 14:00:00,360626.31,CRC,retiro,sucursal,LI-002,Cuenta Ahorro
TXN-00001229,CTA-865847,CLI-59054,2026-06-01 04:33:00,4308413.98,CRC,pago,web,SJ-001,Préstamo Personal
TXN-00001230,CTA-422763,CLI-94023,2026-06-18 23:03:00,1920803.08,CRC,comision,app_movil,LI-001,Préstamo Personal
TXN-00001231,CTA-693083,CLI-31281,2026-06-02 18:24:00,1924745.23,CRC,retiro,web,SJ-002,Tarjeta Crédito
TXN-00001232,CTA-486065,CLI-17563,2026-06-16 20:44:00,3175263.74,CRC,pago,web,LI-002,Cuenta Ahorro
TXN-00001233,CTA-952624,CLI-57371,2026-06-12 00:42:00,173503.35,CRC,deposito,sucursal,LI-002,Tarjeta Crédito
TXN-00001234,CTA-254525,CLI-43330,2026-06-28 13:17:00,4721381.84,CRC,retiro,sinpe,LI-002,Préstamo Hipotecario
TXN-00001235,CTA-196789,CLI-94462,2026-06-08 08:19:00,584536.49,CRC,pago,web,SJ-001,Préstamo Hipotecario
TXN-00001236,CTA-273878,CLI-65950,2026-06-04 15:45:00,4380154.83,CRC,transferencia,atm,CA-001,Préstamo Hipotecario
TXN-00001237,CTA-869584,CLI-63950,2026-06-25 06:23:00,2930812.78,CRC,deposito,app_movil,PU-001,Préstamo Hipotecario
TXN-00001238,CTA-319703,CLI-62162,2026-06-16 16:10:00,1345837.67,CRC,transferencia,app_movil,AL-001,Cuenta Ahorro
TXN-00001239,CTA-911329,CLI-64767,2026-06-23 09:05:00,485256.44,CRC,comision,web,SJ-001,Tarjeta Crédito
TXN-00001240,CTA-295454,CLI-27607,2026-06-20 14:42:00,882830.09,CRC,retiro,web,AL-001,Cuenta Ahorro
TXN-00001241,CTA-953929,CLI-37862,2026-06-23 20:59:00,2253853.26,CRC,retiro,sucursal,SJ-002,Cuenta Corriente
TXN-00001242,CTA-528649,CLI-67767,2026-06-09 07:35:00,1297500.23,CRC,comision,app_movil,CA-001,Cuenta Ahorro
TXN-00001243,CTA-230738,CLI-46275,2026-06-04 15:10:00,429449.61,CRC,deposito,atm,HE-001,Cuenta Corriente
TXN-00001244,CTA-805486,CLI-23213,2026-06-27 15:40:00,2390007.7,CRC,deposito,app_movil,CA-001,Tarjeta Crédito
TXN-00001245,CTA-647707,CLI-10951,2026-06-01 07:53:00,485112.41,CRC,pago,sinpe,SJ-001,Préstamo Hipotecario
TXN-00001246,CTA-453401,CLI-89216,2026-06-13 02:21:00,2366685.68,CRC,pago,atm,LI-002,Tarjeta Crédito
TXN-00001247,CTA-478756,CLI-97173,2026-06-16 14:43:00,4084419.11,CRC,pago,web,LI-001,Préstamo Hipotecario
TXN-00001248,CTA-945435,CLI-23130,2026-06-03 14:31:00,4365514.08,CRC,deposito,web,LI-001,Préstamo Personal
TXN-00001249,CTA-656405,CLI-46630,2026-06-07 07:40:00,3009943.97,CRC,retiro,atm,SJ-001,Préstamo Personal
TXN-00001250,CTA-792299,CLI-34633,2026-06-29 03:24:00,2575055.09,CRC,deposito,atm,LI-002,Cuenta Corriente
TXN-00001251,CTA-946785,CLI-52667,2026-06-29 20:15:00,4367299.02,CRC,pago,sucursal,LI-001,Préstamo Hipotecario
TXN-00001252,CTA-932527,CLI-20665,2026-06-23 01:14:00,3696283.97,CRC,transferencia,web,PU-001,Préstamo Personal
TXN-00001253,CTA-408137,CLI-89583,2026-06-30 23:04:00,3671654.44,CRC,retiro,sucursal,SJ-002,Préstamo Hipotecario
TXN-00001254,CTA-935527,CLI-21415,2026-06-27 00:39:00,640178.91,CRC,transferencia,sinpe,SJ-001,Préstamo Personal
TXN-00001255,CTA-605590,CLI-96853,2026-06-08 15:33:00,4775301.06,CRC,comision,sucursal,LI-002,Cuenta Ahorro
TXN-00001256,CTA-791792,CLI-21722,2026-06-10 15:10:00,3766509.35,CRC,deposito,web,AL-001,Cuenta Corriente
TXN-00001257,CTA-903533,CLI-46747,2026-06-08 07:01:00,4513339.95,CRC,retiro,atm,LI-001,Préstamo Personal
TXN-00001258,CTA-764323,CLI-74482,2026-06-06 14:27:00,4613758.2,CRC,deposito,atm,AL-001,Cuenta Ahorro
TXN-00001259,CTA-495323,CLI-60023,2026-06-27 05:06:00,3220288.72,CRC,comision,web,SJ-002,Cuenta Ahorro
TXN-00001260,CTA-191939,CLI-24599,2026-06-11 04:10:00,579334.14,CRC,deposito,atm,HE-001,Préstamo Hipotecario
TXN-00001261,CTA-233606,CLI-51074,2026-06-09 13:31:00,2864622.21,CRC,pago,sinpe,SJ-002,Cuenta Corriente
TXN-00001262,CTA-299080,CLI-60875,2026-06-15 03:28:00,2950708.86,CRC,pago,atm,SJ-001,Tarjeta Crédito
TXN-00001263,CTA-109634,CLI-80555,2026-06-06 17:57:00,533823.03,CRC,pago,atm,CA-001,Cuenta Ahorro
TXN-00001264,CTA-577924,CLI-29323,2026-06-14 12:12:00,2499663.49,CRC,comision,atm,CA-001,Cuenta Ahorro
TXN-00001265,CTA-822049,CLI-26182,2026-06-02 13:30:00,1545148.24,CRC,transferencia,sinpe,LI-001,Préstamo Personal
TXN-00001266,CTA-838344,CLI-59375,2026-06-29 17:18:00,2475632.6,CRC,deposito,atm,CA-001,Cuenta Ahorro
TXN-00001267,CTA-155119,CLI-33464,2026-06-10 14:02:00,3502336.66,CRC,pago,web,CA-001,Tarjeta Crédito
TXN-00001268,CTA-453800,CLI-65369,2026-06-08 05:52:00,2740166.6,CRC,pago,atm,SJ-001,Préstamo Personal
TXN-00001269,CTA-396788,CLI-47010,2026-06-18 19:08:00,2639694.33,CRC,retiro,sinpe,SJ-002,Préstamo Personal
TXN-00001270,CTA-929714,CLI-86072,2026-06-05 10:17:00,1617769.51,CRC,deposito,atm,AL-001,Préstamo Personal
TXN-00001271,CTA-563348,CLI-73234,2026-06-30 19:02:00,2886209.89,CRC,transferencia,sucursal,AL-001,Cuenta Ahorro
TXN-00001272,CTA-109576,CLI-57477,2026-06-10 22:15:00,3676859.16,CRC,comision,app_movil,CA-001,Cuenta Ahorro
TXN-00001273,CTA-276394,CLI-17383,2026-06-18 03:17:00,3397546.88,CRC,deposito,atm,PU-001,Préstamo Personal
TXN-00001274,CTA-640472,CLI-95209,2026-06-09 04:12:00,587616.88,CRC,transferencia,sinpe,SJ-001,Préstamo Personal
TXN-00001275,CTA-224573,CLI-41569,2026-06-07 18:16:00,1225760.02,CRC,pago,web,PU-001,Tarjeta Crédito
TXN-00001276,CTA-493605,CLI-97914,2026-06-28 03:09:00,3264332.04,CRC,deposito,web,AL-001,Préstamo Personal
TXN-00001277,CTA-225829,CLI-25286,2026-06-13 12:36:00,1837247.96,CRC,deposito,app_movil,LI-002,Préstamo Personal
TXN-00001278,CTA-700815,CLI-85055,2026-06-30 04:35:00,116110.78,CRC,pago,atm,CA-001,Cuenta Corriente
TXN-00001279,CTA-775908,CLI-66840,2026-06-27 23:34:00,1920415.43,CRC,transferencia,sinpe,AL-001,Cuenta Ahorro
TXN-00001280,CTA-933853,CLI-80452,2026-06-05 12:36:00,318428.01,CRC,retiro,web,LI-001,Cuenta Corriente
TXN-00001281,CTA-977809,CLI-86640,2026-06-18 22:07:00,320594.38,CRC,comision,app_movil,LI-002,Cuenta Ahorro
TXN-00001282,CTA-728204,CLI-33584,2026-06-30 23:20:00,904140.2,CRC,deposito,sinpe,SJ-002,Préstamo Personal
TXN-00001283,CTA-703016,CLI-37030,2026-06-15 07:17:00,196676.66,CRC,retiro,app_movil,SJ-002,Préstamo Hipotecario
TXN-00001284,CTA-230775,CLI-76341,2026-06-12 16:27:00,423967.03,CRC,transferencia,atm,SJ-001,Préstamo Hipotecario
TXN-00001285,CTA-790130,CLI-10011,2026-06-08 19:26:00,4885538.39,CRC,retiro,atm,PU-001,Cuenta Corriente
TXN-00001286,CTA-566532,CLI-28331,2026-06-24 15:22:00,3296128.73,CRC,comision,web,HE-001,Tarjeta Crédito
TXN-00001287,CTA-635392,CLI-37504,2026-06-24 18:53:00,3031254.5,CRC,deposito,app_movil,LI-001,Cuenta Ahorro
TXN-00001288,CTA-997670,CLI-38208,2026-06-02 16:07:00,709194.99,CRC,retiro,sinpe,CA-001,Préstamo Hipotecario
TXN-00001289,CTA-864521,CLI-91567,2026-06-10 19:58:00,1387701.2,CRC,pago,app_movil,LI-001,Préstamo Hipotecario
TXN-00001290,CTA-271252,CLI-62436,2026-06-12 14:29:00,1909529.78,CRC,pago,app_movil,HE-001,Tarjeta Crédito
TXN-00001291,CTA-173985,CLI-92518,2026-06-20 08:35:00,2679985.69,CRC,transferencia,sucursal,AL-001,Tarjeta Crédito
TXN-00001292,CTA-260947,CLI-51465,2026-06-26 15:38:00,2099012.68,CRC,pago,web,AL-001,Cuenta Corriente
TXN-00001293,CTA-230674,CLI-79660,2026-06-28 11:18:00,388545.46,CRC,deposito,sinpe,CA-001,Préstamo Personal
TXN-00001294,CTA-480443,CLI-53714,2026-06-04 00:02:00,3201247.27,CRC,transferencia,sucursal,LI-001,Cuenta Ahorro
TXN-00001295,CTA-333020,CLI-59628,2026-06-13 10:53:00,490636.33,CRC,deposito,app_movil,SJ-001,Cuenta Ahorro
TXN-00001296,CTA-945989,CLI-74175,2026-06-24 23:03:00,2944546.42,CRC,deposito,sinpe,HE-001,Tarjeta Crédito
TXN-00001297,CTA-736975,CLI-22984,2026-06-27 00:56:00,2758159.62,CRC,deposito,sucursal,HE-001,Tarjeta Crédito
TXN-00001298,CTA-877306,CLI-98842,2026-06-18 17:30:00,1726519.27,CRC,comision,sinpe,AL-001,Préstamo Hipotecario
TXN-00001299,CTA-371645,CLI-11244,2026-06-19 07:48:00,2961958.31,CRC,comision,sucursal,LI-002,Cuenta Ahorro
TXN-00001300,CTA-380357,CLI-16929,2026-06-07 11:50:00,2838236.31,CRC,transferencia,sucursal,PU-001,Préstamo Hipotecario
TXN-00001301,CTA-471197,CLI-71428,2026-06-20 00:50:00,916339.52,CRC,comision,atm,LI-002,Tarjeta Crédito
TXN-00001302,CTA-999595,CLI-21395,2026-06-20 11:14:00,1526631.97,CRC,transferencia,web,CA-001,Tarjeta Crédito
TXN-00001303,CTA-351696,CLI-22272,2026-06-05 02:27:00,384389.37,CRC,retiro,sinpe,SJ-002,Cuenta Corriente
TXN-00001304,CTA-616791,CLI-11401,2026-06-04 20:23:00,2771244.71,CRC,pago,sinpe,HE-001,Cuenta Ahorro
TXN-00001305,CTA-809649,CLI-79783,2026-06-22 19:54:00,2575542.42,CRC,deposito,web,LI-002,Cuenta Corriente
TXN-00001306,CTA-882150,CLI-10955,2026-06-29 01:08:00,4554521.14,CRC,pago,sinpe,CA-001,Tarjeta Crédito
TXN-00001307,CTA-276718,CLI-98410,2026-06-12 02:45:00,3037260.36,CRC,comision,sucursal,SJ-001,Cuenta Ahorro
TXN-00001308,CTA-638637,CLI-56306,2026-06-04 10:03:00,4197205.27,CRC,deposito,web,LI-001,Préstamo Personal
TXN-00001309,CTA-218733,CLI-54296,2026-06-18 06:04:00,1867045.21,CRC,retiro,sinpe,AL-001,Cuenta Corriente
TXN-00001310,CTA-377611,CLI-37926,2026-06-14 04:49:00,2416140.29,CRC,deposito,sinpe,HE-001,Préstamo Personal
TXN-00001311,CTA-774206,CLI-77571,2026-06-10 21:31:00,4645615.92,CRC,deposito,web,HE-001,Préstamo Hipotecario
TXN-00001312,CTA-745430,CLI-70339,2026-06-23 05:19:00,1779364.58,CRC,transferencia,atm,SJ-001,Tarjeta Crédito
TXN-00001313,CTA-857526,CLI-34400,2026-06-05 21:03:00,1749258.77,CRC,pago,atm,SJ-001,Cuenta Corriente
TXN-00001314,CTA-188860,CLI-79349,2026-06-05 14:41:00,2460738.55,CRC,comision,sucursal,PU-001,Préstamo Personal
TXN-00001315,CTA-906824,CLI-96066,2026-06-06 15:16:00,35545.35,CRC,transferencia,sucursal,LI-002,Préstamo Personal
TXN-00001316,CTA-549148,CLI-33878,2026-06-18 23:50:00,1497125.48,CRC,comision,atm,LI-001,Cuenta Corriente
TXN-00001317,CTA-470920,CLI-66880,2026-06-20 23:02:00,810009.67,CRC,deposito,atm,LI-002,Cuenta Ahorro
TXN-00001318,CTA-240173,CLI-61713,2026-06-06 00:52:00,1425213.92,CRC,pago,atm,CA-001,Cuenta Corriente
TXN-00001319,CTA-797557,CLI-44838,2026-06-08 07:06:00,4741930.82,CRC,deposito,web,CA-001,Préstamo Personal
TXN-00001320,CTA-849019,CLI-26703,2026-06-26 00:52:00,3999300.61,CRC,transferencia,web,LI-002,Préstamo Hipotecario
TXN-00001321,CTA-213119,CLI-12772,2026-06-18 16:43:00,549554.19,CRC,retiro,sucursal,AL-001,Tarjeta Crédito
TXN-00001322,CTA-347993,CLI-16820,2026-06-23 18:08:00,3837157.37,CRC,transferencia,web,SJ-001,Préstamo Hipotecario
TXN-00001323,CTA-395932,CLI-73691,2026-06-01 08:46:00,2401484.88,CRC,deposito,web,PU-001,Cuenta Ahorro
TXN-00001324,CTA-295937,CLI-42698,2026-06-29 02:35:00,3646513.61,CRC,transferencia,app_movil,AL-001,Tarjeta Crédito
TXN-00001325,CTA-840777,CLI-23508,2026-06-12 06:10:00,992863.88,CRC,comision,sinpe,PU-001,Cuenta Ahorro
TXN-00001326,CTA-238722,CLI-62596,2026-06-09 14:04:00,1147691.58,CRC,deposito,atm,AL-001,Cuenta Ahorro
TXN-00001327,CTA-309341,CLI-21919,2026-06-07 15:41:00,89289.06,CRC,deposito,web,PU-001,Préstamo Personal
TXN-00001328,CTA-342669,CLI-39068,2026-06-24 21:24:00,3501094.15,CRC,transferencia,web,HE-001,Préstamo Personal
TXN-00001329,CTA-419071,CLI-24425,2026-06-03 19:00:00,3219721.9,CRC,transferencia,atm,PU-001,Tarjeta Crédito
TXN-00001330,CTA-149866,CLI-33822,2026-06-16 23:24:00,1235596.22,CRC,deposito,app_movil,PU-001,Cuenta Corriente
TXN-00001331,CTA-393768,CLI-89498,2026-06-15 15:18:00,1427299.53,CRC,deposito,web,CA-001,Cuenta Ahorro
TXN-00001332,CTA-419141,CLI-24618,2026-06-12 11:32:00,1818542.63,CRC,deposito,app_movil,LI-002,Préstamo Hipotecario
TXN-00001333,CTA-949383,CLI-57367,2026-06-06 22:19:00,1803482.97,CRC,comision,sinpe,LI-001,Préstamo Hipotecario
TXN-00001334,CTA-320235,CLI-86588,2026-06-17 21:52:00,3251591.47,CRC,pago,app_movil,CA-001,Cuenta Corriente
TXN-00001335,CTA-786141,CLI-34960,2026-06-06 22:31:00,206153.63,CRC,retiro,web,SJ-002,Cuenta Corriente
TXN-00001336,CTA-597233,CLI-36476,2026-06-04 09:47:00,1508080.61,CRC,comision,sucursal,LI-001,Cuenta Corriente
TXN-00001337,CTA-846169,CLI-43099,2026-06-06 19:37:00,2091644.58,CRC,comision,atm,CA-001,Tarjeta Crédito
TXN-00001338,CTA-170997,CLI-73284,2026-06-21 09:51:00,4554335.05,CRC,pago,sinpe,SJ-002,Préstamo Hipotecario
TXN-00001339,CTA-830549,CLI-26899,2026-06-01 23:53:00,2996169.16,CRC,transferencia,app_movil,AL-001,Préstamo Hipotecario
TXN-00001340,CTA-516802,CLI-74884,2026-06-03 18:24:00,3703835.27,CRC,comision,sinpe,CA-001,Cuenta Corriente
TXN-00001341,CTA-502810,CLI-83727,2026-06-08 12:47:00,3753888.23,CRC,pago,web,LI-002,Préstamo Hipotecario
TXN-00001342,CTA-267775,CLI-84959,2026-06-13 08:32:00,921147.64,CRC,retiro,sinpe,CA-001,Cuenta Corriente
TXN-00001343,CTA-855582,CLI-78822,2026-06-24 08:06:00,2519585.01,CRC,transferencia,atm,LI-002,Cuenta Ahorro
TXN-00001344,CTA-279420,CLI-39350,2026-06-14 11:42:00,2761202.45,CRC,deposito,sinpe,HE-001,Cuenta Ahorro
TXN-00001345,CTA-391248,CLI-27428,2026-06-14 06:46:00,3198437.1,CRC,transferencia,app_movil,SJ-001,Cuenta Ahorro
TXN-00001346,CTA-464340,CLI-92927,2026-06-10 13:20:00,7998.41,CRC,comision,atm,SJ-002,Tarjeta Crédito
TXN-00001347,CTA-528178,CLI-90148,2026-06-04 18:55:00,3610675.88,CRC,transferencia,atm,HE-001,Cuenta Corriente
TXN-00001348,CTA-329931,CLI-46659,2026-06-29 11:42:00,4119835.0,CRC,retiro,atm,SJ-001,Cuenta Corriente
TXN-00001349,CTA-821541,CLI-60067,2026-06-25 10:58:00,3613288.37,CRC,transferencia,sinpe,SJ-002,Préstamo Hipotecario
TXN-00001350,CTA-381850,CLI-36728,2026-06-10 09:10:00,1103974.55,CRC,comision,web,LI-002,Cuenta Ahorro
TXN-00001351,CTA-554980,CLI-58318,2026-06-21 07:12:00,3649329.71,CRC,retiro,web,CA-001,Cuenta Corriente
TXN-00001352,CTA-955216,CLI-33083,2026-06-23 13:43:00,2297491.17,CRC,retiro,sinpe,AL-001,Préstamo Personal
TXN-00001353,CTA-270832,CLI-33295,2026-06-09 05:03:00,106215.47,CRC,pago,sinpe,HE-001,Cuenta Ahorro
TXN-00001354,CTA-357167,CLI-69640,2026-06-04 03:51:00,361171.4,CRC,pago,app_movil,AL-001,Préstamo Hipotecario
TXN-00001355,CTA-496230,CLI-60330,2026-06-07 05:57:00,3016864.29,CRC,deposito,app_movil,SJ-001,Cuenta Corriente
TXN-00001356,CTA-907526,CLI-20957,2026-06-30 07:56:00,661763.05,CRC,transferencia,sucursal,SJ-001,Préstamo Hipotecario
TXN-00001357,CTA-211504,CLI-81089,2026-06-01 14:44:00,4788130.84,CRC,transferencia,app_movil,SJ-001,Cuenta Ahorro
TXN-00001358,CTA-565909,CLI-31383,2026-06-07 08:04:00,3798599.09,CRC,transferencia,atm,LI-002,Préstamo Personal
TXN-00001359,CTA-825657,CLI-45056,2026-06-08 00:46:00,280321.66,CRC,comision,app_movil,CA-001,Cuenta Corriente
TXN-00001360,CTA-207548,CLI-77048,2026-06-03 00:38:00,2723665.86,CRC,pago,sucursal,SJ-002,Cuenta Corriente
TXN-00001361,CTA-504103,CLI-29316,2026-06-11 05:00:00,1134149.03,CRC,transferencia,atm,SJ-001,Cuenta Ahorro
TXN-00001362,CTA-215485,CLI-39428,2026-06-18 12:14:00,2459611.05,CRC,deposito,atm,SJ-002,Tarjeta Crédito
TXN-00001363,CTA-188923,CLI-15681,2026-06-04 11:19:00,592636.5,CRC,comision,sucursal,LI-001,Cuenta Ahorro
TXN-00001364,CTA-812437,CLI-65737,2026-06-20 12:10:00,2998457.81,CRC,retiro,atm,LI-001,Préstamo Hipotecario
TXN-00001365,CTA-384261,CLI-75437,2026-06-14 01:29:00,4377135.44,CRC,transferencia,atm,LI-001,Cuenta Corriente
TXN-00001366,CTA-253709,CLI-51976,2026-06-01 02:22:00,3889142.41,CRC,retiro,web,AL-001,Préstamo Personal
TXN-00001367,CTA-548217,CLI-46500,2026-06-22 18:34:00,566707.01,CRC,retiro,app_movil,SJ-002,Tarjeta Crédito
TXN-00001368,CTA-469737,CLI-51853,2026-06-06 19:18:00,3837909.53,CRC,pago,web,AL-001,Préstamo Personal
TXN-00001369,CTA-785720,CLI-42231,2026-06-19 20:08:00,691968.17,CRC,pago,web,LI-001,Préstamo Hipotecario
TXN-00001370,CTA-961304,CLI-40161,2026-06-23 14:58:00,2662839.69,CRC,pago,app_movil,LI-002,Préstamo Hipotecario
TXN-00001371,CTA-346617,CLI-57409,2026-06-20 04:45:00,3515763.47,CRC,deposito,sucursal,CA-001,Cuenta Corriente
TXN-00001372,CTA-215507,CLI-17808,2026-06-17 11:50:00,4788121.24,CRC,transferencia,atm,LI-002,Cuenta Ahorro
TXN-00001373,CTA-994762,CLI-82286,2026-06-14 09:53:00,721557.07,CRC,pago,sucursal,LI-002,Cuenta Ahorro
TXN-00001374,CTA-222930,CLI-28753,2026-06-11 05:18:00,3735229.81,CRC,pago,app_movil,SJ-001,Préstamo Personal
TXN-00001375,CTA-794940,CLI-86232,2026-06-17 21:58:00,3507307.42,CRC,deposito,web,SJ-001,Préstamo Hipotecario
TXN-00001376,CTA-248140,CLI-20353,2026-06-08 04:46:00,735286.47,CRC,retiro,app_movil,SJ-001,Cuenta Corriente
TXN-00001377,CTA-291285,CLI-71573,2026-06-26 21:41:00,749436.41,CRC,retiro,sinpe,PU-001,Tarjeta Crédito
TXN-00001378,CTA-565540,CLI-94521,2026-06-22 09:34:00,3613064.55,CRC,deposito,atm,PU-001,Cuenta Corriente
TXN-00001379,CTA-133679,CLI-89190,2026-06-08 02:16:00,4405904.55,CRC,retiro,sinpe,SJ-001,Cuenta Ahorro
TXN-00001380,CTA-812930,CLI-69545,2026-06-01 11:52:00,4163567.79,CRC,comision,atm,PU-001,Préstamo Hipotecario
TXN-00001381,CTA-544250,CLI-30552,2026-06-23 20:10:00,3547054.72,CRC,transferencia,app_movil,HE-001,Préstamo Hipotecario
TXN-00001382,CTA-519852,CLI-91139,2026-06-18 04:23:00,3715930.56,CRC,deposito,sucursal,AL-001,Préstamo Personal
TXN-00001383,CTA-591190,CLI-72575,2026-06-09 08:38:00,4082977.62,CRC,transferencia,web,SJ-002,Préstamo Personal
TXN-00001384,CTA-778058,CLI-65603,2026-06-08 12:01:00,4016892.96,CRC,retiro,atm,SJ-001,Cuenta Corriente
TXN-00001385,CTA-916628,CLI-53970,2026-06-05 18:01:00,1814145.44,CRC,deposito,sucursal,SJ-002,Tarjeta Crédito
TXN-00001386,CTA-726116,CLI-11438,2026-06-08 09:46:00,327530.52,CRC,transferencia,sucursal,SJ-002,Préstamo Hipotecario
TXN-00001387,CTA-189170,CLI-84727,2026-06-10 04:20:00,1202435.43,CRC,comision,app_movil,SJ-001,Préstamo Hipotecario
TXN-00001388,CTA-197738,CLI-50449,2026-06-23 00:26:00,241196.46,CRC,deposito,atm,SJ-001,Tarjeta Crédito
TXN-00001389,CTA-509617,CLI-56640,2026-06-19 02:52:00,1573047.74,CRC,retiro,app_movil,CA-001,Tarjeta Crédito
TXN-00001390,CTA-912709,CLI-29685,2026-06-19 12:51:00,2511383.41,CRC,deposito,sinpe,SJ-002,Préstamo Personal
TXN-00001391,CTA-258898,CLI-99440,2026-06-22 16:57:00,1451306.79,CRC,pago,app_movil,SJ-001,Cuenta Corriente
TXN-00001392,CTA-785999,CLI-28463,2026-06-11 12:56:00,4037572.69,CRC,retiro,sinpe,CA-001,Préstamo Hipotecario
TXN-00001393,CTA-237570,CLI-54436,2026-06-28 16:54:00,2237953.56,CRC,transferencia,atm,LI-001,Préstamo Hipotecario
TXN-00001394,CTA-911781,CLI-99505,2026-06-20 14:39:00,4453508.98,CRC,pago,sucursal,SJ-001,Cuenta Ahorro
TXN-00001395,CTA-694438,CLI-92285,2026-06-28 18:42:00,4790120.24,CRC,pago,app_movil,SJ-002,Cuenta Corriente
TXN-00001396,CTA-936116,CLI-21425,2026-06-07 11:46:00,2736133.13,CRC,pago,app_movil,HE-001,Préstamo Personal
TXN-00001397,CTA-269316,CLI-18934,2026-06-15 06:39:00,4670345.8,CRC,transferencia,sinpe,AL-001,Tarjeta Crédito
TXN-00001398,CTA-845175,CLI-70390,2026-06-17 01:58:00,356598.47,CRC,transferencia,web,SJ-002,Tarjeta Crédito
TXN-00001399,CTA-696360,CLI-73997,2026-06-21 02:49:00,4699207.52,CRC,deposito,atm,AL-001,Tarjeta Crédito
TXN-00001400,CTA-813644,CLI-26906,2026-06-19 05:55:00,4285147.79,CRC,pago,atm,PU-001,Préstamo Hipotecario
TXN-00001401,CTA-815339,CLI-64158,2026-06-29 10:15:00,1869041.79,CRC,comision,web,LI-001,Tarjeta Crédito
TXN-00001402,CTA-356709,CLI-83505,2026-06-02 22:36:00,3705471.76,CRC,deposito,sucursal,SJ-001,Cuenta Corriente
TXN-00001403,CTA-518675,CLI-19565,2026-06-14 05:28:00,791870.81,CRC,retiro,web,PU-001,Préstamo Personal
TXN-00001404,CTA-773693,CLI-80138,2026-06-05 06:07:00,2329922.1,CRC,pago,app_movil,LI-001,Cuenta Corriente
TXN-00001405,CTA-516226,CLI-66769,2026-06-09 04:54:00,4587384.3,CRC,retiro,web,SJ-002,Tarjeta Crédito
TXN-00001406,CTA-733727,CLI-73739,2026-06-03 22:25:00,1712775.29,CRC,retiro,web,LI-001,Cuenta Corriente
TXN-00001407,CTA-263306,CLI-71599,2026-06-13 16:03:00,192373.41,CRC,retiro,sucursal,LI-002,Tarjeta Crédito
TXN-00001408,CTA-911813,CLI-59844,2026-06-26 20:37:00,4939065.9,CRC,deposito,atm,SJ-001,Préstamo Personal
TXN-00001409,CTA-124057,CLI-99610,2026-06-22 13:05:00,271333.5,CRC,pago,atm,CA-001,Tarjeta Crédito
TXN-00001410,CTA-172623,CLI-45901,2026-06-29 22:20:00,418872.83,CRC,pago,app_movil,AL-001,Tarjeta Crédito
TXN-00001411,CTA-802173,CLI-44006,2026-06-21 13:04:00,2624364.94,CRC,retiro,app_movil,PU-001,Cuenta Corriente
TXN-00001412,CTA-411327,CLI-31565,2026-06-20 12:04:00,4816865.48,CRC,retiro,atm,LI-001,Préstamo Personal
TXN-00001413,CTA-921934,CLI-31061,2026-06-22 22:03:00,2677995.95,CRC,pago,atm,LI-002,Préstamo Hipotecario
TXN-00001414,CTA-726134,CLI-36025,2026-06-18 17:02:00,2804981.3,CRC,deposito,sinpe,SJ-001,Préstamo Hipotecario
TXN-00001415,CTA-963506,CLI-51486,2026-06-07 13:57:00,3320650.63,CRC,deposito,sucursal,LI-001,Préstamo Personal
TXN-00001416,CTA-219125,CLI-98335,2026-06-07 17:05:00,4321642.44,CRC,pago,atm,LI-002,Préstamo Hipotecario
TXN-00001417,CTA-998909,CLI-26478,2026-06-01 04:00:00,4716675.4,CRC,pago,sinpe,LI-002,Cuenta Corriente
TXN-00001418,CTA-296772,CLI-65073,2026-06-02 15:51:00,3728792.0,CRC,comision,sucursal,CA-001,Préstamo Hipotecario
TXN-00001419,CTA-300444,CLI-99080,2026-06-18 04:23:00,1741079.68,CRC,comision,app_movil,CA-001,Tarjeta Crédito
TXN-00001420,CTA-421876,CLI-75809,2026-06-17 13:21:00,1510420.41,CRC,deposito,web,SJ-001,Préstamo Personal
TXN-00001421,CTA-968415,CLI-81102,2026-06-19 20:15:00,1759293.16,CRC,pago,sinpe,PU-001,Tarjeta Crédito
TXN-00001422,CTA-491246,CLI-33186,2026-06-06 03:50:00,2294659.0,CRC,comision,sinpe,AL-001,Cuenta Ahorro
TXN-00001423,CTA-986142,CLI-96455,2026-06-25 16:50:00,1908435.05,CRC,pago,atm,PU-001,Préstamo Hipotecario
TXN-00001424,CTA-208854,CLI-21749,2026-06-05 12:22:00,4029892.87,CRC,deposito,sinpe,SJ-002,Préstamo Personal
TXN-00001425,CTA-754128,CLI-81399,2026-06-05 17:14:00,3749968.45,CRC,deposito,web,LI-002,Préstamo Hipotecario
TXN-00001426,CTA-993077,CLI-65134,2026-06-27 10:51:00,3338882.97,CRC,retiro,sucursal,SJ-001,Préstamo Personal
TXN-00001427,CTA-997940,CLI-71548,2026-06-26 02:28:00,573391.02,CRC,deposito,atm,PU-001,Préstamo Personal
TXN-00001428,CTA-492842,CLI-39351,2026-06-19 19:02:00,39018.07,CRC,comision,atm,PU-001,Tarjeta Crédito
TXN-00001429,CTA-933762,CLI-64357,2026-06-30 23:27:00,1537676.04,CRC,retiro,app_movil,HE-001,Préstamo Personal
TXN-00001430,CTA-928909,CLI-59074,2026-06-02 11:41:00,132207.84,CRC,comision,sinpe,SJ-001,Tarjeta Crédito
TXN-00001431,CTA-550908,CLI-41697,2026-06-16 06:00:00,4795843.8,CRC,comision,web,AL-001,Cuenta Ahorro
TXN-00001432,CTA-940257,CLI-85740,2026-06-29 01:07:00,4142920.95,CRC,pago,sucursal,PU-001,Préstamo Personal
TXN-00001433,CTA-642404,CLI-30767,2026-06-08 21:44:00,4520952.69,CRC,pago,sucursal,PU-001,Cuenta Corriente
TXN-00001434,CTA-922378,CLI-61381,2026-06-06 17:59:00,3157573.9,CRC,transferencia,sinpe,SJ-002,Cuenta Ahorro
TXN-00001435,CTA-126885,CLI-67333,2026-06-15 16:09:00,467178.87,CRC,deposito,sinpe,CA-001,Cuenta Ahorro
TXN-00001436,CTA-126518,CLI-27111,2026-06-02 06:23:00,2859397.38,CRC,pago,atm,SJ-002,Cuenta Ahorro
TXN-00001437,CTA-661425,CLI-42145,2026-06-11 21:50:00,1485315.61,CRC,pago,atm,CA-001,Cuenta Corriente
TXN-00001438,CTA-757916,CLI-13033,2026-06-13 12:20:00,4674944.49,CRC,comision,app_movil,SJ-002,Cuenta Corriente
TXN-00001439,CTA-396183,CLI-44340,2026-06-21 21:29:00,536276.19,CRC,retiro,app_movil,SJ-002,Cuenta Corriente
TXN-00001440,CTA-318074,CLI-61222,2026-06-23 11:50:00,4563682.93,CRC,deposito,web,LI-001,Cuenta Corriente
TXN-00001441,CTA-756075,CLI-20002,2026-06-19 19:55:00,2433099.96,CRC,retiro,web,SJ-002,Préstamo Personal
TXN-00001442,CTA-288540,CLI-49158,2026-06-15 06:31:00,4042936.73,CRC,deposito,sucursal,LI-002,Préstamo Hipotecario
TXN-00001443,CTA-459462,CLI-55453,2026-06-29 17:27:00,586918.49,CRC,pago,sinpe,SJ-001,Préstamo Hipotecario
TXN-00001444,CTA-877725,CLI-43357,2026-06-25 20:54:00,792782.95,CRC,deposito,sucursal,SJ-001,Préstamo Hipotecario
TXN-00001445,CTA-897925,CLI-29968,2026-06-02 08:16:00,2590456.61,CRC,retiro,atm,SJ-001,Cuenta Corriente
TXN-00001446,CTA-330436,CLI-20937,2026-06-10 20:58:00,1638371.1,CRC,retiro,atm,SJ-001,Tarjeta Crédito
TXN-00001447,CTA-465484,CLI-82285,2026-06-22 22:00:00,4766193.58,CRC,transferencia,web,CA-001,Préstamo Personal
TXN-00001448,CTA-362241,CLI-32670,2026-06-20 20:17:00,4611818.14,CRC,retiro,atm,PU-001,Préstamo Personal
TXN-00001449,CTA-315830,CLI-73941,2026-06-05 16:23:00,829099.92,CRC,pago,web,HE-001,Préstamo Personal
TXN-00001450,CTA-753169,CLI-24097,2026-06-28 03:21:00,4079645.11,CRC,comision,web,HE-001,Préstamo Personal
TXN-00001451,CTA-763432,CLI-18423,2026-06-10 02:08:00,1870428.47,CRC,pago,sucursal,LI-001,Cuenta Corriente
TXN-00001452,CTA-407729,CLI-89152,2026-06-24 06:32:00,2934759.35,CRC,comision,atm,HE-001,Préstamo Personal
TXN-00001453,CTA-438355,CLI-66280,2026-06-02 08:42:00,900341.28,CRC,retiro,atm,SJ-002,Cuenta Ahorro
TXN-00001454,CTA-490032,CLI-29010,2026-06-04 07:20:00,3285116.1,CRC,transferencia,app_movil,CA-001,Cuenta Corriente
TXN-00001455,CTA-324156,CLI-70997,2026-06-15 11:59:00,3584296.31,CRC,comision,atm,SJ-001,Cuenta Ahorro
TXN-00001456,CTA-731035,CLI-37810,2026-06-26 13:27:00,1928568.83,CRC,comision,sucursal,SJ-002,Cuenta Corriente
TXN-00001457,CTA-946648,CLI-97994,2026-06-26 12:42:00,3581611.85,CRC,deposito,sinpe,HE-001,Préstamo Personal
TXN-00001458,CTA-307775,CLI-35837,2026-06-20 19:21:00,4067158.98,CRC,deposito,web,LI-001,Préstamo Personal
TXN-00001459,CTA-230120,CLI-69347,2026-06-03 03:06:00,2106764.99,CRC,retiro,sinpe,HE-001,Tarjeta Crédito
TXN-00001460,CTA-122301,CLI-47360,2026-06-27 21:42:00,1182873.16,CRC,deposito,sinpe,PU-001,Cuenta Corriente
TXN-00001461,CTA-522377,CLI-14850,2026-06-22 00:22:00,656159.2,CRC,comision,sinpe,HE-001,Cuenta Corriente
TXN-00001462,CTA-199740,CLI-64405,2026-06-16 08:31:00,348201.12,CRC,transferencia,atm,SJ-001,Tarjeta Crédito
TXN-00001463,CTA-912241,CLI-51048,2026-06-16 17:43:00,399756.28,CRC,pago,sinpe,PU-001,Cuenta Corriente
TXN-00001464,CTA-576663,CLI-74662,2026-06-18 21:37:00,3482588.24,CRC,deposito,atm,HE-001,Préstamo Hipotecario
TXN-00001465,CTA-965553,CLI-11362,2026-06-05 16:13:00,1120847.77,CRC,retiro,app_movil,SJ-001,Tarjeta Crédito
TXN-00001466,CTA-300445,CLI-58349,2026-06-20 19:52:00,851787.07,CRC,comision,app_movil,CA-001,Cuenta Corriente
TXN-00001467,CTA-419071,CLI-19835,2026-06-12 19:38:00,554907.18,CRC,transferencia,atm,SJ-001,Préstamo Hipotecario
TXN-00001468,CTA-244455,CLI-86474,2026-06-18 06:34:00,3493625.49,CRC,pago,app_movil,HE-001,Cuenta Ahorro
TXN-00001469,CTA-991450,CLI-64171,2026-06-15 12:47:00,3765421.1,CRC,pago,app_movil,AL-001,Préstamo Hipotecario
TXN-00001470,CTA-793390,CLI-74238,2026-06-25 00:16:00,2889845.73,CRC,transferencia,atm,CA-001,Préstamo Personal
TXN-00001471,CTA-410624,CLI-20852,2026-06-11 06:40:00,1319796.36,CRC,transferencia,sinpe,SJ-002,Cuenta Ahorro
TXN-00001472,CTA-178794,CLI-74828,2026-06-30 10:50:00,3475130.36,CRC,deposito,sucursal,CA-001,Cuenta Corriente
TXN-00001473,CTA-297045,CLI-73916,2026-06-10 20:04:00,4092738.71,CRC,deposito,atm,LI-002,Cuenta Ahorro
TXN-00001474,CTA-426972,CLI-69509,2026-06-27 21:00:00,3802679.3,CRC,retiro,sinpe,LI-001,Cuenta Corriente
TXN-00001475,CTA-504305,CLI-69301,2026-06-06 22:03:00,4583569.52,CRC,comision,sinpe,CA-001,Cuenta Ahorro
TXN-00001476,CTA-543646,CLI-31521,2026-06-19 05:07:00,344127.91,CRC,transferencia,sinpe,CA-001,Cuenta Corriente
TXN-00001477,CTA-881216,CLI-24444,2026-06-07 16:52:00,4381104.98,CRC,retiro,app_movil,LI-002,Préstamo Personal
TXN-00001478,CTA-794037,CLI-79584,2026-06-09 12:17:00,143902.66,CRC,pago,atm,HE-001,Tarjeta Crédito
TXN-00001479,CTA-322367,CLI-29742,2026-06-06 09:14:00,1772779.74,CRC,pago,sinpe,SJ-002,Préstamo Personal
TXN-00001480,CTA-385830,CLI-58467,2026-06-24 02:47:00,266732.2,CRC,deposito,app_movil,LI-001,Préstamo Personal
TXN-00001481,CTA-522253,CLI-33153,2026-06-20 05:34:00,1470735.47,CRC,comision,atm,CA-001,Préstamo Hipotecario
TXN-00001482,CTA-214488,CLI-99281,2026-06-28 15:29:00,2593573.68,CRC,deposito,sucursal,LI-002,Cuenta Corriente
TXN-00001483,CTA-137421,CLI-85396,2026-06-10 23:50:00,266635.72,CRC,transferencia,sucursal,SJ-002,Cuenta Corriente
TXN-00001484,CTA-750348,CLI-63026,2026-06-25 05:13:00,1378021.93,CRC,pago,web,SJ-002,Cuenta Corriente
TXN-00001485,CTA-279337,CLI-36683,2026-06-11 00:10:00,2476363.13,CRC,transferencia,atm,HE-001,Préstamo Hipotecario
TXN-00001486,CTA-627685,CLI-91542,2026-06-14 02:32:00,472118.59,CRC,pago,atm,SJ-001,Cuenta Ahorro
TXN-00001487,CTA-274740,CLI-34555,2026-06-08 17:56:00,3407530.98,CRC,transferencia,web,LI-001,Cuenta Ahorro
TXN-00001488,CTA-121838,CLI-33267,2026-06-01 13:54:00,2140184.82,CRC,transferencia,app_movil,LI-002,Cuenta Ahorro
TXN-00001489,CTA-711486,CLI-10131,2026-06-01 10:37:00,4847738.11,CRC,pago,sucursal,LI-001,Préstamo Personal
TXN-00001490,CTA-694822,CLI-99135,2026-06-05 23:28:00,4094813.27,CRC,transferencia,sucursal,SJ-001,Préstamo Hipotecario
TXN-00001491,CTA-912915,CLI-22308,2026-06-23 21:34:00,3775207.4,CRC,deposito,atm,AL-001,Tarjeta Crédito
TXN-00001492,CTA-672223,CLI-43730,2026-06-21 14:22:00,3674340.21,CRC,pago,atm,LI-002,Tarjeta Crédito
TXN-00001493,CTA-415761,CLI-53743,2026-06-21 21:04:00,4138919.64,CRC,comision,sinpe,SJ-001,Préstamo Personal
TXN-00001494,CTA-863589,CLI-93859,2026-06-06 03:09:00,3429235.0,CRC,deposito,sucursal,HE-001,Préstamo Personal
TXN-00001495,CTA-132405,CLI-42029,2026-06-11 00:34:00,1786614.83,CRC,comision,web,AL-001,Tarjeta Crédito
TXN-00001496,CTA-496129,CLI-93720,2026-06-10 09:20:00,970016.72,CRC,deposito,atm,SJ-002,Préstamo Hipotecario
TXN-00001497,CTA-812052,CLI-55723,2026-06-21 10:43:00,1327281.36,CRC,transferencia,web,AL-001,Préstamo Hipotecario
TXN-00001498,CTA-143096,CLI-85958,2026-06-19 23:47:00,1547307.16,CRC,comision,atm,HE-001,Préstamo Hipotecario
TXN-00001499,CTA-694188,CLI-55481,2026-06-06 14:18:00,3976869.19,CRC,transferencia,app_movil,PU-001,Cuenta Corriente
TXN-00001500,CTA-257525,CLI-78575,2026-06-23 16:57:00,2332121.04,CRC,transferencia,sinpe,AL-001,Préstamo Hipotecario
TXN-00001501,CTA-167755,CLI-48630,2026-06-08 09:36:00,2434637.16,CRC,deposito,web,HE-001,Cuenta Corriente
TXN-00001502,CTA-229431,CLI-16972,2026-06-10 21:22:00,4127527.53,CRC,pago,atm,HE-001,Cuenta Corriente
TXN-00001503,CTA-100672,CLI-16540,2026-06-20 14:01:00,3301606.32,CRC,transferencia,sucursal,LI-001,Tarjeta Crédito
TXN-00001504,CTA-847841,CLI-45477,2026-06-13 21:24:00,4768472.59,CRC,retiro,sucursal,AL-001,Préstamo Personal
TXN-00001505,CTA-133697,CLI-72020,2026-06-27 15:13:00,1454719.33,CRC,transferencia,sucursal,SJ-002,Préstamo Personal
TXN-00001506,CTA-202905,CLI-44243,2026-06-20 05:33:00,4834567.17,CRC,transferencia,sinpe,PU-001,Tarjeta Crédito
TXN-00001507,CTA-438144,CLI-85781,2026-06-08 21:17:00,3394937.13,CRC,retiro,sucursal,PU-001,Tarjeta Crédito
TXN-00001508,CTA-415686,CLI-49976,2026-06-07 04:12:00,2771864.56,CRC,deposito,atm,PU-001,Préstamo Hipotecario
TXN-00001509,CTA-494228,CLI-67264,2026-06-29 14:17:00,2729607.55,CRC,deposito,sucursal,LI-002,Préstamo Hipotecario
TXN-00001510,CTA-818445,CLI-56865,2026-06-21 02:40:00,2519572.05,CRC,pago,atm,LI-001,Préstamo Personal
TXN-00001511,CTA-583691,CLI-13627,2026-06-22 05:35:00,4807273.16,CRC,comision,app_movil,PU-001,Préstamo Personal
TXN-00001512,CTA-417078,CLI-41804,2026-06-05 00:35:00,3076427.54,CRC,comision,sinpe,AL-001,Tarjeta Crédito
TXN-00001513,CTA-986159,CLI-61466,2026-06-06 19:01:00,268626.59,CRC,retiro,web,HE-001,Cuenta Corriente
TXN-00001514,CTA-188771,CLI-17168,2026-06-22 01:30:00,4196150.99,CRC,transferencia,app_movil,LI-002,Tarjeta Crédito
TXN-00001515,CTA-692910,CLI-73106,2026-06-28 01:10:00,4109878.73,CRC,transferencia,app_movil,SJ-002,Cuenta Corriente
TXN-00001516,CTA-641342,CLI-28894,2026-06-27 14:33:00,3508161.76,CRC,comision,web,SJ-001,Cuenta Ahorro
TXN-00001517,CTA-425992,CLI-10845,2026-06-11 04:10:00,1505160.15,CRC,pago,sinpe,AL-001,Cuenta Ahorro
TXN-00001518,CTA-733120,CLI-25864,2026-06-06 05:17:00,1178.52,CRC,comision,app_movil,SJ-002,Cuenta Ahorro
TXN-00001519,CTA-973176,CLI-76296,2026-06-10 07:08:00,2369238.27,CRC,pago,web,SJ-002,Cuenta Corriente
TXN-00001520,CTA-292984,CLI-40792,2026-06-06 13:03:00,2023382.12,CRC,comision,atm,HE-001,Préstamo Hipotecario
TXN-00001521,CTA-767101,CLI-12838,2026-06-20 23:38:00,2162336.14,CRC,retiro,sucursal,SJ-002,Cuenta Ahorro
TXN-00001522,CTA-404124,CLI-47938,2026-06-08 18:31:00,2381315.84,CRC,deposito,sinpe,CA-001,Préstamo Personal
TXN-00001523,CTA-831541,CLI-24068,2026-06-17 17:13:00,1956554.91,CRC,pago,web,HE-001,Préstamo Personal
TXN-00001524,CTA-225961,CLI-83952,2026-06-07 17:50:00,1417827.68,CRC,pago,app_movil,SJ-001,Préstamo Hipotecario
TXN-00001525,CTA-789115,CLI-91248,2026-06-14 18:41:00,3225899.83,CRC,pago,app_movil,SJ-001,Tarjeta Crédito
TXN-00001526,CTA-580614,CLI-46294,2026-06-07 08:09:00,4412238.52,CRC,deposito,sucursal,LI-002,Tarjeta Crédito
TXN-00001527,CTA-840530,CLI-78820,2026-06-23 18:49:00,1744821.57,CRC,pago,sinpe,CA-001,Cuenta Corriente
TXN-00001528,CTA-854145,CLI-83812,2026-06-08 22:35:00,1759983.15,CRC,transferencia,web,AL-001,Cuenta Ahorro
TXN-00001529,CTA-171523,CLI-94559,2026-06-13 16:01:00,4617461.21,CRC,pago,web,HE-001,Préstamo Personal
TXN-00001530,CTA-631607,CLI-96364,2026-06-28 13:44:00,2880618.73,CRC,comision,atm,AL-001,Cuenta Ahorro
TXN-00001531,CTA-970198,CLI-62923,2026-06-15 17:58:00,2922881.63,CRC,deposito,app_movil,LI-001,Cuenta Corriente
TXN-00001532,CTA-211380,CLI-75461,2026-06-08 05:51:00,483605.67,CRC,pago,atm,CA-001,Cuenta Ahorro
TXN-00001533,CTA-282450,CLI-60342,2026-06-11 18:26:00,4499071.75,CRC,pago,app_movil,SJ-002,Cuenta Corriente
TXN-00001534,CTA-987936,CLI-19552,2026-06-28 20:21:00,573254.44,CRC,pago,atm,HE-001,Préstamo Hipotecario
TXN-00001535,CTA-436759,CLI-24111,2026-06-29 17:32:00,4617830.68,CRC,pago,web,SJ-001,Cuenta Ahorro
TXN-00001536,CTA-614958,CLI-67345,2026-06-30 00:12:00,979394.02,CRC,transferencia,sucursal,CA-001,Cuenta Ahorro
TXN-00001537,CTA-947954,CLI-35204,2026-06-08 09:02:00,4069374.87,CRC,deposito,sinpe,PU-001,Cuenta Corriente
TXN-00001538,CTA-949355,CLI-28423,2026-06-29 15:09:00,1018494.51,CRC,deposito,atm,SJ-002,Préstamo Personal
TXN-00001539,CTA-815507,CLI-94178,2026-06-26 20:43:00,1704215.85,CRC,comision,web,SJ-002,Cuenta Ahorro
TXN-00001540,CTA-473801,CLI-91065,2026-06-10 10:37:00,2504750.58,CRC,comision,sucursal,LI-002,Cuenta Corriente
TXN-00001541,CTA-174310,CLI-84599,2026-06-20 23:22:00,3127728.03,CRC,deposito,sucursal,PU-001,Préstamo Hipotecario
TXN-00001542,CTA-341773,CLI-16747,2026-06-14 13:44:00,590519.55,CRC,comision,sinpe,SJ-002,Tarjeta Crédito
TXN-00001543,CTA-403978,CLI-42949,2026-06-02 00:37:00,4106817.7,CRC,pago,atm,CA-001,Cuenta Corriente
TXN-00001544,CTA-703304,CLI-41640,2026-06-08 04:25:00,374810.84,CRC,comision,sinpe,HE-001,Préstamo Hipotecario
TXN-00001545,CTA-672461,CLI-24532,2026-06-15 05:02:00,3093605.93,CRC,comision,web,PU-001,Tarjeta Crédito
TXN-00001546,CTA-541875,CLI-44194,2026-06-30 17:30:00,162341.35,CRC,retiro,atm,SJ-001,Cuenta Corriente
TXN-00001547,CTA-869521,CLI-53202,2026-06-07 08:08:00,2735889.65,CRC,deposito,sucursal,CA-001,Préstamo Personal
TXN-00001548,CTA-174200,CLI-64557,2026-06-04 07:38:00,1729882.02,CRC,comision,sinpe,SJ-001,Cuenta Corriente
TXN-00001549,CTA-383648,CLI-15471,2026-06-26 02:18:00,4733056.78,CRC,deposito,app_movil,LI-002,Préstamo Personal
TXN-00001550,CTA-552476,CLI-72599,2026-06-24 02:26:00,3252034.51,CRC,transferencia,sucursal,CA-001,Cuenta Corriente
TXN-00001551,CTA-950775,CLI-35712,2026-06-03 12:27:00,3868292.6,CRC,comision,sinpe,SJ-001,Préstamo Personal
TXN-00001552,CTA-902875,CLI-59444,2026-06-01 19:45:00,261649.95,CRC,retiro,web,LI-002,Préstamo Personal
TXN-00001553,CTA-223724,CLI-90694,2026-06-26 00:14:00,578800.41,CRC,transferencia,atm,AL-001,Cuenta Ahorro
TXN-00001554,CTA-349739,CLI-40413,2026-06-16 14:47:00,4590424.87,CRC,deposito,sinpe,PU-001,Cuenta Corriente
TXN-00001555,CTA-946971,CLI-80283,2026-06-11 08:04:00,3737630.97,CRC,comision,app_movil,PU-001,Cuenta Corriente
TXN-00001556,CTA-232871,CLI-67482,2026-06-12 08:58:00,383981.77,CRC,retiro,atm,SJ-001,Cuenta Corriente
TXN-00001557,CTA-356108,CLI-48327,2026-06-15 07:06:00,3012477.65,CRC,retiro,sinpe,LI-001,Préstamo Personal
TXN-00001558,CTA-180088,CLI-42794,2026-06-22 18:52:00,3283294.83,CRC,comision,sucursal,SJ-002,Préstamo Personal
TXN-00001559,CTA-417423,CLI-58094,2026-06-17 05:53:00,2218265.65,CRC,comision,atm,CA-001,Cuenta Ahorro
TXN-00001560,CTA-667719,CLI-75987,2026-06-24 23:27:00,1594975.89,CRC,deposito,app_movil,HE-001,Tarjeta Crédito
TXN-00001561,CTA-313442,CLI-27974,2026-06-19 16:44:00,1399639.44,CRC,comision,sucursal,LI-002,Tarjeta Crédito
TXN-00001562,CTA-860124,CLI-28607,2026-06-26 03:59:00,614617.5,CRC,deposito,sucursal,CA-001,Préstamo Personal
TXN-00001563,CTA-122323,CLI-75392,2026-06-30 13:52:00,4765271.79,CRC,deposito,atm,LI-002,Tarjeta Crédito
TXN-00001564,CTA-188597,CLI-17827,2026-06-27 18:30:00,1502763.82,CRC,transferencia,sinpe,PU-001,Préstamo Personal
TXN-00001565,CTA-503348,CLI-68198,2026-06-23 13:03:00,4314001.28,CRC,deposito,sucursal,SJ-001,Cuenta Ahorro
TXN-00001566,CTA-658358,CLI-16849,2026-06-18 06:19:00,3299968.55,CRC,transferencia,app_movil,AL-001,Préstamo Hipotecario
TXN-00001567,CTA-891127,CLI-54068,2026-06-16 19:53:00,4550359.96,CRC,transferencia,sinpe,SJ-001,Cuenta Ahorro
TXN-00001568,CTA-751721,CLI-66895,2026-06-02 05:52:00,3629205.63,CRC,pago,app_movil,LI-001,Cuenta Corriente
TXN-00001569,CTA-810902,CLI-47672,2026-06-26 04:20:00,4762415.49,CRC,comision,web,PU-001,Préstamo Personal
TXN-00001570,CTA-499812,CLI-71254,2026-06-27 01:26:00,813581.8,CRC,retiro,sucursal,HE-001,Cuenta Corriente
TXN-00001571,CTA-362073,CLI-81146,2026-06-13 18:35:00,428598.8,CRC,transferencia,atm,HE-001,Préstamo Hipotecario
TXN-00001572,CTA-479264,CLI-45225,2026-06-18 23:00:00,3078120.7,CRC,transferencia,sinpe,SJ-001,Cuenta Corriente
TXN-00001573,CTA-436581,CLI-44670,2026-06-06 15:46:00,2842636.94,CRC,retiro,web,HE-001,Préstamo Personal
TXN-00001574,CTA-138801,CLI-57018,2026-06-01 18:51:00,45344.64,CRC,pago,sinpe,LI-002,Cuenta Ahorro
TXN-00001575,CTA-183410,CLI-46234,2026-06-19 14:18:00,2898272.04,CRC,comision,sinpe,SJ-001,Tarjeta Crédito
TXN-00001576,CTA-903184,CLI-46194,2026-06-03 21:57:00,899839.75,CRC,transferencia,web,LI-002,Cuenta Ahorro
TXN-00001577,CTA-747966,CLI-95980,2026-06-11 08:24:00,735362.03,CRC,deposito,sucursal,AL-001,Cuenta Corriente
TXN-00001578,CTA-631333,CLI-67712,2026-06-30 18:59:00,922093.21,CRC,comision,atm,SJ-001,Cuenta Corriente
TXN-00001579,CTA-849259,CLI-43954,2026-06-26 04:28:00,305003.53,CRC,transferencia,app_movil,CA-001,Tarjeta Crédito
TXN-00001580,CTA-466718,CLI-24308,2026-06-25 14:18:00,3003293.62,CRC,deposito,sinpe,SJ-001,Préstamo Personal
TXN-00001581,CTA-441614,CLI-84758,2026-06-06 03:37:00,1185656.58,CRC,transferencia,web,SJ-002,Cuenta Corriente
TXN-00001582,CTA-250029,CLI-13236,2026-06-30 05:06:00,4379389.84,CRC,transferencia,sinpe,PU-001,Tarjeta Crédito
TXN-00001583,CTA-492917,CLI-71693,2026-06-16 05:53:00,4487063.74,CRC,transferencia,sinpe,PU-001,Cuenta Corriente
TXN-00001584,CTA-257352,CLI-87493,2026-06-08 07:06:00,224008.27,CRC,deposito,app_movil,LI-001,Préstamo Hipotecario
TXN-00001585,CTA-918805,CLI-76608,2026-06-10 14:59:00,2554469.92,CRC,comision,atm,LI-001,Cuenta Ahorro
TXN-00001586,CTA-257364,CLI-59950,2026-06-18 05:47:00,3285639.6,CRC,deposito,app_movil,SJ-001,Cuenta Ahorro
TXN-00001587,CTA-227131,CLI-79174,2026-06-26 17:34:00,2695297.95,CRC,deposito,sinpe,PU-001,Préstamo Personal
TXN-00001588,CTA-304497,CLI-85398,2026-06-24 20:50:00,1585379.84,CRC,transferencia,sucursal,LI-002,Tarjeta Crédito
TXN-00001589,CTA-430108,CLI-25127,2026-06-12 01:30:00,1155222.62,CRC,retiro,web,LI-001,Préstamo Personal
TXN-00001590,CTA-630205,CLI-20019,2026-06-17 11:16:00,1760571.06,CRC,transferencia,web,SJ-002,Préstamo Hipotecario
TXN-00001591,CTA-340924,CLI-84624,2026-06-11 11:36:00,3931734.4,CRC,retiro,sinpe,LI-002,Cuenta Ahorro
TXN-00001592,CTA-934515,CLI-47602,2026-06-19 13:13:00,3028122.78,CRC,transferencia,atm,AL-001,Cuenta Corriente
TXN-00001593,CTA-255607,CLI-85499,2026-06-04 17:01:00,2105691.93,CRC,pago,sucursal,PU-001,Cuenta Ahorro
TXN-00001594,CTA-538960,CLI-44521,2026-06-21 15:57:00,834687.95,CRC,comision,web,SJ-001,Cuenta Corriente
TXN-00001595,CTA-125093,CLI-31880,2026-06-06 18:03:00,4169458.94,CRC,deposito,sucursal,SJ-001,Préstamo Hipotecario
TXN-00001596,CTA-471581,CLI-26705,2026-06-25 02:08:00,4521397.7,CRC,pago,sinpe,PU-001,Cuenta Ahorro
TXN-00001597,CTA-964776,CLI-54124,2026-06-14 08:27:00,1684704.66,CRC,comision,sinpe,SJ-002,Préstamo Hipotecario
TXN-00001598,CTA-472200,CLI-68837,2026-06-05 21:42:00,369688.96,CRC,pago,web,SJ-001,Préstamo Personal
TXN-00001599,CTA-869070,CLI-34045,2026-06-14 03:58:00,3500868.35,CRC,comision,sinpe,LI-002,Cuenta Corriente
TXN-00001600,CTA-487840,CLI-98330,2026-06-07 22:18:00,2968172.88,CRC,pago,web,SJ-001,Tarjeta Crédito
TXN-00001601,CTA-716647,CLI-46608,2026-06-20 23:03:00,2543827.29,CRC,deposito,sucursal,AL-001,Tarjeta Crédito
TXN-00001602,CTA-642824,CLI-78838,2026-06-23 10:48:00,242391.45,CRC,comision,sinpe,LI-001,Préstamo Personal
TXN-00001603,CTA-894086,CLI-33385,2026-06-13 23:34:00,1920954.66,CRC,retiro,app_movil,LI-001,Cuenta Ahorro
TXN-00001604,CTA-745374,CLI-51204,2026-06-20 14:15:00,2876113.98,CRC,deposito,atm,HE-001,Tarjeta Crédito
TXN-00001605,CTA-610274,CLI-67529,2026-06-08 12:52:00,1439927.97,CRC,retiro,sucursal,SJ-002,Tarjeta Crédito
TXN-00001606,CTA-798806,CLI-46520,2026-06-12 19:21:00,4622654.75,CRC,retiro,app_movil,SJ-002,Cuenta Ahorro
TXN-00001607,CTA-141675,CLI-80756,2026-06-26 03:06:00,137723.27,CRC,comision,sucursal,AL-001,Cuenta Corriente
TXN-00001608,CTA-395528,CLI-84863,2026-06-23 05:25:00,1848333.25,CRC,pago,web,SJ-001,Préstamo Hipotecario
TXN-00001609,CTA-214939,CLI-25720,2026-06-06 17:49:00,1475412.96,CRC,pago,web,LI-002,Préstamo Personal
TXN-00001610,CTA-391979,CLI-97649,2026-06-12 23:19:00,4322649.25,CRC,deposito,atm,SJ-002,Cuenta Corriente
TXN-00001611,CTA-631691,CLI-53953,2026-06-11 02:57:00,1636251.46,CRC,transferencia,web,SJ-002,Préstamo Hipotecario
TXN-00001612,CTA-140220,CLI-66803,2026-06-04 08:55:00,4461470.27,CRC,deposito,sinpe,LI-001,Tarjeta Crédito
TXN-00001613,CTA-757756,CLI-11044,2026-06-09 15:57:00,4745963.54,CRC,retiro,sucursal,SJ-001,Préstamo Hipotecario
TXN-00001614,CTA-378172,CLI-71618,2026-06-18 02:55:00,3367064.81,CRC,retiro,web,CA-001,Cuenta Ahorro
TXN-00001615,CTA-765607,CLI-21627,2026-06-23 14:33:00,659827.85,CRC,comision,sucursal,HE-001,Cuenta Corriente
TXN-00001616,CTA-740907,CLI-37334,2026-06-20 18:23:00,2453965.07,CRC,retiro,app_movil,SJ-002,Préstamo Personal
TXN-00001617,CTA-346117,CLI-93586,2026-06-12 23:20:00,3155500.89,CRC,transferencia,web,PU-001,Préstamo Hipotecario
TXN-00001618,CTA-981529,CLI-40394,2026-06-30 21:33:00,4389570.36,CRC,transferencia,web,AL-001,Préstamo Personal
TXN-00001619,CTA-669810,CLI-73040,2026-06-29 16:09:00,2989612.69,CRC,transferencia,app_movil,PU-001,Cuenta Ahorro
TXN-00001620,CTA-568894,CLI-52650,2026-06-06 02:44:00,2098550.54,CRC,retiro,web,HE-001,Cuenta Corriente
TXN-00001621,CTA-792702,CLI-24881,2026-06-09 00:27:00,4781621.32,CRC,transferencia,web,LI-002,Cuenta Ahorro
TXN-00001622,CTA-820604,CLI-40783,2026-06-23 00:22:00,3005692.9,CRC,deposito,atm,LI-002,Tarjeta Crédito
TXN-00001623,CTA-920854,CLI-63609,2026-06-24 02:18:00,4449163.26,CRC,deposito,sinpe,CA-001,Tarjeta Crédito
TXN-00001624,CTA-948330,CLI-67927,2026-06-12 21:44:00,2056734.19,CRC,pago,web,LI-001,Tarjeta Crédito
TXN-00001625,CTA-329583,CLI-54543,2026-06-03 11:40:00,2428041.46,CRC,deposito,atm,HE-001,Préstamo Personal
TXN-00001626,CTA-274624,CLI-80256,2026-06-19 15:37:00,2862955.98,CRC,retiro,app_movil,CA-001,Préstamo Hipotecario
TXN-00001627,CTA-665987,CLI-12610,2026-06-28 19:06:00,646947.46,CRC,deposito,web,LI-001,Cuenta Corriente
TXN-00001628,CTA-679751,CLI-18318,2026-06-16 04:02:00,3834443.41,CRC,deposito,sinpe,LI-001,Cuenta Ahorro
TXN-00001629,CTA-978862,CLI-80215,2026-06-17 11:30:00,4926101.27,CRC,pago,sucursal,CA-001,Tarjeta Crédito
TXN-00001630,CTA-326088,CLI-82476,2026-06-08 08:17:00,1658179.06,CRC,retiro,app_movil,LI-001,Cuenta Corriente
TXN-00001631,CTA-929783,CLI-73556,2026-06-01 21:52:00,2507995.1,CRC,deposito,sucursal,SJ-002,Tarjeta Crédito
TXN-00001632,CTA-909932,CLI-42415,2026-06-14 17:16:00,1150796.19,CRC,deposito,atm,SJ-001,Cuenta Corriente
TXN-00001633,CTA-876497,CLI-45389,2026-06-18 04:43:00,656834.75,CRC,deposito,app_movil,PU-001,Cuenta Corriente
TXN-00001634,CTA-878727,CLI-81001,2026-06-23 23:03:00,101750.74,CRC,comision,sucursal,PU-001,Cuenta Corriente
TXN-00001635,CTA-735113,CLI-50919,2026-06-27 18:27:00,972226.12,CRC,transferencia,web,PU-001,Préstamo Hipotecario
TXN-00001636,CTA-312511,CLI-23065,2026-06-02 01:35:00,1370974.65,CRC,transferencia,sinpe,HE-001,Préstamo Personal
TXN-00001637,CTA-333049,CLI-63258,2026-06-18 03:19:00,2148243.32,CRC,comision,atm,HE-001,Préstamo Personal
TXN-00001638,CTA-621178,CLI-61595,2026-06-13 22:39:00,1912659.27,CRC,transferencia,sinpe,CA-001,Cuenta Corriente
TXN-00001639,CTA-126101,CLI-62081,2026-06-21 13:59:00,2889819.56,CRC,retiro,web,CA-001,Tarjeta Crédito
TXN-00001640,CTA-448583,CLI-28844,2026-06-22 16:47:00,3214450.01,CRC,deposito,app_movil,SJ-002,Préstamo Hipotecario
TXN-00001641,CTA-613604,CLI-87779,2026-06-08 16:52:00,4324273.74,CRC,retiro,app_movil,CA-001,Cuenta Ahorro
TXN-00001642,CTA-980436,CLI-84270,2026-06-19 08:23:00,2617504.94,CRC,retiro,app_movil,LI-002,Préstamo Personal
TXN-00001643,CTA-454280,CLI-29741,2026-06-12 11:16:00,1557963.33,CRC,deposito,atm,PU-001,Préstamo Hipotecario
TXN-00001644,CTA-381170,CLI-37423,2026-06-28 05:58:00,4357268.15,CRC,comision,web,PU-001,Préstamo Hipotecario
TXN-00001645,CTA-347190,CLI-52183,2026-06-23 17:55:00,4797416.94,CRC,pago,web,LI-001,Préstamo Hipotecario
TXN-00001646,CTA-546380,CLI-20158,2026-06-26 05:59:00,4606230.73,CRC,pago,sucursal,SJ-002,Cuenta Corriente
TXN-00001647,CTA-558858,CLI-24898,2026-06-08 09:02:00,831818.67,CRC,deposito,web,SJ-002,Préstamo Personal
TXN-00001648,CTA-673660,CLI-64807,2026-06-08 18:28:00,700187.08,CRC,pago,app_movil,LI-002,Tarjeta Crédito
TXN-00001649,CTA-854914,CLI-98694,2026-06-06 08:25:00,4978725.82,CRC,transferencia,sinpe,PU-001,Tarjeta Crédito
TXN-00001650,CTA-274006,CLI-28548,2026-06-28 23:51:00,2819488.11,CRC,transferencia,sinpe,LI-001,Cuenta Ahorro
TXN-00001651,CTA-363443,CLI-71880,2026-06-28 22:39:00,2597379.54,CRC,pago,sucursal,LI-001,Tarjeta Crédito
TXN-00001652,CTA-969697,CLI-72111,2026-06-07 03:49:00,2622367.89,CRC,deposito,atm,AL-001,Préstamo Personal
TXN-00001653,CTA-105874,CLI-50873,2026-06-09 03:45:00,2352996.69,CRC,retiro,sucursal,AL-001,Cuenta Corriente
TXN-00001654,CTA-164076,CLI-91916,2026-06-25 11:20:00,1655844.62,CRC,pago,sinpe,LI-002,Cuenta Ahorro
TXN-00001655,CTA-337009,CLI-55214,2026-06-04 00:55:00,3182081.3,CRC,deposito,sucursal,LI-001,Tarjeta Crédito
TXN-00001656,CTA-420602,CLI-58139,2026-06-13 22:24:00,2922757.46,CRC,comision,web,PU-001,Tarjeta Crédito
TXN-00001657,CTA-259825,CLI-23497,2026-06-26 12:53:00,388303.15,CRC,retiro,atm,CA-001,Cuenta Ahorro
TXN-00001658,CTA-647689,CLI-86980,2026-06-12 23:11:00,634393.74,CRC,pago,atm,SJ-002,Préstamo Hipotecario
TXN-00001659,CTA-873078,CLI-90725,2026-06-27 22:48:00,4833327.79,CRC,pago,sucursal,HE-001,Cuenta Ahorro
TXN-00001660,CTA-195775,CLI-90599,2026-06-01 02:55:00,4945447.04,CRC,retiro,sucursal,CA-001,Cuenta Ahorro
TXN-00001661,CTA-154724,CLI-27953,2026-06-22 15:20:00,1617366.04,CRC,comision,web,SJ-001,Préstamo Personal
TXN-00001662,CTA-896925,CLI-25374,2026-06-22 11:12:00,1513489.05,CRC,retiro,sinpe,LI-001,Préstamo Personal
TXN-00001663,CTA-472235,CLI-50863,2026-06-18 04:07:00,3531516.71,CRC,comision,atm,PU-001,Préstamo Hipotecario
TXN-00001664,CTA-764555,CLI-46403,2026-06-04 13:24:00,4776845.26,CRC,retiro,web,CA-001,Préstamo Hipotecario
TXN-00001665,CTA-362709,CLI-99832,2026-06-21 02:23:00,3475803.67,CRC,deposito,sinpe,LI-002,Préstamo Personal
TXN-00001666,CTA-483450,CLI-71089,2026-06-30 16:15:00,890884.03,CRC,transferencia,web,LI-001,Cuenta Ahorro
TXN-00001667,CTA-287700,CLI-11398,2026-06-29 01:54:00,1912904.62,CRC,retiro,web,CA-001,Tarjeta Crédito
TXN-00001668,CTA-425468,CLI-53050,2026-06-24 22:32:00,29067.08,CRC,deposito,atm,CA-001,Tarjeta Crédito
TXN-00001669,CTA-135156,CLI-94832,2026-06-23 21:11:00,3034265.3,CRC,transferencia,web,SJ-001,Préstamo Personal
TXN-00001670,CTA-160006,CLI-84996,2026-06-02 23:58:00,1371594.98,CRC,deposito,web,HE-001,Préstamo Hipotecario
TXN-00001671,CTA-596446,CLI-94875,2026-06-29 18:34:00,2452012.13,CRC,comision,app_movil,LI-002,Cuenta Corriente
TXN-00001672,CTA-847960,CLI-30079,2026-06-17 19:37:00,3064989.54,CRC,retiro,sucursal,SJ-001,Cuenta Corriente
TXN-00001673,CTA-768444,CLI-18169,2026-06-20 02:17:00,281183.92,CRC,transferencia,app_movil,SJ-002,Préstamo Hipotecario
TXN-00001674,CTA-873276,CLI-12185,2026-06-13 15:04:00,3275871.01,CRC,transferencia,atm,CA-001,Cuenta Ahorro
TXN-00001675,CTA-796773,CLI-62844,2026-06-27 16:59:00,2582185.91,CRC,pago,app_movil,LI-001,Cuenta Corriente
TXN-00001676,CTA-188047,CLI-32621,2026-06-09 18:44:00,3645056.38,CRC,pago,app_movil,AL-001,Tarjeta Crédito
TXN-00001677,CTA-529131,CLI-32671,2026-06-28 16:40:00,3443894.81,CRC,deposito,atm,CA-001,Tarjeta Crédito
TXN-00001678,CTA-588900,CLI-84471,2026-06-26 12:16:00,589455.14,CRC,deposito,sinpe,LI-001,Préstamo Personal
TXN-00001679,CTA-291366,CLI-21326,2026-06-05 00:17:00,4590137.45,CRC,retiro,atm,SJ-002,Préstamo Hipotecario
TXN-00001680,CTA-927050,CLI-11368,2026-06-29 12:26:00,3833846.12,CRC,retiro,atm,SJ-001,Préstamo Personal
TXN-00001681,CTA-813965,CLI-94189,2026-06-04 16:46:00,1539603.82,CRC,retiro,sucursal,CA-001,Tarjeta Crédito
TXN-00001682,CTA-286650,CLI-46564,2026-06-03 10:15:00,3529863.9,CRC,retiro,sinpe,PU-001,Tarjeta Crédito
TXN-00001683,CTA-386050,CLI-36112,2026-06-19 20:10:00,4176541.04,CRC,retiro,atm,CA-001,Tarjeta Crédito
TXN-00001684,CTA-472405,CLI-85850,2026-06-21 00:09:00,462967.88,CRC,transferencia,atm,HE-001,Préstamo Hipotecario
TXN-00001685,CTA-975271,CLI-86706,2026-06-21 11:09:00,184618.74,CRC,pago,sucursal,AL-001,Préstamo Hipotecario
TXN-00001686,CTA-554928,CLI-55471,2026-06-26 21:11:00,4968784.43,CRC,transferencia,sucursal,CA-001,Tarjeta Crédito
TXN-00001687,CTA-910978,CLI-37619,2026-06-23 22:14:00,454696.74,CRC,transferencia,sucursal,HE-001,Préstamo Personal
TXN-00001688,CTA-642145,CLI-96288,2026-06-12 20:54:00,4609674.96,CRC,retiro,web,SJ-001,Cuenta Ahorro
TXN-00001689,CTA-496267,CLI-96285,2026-06-22 06:21:00,1862041.46,CRC,comision,app_movil,LI-001,Tarjeta Crédito
TXN-00001690,CTA-108281,CLI-30807,2026-06-05 18:15:00,4346776.18,CRC,pago,web,LI-001,Tarjeta Crédito
TXN-00001691,CTA-475394,CLI-50144,2026-06-16 07:44:00,936370.48,CRC,retiro,web,SJ-002,Préstamo Hipotecario
TXN-00001692,CTA-746564,CLI-69827,2026-06-09 11:20:00,2195604.55,CRC,comision,sinpe,SJ-001,Préstamo Personal
TXN-00001693,CTA-364843,CLI-58918,2026-06-19 04:10:00,4170647.96,CRC,comision,atm,LI-002,Préstamo Personal
TXN-00001694,CTA-345684,CLI-76448,2026-06-19 06:09:00,201604.71,CRC,deposito,web,HE-001,Préstamo Personal
TXN-00001695,CTA-271993,CLI-77135,2026-06-13 06:12:00,2965787.18,CRC,retiro,atm,PU-001,Préstamo Hipotecario
TXN-00001696,CTA-695578,CLI-28290,2026-06-24 20:26:00,4757517.91,CRC,retiro,atm,CA-001,Cuenta Corriente
TXN-00001697,CTA-248332,CLI-55364,2026-06-05 02:44:00,3964524.35,CRC,pago,web,HE-001,Cuenta Ahorro
TXN-00001698,CTA-310141,CLI-32553,2026-06-21 23:05:00,3293384.4,CRC,transferencia,atm,SJ-001,Cuenta Corriente
TXN-00001699,CTA-557754,CLI-21818,2026-06-09 09:37:00,4288953.22,CRC,retiro,sucursal,CA-001,Préstamo Hipotecario
TXN-00001700,CTA-461456,CLI-23095,2026-06-18 00:47:00,2387243.1,CRC,pago,sinpe,SJ-001,Préstamo Personal
TXN-00001701,CTA-971730,CLI-70749,2026-06-10 16:05:00,3342515.82,CRC,retiro,app_movil,LI-002,Préstamo Personal
TXN-00001702,CTA-240012,CLI-62413,2026-06-06 20:21:00,3815458.44,CRC,transferencia,atm,LI-001,Préstamo Personal
TXN-00001703,CTA-463716,CLI-74003,2026-06-28 04:00:00,2671041.75,CRC,comision,app_movil,PU-001,Cuenta Ahorro
TXN-00001704,CTA-487063,CLI-57484,2026-06-28 16:40:00,3839451.79,CRC,transferencia,sinpe,AL-001,Cuenta Corriente
TXN-00001705,CTA-776936,CLI-40156,2026-06-28 18:54:00,4573015.42,CRC,retiro,web,PU-001,Cuenta Ahorro
TXN-00001706,CTA-197360,CLI-54510,2026-06-03 00:19:00,1510387.66,CRC,pago,sucursal,CA-001,Préstamo Personal
TXN-00001707,CTA-808074,CLI-73000,2026-06-07 20:39:00,1556149.28,CRC,deposito,atm,HE-001,Préstamo Personal
TXN-00001708,CTA-642479,CLI-23950,2026-06-09 04:04:00,1991682.49,CRC,pago,app_movil,AL-001,Tarjeta Crédito
TXN-00001709,CTA-112818,CLI-31087,2026-06-05 14:45:00,4017947.73,CRC,transferencia,sucursal,PU-001,Préstamo Hipotecario
TXN-00001710,CTA-112151,CLI-73719,2026-06-24 01:44:00,3431806.95,CRC,pago,web,PU-001,Cuenta Corriente
TXN-00001711,CTA-764920,CLI-25198,2026-06-14 18:54:00,1293986.6,CRC,comision,web,PU-001,Préstamo Hipotecario
TXN-00001712,CTA-985174,CLI-80126,2026-06-17 23:13:00,3560405.36,CRC,transferencia,app_movil,LI-002,Cuenta Ahorro
TXN-00001713,CTA-183895,CLI-29711,2026-06-20 07:11:00,4351701.17,CRC,deposito,atm,PU-001,Préstamo Hipotecario
TXN-00001714,CTA-744371,CLI-69636,2026-06-12 17:37:00,2574966.54,CRC,pago,app_movil,CA-001,Préstamo Personal
TXN-00001715,CTA-613405,CLI-70325,2026-06-13 19:42:00,608635.68,CRC,transferencia,app_movil,SJ-001,Préstamo Hipotecario
TXN-00001716,CTA-807784,CLI-48816,2026-06-17 19:22:00,2129086.98,CRC,deposito,sinpe,HE-001,Tarjeta Crédito
TXN-00001717,CTA-118369,CLI-68559,2026-06-09 03:13:00,1785069.92,CRC,transferencia,atm,HE-001,Cuenta Corriente
TXN-00001718,CTA-138390,CLI-79634,2026-06-28 02:44:00,1786865.17,CRC,pago,sucursal,SJ-002,Cuenta Ahorro
TXN-00001719,CTA-251670,CLI-92958,2026-06-04 19:48:00,631147.08,CRC,pago,web,SJ-002,Tarjeta Crédito
TXN-00001720,CTA-355958,CLI-78623,2026-06-16 17:15:00,3445270.81,CRC,comision,web,LI-002,Cuenta Corriente
TXN-00001721,CTA-253878,CLI-89869,2026-06-04 11:35:00,1864603.85,CRC,deposito,web,LI-001,Préstamo Hipotecario
TXN-00001722,CTA-885663,CLI-49581,2026-06-04 14:01:00,4637275.32,CRC,pago,web,LI-001,Cuenta Corriente
TXN-00001723,CTA-878761,CLI-20391,2026-06-09 08:54:00,3608248.2,CRC,pago,app_movil,HE-001,Cuenta Ahorro
TXN-00001724,CTA-745483,CLI-77376,2026-06-26 23:34:00,4974597.12,CRC,comision,sucursal,HE-001,Cuenta Corriente
TXN-00001725,CTA-558170,CLI-46016,2026-06-18 00:45:00,1076831.12,CRC,retiro,atm,LI-002,Préstamo Hipotecario
TXN-00001726,CTA-811152,CLI-47344,2026-06-03 01:57:00,4548822.3,CRC,transferencia,app_movil,PU-001,Préstamo Personal
TXN-00001727,CTA-789137,CLI-27008,2026-06-10 10:14:00,3910470.83,CRC,transferencia,atm,SJ-001,Préstamo Personal
TXN-00001728,CTA-335745,CLI-12368,2026-06-28 06:21:00,486641.34,CRC,transferencia,sucursal,LI-001,Cuenta Corriente
TXN-00001729,CTA-738914,CLI-70377,2026-06-28 19:47:00,3641091.69,CRC,comision,web,HE-001,Préstamo Hipotecario
TXN-00001730,CTA-684745,CLI-11647,2026-06-15 23:05:00,2378538.83,CRC,transferencia,atm,PU-001,Tarjeta Crédito
TXN-00001731,CTA-995857,CLI-75401,2026-06-16 18:19:00,759741.36,CRC,retiro,sinpe,LI-002,Cuenta Ahorro
TXN-00001732,CTA-792792,CLI-84883,2026-06-18 18:03:00,2015288.18,CRC,deposito,web,HE-001,Préstamo Hipotecario
TXN-00001733,CTA-655317,CLI-58390,2026-06-16 17:09:00,1038548.46,CRC,transferencia,atm,SJ-002,Tarjeta Crédito
TXN-00001734,CTA-755216,CLI-86668,2026-06-21 13:09:00,148793.28,CRC,retiro,sinpe,LI-002,Tarjeta Crédito
TXN-00001735,CTA-902097,CLI-13068,2026-06-26 17:00:00,2077549.58,CRC,transferencia,sinpe,PU-001,Préstamo Personal
TXN-00001736,CTA-238094,CLI-59601,2026-06-11 16:22:00,4605960.23,CRC,comision,app_movil,PU-001,Cuenta Corriente
TXN-00001737,CTA-216006,CLI-84808,2026-06-19 00:15:00,1057314.55,CRC,transferencia,sucursal,CA-001,Cuenta Ahorro
TXN-00001738,CTA-328330,CLI-64811,2026-06-19 06:07:00,1760771.08,CRC,comision,atm,PU-001,Tarjeta Crédito
TXN-00001739,CTA-820208,CLI-92984,2026-06-17 12:41:00,3321508.65,CRC,transferencia,sinpe,SJ-002,Préstamo Hipotecario
TXN-00001740,CTA-523589,CLI-74858,2026-06-25 05:38:00,1126270.96,CRC,pago,atm,PU-001,Préstamo Personal
TXN-00001741,CTA-103499,CLI-79817,2026-06-08 03:27:00,2000871.75,CRC,transferencia,web,AL-001,Cuenta Ahorro
TXN-00001742,CTA-538409,CLI-64823,2026-06-05 11:23:00,2901208.99,CRC,pago,sucursal,PU-001,Cuenta Corriente
TXN-00001743,CTA-750033,CLI-75976,2026-06-29 03:58:00,693721.64,CRC,deposito,sinpe,CA-001,Préstamo Hipotecario
TXN-00001744,CTA-362081,CLI-31818,2026-06-19 14:29:00,1625776.53,CRC,comision,web,SJ-001,Cuenta Corriente
TXN-00001745,CTA-928249,CLI-95736,2026-06-17 20:27:00,3715083.91,CRC,pago,sinpe,SJ-001,Préstamo Hipotecario
TXN-00001746,CTA-858183,CLI-41367,2026-06-09 18:50:00,2289386.72,CRC,retiro,web,AL-001,Cuenta Ahorro
TXN-00001747,CTA-132390,CLI-37132,2026-06-15 16:30:00,1465616.6,CRC,comision,web,AL-001,Préstamo Personal
TXN-00001748,CTA-935456,CLI-33183,2026-06-12 03:39:00,4948576.93,CRC,pago,sinpe,LI-002,Cuenta Corriente
TXN-00001749,CTA-267003,CLI-42094,2026-06-28 11:44:00,4360555.21,CRC,pago,app_movil,LI-001,Cuenta Corriente
TXN-00001750,CTA-593050,CLI-60504,2026-06-02 11:18:00,4335446.51,CRC,deposito,web,PU-001,Tarjeta Crédito
TXN-00001751,CTA-736461,CLI-94815,2026-06-25 10:55:00,3579258.47,CRC,comision,app_movil,SJ-002,Préstamo Personal
TXN-00001752,CTA-517749,CLI-15230,2026-06-22 21:10:00,1465522.39,CRC,transferencia,web,SJ-001,Préstamo Hipotecario
TXN-00001753,CTA-230083,CLI-23582,2026-06-29 15:19:00,2143514.1,CRC,retiro,atm,LI-002,Préstamo Hipotecario
TXN-00001754,CTA-788428,CLI-54542,2026-06-06 02:05:00,1832956.07,CRC,retiro,sucursal,AL-001,Préstamo Personal
TXN-00001755,CTA-773223,CLI-19708,2026-06-10 13:28:00,486531.39,CRC,pago,web,HE-001,Cuenta Ahorro
TXN-00001756,CTA-566272,CLI-53340,2026-06-12 19:59:00,1477165.06,CRC,pago,atm,LI-001,Préstamo Hipotecario
TXN-00001757,CTA-255214,CLI-78390,2026-06-13 12:41:00,3806852.37,CRC,transferencia,app_movil,SJ-001,Cuenta Ahorro
TXN-00001758,CTA-421559,CLI-30749,2026-06-17 21:04:00,3569301.84,CRC,comision,atm,LI-001,Préstamo Personal
TXN-00001759,CTA-944311,CLI-26849,2026-06-21 00:26:00,773052.0,CRC,retiro,sinpe,HE-001,Tarjeta Crédito
TXN-00001760,CTA-129365,CLI-37742,2026-06-18 11:40:00,3184174.89,CRC,comision,atm,HE-001,Cuenta Ahorro
TXN-00001761,CTA-856169,CLI-76662,2026-06-27 14:08:00,1297846.44,CRC,comision,web,SJ-001,Préstamo Personal
TXN-00001762,CTA-775127,CLI-30431,2026-06-29 03:31:00,4862044.16,CRC,comision,sinpe,AL-001,Tarjeta Crédito
TXN-00001763,CTA-608817,CLI-94984,2026-06-24 19:37:00,1890515.73,CRC,retiro,sinpe,LI-001,Préstamo Personal
TXN-00001764,CTA-114923,CLI-97653,2026-06-08 23:34:00,4485770.9,CRC,deposito,atm,LI-002,Cuenta Ahorro
TXN-00001765,CTA-391835,CLI-89775,2026-06-15 01:50:00,1122325.64,CRC,deposito,sucursal,CA-001,Tarjeta Crédito
TXN-00001766,CTA-769658,CLI-11599,2026-06-23 16:48:00,2847470.55,CRC,comision,sucursal,LI-002,Cuenta Ahorro
TXN-00001767,CTA-203641,CLI-53190,2026-06-17 13:06:00,1993057.63,CRC,comision,app_movil,SJ-001,Tarjeta Crédito
TXN-00001768,CTA-158693,CLI-68541,2026-06-26 04:20:00,4852215.66,CRC,comision,sinpe,SJ-002,Cuenta Ahorro
TXN-00001769,CTA-291558,CLI-95302,2026-06-12 03:16:00,3986552.05,CRC,retiro,sucursal,HE-001,Préstamo Personal
TXN-00001770,CTA-378673,CLI-82348,2026-06-09 01:48:00,4896908.07,CRC,transferencia,app_movil,SJ-001,Cuenta Ahorro
TXN-00001771,CTA-163821,CLI-37227,2026-06-03 21:32:00,2613265.94,CRC,retiro,sucursal,AL-001,Préstamo Hipotecario
TXN-00001772,CTA-663015,CLI-16695,2026-06-27 10:54:00,2321892.19,CRC,transferencia,app_movil,LI-002,Cuenta Ahorro
TXN-00001773,CTA-599159,CLI-35873,2026-06-22 18:25:00,2210048.46,CRC,deposito,sinpe,SJ-002,Préstamo Hipotecario
TXN-00001774,CTA-110068,CLI-86246,2026-06-10 18:49:00,1500504.84,CRC,pago,app_movil,LI-002,Préstamo Personal
TXN-00001775,CTA-765775,CLI-90532,2026-06-30 05:55:00,2945098.77,CRC,pago,app_movil,CA-001,Tarjeta Crédito
TXN-00001776,CTA-285107,CLI-53075,2026-06-19 12:44:00,2463533.09,CRC,comision,web,HE-001,Préstamo Hipotecario
TXN-00001777,CTA-658041,CLI-42639,2026-06-13 21:56:00,1321735.32,CRC,transferencia,atm,HE-001,Préstamo Hipotecario
TXN-00001778,CTA-216884,CLI-33878,2026-06-23 21:28:00,3129982.69,CRC,pago,app_movil,HE-001,Tarjeta Crédito
TXN-00001779,CTA-287480,CLI-18593,2026-06-24 04:33:00,2479443.85,CRC,pago,atm,LI-002,Cuenta Corriente
TXN-00001780,CTA-664752,CLI-33941,2026-06-21 04:05:00,3189776.99,CRC,retiro,app_movil,LI-001,Cuenta Ahorro
TXN-00001781,CTA-435560,CLI-79520,2026-06-10 16:53:00,2509396.57,CRC,pago,app_movil,HE-001,Tarjeta Crédito
TXN-00001782,CTA-262107,CLI-52436,2026-06-28 17:45:00,2855471.12,CRC,retiro,sucursal,CA-001,Préstamo Personal
TXN-00001783,CTA-264765,CLI-52687,2026-06-08 19:37:00,3051006.02,CRC,comision,web,AL-001,Préstamo Hipotecario
TXN-00001784,CTA-375623,CLI-71863,2026-06-19 23:22:00,1144389.28,CRC,transferencia,atm,HE-001,Cuenta Ahorro
TXN-00001785,CTA-969512,CLI-51333,2026-06-14 22:29:00,3633821.47,CRC,pago,atm,LI-001,Préstamo Personal
TXN-00001786,CTA-105948,CLI-62963,2026-06-26 15:15:00,3813713.55,CRC,deposito,web,PU-001,Tarjeta Crédito
TXN-00001787,CTA-904308,CLI-45940,2026-06-30 09:22:00,4874953.81,CRC,deposito,sucursal,AL-001,Cuenta Ahorro
TXN-00001788,CTA-124829,CLI-52184,2026-06-12 15:32:00,4162926.13,CRC,pago,web,HE-001,Tarjeta Crédito
TXN-00001789,CTA-747554,CLI-75921,2026-06-26 09:33:00,3987575.61,CRC,pago,atm,CA-001,Cuenta Corriente
TXN-00001790,CTA-857962,CLI-72872,2026-06-04 09:17:00,802929.32,CRC,comision,web,CA-001,Cuenta Corriente
TXN-00001791,CTA-736176,CLI-86823,2026-06-18 18:03:00,1249980.78,CRC,pago,app_movil,LI-002,Cuenta Corriente
TXN-00001792,CTA-487395,CLI-67425,2026-06-03 13:17:00,1380955.06,CRC,transferencia,app_movil,LI-001,Préstamo Personal
TXN-00001793,CTA-912901,CLI-64234,2026-06-07 02:40:00,1623403.04,CRC,retiro,sucursal,SJ-002,Préstamo Hipotecario
TXN-00001794,CTA-559550,CLI-42142,2026-06-14 14:25:00,2809620.09,CRC,transferencia,sinpe,CA-001,Préstamo Hipotecario
TXN-00001795,CTA-247290,CLI-18913,2026-06-12 20:46:00,3448161.08,CRC,transferencia,atm,HE-001,Préstamo Personal
TXN-00001796,CTA-338742,CLI-70398,2026-06-10 18:37:00,1607014.39,CRC,transferencia,atm,AL-001,Cuenta Ahorro
TXN-00001797,CTA-124262,CLI-28385,2026-06-12 18:55:00,3018480.84,CRC,deposito,web,HE-001,Préstamo Personal
TXN-00001798,CTA-972073,CLI-79258,2026-06-19 00:52:00,3990686.9,CRC,deposito,sinpe,LI-002,Tarjeta Crédito
TXN-00001799,CTA-628704,CLI-52869,2026-06-01 17:41:00,4978276.67,CRC,comision,web,PU-001,Tarjeta Crédito
TXN-00001800,CTA-870109,CLI-19902,2026-06-27 03:51:00,3172234.85,CRC,comision,app_movil,LI-001,Préstamo Hipotecario
TXN-00001801,CTA-987409,CLI-21498,2026-06-06 02:41:00,3993156.29,CRC,comision,web,AL-001,Préstamo Hipotecario
TXN-00001802,CTA-904378,CLI-99647,2026-06-30 14:09:00,3759784.84,CRC,pago,atm,CA-001,Préstamo Personal
TXN-00001803,CTA-176573,CLI-33812,2026-06-21 12:55:00,3252568.05,CRC,comision,atm,AL-001,Préstamo Personal
TXN-00001804,CTA-520967,CLI-85332,2026-06-25 00:24:00,4447095.51,CRC,transferencia,app_movil,PU-001,Préstamo Hipotecario
TXN-00001805,CTA-438044,CLI-65987,2026-06-18 17:55:00,43680.99,CRC,retiro,atm,SJ-001,Cuenta Ahorro
TXN-00001806,CTA-785362,CLI-97215,2026-06-27 14:17:00,2662289.01,CRC,retiro,sinpe,LI-001,Tarjeta Crédito
TXN-00001807,CTA-255486,CLI-37019,2026-06-27 06:04:00,945048.03,CRC,transferencia,sucursal,AL-001,Cuenta Corriente
TXN-00001808,CTA-666310,CLI-55681,2026-06-02 04:38:00,3897536.62,CRC,deposito,atm,SJ-001,Tarjeta Crédito
TXN-00001809,CTA-271220,CLI-65611,2026-06-11 11:20:00,1009305.43,CRC,transferencia,sucursal,CA-001,Cuenta Ahorro
TXN-00001810,CTA-560996,CLI-26136,2026-06-17 04:07:00,687423.52,CRC,pago,app_movil,SJ-001,Préstamo Personal
TXN-00001811,CTA-559849,CLI-62321,2026-06-10 11:49:00,247022.25,CRC,retiro,sucursal,PU-001,Préstamo Personal
TXN-00001812,CTA-283602,CLI-76414,2026-06-27 20:40:00,465166.24,CRC,comision,sinpe,SJ-002,Cuenta Corriente
TXN-00001813,CTA-612867,CLI-89278,2026-06-08 09:54:00,602671.27,CRC,transferencia,atm,CA-001,Préstamo Personal
TXN-00001814,CTA-938641,CLI-76441,2026-06-09 16:36:00,4925775.37,CRC,transferencia,web,CA-001,Tarjeta Crédito
TXN-00001815,CTA-116929,CLI-10951,2026-06-24 03:40:00,4724539.32,CRC,pago,web,SJ-002,Préstamo Personal
TXN-00001816,CTA-425039,CLI-18559,2026-06-05 13:17:00,1802601.82,CRC,pago,atm,LI-001,Cuenta Ahorro
TXN-00001817,CTA-116619,CLI-46007,2026-06-04 20:14:00,4379833.14,CRC,transferencia,app_movil,PU-001,Cuenta Ahorro
TXN-00001818,CTA-234163,CLI-77976,2026-06-12 07:58:00,2823331.66,CRC,retiro,sucursal,AL-001,Préstamo Personal
TXN-00001819,CTA-320018,CLI-96632,2026-06-02 18:35:00,2981426.24,CRC,transferencia,atm,SJ-001,Préstamo Hipotecario
TXN-00001820,CTA-283120,CLI-77973,2026-06-19 21:09:00,2096776.51,CRC,retiro,sucursal,AL-001,Tarjeta Crédito
TXN-00001821,CTA-313990,CLI-50116,2026-06-05 23:29:00,150870.65,CRC,pago,atm,AL-001,Tarjeta Crédito
TXN-00001822,CTA-127084,CLI-53461,2026-06-29 07:17:00,143362.43,CRC,deposito,web,LI-001,Cuenta Corriente
TXN-00001823,CTA-495351,CLI-88447,2026-06-07 13:39:00,233450.75,CRC,comision,sucursal,PU-001,Cuenta Ahorro
TXN-00001824,CTA-333517,CLI-22074,2026-06-05 13:21:00,1743983.37,CRC,pago,app_movil,SJ-001,Cuenta Corriente
TXN-00001825,CTA-997728,CLI-80349,2026-06-22 15:34:00,4916860.57,CRC,pago,sucursal,LI-002,Préstamo Hipotecario
TXN-00001826,CTA-592292,CLI-43667,2026-06-29 23:36:00,1557842.98,CRC,retiro,atm,SJ-001,Préstamo Hipotecario
TXN-00001827,CTA-885088,CLI-84873,2026-06-17 15:18:00,2389471.44,CRC,retiro,sucursal,SJ-002,Cuenta Ahorro
TXN-00001828,CTA-249522,CLI-39563,2026-06-24 10:13:00,4027431.96,CRC,deposito,app_movil,AL-001,Préstamo Personal
TXN-00001829,CTA-362847,CLI-34199,2026-06-13 20:20:00,1249644.19,CRC,transferencia,atm,SJ-002,Préstamo Personal
TXN-00001830,CTA-238104,CLI-52984,2026-06-27 21:17:00,3799708.2,CRC,pago,atm,HE-001,Cuenta Ahorro
TXN-00001831,CTA-938621,CLI-60466,2026-06-27 08:49:00,3739931.78,CRC,deposito,sucursal,SJ-001,Cuenta Ahorro
TXN-00001832,CTA-975958,CLI-41172,2026-06-01 15:38:00,3173518.62,CRC,retiro,web,AL-001,Tarjeta Crédito
TXN-00001833,CTA-460607,CLI-34608,2026-06-01 12:47:00,2419740.46,CRC,comision,web,LI-002,Préstamo Personal
TXN-00001834,CTA-672396,CLI-67653,2026-06-10 18:39:00,3106941.49,CRC,deposito,atm,LI-002,Préstamo Hipotecario
TXN-00001835,CTA-295370,CLI-43460,2026-06-16 08:28:00,4983431.84,CRC,transferencia,web,LI-001,Préstamo Hipotecario
TXN-00001836,CTA-459006,CLI-78035,2026-06-21 18:25:00,3340395.41,CRC,transferencia,app_movil,SJ-002,Tarjeta Crédito
TXN-00001837,CTA-232359,CLI-22397,2026-06-20 09:52:00,4823803.0,CRC,retiro,web,SJ-001,Cuenta Corriente
TXN-00001838,CTA-464510,CLI-50243,2026-06-06 11:22:00,632369.97,CRC,pago,web,HE-001,Préstamo Hipotecario
TXN-00001839,CTA-635722,CLI-35543,2026-06-04 18:37:00,1988392.94,CRC,retiro,sucursal,AL-001,Cuenta Corriente
TXN-00001840,CTA-917823,CLI-29892,2026-06-10 01:00:00,2628347.87,CRC,comision,sinpe,LI-001,Préstamo Hipotecario
TXN-00001841,CTA-827391,CLI-79582,2026-06-03 03:19:00,2697746.56,CRC,retiro,atm,LI-001,Cuenta Ahorro
TXN-00001842,CTA-748213,CLI-39656,2026-06-05 13:22:00,3174901.79,CRC,retiro,sinpe,AL-001,Préstamo Hipotecario
TXN-00001843,CTA-520345,CLI-48862,2026-06-20 07:08:00,1392828.48,CRC,pago,sinpe,CA-001,Préstamo Personal
TXN-00001844,CTA-856597,CLI-49320,2026-06-22 16:30:00,1610284.49,CRC,deposito,app_movil,LI-002,Tarjeta Crédito
TXN-00001845,CTA-869089,CLI-90362,2026-06-26 07:02:00,1044565.24,CRC,comision,app_movil,HE-001,Cuenta Corriente
TXN-00001846,CTA-962392,CLI-31004,2026-06-19 16:14:00,719814.05,CRC,retiro,web,AL-001,Cuenta Ahorro
TXN-00001847,CTA-302764,CLI-42580,2026-06-30 09:41:00,1955607.32,CRC,transferencia,app_movil,PU-001,Cuenta Ahorro
TXN-00001848,CTA-229469,CLI-86798,2026-06-13 13:42:00,4463299.86,CRC,retiro,sucursal,AL-001,Préstamo Personal
TXN-00001849,CTA-111292,CLI-93460,2026-06-07 11:32:00,3803162.39,CRC,deposito,sinpe,HE-001,Tarjeta Crédito
TXN-00001850,CTA-727516,CLI-71749,2026-06-24 20:36:00,3858518.49,CRC,retiro,web,SJ-002,Tarjeta Crédito
TXN-00001851,CTA-890888,CLI-54744,2026-06-06 16:23:00,769229.36,CRC,transferencia,app_movil,LI-002,Préstamo Personal
TXN-00001852,CTA-546599,CLI-86674,2026-06-12 15:01:00,3134864.79,CRC,retiro,web,SJ-002,Tarjeta Crédito
TXN-00001853,CTA-867305,CLI-89077,2026-06-11 05:21:00,443776.21,CRC,comision,atm,SJ-002,Cuenta Ahorro
TXN-00001854,CTA-769054,CLI-23787,2026-06-23 12:09:00,2108948.92,CRC,transferencia,atm,PU-001,Tarjeta Crédito
TXN-00001855,CTA-976920,CLI-42931,2026-06-30 03:20:00,2098807.15,CRC,transferencia,app_movil,LI-001,Cuenta Corriente
TXN-00001856,CTA-619020,CLI-39017,2026-06-05 14:27:00,1214478.35,CRC,comision,web,LI-002,Tarjeta Crédito
TXN-00001857,CTA-978090,CLI-84136,2026-06-05 17:33:00,2803793.13,CRC,pago,sinpe,LI-002,Préstamo Hipotecario
TXN-00001858,CTA-719019,CLI-94237,2026-06-18 09:53:00,3008709.88,CRC,deposito,sinpe,SJ-001,Cuenta Corriente
TXN-00001859,CTA-805282,CLI-89142,2026-06-06 08:18:00,1804143.44,CRC,pago,web,CA-001,Cuenta Corriente
TXN-00001860,CTA-701195,CLI-78519,2026-06-16 19:20:00,4261312.93,CRC,deposito,web,LI-002,Préstamo Personal
TXN-00001861,CTA-125317,CLI-92643,2026-06-02 04:00:00,2835083.06,CRC,transferencia,app_movil,CA-001,Tarjeta Crédito
TXN-00001862,CTA-990691,CLI-43228,2026-06-19 18:10:00,3645557.78,CRC,transferencia,atm,SJ-001,Tarjeta Crédito
TXN-00001863,CTA-150121,CLI-52534,2026-06-12 07:38:00,2230588.94,CRC,pago,atm,HE-001,Cuenta Ahorro
TXN-00001864,CTA-889912,CLI-55683,2026-06-10 12:41:00,3703783.15,CRC,retiro,web,LI-001,Cuenta Corriente
TXN-00001865,CTA-875798,CLI-39828,2026-06-16 04:33:00,3082397.23,CRC,transferencia,atm,LI-001,Cuenta Corriente
TXN-00001866,CTA-621344,CLI-93817,2026-06-05 02:46:00,1565308.8,CRC,retiro,web,PU-001,Cuenta Ahorro
TXN-00001867,CTA-945044,CLI-67379,2026-06-13 01:06:00,1753618.93,CRC,transferencia,sucursal,LI-002,Cuenta Ahorro
TXN-00001868,CTA-710110,CLI-50701,2026-06-15 16:32:00,558291.53,CRC,comision,sinpe,SJ-001,Tarjeta Crédito
TXN-00001869,CTA-829427,CLI-19952,2026-06-26 11:34:00,1990458.19,CRC,retiro,app_movil,AL-001,Cuenta Corriente
TXN-00001870,CTA-252846,CLI-54585,2026-06-28 05:08:00,4261191.84,CRC,comision,atm,PU-001,Préstamo Personal
TXN-00001871,CTA-872048,CLI-48523,2026-06-07 01:18:00,519026.51,CRC,comision,sinpe,PU-001,Cuenta Corriente
TXN-00001872,CTA-142753,CLI-42231,2026-06-15 17:42:00,2213237.74,CRC,comision,sucursal,CA-001,Tarjeta Crédito
TXN-00001873,CTA-828843,CLI-38701,2026-06-02 04:47:00,1123118.54,CRC,retiro,sucursal,LI-002,Préstamo Personal
TXN-00001874,CTA-411210,CLI-41939,2026-06-30 11:40:00,727738.11,CRC,deposito,sinpe,CA-001,Préstamo Personal
TXN-00001875,CTA-695681,CLI-35197,2026-06-20 23:27:00,2782055.42,CRC,pago,sucursal,PU-001,Préstamo Hipotecario
TXN-00001876,CTA-505907,CLI-44274,2026-06-27 10:29:00,3136648.29,CRC,transferencia,atm,PU-001,Préstamo Personal
TXN-00001877,CTA-346106,CLI-51963,2026-06-17 20:23:00,4500364.25,CRC,comision,atm,LI-001,Cuenta Corriente
TXN-00001878,CTA-836556,CLI-42361,2026-06-07 02:54:00,4299863.55,CRC,comision,sinpe,LI-001,Cuenta Ahorro
TXN-00001879,CTA-209898,CLI-89179,2026-06-05 09:32:00,2677264.21,CRC,retiro,atm,LI-002,Préstamo Hipotecario
TXN-00001880,CTA-977252,CLI-16973,2026-06-11 04:37:00,1346398.06,CRC,pago,sinpe,LI-002,Préstamo Personal
TXN-00001881,CTA-279664,CLI-12898,2026-06-23 15:00:00,324224.15,CRC,comision,web,PU-001,Préstamo Hipotecario
TXN-00001882,CTA-599779,CLI-29382,2026-06-30 14:16:00,4479312.31,CRC,deposito,atm,SJ-001,Cuenta Corriente
TXN-00001883,CTA-863112,CLI-13614,2026-06-13 13:33:00,4736808.28,CRC,comision,web,HE-001,Préstamo Personal
TXN-00001884,CTA-574073,CLI-50609,2026-06-07 01:39:00,1076805.49,CRC,comision,atm,PU-001,Tarjeta Crédito
TXN-00001885,CTA-665824,CLI-99302,2026-06-11 14:01:00,722021.11,CRC,comision,atm,PU-001,Cuenta Corriente
TXN-00001886,CTA-475756,CLI-86997,2026-06-28 17:50:00,3560856.46,CRC,deposito,app_movil,SJ-001,Préstamo Hipotecario
TXN-00001887,CTA-868140,CLI-35509,2026-06-03 21:29:00,3652171.33,CRC,retiro,sinpe,PU-001,Cuenta Ahorro
TXN-00001888,CTA-619018,CLI-25663,2026-06-09 05:57:00,3247385.66,CRC,transferencia,app_movil,SJ-001,Cuenta Corriente
TXN-00001889,CTA-499812,CLI-72181,2026-06-19 08:47:00,4024764.83,CRC,retiro,atm,PU-001,Cuenta Ahorro
TXN-00001890,CTA-841618,CLI-66408,2026-06-05 08:42:00,1776429.6,CRC,transferencia,web,HE-001,Cuenta Corriente
TXN-00001891,CTA-337649,CLI-56032,2026-06-09 09:35:00,2007737.35,CRC,deposito,atm,HE-001,Préstamo Personal
TXN-00001892,CTA-735604,CLI-17982,2026-06-05 06:42:00,102983.41,CRC,comision,app_movil,HE-001,Tarjeta Crédito
TXN-00001893,CTA-654823,CLI-11648,2026-06-05 08:18:00,9642.77,CRC,deposito,atm,AL-001,Préstamo Personal
TXN-00001894,CTA-695673,CLI-83841,2026-06-14 22:31:00,4000390.83,CRC,transferencia,app_movil,SJ-001,Cuenta Ahorro
TXN-00001895,CTA-328981,CLI-55252,2026-06-09 13:52:00,909751.74,CRC,deposito,sucursal,LI-002,Préstamo Hipotecario
TXN-00001896,CTA-840680,CLI-33264,2026-06-18 00:41:00,4457292.4,CRC,comision,sucursal,AL-001,Préstamo Personal
TXN-00001897,CTA-932199,CLI-25765,2026-06-02 09:08:00,4676529.93,CRC,transferencia,atm,SJ-001,Cuenta Corriente
TXN-00001898,CTA-275516,CLI-23070,2026-06-16 21:15:00,2950941.53,CRC,pago,sucursal,AL-001,Préstamo Hipotecario
TXN-00001899,CTA-790474,CLI-81824,2026-06-08 01:34:00,4689153.49,CRC,pago,web,LI-001,Cuenta Corriente
TXN-00001900,CTA-483457,CLI-28531,2026-06-26 05:37:00,1692381.37,CRC,retiro,web,SJ-002,Cuenta Ahorro
TXN-00001901,CTA-603760,CLI-96462,2026-06-19 09:35:00,1792248.71,CRC,comision,app_movil,SJ-001,Préstamo Hipotecario
TXN-00001902,CTA-690344,CLI-85377,2026-06-05 03:20:00,4559423.27,CRC,comision,sinpe,LI-001,Préstamo Personal
TXN-00001903,CTA-242056,CLI-68707,2026-06-25 20:47:00,1413525.23,CRC,retiro,atm,CA-001,Préstamo Personal
TXN-00001904,CTA-614290,CLI-13123,2026-06-19 09:32:00,1885957.67,CRC,pago,app_movil,PU-001,Tarjeta Crédito
TXN-00001905,CTA-420756,CLI-75223,2026-06-26 13:02:00,3048706.52,CRC,transferencia,app_movil,LI-002,Préstamo Hipotecario
TXN-00001906,CTA-422038,CLI-87000,2026-06-02 21:28:00,4733952.5,CRC,comision,sinpe,CA-001,Cuenta Ahorro
TXN-00001907,CTA-660245,CLI-13665,2026-06-30 04:04:00,3696546.01,CRC,deposito,atm,LI-001,Préstamo Personal
TXN-00001908,CTA-154982,CLI-99674,2026-06-09 13:36:00,4820971.37,CRC,pago,sinpe,LI-001,Préstamo Hipotecario
TXN-00001909,CTA-146893,CLI-38114,2026-06-09 02:44:00,3405985.8,CRC,deposito,web,LI-001,Cuenta Ahorro
TXN-00001910,CTA-313498,CLI-74916,2026-06-11 02:00:00,365744.44,CRC,retiro,sinpe,LI-001,Préstamo Hipotecario
TXN-00001911,CTA-316037,CLI-25247,2026-06-01 17:01:00,4610509.61,CRC,transferencia,app_movil,SJ-001,Cuenta Ahorro
TXN-00001912,CTA-966723,CLI-39933,2026-06-16 01:16:00,4935440.39,CRC,transferencia,web,AL-001,Cuenta Corriente
TXN-00001913,CTA-751966,CLI-97625,2026-06-08 02:18:00,2994159.43,CRC,transferencia,web,AL-001,Préstamo Hipotecario
TXN-00001914,CTA-785072,CLI-45732,2026-06-29 11:58:00,1025176.53,CRC,pago,app_movil,HE-001,Préstamo Personal
TXN-00001915,CTA-298701,CLI-73991,2026-06-19 19:48:00,1391155.33,CRC,transferencia,sinpe,PU-001,Cuenta Corriente
TXN-00001916,CTA-904390,CLI-68868,2026-06-29 12:20:00,209954.95,CRC,retiro,sucursal,PU-001,Cuenta Corriente
TXN-00001917,CTA-929622,CLI-74033,2026-06-30 00:25:00,577276.73,CRC,deposito,sucursal,SJ-002,Préstamo Hipotecario
TXN-00001918,CTA-368958,CLI-99247,2026-06-15 21:35:00,4717572.12,CRC,pago,atm,AL-001,Préstamo Hipotecario
TXN-00001919,CTA-374201,CLI-24220,2026-06-14 00:52:00,4277684.96,CRC,deposito,web,HE-001,Cuenta Ahorro
TXN-00001920,CTA-643398,CLI-14678,2026-06-04 22:29:00,1004740.07,CRC,pago,web,LI-002,Cuenta Corriente
TXN-00001921,CTA-506914,CLI-34179,2026-06-06 01:41:00,191118.25,CRC,deposito,app_movil,CA-001,Cuenta Ahorro
TXN-00001922,CTA-249693,CLI-67936,2026-06-20 20:10:00,2191104.7,CRC,comision,app_movil,LI-001,Préstamo Hipotecario
TXN-00001923,CTA-145883,CLI-84553,2026-06-09 14:24:00,3624825.88,CRC,deposito,sucursal,CA-001,Tarjeta Crédito
TXN-00001924,CTA-310396,CLI-94428,2026-06-12 09:56:00,1751235.97,CRC,deposito,web,AL-001,Préstamo Personal
TXN-00001925,CTA-336176,CLI-34112,2026-06-07 23:13:00,2528467.39,CRC,retiro,atm,HE-001,Préstamo Personal
TXN-00001926,CTA-357714,CLI-88860,2026-06-02 03:38:00,347845.03,CRC,comision,atm,LI-002,Préstamo Hipotecario
TXN-00001927,CTA-432979,CLI-17433,2026-06-08 07:57:00,2736069.66,CRC,deposito,app_movil,AL-001,Préstamo Personal
TXN-00001928,CTA-278169,CLI-52160,2026-06-24 13:50:00,3093312.54,CRC,transferencia,app_movil,SJ-001,Cuenta Ahorro
TXN-00001929,CTA-103587,CLI-83755,2026-06-05 17:22:00,30502.14,CRC,deposito,web,CA-001,Préstamo Hipotecario
TXN-00001930,CTA-136904,CLI-83877,2026-06-06 10:40:00,3811119.07,CRC,comision,app_movil,CA-001,Cuenta Corriente
TXN-00001931,CTA-776111,CLI-60600,2026-06-30 12:43:00,4686117.47,CRC,transferencia,sinpe,LI-002,Préstamo Personal
TXN-00001932,CTA-742366,CLI-42773,2026-06-21 11:09:00,3414722.98,CRC,transferencia,web,CA-001,Préstamo Personal
TXN-00001933,CTA-477629,CLI-39339,2026-06-07 23:16:00,2682736.93,CRC,retiro,atm,LI-002,Cuenta Ahorro
TXN-00001934,CTA-485957,CLI-12744,2026-06-18 16:17:00,4409805.51,CRC,pago,atm,HE-001,Cuenta Ahorro
TXN-00001935,CTA-667802,CLI-39751,2026-06-02 22:28:00,2052446.88,CRC,pago,sucursal,LI-002,Tarjeta Crédito
TXN-00001936,CTA-538017,CLI-70369,2026-06-10 11:18:00,2106282.13,CRC,pago,web,PU-001,Préstamo Personal
TXN-00001937,CTA-797694,CLI-62282,2026-06-22 02:17:00,1689668.86,CRC,retiro,sinpe,LI-001,Cuenta Ahorro
TXN-00001938,CTA-695996,CLI-35506,2026-06-12 04:42:00,3563236.72,CRC,comision,atm,CA-001,Préstamo Personal
TXN-00001939,CTA-421806,CLI-37985,2026-06-25 22:47:00,1874708.38,CRC,pago,sucursal,PU-001,Préstamo Personal
TXN-00001940,CTA-973346,CLI-91735,2026-06-05 22:40:00,1502301.05,CRC,pago,app_movil,LI-002,Cuenta Ahorro
TXN-00001941,CTA-264332,CLI-96461,2026-06-10 21:12:00,2758913.67,CRC,pago,sinpe,LI-001,Préstamo Personal
TXN-00001942,CTA-316481,CLI-60589,2026-06-09 04:57:00,120153.14,CRC,comision,sucursal,LI-002,Tarjeta Crédito
TXN-00001943,CTA-703003,CLI-35927,2026-06-26 15:20:00,3206549.47,CRC,retiro,web,AL-001,Tarjeta Crédito
TXN-00001944,CTA-236896,CLI-73790,2026-06-22 07:48:00,4340282.47,CRC,transferencia,sinpe,CA-001,Préstamo Hipotecario
TXN-00001945,CTA-925189,CLI-18566,2026-06-25 03:32:00,3381270.85,CRC,deposito,app_movil,SJ-001,Cuenta Corriente
TXN-00001946,CTA-428512,CLI-56752,2026-06-03 09:37:00,4263152.03,CRC,retiro,sucursal,LI-001,Cuenta Ahorro
TXN-00001947,CTA-430825,CLI-86473,2026-06-14 23:56:00,1815337.37,CRC,pago,web,SJ-002,Tarjeta Crédito
TXN-00001948,CTA-941310,CLI-83647,2026-06-08 23:23:00,1516899.15,CRC,retiro,sucursal,HE-001,Cuenta Ahorro
TXN-00001949,CTA-748322,CLI-63697,2026-06-19 21:29:00,2661993.6,CRC,retiro,sinpe,SJ-002,Préstamo Hipotecario
TXN-00001950,CTA-394895,CLI-42688,2026-06-29 14:41:00,3499613.21,CRC,deposito,sucursal,LI-002,Préstamo Personal
TXN-00001951,CTA-499454,CLI-71972,2026-06-05 10:01:00,678858.1,CRC,pago,web,SJ-001,Cuenta Ahorro
TXN-00001952,CTA-713302,CLI-84961,2026-06-01 21:47:00,4654779.96,CRC,retiro,web,LI-001,Cuenta Corriente
TXN-00001953,CTA-189139,CLI-58492,2026-06-23 09:08:00,4428133.71,CRC,deposito,sucursal,LI-001,Cuenta Ahorro
TXN-00001954,CTA-256747,CLI-24545,2026-06-29 09:36:00,3387188.42,CRC,retiro,atm,HE-001,Tarjeta Crédito
TXN-00001955,CTA-938145,CLI-74847,2026-06-04 18:44:00,3014459.98,CRC,deposito,sinpe,LI-001,Préstamo Hipotecario
TXN-00001956,CTA-364991,CLI-35168,2026-06-20 00:16:00,1826714.68,CRC,comision,atm,AL-001,Préstamo Hipotecario
TXN-00001957,CTA-274988,CLI-16817,2026-06-02 01:36:00,1593519.19,CRC,retiro,atm,LI-002,Tarjeta Crédito
TXN-00001958,CTA-386089,CLI-96074,2026-06-21 10:21:00,1688251.62,CRC,pago,app_movil,PU-001,Tarjeta Crédito
TXN-00001959,CTA-754489,CLI-11399,2026-06-26 02:08:00,654118.63,CRC,comision,app_movil,SJ-001,Tarjeta Crédito
TXN-00001960,CTA-498476,CLI-60907,2026-06-18 07:47:00,4522769.57,CRC,deposito,atm,CA-001,Préstamo Personal
TXN-00001961,CTA-995092,CLI-65641,2026-06-16 06:36:00,4015927.01,CRC,pago,atm,LI-001,Cuenta Ahorro
TXN-00001962,CTA-612575,CLI-46915,2026-06-16 18:11:00,2762360.86,CRC,transferencia,app_movil,HE-001,Préstamo Personal
TXN-00001963,CTA-219039,CLI-13015,2026-06-04 20:37:00,4307534.21,CRC,retiro,app_movil,LI-001,Cuenta Ahorro
TXN-00001964,CTA-261487,CLI-84961,2026-06-04 09:16:00,1867568.07,CRC,retiro,app_movil,AL-001,Cuenta Corriente
TXN-00001965,CTA-457705,CLI-90931,2026-06-01 10:32:00,3682781.12,CRC,deposito,sucursal,SJ-001,Préstamo Hipotecario
TXN-00001966,CTA-446974,CLI-97154,2026-06-29 11:53:00,3155383.58,CRC,deposito,sinpe,LI-002,Cuenta Corriente
TXN-00001967,CTA-882304,CLI-20637,2026-06-03 13:20:00,998407.03,CRC,retiro,app_movil,AL-001,Cuenta Corriente
TXN-00001968,CTA-344397,CLI-37553,2026-06-01 04:11:00,3958172.06,CRC,deposito,app_movil,PU-001,Préstamo Personal
TXN-00001969,CTA-306883,CLI-74920,2026-06-15 13:58:00,2380744.5,CRC,comision,sucursal,CA-001,Préstamo Personal
TXN-00001970,CTA-632240,CLI-10827,2026-06-14 02:38:00,2213139.13,CRC,deposito,sucursal,SJ-001,Cuenta Ahorro
TXN-00001971,CTA-703386,CLI-34817,2026-06-12 23:33:00,4391005.07,CRC,deposito,app_movil,AL-001,Cuenta Ahorro
TXN-00001972,CTA-338777,CLI-31289,2026-06-09 12:18:00,3781674.92,CRC,pago,sinpe,LI-001,Tarjeta Crédito
TXN-00001973,CTA-399266,CLI-38607,2026-06-28 09:03:00,2533765.61,CRC,pago,atm,PU-001,Tarjeta Crédito
TXN-00001974,CTA-816734,CLI-42986,2026-06-11 22:59:00,3274555.99,CRC,transferencia,sucursal,SJ-001,Cuenta Corriente
TXN-00001975,CTA-868516,CLI-17917,2026-06-03 19:18:00,2470121.32,CRC,comision,web,SJ-002,Cuenta Corriente
TXN-00001976,CTA-807265,CLI-21564,2026-06-21 07:04:00,4885861.15,CRC,transferencia,sinpe,SJ-001,Tarjeta Crédito
TXN-00001977,CTA-862470,CLI-51820,2026-06-28 13:22:00,2846436.44,CRC,pago,atm,SJ-002,Préstamo Personal
TXN-00001978,CTA-612845,CLI-51087,2026-06-17 20:37:00,1501935.63,CRC,comision,sucursal,LI-002,Cuenta Ahorro
TXN-00001979,CTA-470037,CLI-63704,2026-06-27 17:24:00,214454.72,CRC,pago,web,AL-001,Tarjeta Crédito
TXN-00001980,CTA-586950,CLI-69267,2026-06-19 08:26:00,4343542.98,CRC,retiro,sucursal,LI-002,Préstamo Personal
TXN-00001981,CTA-926556,CLI-51513,2026-06-20 02:18:00,4366935.44,CRC,pago,sucursal,SJ-001,Préstamo Personal
TXN-00001982,CTA-957111,CLI-96739,2026-06-17 15:27:00,2172471.96,CRC,retiro,sucursal,SJ-001,Préstamo Hipotecario
TXN-00001983,CTA-510299,CLI-71903,2026-06-09 08:52:00,475136.17,CRC,retiro,atm,CA-001,Tarjeta Crédito
TXN-00001984,CTA-266006,CLI-49783,2026-06-10 00:00:00,2487114.86,CRC,comision,atm,SJ-001,Cuenta Ahorro
TXN-00001985,CTA-623382,CLI-66735,2026-06-09 15:28:00,3034518.17,CRC,pago,sucursal,LI-002,Préstamo Personal
TXN-00001986,CTA-170156,CLI-52373,2026-06-03 17:16:00,4807235.64,CRC,pago,sinpe,LI-001,Tarjeta Crédito
TXN-00001987,CTA-618239,CLI-38364,2026-06-07 10:31:00,2594294.74,CRC,pago,web,CA-001,Cuenta Corriente
TXN-00001988,CTA-425700,CLI-99660,2026-06-15 00:25:00,1693563.96,CRC,comision,web,AL-001,Préstamo Hipotecario
TXN-00001989,CTA-457666,CLI-58936,2026-06-06 13:05:00,2648653.97,CRC,retiro,atm,AL-001,Préstamo Hipotecario
TXN-00001990,CTA-487982,CLI-64657,2026-06-22 13:12:00,89531.23,CRC,retiro,sucursal,SJ-002,Tarjeta Crédito
TXN-00001991,CTA-599318,CLI-46769,2026-06-11 14:58:00,3169723.27,CRC,comision,atm,LI-001,Préstamo Hipotecario
TXN-00001992,CTA-437466,CLI-92926,2026-06-16 01:36:00,4509377.21,CRC,comision,sucursal,CA-001,Préstamo Hipotecario
TXN-00001993,CTA-361199,CLI-74040,2026-06-28 17:36:00,4066796.15,CRC,comision,web,CA-001,Cuenta Corriente
TXN-00001994,CTA-255561,CLI-91737,2026-06-15 06:22:00,1921332.57,CRC,transferencia,app_movil,SJ-002,Préstamo Hipotecario
TXN-00001995,CTA-863181,CLI-44866,2026-06-23 08:14:00,3013396.28,CRC,deposito,web,LI-002,Préstamo Personal
TXN-00001996,CTA-481453,CLI-17736,2026-06-09 19:00:00,3559826.19,CRC,pago,sucursal,HE-001,Cuenta Ahorro
TXN-00001997,CTA-964904,CLI-91350,2026-06-29 19:28:00,1636744.67,CRC,pago,sinpe,SJ-001,Cuenta Ahorro
TXN-00001998,CTA-429429,CLI-89268,2026-06-13 09:55:00,2424003.87,CRC,comision,sucursal,LI-001,Cuenta Ahorro
TXN-00001999,CTA-163504,CLI-35551,2026-06-28 04:43:00,1478802.26,CRC,comision,sinpe,SJ-002,Tarjeta Crédito
TXN-00002000,CTA-958350,CLI-11430,2026-06-12 07:07:00,2115533.64,CRC,transferencia,atm,PU-001,Cuenta Ahorro
TXN-00002001,CTA-783288,CLI-94408,2026-06-07 13:21:00,127393.19,CRC,pago,app_movil,HE-001,Tarjeta Crédito
TXN-00002002,CTA-500576,CLI-82779,2026-06-22 03:50:00,2233978.79,CRC,retiro,sinpe,AL-001,Préstamo Personal
TXN-00002003,CTA-578091,CLI-46169,2026-06-15 07:04:00,4684577.99,CRC,retiro,sinpe,SJ-002,Préstamo Personal
TXN-00002004,CTA-438484,CLI-12222,2026-06-13 23:02:00,2932815.2,CRC,deposito,app_movil,AL-001,Tarjeta Crédito
TXN-00002005,CTA-430583,CLI-59155,2026-06-26 03:33:00,1844741.15,CRC,comision,app_movil,LI-002,Préstamo Personal
TXN-00002006,CTA-442475,CLI-90357,2026-06-30 09:57:00,1978292.95,CRC,deposito,atm,LI-001,Tarjeta Crédito
TXN-00002007,CTA-158572,CLI-27284,2026-06-26 17:48:00,4416414.81,CRC,pago,app_movil,SJ-001,Cuenta Corriente
TXN-00002008,CTA-271318,CLI-40803,2026-06-07 08:49:00,512163.83,CRC,deposito,atm,AL-001,Tarjeta Crédito
TXN-00002009,CTA-887324,CLI-19119,2026-06-16 09:21:00,2063796.3,CRC,pago,web,SJ-002,Préstamo Hipotecario
TXN-00002010,CTA-515225,CLI-30314,2026-06-03 19:53:00,3209451.72,CRC,comision,app_movil,PU-001,Cuenta Ahorro
TXN-00002011,CTA-373421,CLI-39805,2026-06-21 09:52:00,577130.49,CRC,retiro,app_movil,AL-001,Préstamo Hipotecario
TXN-00002012,CTA-831159,CLI-39559,2026-06-02 02:27:00,3214869.89,CRC,pago,app_movil,SJ-001,Cuenta Corriente
TXN-00002013,CTA-244360,CLI-75612,2026-06-10 23:12:00,4749880.14,CRC,transferencia,atm,CA-001,Préstamo Personal
TXN-00002014,CTA-902723,CLI-47963,2026-06-29 20:51:00,97259.4,CRC,pago,app_movil,PU-001,Préstamo Personal
TXN-00002015,CTA-718312,CLI-14719,2026-06-26 00:46:00,201609.97,CRC,retiro,sucursal,SJ-002,Préstamo Hipotecario
TXN-00002016,CTA-184543,CLI-86229,2026-06-23 08:48:00,1747558.29,CRC,transferencia,sinpe,SJ-001,Cuenta Ahorro
TXN-00002017,CTA-107706,CLI-92271,2026-06-19 01:49:00,762127.0,CRC,comision,atm,CA-001,Tarjeta Crédito
TXN-00002018,CTA-267628,CLI-36422,2026-06-26 07:35:00,2554887.24,CRC,comision,atm,LI-001,Tarjeta Crédito
TXN-00002019,CTA-511704,CLI-25619,2026-06-09 21:50:00,4489742.71,CRC,transferencia,web,LI-001,Cuenta Corriente
TXN-00002020,CTA-218167,CLI-15460,2026-06-21 06:39:00,1023745.72,CRC,pago,app_movil,PU-001,Cuenta Ahorro
TXN-00002021,CTA-806956,CLI-38094,2026-06-10 02:36:00,4164815.56,CRC,comision,atm,HE-001,Tarjeta Crédito
TXN-00002022,CTA-340973,CLI-84297,2026-06-22 02:34:00,3239502.61,CRC,transferencia,sucursal,SJ-001,Préstamo Hipotecario
TXN-00002023,CTA-969885,CLI-33713,2026-06-02 02:00:00,62789.32,CRC,transferencia,sucursal,HE-001,Préstamo Personal
TXN-00002024,CTA-509735,CLI-88880,2026-06-18 16:25:00,2289963.79,CRC,retiro,web,LI-001,Préstamo Personal
TXN-00002025,CTA-799425,CLI-42573,2026-06-26 12:34:00,3975220.88,CRC,deposito,sinpe,HE-001,Cuenta Corriente
TXN-00002026,CTA-998803,CLI-11469,2026-06-01 00:17:00,3096764.42,CRC,transferencia,app_movil,SJ-001,Tarjeta Crédito
TXN-00002027,CTA-267234,CLI-22744,2026-06-21 06:07:00,3644012.4,CRC,deposito,atm,PU-001,Cuenta Ahorro
TXN-00002028,CTA-877882,CLI-58866,2026-06-30 09:21:00,4854730.05,CRC,deposito,atm,CA-001,Préstamo Personal
TXN-00002029,CTA-136692,CLI-25738,2026-06-30 17:56:00,1488052.17,CRC,transferencia,sucursal,SJ-001,Tarjeta Crédito
TXN-00002030,CTA-767638,CLI-99368,2026-06-21 19:05:00,602504.78,CRC,deposito,web,CA-001,Cuenta Ahorro
TXN-00002031,CTA-346208,CLI-69669,2026-06-01 15:40:00,431390.26,CRC,comision,sinpe,SJ-002,Tarjeta Crédito
TXN-00002032,CTA-603028,CLI-18294,2026-06-13 06:59:00,3514680.77,CRC,retiro,sucursal,SJ-001,Cuenta Corriente
TXN-00002033,CTA-621586,CLI-66687,2026-06-19 02:13:00,150460.68,CRC,pago,web,PU-001,Cuenta Ahorro
TXN-00002034,CTA-906913,CLI-46808,2026-06-01 14:29:00,3283393.53,CRC,transferencia,web,SJ-001,Cuenta Ahorro
TXN-00002035,CTA-297205,CLI-40778,2026-06-13 03:56:00,3356541.55,CRC,pago,app_movil,SJ-001,Cuenta Corriente
TXN-00002036,CTA-837093,CLI-74032,2026-06-26 15:10:00,2795163.04,CRC,retiro,app_movil,PU-001,Tarjeta Crédito
TXN-00002037,CTA-578420,CLI-71928,2026-06-17 13:37:00,2990647.34,CRC,comision,sucursal,SJ-002,Tarjeta Crédito
TXN-00002038,CTA-667035,CLI-29096,2026-06-30 23:22:00,3631266.82,CRC,transferencia,atm,LI-001,Préstamo Personal
TXN-00002039,CTA-464314,CLI-48331,2026-06-08 22:00:00,1861177.47,CRC,retiro,web,PU-001,Préstamo Hipotecario
TXN-00002040,CTA-190644,CLI-88925,2026-06-19 13:27:00,4806970.69,CRC,transferencia,sucursal,LI-001,Tarjeta Crédito
TXN-00002041,CTA-665404,CLI-99173,2026-06-17 07:45:00,2254392.95,CRC,retiro,app_movil,LI-002,Tarjeta Crédito
TXN-00002042,CTA-666452,CLI-92928,2026-06-24 01:04:00,2994363.95,CRC,retiro,sinpe,AL-001,Cuenta Ahorro
TXN-00002043,CTA-539328,CLI-24664,2026-06-10 08:48:00,409635.23,CRC,comision,sinpe,PU-001,Cuenta Corriente
TXN-00002044,CTA-367090,CLI-82148,2026-06-24 15:30:00,2877747.49,CRC,retiro,sucursal,SJ-002,Tarjeta Crédito
TXN-00002045,CTA-977101,CLI-58932,2026-06-23 06:18:00,1628111.01,CRC,comision,web,SJ-002,Préstamo Hipotecario
TXN-00002046,CTA-468191,CLI-63477,2026-06-30 21:30:00,1096138.04,CRC,deposito,sucursal,PU-001,Préstamo Personal
TXN-00002047,CTA-932143,CLI-76127,2026-06-08 02:04:00,3581293.23,CRC,deposito,web,CA-001,Cuenta Ahorro
TXN-00002048,CTA-525847,CLI-49696,2026-06-04 06:52:00,1209924.92,CRC,retiro,sinpe,HE-001,Cuenta Corriente
TXN-00002049,CTA-410152,CLI-25869,2026-06-09 16:37:00,82083.76,CRC,retiro,sucursal,SJ-001,Cuenta Corriente
TXN-00002050,CTA-224731,CLI-65301,2026-06-04 01:12:00,2263544.21,CRC,transferencia,web,HE-001,Cuenta Corriente
TXN-00002051,CTA-493127,CLI-37321,2026-06-28 04:41:00,1716504.77,CRC,transferencia,web,HE-001,Préstamo Hipotecario
TXN-00002052,CTA-722158,CLI-15488,2026-06-27 20:05:00,3176462.78,CRC,pago,app_movil,LI-002,Préstamo Personal
TXN-00002053,CTA-834665,CLI-72075,2026-06-15 13:07:00,156170.56,CRC,pago,sinpe,LI-001,Cuenta Corriente
TXN-00002054,CTA-818115,CLI-74265,2026-06-20 05:42:00,4745662.43,CRC,deposito,web,LI-001,Cuenta Corriente
TXN-00002055,CTA-670147,CLI-22065,2026-06-23 04:25:00,2374884.06,CRC,deposito,sucursal,SJ-002,Cuenta Corriente
TXN-00002056,CTA-353103,CLI-89116,2026-06-21 16:38:00,3745512.06,CRC,pago,app_movil,PU-001,Tarjeta Crédito
TXN-00002057,CTA-530552,CLI-22445,2026-06-15 02:23:00,1083560.22,CRC,deposito,sucursal,LI-002,Préstamo Hipotecario
TXN-00002058,CTA-290036,CLI-70709,2026-06-02 06:50:00,346428.94,CRC,transferencia,sinpe,LI-002,Préstamo Personal
TXN-00002059,CTA-223384,CLI-77729,2026-06-25 09:05:00,1266768.32,CRC,pago,sucursal,SJ-001,Préstamo Personal
TXN-00002060,CTA-730320,CLI-53439,2026-06-14 08:27:00,200042.65,CRC,pago,app_movil,AL-001,Cuenta Ahorro
TXN-00002061,CTA-361140,CLI-10746,2026-06-04 11:54:00,2411248.82,CRC,pago,sucursal,CA-001,Préstamo Personal
TXN-00002062,CTA-456589,CLI-99526,2026-06-02 23:55:00,914206.32,CRC,comision,web,HE-001,Cuenta Ahorro
TXN-00002063,CTA-245967,CLI-27301,2026-06-21 05:41:00,508587.07,CRC,comision,sinpe,SJ-002,Cuenta Corriente
TXN-00002064,CTA-832871,CLI-66357,2026-06-20 22:31:00,1834011.54,CRC,deposito,sinpe,LI-002,Tarjeta Crédito
TXN-00002065,CTA-135165,CLI-46556,2026-06-29 21:24:00,2093704.33,CRC,pago,sinpe,SJ-002,Préstamo Personal
TXN-00002066,CTA-796990,CLI-56876,2026-06-04 01:06:00,437127.53,CRC,pago,web,SJ-002,Préstamo Hipotecario
TXN-00002067,CTA-269864,CLI-21321,2026-06-12 01:40:00,605933.38,CRC,comision,sucursal,AL-001,Cuenta Ahorro
TXN-00002068,CTA-601093,CLI-18758,2026-06-21 07:15:00,2787285.0,CRC,retiro,sinpe,LI-001,Préstamo Personal
TXN-00002069,CTA-254546,CLI-49366,2026-06-06 06:32:00,1162009.22,CRC,retiro,web,SJ-001,Cuenta Corriente
TXN-00002070,CTA-112756,CLI-24778,2026-06-17 22:10:00,2551469.95,CRC,comision,atm,SJ-001,Préstamo Hipotecario
TXN-00002071,CTA-950879,CLI-27964,2026-06-25 03:28:00,1517417.38,CRC,transferencia,sucursal,SJ-001,Préstamo Personal
TXN-00002072,CTA-601508,CLI-72748,2026-06-10 17:15:00,3320517.72,CRC,retiro,app_movil,CA-001,Cuenta Ahorro
TXN-00002073,CTA-233122,CLI-76829,2026-06-18 15:38:00,731415.86,CRC,retiro,app_movil,SJ-002,Préstamo Personal
TXN-00002074,CTA-359069,CLI-92174,2026-06-24 08:45:00,2831220.89,CRC,pago,atm,SJ-002,Cuenta Ahorro
TXN-00002075,CTA-552849,CLI-15624,2026-06-12 22:41:00,299305.41,CRC,transferencia,web,PU-001,Cuenta Corriente
TXN-00002076,CTA-735894,CLI-39454,2026-06-09 18:22:00,1954490.36,CRC,retiro,web,LI-001,Préstamo Hipotecario
TXN-00002077,CTA-892125,CLI-93275,2026-06-24 04:33:00,3230558.76,CRC,retiro,sucursal,PU-001,Préstamo Hipotecario
TXN-00002078,CTA-178701,CLI-66720,2026-06-24 17:21:00,2486170.29,CRC,comision,app_movil,HE-001,Préstamo Personal
TXN-00002079,CTA-914793,CLI-29079,2026-06-04 00:27:00,3522667.39,CRC,deposito,atm,SJ-002,Tarjeta Crédito
TXN-00002080,CTA-946003,CLI-54758,2026-06-18 21:33:00,2323070.96,CRC,transferencia,sinpe,HE-001,Préstamo Hipotecario
TXN-00002081,CTA-592738,CLI-77035,2026-06-15 21:16:00,4277039.14,CRC,pago,web,HE-001,Préstamo Hipotecario
TXN-00002082,CTA-195407,CLI-74182,2026-06-26 11:52:00,2347171.17,CRC,transferencia,sinpe,AL-001,Préstamo Hipotecario
TXN-00002083,CTA-381240,CLI-45553,2026-06-29 01:14:00,1258713.1,CRC,transferencia,sinpe,SJ-002,Préstamo Hipotecario
TXN-00002084,CTA-439910,CLI-41380,2026-06-11 08:51:00,4634172.37,CRC,comision,sucursal,LI-001,Tarjeta Crédito
TXN-00002085,CTA-642818,CLI-98617,2026-06-14 22:36:00,4128850.33,CRC,pago,atm,CA-001,Tarjeta Crédito
TXN-00002086,CTA-297502,CLI-90354,2026-06-28 04:54:00,3348753.43,CRC,retiro,atm,PU-001,Cuenta Ahorro
TXN-00002087,CTA-585166,CLI-86251,2026-06-17 10:50:00,1023117.97,CRC,comision,sucursal,LI-001,Cuenta Corriente
TXN-00002088,CTA-928317,CLI-93026,2026-06-14 06:21:00,1029463.39,CRC,transferencia,sucursal,CA-001,Préstamo Personal
TXN-00002089,CTA-851872,CLI-45486,2026-06-18 01:35:00,1958759.55,CRC,comision,web,CA-001,Préstamo Hipotecario
TXN-00002090,CTA-175550,CLI-43100,2026-06-16 12:53:00,1274373.84,CRC,deposito,web,AL-001,Préstamo Hipotecario
TXN-00002091,CTA-951434,CLI-43398,2026-06-18 21:20:00,333665.47,CRC,pago,web,SJ-001,Préstamo Hipotecario
TXN-00002092,CTA-540919,CLI-36108,2026-06-27 13:25:00,2556080.93,CRC,transferencia,app_movil,HE-001,Préstamo Personal
TXN-00002093,CTA-599508,CLI-67301,2026-06-29 14:03:00,2976763.6,CRC,pago,atm,LI-002,Cuenta Corriente
TXN-00002094,CTA-897048,CLI-17143,2026-06-07 08:37:00,615460.07,CRC,deposito,app_movil,AL-001,Tarjeta Crédito
TXN-00002095,CTA-200548,CLI-65478,2026-06-05 21:22:00,637983.15,CRC,retiro,app_movil,HE-001,Préstamo Hipotecario
TXN-00002096,CTA-754688,CLI-46329,2026-06-03 17:24:00,558048.77,CRC,transferencia,web,SJ-001,Cuenta Ahorro
TXN-00002097,CTA-698335,CLI-44961,2026-06-11 11:45:00,3091941.2,CRC,comision,atm,CA-001,Cuenta Ahorro
TXN-00002098,CTA-432102,CLI-38819,2026-06-07 21:42:00,2768997.53,CRC,retiro,web,SJ-001,Cuenta Ahorro
TXN-00002099,CTA-195606,CLI-84873,2026-06-25 15:41:00,4772412.12,CRC,comision,atm,SJ-001,Préstamo Personal
TXN-00002100,CTA-526143,CLI-38963,2026-06-06 16:03:00,1231718.57,CRC,retiro,web,SJ-002,Préstamo Hipotecario
TXN-00002101,CTA-393046,CLI-24075,2026-06-08 12:55:00,4588210.04,CRC,deposito,sucursal,AL-001,Tarjeta Crédito
TXN-00002102,CTA-343459,CLI-23155,2026-06-20 19:20:00,2231379.86,CRC,deposito,web,PU-001,Préstamo Personal
TXN-00002103,CTA-503151,CLI-90616,2026-06-21 03:21:00,3696082.78,CRC,pago,app_movil,AL-001,Préstamo Hipotecario
TXN-00002104,CTA-615395,CLI-67232,2026-06-13 08:47:00,4409149.71,CRC,comision,atm,CA-001,Tarjeta Crédito
TXN-00002105,CTA-506743,CLI-67958,2026-06-01 22:37:00,2538289.11,CRC,comision,sucursal,LI-002,Tarjeta Crédito
TXN-00002106,CTA-832880,CLI-99558,2026-06-07 13:50:00,3005166.79,CRC,pago,sucursal,SJ-002,Préstamo Personal
TXN-00002107,CTA-524780,CLI-45932,2026-06-10 10:14:00,1571744.69,CRC,retiro,atm,CA-001,Cuenta Ahorro
TXN-00002108,CTA-819839,CLI-83834,2026-06-18 06:27:00,4803314.74,CRC,retiro,app_movil,LI-002,Préstamo Personal
TXN-00002109,CTA-476984,CLI-59934,2026-06-01 23:53:00,2858710.91,CRC,deposito,web,PU-001,Préstamo Personal
TXN-00002110,CTA-367309,CLI-55643,2026-06-21 06:24:00,448215.06,CRC,retiro,atm,PU-001,Tarjeta Crédito
TXN-00002111,CTA-329781,CLI-86741,2026-06-12 19:50:00,791332.9,CRC,comision,sinpe,LI-002,Préstamo Hipotecario
TXN-00002112,CTA-482281,CLI-16288,2026-06-09 21:46:00,4895828.32,CRC,retiro,app_movil,SJ-001,Cuenta Ahorro
TXN-00002113,CTA-650768,CLI-43442,2026-06-05 04:54:00,1252705.2,CRC,pago,sucursal,SJ-001,Tarjeta Crédito
TXN-00002114,CTA-295056,CLI-40027,2026-06-07 10:42:00,1393288.79,CRC,pago,atm,PU-001,Cuenta Ahorro
TXN-00002115,CTA-196753,CLI-91388,2026-06-24 16:32:00,1159846.36,CRC,deposito,sinpe,SJ-002,Cuenta Ahorro
TXN-00002116,CTA-276083,CLI-40965,2026-06-14 02:50:00,4710138.51,CRC,deposito,sucursal,LI-002,Préstamo Hipotecario
TXN-00002117,CTA-382113,CLI-33426,2026-06-04 12:09:00,3864408.73,CRC,comision,app_movil,SJ-002,Préstamo Personal
TXN-00002118,CTA-260137,CLI-79947,2026-06-26 04:30:00,3616319.27,CRC,retiro,sucursal,LI-001,Cuenta Corriente
TXN-00002119,CTA-638177,CLI-12715,2026-06-15 19:30:00,3831981.8,CRC,comision,sinpe,AL-001,Cuenta Corriente
TXN-00002120,CTA-591852,CLI-30435,2026-06-18 22:08:00,835839.31,CRC,retiro,sucursal,AL-001,Préstamo Hipotecario
TXN-00002121,CTA-577043,CLI-32956,2026-06-17 17:04:00,2312563.67,CRC,deposito,sucursal,HE-001,Cuenta Ahorro
TXN-00002122,CTA-495758,CLI-27813,2026-06-30 03:11:00,336303.08,CRC,deposito,atm,SJ-001,Préstamo Personal
TXN-00002123,CTA-514205,CLI-82130,2026-06-25 01:41:00,3387949.55,CRC,comision,web,LI-002,Préstamo Hipotecario
TXN-00002124,CTA-705523,CLI-63110,2026-06-22 05:40:00,3932137.22,CRC,transferencia,sinpe,LI-001,Préstamo Personal
TXN-00002125,CTA-138185,CLI-37117,2026-06-08 14:17:00,632072.97,CRC,deposito,sinpe,LI-002,Tarjeta Crédito
TXN-00002126,CTA-532446,CLI-60144,2026-06-14 13:58:00,3022374.37,CRC,pago,atm,SJ-002,Tarjeta Crédito
TXN-00002127,CTA-886758,CLI-12102,2026-06-02 02:04:00,2436620.74,CRC,retiro,web,LI-001,Cuenta Ahorro
TXN-00002128,CTA-416640,CLI-61951,2026-06-21 11:27:00,3245707.53,CRC,retiro,sucursal,AL-001,Cuenta Corriente
TXN-00002129,CTA-518632,CLI-71125,2026-06-11 08:01:00,1265346.85,CRC,pago,atm,LI-002,Cuenta Ahorro
TXN-00002130,CTA-153840,CLI-42160,2026-06-22 02:02:00,2079584.34,CRC,retiro,app_movil,AL-001,Tarjeta Crédito
TXN-00002131,CTA-505334,CLI-95646,2026-06-18 00:32:00,1753425.0,CRC,pago,app_movil,SJ-001,Préstamo Hipotecario
TXN-00002132,CTA-678401,CLI-72535,2026-06-14 09:04:00,4105650.0,CRC,deposito,web,LI-001,Cuenta Corriente
TXN-00002133,CTA-631331,CLI-31750,2026-06-17 01:00:00,968203.03,CRC,deposito,app_movil,LI-001,Cuenta Ahorro
TXN-00002134,CTA-634256,CLI-38664,2026-06-26 13:24:00,300374.92,CRC,comision,atm,HE-001,Cuenta Corriente
TXN-00002135,CTA-742699,CLI-70331,2026-06-21 09:43:00,1670870.61,CRC,transferencia,sinpe,PU-001,Tarjeta Crédito
TXN-00002136,CTA-642111,CLI-86758,2026-06-13 23:12:00,255530.83,CRC,deposito,web,LI-001,Préstamo Personal
TXN-00002137,CTA-674608,CLI-84232,2026-06-20 17:23:00,3331933.76,CRC,comision,app_movil,SJ-001,Cuenta Ahorro
TXN-00002138,CTA-561228,CLI-93257,2026-06-18 04:47:00,3303420.69,CRC,transferencia,sucursal,LI-001,Cuenta Ahorro
TXN-00002139,CTA-389155,CLI-61694,2026-06-09 22:26:00,3084754.9,CRC,retiro,app_movil,SJ-002,Cuenta Corriente
TXN-00002140,CTA-303941,CLI-64837,2026-06-14 18:51:00,4767844.74,CRC,comision,sucursal,SJ-001,Préstamo Personal
TXN-00002141,CTA-367541,CLI-37605,2026-06-07 21:38:00,2735732.8,CRC,deposito,app_movil,PU-001,Cuenta Ahorro
TXN-00002142,CTA-925242,CLI-18662,2026-06-02 16:55:00,3636462.44,CRC,retiro,web,HE-001,Cuenta Ahorro
TXN-00002143,CTA-581932,CLI-54923,2026-06-23 11:00:00,400767.68,CRC,comision,atm,SJ-002,Préstamo Personal
TXN-00002144,CTA-442394,CLI-79036,2026-06-12 17:53:00,3157991.09,CRC,retiro,sinpe,LI-001,Préstamo Hipotecario
TXN-00002145,CTA-123304,CLI-66868,2026-06-13 16:42:00,1131768.28,CRC,pago,atm,CA-001,Tarjeta Crédito
TXN-00002146,CTA-859459,CLI-63046,2026-06-24 03:47:00,2494872.99,CRC,deposito,sinpe,HE-001,Tarjeta Crédito
TXN-00002147,CTA-681974,CLI-39311,2026-06-12 17:24:00,4120520.9,CRC,retiro,sucursal,SJ-002,Préstamo Personal
TXN-00002148,CTA-630415,CLI-57578,2026-06-07 23:23:00,3487211.24,CRC,pago,web,SJ-002,Préstamo Personal
TXN-00002149,CTA-354273,CLI-31292,2026-06-26 18:50:00,1496123.56,CRC,comision,web,LI-001,Cuenta Corriente
TXN-00002150,CTA-954653,CLI-66645,2026-06-15 06:55:00,2178681.5,CRC,retiro,web,SJ-001,Préstamo Personal
TXN-00002151,CTA-223969,CLI-50371,2026-06-02 09:25:00,4688032.51,CRC,retiro,web,LI-001,Préstamo Personal
TXN-00002152,CTA-990712,CLI-40816,2026-06-19 00:54:00,2027183.17,CRC,transferencia,sucursal,CA-001,Préstamo Hipotecario
TXN-00002153,CTA-443034,CLI-87784,2026-06-08 12:06:00,796800.81,CRC,pago,app_movil,LI-001,Cuenta Corriente
TXN-00002154,CTA-108902,CLI-29666,2026-06-04 17:40:00,3981175.3,CRC,comision,web,SJ-002,Préstamo Personal
TXN-00002155,CTA-102188,CLI-71762,2026-06-05 04:49:00,4959194.52,CRC,retiro,app_movil,AL-001,Cuenta Ahorro
TXN-00002156,CTA-966917,CLI-56825,2026-06-14 06:18:00,3394019.88,CRC,comision,app_movil,LI-001,Cuenta Corriente
TXN-00002157,CTA-140833,CLI-86397,2026-06-08 12:27:00,1651378.55,CRC,deposito,app_movil,HE-001,Préstamo Hipotecario
TXN-00002158,CTA-509850,CLI-74272,2026-06-01 00:13:00,3947923.88,CRC,deposito,atm,CA-001,Préstamo Hipotecario
TXN-00002159,CTA-398262,CLI-28168,2026-06-14 06:19:00,4159179.28,CRC,deposito,web,SJ-002,Préstamo Hipotecario
TXN-00002160,CTA-833943,CLI-77487,2026-06-12 19:58:00,3217676.67,CRC,deposito,web,AL-001,Préstamo Hipotecario
TXN-00002161,CTA-993550,CLI-54388,2026-06-11 04:26:00,161136.65,CRC,retiro,web,HE-001,Préstamo Personal
TXN-00002162,CTA-839935,CLI-62572,2026-06-17 07:51:00,1468972.69,CRC,pago,sucursal,HE-001,Tarjeta Crédito
TXN-00002163,CTA-255945,CLI-30344,2026-06-15 20:44:00,1204165.71,CRC,deposito,app_movil,CA-001,Cuenta Corriente
TXN-00002164,CTA-570726,CLI-26529,2026-06-27 17:54:00,739252.17,CRC,retiro,app_movil,SJ-002,Tarjeta Crédito
TXN-00002165,CTA-853549,CLI-73123,2026-06-16 03:25:00,2896772.25,CRC,pago,web,LI-001,Cuenta Corriente
TXN-00002166,CTA-319961,CLI-72026,2026-06-30 07:45:00,4687243.56,CRC,deposito,atm,HE-001,Cuenta Ahorro
TXN-00002167,CTA-151288,CLI-14112,2026-06-18 18:51:00,1726083.13,CRC,transferencia,web,CA-001,Cuenta Ahorro
TXN-00002168,CTA-516798,CLI-52412,2026-06-23 15:31:00,3291988.92,CRC,pago,sucursal,LI-002,Tarjeta Crédito
TXN-00002169,CTA-888019,CLI-84261,2026-06-20 05:19:00,4790367.51,CRC,retiro,app_movil,LI-001,Cuenta Ahorro
TXN-00002170,CTA-450807,CLI-29420,2026-06-12 09:43:00,466988.45,CRC,deposito,sucursal,PU-001,Cuenta Ahorro
TXN-00002171,CTA-312080,CLI-33660,2026-06-24 08:05:00,4785356.0,CRC,pago,app_movil,LI-002,Cuenta Corriente
TXN-00002172,CTA-939079,CLI-90593,2026-06-29 17:48:00,3557114.72,CRC,transferencia,atm,LI-001,Cuenta Corriente
TXN-00002173,CTA-625417,CLI-36438,2026-06-05 18:14:00,3858068.58,CRC,retiro,sucursal,LI-002,Tarjeta Crédito
TXN-00002174,CTA-654418,CLI-87396,2026-06-30 23:26:00,2654814.63,CRC,comision,sinpe,HE-001,Cuenta Ahorro
TXN-00002175,CTA-854038,CLI-87460,2026-06-20 19:04:00,2275307.55,CRC,comision,atm,SJ-001,Préstamo Hipotecario
TXN-00002176,CTA-118785,CLI-63390,2026-06-21 18:33:00,1423143.87,CRC,comision,app_movil,SJ-001,Préstamo Personal
TXN-00002177,CTA-738331,CLI-84959,2026-06-19 23:44:00,4570611.92,CRC,retiro,atm,LI-002,Préstamo Hipotecario
TXN-00002178,CTA-783728,CLI-15073,2026-06-11 03:27:00,1324237.82,CRC,retiro,sinpe,LI-002,Tarjeta Crédito
TXN-00002179,CTA-340355,CLI-15314,2026-06-18 23:14:00,22420.81,CRC,retiro,web,HE-001,Cuenta Ahorro
TXN-00002180,CTA-179802,CLI-45865,2026-06-19 01:36:00,2150623.78,CRC,comision,sinpe,SJ-001,Préstamo Personal
TXN-00002181,CTA-795535,CLI-16710,2026-06-01 17:51:00,3844735.4,CRC,pago,sinpe,HE-001,Cuenta Ahorro
TXN-00002182,CTA-996777,CLI-40780,2026-06-25 07:22:00,3898594.32,CRC,pago,sinpe,HE-001,Tarjeta Crédito
TXN-00002183,CTA-550363,CLI-20443,2026-06-09 01:35:00,72042.56,CRC,transferencia,sucursal,CA-001,Préstamo Personal
TXN-00002184,CTA-885813,CLI-43841,2026-06-01 22:35:00,650257.51,CRC,retiro,atm,SJ-002,Tarjeta Crédito
TXN-00002185,CTA-314007,CLI-31483,2026-06-19 21:55:00,4529866.76,CRC,transferencia,app_movil,AL-001,Tarjeta Crédito
TXN-00002186,CTA-263125,CLI-25917,2026-06-15 02:02:00,382052.64,CRC,deposito,sucursal,SJ-002,Cuenta Corriente
TXN-00002187,CTA-573213,CLI-54240,2026-06-13 06:58:00,567740.43,CRC,deposito,sinpe,AL-001,Préstamo Hipotecario
TXN-00002188,CTA-744209,CLI-46477,2026-06-22 04:13:00,2406728.12,CRC,deposito,atm,SJ-002,Cuenta Corriente
TXN-00002189,CTA-298495,CLI-81474,2026-06-17 01:49:00,1940015.53,CRC,transferencia,app_movil,AL-001,Préstamo Hipotecario
TXN-00002190,CTA-458719,CLI-31016,2026-06-04 22:23:00,812298.36,CRC,comision,sinpe,SJ-002,Cuenta Ahorro
TXN-00002191,CTA-994966,CLI-61023,2026-06-22 18:51:00,149915.75,CRC,pago,app_movil,LI-001,Préstamo Hipotecario
TXN-00002192,CTA-751244,CLI-93556,2026-06-19 07:35:00,838447.54,CRC,pago,sinpe,CA-001,Cuenta Corriente
TXN-00002193,CTA-580093,CLI-60760,2026-06-11 07:40:00,2787731.37,CRC,transferencia,atm,LI-002,Cuenta Ahorro
TXN-00002194,CTA-103902,CLI-84834,2026-06-02 21:50:00,2265094.18,CRC,transferencia,app_movil,SJ-001,Tarjeta Crédito
TXN-00002195,CTA-978202,CLI-10974,2026-06-30 12:34:00,2078252.88,CRC,transferencia,web,LI-001,Cuenta Corriente
TXN-00002196,CTA-688683,CLI-25269,2026-06-07 02:27:00,2973647.81,CRC,comision,sucursal,SJ-002,Préstamo Personal
TXN-00002197,CTA-950216,CLI-14257,2026-06-23 11:57:00,599645.47,CRC,transferencia,sucursal,LI-001,Tarjeta Crédito
TXN-00002198,CTA-211751,CLI-17197,2026-06-25 10:38:00,1467963.13,CRC,transferencia,sucursal,PU-001,Tarjeta Crédito
TXN-00002199,CTA-991013,CLI-64005,2026-06-18 06:36:00,1404059.74,CRC,deposito,sinpe,AL-001,Tarjeta Crédito
TXN-00002200,CTA-414384,CLI-63329,2026-06-04 10:02:00,1542617.27,CRC,deposito,app_movil,LI-002,Tarjeta Crédito
TXN-00002201,CTA-244100,CLI-78806,2026-06-15 21:59:00,3559289.74,CRC,comision,sinpe,AL-001,Cuenta Corriente
TXN-00002202,CTA-377033,CLI-53749,2026-06-17 11:58:00,476691.17,CRC,transferencia,app_movil,SJ-002,Cuenta Ahorro
TXN-00002203,CTA-182668,CLI-40345,2026-06-27 05:35:00,2911558.76,CRC,deposito,atm,CA-001,Tarjeta Crédito
TXN-00002204,CTA-675601,CLI-85675,2026-06-26 00:58:00,4058073.93,CRC,comision,atm,SJ-002,Préstamo Hipotecario
TXN-00002205,CTA-523257,CLI-15339,2026-06-30 22:36:00,503078.15,CRC,transferencia,web,HE-001,Cuenta Corriente
TXN-00002206,CTA-154582,CLI-27942,2026-06-30 22:35:00,1345971.9,CRC,deposito,app_movil,LI-001,Préstamo Hipotecario
TXN-00002207,CTA-144590,CLI-71502,2026-06-01 04:22:00,4457120.47,CRC,transferencia,web,SJ-002,Préstamo Hipotecario
TXN-00002208,CTA-688450,CLI-42450,2026-06-05 20:45:00,794875.93,CRC,deposito,atm,HE-001,Cuenta Ahorro
TXN-00002209,CTA-117663,CLI-71645,2026-06-09 10:12:00,3154563.55,CRC,retiro,sucursal,SJ-002,Cuenta Ahorro
TXN-00002210,CTA-105543,CLI-99313,2026-06-24 04:42:00,4948244.59,CRC,comision,atm,CA-001,Préstamo Hipotecario
TXN-00002211,CTA-162255,CLI-66324,2026-06-09 12:51:00,2738271.29,CRC,retiro,sinpe,LI-002,Préstamo Personal
TXN-00002212,CTA-524170,CLI-87433,2026-06-09 18:13:00,1721995.07,CRC,pago,sinpe,HE-001,Tarjeta Crédito
TXN-00002213,CTA-230703,CLI-65079,2026-06-13 06:12:00,3082307.85,CRC,transferencia,sinpe,CA-001,Préstamo Personal
TXN-00002214,CTA-300450,CLI-43152,2026-06-01 01:35:00,2028319.27,CRC,retiro,sinpe,SJ-002,Cuenta Ahorro
TXN-00002215,CTA-360864,CLI-27360,2026-06-30 03:56:00,4835904.64,CRC,deposito,sucursal,SJ-002,Cuenta Ahorro
TXN-00002216,CTA-239420,CLI-38591,2026-06-03 02:51:00,3420656.78,CRC,transferencia,app_movil,SJ-002,Préstamo Hipotecario
TXN-00002217,CTA-970287,CLI-11803,2026-06-01 03:04:00,3586465.29,CRC,pago,app_movil,CA-001,Tarjeta Crédito
TXN-00002218,CTA-859498,CLI-94929,2026-06-10 09:22:00,722774.12,CRC,deposito,atm,LI-002,Tarjeta Crédito
TXN-00002219,CTA-813361,CLI-46053,2026-06-19 17:03:00,3297941.62,CRC,pago,sucursal,PU-001,Cuenta Ahorro
TXN-00002220,CTA-798201,CLI-96809,2026-06-10 09:51:00,1766537.77,CRC,retiro,web,PU-001,Préstamo Personal
TXN-00002221,CTA-103205,CLI-66792,2026-06-13 11:10:00,245618.2,CRC,pago,sucursal,PU-001,Cuenta Corriente
TXN-00002222,CTA-313741,CLI-64185,2026-06-03 17:05:00,2621885.7,CRC,deposito,atm,LI-002,Cuenta Ahorro
TXN-00002223,CTA-906411,CLI-11804,2026-06-13 21:35:00,886123.33,CRC,pago,sinpe,HE-001,Cuenta Corriente
TXN-00002224,CTA-775545,CLI-39401,2026-06-27 16:35:00,1739867.05,CRC,pago,sucursal,LI-002,Tarjeta Crédito
TXN-00002225,CTA-603683,CLI-38909,2026-06-22 16:49:00,1348927.83,CRC,pago,sucursal,PU-001,Cuenta Corriente
TXN-00002226,CTA-678548,CLI-76807,2026-06-11 16:03:00,1923523.67,CRC,retiro,app_movil,LI-002,Tarjeta Crédito
TXN-00002227,CTA-385015,CLI-96283,2026-06-17 21:02:00,3449849.34,CRC,comision,atm,HE-001,Préstamo Personal
TXN-00002228,CTA-212322,CLI-41617,2026-06-01 22:10:00,2836212.18,CRC,transferencia,atm,SJ-002,Cuenta Ahorro
TXN-00002229,CTA-653991,CLI-10441,2026-06-26 07:15:00,3137969.16,CRC,retiro,app_movil,AL-001,Tarjeta Crédito
TXN-00002230,CTA-101531,CLI-73048,2026-06-26 04:58:00,2840187.37,CRC,retiro,sucursal,PU-001,Cuenta Corriente
TXN-00002231,CTA-943677,CLI-45643,2026-06-14 22:36:00,1256587.39,CRC,comision,sucursal,PU-001,Préstamo Personal
TXN-00002232,CTA-594775,CLI-91870,2026-06-28 09:04:00,481353.57,CRC,retiro,sucursal,LI-001,Tarjeta Crédito
TXN-00002233,CTA-895792,CLI-41610,2026-06-03 02:01:00,1785046.39,CRC,comision,atm,LI-001,Préstamo Personal
TXN-00002234,CTA-117229,CLI-19996,2026-06-11 08:34:00,4787551.48,CRC,deposito,sinpe,PU-001,Cuenta Ahorro
TXN-00002235,CTA-314915,CLI-71221,2026-06-11 12:38:00,4332891.23,CRC,pago,sinpe,PU-001,Cuenta Corriente
TXN-00002236,CTA-331454,CLI-38119,2026-06-05 16:04:00,3592436.4,CRC,retiro,atm,LI-002,Cuenta Corriente
TXN-00002237,CTA-716038,CLI-63626,2026-06-02 15:59:00,59477.44,CRC,deposito,atm,HE-001,Préstamo Hipotecario
TXN-00002238,CTA-348207,CLI-90186,2026-06-21 11:20:00,468321.31,CRC,deposito,app_movil,CA-001,Tarjeta Crédito
TXN-00002239,CTA-822465,CLI-46317,2026-06-28 05:31:00,221808.6,CRC,comision,sucursal,CA-001,Cuenta Corriente
TXN-00002240,CTA-446810,CLI-23119,2026-06-23 06:43:00,3978815.71,CRC,deposito,sinpe,CA-001,Préstamo Hipotecario
TXN-00002241,CTA-830206,CLI-55738,2026-06-11 10:29:00,1464.47,CRC,transferencia,web,HE-001,Préstamo Hipotecario
TXN-00002242,CTA-757673,CLI-84934,2026-06-08 11:27:00,3694764.6,CRC,deposito,atm,SJ-001,Cuenta Ahorro
TXN-00002243,CTA-147400,CLI-33513,2026-06-08 19:56:00,1171863.56,CRC,retiro,sucursal,AL-001,Cuenta Ahorro
TXN-00002244,CTA-793802,CLI-68912,2026-06-07 00:51:00,2304814.74,CRC,retiro,sinpe,HE-001,Cuenta Ahorro
TXN-00002245,CTA-859233,CLI-36760,2026-06-02 10:23:00,3628993.48,CRC,transferencia,atm,SJ-002,Préstamo Personal
TXN-00002246,CTA-266795,CLI-72092,2026-06-08 00:07:00,4168264.72,CRC,pago,app_movil,SJ-002,Cuenta Ahorro
TXN-00002247,CTA-817686,CLI-65096,2026-06-18 01:05:00,2665615.28,CRC,deposito,app_movil,SJ-001,Cuenta Ahorro
TXN-00002248,CTA-213707,CLI-66966,2026-06-10 15:19:00,769544.77,CRC,retiro,sucursal,SJ-002,Tarjeta Crédito
TXN-00002249,CTA-265042,CLI-87892,2026-06-24 16:15:00,4432054.62,CRC,comision,sinpe,LI-001,Cuenta Ahorro
TXN-00002250,CTA-977333,CLI-68336,2026-06-21 10:29:00,861502.94,CRC,transferencia,atm,PU-001,Tarjeta Crédito
TXN-00002251,CTA-937080,CLI-12625,2026-06-28 14:13:00,4631139.35,CRC,retiro,web,CA-001,Tarjeta Crédito
TXN-00002252,CTA-709644,CLI-25118,2026-06-18 02:10:00,4636310.6,CRC,retiro,app_movil,LI-002,Cuenta Ahorro
TXN-00002253,CTA-513775,CLI-95151,2026-06-25 06:46:00,2800764.18,CRC,comision,sucursal,SJ-002,Cuenta Corriente
TXN-00002254,CTA-343060,CLI-26571,2026-06-24 13:44:00,2695587.84,CRC,retiro,app_movil,AL-001,Préstamo Hipotecario
TXN-00002255,CTA-679104,CLI-20953,2026-06-28 14:53:00,1208232.18,CRC,transferencia,sinpe,SJ-002,Préstamo Hipotecario
TXN-00002256,CTA-675571,CLI-27849,2026-06-05 06:10:00,1306439.82,CRC,retiro,app_movil,HE-001,Préstamo Personal
TXN-00002257,CTA-928404,CLI-38902,2026-06-23 07:45:00,699422.43,CRC,deposito,sinpe,CA-001,Cuenta Ahorro
TXN-00002258,CTA-855939,CLI-93080,2026-06-29 10:29:00,358104.72,CRC,comision,app_movil,LI-002,Tarjeta Crédito
TXN-00002259,CTA-988380,CLI-54260,2026-06-21 23:25:00,3407013.35,CRC,deposito,app_movil,AL-001,Cuenta Corriente
TXN-00002260,CTA-858214,CLI-13977,2026-06-02 05:50:00,4314566.05,CRC,deposito,atm,SJ-001,Cuenta Ahorro
TXN-00002261,CTA-299671,CLI-73016,2026-06-29 23:49:00,414080.4,CRC,deposito,web,SJ-002,Préstamo Hipotecario
TXN-00002262,CTA-761490,CLI-89281,2026-06-30 11:17:00,287180.64,CRC,deposito,sucursal,LI-001,Tarjeta Crédito
TXN-00002263,CTA-933292,CLI-76062,2026-06-15 05:42:00,3361220.62,CRC,transferencia,atm,PU-001,Tarjeta Crédito
TXN-00002264,CTA-255130,CLI-88688,2026-06-08 05:58:00,2729330.39,CRC,comision,sinpe,SJ-002,Préstamo Personal
TXN-00002265,CTA-905292,CLI-20040,2026-06-14 01:40:00,2611588.58,CRC,retiro,sucursal,LI-002,Tarjeta Crédito
TXN-00002266,CTA-591650,CLI-15293,2026-06-23 19:40:00,1571254.06,CRC,comision,web,SJ-001,Préstamo Personal
TXN-00002267,CTA-102931,CLI-96774,2026-06-02 04:40:00,2996459.03,CRC,transferencia,sucursal,SJ-001,Préstamo Personal
TXN-00002268,CTA-859063,CLI-77618,2026-06-16 17:12:00,444354.09,CRC,transferencia,sinpe,LI-001,Cuenta Ahorro
TXN-00002269,CTA-347256,CLI-64129,2026-06-19 10:34:00,2815444.53,CRC,retiro,atm,PU-001,Préstamo Hipotecario
TXN-00002270,CTA-151378,CLI-57999,2026-06-11 08:52:00,1848461.92,CRC,transferencia,sucursal,LI-001,Préstamo Hipotecario
TXN-00002271,CTA-141288,CLI-91922,2026-06-18 01:57:00,2763164.08,CRC,pago,app_movil,SJ-001,Préstamo Personal
TXN-00002272,CTA-997607,CLI-90505,2026-06-10 11:06:00,2051507.14,CRC,comision,web,CA-001,Préstamo Hipotecario
TXN-00002273,CTA-916435,CLI-93393,2026-06-17 03:50:00,3862060.01,CRC,comision,sucursal,SJ-001,Cuenta Ahorro
TXN-00002274,CTA-149269,CLI-26044,2026-06-03 22:28:00,1339785.62,CRC,pago,atm,SJ-001,Préstamo Hipotecario
TXN-00002275,CTA-868905,CLI-43903,2026-06-06 15:43:00,1308777.51,CRC,retiro,sinpe,SJ-001,Préstamo Personal
TXN-00002276,CTA-496453,CLI-34600,2026-06-23 16:26:00,2578801.08,CRC,comision,app_movil,CA-001,Préstamo Personal
TXN-00002277,CTA-168713,CLI-28546,2026-06-13 04:30:00,775149.81,CRC,pago,sinpe,CA-001,Tarjeta Crédito
TXN-00002278,CTA-266296,CLI-12714,2026-06-08 18:38:00,2038798.42,CRC,retiro,web,HE-001,Cuenta Ahorro
TXN-00002279,CTA-424623,CLI-43010,2026-06-17 18:14:00,1070157.72,CRC,deposito,web,PU-001,Cuenta Corriente
TXN-00002280,CTA-762314,CLI-61102,2026-06-18 18:11:00,4727318.78,CRC,retiro,atm,HE-001,Tarjeta Crédito
TXN-00002281,CTA-926968,CLI-40025,2026-06-14 05:25:00,933758.85,CRC,transferencia,atm,SJ-001,Préstamo Hipotecario
TXN-00002282,CTA-864670,CLI-13049,2026-06-09 12:12:00,959168.61,CRC,deposito,web,HE-001,Préstamo Personal
TXN-00002283,CTA-404716,CLI-77237,2026-06-15 00:07:00,3960676.76,CRC,comision,sinpe,PU-001,Préstamo Hipotecario
TXN-00002284,CTA-486265,CLI-41646,2026-06-02 00:34:00,3654169.59,CRC,comision,sinpe,CA-001,Préstamo Hipotecario
TXN-00002285,CTA-240775,CLI-71037,2026-06-09 02:55:00,1658424.6,CRC,comision,app_movil,HE-001,Tarjeta Crédito
TXN-00002286,CTA-160317,CLI-48191,2026-06-02 17:00:00,3434450.45,CRC,retiro,sucursal,HE-001,Cuenta Ahorro
TXN-00002287,CTA-651773,CLI-43779,2026-06-10 12:12:00,972450.26,CRC,comision,atm,LI-001,Cuenta Corriente
TXN-00002288,CTA-945097,CLI-23392,2026-06-18 23:08:00,4033718.25,CRC,deposito,app_movil,CA-001,Préstamo Hipotecario
TXN-00002289,CTA-925620,CLI-26223,2026-06-21 16:42:00,3606537.37,CRC,comision,app_movil,LI-002,Préstamo Hipotecario
TXN-00002290,CTA-761518,CLI-98969,2026-06-10 00:56:00,2966995.2,CRC,retiro,web,CA-001,Cuenta Ahorro
TXN-00002291,CTA-336682,CLI-15139,2026-06-07 03:08:00,3220497.14,CRC,pago,app_movil,PU-001,Cuenta Corriente
TXN-00002292,CTA-443346,CLI-61031,2026-06-04 19:36:00,3792233.37,CRC,deposito,web,LI-002,Préstamo Hipotecario
TXN-00002293,CTA-293807,CLI-37355,2026-06-19 12:46:00,54349.04,CRC,deposito,app_movil,SJ-001,Préstamo Hipotecario
TXN-00002294,CTA-217455,CLI-82055,2026-06-05 20:35:00,3893386.45,CRC,retiro,sinpe,LI-001,Préstamo Hipotecario
TXN-00002295,CTA-450069,CLI-71901,2026-06-01 14:19:00,3442295.08,CRC,pago,atm,CA-001,Tarjeta Crédito
TXN-00002296,CTA-535694,CLI-10402,2026-06-28 03:04:00,4801882.49,CRC,comision,sucursal,SJ-002,Préstamo Personal
TXN-00002297,CTA-160759,CLI-19994,2026-06-17 17:51:00,670497.58,CRC,transferencia,sinpe,LI-001,Cuenta Corriente
TXN-00002298,CTA-406439,CLI-39601,2026-06-06 14:32:00,545171.83,CRC,retiro,web,HE-001,Préstamo Hipotecario
TXN-00002299,CTA-715049,CLI-28257,2026-06-22 17:23:00,4190488.08,CRC,pago,sucursal,LI-001,Cuenta Ahorro
TXN-00002300,CTA-630424,CLI-29383,2026-06-08 04:13:00,3033235.1,CRC,deposito,sucursal,CA-001,Préstamo Personal
TXN-00002301,CTA-180472,CLI-22088,2026-06-13 12:23:00,1689135.73,CRC,transferencia,app_movil,LI-001,Tarjeta Crédito
TXN-00002302,CTA-144935,CLI-58081,2026-06-06 22:03:00,4703397.95,CRC,deposito,atm,PU-001,Cuenta Ahorro
TXN-00002303,CTA-929142,CLI-16076,2026-06-23 09:48:00,2143918.95,CRC,comision,app_movil,PU-001,Cuenta Corriente
TXN-00002304,CTA-118841,CLI-15525,2026-06-06 20:40:00,3901753.51,CRC,retiro,app_movil,PU-001,Préstamo Hipotecario
TXN-00002305,CTA-736933,CLI-21584,2026-06-10 05:55:00,1953558.11,CRC,deposito,web,LI-001,Cuenta Ahorro
TXN-00002306,CTA-881358,CLI-37899,2026-06-21 17:40:00,1602570.69,CRC,deposito,sucursal,SJ-002,Cuenta Ahorro
TXN-00002307,CTA-957103,CLI-66333,2026-06-12 13:27:00,1779620.9,CRC,comision,sinpe,LI-001,Cuenta Ahorro
TXN-00002308,CTA-988596,CLI-73605,2026-06-20 20:29:00,2427445.23,CRC,pago,sinpe,SJ-002,Cuenta Ahorro
TXN-00002309,CTA-971777,CLI-44574,2026-06-29 06:29:00,4919615.47,CRC,transferencia,app_movil,CA-001,Cuenta Corriente
TXN-00002310,CTA-105199,CLI-79181,2026-06-12 00:26:00,4481906.13,CRC,pago,sucursal,HE-001,Tarjeta Crédito
TXN-00002311,CTA-799512,CLI-82127,2026-06-14 13:58:00,2384957.52,CRC,comision,sucursal,CA-001,Préstamo Personal
TXN-00002312,CTA-492484,CLI-90544,2026-06-03 02:22:00,1169503.54,CRC,deposito,app_movil,CA-001,Cuenta Corriente
TXN-00002313,CTA-118931,CLI-89387,2026-06-17 20:45:00,3455847.78,CRC,deposito,sinpe,LI-002,Tarjeta Crédito
TXN-00002314,CTA-399645,CLI-85246,2026-06-26 16:32:00,4016629.34,CRC,retiro,app_movil,SJ-002,Préstamo Personal
TXN-00002315,CTA-726891,CLI-85076,2026-06-12 14:47:00,2014872.48,CRC,comision,web,AL-001,Préstamo Hipotecario
TXN-00002316,CTA-788674,CLI-48851,2026-06-27 01:33:00,4348030.38,CRC,comision,sinpe,PU-001,Préstamo Hipotecario
TXN-00002317,CTA-409904,CLI-29029,2026-06-21 18:17:00,4445867.77,CRC,comision,atm,SJ-002,Préstamo Hipotecario
TXN-00002318,CTA-692801,CLI-23493,2026-06-18 11:32:00,735512.33,CRC,transferencia,app_movil,CA-001,Préstamo Hipotecario
TXN-00002319,CTA-299623,CLI-24202,2026-06-15 02:09:00,4766489.12,CRC,retiro,sucursal,CA-001,Tarjeta Crédito
TXN-00002320,CTA-687043,CLI-17179,2026-06-07 10:19:00,2021656.66,CRC,pago,sinpe,PU-001,Cuenta Corriente
TXN-00002321,CTA-771339,CLI-25429,2026-06-26 09:23:00,775849.08,CRC,pago,web,LI-002,Cuenta Corriente
TXN-00002322,CTA-326394,CLI-50567,2026-06-30 05:09:00,870399.21,CRC,comision,sucursal,LI-002,Préstamo Hipotecario
TXN-00002323,CTA-794727,CLI-88957,2026-06-28 14:42:00,1629564.66,CRC,transferencia,sucursal,CA-001,Préstamo Hipotecario
TXN-00002324,CTA-398531,CLI-10402,2026-06-07 07:18:00,4180020.28,CRC,transferencia,web,SJ-001,Cuenta Corriente
TXN-00002325,CTA-675932,CLI-29299,2026-06-07 11:36:00,1707357.31,CRC,pago,sinpe,PU-001,Tarjeta Crédito
TXN-00002326,CTA-378961,CLI-22254,2026-06-25 18:44:00,2171293.73,CRC,comision,web,AL-001,Préstamo Hipotecario
TXN-00002327,CTA-176340,CLI-38394,2026-06-18 05:12:00,2035217.8,CRC,deposito,sinpe,LI-001,Préstamo Personal
TXN-00002328,CTA-818978,CLI-29099,2026-06-20 09:15:00,3360386.09,CRC,retiro,sinpe,SJ-002,Tarjeta Crédito
TXN-00002329,CTA-886874,CLI-25753,2026-06-27 00:14:00,4902390.1,CRC,transferencia,sucursal,LI-001,Tarjeta Crédito
TXN-00002330,CTA-934963,CLI-50729,2026-06-19 03:27:00,1203763.39,CRC,comision,atm,AL-001,Cuenta Corriente
TXN-00002331,CTA-334602,CLI-10128,2026-06-02 08:10:00,2392608.22,CRC,deposito,sinpe,AL-001,Préstamo Personal
TXN-00002332,CTA-508196,CLI-18205,2026-06-28 07:47:00,4536787.76,CRC,deposito,app_movil,PU-001,Préstamo Personal
TXN-00002333,CTA-800779,CLI-35340,2026-06-23 22:23:00,376208.64,CRC,comision,atm,CA-001,Cuenta Corriente
TXN-00002334,CTA-158705,CLI-90224,2026-06-03 04:20:00,1876582.0,CRC,transferencia,app_movil,SJ-002,Tarjeta Crédito
TXN-00002335,CTA-437004,CLI-17120,2026-06-29 15:58:00,4289326.25,CRC,pago,web,SJ-002,Cuenta Ahorro
TXN-00002336,CTA-564848,CLI-94157,2026-06-29 15:37:00,4359331.42,CRC,pago,sucursal,CA-001,Cuenta Corriente
TXN-00002337,CTA-383242,CLI-12204,2026-06-17 18:20:00,3187876.9,CRC,pago,web,CA-001,Préstamo Personal
TXN-00002338,CTA-161008,CLI-68854,2026-06-28 06:05:00,1954299.1,CRC,retiro,web,HE-001,Préstamo Personal
TXN-00002339,CTA-682446,CLI-22067,2026-06-06 22:01:00,1723407.86,CRC,pago,web,AL-001,Préstamo Personal
TXN-00002340,CTA-731031,CLI-18754,2026-06-03 04:05:00,2827541.43,CRC,transferencia,app_movil,AL-001,Préstamo Personal
TXN-00002341,CTA-304753,CLI-36009,2026-06-24 20:19:00,336723.32,CRC,retiro,web,HE-001,Cuenta Ahorro
TXN-00002342,CTA-429462,CLI-56907,2026-06-05 01:24:00,4771012.05,CRC,retiro,sucursal,AL-001,Tarjeta Crédito
TXN-00002343,CTA-182995,CLI-70850,2026-06-19 06:20:00,2336496.75,CRC,deposito,sucursal,SJ-002,Cuenta Ahorro
TXN-00002344,CTA-100487,CLI-59785,2026-06-05 15:02:00,3015032.93,CRC,deposito,sucursal,SJ-002,Préstamo Personal
TXN-00002345,CTA-619829,CLI-81580,2026-06-11 19:55:00,662649.02,CRC,comision,atm,LI-001,Préstamo Personal
TXN-00002346,CTA-177946,CLI-97539,2026-06-06 12:27:00,1092050.35,CRC,comision,atm,CA-001,Tarjeta Crédito
TXN-00002347,CTA-276888,CLI-85865,2026-06-13 01:00:00,3630207.24,CRC,transferencia,app_movil,SJ-001,Cuenta Ahorro
TXN-00002348,CTA-957170,CLI-22388,2026-06-19 00:05:00,2551832.84,CRC,pago,atm,HE-001,Tarjeta Crédito
TXN-00002349,CTA-815179,CLI-42784,2026-06-03 09:46:00,2259241.47,CRC,deposito,web,CA-001,Préstamo Personal
TXN-00002350,CTA-585705,CLI-75491,2026-06-25 07:28:00,4638492.07,CRC,comision,sucursal,SJ-002,Cuenta Ahorro
TXN-00002351,CTA-770105,CLI-22093,2026-06-04 10:06:00,4169955.34,CRC,pago,sinpe,SJ-001,Préstamo Hipotecario
TXN-00002352,CTA-373781,CLI-78082,2026-06-09 07:13:00,3141699.88,CRC,pago,sucursal,SJ-002,Préstamo Hipotecario
TXN-00002353,CTA-615171,CLI-89494,2026-06-25 20:30:00,3673005.31,CRC,pago,sucursal,LI-001,Préstamo Personal
TXN-00002354,CTA-989272,CLI-77541,2026-06-11 13:00:00,4383338.67,CRC,retiro,sinpe,CA-001,Tarjeta Crédito
TXN-00002355,CTA-700231,CLI-68935,2026-06-19 14:06:00,1693017.89,CRC,deposito,web,SJ-001,Préstamo Hipotecario
TXN-00002356,CTA-224775,CLI-69450,2026-06-25 18:50:00,2014504.19,CRC,pago,app_movil,PU-001,Préstamo Personal
TXN-00002357,CTA-643453,CLI-29207,2026-06-23 14:16:00,4501662.27,CRC,deposito,atm,CA-001,Cuenta Corriente
TXN-00002358,CTA-981517,CLI-32405,2026-06-18 02:49:00,422678.18,CRC,retiro,sucursal,AL-001,Tarjeta Crédito
TXN-00002359,CTA-512464,CLI-98964,2026-06-15 22:08:00,431859.45,CRC,transferencia,app_movil,AL-001,Tarjeta Crédito
TXN-00002360,CTA-820106,CLI-44722,2026-06-25 12:48:00,4685356.75,CRC,pago,sinpe,LI-002,Cuenta Ahorro
TXN-00002361,CTA-698336,CLI-28185,2026-06-04 07:35:00,364693.65,CRC,transferencia,sinpe,AL-001,Préstamo Personal
TXN-00002362,CTA-660211,CLI-99373,2026-06-21 18:51:00,2788074.54,CRC,transferencia,sucursal,SJ-001,Préstamo Personal
TXN-00002363,CTA-116951,CLI-30753,2026-06-29 08:57:00,3916963.31,CRC,retiro,app_movil,HE-001,Tarjeta Crédito
TXN-00002364,CTA-668624,CLI-66773,2026-06-02 13:02:00,3311905.58,CRC,comision,atm,CA-001,Préstamo Hipotecario
TXN-00002365,CTA-735015,CLI-54265,2026-06-14 06:47:00,1491388.21,CRC,comision,sinpe,AL-001,Préstamo Hipotecario
TXN-00002366,CTA-397340,CLI-55453,2026-06-29 15:35:00,3236706.5,CRC,pago,sinpe,SJ-002,Préstamo Hipotecario
TXN-00002367,CTA-562847,CLI-22014,2026-06-21 20:07:00,3476706.54,CRC,transferencia,sucursal,SJ-001,Cuenta Ahorro
TXN-00002368,CTA-600801,CLI-35688,2026-06-25 18:09:00,2238448.27,CRC,comision,sucursal,PU-001,Cuenta Corriente
TXN-00002369,CTA-918149,CLI-20222,2026-06-29 00:22:00,1375225.32,CRC,comision,app_movil,LI-002,Préstamo Personal
TXN-00002370,CTA-257199,CLI-91741,2026-06-23 12:33:00,1922987.53,CRC,comision,web,LI-002,Préstamo Hipotecario
TXN-00002371,CTA-235777,CLI-51958,2026-06-23 15:06:00,4185387.98,CRC,comision,sinpe,AL-001,Cuenta Ahorro
TXN-00002372,CTA-657989,CLI-51714,2026-06-23 11:28:00,3952849.53,CRC,comision,app_movil,SJ-001,Préstamo Personal
TXN-00002373,CTA-930897,CLI-41127,2026-06-30 06:55:00,3412011.29,CRC,transferencia,app_movil,AL-001,Tarjeta Crédito
TXN-00002374,CTA-509106,CLI-59930,2026-06-02 08:39:00,3778080.17,CRC,comision,atm,LI-001,Préstamo Personal
TXN-00002375,CTA-230889,CLI-32009,2026-06-26 21:42:00,154140.07,CRC,transferencia,sinpe,SJ-001,Cuenta Ahorro
TXN-00002376,CTA-291423,CLI-78627,2026-06-16 14:14:00,1342343.88,CRC,pago,web,LI-001,Préstamo Hipotecario
TXN-00002377,CTA-966614,CLI-90135,2026-06-18 22:25:00,702630.44,CRC,transferencia,sucursal,CA-001,Cuenta Ahorro
TXN-00002378,CTA-875275,CLI-85504,2026-06-29 20:26:00,3417944.42,CRC,transferencia,web,AL-001,Cuenta Ahorro
TXN-00002379,CTA-272408,CLI-44174,2026-06-09 20:31:00,1701590.16,CRC,deposito,atm,SJ-002,Cuenta Ahorro
TXN-00002380,CTA-606779,CLI-33317,2026-06-25 06:13:00,3612381.79,CRC,transferencia,web,LI-001,Cuenta Ahorro
TXN-00002381,CTA-717741,CLI-39052,2026-06-27 04:32:00,2018853.39,CRC,retiro,atm,AL-001,Préstamo Hipotecario
TXN-00002382,CTA-628986,CLI-23921,2026-06-28 16:01:00,512001.4,CRC,comision,web,LI-001,Tarjeta Crédito
TXN-00002383,CTA-613416,CLI-78017,2026-06-17 15:33:00,4758190.14,CRC,transferencia,web,SJ-001,Préstamo Hipotecario
TXN-00002384,CTA-892710,CLI-73932,2026-06-15 18:18:00,3049809.39,CRC,transferencia,atm,SJ-001,Cuenta Ahorro
TXN-00002385,CTA-753451,CLI-25725,2026-06-01 08:18:00,1533790.06,CRC,comision,sinpe,CA-001,Cuenta Corriente
TXN-00002386,CTA-272820,CLI-16145,2026-06-06 03:38:00,2995406.23,CRC,retiro,sinpe,LI-002,Tarjeta Crédito
TXN-00002387,CTA-139521,CLI-21273,2026-06-27 11:40:00,1346399.78,CRC,transferencia,sucursal,CA-001,Préstamo Personal
TXN-00002388,CTA-575714,CLI-24093,2026-06-14 23:57:00,1626904.68,CRC,transferencia,atm,SJ-002,Cuenta Ahorro
TXN-00002389,CTA-483894,CLI-91183,2026-06-05 21:06:00,3644933.42,CRC,retiro,web,CA-001,Préstamo Personal
TXN-00002390,CTA-546955,CLI-68632,2026-06-24 20:55:00,1191506.04,CRC,transferencia,app_movil,SJ-002,Cuenta Corriente
TXN-00002391,CTA-256957,CLI-94320,2026-06-29 06:02:00,4763700.28,CRC,deposito,atm,HE-001,Cuenta Corriente
TXN-00002392,CTA-501533,CLI-90703,2026-06-02 14:26:00,887446.44,CRC,comision,app_movil,LI-001,Préstamo Hipotecario
TXN-00002393,CTA-734463,CLI-27253,2026-06-24 20:02:00,2807866.5,CRC,pago,app_movil,LI-002,Tarjeta Crédito
TXN-00002394,CTA-639236,CLI-79046,2026-06-17 10:17:00,1175814.68,CRC,comision,atm,AL-001,Préstamo Personal
TXN-00002395,CTA-684483,CLI-66118,2026-06-08 09:48:00,4675934.71,CRC,pago,app_movil,AL-001,Tarjeta Crédito
TXN-00002396,CTA-571628,CLI-80636,2026-06-27 13:24:00,3961685.68,CRC,pago,atm,PU-001,Tarjeta Crédito
TXN-00002397,CTA-454303,CLI-76874,2026-06-08 15:03:00,2464066.6,CRC,transferencia,atm,AL-001,Préstamo Hipotecario
TXN-00002398,CTA-542461,CLI-57672,2026-06-29 18:30:00,3664706.12,CRC,transferencia,sinpe,LI-001,Tarjeta Crédito
TXN-00002399,CTA-744226,CLI-25552,2026-06-09 02:10:00,1523404.03,CRC,deposito,web,AL-001,Tarjeta Crédito
TXN-00002400,CTA-106561,CLI-15164,2026-06-02 03:44:00,4662940.05,CRC,deposito,sucursal,AL-001,Tarjeta Crédito
TXN-00002401,CTA-343363,CLI-19535,2026-06-17 22:52:00,2932070.31,CRC,retiro,sucursal,CA-001,Cuenta Corriente
TXN-00002402,CTA-105840,CLI-52464,2026-06-15 20:03:00,347143.64,CRC,transferencia,web,LI-001,Cuenta Corriente
TXN-00002403,CTA-546360,CLI-82816,2026-06-24 17:55:00,3167455.83,CRC,retiro,app_movil,CA-001,Tarjeta Crédito
TXN-00002404,CTA-650284,CLI-90859,2026-06-14 19:14:00,4255759.49,CRC,pago,web,HE-001,Préstamo Hipotecario
TXN-00002405,CTA-991648,CLI-39109,2026-06-29 05:09:00,721217.83,CRC,pago,web,LI-002,Préstamo Personal
TXN-00002406,CTA-106674,CLI-27004,2026-06-14 07:40:00,749373.72,CRC,transferencia,sinpe,PU-001,Cuenta Ahorro
TXN-00002407,CTA-172973,CLI-78921,2026-06-17 18:51:00,1046544.91,CRC,retiro,sucursal,HE-001,Préstamo Hipotecario
TXN-00002408,CTA-165971,CLI-26553,2026-06-05 19:37:00,952928.17,CRC,retiro,sinpe,AL-001,Cuenta Ahorro
TXN-00002409,CTA-754382,CLI-22137,2026-06-30 08:40:00,3134932.9,CRC,deposito,web,SJ-001,Cuenta Corriente
TXN-00002410,CTA-613317,CLI-30991,2026-06-05 02:08:00,2077424.63,CRC,retiro,sinpe,CA-001,Préstamo Personal
TXN-00002411,CTA-904189,CLI-71821,2026-06-16 16:50:00,2663033.05,CRC,pago,sinpe,SJ-001,Cuenta Corriente
TXN-00002412,CTA-467093,CLI-72924,2026-06-21 18:06:00,3934827.82,CRC,pago,atm,AL-001,Tarjeta Crédito
TXN-00002413,CTA-497315,CLI-30284,2026-06-17 12:41:00,2419682.92,CRC,comision,app_movil,HE-001,Tarjeta Crédito
TXN-00002414,CTA-913189,CLI-97789,2026-06-07 11:35:00,2555129.91,CRC,pago,web,SJ-002,Préstamo Hipotecario
TXN-00002415,CTA-676060,CLI-33809,2026-06-11 23:20:00,1963085.33,CRC,pago,app_movil,SJ-002,Préstamo Personal
TXN-00002416,CTA-325515,CLI-35994,2026-06-08 23:44:00,2286376.52,CRC,pago,sucursal,SJ-002,Préstamo Hipotecario
TXN-00002417,CTA-130688,CLI-52706,2026-06-30 19:52:00,4783498.32,CRC,retiro,sucursal,AL-001,Cuenta Ahorro
TXN-00002418,CTA-279508,CLI-23213,2026-06-27 05:51:00,3705231.88,CRC,pago,atm,CA-001,Préstamo Hipotecario
TXN-00002419,CTA-677407,CLI-28857,2026-06-04 10:18:00,1182124.05,CRC,retiro,sucursal,HE-001,Tarjeta Crédito
TXN-00002420,CTA-356399,CLI-85707,2026-06-30 17:35:00,3512648.78,CRC,comision,sucursal,LI-001,Tarjeta Crédito
TXN-00002421,CTA-228090,CLI-74107,2026-06-26 07:14:00,1334624.54,CRC,pago,web,HE-001,Cuenta Ahorro
TXN-00002422,CTA-120510,CLI-84847,2026-06-08 08:28:00,1449924.13,CRC,transferencia,atm,PU-001,Tarjeta Crédito
TXN-00002423,CTA-860248,CLI-25267,2026-06-27 06:54:00,3056452.99,CRC,retiro,web,LI-002,Préstamo Hipotecario
TXN-00002424,CTA-698782,CLI-32849,2026-06-27 11:59:00,14437.72,CRC,pago,app_movil,LI-002,Cuenta Ahorro
TXN-00002425,CTA-724842,CLI-71408,2026-06-03 12:33:00,1233200.27,CRC,comision,web,LI-001,Cuenta Corriente
TXN-00002426,CTA-957211,CLI-52844,2026-06-10 18:00:00,3539885.33,CRC,retiro,sinpe,LI-002,Préstamo Hipotecario
TXN-00002427,CTA-129442,CLI-98502,2026-06-24 14:49:00,654210.97,CRC,deposito,sucursal,CA-001,Tarjeta Crédito
TXN-00002428,CTA-281682,CLI-14935,2026-06-19 01:46:00,2740349.4,CRC,deposito,atm,SJ-001,Préstamo Hipotecario
TXN-00002429,CTA-630490,CLI-84569,2026-06-23 06:03:00,2593601.36,CRC,pago,atm,LI-002,Cuenta Ahorro
TXN-00002430,CTA-768390,CLI-80122,2026-06-17 22:32:00,924096.37,CRC,pago,app_movil,LI-001,Cuenta Corriente
TXN-00002431,CTA-416778,CLI-40970,2026-06-10 04:37:00,1391372.81,CRC,pago,app_movil,SJ-001,Préstamo Hipotecario
TXN-00002432,CTA-169634,CLI-55467,2026-06-27 02:47:00,548294.71,CRC,retiro,sucursal,LI-001,Préstamo Hipotecario
TXN-00002433,CTA-774141,CLI-85653,2026-06-05 06:12:00,3894945.2,CRC,retiro,sinpe,SJ-001,Tarjeta Crédito
TXN-00002434,CTA-601186,CLI-46331,2026-06-02 02:14:00,1514650.5,CRC,comision,sucursal,SJ-002,Cuenta Corriente
TXN-00002435,CTA-704555,CLI-64471,2026-06-28 20:33:00,4558360.56,CRC,pago,app_movil,CA-001,Cuenta Ahorro
TXN-00002436,CTA-220764,CLI-29029,2026-06-28 00:14:00,465553.2,CRC,pago,app_movil,LI-002,Cuenta Ahorro
TXN-00002437,CTA-223815,CLI-70338,2026-06-07 21:47:00,1037020.85,CRC,pago,web,SJ-002,Cuenta Ahorro
TXN-00002438,CTA-882259,CLI-98268,2026-06-03 10:26:00,3029580.73,CRC,deposito,app_movil,SJ-002,Cuenta Corriente
TXN-00002439,CTA-289485,CLI-15485,2026-06-18 09:52:00,523423.16,CRC,deposito,sinpe,PU-001,Cuenta Corriente
TXN-00002440,CTA-793861,CLI-79357,2026-06-21 07:41:00,3615273.8,CRC,pago,sucursal,AL-001,Cuenta Ahorro
TXN-00002441,CTA-699663,CLI-35224,2026-06-29 08:27:00,186078.1,CRC,pago,web,CA-001,Tarjeta Crédito
TXN-00002442,CTA-577462,CLI-95278,2026-06-10 11:37:00,3302025.76,CRC,transferencia,sinpe,SJ-001,Cuenta Corriente
TXN-00002443,CTA-194477,CLI-47283,2026-06-07 19:26:00,881509.69,CRC,deposito,sinpe,HE-001,Préstamo Personal
TXN-00002444,CTA-109166,CLI-85553,2026-06-29 11:02:00,4609723.02,CRC,transferencia,sucursal,AL-001,Cuenta Ahorro
TXN-00002445,CTA-117946,CLI-87516,2026-06-28 03:20:00,1878509.11,CRC,retiro,atm,HE-001,Tarjeta Crédito
TXN-00002446,CTA-871734,CLI-95872,2026-06-18 07:36:00,4052512.59,CRC,deposito,sucursal,SJ-002,Préstamo Hipotecario
TXN-00002447,CTA-828299,CLI-86475,2026-06-28 03:12:00,641888.45,CRC,pago,app_movil,LI-001,Cuenta Corriente
TXN-00002448,CTA-388842,CLI-35002,2026-06-11 09:58:00,594133.02,CRC,pago,atm,LI-002,Préstamo Hipotecario
TXN-00002449,CTA-899614,CLI-27083,2026-06-15 20:46:00,1937456.37,CRC,retiro,app_movil,LI-001,Tarjeta Crédito
TXN-00002450,CTA-605258,CLI-17053,2026-06-04 09:51:00,129202.09,CRC,pago,app_movil,AL-001,Tarjeta Crédito
TXN-00002451,CTA-684610,CLI-74861,2026-06-28 22:55:00,2397073.19,CRC,transferencia,app_movil,AL-001,Cuenta Ahorro
TXN-00002452,CTA-856597,CLI-21190,2026-06-28 06:20:00,2216129.77,CRC,pago,web,SJ-001,Préstamo Hipotecario
TXN-00002453,CTA-232626,CLI-46883,2026-06-02 00:26:00,1141778.04,CRC,comision,app_movil,PU-001,Tarjeta Crédito
TXN-00002454,CTA-266302,CLI-99712,2026-06-15 12:54:00,4764619.39,CRC,deposito,sucursal,HE-001,Tarjeta Crédito
TXN-00002455,CTA-117679,CLI-90758,2026-06-02 11:22:00,294180.3,CRC,transferencia,web,CA-001,Préstamo Personal
TXN-00002456,CTA-925061,CLI-50404,2026-06-26 16:30:00,1843461.93,CRC,comision,app_movil,LI-002,Tarjeta Crédito
TXN-00002457,CTA-545823,CLI-32607,2026-06-21 03:40:00,1860477.02,CRC,retiro,atm,LI-001,Préstamo Personal
TXN-00002458,CTA-363296,CLI-70521,2026-06-05 20:14:00,4184014.26,CRC,pago,app_movil,AL-001,Cuenta Corriente
TXN-00002459,CTA-935986,CLI-77394,2026-06-03 00:11:00,3846015.21,CRC,deposito,app_movil,SJ-001,Cuenta Ahorro
TXN-00002460,CTA-205253,CLI-68894,2026-06-02 05:06:00,2769662.91,CRC,pago,atm,PU-001,Cuenta Corriente
TXN-00002461,CTA-144693,CLI-81352,2026-06-23 06:06:00,2119602.58,CRC,deposito,sinpe,AL-001,Cuenta Corriente
TXN-00002462,CTA-721540,CLI-13995,2026-06-17 16:02:00,537903.37,CRC,deposito,atm,LI-002,Cuenta Corriente
TXN-00002463,CTA-144512,CLI-63554,2026-06-22 02:13:00,978233.27,CRC,pago,app_movil,SJ-002,Cuenta Ahorro
TXN-00002464,CTA-448273,CLI-20447,2026-06-03 10:51:00,3563393.63,CRC,deposito,atm,LI-002,Tarjeta Crédito
TXN-00002465,CTA-309185,CLI-62509,2026-06-25 03:39:00,2460673.6,CRC,retiro,app_movil,HE-001,Cuenta Ahorro
TXN-00002466,CTA-290553,CLI-55735,2026-06-02 03:04:00,2826090.93,CRC,comision,sinpe,SJ-001,Tarjeta Crédito
TXN-00002467,CTA-725119,CLI-43260,2026-06-21 08:02:00,3517335.39,CRC,pago,app_movil,PU-001,Cuenta Ahorro
TXN-00002468,CTA-803647,CLI-36262,2026-06-06 11:36:00,1669479.77,CRC,comision,web,SJ-001,Cuenta Ahorro
TXN-00002469,CTA-512744,CLI-67253,2026-06-21 00:01:00,4191815.23,CRC,retiro,app_movil,HE-001,Tarjeta Crédito
TXN-00002470,CTA-971044,CLI-28117,2026-06-27 15:08:00,2623554.96,CRC,pago,app_movil,SJ-002,Cuenta Corriente
TXN-00002471,CTA-546235,CLI-23129,2026-06-03 14:53:00,2015518.71,CRC,transferencia,atm,HE-001,Préstamo Hipotecario
TXN-00002472,CTA-153034,CLI-68580,2026-06-02 03:14:00,3975721.87,CRC,comision,web,SJ-002,Préstamo Personal
TXN-00002473,CTA-885407,CLI-95865,2026-06-06 15:47:00,187716.33,CRC,transferencia,sinpe,HE-001,Cuenta Ahorro
TXN-00002474,CTA-690265,CLI-92716,2026-06-25 18:03:00,4102916.67,CRC,transferencia,sinpe,SJ-002,Cuenta Corriente
TXN-00002475,CTA-842107,CLI-18621,2026-06-15 08:06:00,3338880.72,CRC,transferencia,sucursal,CA-001,Cuenta Corriente
TXN-00002476,CTA-412086,CLI-94749,2026-06-12 15:05:00,4039351.87,CRC,comision,web,SJ-001,Préstamo Personal
TXN-00002477,CTA-779505,CLI-18535,2026-06-28 14:01:00,3194769.1,CRC,retiro,web,LI-002,Préstamo Hipotecario
TXN-00002478,CTA-500788,CLI-89034,2026-06-20 23:31:00,4068512.85,CRC,comision,atm,SJ-002,Cuenta Corriente
TXN-00002479,CTA-255650,CLI-38348,2026-06-19 16:47:00,4777304.79,CRC,pago,atm,PU-001,Cuenta Corriente
TXN-00002480,CTA-360300,CLI-40578,2026-06-23 01:46:00,2855518.49,CRC,retiro,atm,LI-002,Préstamo Personal
TXN-00002481,CTA-640423,CLI-97783,2026-06-09 07:54:00,3685102.85,CRC,comision,sinpe,CA-001,Tarjeta Crédito
TXN-00002482,CTA-567736,CLI-11921,2026-06-27 12:38:00,4978357.17,CRC,deposito,atm,SJ-002,Cuenta Ahorro
TXN-00002483,CTA-589966,CLI-16682,2026-06-20 14:32:00,132508.45,CRC,comision,web,AL-001,Préstamo Hipotecario
TXN-00002484,CTA-157590,CLI-30756,2026-06-08 19:21:00,446025.07,CRC,deposito,atm,SJ-002,Cuenta Corriente
TXN-00002485,CTA-817588,CLI-90636,2026-06-25 20:06:00,1176818.46,CRC,comision,sinpe,SJ-002,Préstamo Hipotecario
TXN-00002486,CTA-217395,CLI-20944,2026-06-23 23:00:00,4504261.47,CRC,pago,app_movil,LI-002,Préstamo Hipotecario
TXN-00002487,CTA-632904,CLI-14002,2026-06-23 22:07:00,4639089.06,CRC,deposito,sinpe,HE-001,Préstamo Personal
TXN-00002488,CTA-268523,CLI-25760,2026-06-12 20:01:00,2675984.64,CRC,pago,atm,HE-001,Préstamo Hipotecario
TXN-00002489,CTA-561744,CLI-76433,2026-06-24 08:29:00,2855867.05,CRC,transferencia,web,CA-001,Cuenta Corriente
TXN-00002490,CTA-126941,CLI-44013,2026-06-25 12:50:00,309510.7,CRC,comision,app_movil,AL-001,Préstamo Personal
TXN-00002491,CTA-198248,CLI-33570,2026-06-22 14:04:00,2366903.01,CRC,retiro,web,LI-001,Préstamo Hipotecario
TXN-00002492,CTA-195948,CLI-94928,2026-06-04 20:58:00,2978806.26,CRC,deposito,sucursal,HE-001,Préstamo Hipotecario
TXN-00002493,CTA-729042,CLI-97872,2026-06-23 17:47:00,3957524.97,CRC,pago,sinpe,HE-001,Préstamo Hipotecario
TXN-00002494,CTA-511151,CLI-85837,2026-06-07 20:19:00,3631301.01,CRC,pago,app_movil,LI-002,Tarjeta Crédito
TXN-00002495,CTA-223641,CLI-43901,2026-06-02 23:06:00,1147456.99,CRC,deposito,sinpe,LI-001,Préstamo Personal
TXN-00002496,CTA-618369,CLI-82331,2026-06-06 02:52:00,2136321.12,CRC,retiro,sucursal,LI-001,Préstamo Personal
TXN-00002497,CTA-495718,CLI-56405,2026-06-13 22:19:00,1667201.26,CRC,deposito,web,CA-001,Préstamo Hipotecario
TXN-00002498,CTA-771087,CLI-15920,2026-06-30 23:24:00,909444.53,CRC,comision,web,PU-001,Tarjeta Crédito
TXN-00002499,CTA-360733,CLI-44711,2026-06-28 18:05:00,1919269.65,CRC,comision,web,PU-001,Cuenta Corriente
TXN-00002500,CTA-259057,CLI-18488,2026-06-13 02:09:00,2558991.39,CRC,pago,app_movil,LI-002,Cuenta Ahorro
TXN-00002501,CTA-249253,CLI-30946,2026-06-26 12:34:00,511946.17,CRC,transferencia,sinpe,LI-001,Cuenta Ahorro
TXN-00002502,CTA-673268,CLI-26391,2026-06-29 16:28:00,1376810.94,CRC,deposito,sinpe,PU-001,Préstamo Hipotecario
TXN-00002503,CTA-658580,CLI-75773,2026-06-11 02:29:00,2673575.76,CRC,retiro,sinpe,HE-001,Cuenta Corriente
TXN-00002504,CTA-514385,CLI-72852,2026-06-20 20:07:00,4925077.17,CRC,retiro,sinpe,AL-001,Préstamo Personal
TXN-00002505,CTA-753513,CLI-18311,2026-06-28 09:28:00,2125147.26,CRC,deposito,atm,SJ-002,Cuenta Corriente
TXN-00002506,CTA-893445,CLI-42543,2026-06-10 18:14:00,2932903.2,CRC,transferencia,sinpe,SJ-002,Cuenta Ahorro
TXN-00002507,CTA-323707,CLI-72273,2026-06-10 07:26:00,540694.36,CRC,pago,app_movil,PU-001,Tarjeta Crédito
TXN-00002508,CTA-366875,CLI-52102,2026-06-09 11:47:00,219910.52,CRC,comision,sinpe,CA-001,Cuenta Corriente
TXN-00002509,CTA-834351,CLI-12874,2026-06-19 05:34:00,3899014.51,CRC,retiro,atm,LI-001,Tarjeta Crédito
TXN-00002510,CTA-230620,CLI-90777,2026-06-14 17:57:00,724078.16,CRC,deposito,web,LI-002,Tarjeta Crédito
TXN-00002511,CTA-830872,CLI-47899,2026-06-30 14:17:00,4365336.49,CRC,transferencia,app_movil,SJ-001,Préstamo Hipotecario
TXN-00002512,CTA-592879,CLI-73470,2026-06-19 22:48:00,4225794.58,CRC,deposito,sinpe,PU-001,Cuenta Ahorro
TXN-00002513,CTA-864921,CLI-10373,2026-06-12 18:33:00,2733975.19,CRC,pago,web,SJ-001,Préstamo Hipotecario
TXN-00002514,CTA-564362,CLI-45503,2026-06-07 14:52:00,1358221.46,CRC,pago,sinpe,SJ-002,Cuenta Corriente
TXN-00002515,CTA-513683,CLI-92128,2026-06-11 07:22:00,3113115.03,CRC,pago,atm,LI-001,Préstamo Hipotecario
TXN-00002516,CTA-710029,CLI-61881,2026-06-20 05:08:00,3494704.85,CRC,comision,sinpe,CA-001,Préstamo Personal
TXN-00002517,CTA-822142,CLI-21835,2026-06-15 04:22:00,2836539.77,CRC,transferencia,atm,PU-001,Préstamo Hipotecario
TXN-00002518,CTA-151695,CLI-24502,2026-06-12 21:19:00,4018092.87,CRC,deposito,sinpe,LI-001,Cuenta Ahorro
TXN-00002519,CTA-820846,CLI-72620,2026-06-28 06:23:00,293881.81,CRC,transferencia,sucursal,AL-001,Préstamo Personal
TXN-00002520,CTA-597529,CLI-20303,2026-06-03 00:35:00,567829.19,CRC,pago,app_movil,LI-001,Cuenta Ahorro
TXN-00002521,CTA-429659,CLI-42578,2026-06-28 02:59:00,1036500.54,CRC,pago,sucursal,PU-001,Cuenta Corriente
TXN-00002522,CTA-728614,CLI-17315,2026-06-24 10:09:00,1638941.56,CRC,pago,web,HE-001,Cuenta Corriente
TXN-00002523,CTA-782966,CLI-85025,2026-06-03 05:41:00,2970992.85,CRC,transferencia,sucursal,SJ-001,Tarjeta Crédito
TXN-00002524,CTA-407565,CLI-59327,2026-06-25 03:17:00,895458.78,CRC,pago,atm,HE-001,Préstamo Hipotecario
TXN-00002525,CTA-530398,CLI-16553,2026-06-28 21:59:00,2157268.69,CRC,transferencia,web,PU-001,Tarjeta Crédito
TXN-00002526,CTA-425836,CLI-51254,2026-06-08 08:45:00,4101136.68,CRC,pago,atm,SJ-001,Préstamo Personal
TXN-00002527,CTA-130601,CLI-84869,2026-06-21 03:58:00,2688052.26,CRC,pago,atm,LI-001,Tarjeta Crédito
TXN-00002528,CTA-944381,CLI-89771,2026-06-11 01:05:00,3906516.22,CRC,deposito,web,CA-001,Cuenta Ahorro
TXN-00002529,CTA-524082,CLI-59972,2026-06-12 00:53:00,1291184.62,CRC,retiro,sucursal,LI-001,Préstamo Personal
TXN-00002530,CTA-515750,CLI-92919,2026-06-16 07:33:00,271907.82,CRC,transferencia,sinpe,HE-001,Préstamo Hipotecario
TXN-00002531,CTA-109600,CLI-98508,2026-06-16 19:02:00,4626836.1,CRC,pago,sucursal,CA-001,Cuenta Ahorro
TXN-00002532,CTA-289838,CLI-69234,2026-06-06 09:20:00,761626.98,CRC,pago,web,AL-001,Préstamo Personal
TXN-00002533,CTA-431355,CLI-90382,2026-06-15 03:16:00,672548.46,CRC,deposito,web,PU-001,Cuenta Corriente
TXN-00002534,CTA-843588,CLI-23096,2026-06-05 17:13:00,885210.7,CRC,deposito,atm,SJ-002,Préstamo Hipotecario
TXN-00002535,CTA-106416,CLI-80366,2026-06-12 10:22:00,4966874.16,CRC,deposito,app_movil,PU-001,Préstamo Personal
TXN-00002536,CTA-618556,CLI-83246,2026-06-27 19:08:00,2406520.59,CRC,retiro,sucursal,PU-001,Cuenta Corriente
TXN-00002537,CTA-923754,CLI-11785,2026-06-08 20:50:00,2220997.61,CRC,transferencia,web,LI-001,Cuenta Ahorro
TXN-00002538,CTA-769614,CLI-65704,2026-06-19 14:14:00,4263856.23,CRC,deposito,sucursal,HE-001,Cuenta Corriente
TXN-00002539,CTA-363432,CLI-39990,2026-06-08 11:48:00,1020250.84,CRC,pago,atm,SJ-001,Cuenta Ahorro
TXN-00002540,CTA-864932,CLI-60576,2026-06-20 13:45:00,3482475.03,CRC,comision,app_movil,LI-001,Préstamo Personal
TXN-00002541,CTA-766430,CLI-32125,2026-06-26 05:13:00,4868540.87,CRC,transferencia,atm,LI-001,Préstamo Hipotecario
TXN-00002542,CTA-804380,CLI-83071,2026-06-08 22:57:00,640455.59,CRC,retiro,sinpe,HE-001,Tarjeta Crédito
TXN-00002543,CTA-381390,CLI-16179,2026-06-12 12:34:00,3984782.63,CRC,deposito,web,LI-001,Tarjeta Crédito
TXN-00002544,CTA-589919,CLI-54373,2026-06-14 21:41:00,1426749.54,CRC,retiro,sucursal,LI-001,Cuenta Corriente
TXN-00002545,CTA-261652,CLI-68648,2026-06-06 01:40:00,4722377.21,CRC,transferencia,sinpe,AL-001,Préstamo Hipotecario
TXN-00002546,CTA-911129,CLI-62185,2026-06-23 08:34:00,2254299.83,CRC,retiro,sucursal,SJ-002,Tarjeta Crédito
TXN-00002547,CTA-132196,CLI-35117,2026-06-30 08:34:00,2446936.76,CRC,comision,sinpe,AL-001,Préstamo Personal
TXN-00002548,CTA-470808,CLI-11653,2026-06-08 17:22:00,4488798.51,CRC,comision,app_movil,SJ-002,Cuenta Corriente
TXN-00002549,CTA-966859,CLI-15466,2026-06-28 14:43:00,4811618.66,CRC,transferencia,atm,PU-001,Cuenta Ahorro
TXN-00002550,CTA-931338,CLI-40086,2026-06-02 12:15:00,3044795.06,CRC,transferencia,sinpe,PU-001,Préstamo Hipotecario
TXN-00002551,CTA-340582,CLI-53387,2026-06-07 14:11:00,3121020.67,CRC,retiro,atm,HE-001,Cuenta Corriente
TXN-00002552,CTA-849894,CLI-61948,2026-06-02 15:03:00,2573996.38,CRC,pago,web,SJ-002,Préstamo Hipotecario
TXN-00002553,CTA-462115,CLI-32577,2026-06-14 01:02:00,4212958.28,CRC,transferencia,atm,SJ-002,Tarjeta Crédito
TXN-00002554,CTA-156085,CLI-79695,2026-06-17 08:37:00,1310175.95,CRC,retiro,sinpe,HE-001,Tarjeta Crédito
TXN-00002555,CTA-328005,CLI-69026,2026-06-04 00:02:00,3014234.26,CRC,comision,app_movil,LI-002,Cuenta Corriente
TXN-00002556,CTA-724695,CLI-26165,2026-06-30 05:00:00,1205376.91,CRC,retiro,sinpe,LI-001,Préstamo Personal
TXN-00002557,CTA-871061,CLI-60593,2026-06-23 20:41:00,4370793.19,CRC,comision,sinpe,HE-001,Préstamo Hipotecario
TXN-00002558,CTA-901462,CLI-88492,2026-06-20 08:51:00,4424111.29,CRC,deposito,atm,AL-001,Tarjeta Crédito
TXN-00002559,CTA-209737,CLI-45945,2026-06-22 21:38:00,4187714.69,CRC,pago,sucursal,AL-001,Tarjeta Crédito
TXN-00002560,CTA-193891,CLI-88409,2026-06-18 03:36:00,183109.51,CRC,comision,web,CA-001,Tarjeta Crédito
TXN-00002561,CTA-313631,CLI-82973,2026-06-08 23:10:00,661873.66,CRC,retiro,sinpe,HE-001,Préstamo Personal
TXN-00002562,CTA-930837,CLI-23527,2026-06-08 09:44:00,1192097.56,CRC,retiro,app_movil,CA-001,Préstamo Hipotecario
TXN-00002563,CTA-956593,CLI-30593,2026-06-23 18:05:00,1960093.96,CRC,comision,sucursal,SJ-001,Cuenta Ahorro
TXN-00002564,CTA-684104,CLI-37799,2026-06-24 12:47:00,3558741.73,CRC,retiro,sucursal,SJ-001,Cuenta Corriente
TXN-00002565,CTA-341192,CLI-33033,2026-06-03 00:54:00,75499.25,CRC,deposito,app_movil,SJ-002,Cuenta Corriente
TXN-00002566,CTA-497832,CLI-25022,2026-06-24 18:11:00,2307084.34,CRC,deposito,app_movil,PU-001,Préstamo Hipotecario
TXN-00002567,CTA-227614,CLI-11468,2026-06-29 17:38:00,3574614.91,CRC,comision,app_movil,LI-002,Tarjeta Crédito
TXN-00002568,CTA-197455,CLI-47848,2026-06-09 14:49:00,1919195.77,CRC,deposito,sucursal,LI-001,Préstamo Hipotecario
TXN-00002569,CTA-772297,CLI-21147,2026-06-14 04:03:00,3249728.34,CRC,comision,sinpe,LI-001,Cuenta Corriente
TXN-00002570,CTA-887559,CLI-82133,2026-06-22 23:06:00,2106279.67,CRC,retiro,sucursal,HE-001,Tarjeta Crédito
TXN-00002571,CTA-717298,CLI-51470,2026-06-15 01:52:00,4331906.49,CRC,deposito,app_movil,PU-001,Cuenta Corriente
TXN-00002572,CTA-888106,CLI-62989,2026-06-10 00:52:00,2285763.27,CRC,retiro,app_movil,SJ-001,Tarjeta Crédito
TXN-00002573,CTA-716904,CLI-59701,2026-06-13 16:41:00,4762531.89,CRC,pago,app_movil,LI-001,Tarjeta Crédito
TXN-00002574,CTA-800912,CLI-61109,2026-06-01 21:20:00,2180122.38,CRC,pago,atm,SJ-001,Cuenta Corriente
TXN-00002575,CTA-512077,CLI-58623,2026-06-04 08:38:00,4525030.48,CRC,transferencia,app_movil,SJ-001,Cuenta Corriente
TXN-00002576,CTA-568735,CLI-80995,2026-06-11 05:32:00,8926.64,CRC,transferencia,app_movil,HE-001,Préstamo Personal
TXN-00002577,CTA-592236,CLI-15499,2026-06-28 22:46:00,3862357.2,CRC,comision,sinpe,HE-001,Cuenta Corriente
TXN-00002578,CTA-674865,CLI-36516,2026-06-17 17:10:00,2150052.64,CRC,transferencia,sinpe,CA-001,Cuenta Ahorro
TXN-00002579,CTA-736415,CLI-70176,2026-06-18 04:47:00,797368.76,CRC,deposito,sinpe,PU-001,Cuenta Ahorro
TXN-00002580,CTA-645300,CLI-93267,2026-06-25 13:45:00,2790592.3,CRC,comision,app_movil,PU-001,Préstamo Personal
TXN-00002581,CTA-176176,CLI-57721,2026-06-25 01:57:00,3908164.82,CRC,deposito,atm,LI-002,Préstamo Hipotecario
TXN-00002582,CTA-984885,CLI-20162,2026-06-20 12:18:00,1815743.72,CRC,comision,web,AL-001,Préstamo Personal
TXN-00002583,CTA-191200,CLI-27393,2026-06-02 01:31:00,633394.49,CRC,pago,atm,CA-001,Préstamo Personal
TXN-00002584,CTA-417430,CLI-20310,2026-06-29 17:17:00,1901321.98,CRC,comision,app_movil,AL-001,Préstamo Hipotecario
TXN-00002585,CTA-922046,CLI-70422,2026-06-17 18:32:00,4703785.13,CRC,transferencia,atm,AL-001,Préstamo Hipotecario
TXN-00002586,CTA-579113,CLI-48114,2026-06-15 07:21:00,2303392.65,CRC,deposito,sucursal,SJ-002,Préstamo Personal
TXN-00002587,CTA-922144,CLI-19781,2026-06-14 12:10:00,3011013.78,CRC,deposito,sinpe,PU-001,Préstamo Hipotecario
TXN-00002588,CTA-847393,CLI-87623,2026-06-07 14:00:00,460418.39,CRC,pago,sucursal,HE-001,Préstamo Personal
TXN-00002589,CTA-732457,CLI-72590,2026-06-13 02:50:00,814431.23,CRC,transferencia,sinpe,AL-001,Préstamo Hipotecario
TXN-00002590,CTA-841482,CLI-44646,2026-06-04 09:19:00,267919.45,CRC,transferencia,atm,LI-002,Cuenta Ahorro
TXN-00002591,CTA-490959,CLI-73714,2026-06-05 18:56:00,3405395.26,CRC,deposito,atm,LI-001,Préstamo Personal
TXN-00002592,CTA-706053,CLI-28551,2026-06-24 00:27:00,15427.84,CRC,retiro,atm,AL-001,Préstamo Personal
TXN-00002593,CTA-152199,CLI-18305,2026-06-01 00:03:00,4690546.6,CRC,pago,sucursal,SJ-001,Tarjeta Crédito
TXN-00002594,CTA-581671,CLI-32502,2026-06-19 15:50:00,4753245.08,CRC,retiro,sucursal,HE-001,Tarjeta Crédito
TXN-00002595,CTA-687192,CLI-90088,2026-06-22 09:22:00,2515990.32,CRC,transferencia,atm,AL-001,Cuenta Corriente
TXN-00002596,CTA-783618,CLI-77726,2026-06-03 15:48:00,2427888.59,CRC,retiro,sucursal,SJ-002,Tarjeta Crédito
TXN-00002597,CTA-540071,CLI-19501,2026-06-21 14:23:00,451357.23,CRC,pago,sinpe,CA-001,Tarjeta Crédito
TXN-00002598,CTA-924496,CLI-56062,2026-06-01 06:49:00,330489.51,CRC,comision,app_movil,LI-002,Cuenta Corriente
TXN-00002599,CTA-740070,CLI-33330,2026-06-06 06:53:00,4873648.12,CRC,pago,app_movil,LI-001,Cuenta Corriente
TXN-00002600,CTA-883843,CLI-15717,2026-06-15 08:02:00,2137590.97,CRC,transferencia,sucursal,AL-001,Préstamo Personal
TXN-00002601,CTA-134422,CLI-70604,2026-06-03 10:09:00,998848.24,CRC,deposito,web,AL-001,Préstamo Hipotecario
TXN-00002602,CTA-607371,CLI-43610,2026-06-15 06:52:00,24012.88,CRC,deposito,sinpe,SJ-001,Préstamo Hipotecario
TXN-00002603,CTA-338030,CLI-94654,2026-06-15 05:04:00,3495935.08,CRC,retiro,sinpe,LI-001,Préstamo Hipotecario
TXN-00002604,CTA-700922,CLI-37962,2026-06-22 07:32:00,2965897.29,CRC,pago,atm,PU-001,Cuenta Ahorro
TXN-00002605,CTA-595155,CLI-25147,2026-06-28 02:05:00,1395863.68,CRC,pago,app_movil,HE-001,Préstamo Hipotecario
TXN-00002606,CTA-312005,CLI-50744,2026-06-24 10:09:00,4887043.65,CRC,comision,app_movil,AL-001,Cuenta Ahorro
TXN-00002607,CTA-147609,CLI-30149,2026-06-04 05:14:00,1289826.82,CRC,transferencia,sinpe,SJ-001,Préstamo Hipotecario
TXN-00002608,CTA-172058,CLI-71377,2026-06-19 08:29:00,3423327.23,CRC,transferencia,sucursal,CA-001,Tarjeta Crédito
TXN-00002609,CTA-963876,CLI-41713,2026-06-20 22:14:00,2620565.55,CRC,transferencia,sucursal,HE-001,Préstamo Personal
TXN-00002610,CTA-386270,CLI-81522,2026-06-25 02:50:00,2028752.22,CRC,pago,app_movil,SJ-001,Préstamo Personal
TXN-00002611,CTA-329668,CLI-42947,2026-06-21 09:07:00,2941841.76,CRC,transferencia,sinpe,CA-001,Préstamo Hipotecario
TXN-00002612,CTA-433362,CLI-39864,2026-06-09 21:14:00,4838397.35,CRC,pago,atm,HE-001,Préstamo Personal
TXN-00002613,CTA-155651,CLI-68394,2026-06-07 06:37:00,1654910.77,CRC,pago,atm,SJ-001,Cuenta Corriente
TXN-00002614,CTA-451863,CLI-56194,2026-06-18 21:46:00,2245479.22,CRC,deposito,atm,LI-001,Préstamo Personal
TXN-00002615,CTA-864607,CLI-11275,2026-06-08 06:10:00,2823290.66,CRC,comision,app_movil,CA-001,Préstamo Hipotecario
TXN-00002616,CTA-617351,CLI-92436,2026-06-16 04:03:00,536593.52,CRC,transferencia,app_movil,LI-001,Préstamo Hipotecario
TXN-00002617,CTA-187382,CLI-23122,2026-06-05 15:06:00,499549.63,CRC,pago,sinpe,CA-001,Préstamo Personal
TXN-00002618,CTA-944566,CLI-48657,2026-06-05 07:29:00,712478.73,CRC,pago,web,SJ-001,Cuenta Corriente
TXN-00002619,CTA-525850,CLI-91393,2026-06-09 01:29:00,3169595.67,CRC,transferencia,sucursal,AL-001,Tarjeta Crédito
TXN-00002620,CTA-100681,CLI-20838,2026-06-13 04:46:00,3413257.06,CRC,retiro,sucursal,SJ-002,Préstamo Personal
TXN-00002621,CTA-162412,CLI-11386,2026-06-15 06:41:00,4359742.78,CRC,retiro,web,LI-001,Cuenta Corriente
TXN-00002622,CTA-325023,CLI-33998,2026-06-04 14:13:00,555857.99,CRC,transferencia,sinpe,LI-001,Tarjeta Crédito
TXN-00002623,CTA-396243,CLI-15744,2026-06-21 00:45:00,160921.11,CRC,pago,app_movil,LI-001,Préstamo Personal
TXN-00002624,CTA-677497,CLI-16490,2026-06-09 16:54:00,2319014.26,CRC,transferencia,sinpe,AL-001,Tarjeta Crédito
TXN-00002625,CTA-798799,CLI-18619,2026-06-30 07:19:00,4567362.98,CRC,deposito,app_movil,SJ-001,Préstamo Personal
TXN-00002626,CTA-910403,CLI-11599,2026-06-14 02:24:00,4849203.79,CRC,retiro,sinpe,CA-001,Cuenta Corriente
TXN-00002627,CTA-132959,CLI-38116,2026-06-01 03:16:00,1741700.82,CRC,pago,app_movil,HE-001,Préstamo Hipotecario
TXN-00002628,CTA-669126,CLI-49307,2026-06-28 20:00:00,322982.92,CRC,comision,app_movil,HE-001,Cuenta Ahorro
TXN-00002629,CTA-746551,CLI-32840,2026-06-30 18:16:00,4402620.14,CRC,comision,atm,LI-001,Tarjeta Crédito
TXN-00002630,CTA-457006,CLI-29203,2026-06-12 02:06:00,3430437.4,CRC,deposito,atm,LI-001,Préstamo Personal
TXN-00002631,CTA-610544,CLI-84631,2026-06-04 05:10:00,297565.07,CRC,comision,app_movil,SJ-001,Cuenta Corriente
TXN-00002632,CTA-964286,CLI-81761,2026-06-19 02:29:00,4714580.05,CRC,deposito,app_movil,PU-001,Préstamo Hipotecario
TXN-00002633,CTA-146230,CLI-41671,2026-06-18 14:33:00,2388025.75,CRC,pago,sinpe,LI-002,Tarjeta Crédito
TXN-00002634,CTA-697977,CLI-47876,2026-06-06 16:52:00,3311399.58,CRC,transferencia,sinpe,CA-001,Tarjeta Crédito
TXN-00002635,CTA-614616,CLI-70093,2026-06-11 05:47:00,14892.64,CRC,pago,sucursal,SJ-001,Tarjeta Crédito
TXN-00002636,CTA-763626,CLI-55605,2026-06-15 22:21:00,1090613.07,CRC,deposito,app_movil,SJ-001,Préstamo Personal
TXN-00002637,CTA-236323,CLI-61270,2026-06-10 16:07:00,1566204.91,CRC,retiro,atm,PU-001,Cuenta Corriente
TXN-00002638,CTA-164118,CLI-92278,2026-06-21 21:45:00,919667.49,CRC,retiro,sinpe,HE-001,Cuenta Ahorro
TXN-00002639,CTA-997593,CLI-22484,2026-06-10 23:01:00,1539268.63,CRC,deposito,app_movil,CA-001,Cuenta Corriente
TXN-00002640,CTA-542242,CLI-98705,2026-06-27 00:01:00,3216112.03,CRC,deposito,atm,SJ-001,Cuenta Ahorro
TXN-00002641,CTA-354778,CLI-11827,2026-06-01 06:08:00,2552673.29,CRC,retiro,app_movil,PU-001,Cuenta Corriente
TXN-00002642,CTA-933175,CLI-27836,2026-06-18 11:27:00,2220914.97,CRC,comision,app_movil,PU-001,Tarjeta Crédito
TXN-00002643,CTA-689900,CLI-82939,2026-06-16 05:22:00,1671080.9,CRC,comision,web,LI-002,Tarjeta Crédito
TXN-00002644,CTA-722245,CLI-87803,2026-06-26 17:46:00,439546.47,CRC,pago,atm,AL-001,Cuenta Ahorro
TXN-00002645,CTA-984121,CLI-41492,2026-06-18 23:42:00,1155494.9,CRC,pago,sucursal,SJ-001,Cuenta Corriente
TXN-00002646,CTA-645952,CLI-34449,2026-06-07 10:31:00,1850849.93,CRC,deposito,atm,LI-002,Préstamo Personal
TXN-00002647,CTA-232206,CLI-10143,2026-06-22 02:07:00,3474820.35,CRC,pago,app_movil,SJ-001,Cuenta Corriente
TXN-00002648,CTA-888460,CLI-82185,2026-06-16 16:00:00,1129023.21,CRC,deposito,sucursal,AL-001,Cuenta Ahorro
TXN-00002649,CTA-933892,CLI-89691,2026-06-20 15:15:00,495774.31,CRC,retiro,app_movil,AL-001,Tarjeta Crédito
TXN-00002650,CTA-612578,CLI-10560,2026-06-24 20:49:00,2611747.61,CRC,transferencia,sinpe,SJ-002,Cuenta Corriente
TXN-00002651,CTA-627573,CLI-67216,2026-06-20 17:45:00,3864239.97,CRC,retiro,sinpe,SJ-002,Tarjeta Crédito
TXN-00002652,CTA-428149,CLI-84576,2026-06-16 02:58:00,3651919.79,CRC,pago,web,SJ-002,Cuenta Ahorro
TXN-00002653,CTA-146616,CLI-16598,2026-06-05 06:53:00,2780508.83,CRC,transferencia,sucursal,PU-001,Préstamo Personal
TXN-00002654,CTA-493674,CLI-89777,2026-06-25 08:20:00,336776.53,CRC,retiro,sinpe,CA-001,Préstamo Hipotecario
TXN-00002655,CTA-389523,CLI-53476,2026-06-22 19:50:00,4018725.41,CRC,transferencia,app_movil,AL-001,Cuenta Corriente
TXN-00002656,CTA-890618,CLI-72491,2026-06-24 09:19:00,841438.67,CRC,retiro,app_movil,AL-001,Cuenta Corriente
TXN-00002657,CTA-662723,CLI-26706,2026-06-09 02:01:00,3075594.49,CRC,retiro,sucursal,CA-001,Cuenta Ahorro
TXN-00002658,CTA-392284,CLI-73868,2026-06-03 16:37:00,444313.97,CRC,transferencia,sucursal,HE-001,Cuenta Ahorro
TXN-00002659,CTA-477384,CLI-85664,2026-06-24 21:19:00,331128.92,CRC,comision,sucursal,SJ-002,Cuenta Corriente
TXN-00002660,CTA-764843,CLI-37244,2026-06-06 18:12:00,638775.78,CRC,deposito,atm,SJ-001,Cuenta Ahorro
TXN-00002661,CTA-560227,CLI-75277,2026-06-10 23:13:00,653791.95,CRC,transferencia,sucursal,AL-001,Cuenta Corriente
TXN-00002662,CTA-143441,CLI-27123,2026-06-12 02:11:00,3589543.81,CRC,comision,app_movil,LI-001,Préstamo Personal
TXN-00002663,CTA-515102,CLI-35826,2026-06-16 06:25:00,2036382.83,CRC,deposito,app_movil,SJ-001,Tarjeta Crédito
TXN-00002664,CTA-561342,CLI-69889,2026-06-28 01:45:00,4674578.73,CRC,pago,atm,CA-001,Préstamo Personal
TXN-00002665,CTA-335137,CLI-27304,2026-06-27 14:29:00,3055915.12,CRC,deposito,app_movil,SJ-002,Cuenta Ahorro
TXN-00002666,CTA-952444,CLI-99887,2026-06-28 05:24:00,2079137.16,CRC,deposito,web,SJ-002,Tarjeta Crédito
TXN-00002667,CTA-266850,CLI-86289,2026-06-18 05:00:00,4303142.43,CRC,comision,sucursal,SJ-001,Cuenta Corriente
TXN-00002668,CTA-877911,CLI-80937,2026-06-02 07:51:00,1240459.49,CRC,transferencia,app_movil,HE-001,Préstamo Hipotecario
TXN-00002669,CTA-695055,CLI-20637,2026-06-18 14:48:00,811849.59,CRC,retiro,app_movil,PU-001,Préstamo Personal
TXN-00002670,CTA-484714,CLI-63197,2026-06-23 03:46:00,2505934.97,CRC,comision,atm,SJ-001,Préstamo Personal
TXN-00002671,CTA-142550,CLI-60222,2026-06-18 21:32:00,4770279.5,CRC,retiro,web,LI-002,Cuenta Ahorro
TXN-00002672,CTA-163380,CLI-49740,2026-06-04 19:52:00,1810891.93,CRC,comision,atm,PU-001,Tarjeta Crédito
TXN-00002673,CTA-552445,CLI-61316,2026-06-14 16:13:00,2205435.38,CRC,retiro,atm,SJ-001,Préstamo Hipotecario
TXN-00002674,CTA-460489,CLI-11118,2026-06-09 13:57:00,2838196.86,CRC,transferencia,sinpe,CA-001,Préstamo Personal
TXN-00002675,CTA-987629,CLI-32143,2026-06-08 14:42:00,949673.93,CRC,pago,sucursal,LI-002,Préstamo Personal
TXN-00002676,CTA-253991,CLI-43518,2026-06-06 08:18:00,1478293.05,CRC,retiro,web,SJ-002,Cuenta Ahorro
TXN-00002677,CTA-258655,CLI-23292,2026-06-16 15:13:00,1333508.71,CRC,comision,sinpe,LI-001,Cuenta Corriente
TXN-00002678,CTA-722978,CLI-90963,2026-06-25 07:03:00,4745768.58,CRC,deposito,sinpe,LI-002,Préstamo Personal
TXN-00002679,CTA-960525,CLI-21093,2026-06-07 17:07:00,3622050.08,CRC,comision,sinpe,CA-001,Préstamo Personal
TXN-00002680,CTA-455294,CLI-41381,2026-06-12 23:59:00,1005864.97,CRC,retiro,atm,CA-001,Préstamo Personal
TXN-00002681,CTA-482384,CLI-79681,2026-06-09 11:52:00,3333885.51,CRC,retiro,sucursal,LI-001,Cuenta Ahorro
TXN-00002682,CTA-136421,CLI-41573,2026-06-12 20:47:00,4746869.88,CRC,deposito,app_movil,CA-001,Tarjeta Crédito
TXN-00002683,CTA-492022,CLI-45006,2026-06-25 01:48:00,2028933.28,CRC,transferencia,web,LI-002,Préstamo Personal
TXN-00002684,CTA-934735,CLI-69445,2026-06-26 15:43:00,2497398.06,CRC,pago,sinpe,HE-001,Tarjeta Crédito
TXN-00002685,CTA-478003,CLI-41447,2026-06-29 22:23:00,4735000.22,CRC,pago,atm,LI-001,Préstamo Hipotecario
TXN-00002686,CTA-863503,CLI-87941,2026-06-22 11:45:00,1965744.3,CRC,comision,web,HE-001,Cuenta Corriente
TXN-00002687,CTA-232616,CLI-20364,2026-06-20 14:39:00,4529817.93,CRC,retiro,atm,CA-001,Tarjeta Crédito
TXN-00002688,CTA-108304,CLI-85063,2026-06-17 20:04:00,2677896.65,CRC,transferencia,sinpe,SJ-001,Tarjeta Crédito
TXN-00002689,CTA-294369,CLI-62310,2026-06-24 02:55:00,4074014.97,CRC,comision,sucursal,SJ-002,Tarjeta Crédito
TXN-00002690,CTA-985249,CLI-68547,2026-06-17 21:27:00,1985977.36,CRC,retiro,app_movil,PU-001,Cuenta Ahorro
TXN-00002691,CTA-389599,CLI-27918,2026-06-01 14:47:00,4350708.63,CRC,retiro,atm,LI-002,Préstamo Hipotecario
TXN-00002692,CTA-228492,CLI-47475,2026-06-06 09:36:00,908781.68,CRC,deposito,atm,HE-001,Préstamo Hipotecario
TXN-00002693,CTA-265059,CLI-64454,2026-06-27 13:21:00,1239814.06,CRC,deposito,atm,CA-001,Tarjeta Crédito
TXN-00002694,CTA-158548,CLI-69350,2026-06-15 01:27:00,3592253.22,CRC,comision,web,CA-001,Cuenta Ahorro
TXN-00002695,CTA-813733,CLI-12368,2026-06-30 22:28:00,1130801.36,CRC,deposito,sinpe,LI-002,Cuenta Corriente
TXN-00002696,CTA-248990,CLI-25761,2026-06-23 13:25:00,4598842.98,CRC,deposito,atm,LI-001,Préstamo Hipotecario
TXN-00002697,CTA-684037,CLI-46811,2026-06-21 07:50:00,4580835.06,CRC,transferencia,sucursal,SJ-002,Cuenta Ahorro
TXN-00002698,CTA-284778,CLI-66747,2026-06-17 12:13:00,3695882.77,CRC,comision,web,HE-001,Tarjeta Crédito
TXN-00002699,CTA-621373,CLI-35427,2026-06-13 03:41:00,243998.54,CRC,retiro,app_movil,LI-002,Préstamo Hipotecario
TXN-00002700,CTA-960205,CLI-29344,2026-06-19 16:50:00,4376685.09,CRC,retiro,web,LI-001,Préstamo Personal
TXN-00002701,CTA-519750,CLI-99386,2026-06-21 14:45:00,2886946.28,CRC,transferencia,web,AL-001,Cuenta Ahorro
TXN-00002702,CTA-392193,CLI-18119,2026-06-09 20:58:00,18023.08,CRC,deposito,atm,LI-002,Cuenta Ahorro
TXN-00002703,CTA-485338,CLI-52661,2026-06-20 23:51:00,123908.46,CRC,comision,app_movil,SJ-002,Cuenta Corriente
TXN-00002704,CTA-815567,CLI-33354,2026-06-02 03:39:00,2419740.83,CRC,retiro,app_movil,AL-001,Tarjeta Crédito
TXN-00002705,CTA-987810,CLI-35541,2026-06-09 11:29:00,2316110.38,CRC,deposito,web,LI-001,Cuenta Corriente
TXN-00002706,CTA-701530,CLI-26176,2026-06-28 11:57:00,1134319.11,CRC,retiro,web,HE-001,Préstamo Hipotecario
TXN-00002707,CTA-272468,CLI-14598,2026-06-29 13:26:00,2472391.3,CRC,retiro,app_movil,SJ-002,Cuenta Ahorro
TXN-00002708,CTA-261663,CLI-77908,2026-06-18 04:58:00,1755971.07,CRC,pago,sucursal,LI-001,Cuenta Corriente
TXN-00002709,CTA-761827,CLI-73522,2026-06-28 08:22:00,2878491.8,CRC,retiro,atm,AL-001,Cuenta Ahorro
TXN-00002710,CTA-791298,CLI-99507,2026-06-17 23:59:00,4136407.72,CRC,retiro,sucursal,LI-001,Cuenta Ahorro
TXN-00002711,CTA-908303,CLI-68024,2026-06-08 16:34:00,3200043.22,CRC,retiro,sinpe,AL-001,Cuenta Ahorro
TXN-00002712,CTA-481252,CLI-72086,2026-06-24 18:23:00,8119.44,CRC,retiro,atm,AL-001,Cuenta Ahorro
TXN-00002713,CTA-191338,CLI-76489,2026-06-06 21:07:00,2116710.99,CRC,transferencia,app_movil,CA-001,Préstamo Personal
TXN-00002714,CTA-678003,CLI-70177,2026-06-19 01:44:00,4537082.61,CRC,deposito,sinpe,SJ-002,Cuenta Ahorro
TXN-00002715,CTA-226660,CLI-76278,2026-06-18 16:59:00,3939773.07,CRC,retiro,sucursal,LI-002,Préstamo Personal
TXN-00002716,CTA-230737,CLI-30443,2026-06-02 18:08:00,71783.18,CRC,pago,app_movil,SJ-002,Tarjeta Crédito
TXN-00002717,CTA-685394,CLI-98836,2026-06-30 08:18:00,4464849.14,CRC,comision,sucursal,CA-001,Cuenta Corriente
TXN-00002718,CTA-899061,CLI-44359,2026-06-23 10:28:00,4615291.38,CRC,comision,atm,PU-001,Préstamo Personal
TXN-00002719,CTA-890365,CLI-44426,2026-06-22 18:37:00,1622234.93,CRC,retiro,sucursal,CA-001,Cuenta Ahorro
TXN-00002720,CTA-269225,CLI-76631,2026-06-10 20:41:00,709030.35,CRC,deposito,app_movil,AL-001,Préstamo Hipotecario
TXN-00002721,CTA-462918,CLI-83428,2026-06-14 06:58:00,4985694.25,CRC,comision,sucursal,HE-001,Cuenta Ahorro
TXN-00002722,CTA-495341,CLI-33991,2026-06-09 03:07:00,2025731.85,CRC,comision,atm,LI-001,Cuenta Ahorro
TXN-00002723,CTA-354010,CLI-93287,2026-06-17 21:52:00,4501190.67,CRC,pago,sucursal,SJ-001,Cuenta Corriente
TXN-00002724,CTA-384747,CLI-62011,2026-06-30 11:31:00,2658331.63,CRC,pago,atm,SJ-002,Cuenta Corriente
TXN-00002725,CTA-430569,CLI-40030,2026-06-11 18:07:00,2428348.58,CRC,comision,atm,SJ-001,Cuenta Corriente
TXN-00002726,CTA-792051,CLI-19402,2026-06-30 17:28:00,743337.25,CRC,retiro,web,LI-001,Cuenta Ahorro
TXN-00002727,CTA-400756,CLI-97027,2026-06-19 06:19:00,2544081.19,CRC,pago,sucursal,SJ-001,Préstamo Hipotecario
TXN-00002728,CTA-429075,CLI-46287,2026-06-22 13:13:00,1931195.48,CRC,pago,app_movil,LI-001,Tarjeta Crédito
TXN-00002729,CTA-938108,CLI-32843,2026-06-15 11:48:00,2843816.18,CRC,deposito,atm,HE-001,Cuenta Corriente
TXN-00002730,CTA-693731,CLI-98241,2026-06-20 11:37:00,361032.39,CRC,transferencia,atm,HE-001,Préstamo Personal
TXN-00002731,CTA-803096,CLI-21970,2026-06-13 08:40:00,2848307.64,CRC,comision,web,SJ-001,Préstamo Hipotecario
TXN-00002732,CTA-620776,CLI-56891,2026-06-10 15:02:00,2254845.55,CRC,retiro,app_movil,LI-001,Préstamo Personal
TXN-00002733,CTA-276923,CLI-66963,2026-06-01 00:34:00,91782.63,CRC,retiro,app_movil,AL-001,Cuenta Corriente
TXN-00002734,CTA-864374,CLI-96721,2026-06-29 08:12:00,481373.82,CRC,deposito,sucursal,LI-002,Tarjeta Crédito
TXN-00002735,CTA-888421,CLI-66360,2026-06-04 08:03:00,2858296.55,CRC,comision,web,CA-001,Préstamo Personal
TXN-00002736,CTA-693907,CLI-78579,2026-06-25 05:03:00,2030511.22,CRC,pago,sucursal,LI-002,Cuenta Corriente
TXN-00002737,CTA-607377,CLI-40320,2026-06-08 12:11:00,2453256.93,CRC,deposito,sinpe,PU-001,Cuenta Ahorro
TXN-00002738,CTA-807736,CLI-13711,2026-06-07 00:01:00,3260519.54,CRC,pago,atm,LI-002,Préstamo Hipotecario
TXN-00002739,CTA-540775,CLI-56191,2026-06-25 03:21:00,3244092.96,CRC,retiro,sucursal,LI-002,Préstamo Hipotecario
TXN-00002740,CTA-196149,CLI-92570,2026-06-15 01:15:00,577325.39,CRC,pago,atm,CA-001,Tarjeta Crédito
TXN-00002741,CTA-804762,CLI-85788,2026-06-09 13:45:00,4769110.8,CRC,transferencia,sucursal,SJ-001,Cuenta Ahorro
TXN-00002742,CTA-226931,CLI-86820,2026-06-06 16:11:00,229357.76,CRC,deposito,atm,AL-001,Cuenta Corriente
TXN-00002743,CTA-385514,CLI-47065,2026-06-16 21:18:00,4037963.54,CRC,comision,web,LI-002,Tarjeta Crédito
TXN-00002744,CTA-101248,CLI-28386,2026-06-22 20:13:00,3555121.26,CRC,pago,sinpe,SJ-001,Préstamo Personal
TXN-00002745,CTA-797702,CLI-67050,2026-06-19 00:08:00,1546624.95,CRC,pago,web,HE-001,Tarjeta Crédito
TXN-00002746,CTA-424544,CLI-21668,2026-06-27 01:12:00,2965836.21,CRC,pago,sucursal,LI-002,Préstamo Personal
TXN-00002747,CTA-135415,CLI-43676,2026-06-16 19:37:00,3453440.43,CRC,transferencia,app_movil,PU-001,Cuenta Corriente
TXN-00002748,CTA-832987,CLI-38913,2026-06-19 12:13:00,1765663.62,CRC,pago,sucursal,CA-001,Cuenta Corriente
TXN-00002749,CTA-692493,CLI-65918,2026-06-27 19:11:00,4875282.42,CRC,comision,sucursal,PU-001,Préstamo Personal
TXN-00002750,CTA-765834,CLI-84112,2026-06-21 02:06:00,550439.88,CRC,transferencia,sucursal,SJ-002,Préstamo Hipotecario
TXN-00002751,CTA-151952,CLI-58622,2026-06-18 07:13:00,1606160.01,CRC,comision,web,CA-001,Cuenta Corriente
TXN-00002752,CTA-269357,CLI-79339,2026-06-09 03:47:00,1749473.09,CRC,retiro,web,LI-001,Préstamo Personal
TXN-00002753,CTA-182169,CLI-51158,2026-06-10 09:24:00,1499248.61,CRC,comision,atm,PU-001,Préstamo Hipotecario
TXN-00002754,CTA-465618,CLI-46922,2026-06-29 06:02:00,3059008.57,CRC,pago,web,LI-001,Cuenta Ahorro
TXN-00002755,CTA-406351,CLI-39020,2026-06-14 14:04:00,3768842.53,CRC,transferencia,atm,LI-001,Cuenta Corriente
TXN-00002756,CTA-732795,CLI-87212,2026-06-14 21:31:00,1978214.12,CRC,retiro,sinpe,SJ-002,Cuenta Ahorro
TXN-00002757,CTA-398937,CLI-39676,2026-06-12 18:19:00,2892018.25,CRC,comision,atm,HE-001,Préstamo Personal
TXN-00002758,CTA-808860,CLI-96164,2026-06-13 00:08:00,2629596.86,CRC,comision,sucursal,SJ-001,Cuenta Ahorro
TXN-00002759,CTA-624816,CLI-65067,2026-06-11 05:14:00,2967011.56,CRC,retiro,sinpe,SJ-001,Préstamo Personal
TXN-00002760,CTA-265353,CLI-23580,2026-06-10 22:41:00,499695.05,CRC,deposito,sinpe,HE-001,Préstamo Personal
TXN-00002761,CTA-220736,CLI-72749,2026-06-06 20:59:00,3456668.46,CRC,deposito,web,SJ-001,Tarjeta Crédito
TXN-00002762,CTA-760914,CLI-64106,2026-06-14 17:09:00,964389.24,CRC,transferencia,atm,LI-001,Préstamo Personal
TXN-00002763,CTA-231765,CLI-14887,2026-06-27 15:38:00,4295858.4,CRC,retiro,app_movil,AL-001,Cuenta Corriente
TXN-00002764,CTA-989461,CLI-49896,2026-06-14 17:36:00,2833858.29,CRC,pago,app_movil,HE-001,Cuenta Ahorro
TXN-00002765,CTA-962936,CLI-13589,2026-06-28 19:18:00,2833301.08,CRC,retiro,atm,CA-001,Cuenta Corriente
TXN-00002766,CTA-583887,CLI-53688,2026-06-07 04:56:00,1020996.76,CRC,pago,atm,SJ-002,Préstamo Hipotecario
TXN-00002767,CTA-710638,CLI-54221,2026-06-28 01:47:00,952382.62,CRC,pago,app_movil,PU-001,Préstamo Hipotecario
TXN-00002768,CTA-739090,CLI-38626,2026-06-20 13:56:00,4613566.68,CRC,deposito,atm,SJ-002,Tarjeta Crédito
TXN-00002769,CTA-829560,CLI-52894,2026-06-26 03:31:00,946573.7,CRC,pago,web,HE-001,Cuenta Ahorro
TXN-00002770,CTA-668369,CLI-82185,2026-06-04 20:27:00,1114888.61,CRC,transferencia,app_movil,SJ-002,Cuenta Ahorro
TXN-00002771,CTA-527185,CLI-30653,2026-06-14 11:59:00,953278.01,CRC,retiro,app_movil,AL-001,Cuenta Ahorro
TXN-00002772,CTA-292006,CLI-44750,2026-06-09 20:53:00,2288138.96,CRC,pago,sucursal,HE-001,Cuenta Corriente
TXN-00002773,CTA-572658,CLI-85949,2026-06-01 20:26:00,1160721.51,CRC,pago,sinpe,HE-001,Préstamo Personal
TXN-00002774,CTA-929916,CLI-95344,2026-06-25 14:07:00,164315.03,CRC,transferencia,sucursal,SJ-001,Préstamo Hipotecario
TXN-00002775,CTA-152557,CLI-30052,2026-06-13 18:28:00,3766562.93,CRC,deposito,web,PU-001,Préstamo Personal
TXN-00002776,CTA-297471,CLI-14920,2026-06-14 00:26:00,2329615.23,CRC,transferencia,sucursal,SJ-002,Tarjeta Crédito
TXN-00002777,CTA-932505,CLI-58052,2026-06-03 15:50:00,1142676.08,CRC,deposito,sucursal,AL-001,Cuenta Ahorro
TXN-00002778,CTA-454775,CLI-33746,2026-06-26 10:40:00,2111199.41,CRC,pago,atm,HE-001,Cuenta Ahorro
TXN-00002779,CTA-260765,CLI-91737,2026-06-10 01:19:00,668249.36,CRC,retiro,app_movil,CA-001,Cuenta Ahorro
TXN-00002780,CTA-701480,CLI-24130,2026-06-01 17:44:00,1651615.11,CRC,retiro,sucursal,AL-001,Cuenta Corriente
TXN-00002781,CTA-365959,CLI-63515,2026-06-11 10:55:00,1098078.48,CRC,pago,web,SJ-001,Cuenta Corriente
TXN-00002782,CTA-482940,CLI-11403,2026-06-06 14:11:00,3916782.74,CRC,pago,web,PU-001,Cuenta Ahorro
TXN-00002783,CTA-430499,CLI-42653,2026-06-22 18:31:00,3754767.9,CRC,deposito,sucursal,LI-001,Tarjeta Crédito
TXN-00002784,CTA-182042,CLI-32680,2026-06-30 04:58:00,1053836.27,CRC,retiro,sinpe,LI-001,Préstamo Hipotecario
TXN-00002785,CTA-130454,CLI-38414,2026-06-12 18:08:00,853965.97,CRC,transferencia,sucursal,LI-002,Cuenta Corriente
TXN-00002786,CTA-938394,CLI-86221,2026-06-06 18:46:00,2292804.87,CRC,deposito,app_movil,HE-001,Préstamo Personal
TXN-00002787,CTA-238834,CLI-48361,2026-06-08 10:05:00,3309925.05,CRC,deposito,atm,AL-001,Cuenta Corriente
TXN-00002788,CTA-371521,CLI-96580,2026-06-20 23:53:00,4581542.83,CRC,comision,web,PU-001,Cuenta Corriente
TXN-00002789,CTA-373101,CLI-64253,2026-06-22 16:13:00,1606253.52,CRC,deposito,sinpe,LI-002,Préstamo Hipotecario
TXN-00002790,CTA-477236,CLI-93862,2026-06-09 07:45:00,251182.15,CRC,comision,sucursal,HE-001,Préstamo Hipotecario
TXN-00002791,CTA-591950,CLI-92434,2026-06-21 01:22:00,3943310.34,CRC,retiro,atm,AL-001,Préstamo Hipotecario
TXN-00002792,CTA-727884,CLI-15256,2026-06-03 22:00:00,778603.64,CRC,comision,atm,AL-001,Préstamo Personal
TXN-00002793,CTA-631767,CLI-29324,2026-06-18 22:34:00,3563345.1,CRC,retiro,web,HE-001,Cuenta Ahorro
TXN-00002794,CTA-906796,CLI-20001,2026-06-29 13:04:00,2257396.2,CRC,retiro,app_movil,CA-001,Cuenta Ahorro
TXN-00002795,CTA-225017,CLI-79588,2026-06-04 20:20:00,4896652.77,CRC,pago,sinpe,SJ-002,Cuenta Corriente
TXN-00002796,CTA-679651,CLI-64516,2026-06-11 17:27:00,4912618.54,CRC,comision,app_movil,LI-001,Cuenta Corriente
TXN-00002797,CTA-608277,CLI-48187,2026-06-21 16:20:00,4314906.36,CRC,deposito,sucursal,SJ-001,Préstamo Hipotecario
TXN-00002798,CTA-749515,CLI-90904,2026-06-07 20:59:00,518741.46,CRC,transferencia,atm,LI-001,Cuenta Ahorro
TXN-00002799,CTA-901445,CLI-24338,2026-06-28 05:22:00,3676358.04,CRC,pago,app_movil,LI-001,Cuenta Ahorro
TXN-00002800,CTA-506648,CLI-43361,2026-06-08 23:41:00,4526674.86,CRC,retiro,sucursal,AL-001,Préstamo Hipotecario
TXN-00002801,CTA-478238,CLI-47914,2026-06-21 16:19:00,818585.32,CRC,retiro,sucursal,AL-001,Cuenta Corriente
TXN-00002802,CTA-436071,CLI-99797,2026-06-18 02:20:00,1885043.99,CRC,transferencia,sinpe,AL-001,Préstamo Personal
TXN-00002803,CTA-101580,CLI-80723,2026-06-09 18:06:00,3700449.51,CRC,retiro,sucursal,CA-001,Tarjeta Crédito
TXN-00002804,CTA-974002,CLI-12427,2026-06-14 09:35:00,2214650.27,CRC,transferencia,sinpe,HE-001,Préstamo Hipotecario
TXN-00002805,CTA-587194,CLI-12727,2026-06-23 17:08:00,59706.11,CRC,retiro,app_movil,LI-001,Tarjeta Crédito
TXN-00002806,CTA-817597,CLI-55791,2026-06-28 22:29:00,3830010.22,CRC,deposito,sinpe,PU-001,Tarjeta Crédito
TXN-00002807,CTA-754221,CLI-33810,2026-06-09 14:56:00,2484679.15,CRC,pago,web,LI-002,Cuenta Ahorro
TXN-00002808,CTA-381026,CLI-34246,2026-06-08 06:43:00,2071160.1,CRC,pago,web,LI-001,Préstamo Personal
TXN-00002809,CTA-476116,CLI-84349,2026-06-15 12:19:00,800929.85,CRC,retiro,app_movil,AL-001,Préstamo Personal
TXN-00002810,CTA-187781,CLI-28580,2026-06-04 15:59:00,1747099.12,CRC,comision,sucursal,PU-001,Cuenta Corriente
TXN-00002811,CTA-265326,CLI-29779,2026-06-30 18:28:00,2863950.39,CRC,comision,atm,LI-001,Cuenta Corriente
TXN-00002812,CTA-905940,CLI-63806,2026-06-04 05:55:00,4620378.7,CRC,retiro,app_movil,LI-001,Cuenta Ahorro
TXN-00002813,CTA-797135,CLI-86226,2026-06-27 21:58:00,1579707.38,CRC,pago,sucursal,LI-001,Préstamo Personal
TXN-00002814,CTA-951825,CLI-30207,2026-06-12 02:54:00,3342206.95,CRC,pago,sucursal,LI-002,Préstamo Hipotecario
TXN-00002815,CTA-495295,CLI-19961,2026-06-14 12:01:00,214684.25,CRC,transferencia,atm,AL-001,Préstamo Hipotecario
TXN-00002816,CTA-678001,CLI-54517,2026-06-24 09:49:00,3231889.35,CRC,deposito,sucursal,SJ-001,Cuenta Ahorro
TXN-00002817,CTA-897214,CLI-15301,2026-06-05 20:50:00,3273851.71,CRC,deposito,atm,CA-001,Préstamo Hipotecario
TXN-00002818,CTA-264662,CLI-18419,2026-06-25 07:44:00,3522158.02,CRC,deposito,sucursal,CA-001,Cuenta Ahorro
TXN-00002819,CTA-490188,CLI-48806,2026-06-05 07:04:00,3910772.73,CRC,comision,app_movil,AL-001,Tarjeta Crédito
TXN-00002820,CTA-669838,CLI-64677,2026-06-25 11:59:00,4348781.27,CRC,comision,web,AL-001,Préstamo Personal
TXN-00002821,CTA-711161,CLI-24383,2026-06-14 13:26:00,520801.99,CRC,comision,atm,SJ-001,Tarjeta Crédito
TXN-00002822,CTA-420439,CLI-27506,2026-06-26 07:35:00,1947927.6,CRC,deposito,app_movil,SJ-001,Préstamo Personal
TXN-00002823,CTA-649891,CLI-72972,2026-06-09 02:03:00,2211778.6,CRC,retiro,atm,LI-002,Préstamo Hipotecario
TXN-00002824,CTA-395456,CLI-62336,2026-06-15 21:29:00,3189391.6,CRC,transferencia,app_movil,PU-001,Préstamo Hipotecario
TXN-00002825,CTA-790491,CLI-33631,2026-06-20 19:30:00,1089339.92,CRC,deposito,sinpe,AL-001,Cuenta Ahorro
TXN-00002826,CTA-302698,CLI-33989,2026-06-20 20:21:00,896049.34,CRC,deposito,atm,AL-001,Cuenta Corriente
TXN-00002827,CTA-365222,CLI-79716,2026-06-03 01:40:00,816312.66,CRC,retiro,app_movil,HE-001,Tarjeta Crédito
TXN-00002828,CTA-744871,CLI-68525,2026-06-23 02:24:00,451147.96,CRC,retiro,web,SJ-002,Préstamo Hipotecario
TXN-00002829,CTA-652438,CLI-22653,2026-06-28 17:38:00,2877261.2,CRC,retiro,sinpe,HE-001,Cuenta Ahorro
TXN-00002830,CTA-552975,CLI-65344,2026-06-06 01:07:00,286008.28,CRC,pago,app_movil,SJ-001,Cuenta Ahorro
TXN-00002831,CTA-306263,CLI-31141,2026-06-01 02:19:00,27907.84,CRC,comision,atm,SJ-001,Cuenta Ahorro
TXN-00002832,CTA-201042,CLI-10504,2026-06-25 18:09:00,943571.74,CRC,transferencia,app_movil,PU-001,Tarjeta Crédito
TXN-00002833,CTA-655179,CLI-40794,2026-06-09 04:01:00,1222114.69,CRC,comision,app_movil,HE-001,Tarjeta Crédito
TXN-00002834,CTA-983374,CLI-90733,2026-06-26 04:11:00,4624599.26,CRC,retiro,sinpe,AL-001,Préstamo Hipotecario
TXN-00002835,CTA-659920,CLI-66648,2026-06-03 20:12:00,2256058.22,CRC,retiro,web,SJ-001,Préstamo Personal
TXN-00002836,CTA-682809,CLI-37106,2026-06-12 02:35:00,887374.72,CRC,comision,sinpe,CA-001,Préstamo Personal
TXN-00002837,CTA-527304,CLI-20918,2026-06-10 06:39:00,4072972.25,CRC,comision,atm,CA-001,Cuenta Corriente
TXN-00002838,CTA-576971,CLI-23730,2026-06-29 17:20:00,885988.61,CRC,retiro,web,PU-001,Préstamo Hipotecario
TXN-00002839,CTA-177998,CLI-34886,2026-06-14 20:49:00,5101.58,CRC,retiro,sinpe,SJ-002,Cuenta Ahorro
TXN-00002840,CTA-259755,CLI-22995,2026-06-10 03:40:00,3584764.38,CRC,comision,sinpe,CA-001,Cuenta Ahorro
TXN-00002841,CTA-729236,CLI-18296,2026-06-16 21:33:00,2305971.95,CRC,comision,web,AL-001,Tarjeta Crédito
TXN-00002842,CTA-605705,CLI-74619,2026-06-01 21:36:00,4763385.26,CRC,pago,app_movil,PU-001,Cuenta Corriente
TXN-00002843,CTA-275162,CLI-10822,2026-06-20 05:28:00,4127783.37,CRC,comision,sinpe,LI-001,Cuenta Corriente
TXN-00002844,CTA-178706,CLI-91417,2026-06-30 18:32:00,1237564.06,CRC,retiro,web,HE-001,Préstamo Hipotecario
TXN-00002845,CTA-627609,CLI-24505,2026-06-21 05:36:00,584777.64,CRC,transferencia,sinpe,PU-001,Préstamo Personal
TXN-00002846,CTA-413428,CLI-55867,2026-06-27 09:01:00,2705547.9,CRC,pago,sucursal,CA-001,Cuenta Corriente
TXN-00002847,CTA-829736,CLI-62330,2026-06-07 20:34:00,1884975.07,CRC,comision,web,PU-001,Cuenta Ahorro
TXN-00002848,CTA-198776,CLI-28135,2026-06-28 20:04:00,2874155.98,CRC,transferencia,web,LI-001,Cuenta Ahorro
TXN-00002849,CTA-334373,CLI-88950,2026-06-15 00:28:00,1717799.53,CRC,transferencia,web,AL-001,Cuenta Corriente
TXN-00002850,CTA-707473,CLI-89669,2026-06-21 05:20:00,4433085.56,CRC,deposito,web,HE-001,Tarjeta Crédito
TXN-00002851,CTA-747330,CLI-64002,2026-06-29 13:17:00,714454.21,CRC,pago,sinpe,LI-002,Tarjeta Crédito
TXN-00002852,CTA-515610,CLI-73495,2026-06-03 20:44:00,2870897.44,CRC,deposito,sinpe,LI-002,Cuenta Corriente
TXN-00002853,CTA-812733,CLI-75277,2026-06-26 04:17:00,1535660.64,CRC,transferencia,sinpe,LI-002,Tarjeta Crédito
TXN-00002854,CTA-178924,CLI-76723,2026-06-29 02:48:00,2028734.88,CRC,retiro,sinpe,HE-001,Préstamo Hipotecario
TXN-00002855,CTA-354313,CLI-47876,2026-06-14 18:09:00,2055356.49,CRC,pago,sinpe,SJ-002,Tarjeta Crédito
TXN-00002856,CTA-662492,CLI-79889,2026-06-10 09:17:00,3665647.61,CRC,deposito,web,PU-001,Tarjeta Crédito
TXN-00002857,CTA-431388,CLI-11294,2026-06-27 14:11:00,1326840.27,CRC,comision,sucursal,SJ-001,Préstamo Hipotecario
TXN-00002858,CTA-279203,CLI-25501,2026-06-18 22:53:00,1634008.42,CRC,deposito,sucursal,SJ-001,Préstamo Personal
TXN-00002859,CTA-519655,CLI-47994,2026-06-07 08:24:00,196383.51,CRC,comision,sinpe,LI-002,Cuenta Corriente
TXN-00002860,CTA-974055,CLI-43117,2026-06-01 19:44:00,1353527.32,CRC,transferencia,sinpe,AL-001,Cuenta Corriente
TXN-00002861,CTA-665836,CLI-85121,2026-06-11 01:52:00,2781853.52,CRC,comision,sucursal,SJ-001,Cuenta Corriente
TXN-00002862,CTA-954383,CLI-80891,2026-06-16 00:19:00,1526301.23,CRC,comision,sucursal,LI-002,Préstamo Hipotecario
TXN-00002863,CTA-996123,CLI-23891,2026-06-28 01:54:00,1310295.56,CRC,comision,atm,LI-002,Préstamo Personal
TXN-00002864,CTA-568795,CLI-58569,2026-06-11 18:23:00,747737.24,CRC,deposito,app_movil,SJ-001,Cuenta Corriente
TXN-00002865,CTA-855188,CLI-61167,2026-06-10 16:29:00,3398605.57,CRC,pago,app_movil,SJ-001,Préstamo Hipotecario
TXN-00002866,CTA-118127,CLI-56849,2026-06-28 03:28:00,3225601.51,CRC,pago,atm,LI-001,Cuenta Corriente
TXN-00002867,CTA-300888,CLI-67445,2026-06-26 09:26:00,3836503.34,CRC,comision,atm,HE-001,Préstamo Personal
TXN-00002868,CTA-603161,CLI-12556,2026-06-21 10:14:00,2513765.41,CRC,deposito,sinpe,SJ-001,Préstamo Personal
TXN-00002869,CTA-942683,CLI-14576,2026-06-08 08:56:00,4391056.17,CRC,deposito,app_movil,PU-001,Cuenta Ahorro
TXN-00002870,CTA-228844,CLI-16239,2026-06-20 11:11:00,4442889.44,CRC,retiro,atm,LI-001,Tarjeta Crédito
TXN-00002871,CTA-724223,CLI-15670,2026-06-14 18:58:00,658502.0,CRC,pago,web,HE-001,Tarjeta Crédito
TXN-00002872,CTA-520341,CLI-59050,2026-06-16 14:35:00,2793571.84,CRC,retiro,atm,PU-001,Cuenta Corriente
TXN-00002873,CTA-232168,CLI-25313,2026-06-18 04:41:00,3937199.78,CRC,transferencia,atm,AL-001,Préstamo Hipotecario
TXN-00002874,CTA-243578,CLI-51343,2026-06-28 04:28:00,4361341.22,CRC,pago,sucursal,PU-001,Cuenta Ahorro
TXN-00002875,CTA-447902,CLI-40921,2026-06-09 05:28:00,3045333.07,CRC,retiro,atm,SJ-002,Préstamo Personal
TXN-00002876,CTA-603736,CLI-60960,2026-06-02 08:06:00,2495020.8,CRC,transferencia,sinpe,HE-001,Tarjeta Crédito
TXN-00002877,CTA-729965,CLI-67288,2026-06-15 19:43:00,2986841.33,CRC,transferencia,sucursal,LI-001,Cuenta Corriente
TXN-00002878,CTA-612857,CLI-20726,2026-06-11 13:08:00,1563386.54,CRC,retiro,atm,CA-001,Tarjeta Crédito
TXN-00002879,CTA-835593,CLI-88110,2026-06-16 19:46:00,509035.28,CRC,deposito,app_movil,CA-001,Cuenta Ahorro
TXN-00002880,CTA-195844,CLI-18911,2026-06-18 22:46:00,3292401.75,CRC,pago,sucursal,AL-001,Cuenta Ahorro
TXN-00002881,CTA-546272,CLI-45481,2026-06-29 19:44:00,2473772.74,CRC,comision,sinpe,LI-002,Cuenta Ahorro
TXN-00002882,CTA-846969,CLI-98487,2026-06-29 02:27:00,2778869.58,CRC,transferencia,sinpe,LI-001,Tarjeta Crédito
TXN-00002883,CTA-420102,CLI-32323,2026-06-08 18:44:00,2922695.22,CRC,transferencia,sucursal,AL-001,Tarjeta Crédito
TXN-00002884,CTA-626759,CLI-52951,2026-06-05 14:45:00,579165.14,CRC,pago,atm,PU-001,Préstamo Hipotecario
TXN-00002885,CTA-452309,CLI-16845,2026-06-04 19:47:00,333734.0,CRC,comision,app_movil,LI-002,Tarjeta Crédito
TXN-00002886,CTA-576166,CLI-50272,2026-06-15 00:58:00,1292373.45,CRC,transferencia,web,SJ-002,Cuenta Ahorro
TXN-00002887,CTA-248002,CLI-49002,2026-06-17 15:54:00,1783753.42,CRC,pago,sinpe,CA-001,Tarjeta Crédito
TXN-00002888,CTA-708783,CLI-49358,2026-06-06 02:28:00,596293.37,CRC,comision,web,LI-002,Cuenta Ahorro
TXN-00002889,CTA-732327,CLI-36630,2026-06-12 19:56:00,4237179.5,CRC,deposito,atm,HE-001,Cuenta Ahorro
TXN-00002890,CTA-230874,CLI-79448,2026-06-23 05:23:00,1112005.45,CRC,retiro,web,SJ-001,Cuenta Corriente
TXN-00002891,CTA-775607,CLI-78310,2026-06-04 02:58:00,1198989.99,CRC,comision,sucursal,CA-001,Préstamo Personal
TXN-00002892,CTA-283587,CLI-82983,2026-06-02 16:53:00,2530631.96,CRC,deposito,atm,LI-002,Cuenta Ahorro
TXN-00002893,CTA-399096,CLI-82725,2026-06-22 20:11:00,982299.98,CRC,pago,sucursal,LI-002,Tarjeta Crédito
TXN-00002894,CTA-566794,CLI-50072,2026-06-03 20:22:00,908514.84,CRC,pago,atm,LI-001,Cuenta Ahorro
TXN-00002895,CTA-944918,CLI-77090,2026-06-15 21:38:00,2413671.98,CRC,deposito,app_movil,CA-001,Préstamo Hipotecario
TXN-00002896,CTA-818860,CLI-72700,2026-06-26 16:36:00,1781845.99,CRC,retiro,atm,SJ-002,Tarjeta Crédito
TXN-00002897,CTA-602467,CLI-68024,2026-06-18 08:43:00,439024.09,CRC,pago,sucursal,LI-002,Préstamo Hipotecario
TXN-00002898,CTA-335388,CLI-37512,2026-06-19 02:09:00,4934697.71,CRC,pago,sucursal,SJ-002,Préstamo Hipotecario
TXN-00002899,CTA-759664,CLI-66362,2026-06-28 12:23:00,4443405.39,CRC,transferencia,atm,HE-001,Cuenta Corriente
TXN-00002900,CTA-217614,CLI-16320,2026-06-28 17:50:00,3447779.16,CRC,comision,sinpe,SJ-001,Préstamo Hipotecario
TXN-00002901,CTA-117785,CLI-79637,2026-06-16 11:40:00,1140147.3,CRC,retiro,atm,LI-002,Cuenta Ahorro
TXN-00002902,CTA-529495,CLI-96975,2026-06-05 07:59:00,2701972.59,CRC,comision,atm,SJ-002,Tarjeta Crédito
TXN-00002903,CTA-871880,CLI-77449,2026-06-08 17:54:00,1949922.35,CRC,comision,atm,HE-001,Préstamo Hipotecario
TXN-00002904,CTA-559318,CLI-32373,2026-06-28 23:49:00,2914611.79,CRC,comision,atm,LI-002,Préstamo Personal
TXN-00002905,CTA-232559,CLI-77936,2026-06-15 22:54:00,3771414.38,CRC,deposito,sinpe,LI-001,Cuenta Corriente
TXN-00002906,CTA-881390,CLI-86520,2026-06-09 03:40:00,358214.07,CRC,pago,sinpe,AL-001,Préstamo Hipotecario
TXN-00002907,CTA-413775,CLI-79313,2026-06-29 17:26:00,4100188.42,CRC,comision,sucursal,SJ-002,Préstamo Hipotecario
TXN-00002908,CTA-444107,CLI-86100,2026-06-21 13:32:00,2311148.37,CRC,comision,atm,SJ-002,Tarjeta Crédito
TXN-00002909,CTA-933413,CLI-37015,2026-06-15 23:03:00,3949747.9,CRC,pago,web,SJ-002,Cuenta Ahorro
TXN-00002910,CTA-209902,CLI-20878,2026-06-24 19:20:00,4910230.77,CRC,retiro,sucursal,PU-001,Cuenta Corriente
TXN-00002911,CTA-990158,CLI-80303,2026-06-10 13:17:00,3760175.52,CRC,deposito,app_movil,LI-001,Préstamo Hipotecario
TXN-00002912,CTA-183662,CLI-46058,2026-06-12 04:26:00,4171626.48,CRC,transferencia,sinpe,LI-002,Cuenta Corriente
TXN-00002913,CTA-566925,CLI-71343,2026-06-02 00:45:00,4167139.17,CRC,comision,app_movil,AL-001,Tarjeta Crédito
TXN-00002914,CTA-545881,CLI-65438,2026-06-15 08:44:00,2801809.82,CRC,comision,sucursal,AL-001,Cuenta Ahorro
TXN-00002915,CTA-788907,CLI-51036,2026-06-18 00:08:00,3140392.66,CRC,comision,sinpe,SJ-002,Cuenta Corriente
TXN-00002916,CTA-801430,CLI-51735,2026-06-22 03:33:00,3844242.21,CRC,retiro,sucursal,SJ-001,Préstamo Personal
TXN-00002917,CTA-352844,CLI-86610,2026-06-01 21:49:00,610180.83,CRC,deposito,app_movil,SJ-002,Cuenta Ahorro
TXN-00002918,CTA-597350,CLI-50288,2026-06-25 05:46:00,4264303.56,CRC,retiro,atm,AL-001,Tarjeta Crédito
TXN-00002919,CTA-144315,CLI-85231,2026-06-06 12:27:00,3617811.22,CRC,deposito,sinpe,CA-001,Tarjeta Crédito
TXN-00002920,CTA-852016,CLI-26124,2026-06-25 08:22:00,4278070.71,CRC,deposito,atm,SJ-002,Tarjeta Crédito
TXN-00002921,CTA-849347,CLI-70429,2026-06-03 18:37:00,1497384.96,CRC,retiro,web,AL-001,Cuenta Corriente
TXN-00002922,CTA-894323,CLI-62698,2026-06-16 14:55:00,1029002.25,CRC,retiro,web,LI-002,Cuenta Corriente
TXN-00002923,CTA-728709,CLI-62552,2026-06-10 21:03:00,2548775.35,CRC,comision,sucursal,LI-001,Cuenta Ahorro
TXN-00002924,CTA-163285,CLI-10932,2026-06-17 01:49:00,3992597.28,CRC,transferencia,sinpe,CA-001,Tarjeta Crédito
TXN-00002925,CTA-406078,CLI-69029,2026-06-20 13:53:00,1834223.54,CRC,retiro,app_movil,SJ-002,Tarjeta Crédito
TXN-00002926,CTA-611016,CLI-84461,2026-06-18 13:26:00,1197804.53,CRC,retiro,atm,PU-001,Tarjeta Crédito
TXN-00002927,CTA-358053,CLI-61496,2026-06-06 06:21:00,1899774.44,CRC,comision,app_movil,SJ-002,Cuenta Ahorro
TXN-00002928,CTA-290537,CLI-69891,2026-06-24 02:56:00,2358212.41,CRC,deposito,sucursal,CA-001,Préstamo Hipotecario
TXN-00002929,CTA-781738,CLI-59572,2026-06-28 01:21:00,4983845.56,CRC,pago,app_movil,PU-001,Tarjeta Crédito
TXN-00002930,CTA-186200,CLI-59507,2026-06-12 08:22:00,886268.78,CRC,transferencia,atm,HE-001,Cuenta Corriente
TXN-00002931,CTA-209935,CLI-91717,2026-06-19 18:14:00,175774.65,CRC,pago,atm,SJ-002,Cuenta Ahorro
TXN-00002932,CTA-378502,CLI-15616,2026-06-16 05:38:00,2048564.12,CRC,transferencia,app_movil,HE-001,Cuenta Corriente
TXN-00002933,CTA-324388,CLI-11084,2026-06-09 14:20:00,677709.22,CRC,transferencia,sucursal,SJ-001,Préstamo Personal
TXN-00002934,CTA-998855,CLI-76730,2026-06-20 02:25:00,2111681.17,CRC,deposito,atm,CA-001,Tarjeta Crédito
TXN-00002935,CTA-891651,CLI-85892,2026-06-13 07:33:00,581180.14,CRC,retiro,sinpe,LI-002,Tarjeta Crédito
TXN-00002936,CTA-703070,CLI-15885,2026-06-10 14:55:00,2877147.0,CRC,pago,web,SJ-001,Préstamo Personal
TXN-00002937,CTA-281543,CLI-76277,2026-06-12 20:07:00,2848769.34,CRC,comision,atm,SJ-001,Préstamo Hipotecario
TXN-00002938,CTA-435440,CLI-55954,2026-06-24 04:07:00,3826538.57,CRC,deposito,sucursal,LI-002,Tarjeta Crédito
TXN-00002939,CTA-614808,CLI-26159,2026-06-25 11:14:00,679788.12,CRC,pago,atm,LI-002,Cuenta Ahorro
TXN-00002940,CTA-687150,CLI-25704,2026-06-01 23:14:00,4030414.45,CRC,deposito,web,PU-001,Tarjeta Crédito
TXN-00002941,CTA-318381,CLI-87417,2026-06-02 14:21:00,1526029.31,CRC,comision,sinpe,CA-001,Cuenta Corriente
TXN-00002942,CTA-592718,CLI-68089,2026-06-24 02:03:00,1028526.59,CRC,transferencia,sinpe,LI-002,Cuenta Ahorro
TXN-00002943,CTA-897946,CLI-72245,2026-06-11 15:37:00,2024110.19,CRC,pago,app_movil,CA-001,Tarjeta Crédito
TXN-00002944,CTA-734433,CLI-11632,2026-06-05 06:59:00,3587583.17,CRC,comision,app_movil,CA-001,Tarjeta Crédito
TXN-00002945,CTA-295338,CLI-81427,2026-06-09 18:48:00,4846653.81,CRC,retiro,web,PU-001,Cuenta Ahorro
TXN-00002946,CTA-141438,CLI-44336,2026-06-16 20:51:00,3937834.01,CRC,deposito,sucursal,HE-001,Cuenta Ahorro
TXN-00002947,CTA-473397,CLI-69009,2026-06-04 20:50:00,3621081.72,CRC,pago,sucursal,SJ-001,Cuenta Corriente
TXN-00002948,CTA-159346,CLI-74847,2026-06-13 05:18:00,332357.48,CRC,comision,atm,HE-001,Cuenta Corriente
TXN-00002949,CTA-489264,CLI-41483,2026-06-26 17:09:00,798645.6,CRC,comision,app_movil,CA-001,Cuenta Corriente
TXN-00002950,CTA-424603,CLI-22948,2026-06-29 06:43:00,3573220.38,CRC,retiro,sucursal,LI-002,Tarjeta Crédito
TXN-00002951,CTA-865659,CLI-83140,2026-06-25 18:10:00,141778.22,CRC,pago,sucursal,LI-002,Préstamo Personal
TXN-00002952,CTA-286076,CLI-58915,2026-06-12 15:21:00,1024225.81,CRC,deposito,web,PU-001,Tarjeta Crédito
TXN-00002953,CTA-377888,CLI-94631,2026-06-07 13:27:00,1448773.42,CRC,retiro,sucursal,AL-001,Préstamo Personal
TXN-00002954,CTA-752064,CLI-16765,2026-06-05 12:52:00,2668313.44,CRC,deposito,sucursal,SJ-002,Tarjeta Crédito
TXN-00002955,CTA-500013,CLI-38195,2026-06-18 09:52:00,496984.6,CRC,deposito,web,PU-001,Cuenta Corriente
TXN-00002956,CTA-784508,CLI-32260,2026-06-07 19:05:00,2243805.41,CRC,deposito,sucursal,PU-001,Cuenta Corriente
TXN-00002957,CTA-347931,CLI-61239,2026-06-02 10:43:00,3897384.54,CRC,pago,sucursal,LI-001,Cuenta Corriente
TXN-00002958,CTA-670112,CLI-86466,2026-06-26 23:56:00,983772.79,CRC,deposito,app_movil,LI-001,Tarjeta Crédito
TXN-00002959,CTA-131483,CLI-17855,2026-06-22 03:44:00,3024971.07,CRC,deposito,web,LI-002,Cuenta Ahorro
TXN-00002960,CTA-690438,CLI-11615,2026-06-07 05:09:00,4776619.46,CRC,deposito,web,LI-001,Cuenta Ahorro
TXN-00002961,CTA-889195,CLI-14536,2026-06-29 00:06:00,448286.72,CRC,pago,sucursal,LI-002,Cuenta Ahorro
TXN-00002962,CTA-952489,CLI-59895,2026-06-05 06:09:00,1021765.09,CRC,comision,app_movil,SJ-002,Préstamo Hipotecario
TXN-00002963,CTA-619689,CLI-28682,2026-06-22 12:13:00,3275774.8,CRC,retiro,app_movil,SJ-002,Cuenta Corriente
TXN-00002964,CTA-844431,CLI-46612,2026-06-12 13:18:00,4350823.75,CRC,pago,app_movil,LI-001,Préstamo Personal
TXN-00002965,CTA-171725,CLI-72123,2026-06-06 01:11:00,2736241.1,CRC,deposito,web,AL-001,Tarjeta Crédito
TXN-00002966,CTA-251728,CLI-39567,2026-06-14 22:39:00,2035904.51,CRC,transferencia,atm,CA-001,Cuenta Ahorro
TXN-00002967,CTA-779420,CLI-62076,2026-06-09 08:36:00,721979.22,CRC,deposito,sucursal,LI-001,Tarjeta Crédito
TXN-00002968,CTA-382987,CLI-20784,2026-06-09 05:47:00,4556936.09,CRC,retiro,app_movil,CA-001,Préstamo Hipotecario
TXN-00002969,CTA-567746,CLI-72188,2026-06-13 08:39:00,3709797.19,CRC,retiro,web,HE-001,Préstamo Hipotecario
TXN-00002970,CTA-541100,CLI-94089,2026-06-02 00:41:00,3372340.29,CRC,transferencia,atm,CA-001,Cuenta Corriente
TXN-00002971,CTA-182735,CLI-95399,2026-06-11 05:22:00,2352153.46,CRC,pago,sinpe,AL-001,Tarjeta Crédito
TXN-00002972,CTA-810019,CLI-27555,2026-06-26 08:36:00,4852586.19,CRC,transferencia,atm,SJ-001,Tarjeta Crédito
TXN-00002973,CTA-138855,CLI-27224,2026-06-27 14:15:00,560621.84,CRC,deposito,app_movil,LI-001,Préstamo Hipotecario
TXN-00002974,CTA-663110,CLI-86210,2026-06-06 00:37:00,4775458.04,CRC,deposito,sucursal,LI-001,Préstamo Personal
TXN-00002975,CTA-837273,CLI-47425,2026-06-25 14:21:00,4966845.24,CRC,comision,sinpe,PU-001,Préstamo Personal
TXN-00002976,CTA-929595,CLI-77331,2026-06-12 14:51:00,2780456.99,CRC,pago,sucursal,LI-002,Cuenta Ahorro
TXN-00002977,CTA-110141,CLI-75562,2026-06-22 02:23:00,4995637.22,CRC,comision,atm,PU-001,Tarjeta Crédito
TXN-00002978,CTA-885594,CLI-40241,2026-06-21 18:16:00,119154.4,CRC,pago,sinpe,HE-001,Cuenta Corriente
TXN-00002979,CTA-614531,CLI-48217,2026-06-26 16:38:00,2859863.42,CRC,comision,sinpe,SJ-002,Cuenta Ahorro
TXN-00002980,CTA-152797,CLI-62909,2026-06-04 21:39:00,1504576.9,CRC,comision,sinpe,PU-001,Cuenta Ahorro
TXN-00002981,CTA-923575,CLI-52734,2026-06-18 21:18:00,4168195.01,CRC,retiro,atm,AL-001,Préstamo Hipotecario
TXN-00002982,CTA-140970,CLI-76082,2026-06-13 05:50:00,1352824.68,CRC,retiro,app_movil,PU-001,Cuenta Ahorro
TXN-00002983,CTA-552663,CLI-34574,2026-06-27 03:03:00,1593487.1,CRC,retiro,app_movil,PU-001,Cuenta Ahorro
TXN-00002984,CTA-862160,CLI-74443,2026-06-04 00:00:00,997309.99,CRC,retiro,app_movil,AL-001,Tarjeta Crédito
TXN-00002985,CTA-898346,CLI-38548,2026-06-15 23:11:00,4393367.5,CRC,deposito,app_movil,SJ-001,Cuenta Corriente
TXN-00002986,CTA-405859,CLI-62862,2026-06-01 19:51:00,1244085.44,CRC,pago,sucursal,PU-001,Préstamo Hipotecario
TXN-00002987,CTA-646404,CLI-84938,2026-06-06 01:29:00,17790.08,CRC,comision,app_movil,SJ-001,Cuenta Corriente
TXN-00002988,CTA-102778,CLI-13033,2026-06-12 11:23:00,2031562.76,CRC,comision,app_movil,SJ-002,Préstamo Personal
TXN-00002989,CTA-245609,CLI-99851,2026-06-26 20:05:00,4102179.5,CRC,pago,sucursal,AL-001,Préstamo Personal
TXN-00002990,CTA-747785,CLI-15862,2026-06-27 11:40:00,3700323.17,CRC,pago,app_movil,LI-002,Préstamo Hipotecario
TXN-00002991,CTA-983577,CLI-20774,2026-06-16 07:55:00,2717090.02,CRC,comision,web,HE-001,Préstamo Personal
TXN-00002992,CTA-153123,CLI-13022,2026-06-12 17:49:00,1225474.31,CRC,comision,sinpe,PU-001,Préstamo Hipotecario
TXN-00002993,CTA-224508,CLI-22685,2026-06-13 14:55:00,1245956.82,CRC,retiro,web,CA-001,Cuenta Corriente
TXN-00002994,CTA-794317,CLI-89184,2026-06-05 08:59:00,1592385.48,CRC,comision,atm,SJ-002,Tarjeta Crédito
TXN-00002995,CTA-943952,CLI-50507,2026-06-16 00:08:00,3796388.68,CRC,retiro,app_movil,AL-001,Cuenta Ahorro
TXN-00002996,CTA-797020,CLI-11577,2026-06-29 22:35:00,4024794.38,CRC,deposito,atm,HE-001,Cuenta Ahorro
TXN-00002997,CTA-531086,CLI-13928,2026-06-15 17:49:00,1389392.71,CRC,pago,atm,CA-001,Préstamo Personal
TXN-00002998,CTA-838253,CLI-45826,2026-06-27 03:47:00,1417634.38,CRC,pago,web,HE-001,Préstamo Personal
TXN-00002999,CTA-677279,CLI-28081,2026-06-07 17:57:00,478357.16,CRC,transferencia,app_movil,SJ-001,Cuenta Ahorro
TXN-00003000,CTA-259601,CLI-28058,2026-06-25 12:48:00,3443902.93,CRC,retiro,sinpe,SJ-002,Préstamo Personal
TXN-00003001,CTA-256543,CLI-61259,2026-06-28 03:29:00,4840761.76,CRC,retiro,app_movil,HE-001,Préstamo Hipotecario
TXN-00003002,CTA-822287,CLI-52567,2026-06-16 18:38:00,2484906.42,CRC,retiro,web,SJ-002,Cuenta Ahorro
TXN-00003003,CTA-267530,CLI-39133,2026-06-17 07:35:00,2058517.58,CRC,transferencia,web,CA-001,Cuenta Corriente
TXN-00003004,CTA-749860,CLI-22412,2026-06-01 09:11:00,436862.42,CRC,comision,sucursal,HE-001,Préstamo Hipotecario
TXN-00003005,CTA-819971,CLI-64876,2026-06-16 02:38:00,2745211.3,CRC,deposito,sucursal,SJ-002,Tarjeta Crédito
TXN-00003006,CTA-516895,CLI-24997,2026-06-16 17:52:00,1435036.61,CRC,deposito,app_movil,SJ-001,Préstamo Personal
TXN-00003007,CTA-377350,CLI-65898,2026-06-28 09:07:00,1096097.27,CRC,pago,app_movil,AL-001,Cuenta Corriente
TXN-00003008,CTA-647746,CLI-28785,2026-06-04 21:07:00,2808226.44,CRC,pago,app_movil,AL-001,Cuenta Corriente
TXN-00003009,CTA-233328,CLI-84422,2026-06-05 02:00:00,1003318.66,CRC,pago,app_movil,AL-001,Tarjeta Crédito
TXN-00003010,CTA-377339,CLI-79776,2026-06-05 01:50:00,147795.97,CRC,transferencia,app_movil,AL-001,Préstamo Personal
TXN-00003011,CTA-335288,CLI-43888,2026-06-20 13:00:00,3757399.05,CRC,transferencia,web,PU-001,Cuenta Corriente
TXN-00003012,CTA-561170,CLI-64914,2026-06-14 21:38:00,4469274.43,CRC,retiro,atm,AL-001,Préstamo Personal
TXN-00003013,CTA-449067,CLI-41011,2026-06-02 03:28:00,3110574.11,CRC,deposito,atm,SJ-002,Préstamo Personal
TXN-00003014,CTA-424143,CLI-74463,2026-06-29 11:40:00,4820230.34,CRC,retiro,atm,CA-001,Cuenta Ahorro
TXN-00003015,CTA-529740,CLI-80091,2026-06-16 21:59:00,416287.71,CRC,retiro,sucursal,PU-001,Tarjeta Crédito
TXN-00003016,CTA-800635,CLI-34021,2026-06-05 14:55:00,4130424.74,CRC,pago,web,AL-001,Cuenta Corriente
TXN-00003017,CTA-837770,CLI-60780,2026-06-24 04:23:00,4236672.76,CRC,transferencia,web,PU-001,Cuenta Ahorro
TXN-00003018,CTA-751586,CLI-67924,2026-06-06 22:01:00,4917841.82,CRC,pago,sinpe,HE-001,Préstamo Personal
TXN-00003019,CTA-407706,CLI-72037,2026-06-24 05:45:00,3950744.45,CRC,pago,app_movil,HE-001,Cuenta Ahorro
TXN-00003020,CTA-479170,CLI-11971,2026-06-27 07:31:00,3195920.61,CRC,deposito,web,SJ-001,Cuenta Corriente
TXN-00003021,CTA-606852,CLI-49496,2026-06-24 05:20:00,2503492.13,CRC,retiro,sucursal,HE-001,Cuenta Ahorro
TXN-00003022,CTA-422541,CLI-17031,2026-06-15 06:06:00,4058663.43,CRC,transferencia,web,HE-001,Préstamo Personal
TXN-00003023,CTA-258141,CLI-21387,2026-06-25 22:13:00,4737423.92,CRC,transferencia,web,AL-001,Tarjeta Crédito
TXN-00003024,CTA-369251,CLI-85344,2026-06-28 12:23:00,818971.12,CRC,retiro,app_movil,LI-001,Préstamo Personal
TXN-00003025,CTA-192213,CLI-26216,2026-06-13 13:54:00,3214447.64,CRC,deposito,sinpe,HE-001,Préstamo Personal
TXN-00003026,CTA-586119,CLI-42647,2026-06-09 21:36:00,2656450.89,CRC,deposito,web,SJ-002,Cuenta Ahorro
TXN-00003027,CTA-715261,CLI-47683,2026-06-14 23:01:00,1687478.51,CRC,comision,sinpe,CA-001,Cuenta Ahorro
TXN-00003028,CTA-540166,CLI-80364,2026-06-03 22:44:00,2933845.73,CRC,deposito,web,HE-001,Préstamo Personal
TXN-00003029,CTA-203116,CLI-23206,2026-06-12 19:37:00,1737236.16,CRC,deposito,sucursal,SJ-001,Cuenta Corriente
TXN-00003030,CTA-788402,CLI-46564,2026-06-08 07:51:00,1555699.42,CRC,deposito,sucursal,LI-001,Cuenta Ahorro
TXN-00003031,CTA-153433,CLI-50757,2026-06-02 08:00:00,3541457.11,CRC,comision,sinpe,SJ-002,Préstamo Personal
TXN-00003032,CTA-205361,CLI-94129,2026-06-01 04:34:00,2483859.63,CRC,comision,web,CA-001,Cuenta Corriente
TXN-00003033,CTA-832815,CLI-36429,2026-06-03 15:50:00,816615.15,CRC,deposito,sinpe,CA-001,Préstamo Personal
TXN-00003034,CTA-946817,CLI-46178,2026-06-26 01:34:00,401829.34,CRC,deposito,app_movil,SJ-001,Cuenta Ahorro
TXN-00003035,CTA-352394,CLI-24016,2026-06-14 13:17:00,4066643.64,CRC,pago,app_movil,LI-002,Préstamo Hipotecario
TXN-00003036,CTA-885608,CLI-23757,2026-06-22 05:41:00,228890.31,CRC,pago,sucursal,PU-001,Tarjeta Crédito
TXN-00003037,CTA-370921,CLI-22913,2026-06-29 01:45:00,3609070.95,CRC,comision,atm,SJ-001,Préstamo Personal
TXN-00003038,CTA-109883,CLI-92403,2026-06-24 20:13:00,4336811.18,CRC,deposito,app_movil,LI-001,Cuenta Ahorro
TXN-00003039,CTA-655859,CLI-31711,2026-06-20 21:55:00,1118060.93,CRC,deposito,app_movil,LI-001,Préstamo Personal
TXN-00003040,CTA-103631,CLI-71823,2026-06-08 13:49:00,2613408.61,CRC,retiro,web,LI-002,Préstamo Hipotecario
TXN-00003041,CTA-535685,CLI-23865,2026-06-03 13:25:00,2340273.35,CRC,pago,app_movil,CA-001,Préstamo Hipotecario
TXN-00003042,CTA-592811,CLI-30267,2026-06-24 07:13:00,3896206.98,CRC,retiro,sucursal,SJ-002,Préstamo Hipotecario
TXN-00003043,CTA-614232,CLI-25809,2026-06-27 18:20:00,1257319.74,CRC,comision,sucursal,PU-001,Préstamo Personal
TXN-00003044,CTA-539589,CLI-83355,2026-06-16 10:06:00,202551.58,CRC,deposito,app_movil,CA-001,Cuenta Ahorro
TXN-00003045,CTA-851113,CLI-81963,2026-06-14 01:15:00,3369008.33,CRC,transferencia,atm,SJ-001,Préstamo Personal
TXN-00003046,CTA-782970,CLI-43671,2026-06-23 18:40:00,74637.66,CRC,transferencia,sucursal,SJ-001,Cuenta Ahorro
TXN-00003047,CTA-270151,CLI-25930,2026-06-10 16:57:00,4820079.82,CRC,pago,sinpe,PU-001,Cuenta Corriente
TXN-00003048,CTA-988055,CLI-69754,2026-06-18 11:55:00,2757878.68,CRC,transferencia,web,PU-001,Préstamo Personal
TXN-00003049,CTA-815380,CLI-99474,2026-06-01 21:45:00,4004434.25,CRC,transferencia,app_movil,PU-001,Préstamo Personal
TXN-00003050,CTA-990979,CLI-57798,2026-06-29 04:55:00,1230293.18,CRC,retiro,app_movil,SJ-002,Tarjeta Crédito
TXN-00003051,CTA-412676,CLI-29030,2026-06-03 11:59:00,4193809.09,CRC,pago,app_movil,SJ-002,Cuenta Corriente
TXN-00003052,CTA-481659,CLI-16084,2026-06-22 20:39:00,1088710.5,CRC,comision,atm,SJ-001,Cuenta Ahorro
TXN-00003053,CTA-828590,CLI-24746,2026-06-13 20:05:00,3514378.56,CRC,comision,sinpe,CA-001,Cuenta Ahorro
TXN-00003054,CTA-996825,CLI-48382,2026-06-27 07:12:00,1443503.43,CRC,comision,app_movil,AL-001,Cuenta Ahorro
TXN-00003055,CTA-212341,CLI-65716,2026-06-02 01:45:00,1507837.44,CRC,comision,app_movil,SJ-001,Cuenta Corriente
TXN-00003056,CTA-205836,CLI-58273,2026-06-15 09:35:00,235206.75,CRC,deposito,web,CA-001,Préstamo Personal
TXN-00003057,CTA-523918,CLI-42121,2026-06-17 14:22:00,3491731.15,CRC,retiro,sinpe,PU-001,Tarjeta Crédito
TXN-00003058,CTA-198012,CLI-10411,2026-06-11 14:08:00,2750203.13,CRC,transferencia,app_movil,HE-001,Cuenta Corriente
TXN-00003059,CTA-906048,CLI-30377,2026-06-13 13:36:00,2103634.97,CRC,pago,sinpe,LI-002,Préstamo Hipotecario
TXN-00003060,CTA-358769,CLI-82326,2026-06-20 07:39:00,1600966.44,CRC,transferencia,atm,SJ-002,Cuenta Corriente
TXN-00003061,CTA-616611,CLI-53190,2026-06-07 05:26:00,4529258.36,CRC,deposito,sucursal,SJ-002,Cuenta Ahorro
TXN-00003062,CTA-621929,CLI-76412,2026-06-27 22:55:00,3825619.21,CRC,deposito,atm,LI-001,Tarjeta Crédito
TXN-00003063,CTA-770555,CLI-15978,2026-06-12 19:32:00,1882526.35,CRC,comision,web,AL-001,Cuenta Ahorro
TXN-00003064,CTA-409996,CLI-48367,2026-06-11 08:02:00,95285.04,CRC,pago,atm,PU-001,Tarjeta Crédito
TXN-00003065,CTA-138460,CLI-56937,2026-06-20 05:51:00,2343350.53,CRC,deposito,web,LI-002,Cuenta Corriente
TXN-00003066,CTA-967078,CLI-75541,2026-06-02 05:50:00,1018667.44,CRC,pago,app_movil,LI-002,Tarjeta Crédito
TXN-00003067,CTA-604034,CLI-79672,2026-06-18 11:43:00,3773738.79,CRC,retiro,web,HE-001,Cuenta Corriente
TXN-00003068,CTA-421803,CLI-39919,2026-06-10 20:29:00,2433893.22,CRC,comision,app_movil,SJ-002,Cuenta Ahorro
TXN-00003069,CTA-981366,CLI-49546,2026-06-21 03:06:00,4106868.39,CRC,comision,atm,HE-001,Préstamo Personal
TXN-00003070,CTA-689952,CLI-32643,2026-06-09 05:46:00,250002.88,CRC,transferencia,atm,PU-001,Préstamo Personal
TXN-00003071,CTA-572769,CLI-34371,2026-06-25 00:48:00,4906344.6,CRC,comision,sinpe,PU-001,Tarjeta Crédito
TXN-00003072,CTA-362848,CLI-27839,2026-06-03 01:54:00,2083680.68,CRC,deposito,web,LI-002,Préstamo Personal
TXN-00003073,CTA-170881,CLI-37069,2026-06-10 09:57:00,2391695.75,CRC,transferencia,sucursal,AL-001,Préstamo Hipotecario
TXN-00003074,CTA-245084,CLI-56941,2026-06-19 05:52:00,2088427.22,CRC,comision,sucursal,LI-002,Cuenta Ahorro
TXN-00003075,CTA-976500,CLI-72283,2026-06-25 01:49:00,3610455.77,CRC,comision,app_movil,PU-001,Préstamo Personal
TXN-00003076,CTA-648736,CLI-61561,2026-06-02 08:59:00,2585545.37,CRC,comision,sucursal,HE-001,Cuenta Ahorro
TXN-00003077,CTA-915184,CLI-40843,2026-06-03 14:50:00,3901080.32,CRC,transferencia,app_movil,LI-001,Tarjeta Crédito
TXN-00003078,CTA-705773,CLI-64803,2026-06-02 03:44:00,2371852.58,CRC,deposito,atm,AL-001,Préstamo Hipotecario
TXN-00003079,CTA-914231,CLI-11157,2026-06-21 10:50:00,4757772.12,CRC,transferencia,sucursal,PU-001,Tarjeta Crédito
TXN-00003080,CTA-596699,CLI-75561,2026-06-19 17:27:00,289807.26,CRC,comision,web,LI-002,Préstamo Personal
TXN-00003081,CTA-557529,CLI-20089,2026-06-16 10:16:00,1274200.56,CRC,comision,app_movil,LI-001,Cuenta Ahorro
TXN-00003082,CTA-289716,CLI-72502,2026-06-24 23:35:00,736665.73,CRC,retiro,web,HE-001,Cuenta Ahorro
TXN-00003083,CTA-840469,CLI-33077,2026-06-21 17:27:00,902131.64,CRC,retiro,sucursal,CA-001,Préstamo Personal
TXN-00003084,CTA-976522,CLI-70920,2026-06-05 16:49:00,3808122.06,CRC,transferencia,web,SJ-002,Préstamo Personal
TXN-00003085,CTA-211786,CLI-65434,2026-06-28 14:43:00,4843591.32,CRC,retiro,app_movil,SJ-002,Tarjeta Crédito
TXN-00003086,CTA-381233,CLI-82415,2026-06-08 04:09:00,570986.2,CRC,pago,sinpe,LI-001,Préstamo Hipotecario
TXN-00003087,CTA-208596,CLI-65683,2026-06-11 14:09:00,1874609.7,CRC,comision,app_movil,SJ-001,Cuenta Ahorro
TXN-00003088,CTA-288935,CLI-64160,2026-06-27 14:26:00,936715.08,CRC,comision,sinpe,AL-001,Cuenta Corriente
TXN-00003089,CTA-516830,CLI-45210,2026-06-05 08:28:00,922739.23,CRC,pago,app_movil,HE-001,Cuenta Corriente
TXN-00003090,CTA-572464,CLI-70889,2026-06-20 05:16:00,4341889.32,CRC,deposito,sucursal,SJ-001,Cuenta Corriente
TXN-00003091,CTA-916350,CLI-15156,2026-06-19 04:58:00,2228795.46,CRC,transferencia,app_movil,CA-001,Cuenta Corriente
TXN-00003092,CTA-533343,CLI-70140,2026-06-14 06:04:00,1044184.2,CRC,retiro,atm,CA-001,Tarjeta Crédito
TXN-00003093,CTA-947605,CLI-67746,2026-06-18 03:29:00,4264204.88,CRC,retiro,sinpe,CA-001,Tarjeta Crédito
TXN-00003094,CTA-682176,CLI-10698,2026-06-21 04:31:00,4894460.7,CRC,comision,sucursal,PU-001,Préstamo Hipotecario
TXN-00003095,CTA-440888,CLI-44093,2026-06-02 11:30:00,3781404.18,CRC,deposito,sucursal,PU-001,Tarjeta Crédito
TXN-00003096,CTA-732944,CLI-38702,2026-06-29 00:35:00,544519.82,CRC,comision,sucursal,LI-001,Cuenta Ahorro
TXN-00003097,CTA-617216,CLI-33616,2026-06-22 00:38:00,4956541.1,CRC,comision,app_movil,AL-001,Cuenta Ahorro
TXN-00003098,CTA-333002,CLI-55621,2026-06-27 01:25:00,4111410.04,CRC,deposito,atm,SJ-002,Préstamo Hipotecario
TXN-00003099,CTA-551356,CLI-65021,2026-06-20 12:50:00,628067.78,CRC,pago,web,SJ-001,Tarjeta Crédito
TXN-00003100,CTA-679825,CLI-94478,2026-06-08 19:28:00,4315200.16,CRC,transferencia,atm,LI-002,Cuenta Ahorro
TXN-00003101,CTA-885298,CLI-92129,2026-06-27 18:22:00,1324610.18,CRC,comision,atm,LI-002,Cuenta Corriente
TXN-00003102,CTA-672660,CLI-66996,2026-06-21 14:24:00,2528821.81,CRC,transferencia,app_movil,SJ-001,Préstamo Personal
TXN-00003103,CTA-987606,CLI-12844,2026-06-23 12:50:00,3767933.23,CRC,retiro,app_movil,LI-001,Préstamo Hipotecario
TXN-00003104,CTA-983325,CLI-32512,2026-06-01 11:10:00,2825658.68,CRC,comision,app_movil,SJ-002,Cuenta Ahorro
TXN-00003105,CTA-914355,CLI-49228,2026-06-09 11:20:00,4520687.65,CRC,retiro,sinpe,SJ-002,Cuenta Corriente
TXN-00003106,CTA-136275,CLI-86648,2026-06-13 17:16:00,2711527.28,CRC,retiro,sucursal,HE-001,Cuenta Ahorro
TXN-00003107,CTA-281732,CLI-10859,2026-06-16 20:39:00,1237083.68,CRC,retiro,sucursal,CA-001,Tarjeta Crédito
TXN-00003108,CTA-492418,CLI-95455,2026-06-04 01:26:00,770667.21,CRC,transferencia,atm,SJ-001,Cuenta Corriente
TXN-00003109,CTA-397459,CLI-53065,2026-06-06 03:59:00,4946563.59,CRC,deposito,sucursal,CA-001,Préstamo Personal
TXN-00003110,CTA-318262,CLI-91760,2026-06-27 10:29:00,3476017.87,CRC,retiro,sucursal,HE-001,Cuenta Ahorro
TXN-00003111,CTA-513258,CLI-31392,2026-06-08 09:10:00,4249159.62,CRC,comision,web,HE-001,Cuenta Ahorro
TXN-00003112,CTA-882888,CLI-80564,2026-06-01 07:54:00,1734751.29,CRC,retiro,app_movil,SJ-001,Cuenta Ahorro
TXN-00003113,CTA-707951,CLI-17540,2026-06-13 06:19:00,453238.87,CRC,pago,atm,HE-001,Préstamo Hipotecario
TXN-00003114,CTA-741443,CLI-88793,2026-06-18 21:03:00,4538459.94,CRC,comision,sucursal,LI-001,Cuenta Corriente
TXN-00003115,CTA-620526,CLI-62623,2026-06-06 08:46:00,1214391.58,CRC,retiro,app_movil,AL-001,Préstamo Personal
TXN-00003116,CTA-391352,CLI-30978,2026-06-21 22:12:00,2940402.74,CRC,deposito,app_movil,HE-001,Préstamo Personal
TXN-00003117,CTA-693868,CLI-36627,2026-06-09 07:04:00,3204945.26,CRC,pago,atm,HE-001,Préstamo Hipotecario
TXN-00003118,CTA-568019,CLI-19963,2026-06-05 10:48:00,904876.53,CRC,retiro,app_movil,AL-001,Préstamo Personal
TXN-00003119,CTA-234331,CLI-65515,2026-06-17 22:44:00,3613013.07,CRC,transferencia,web,CA-001,Tarjeta Crédito
TXN-00003120,CTA-207883,CLI-28594,2026-06-07 21:05:00,1260120.71,CRC,deposito,sinpe,PU-001,Préstamo Personal
TXN-00003121,CTA-339671,CLI-13466,2026-06-06 11:34:00,4043449.1,CRC,deposito,sinpe,LI-002,Préstamo Hipotecario
TXN-00003122,CTA-244104,CLI-45452,2026-06-08 04:56:00,1577709.83,CRC,deposito,sucursal,HE-001,Cuenta Ahorro
TXN-00003123,CTA-341457,CLI-53498,2026-06-05 19:39:00,1769810.55,CRC,transferencia,app_movil,SJ-002,Tarjeta Crédito
TXN-00003124,CTA-909388,CLI-28294,2026-06-05 06:46:00,1050208.78,CRC,deposito,sinpe,HE-001,Cuenta Corriente
TXN-00003125,CTA-151767,CLI-77819,2026-06-14 15:08:00,3331285.73,CRC,pago,web,CA-001,Préstamo Hipotecario
TXN-00003126,CTA-734875,CLI-26626,2026-06-21 23:31:00,1305380.72,CRC,transferencia,atm,AL-001,Cuenta Ahorro
TXN-00003127,CTA-347743,CLI-43341,2026-06-07 23:28:00,2509090.16,CRC,transferencia,sinpe,SJ-002,Cuenta Corriente
TXN-00003128,CTA-107784,CLI-49650,2026-06-27 21:12:00,3680032.9,CRC,comision,web,AL-001,Préstamo Personal
TXN-00003129,CTA-500769,CLI-85311,2026-06-02 21:16:00,2464053.82,CRC,retiro,sucursal,PU-001,Cuenta Ahorro
TXN-00003130,CTA-475357,CLI-90938,2026-06-08 17:51:00,1772096.46,CRC,deposito,sucursal,PU-001,Tarjeta Crédito
TXN-00003131,CTA-388292,CLI-17514,2026-06-22 06:23:00,4800215.0,CRC,comision,atm,HE-001,Préstamo Hipotecario
TXN-00003132,CTA-667789,CLI-32517,2026-06-17 08:25:00,4147882.1,CRC,transferencia,web,CA-001,Préstamo Personal
TXN-00003133,CTA-118863,CLI-76573,2026-06-07 03:25:00,3942892.02,CRC,transferencia,web,PU-001,Préstamo Personal
TXN-00003134,CTA-327233,CLI-93577,2026-06-06 16:53:00,1812700.57,CRC,transferencia,atm,AL-001,Cuenta Corriente
TXN-00003135,CTA-266748,CLI-32624,2026-06-27 15:38:00,844696.26,CRC,retiro,atm,PU-001,Cuenta Corriente
TXN-00003136,CTA-934471,CLI-96990,2026-06-05 20:05:00,1763991.09,CRC,pago,sucursal,AL-001,Tarjeta Crédito
TXN-00003137,CTA-297869,CLI-87199,2026-06-21 08:29:00,2762800.7,CRC,transferencia,sucursal,AL-001,Cuenta Corriente
TXN-00003138,CTA-357618,CLI-45851,2026-06-05 03:00:00,3964801.69,CRC,deposito,atm,AL-001,Préstamo Hipotecario
TXN-00003139,CTA-926341,CLI-11762,2026-06-27 02:18:00,2970514.22,CRC,comision,web,AL-001,Préstamo Personal
TXN-00003140,CTA-529821,CLI-62232,2026-06-08 17:56:00,199747.51,CRC,deposito,atm,LI-002,Tarjeta Crédito
TXN-00003141,CTA-294103,CLI-18749,2026-06-03 09:28:00,2152112.56,CRC,pago,atm,LI-001,Cuenta Corriente
TXN-00003142,CTA-152326,CLI-21062,2026-06-01 20:29:00,3073001.64,CRC,comision,sucursal,CA-001,Cuenta Ahorro
TXN-00003143,CTA-286265,CLI-27625,2026-06-17 20:56:00,2694177.83,CRC,retiro,atm,CA-001,Préstamo Personal
TXN-00003144,CTA-332986,CLI-60111,2026-06-05 06:17:00,4748238.9,CRC,deposito,app_movil,SJ-002,Préstamo Personal
TXN-00003145,CTA-791091,CLI-14885,2026-06-01 23:13:00,2307556.54,CRC,transferencia,web,AL-001,Tarjeta Crédito
TXN-00003146,CTA-884714,CLI-64786,2026-06-19 05:09:00,4617420.92,CRC,deposito,web,SJ-002,Préstamo Personal
TXN-00003147,CTA-843137,CLI-78907,2026-06-06 21:46:00,1407619.59,CRC,transferencia,app_movil,PU-001,Cuenta Corriente
TXN-00003148,CTA-281890,CLI-36199,2026-06-27 01:15:00,1142117.58,CRC,transferencia,web,LI-001,Cuenta Corriente
TXN-00003149,CTA-999038,CLI-39220,2026-06-21 05:43:00,3295514.88,CRC,deposito,sucursal,PU-001,Cuenta Ahorro
TXN-00003150,CTA-931063,CLI-90900,2026-06-19 16:13:00,63141.6,CRC,transferencia,atm,SJ-002,Cuenta Corriente
TXN-00003151,CTA-309767,CLI-22994,2026-06-20 19:26:00,686947.26,CRC,pago,atm,HE-001,Tarjeta Crédito
TXN-00003152,CTA-306178,CLI-70262,2026-06-14 02:15:00,4577050.54,CRC,retiro,web,SJ-002,Préstamo Personal
TXN-00003153,CTA-599760,CLI-65079,2026-06-30 23:14:00,2617271.14,CRC,deposito,web,PU-001,Cuenta Ahorro
TXN-00003154,CTA-147188,CLI-46365,2026-06-12 10:10:00,901123.68,CRC,pago,app_movil,HE-001,Préstamo Personal
TXN-00003155,CTA-677219,CLI-67852,2026-06-15 22:02:00,501333.79,CRC,deposito,app_movil,LI-001,Préstamo Personal
TXN-00003156,CTA-831206,CLI-33953,2026-06-29 04:54:00,863005.19,CRC,deposito,sucursal,CA-001,Tarjeta Crédito
TXN-00003157,CTA-379559,CLI-45038,2026-06-26 12:03:00,2227036.34,CRC,deposito,web,CA-001,Cuenta Ahorro
TXN-00003158,CTA-918838,CLI-53940,2026-06-10 23:13:00,1727406.92,CRC,retiro,sinpe,HE-001,Préstamo Personal
TXN-00003159,CTA-897814,CLI-11412,2026-06-27 01:25:00,2243727.67,CRC,retiro,atm,HE-001,Tarjeta Crédito
TXN-00003160,CTA-496886,CLI-27932,2026-06-25 09:31:00,3727041.03,CRC,pago,sinpe,LI-001,Préstamo Hipotecario
TXN-00003161,CTA-281358,CLI-35933,2026-06-02 21:17:00,3441383.83,CRC,comision,web,HE-001,Tarjeta Crédito
TXN-00003162,CTA-103368,CLI-88069,2026-06-03 21:03:00,4896285.01,CRC,transferencia,sucursal,SJ-001,Préstamo Hipotecario
TXN-00003163,CTA-380931,CLI-32856,2026-06-16 08:19:00,2409062.26,CRC,deposito,web,LI-001,Tarjeta Crédito
TXN-00003164,CTA-732716,CLI-12097,2026-06-11 16:05:00,3901369.12,CRC,deposito,sinpe,LI-001,Cuenta Ahorro
TXN-00003165,CTA-548099,CLI-16541,2026-06-22 16:57:00,1309989.36,CRC,transferencia,web,SJ-002,Préstamo Personal
TXN-00003166,CTA-629728,CLI-78491,2026-06-05 06:31:00,1111422.79,CRC,transferencia,atm,HE-001,Cuenta Ahorro
TXN-00003167,CTA-493401,CLI-20794,2026-06-21 19:12:00,1981500.29,CRC,comision,web,SJ-001,Tarjeta Crédito
TXN-00003168,CTA-990324,CLI-71257,2026-06-19 21:59:00,4480590.88,CRC,retiro,web,HE-001,Cuenta Ahorro
TXN-00003169,CTA-411358,CLI-21420,2026-06-19 09:25:00,1839347.25,CRC,comision,atm,SJ-002,Préstamo Hipotecario
TXN-00003170,CTA-256397,CLI-69350,2026-06-28 17:06:00,4691973.89,CRC,pago,sucursal,SJ-001,Préstamo Hipotecario
TXN-00003171,CTA-423030,CLI-53846,2026-06-06 00:08:00,3885577.76,CRC,deposito,web,SJ-001,Préstamo Hipotecario
TXN-00003172,CTA-347660,CLI-57623,2026-06-18 12:35:00,1450989.63,CRC,pago,web,SJ-001,Cuenta Corriente
TXN-00003173,CTA-360024,CLI-68223,2026-06-16 08:35:00,1140240.2,CRC,transferencia,web,SJ-001,Préstamo Hipotecario
TXN-00003174,CTA-515611,CLI-73313,2026-06-24 04:10:00,1057158.87,CRC,pago,sucursal,CA-001,Cuenta Corriente
TXN-00003175,CTA-226083,CLI-81826,2026-06-19 09:52:00,3504514.37,CRC,retiro,sucursal,LI-002,Cuenta Ahorro
TXN-00003176,CTA-598466,CLI-85318,2026-06-20 03:26:00,4439374.96,CRC,transferencia,app_movil,PU-001,Préstamo Hipotecario
TXN-00003177,CTA-631697,CLI-66479,2026-06-01 17:38:00,2540918.16,CRC,transferencia,sucursal,LI-002,Préstamo Hipotecario
TXN-00003178,CTA-887931,CLI-36902,2026-06-15 23:53:00,1936666.92,CRC,comision,web,SJ-001,Cuenta Ahorro
TXN-00003179,CTA-827291,CLI-90991,2026-06-14 20:47:00,3482181.54,CRC,comision,web,AL-001,Préstamo Personal
TXN-00003180,CTA-768656,CLI-52290,2026-06-02 02:17:00,3994301.01,CRC,deposito,atm,LI-001,Préstamo Hipotecario
TXN-00003181,CTA-828203,CLI-69691,2026-06-07 06:47:00,4142350.69,CRC,deposito,atm,AL-001,Préstamo Hipotecario
TXN-00003182,CTA-520974,CLI-99495,2026-06-20 05:34:00,2725780.16,CRC,pago,app_movil,SJ-002,Préstamo Personal
TXN-00003183,CTA-164164,CLI-19139,2026-06-18 18:48:00,934908.3,CRC,pago,sucursal,CA-001,Préstamo Hipotecario
TXN-00003184,CTA-948910,CLI-86050,2026-06-01 16:11:00,959097.62,CRC,comision,sucursal,LI-002,Préstamo Hipotecario
TXN-00003185,CTA-694175,CLI-80321,2026-06-29 00:31:00,3364846.61,CRC,retiro,web,SJ-002,Cuenta Corriente
TXN-00003186,CTA-438541,CLI-36748,2026-06-26 13:41:00,2093979.14,CRC,retiro,web,AL-001,Cuenta Corriente
TXN-00003187,CTA-962305,CLI-50365,2026-06-21 19:45:00,2669933.42,CRC,comision,atm,SJ-001,Cuenta Ahorro
TXN-00003188,CTA-316265,CLI-87510,2026-06-19 10:36:00,789517.63,CRC,comision,sucursal,HE-001,Cuenta Corriente
TXN-00003189,CTA-770809,CLI-88840,2026-06-11 19:18:00,1513131.98,CRC,deposito,app_movil,LI-001,Tarjeta Crédito
TXN-00003190,CTA-498858,CLI-88487,2026-06-17 07:53:00,2248756.13,CRC,retiro,app_movil,PU-001,Préstamo Hipotecario
TXN-00003191,CTA-485733,CLI-43877,2026-06-16 11:20:00,950064.74,CRC,comision,sinpe,LI-002,Cuenta Ahorro
TXN-00003192,CTA-637531,CLI-46429,2026-06-13 08:36:00,2807494.52,CRC,retiro,app_movil,CA-001,Cuenta Ahorro
TXN-00003193,CTA-217069,CLI-64301,2026-06-04 10:17:00,3623671.24,CRC,pago,sinpe,LI-002,Cuenta Corriente
TXN-00003194,CTA-384247,CLI-96943,2026-06-18 14:00:00,4769286.94,CRC,retiro,app_movil,PU-001,Tarjeta Crédito
TXN-00003195,CTA-782089,CLI-43108,2026-06-30 08:43:00,515677.79,CRC,comision,sucursal,SJ-001,Préstamo Hipotecario
TXN-00003196,CTA-570567,CLI-16079,2026-06-05 05:44:00,8362.02,CRC,deposito,web,LI-001,Cuenta Corriente
TXN-00003197,CTA-412836,CLI-15574,2026-06-28 06:21:00,2061919.18,CRC,pago,app_movil,AL-001,Cuenta Ahorro
TXN-00003198,CTA-168776,CLI-69540,2026-06-02 09:57:00,2588389.35,CRC,retiro,web,SJ-001,Cuenta Ahorro
TXN-00003199,CTA-534759,CLI-82124,2026-06-25 01:28:00,3003590.75,CRC,retiro,atm,AL-001,Tarjeta Crédito
TXN-00003200,CTA-131657,CLI-96574,2026-06-24 23:09:00,3761577.31,CRC,deposito,web,LI-001,Cuenta Ahorro
TXN-00003201,CTA-292781,CLI-94093,2026-06-24 11:58:00,4757095.94,CRC,pago,atm,LI-001,Cuenta Corriente
TXN-00003202,CTA-543529,CLI-87638,2026-06-04 10:12:00,2699644.66,CRC,deposito,sinpe,PU-001,Préstamo Personal
TXN-00003203,CTA-525873,CLI-61368,2026-06-06 00:20:00,3999245.59,CRC,retiro,app_movil,AL-001,Préstamo Hipotecario
TXN-00003204,CTA-351771,CLI-91906,2026-06-02 12:08:00,4203518.93,CRC,deposito,web,AL-001,Cuenta Corriente
TXN-00003205,CTA-541743,CLI-35509,2026-06-29 22:14:00,4971332.73,CRC,transferencia,atm,AL-001,Tarjeta Crédito
TXN-00003206,CTA-500016,CLI-92603,2026-06-10 22:29:00,4015540.03,CRC,retiro,atm,LI-001,Tarjeta Crédito
TXN-00003207,CTA-185168,CLI-33415,2026-06-24 18:04:00,4500051.31,CRC,deposito,atm,LI-002,Cuenta Ahorro
TXN-00003208,CTA-492099,CLI-38173,2026-06-14 13:46:00,3288489.59,CRC,pago,sinpe,AL-001,Cuenta Corriente
TXN-00003209,CTA-263798,CLI-39206,2026-06-27 15:35:00,4694000.97,CRC,pago,atm,SJ-002,Cuenta Ahorro
TXN-00003210,CTA-379193,CLI-84694,2026-06-01 09:46:00,2757047.19,CRC,pago,web,AL-001,Cuenta Corriente
TXN-00003211,CTA-570663,CLI-10100,2026-06-12 08:59:00,3245476.97,CRC,retiro,atm,PU-001,Cuenta Ahorro
TXN-00003212,CTA-902008,CLI-50414,2026-06-18 02:04:00,665655.11,CRC,deposito,atm,LI-001,Tarjeta Crédito
TXN-00003213,CTA-890520,CLI-20375,2026-06-11 02:49:00,1279955.11,CRC,comision,web,PU-001,Tarjeta Crédito
TXN-00003214,CTA-519543,CLI-45648,2026-06-13 16:04:00,4854515.58,CRC,comision,sinpe,SJ-001,Cuenta Ahorro
TXN-00003215,CTA-697641,CLI-69214,2026-06-06 09:49:00,4371517.25,CRC,pago,sucursal,LI-001,Préstamo Hipotecario
TXN-00003216,CTA-519499,CLI-63885,2026-06-17 19:31:00,4695411.74,CRC,retiro,sucursal,HE-001,Cuenta Ahorro
TXN-00003217,CTA-522819,CLI-70764,2026-06-11 12:07:00,193163.42,CRC,comision,sinpe,PU-001,Préstamo Hipotecario
TXN-00003218,CTA-235630,CLI-58867,2026-06-19 13:22:00,2926950.56,CRC,comision,atm,HE-001,Préstamo Hipotecario
TXN-00003219,CTA-152950,CLI-43629,2026-06-23 01:18:00,675307.34,CRC,retiro,sinpe,AL-001,Préstamo Hipotecario
TXN-00003220,CTA-530680,CLI-83882,2026-06-18 14:39:00,829762.04,CRC,comision,sucursal,AL-001,Cuenta Corriente
TXN-00003221,CTA-575744,CLI-84605,2026-06-18 11:14:00,1991377.54,CRC,comision,web,PU-001,Cuenta Ahorro
TXN-00003222,CTA-718668,CLI-88750,2026-06-09 14:35:00,1885399.76,CRC,retiro,sinpe,LI-001,Préstamo Hipotecario
TXN-00003223,CTA-888000,CLI-82462,2026-06-25 22:44:00,1077465.88,CRC,pago,web,CA-001,Préstamo Hipotecario
TXN-00003224,CTA-572844,CLI-90073,2026-06-24 10:15:00,3550867.7,CRC,retiro,atm,LI-002,Préstamo Personal
TXN-00003225,CTA-367184,CLI-78837,2026-06-01 13:29:00,607968.81,CRC,retiro,app_movil,HE-001,Préstamo Hipotecario
TXN-00003226,CTA-309864,CLI-89052,2026-06-12 10:40:00,479132.59,CRC,comision,sucursal,CA-001,Préstamo Hipotecario
TXN-00003227,CTA-522000,CLI-11290,2026-06-04 20:26:00,4955219.57,CRC,deposito,app_movil,AL-001,Cuenta Corriente
TXN-00003228,CTA-790198,CLI-71133,2026-06-14 04:18:00,249302.05,CRC,pago,sucursal,HE-001,Préstamo Hipotecario
TXN-00003229,CTA-793459,CLI-39730,2026-06-04 01:33:00,3706214.99,CRC,deposito,atm,HE-001,Préstamo Hipotecario
TXN-00003230,CTA-117493,CLI-36755,2026-06-04 05:14:00,1503294.47,CRC,comision,sinpe,CA-001,Préstamo Personal
TXN-00003231,CTA-984596,CLI-81246,2026-06-15 15:03:00,4505765.57,CRC,pago,sucursal,AL-001,Cuenta Corriente
TXN-00003232,CTA-973278,CLI-97996,2026-06-27 22:00:00,3222492.45,CRC,pago,atm,PU-001,Cuenta Ahorro
TXN-00003233,CTA-445512,CLI-91406,2026-06-07 03:55:00,4543044.97,CRC,retiro,app_movil,HE-001,Préstamo Hipotecario
TXN-00003234,CTA-343403,CLI-14060,2026-06-09 07:30:00,1684831.25,CRC,comision,web,CA-001,Préstamo Personal
TXN-00003235,CTA-373698,CLI-83229,2026-06-20 11:36:00,3112303.89,CRC,comision,web,SJ-002,Cuenta Ahorro
TXN-00003236,CTA-998951,CLI-58499,2026-06-26 20:49:00,3245525.96,CRC,pago,sinpe,SJ-001,Cuenta Ahorro
TXN-00003237,CTA-482201,CLI-42244,2026-06-01 04:42:00,2369816.5,CRC,deposito,web,SJ-002,Préstamo Hipotecario
TXN-00003238,CTA-651752,CLI-66441,2026-06-19 14:10:00,503419.7,CRC,comision,atm,PU-001,Préstamo Personal
TXN-00003239,CTA-107054,CLI-50582,2026-06-07 23:02:00,4248020.98,CRC,retiro,atm,HE-001,Préstamo Personal
TXN-00003240,CTA-433434,CLI-39561,2026-06-12 17:23:00,3554395.43,CRC,deposito,sucursal,SJ-002,Préstamo Personal
TXN-00003241,CTA-201641,CLI-11668,2026-06-29 03:45:00,4252250.7,CRC,deposito,web,LI-001,Préstamo Personal
TXN-00003242,CTA-176833,CLI-75054,2026-06-23 13:37:00,3212175.57,CRC,transferencia,app_movil,CA-001,Cuenta Ahorro
TXN-00003243,CTA-898800,CLI-96932,2026-06-20 01:42:00,3788089.09,CRC,retiro,app_movil,SJ-002,Cuenta Ahorro
TXN-00003244,CTA-640683,CLI-73475,2026-06-16 04:17:00,2954340.69,CRC,retiro,sucursal,SJ-002,Préstamo Personal
TXN-00003245,CTA-292779,CLI-48525,2026-06-02 20:02:00,1492051.66,CRC,transferencia,atm,CA-001,Préstamo Personal
TXN-00003246,CTA-617348,CLI-66525,2026-06-14 01:03:00,3898873.89,CRC,deposito,web,SJ-001,Préstamo Hipotecario
TXN-00003247,CTA-430525,CLI-18609,2026-06-19 22:21:00,3872559.87,CRC,deposito,web,AL-001,Préstamo Personal
TXN-00003248,CTA-737849,CLI-19344,2026-06-15 15:00:00,3887183.42,CRC,pago,app_movil,SJ-002,Préstamo Hipotecario
TXN-00003249,CTA-350496,CLI-96168,2026-06-17 06:14:00,2417122.99,CRC,retiro,sinpe,SJ-002,Préstamo Hipotecario
TXN-00003250,CTA-502156,CLI-35242,2026-06-16 19:08:00,1340654.72,CRC,transferencia,app_movil,SJ-002,Préstamo Hipotecario
TXN-00003251,CTA-461038,CLI-55392,2026-06-04 08:08:00,2544908.54,CRC,comision,app_movil,LI-001,Cuenta Corriente
TXN-00003252,CTA-853206,CLI-91153,2026-06-15 14:34:00,1303599.59,CRC,pago,atm,LI-002,Cuenta Ahorro
TXN-00003253,CTA-149168,CLI-94752,2026-06-28 09:50:00,4609205.68,CRC,pago,web,SJ-002,Cuenta Corriente
TXN-00003254,CTA-357771,CLI-11651,2026-06-03 07:14:00,57528.26,CRC,transferencia,atm,HE-001,Tarjeta Crédito
TXN-00003255,CTA-898112,CLI-42590,2026-06-06 08:02:00,4923575.5,CRC,comision,sinpe,HE-001,Cuenta Ahorro
TXN-00003256,CTA-125305,CLI-99256,2026-06-09 02:39:00,4021555.24,CRC,retiro,sinpe,SJ-002,Préstamo Personal
TXN-00003257,CTA-874284,CLI-15230,2026-06-18 21:58:00,3836133.69,CRC,retiro,sinpe,AL-001,Tarjeta Crédito
TXN-00003258,CTA-392239,CLI-92358,2026-06-25 18:10:00,3422779.04,CRC,deposito,web,PU-001,Préstamo Hipotecario
TXN-00003259,CTA-437322,CLI-30637,2026-06-25 14:21:00,758607.27,CRC,comision,atm,SJ-001,Cuenta Corriente
TXN-00003260,CTA-843748,CLI-88684,2026-06-18 09:23:00,3460553.88,CRC,retiro,sucursal,HE-001,Cuenta Ahorro
TXN-00003261,CTA-158189,CLI-34887,2026-06-16 14:09:00,661623.6,CRC,comision,web,PU-001,Tarjeta Crédito
TXN-00003262,CTA-631867,CLI-17002,2026-06-12 23:58:00,2516184.62,CRC,pago,web,SJ-001,Cuenta Corriente
TXN-00003263,CTA-144627,CLI-88195,2026-06-24 00:14:00,4962008.63,CRC,retiro,app_movil,LI-002,Cuenta Corriente
TXN-00003264,CTA-858000,CLI-92470,2026-06-28 06:47:00,2704716.1,CRC,transferencia,sucursal,SJ-002,Cuenta Corriente
TXN-00003265,CTA-252315,CLI-61091,2026-06-05 04:21:00,3404066.55,CRC,pago,app_movil,CA-001,Cuenta Corriente
TXN-00003266,CTA-688122,CLI-16166,2026-06-16 06:13:00,2768170.6,CRC,transferencia,sucursal,HE-001,Préstamo Personal
TXN-00003267,CTA-216851,CLI-87856,2026-06-11 23:12:00,3291039.83,CRC,pago,app_movil,AL-001,Tarjeta Crédito
TXN-00003268,CTA-428769,CLI-39607,2026-06-21 16:47:00,734553.54,CRC,comision,web,AL-001,Cuenta Corriente
TXN-00003269,CTA-481008,CLI-46505,2026-06-22 15:58:00,4759912.84,CRC,transferencia,web,LI-002,Cuenta Corriente
TXN-00003270,CTA-306240,CLI-20476,2026-06-25 04:53:00,4592750.84,CRC,pago,app_movil,AL-001,Tarjeta Crédito
TXN-00003271,CTA-700094,CLI-54427,2026-06-18 18:25:00,4114548.46,CRC,retiro,sinpe,SJ-002,Tarjeta Crédito
TXN-00003272,CTA-528001,CLI-27336,2026-06-20 04:05:00,4019728.57,CRC,pago,sucursal,LI-002,Cuenta Ahorro
TXN-00003273,CTA-480949,CLI-40420,2026-06-15 20:51:00,4614322.6,CRC,deposito,sucursal,PU-001,Préstamo Personal
TXN-00003274,CTA-492136,CLI-73722,2026-06-04 08:28:00,83202.95,CRC,comision,web,HE-001,Cuenta Corriente
TXN-00003275,CTA-150770,CLI-53338,2026-06-10 20:01:00,2585166.04,CRC,deposito,web,PU-001,Cuenta Ahorro
TXN-00003276,CTA-555053,CLI-11096,2026-06-02 21:21:00,1979652.9,CRC,transferencia,app_movil,PU-001,Cuenta Ahorro
TXN-00003277,CTA-549770,CLI-44862,2026-06-25 03:53:00,3235249.78,CRC,deposito,sinpe,SJ-002,Préstamo Hipotecario
TXN-00003278,CTA-326865,CLI-86892,2026-06-27 17:59:00,55734.01,CRC,deposito,sinpe,SJ-002,Cuenta Corriente
TXN-00003279,CTA-348782,CLI-93767,2026-06-08 12:07:00,4027664.96,CRC,deposito,sucursal,SJ-001,Tarjeta Crédito
TXN-00003280,CTA-455432,CLI-30719,2026-06-07 03:44:00,3041941.92,CRC,retiro,web,SJ-001,Tarjeta Crédito
TXN-00003281,CTA-484479,CLI-40312,2026-06-26 20:52:00,3480872.92,CRC,deposito,sinpe,LI-002,Cuenta Ahorro
TXN-00003282,CTA-851417,CLI-79919,2026-06-18 20:37:00,248645.41,CRC,pago,app_movil,SJ-001,Cuenta Ahorro
TXN-00003283,CTA-616944,CLI-48702,2026-06-22 02:13:00,4586240.08,CRC,transferencia,atm,LI-001,Tarjeta Crédito
TXN-00003284,CTA-399714,CLI-82985,2026-06-29 16:18:00,220179.89,CRC,comision,atm,AL-001,Tarjeta Crédito
TXN-00003285,CTA-230396,CLI-83064,2026-06-15 23:46:00,2569459.77,CRC,deposito,sinpe,CA-001,Cuenta Corriente
TXN-00003286,CTA-467411,CLI-79388,2026-06-25 22:35:00,1739956.0,CRC,retiro,atm,PU-001,Tarjeta Crédito
TXN-00003287,CTA-264521,CLI-32003,2026-06-16 00:38:00,4901774.19,CRC,comision,atm,PU-001,Cuenta Ahorro
TXN-00003288,CTA-154875,CLI-51274,2026-06-06 14:43:00,3083038.52,CRC,pago,web,LI-002,Cuenta Corriente
TXN-00003289,CTA-540400,CLI-28289,2026-06-11 16:23:00,513642.08,CRC,transferencia,sinpe,PU-001,Préstamo Personal
TXN-00003290,CTA-570715,CLI-93931,2026-06-02 09:17:00,53414.53,CRC,retiro,web,LI-002,Préstamo Personal
TXN-00003291,CTA-938626,CLI-18242,2026-06-01 17:30:00,984504.92,CRC,transferencia,sinpe,AL-001,Tarjeta Crédito
TXN-00003292,CTA-308716,CLI-99246,2026-06-02 05:40:00,1872919.67,CRC,deposito,app_movil,SJ-002,Préstamo Personal
TXN-00003293,CTA-948259,CLI-22306,2026-06-11 11:39:00,2116379.06,CRC,transferencia,web,SJ-002,Cuenta Corriente
TXN-00003294,CTA-491558,CLI-26901,2026-06-16 18:51:00,2860835.97,CRC,retiro,atm,LI-002,Tarjeta Crédito
TXN-00003295,CTA-442252,CLI-50316,2026-06-04 09:58:00,1227229.48,CRC,pago,sinpe,CA-001,Tarjeta Crédito
TXN-00003296,CTA-867476,CLI-57889,2026-06-03 13:50:00,4843177.21,CRC,retiro,app_movil,PU-001,Tarjeta Crédito
TXN-00003297,CTA-582591,CLI-26136,2026-06-22 06:40:00,1597270.21,CRC,comision,app_movil,SJ-001,Préstamo Hipotecario
TXN-00003298,CTA-879715,CLI-49366,2026-06-30 00:01:00,2174201.42,CRC,pago,sinpe,PU-001,Cuenta Ahorro
TXN-00003299,CTA-229032,CLI-82578,2026-06-20 13:19:00,1942327.95,CRC,retiro,sucursal,LI-001,Tarjeta Crédito
TXN-00003300,CTA-803125,CLI-83343,2026-06-28 15:18:00,1319951.92,CRC,pago,web,LI-002,Préstamo Hipotecario
TXN-00003301,CTA-151564,CLI-34344,2026-06-01 07:33:00,3433637.23,CRC,retiro,web,LI-001,Préstamo Personal
TXN-00003302,CTA-106269,CLI-94199,2026-06-05 00:53:00,1222558.91,CRC,deposito,sinpe,HE-001,Cuenta Ahorro
TXN-00003303,CTA-553495,CLI-74077,2026-06-08 11:04:00,3017746.49,CRC,retiro,sucursal,SJ-001,Cuenta Ahorro
TXN-00003304,CTA-815770,CLI-27466,2026-06-07 12:54:00,1064294.45,CRC,retiro,sinpe,LI-002,Préstamo Personal
TXN-00003305,CTA-687906,CLI-27481,2026-06-14 03:46:00,200550.71,CRC,transferencia,sucursal,HE-001,Cuenta Ahorro
TXN-00003306,CTA-722580,CLI-95556,2026-06-18 23:12:00,1880934.25,CRC,retiro,atm,LI-002,Cuenta Ahorro
TXN-00003307,CTA-752161,CLI-30899,2026-06-20 23:49:00,4592312.48,CRC,retiro,sinpe,LI-002,Tarjeta Crédito
TXN-00003308,CTA-349874,CLI-99916,2026-06-30 15:50:00,234623.74,CRC,retiro,app_movil,AL-001,Préstamo Hipotecario
TXN-00003309,CTA-100139,CLI-18553,2026-06-05 06:35:00,3444010.48,CRC,pago,sinpe,HE-001,Cuenta Ahorro
TXN-00003310,CTA-407584,CLI-28127,2026-06-11 08:59:00,2581812.2,CRC,retiro,atm,AL-001,Préstamo Personal
TXN-00003311,CTA-109534,CLI-98167,2026-06-04 05:06:00,4447400.49,CRC,pago,atm,AL-001,Tarjeta Crédito
TXN-00003312,CTA-823563,CLI-54839,2026-06-04 19:51:00,4213862.89,CRC,retiro,web,LI-001,Cuenta Corriente
TXN-00003313,CTA-823230,CLI-89868,2026-06-21 03:23:00,2182651.13,CRC,comision,app_movil,LI-001,Cuenta Ahorro
TXN-00003314,CTA-103963,CLI-61556,2026-06-26 01:57:00,622461.19,CRC,transferencia,sucursal,CA-001,Cuenta Ahorro
TXN-00003315,CTA-553504,CLI-91974,2026-06-08 01:00:00,3867510.63,CRC,retiro,sucursal,AL-001,Préstamo Personal
TXN-00003316,CTA-313649,CLI-19887,2026-06-21 10:51:00,2334843.78,CRC,pago,sinpe,LI-002,Cuenta Corriente
TXN-00003317,CTA-865579,CLI-72671,2026-06-19 03:11:00,4642970.36,CRC,deposito,web,PU-001,Cuenta Corriente
TXN-00003318,CTA-496835,CLI-14528,2026-06-10 10:27:00,262747.38,CRC,transferencia,sinpe,LI-001,Tarjeta Crédito
TXN-00003319,CTA-401637,CLI-21116,2026-06-08 17:06:00,677224.96,CRC,deposito,web,HE-001,Tarjeta Crédito
TXN-00003320,CTA-383376,CLI-12425,2026-06-03 10:35:00,4489136.48,CRC,pago,web,AL-001,Tarjeta Crédito
TXN-00003321,CTA-540661,CLI-28051,2026-06-24 01:03:00,2140710.14,CRC,transferencia,sinpe,AL-001,Cuenta Corriente
TXN-00003322,CTA-141953,CLI-42127,2026-06-20 13:20:00,69953.21,CRC,pago,sucursal,AL-001,Préstamo Hipotecario
TXN-00003323,CTA-934103,CLI-44389,2026-06-17 05:45:00,4415307.85,CRC,pago,app_movil,PU-001,Tarjeta Crédito
TXN-00003324,CTA-723915,CLI-73661,2026-06-27 02:36:00,1337061.69,CRC,comision,sucursal,LI-002,Cuenta Corriente
TXN-00003325,CTA-832936,CLI-84807,2026-06-24 18:56:00,4904719.97,CRC,pago,sinpe,CA-001,Préstamo Hipotecario
TXN-00003326,CTA-840363,CLI-76333,2026-06-13 15:25:00,1289179.62,CRC,pago,app_movil,SJ-002,Préstamo Hipotecario
TXN-00003327,CTA-114896,CLI-46974,2026-06-29 05:26:00,4069524.14,CRC,comision,sucursal,LI-001,Cuenta Ahorro
TXN-00003328,CTA-233755,CLI-27273,2026-06-19 23:24:00,1483697.67,CRC,retiro,sinpe,PU-001,Tarjeta Crédito
TXN-00003329,CTA-264572,CLI-81834,2026-06-18 08:09:00,654680.71,CRC,comision,sinpe,SJ-002,Cuenta Corriente
TXN-00003330,CTA-689703,CLI-54490,2026-06-05 17:57:00,3079973.33,CRC,retiro,atm,LI-001,Cuenta Corriente
TXN-00003331,CTA-572310,CLI-67270,2026-06-01 04:27:00,913080.04,CRC,retiro,sucursal,SJ-002,Cuenta Ahorro
TXN-00003332,CTA-414752,CLI-32626,2026-06-27 22:09:00,4695295.08,CRC,retiro,atm,HE-001,Préstamo Personal
TXN-00003333,CTA-638330,CLI-75691,2026-06-21 23:38:00,322005.7,CRC,comision,sucursal,LI-002,Cuenta Ahorro
TXN-00003334,CTA-672560,CLI-95056,2026-06-10 07:56:00,2629772.1,CRC,pago,app_movil,LI-002,Tarjeta Crédito
TXN-00003335,CTA-647520,CLI-16484,2026-06-30 21:54:00,337895.3,CRC,pago,app_movil,HE-001,Cuenta Ahorro
TXN-00003336,CTA-590249,CLI-85360,2026-06-12 14:59:00,2004669.44,CRC,comision,sinpe,LI-001,Tarjeta Crédito
TXN-00003337,CTA-440333,CLI-77543,2026-06-18 19:31:00,3765438.68,CRC,pago,web,SJ-001,Préstamo Hipotecario
TXN-00003338,CTA-811218,CLI-80985,2026-06-13 06:11:00,964795.95,CRC,retiro,app_movil,PU-001,Préstamo Hipotecario
TXN-00003339,CTA-943039,CLI-25640,2026-06-21 05:48:00,1007451.73,CRC,deposito,sinpe,AL-001,Cuenta Corriente
TXN-00003340,CTA-502853,CLI-62530,2026-06-27 02:53:00,2086487.0,CRC,retiro,app_movil,AL-001,Cuenta Corriente
TXN-00003341,CTA-434134,CLI-68932,2026-06-20 01:19:00,1782286.85,CRC,comision,web,LI-001,Tarjeta Crédito
TXN-00003342,CTA-648131,CLI-62244,2026-06-16 01:02:00,3327882.95,CRC,transferencia,atm,LI-002,Tarjeta Crédito
TXN-00003343,CTA-280510,CLI-43392,2026-06-23 11:04:00,500280.65,CRC,pago,web,LI-001,Tarjeta Crédito
TXN-00003344,CTA-649217,CLI-68511,2026-06-01 06:14:00,262463.28,CRC,transferencia,sinpe,SJ-001,Préstamo Personal
TXN-00003345,CTA-160282,CLI-56846,2026-06-25 03:56:00,1456559.53,CRC,deposito,web,AL-001,Préstamo Personal
TXN-00003346,CTA-261382,CLI-32953,2026-06-17 01:27:00,1626155.45,CRC,transferencia,atm,HE-001,Tarjeta Crédito
TXN-00003347,CTA-105178,CLI-28837,2026-06-04 03:03:00,4664833.88,CRC,retiro,sucursal,LI-002,Préstamo Hipotecario
TXN-00003348,CTA-913203,CLI-40589,2026-06-19 12:02:00,85925.83,CRC,transferencia,web,PU-001,Cuenta Corriente
TXN-00003349,CTA-357058,CLI-63504,2026-06-03 21:23:00,100379.39,CRC,retiro,app_movil,LI-002,Préstamo Hipotecario
TXN-00003350,CTA-322466,CLI-77199,2026-06-14 13:49:00,770260.68,CRC,pago,app_movil,HE-001,Cuenta Ahorro
TXN-00003351,CTA-666815,CLI-90145,2026-06-03 01:23:00,3656878.74,CRC,comision,sucursal,LI-001,Cuenta Corriente
TXN-00003352,CTA-322917,CLI-45273,2026-06-28 16:52:00,3733791.2,CRC,comision,app_movil,HE-001,Préstamo Hipotecario
TXN-00003353,CTA-598734,CLI-88168,2026-06-20 17:14:00,4118538.83,CRC,pago,sinpe,SJ-002,Préstamo Personal
TXN-00003354,CTA-260281,CLI-82776,2026-06-07 03:22:00,1683840.16,CRC,transferencia,app_movil,HE-001,Cuenta Ahorro
TXN-00003355,CTA-652208,CLI-11727,2026-06-17 12:01:00,3047355.06,CRC,transferencia,atm,PU-001,Cuenta Corriente
TXN-00003356,CTA-907481,CLI-59498,2026-06-22 02:51:00,1770333.47,CRC,pago,atm,CA-001,Préstamo Hipotecario
TXN-00003357,CTA-770206,CLI-39199,2026-06-01 15:28:00,2491828.54,CRC,comision,atm,LI-001,Cuenta Corriente
TXN-00003358,CTA-553190,CLI-10142,2026-06-16 07:51:00,702638.76,CRC,retiro,sinpe,SJ-001,Tarjeta Crédito
TXN-00003359,CTA-948027,CLI-15805,2026-06-13 07:12:00,3253717.39,CRC,retiro,app_movil,AL-001,Tarjeta Crédito
TXN-00003360,CTA-393985,CLI-90022,2026-06-25 03:23:00,1661285.6,CRC,deposito,web,AL-001,Cuenta Ahorro
TXN-00003361,CTA-201050,CLI-83861,2026-06-15 04:58:00,205304.24,CRC,pago,web,AL-001,Préstamo Personal
TXN-00003362,CTA-739277,CLI-57880,2026-06-14 00:03:00,2301919.07,CRC,deposito,atm,PU-001,Cuenta Corriente
TXN-00003363,CTA-820094,CLI-78508,2026-06-24 08:51:00,3689332.58,CRC,retiro,sucursal,PU-001,Cuenta Corriente
TXN-00003364,CTA-435544,CLI-94067,2026-06-23 19:04:00,4195656.21,CRC,comision,web,AL-001,Préstamo Hipotecario
TXN-00003365,CTA-266905,CLI-42072,2026-06-13 13:57:00,2853187.15,CRC,retiro,sucursal,SJ-002,Préstamo Personal
TXN-00003366,CTA-495044,CLI-91619,2026-06-02 10:00:00,3613135.28,CRC,transferencia,sucursal,LI-001,Préstamo Personal
TXN-00003367,CTA-641436,CLI-37497,2026-06-20 02:44:00,1463385.22,CRC,deposito,web,LI-002,Cuenta Ahorro
TXN-00003368,CTA-984394,CLI-87379,2026-06-01 02:43:00,2014872.75,CRC,retiro,app_movil,PU-001,Tarjeta Crédito
TXN-00003369,CTA-624972,CLI-29605,2026-06-05 04:47:00,2344226.44,CRC,transferencia,sucursal,SJ-002,Préstamo Personal
TXN-00003370,CTA-534445,CLI-91639,2026-06-17 11:11:00,2816069.0,CRC,comision,sinpe,LI-001,Cuenta Corriente
TXN-00003371,CTA-582521,CLI-28928,2026-06-20 03:11:00,1178597.26,CRC,retiro,web,AL-001,Cuenta Corriente
TXN-00003372,CTA-279582,CLI-39884,2026-06-21 11:51:00,4903499.42,CRC,pago,sinpe,SJ-001,Cuenta Corriente
TXN-00003373,CTA-385980,CLI-81061,2026-06-02 15:13:00,1582475.68,CRC,pago,app_movil,PU-001,Préstamo Hipotecario
TXN-00003374,CTA-709143,CLI-52331,2026-06-13 18:27:00,4922169.24,CRC,transferencia,app_movil,LI-002,Préstamo Personal
TXN-00003375,CTA-312362,CLI-87771,2026-06-20 03:32:00,1570487.02,CRC,comision,app_movil,LI-002,Préstamo Hipotecario
TXN-00003376,CTA-885327,CLI-37542,2026-06-25 14:41:00,4215121.61,CRC,pago,sinpe,SJ-001,Cuenta Corriente
TXN-00003377,CTA-731796,CLI-17612,2026-06-17 01:17:00,1602707.59,CRC,comision,sinpe,SJ-002,Tarjeta Crédito
TXN-00003378,CTA-966935,CLI-82080,2026-06-17 19:41:00,839073.68,CRC,retiro,sinpe,PU-001,Tarjeta Crédito
TXN-00003379,CTA-650632,CLI-12995,2026-06-26 01:17:00,2055713.55,CRC,retiro,app_movil,LI-002,Préstamo Personal
TXN-00003380,CTA-722516,CLI-62317,2026-06-19 03:22:00,755537.45,CRC,deposito,sucursal,SJ-002,Cuenta Corriente
TXN-00003381,CTA-449951,CLI-21562,2026-06-29 17:52:00,3160542.15,CRC,comision,sinpe,SJ-001,Cuenta Corriente
TXN-00003382,CTA-922228,CLI-22883,2026-06-08 00:57:00,4236825.32,CRC,comision,sucursal,PU-001,Cuenta Corriente
TXN-00003383,CTA-521307,CLI-60859,2026-06-30 12:43:00,36207.15,CRC,comision,app_movil,LI-002,Cuenta Corriente
TXN-00003384,CTA-330105,CLI-73051,2026-06-03 03:25:00,2931095.8,CRC,retiro,sinpe,LI-002,Préstamo Hipotecario
TXN-00003385,CTA-342187,CLI-39347,2026-06-07 13:15:00,2766843.0,CRC,transferencia,sinpe,PU-001,Préstamo Personal
TXN-00003386,CTA-354395,CLI-51442,2026-06-14 19:49:00,4606679.83,CRC,deposito,web,LI-002,Préstamo Personal
TXN-00003387,CTA-533864,CLI-77969,2026-06-15 22:09:00,2555651.41,CRC,retiro,sucursal,LI-002,Tarjeta Crédito
TXN-00003388,CTA-610487,CLI-67967,2026-06-17 03:00:00,67335.26,CRC,retiro,app_movil,LI-002,Cuenta Ahorro
TXN-00003389,CTA-445264,CLI-54599,2026-06-30 22:55:00,501650.07,CRC,deposito,atm,CA-001,Préstamo Personal
TXN-00003390,CTA-198161,CLI-78786,2026-06-02 11:45:00,635764.88,CRC,pago,sinpe,LI-001,Préstamo Hipotecario
TXN-00003391,CTA-393765,CLI-44525,2026-06-11 03:11:00,3554830.81,CRC,deposito,atm,HE-001,Tarjeta Crédito
TXN-00003392,CTA-180058,CLI-50811,2026-06-24 04:04:00,524248.47,CRC,deposito,atm,CA-001,Préstamo Personal
TXN-00003393,CTA-337839,CLI-94957,2026-06-03 08:08:00,3762961.17,CRC,transferencia,app_movil,SJ-002,Cuenta Ahorro
TXN-00003394,CTA-758280,CLI-61582,2026-06-19 05:33:00,570040.35,CRC,comision,sinpe,LI-002,Cuenta Corriente
TXN-00003395,CTA-572209,CLI-90990,2026-06-02 16:55:00,4391828.87,CRC,pago,sinpe,LI-002,Cuenta Corriente
TXN-00003396,CTA-417249,CLI-92255,2026-06-07 11:14:00,3194409.0,CRC,transferencia,atm,CA-001,Préstamo Personal
TXN-00003397,CTA-596006,CLI-85301,2026-06-24 07:39:00,1317759.54,CRC,transferencia,app_movil,HE-001,Cuenta Ahorro
TXN-00003398,CTA-953963,CLI-12837,2026-06-20 06:18:00,4768940.44,CRC,deposito,web,PU-001,Cuenta Ahorro
TXN-00003399,CTA-895221,CLI-75353,2026-06-07 03:08:00,2399349.4,CRC,comision,sucursal,LI-001,Cuenta Corriente
TXN-00003400,CTA-840733,CLI-30993,2026-06-17 03:49:00,1830891.37,CRC,comision,sucursal,LI-002,Préstamo Personal
TXN-00003401,CTA-686741,CLI-37312,2026-06-11 15:04:00,2545710.74,CRC,deposito,sucursal,SJ-002,Préstamo Hipotecario
TXN-00003402,CTA-839477,CLI-96755,2026-06-05 00:54:00,2796493.72,CRC,transferencia,sucursal,LI-001,Cuenta Ahorro
TXN-00003403,CTA-494175,CLI-58869,2026-06-11 07:33:00,1501129.43,CRC,deposito,sinpe,AL-001,Tarjeta Crédito
TXN-00003404,CTA-711401,CLI-66735,2026-06-29 12:39:00,2688183.27,CRC,pago,app_movil,HE-001,Préstamo Personal
TXN-00003405,CTA-502968,CLI-71727,2026-06-10 10:25:00,1458893.15,CRC,transferencia,web,HE-001,Cuenta Ahorro
TXN-00003406,CTA-700102,CLI-56758,2026-06-06 13:37:00,3715309.32,CRC,comision,atm,LI-001,Cuenta Corriente
TXN-00003407,CTA-739379,CLI-25060,2026-06-29 12:58:00,1339406.12,CRC,pago,app_movil,LI-002,Préstamo Personal
TXN-00003408,CTA-269409,CLI-31703,2026-06-01 03:12:00,66626.52,CRC,deposito,sinpe,LI-001,Cuenta Corriente
TXN-00003409,CTA-400604,CLI-22960,2026-06-19 09:48:00,3228006.63,CRC,retiro,atm,SJ-002,Tarjeta Crédito
TXN-00003410,CTA-161418,CLI-87437,2026-06-22 19:45:00,3495553.34,CRC,transferencia,sinpe,PU-001,Cuenta Ahorro
TXN-00003411,CTA-871693,CLI-26837,2026-06-23 03:46:00,1439719.91,CRC,comision,sucursal,LI-002,Préstamo Hipotecario
TXN-00003412,CTA-353088,CLI-36382,2026-06-19 10:26:00,3322525.15,CRC,deposito,sucursal,HE-001,Préstamo Personal
TXN-00003413,CTA-885489,CLI-13875,2026-06-29 20:57:00,4846252.86,CRC,comision,sinpe,LI-001,Préstamo Personal
TXN-00003414,CTA-297769,CLI-64475,2026-06-09 12:26:00,2789593.42,CRC,pago,web,SJ-002,Préstamo Personal
TXN-00003415,CTA-533966,CLI-67082,2026-06-06 14:28:00,4949748.45,CRC,deposito,app_movil,PU-001,Cuenta Ahorro
TXN-00003416,CTA-391383,CLI-32792,2026-06-15 06:22:00,4576437.76,CRC,deposito,sucursal,PU-001,Cuenta Ahorro
TXN-00003417,CTA-716964,CLI-81331,2026-06-07 01:58:00,1344055.69,CRC,deposito,app_movil,CA-001,Cuenta Ahorro
TXN-00003418,CTA-541425,CLI-73992,2026-06-20 22:06:00,2769079.95,CRC,transferencia,sinpe,PU-001,Cuenta Corriente
TXN-00003419,CTA-744106,CLI-19459,2026-06-05 06:26:00,4321357.22,CRC,transferencia,sucursal,LI-002,Tarjeta Crédito
TXN-00003420,CTA-408035,CLI-13526,2026-06-13 13:33:00,602367.84,CRC,comision,sucursal,PU-001,Cuenta Ahorro
TXN-00003421,CTA-418814,CLI-61832,2026-06-12 03:56:00,314272.9,CRC,transferencia,web,LI-001,Tarjeta Crédito
TXN-00003422,CTA-215389,CLI-82035,2026-06-07 09:02:00,4067967.04,CRC,pago,sucursal,PU-001,Préstamo Personal
TXN-00003423,CTA-695183,CLI-86618,2026-06-06 20:04:00,1091708.23,CRC,transferencia,web,PU-001,Préstamo Hipotecario
TXN-00003424,CTA-894750,CLI-30702,2026-06-29 20:10:00,1780719.1,CRC,retiro,web,LI-001,Préstamo Personal
TXN-00003425,CTA-413136,CLI-89672,2026-06-18 02:17:00,4059652.15,CRC,deposito,app_movil,HE-001,Cuenta Ahorro
TXN-00003426,CTA-287590,CLI-53846,2026-06-25 22:05:00,13398.23,CRC,transferencia,app_movil,LI-001,Cuenta Ahorro
TXN-00003427,CTA-368244,CLI-82001,2026-06-13 08:05:00,4626872.63,CRC,pago,web,HE-001,Cuenta Ahorro
TXN-00003428,CTA-415296,CLI-71449,2026-06-09 05:13:00,2863741.9,CRC,retiro,sucursal,CA-001,Cuenta Corriente
TXN-00003429,CTA-866734,CLI-20969,2026-06-12 12:00:00,1380690.64,CRC,transferencia,web,LI-001,Tarjeta Crédito
TXN-00003430,CTA-197302,CLI-25002,2026-06-27 09:47:00,744935.69,CRC,transferencia,sinpe,CA-001,Préstamo Personal
TXN-00003431,CTA-432204,CLI-38004,2026-06-24 22:30:00,2948637.5,CRC,deposito,sucursal,LI-002,Cuenta Corriente
TXN-00003432,CTA-399279,CLI-41963,2026-06-14 04:13:00,2916231.26,CRC,pago,web,SJ-001,Préstamo Personal
TXN-00003433,CTA-154282,CLI-79250,2026-06-20 08:07:00,2569650.06,CRC,transferencia,sinpe,SJ-002,Cuenta Corriente
TXN-00003434,CTA-661946,CLI-72970,2026-06-03 17:17:00,3615710.21,CRC,retiro,app_movil,SJ-002,Tarjeta Crédito
TXN-00003435,CTA-168076,CLI-42790,2026-06-10 09:08:00,1623537.8,CRC,retiro,web,SJ-002,Préstamo Personal
TXN-00003436,CTA-208931,CLI-11937,2026-06-25 08:12:00,854980.4,CRC,pago,sinpe,PU-001,Cuenta Corriente
TXN-00003437,CTA-745020,CLI-98000,2026-06-25 23:25:00,487491.72,CRC,pago,sinpe,LI-002,Tarjeta Crédito
TXN-00003438,CTA-897951,CLI-69525,2026-06-20 06:17:00,645240.71,CRC,deposito,web,HE-001,Préstamo Hipotecario
TXN-00003439,CTA-548595,CLI-85784,2026-06-30 15:49:00,714796.72,CRC,retiro,sucursal,SJ-001,Cuenta Corriente
TXN-00003440,CTA-879140,CLI-35713,2026-06-17 22:38:00,896850.07,CRC,deposito,web,HE-001,Cuenta Corriente
TXN-00003441,CTA-294006,CLI-75824,2026-06-03 09:39:00,976993.13,CRC,pago,atm,AL-001,Tarjeta Crédito
TXN-00003442,CTA-244814,CLI-32046,2026-06-01 20:36:00,4577646.69,CRC,transferencia,app_movil,LI-001,Cuenta Corriente
TXN-00003443,CTA-528718,CLI-72966,2026-06-14 03:57:00,137515.18,CRC,deposito,app_movil,AL-001,Tarjeta Crédito
TXN-00003444,CTA-717426,CLI-84237,2026-06-04 10:20:00,1599472.75,CRC,retiro,app_movil,HE-001,Cuenta Corriente
TXN-00003445,CTA-315803,CLI-78066,2026-06-19 06:52:00,4464289.43,CRC,retiro,sucursal,PU-001,Cuenta Ahorro
TXN-00003446,CTA-435036,CLI-40422,2026-06-07 05:14:00,187753.91,CRC,comision,sucursal,HE-001,Cuenta Ahorro
TXN-00003447,CTA-246630,CLI-95854,2026-06-09 00:20:00,1862818.76,CRC,deposito,app_movil,SJ-001,Préstamo Hipotecario
TXN-00003448,CTA-317825,CLI-43557,2026-06-03 02:38:00,570245.07,CRC,comision,atm,SJ-002,Cuenta Ahorro
TXN-00003449,CTA-772915,CLI-32847,2026-06-11 04:15:00,963023.0,CRC,transferencia,sucursal,SJ-002,Préstamo Hipotecario
TXN-00003450,CTA-266014,CLI-41884,2026-06-18 05:47:00,3983238.75,CRC,comision,atm,SJ-002,Tarjeta Crédito
TXN-00003451,CTA-327098,CLI-49882,2026-06-19 17:42:00,1666949.57,CRC,retiro,sinpe,HE-001,Préstamo Personal
TXN-00003452,CTA-548996,CLI-10652,2026-06-14 13:56:00,3047450.12,CRC,retiro,atm,HE-001,Préstamo Hipotecario
TXN-00003453,CTA-380622,CLI-32789,2026-06-24 07:14:00,2147564.45,CRC,deposito,sinpe,PU-001,Tarjeta Crédito
TXN-00003454,CTA-767583,CLI-97820,2026-06-12 06:21:00,3752020.63,CRC,pago,sucursal,PU-001,Tarjeta Crédito
TXN-00003455,CTA-594820,CLI-40415,2026-06-27 01:42:00,887557.36,CRC,transferencia,web,LI-001,Cuenta Corriente
TXN-00003456,CTA-523922,CLI-58618,2026-06-16 05:28:00,4986396.78,CRC,transferencia,sinpe,AL-001,Cuenta Corriente
TXN-00003457,CTA-509035,CLI-30670,2026-06-13 04:11:00,3820388.99,CRC,transferencia,sucursal,LI-002,Préstamo Hipotecario
TXN-00003458,CTA-210337,CLI-44943,2026-06-03 18:10:00,2083029.07,CRC,pago,atm,PU-001,Cuenta Ahorro
TXN-00003459,CTA-831873,CLI-58610,2026-06-12 08:12:00,4245131.09,CRC,retiro,atm,PU-001,Préstamo Personal
TXN-00003460,CTA-433217,CLI-97414,2026-06-13 07:46:00,2172076.89,CRC,retiro,atm,PU-001,Cuenta Ahorro
TXN-00003461,CTA-764577,CLI-85574,2026-06-26 12:58:00,637281.78,CRC,comision,atm,PU-001,Cuenta Ahorro
TXN-00003462,CTA-841420,CLI-60889,2026-06-08 00:18:00,1013537.32,CRC,pago,sinpe,HE-001,Cuenta Ahorro
TXN-00003463,CTA-185769,CLI-30532,2026-06-14 13:17:00,1694435.05,CRC,pago,web,SJ-002,Cuenta Ahorro
TXN-00003464,CTA-322825,CLI-96422,2026-06-29 10:59:00,1620583.87,CRC,transferencia,web,CA-001,Préstamo Hipotecario
TXN-00003465,CTA-705815,CLI-13425,2026-06-15 22:50:00,1232508.69,CRC,pago,app_movil,PU-001,Préstamo Personal
TXN-00003466,CTA-593238,CLI-87363,2026-06-25 12:04:00,1480879.47,CRC,retiro,sinpe,AL-001,Préstamo Hipotecario
TXN-00003467,CTA-471704,CLI-39439,2026-06-25 20:47:00,2076987.51,CRC,comision,app_movil,SJ-002,Cuenta Corriente
TXN-00003468,CTA-192677,CLI-13830,2026-06-18 21:58:00,3473496.38,CRC,retiro,app_movil,CA-001,Préstamo Personal
TXN-00003469,CTA-161793,CLI-71804,2026-06-10 11:25:00,654862.81,CRC,retiro,app_movil,LI-002,Cuenta Corriente
TXN-00003470,CTA-680796,CLI-12503,2026-06-13 11:08:00,4072776.68,CRC,comision,sucursal,PU-001,Préstamo Personal
TXN-00003471,CTA-228435,CLI-47417,2026-06-13 12:28:00,590005.33,CRC,pago,sucursal,CA-001,Préstamo Hipotecario
TXN-00003472,CTA-439020,CLI-94206,2026-06-14 13:19:00,1984906.03,CRC,transferencia,sucursal,LI-002,Préstamo Hipotecario
TXN-00003473,CTA-836657,CLI-48867,2026-06-29 19:13:00,1943613.48,CRC,transferencia,web,AL-001,Cuenta Ahorro
TXN-00003474,CTA-884388,CLI-86687,2026-06-09 16:54:00,2300587.42,CRC,comision,atm,SJ-002,Cuenta Corriente
TXN-00003475,CTA-375004,CLI-76273,2026-06-10 19:05:00,4103476.39,CRC,deposito,app_movil,PU-001,Cuenta Ahorro
TXN-00003476,CTA-501885,CLI-48290,2026-06-30 05:16:00,3512876.87,CRC,comision,web,PU-001,Cuenta Corriente
TXN-00003477,CTA-804889,CLI-13352,2026-06-29 05:39:00,2258037.65,CRC,pago,sinpe,PU-001,Cuenta Ahorro
TXN-00003478,CTA-216326,CLI-14307,2026-06-10 22:36:00,1104147.53,CRC,deposito,web,LI-001,Cuenta Corriente
TXN-00003479,CTA-698966,CLI-13609,2026-06-08 17:28:00,3926550.93,CRC,deposito,web,LI-001,Cuenta Ahorro
TXN-00003480,CTA-135533,CLI-20656,2026-06-26 20:03:00,3657176.65,CRC,retiro,sucursal,HE-001,Cuenta Ahorro
TXN-00003481,CTA-798229,CLI-64953,2026-06-13 09:17:00,1078005.42,CRC,pago,sucursal,HE-001,Tarjeta Crédito
TXN-00003482,CTA-965625,CLI-83839,2026-06-25 06:42:00,1407952.78,CRC,comision,atm,SJ-002,Cuenta Corriente
TXN-00003483,CTA-617602,CLI-88708,2026-06-03 19:48:00,4325011.15,CRC,retiro,app_movil,SJ-002,Cuenta Corriente
TXN-00003484,CTA-110928,CLI-47083,2026-06-12 10:12:00,519543.72,CRC,comision,sinpe,SJ-002,Cuenta Corriente
TXN-00003485,CTA-788030,CLI-31174,2026-06-02 03:12:00,4242255.47,CRC,deposito,sucursal,SJ-001,Préstamo Hipotecario
TXN-00003486,CTA-224853,CLI-62979,2026-06-26 13:39:00,4266225.76,CRC,comision,app_movil,PU-001,Cuenta Corriente
TXN-00003487,CTA-251392,CLI-25989,2026-06-29 06:07:00,1232992.57,CRC,retiro,atm,SJ-001,Préstamo Hipotecario
TXN-00003488,CTA-263511,CLI-17853,2026-06-15 23:29:00,2768032.6,CRC,retiro,atm,HE-001,Cuenta Ahorro
TXN-00003489,CTA-601277,CLI-84117,2026-06-04 09:34:00,307855.66,CRC,deposito,web,PU-001,Préstamo Hipotecario
TXN-00003490,CTA-500721,CLI-17701,2026-06-05 12:53:00,4603982.72,CRC,deposito,atm,CA-001,Préstamo Personal
TXN-00003491,CTA-221641,CLI-36644,2026-06-05 12:00:00,3953787.74,CRC,retiro,app_movil,SJ-002,Préstamo Hipotecario
TXN-00003492,CTA-418195,CLI-70808,2026-06-15 01:59:00,4981797.52,CRC,deposito,sucursal,SJ-001,Préstamo Hipotecario
TXN-00003493,CTA-225022,CLI-27369,2026-06-26 06:54:00,1447351.58,CRC,comision,web,SJ-002,Tarjeta Crédito
TXN-00003494,CTA-831067,CLI-19841,2026-06-15 10:22:00,4543286.08,CRC,comision,sucursal,AL-001,Préstamo Personal
TXN-00003495,CTA-408872,CLI-66190,2026-06-22 16:23:00,2454806.62,CRC,retiro,sinpe,LI-001,Cuenta Corriente
TXN-00003496,CTA-768102,CLI-75446,2026-06-11 20:52:00,188508.61,CRC,transferencia,sinpe,SJ-002,Cuenta Corriente
TXN-00003497,CTA-705652,CLI-47521,2026-06-30 22:17:00,611449.05,CRC,retiro,sucursal,PU-001,Cuenta Ahorro
TXN-00003498,CTA-150211,CLI-19979,2026-06-06 09:56:00,1420510.48,CRC,retiro,app_movil,LI-001,Tarjeta Crédito
TXN-00003499,CTA-725802,CLI-96960,2026-06-10 21:53:00,257944.44,CRC,pago,sucursal,LI-001,Préstamo Personal
TXN-00003500,CTA-953696,CLI-55140,2026-06-04 00:33:00,2739789.68,CRC,transferencia,sucursal,PU-001,Tarjeta Crédito
TXN-00003501,CTA-178697,CLI-10264,2026-06-08 23:41:00,3698228.73,CRC,retiro,atm,LI-002,Tarjeta Crédito
TXN-00003502,CTA-589207,CLI-86513,2026-06-23 03:27:00,4671251.92,CRC,comision,sinpe,SJ-002,Préstamo Hipotecario
TXN-00003503,CTA-733873,CLI-47005,2026-06-13 13:22:00,2130168.22,CRC,comision,sinpe,LI-001,Préstamo Hipotecario
TXN-00003504,CTA-211114,CLI-87443,2026-06-11 01:17:00,154096.92,CRC,transferencia,web,SJ-001,Préstamo Personal
TXN-00003505,CTA-481746,CLI-76173,2026-06-16 19:57:00,1041827.87,CRC,transferencia,sucursal,PU-001,Cuenta Ahorro
TXN-00003506,CTA-508647,CLI-62980,2026-06-21 09:36:00,2278968.0,CRC,retiro,atm,SJ-002,Préstamo Personal
TXN-00003507,CTA-108383,CLI-72444,2026-06-17 16:48:00,1295693.77,CRC,deposito,app_movil,SJ-001,Cuenta Corriente
TXN-00003508,CTA-333289,CLI-10667,2026-06-14 09:11:00,557046.78,CRC,pago,sinpe,HE-001,Préstamo Personal
TXN-00003509,CTA-834457,CLI-77102,2026-06-09 04:38:00,203585.75,CRC,pago,app_movil,HE-001,Cuenta Corriente
TXN-00003510,CTA-728626,CLI-17732,2026-06-01 03:44:00,2046481.2,CRC,transferencia,app_movil,PU-001,Préstamo Personal
TXN-00003511,CTA-527445,CLI-32085,2026-06-07 04:05:00,39530.66,CRC,retiro,sinpe,AL-001,Cuenta Corriente
TXN-00003512,CTA-791641,CLI-31146,2026-06-06 12:56:00,4351037.95,CRC,retiro,sucursal,LI-001,Cuenta Ahorro
TXN-00003513,CTA-683077,CLI-30319,2026-06-26 03:09:00,905725.49,CRC,transferencia,app_movil,AL-001,Préstamo Hipotecario
TXN-00003514,CTA-263100,CLI-78945,2026-06-13 15:20:00,1634384.04,CRC,retiro,atm,LI-002,Préstamo Hipotecario
TXN-00003515,CTA-386176,CLI-22093,2026-06-27 21:35:00,160716.95,CRC,deposito,sinpe,HE-001,Tarjeta Crédito
TXN-00003516,CTA-919729,CLI-23340,2026-06-21 14:06:00,1141636.97,CRC,deposito,sucursal,SJ-002,Tarjeta Crédito
TXN-00003517,CTA-917646,CLI-68064,2026-06-02 08:26:00,972005.34,CRC,retiro,sucursal,LI-001,Préstamo Hipotecario
TXN-00003518,CTA-108027,CLI-67236,2026-06-27 22:40:00,4617755.28,CRC,transferencia,app_movil,AL-001,Tarjeta Crédito
TXN-00003519,CTA-586918,CLI-78706,2026-06-23 06:31:00,2994375.99,CRC,retiro,app_movil,SJ-001,Cuenta Ahorro
TXN-00003520,CTA-124882,CLI-49334,2026-06-25 14:18:00,4257585.06,CRC,deposito,sinpe,SJ-001,Tarjeta Crédito
TXN-00003521,CTA-743054,CLI-53636,2026-06-15 23:49:00,1507110.15,CRC,retiro,sinpe,CA-001,Cuenta Corriente
TXN-00003522,CTA-682662,CLI-63738,2026-06-30 20:17:00,1440268.14,CRC,pago,atm,HE-001,Cuenta Ahorro
TXN-00003523,CTA-772723,CLI-76838,2026-06-26 01:24:00,877255.59,CRC,comision,sinpe,SJ-001,Cuenta Ahorro
TXN-00003524,CTA-461080,CLI-75237,2026-06-02 00:39:00,1110843.11,CRC,comision,app_movil,PU-001,Cuenta Ahorro
TXN-00003525,CTA-202075,CLI-39087,2026-06-22 03:31:00,3338504.32,CRC,comision,web,SJ-002,Tarjeta Crédito
TXN-00003526,CTA-114408,CLI-51803,2026-06-11 21:39:00,2981710.3,CRC,transferencia,sinpe,PU-001,Tarjeta Crédito
TXN-00003527,CTA-721130,CLI-84994,2026-06-16 16:15:00,3921454.96,CRC,transferencia,app_movil,LI-002,Préstamo Hipotecario
TXN-00003528,CTA-872350,CLI-10086,2026-06-13 15:55:00,2879986.91,CRC,pago,sinpe,AL-001,Préstamo Personal
TXN-00003529,CTA-476738,CLI-30083,2026-06-26 18:42:00,3447662.78,CRC,comision,sinpe,SJ-001,Préstamo Hipotecario
TXN-00003530,CTA-863245,CLI-16353,2026-06-20 12:44:00,1886933.65,CRC,pago,atm,SJ-001,Préstamo Personal
TXN-00003531,CTA-892876,CLI-45830,2026-06-21 22:06:00,1168407.58,CRC,transferencia,web,CA-001,Cuenta Corriente
TXN-00003532,CTA-565734,CLI-64312,2026-06-04 18:39:00,1592418.63,CRC,deposito,sucursal,PU-001,Préstamo Personal
TXN-00003533,CTA-678643,CLI-17679,2026-06-26 11:49:00,1494905.81,CRC,retiro,atm,SJ-002,Cuenta Ahorro
TXN-00003534,CTA-303896,CLI-72771,2026-06-29 21:36:00,2560629.29,CRC,pago,sinpe,SJ-001,Préstamo Hipotecario
TXN-00003535,CTA-415929,CLI-70271,2026-06-08 07:33:00,1479509.08,CRC,pago,sucursal,PU-001,Tarjeta Crédito
TXN-00003536,CTA-352065,CLI-28459,2026-06-01 09:59:00,3376885.28,CRC,transferencia,sucursal,HE-001,Cuenta Ahorro
TXN-00003537,CTA-387211,CLI-20487,2026-06-14 17:17:00,3834194.99,CRC,pago,sucursal,SJ-001,Tarjeta Crédito
TXN-00003538,CTA-517669,CLI-88689,2026-06-06 00:48:00,1710698.05,CRC,deposito,atm,LI-001,Préstamo Hipotecario
TXN-00003539,CTA-986932,CLI-86671,2026-06-16 09:13:00,2293220.91,CRC,deposito,web,LI-001,Cuenta Ahorro
TXN-00003540,CTA-391032,CLI-31566,2026-06-23 17:01:00,75716.58,CRC,transferencia,web,PU-001,Cuenta Corriente
TXN-00003541,CTA-251413,CLI-91341,2026-06-11 21:13:00,1108894.57,CRC,transferencia,sinpe,CA-001,Tarjeta Crédito
TXN-00003542,CTA-989531,CLI-20822,2026-06-17 07:56:00,4654656.45,CRC,transferencia,sinpe,AL-001,Cuenta Ahorro
TXN-00003543,CTA-393112,CLI-12654,2026-06-24 21:50:00,1132572.75,CRC,retiro,sinpe,PU-001,Préstamo Personal
TXN-00003544,CTA-823683,CLI-90902,2026-06-18 20:30:00,4524200.4,CRC,comision,app_movil,AL-001,Préstamo Personal
TXN-00003545,CTA-264599,CLI-88674,2026-06-08 04:30:00,2427379.33,CRC,retiro,sucursal,SJ-002,Cuenta Corriente
TXN-00003546,CTA-667881,CLI-33177,2026-06-14 17:54:00,2036947.25,CRC,deposito,atm,SJ-002,Cuenta Ahorro
TXN-00003547,CTA-501027,CLI-89183,2026-06-27 20:48:00,4499335.77,CRC,retiro,web,AL-001,Cuenta Corriente
TXN-00003548,CTA-959210,CLI-56524,2026-06-19 00:46:00,4931026.19,CRC,deposito,sucursal,CA-001,Cuenta Corriente
TXN-00003549,CTA-416743,CLI-79682,2026-06-11 11:54:00,2501058.24,CRC,transferencia,app_movil,AL-001,Cuenta Ahorro
TXN-00003550,CTA-804039,CLI-86682,2026-06-07 21:10:00,2090516.25,CRC,deposito,app_movil,SJ-001,Préstamo Hipotecario
TXN-00003551,CTA-749063,CLI-39582,2026-06-11 21:26:00,1059020.48,CRC,pago,sinpe,CA-001,Préstamo Personal
TXN-00003552,CTA-777513,CLI-12841,2026-06-04 20:34:00,11306.27,CRC,retiro,sinpe,SJ-001,Tarjeta Crédito
TXN-00003553,CTA-293153,CLI-54631,2026-06-20 13:59:00,1884537.54,CRC,pago,atm,SJ-002,Préstamo Personal
TXN-00003554,CTA-728833,CLI-50514,2026-06-03 21:53:00,1770132.92,CRC,deposito,web,LI-001,Préstamo Hipotecario
TXN-00003555,CTA-399530,CLI-55105,2026-06-29 07:00:00,1135295.58,CRC,retiro,sucursal,AL-001,Cuenta Ahorro
TXN-00003556,CTA-591491,CLI-71010,2026-06-04 18:29:00,3254796.94,CRC,comision,app_movil,PU-001,Tarjeta Crédito
TXN-00003557,CTA-869567,CLI-47740,2026-06-16 02:05:00,1448836.9,CRC,retiro,web,PU-001,Cuenta Corriente
TXN-00003558,CTA-469878,CLI-35665,2026-06-06 09:10:00,4724959.57,CRC,comision,app_movil,HE-001,Cuenta Corriente
TXN-00003559,CTA-541157,CLI-66100,2026-06-21 13:00:00,2140113.08,CRC,transferencia,app_movil,LI-002,Tarjeta Crédito
TXN-00003560,CTA-896567,CLI-64799,2026-06-09 01:06:00,3240864.99,CRC,deposito,sucursal,LI-002,Cuenta Corriente
TXN-00003561,CTA-961265,CLI-94935,2026-06-27 04:35:00,2769317.83,CRC,transferencia,web,AL-001,Préstamo Hipotecario
TXN-00003562,CTA-935876,CLI-91913,2026-06-03 12:00:00,3311242.14,CRC,deposito,sucursal,PU-001,Cuenta Ahorro
TXN-00003563,CTA-509774,CLI-72712,2026-06-12 04:35:00,3376187.0,CRC,comision,web,SJ-002,Cuenta Corriente
TXN-00003564,CTA-314431,CLI-53948,2026-06-18 14:01:00,3163422.85,CRC,retiro,sucursal,LI-002,Cuenta Ahorro
TXN-00003565,CTA-473015,CLI-86778,2026-06-10 00:43:00,616397.84,CRC,retiro,app_movil,LI-002,Cuenta Ahorro
TXN-00003566,CTA-485492,CLI-64274,2026-06-18 05:28:00,3235960.53,CRC,retiro,web,HE-001,Cuenta Corriente
TXN-00003567,CTA-735724,CLI-50837,2026-06-04 18:47:00,4229169.69,CRC,retiro,app_movil,HE-001,Cuenta Corriente
TXN-00003568,CTA-453005,CLI-42198,2026-06-02 07:35:00,2268325.81,CRC,comision,sinpe,CA-001,Préstamo Hipotecario
TXN-00003569,CTA-176702,CLI-37155,2026-06-07 18:12:00,3515492.01,CRC,retiro,atm,CA-001,Préstamo Personal
TXN-00003570,CTA-318829,CLI-26621,2026-06-16 16:22:00,1900567.11,CRC,pago,sinpe,PU-001,Tarjeta Crédito
TXN-00003571,CTA-311503,CLI-99523,2026-06-05 16:48:00,3295895.39,CRC,pago,web,LI-002,Tarjeta Crédito
TXN-00003572,CTA-457383,CLI-37565,2026-06-26 22:43:00,4412040.87,CRC,comision,sucursal,SJ-002,Cuenta Corriente
TXN-00003573,CTA-799713,CLI-13975,2026-06-05 06:56:00,3894937.23,CRC,pago,atm,SJ-002,Cuenta Ahorro
TXN-00003574,CTA-552022,CLI-68342,2026-06-20 11:27:00,1464892.74,CRC,retiro,atm,PU-001,Cuenta Corriente
TXN-00003575,CTA-393234,CLI-51408,2026-06-07 13:49:00,916210.42,CRC,transferencia,sucursal,LI-002,Cuenta Ahorro
TXN-00003576,CTA-429268,CLI-60581,2026-06-23 06:07:00,3363533.46,CRC,comision,web,LI-001,Préstamo Personal
TXN-00003577,CTA-717276,CLI-65818,2026-06-12 20:11:00,2557035.11,CRC,retiro,sucursal,LI-002,Tarjeta Crédito
TXN-00003578,CTA-970801,CLI-25769,2026-06-27 07:03:00,3541080.82,CRC,deposito,atm,HE-001,Préstamo Personal
TXN-00003579,CTA-533351,CLI-85837,2026-06-29 11:11:00,1575192.19,CRC,retiro,sinpe,AL-001,Préstamo Personal
TXN-00003580,CTA-450017,CLI-24399,2026-06-15 21:09:00,2669625.56,CRC,retiro,app_movil,PU-001,Préstamo Personal
TXN-00003581,CTA-845497,CLI-74512,2026-06-06 18:02:00,4379204.4,CRC,retiro,sinpe,LI-002,Cuenta Ahorro
TXN-00003582,CTA-712690,CLI-38247,2026-06-15 13:03:00,3069830.87,CRC,transferencia,atm,SJ-001,Cuenta Ahorro
TXN-00003583,CTA-415791,CLI-67289,2026-06-04 07:40:00,2878064.6,CRC,transferencia,app_movil,AL-001,Cuenta Ahorro
TXN-00003584,CTA-617396,CLI-70485,2026-06-07 16:56:00,1464244.36,CRC,comision,app_movil,CA-001,Tarjeta Crédito
TXN-00003585,CTA-586162,CLI-27949,2026-06-16 16:42:00,3615474.74,CRC,transferencia,app_movil,LI-002,Préstamo Hipotecario
TXN-00003586,CTA-313502,CLI-40169,2026-06-14 06:11:00,2295318.38,CRC,comision,sinpe,SJ-001,Cuenta Ahorro
TXN-00003587,CTA-813696,CLI-28876,2026-06-05 06:14:00,2264464.97,CRC,retiro,sucursal,HE-001,Préstamo Personal
TXN-00003588,CTA-694947,CLI-45353,2026-06-30 08:37:00,3467384.16,CRC,transferencia,app_movil,AL-001,Préstamo Personal
TXN-00003589,CTA-566896,CLI-11540,2026-06-23 05:17:00,3829920.55,CRC,pago,sucursal,PU-001,Préstamo Personal
TXN-00003590,CTA-989928,CLI-78186,2026-06-29 16:16:00,3354840.85,CRC,pago,sucursal,CA-001,Cuenta Corriente
TXN-00003591,CTA-932333,CLI-29863,2026-06-06 03:14:00,4942209.14,CRC,deposito,app_movil,SJ-002,Préstamo Hipotecario
TXN-00003592,CTA-956798,CLI-43177,2026-06-14 07:08:00,633374.42,CRC,comision,sucursal,HE-001,Cuenta Ahorro
TXN-00003593,CTA-808517,CLI-85531,2026-06-10 16:07:00,4245727.35,CRC,pago,app_movil,PU-001,Préstamo Hipotecario
TXN-00003594,CTA-876015,CLI-93641,2026-06-08 13:44:00,2494327.9,CRC,deposito,sucursal,PU-001,Préstamo Personal
TXN-00003595,CTA-365493,CLI-89506,2026-06-01 09:31:00,3200934.84,CRC,transferencia,web,LI-001,Préstamo Hipotecario
TXN-00003596,CTA-488467,CLI-64959,2026-06-07 01:21:00,2811893.99,CRC,transferencia,sinpe,SJ-001,Cuenta Corriente
TXN-00003597,CTA-751828,CLI-58443,2026-06-06 04:13:00,728711.12,CRC,deposito,sinpe,CA-001,Cuenta Ahorro
TXN-00003598,CTA-100958,CLI-20150,2026-06-18 00:43:00,4124525.96,CRC,deposito,atm,SJ-001,Tarjeta Crédito
TXN-00003599,CTA-925316,CLI-79546,2026-06-18 19:37:00,2376492.02,CRC,deposito,sinpe,SJ-002,Cuenta Corriente
TXN-00003600,CTA-769051,CLI-18930,2026-06-10 20:44:00,1429920.41,CRC,deposito,atm,SJ-001,Cuenta Corriente
TXN-00003601,CTA-525372,CLI-60457,2026-06-13 09:01:00,320308.03,CRC,comision,atm,CA-001,Cuenta Corriente
TXN-00003602,CTA-765117,CLI-95790,2026-06-10 17:16:00,955469.97,CRC,deposito,atm,LI-001,Préstamo Hipotecario
TXN-00003603,CTA-580333,CLI-51906,2026-06-30 09:18:00,2387081.76,CRC,transferencia,sinpe,CA-001,Cuenta Corriente
TXN-00003604,CTA-112606,CLI-23514,2026-06-09 23:16:00,3122702.55,CRC,pago,sinpe,SJ-001,Tarjeta Crédito
TXN-00003605,CTA-610717,CLI-69087,2026-06-18 08:37:00,2237446.03,CRC,comision,atm,HE-001,Cuenta Corriente
TXN-00003606,CTA-585060,CLI-96121,2026-06-05 03:37:00,774683.91,CRC,deposito,web,SJ-001,Préstamo Hipotecario
TXN-00003607,CTA-207825,CLI-67138,2026-06-24 23:45:00,2419180.47,CRC,deposito,app_movil,CA-001,Tarjeta Crédito
TXN-00003608,CTA-937637,CLI-77811,2026-06-24 11:33:00,2122041.99,CRC,pago,app_movil,PU-001,Cuenta Corriente
TXN-00003609,CTA-504100,CLI-67480,2026-06-26 21:13:00,4133182.11,CRC,transferencia,sinpe,LI-002,Préstamo Hipotecario
TXN-00003610,CTA-168863,CLI-72454,2026-06-10 04:35:00,799996.98,CRC,deposito,atm,CA-001,Cuenta Corriente
TXN-00003611,CTA-367998,CLI-56732,2026-06-16 03:32:00,1875244.88,CRC,comision,app_movil,CA-001,Préstamo Hipotecario
TXN-00003612,CTA-839863,CLI-29654,2026-06-16 19:51:00,1636418.11,CRC,comision,atm,PU-001,Cuenta Ahorro
TXN-00003613,CTA-706603,CLI-96000,2026-06-17 14:23:00,4936957.05,CRC,comision,sinpe,CA-001,Cuenta Ahorro
TXN-00003614,CTA-791491,CLI-28615,2026-06-13 20:20:00,1940093.69,CRC,deposito,web,AL-001,Préstamo Personal
TXN-00003615,CTA-446293,CLI-80703,2026-06-16 06:04:00,333612.64,CRC,transferencia,web,SJ-001,Préstamo Personal
TXN-00003616,CTA-318122,CLI-10563,2026-06-25 22:37:00,3024156.98,CRC,retiro,app_movil,LI-002,Cuenta Ahorro
TXN-00003617,CTA-965842,CLI-70558,2026-06-24 10:59:00,1023338.25,CRC,retiro,web,LI-001,Préstamo Personal
TXN-00003618,CTA-173014,CLI-93620,2026-06-20 13:40:00,1275976.28,CRC,transferencia,app_movil,CA-001,Cuenta Ahorro
TXN-00003619,CTA-488619,CLI-49298,2026-06-15 13:27:00,4374064.27,CRC,pago,app_movil,AL-001,Cuenta Ahorro
TXN-00003620,CTA-108025,CLI-80145,2026-06-01 04:49:00,4091104.0,CRC,comision,web,LI-002,Cuenta Ahorro
TXN-00003621,CTA-334629,CLI-82819,2026-06-01 08:42:00,3827863.11,CRC,retiro,web,LI-002,Préstamo Personal
TXN-00003622,CTA-892375,CLI-25198,2026-06-22 08:25:00,4599349.43,CRC,deposito,sinpe,LI-002,Tarjeta Crédito
TXN-00003623,CTA-868069,CLI-73010,2026-06-07 09:08:00,642230.06,CRC,comision,web,LI-001,Cuenta Ahorro
TXN-00003624,CTA-186973,CLI-29192,2026-06-01 01:11:00,44092.04,CRC,deposito,app_movil,SJ-001,Cuenta Ahorro
TXN-00003625,CTA-807931,CLI-48045,2026-06-13 16:22:00,968117.1,CRC,pago,sucursal,AL-001,Cuenta Corriente
TXN-00003626,CTA-825341,CLI-96797,2026-06-16 20:58:00,4243982.68,CRC,pago,web,LI-002,Cuenta Corriente
TXN-00003627,CTA-810783,CLI-85972,2026-06-29 04:09:00,4673443.2,CRC,comision,web,PU-001,Cuenta Corriente
TXN-00003628,CTA-555608,CLI-55857,2026-06-18 02:54:00,3549173.63,CRC,pago,web,LI-001,Préstamo Personal
TXN-00003629,CTA-739002,CLI-99294,2026-06-19 12:14:00,204418.93,CRC,pago,sinpe,HE-001,Cuenta Ahorro
TXN-00003630,CTA-116858,CLI-12289,2026-06-09 20:44:00,3895114.45,CRC,comision,atm,HE-001,Cuenta Ahorro
TXN-00003631,CTA-807226,CLI-59789,2026-06-08 08:22:00,4724937.16,CRC,transferencia,sucursal,HE-001,Préstamo Personal
TXN-00003632,CTA-291154,CLI-26670,2026-06-29 09:43:00,4785982.67,CRC,deposito,sinpe,CA-001,Cuenta Corriente
TXN-00003633,CTA-837589,CLI-11741,2026-06-12 18:12:00,4920387.57,CRC,pago,app_movil,CA-001,Tarjeta Crédito
TXN-00003634,CTA-541800,CLI-16562,2026-06-13 22:45:00,3359137.67,CRC,deposito,atm,LI-002,Préstamo Personal
TXN-00003635,CTA-444722,CLI-14868,2026-06-30 03:38:00,413997.54,CRC,deposito,app_movil,SJ-002,Cuenta Corriente
TXN-00003636,CTA-132222,CLI-76049,2026-06-19 01:35:00,2095875.98,CRC,deposito,sucursal,AL-001,Préstamo Personal
TXN-00003637,CTA-985727,CLI-71436,2026-06-16 20:49:00,3347453.78,CRC,transferencia,sinpe,CA-001,Préstamo Personal
TXN-00003638,CTA-403061,CLI-76532,2026-06-26 07:38:00,1104064.61,CRC,comision,sucursal,CA-001,Tarjeta Crédito
TXN-00003639,CTA-213033,CLI-47183,2026-06-23 09:23:00,3001014.9,CRC,comision,web,SJ-002,Préstamo Personal
TXN-00003640,CTA-503076,CLI-41780,2026-06-26 22:44:00,4091192.31,CRC,comision,web,SJ-002,Préstamo Personal
TXN-00003641,CTA-124060,CLI-37219,2026-06-13 21:48:00,4061752.91,CRC,deposito,web,CA-001,Cuenta Ahorro
TXN-00003642,CTA-253357,CLI-77953,2026-06-30 22:03:00,2116989.81,CRC,retiro,atm,PU-001,Préstamo Personal
TXN-00003643,CTA-721013,CLI-31816,2026-06-25 12:25:00,1320084.3,CRC,pago,sucursal,LI-001,Tarjeta Crédito
TXN-00003644,CTA-822684,CLI-98513,2026-06-01 02:51:00,4054409.18,CRC,retiro,app_movil,SJ-001,Préstamo Hipotecario
TXN-00003645,CTA-798917,CLI-59412,2026-06-18 19:12:00,432717.12,CRC,deposito,atm,SJ-001,Cuenta Corriente
TXN-00003646,CTA-454335,CLI-46674,2026-06-27 19:35:00,2797832.23,CRC,retiro,sucursal,SJ-001,Préstamo Personal
TXN-00003647,CTA-312775,CLI-17473,2026-06-06 05:06:00,4771838.07,CRC,retiro,sucursal,PU-001,Tarjeta Crédito
TXN-00003648,CTA-847391,CLI-36315,2026-06-20 03:38:00,1907565.72,CRC,deposito,app_movil,CA-001,Cuenta Corriente
TXN-00003649,CTA-651890,CLI-88012,2026-06-03 14:06:00,2947075.17,CRC,comision,sucursal,SJ-001,Cuenta Corriente
TXN-00003650,CTA-862438,CLI-10465,2026-06-26 04:04:00,2605684.63,CRC,transferencia,sinpe,LI-002,Cuenta Corriente
TXN-00003651,CTA-392216,CLI-18450,2026-06-08 21:29:00,1680275.65,CRC,transferencia,sinpe,CA-001,Préstamo Hipotecario
TXN-00003652,CTA-341293,CLI-16470,2026-06-09 04:17:00,3108566.04,CRC,transferencia,sucursal,SJ-001,Préstamo Personal
TXN-00003653,CTA-907733,CLI-64720,2026-06-19 23:38:00,443513.79,CRC,pago,sucursal,PU-001,Préstamo Hipotecario
TXN-00003654,CTA-950158,CLI-20793,2026-06-30 05:59:00,2559712.85,CRC,retiro,sucursal,SJ-001,Préstamo Personal
TXN-00003655,CTA-898000,CLI-84983,2026-06-24 15:53:00,1744601.82,CRC,transferencia,web,SJ-002,Tarjeta Crédito
TXN-00003656,CTA-852675,CLI-38873,2026-06-21 20:15:00,4359202.88,CRC,deposito,app_movil,SJ-001,Cuenta Corriente
TXN-00003657,CTA-877709,CLI-42048,2026-06-16 21:02:00,3372041.57,CRC,deposito,sinpe,CA-001,Préstamo Personal
TXN-00003658,CTA-748789,CLI-76039,2026-06-23 15:04:00,3023696.76,CRC,transferencia,sucursal,CA-001,Cuenta Corriente
TXN-00003659,CTA-246728,CLI-97459,2026-06-26 09:09:00,3735233.2,CRC,pago,sinpe,SJ-002,Cuenta Ahorro
TXN-00003660,CTA-473270,CLI-94887,2026-06-22 14:08:00,3667499.24,CRC,deposito,app_movil,PU-001,Préstamo Personal
TXN-00003661,CTA-203068,CLI-76727,2026-06-23 02:38:00,2395202.1,CRC,pago,web,PU-001,Préstamo Personal
TXN-00003662,CTA-347660,CLI-66681,2026-06-06 16:49:00,2046426.05,CRC,comision,sinpe,CA-001,Tarjeta Crédito
TXN-00003663,CTA-515773,CLI-93870,2026-06-02 02:50:00,3643819.88,CRC,retiro,web,SJ-002,Préstamo Personal
TXN-00003664,CTA-553252,CLI-67013,2026-06-08 19:45:00,921193.17,CRC,pago,sinpe,AL-001,Préstamo Hipotecario
TXN-00003665,CTA-516370,CLI-21223,2026-06-01 12:13:00,2238283.77,CRC,pago,atm,CA-001,Cuenta Ahorro
TXN-00003666,CTA-708992,CLI-86510,2026-06-09 12:32:00,2319533.97,CRC,retiro,atm,SJ-001,Préstamo Hipotecario
TXN-00003667,CTA-457982,CLI-91590,2026-06-25 08:51:00,678759.72,CRC,pago,web,SJ-002,Préstamo Personal
TXN-00003668,CTA-732565,CLI-75012,2026-06-07 22:20:00,1614257.64,CRC,pago,atm,PU-001,Cuenta Corriente
TXN-00003669,CTA-487299,CLI-79756,2026-06-25 23:42:00,4560762.65,CRC,deposito,atm,CA-001,Cuenta Corriente
TXN-00003670,CTA-562229,CLI-24334,2026-06-04 07:07:00,624867.46,CRC,pago,atm,HE-001,Préstamo Personal
TXN-00003671,CTA-962941,CLI-28228,2026-06-26 02:18:00,2858714.17,CRC,comision,atm,CA-001,Préstamo Personal
TXN-00003672,CTA-562842,CLI-20522,2026-06-16 23:17:00,2672381.6,CRC,deposito,atm,SJ-002,Préstamo Hipotecario
TXN-00003673,CTA-783134,CLI-57324,2026-06-20 12:04:00,281356.24,CRC,deposito,app_movil,SJ-001,Préstamo Hipotecario
TXN-00003674,CTA-838203,CLI-93702,2026-06-09 08:34:00,1349578.78,CRC,retiro,sinpe,HE-001,Préstamo Personal
TXN-00003675,CTA-585548,CLI-16526,2026-06-26 12:57:00,1748554.27,CRC,retiro,app_movil,LI-002,Cuenta Ahorro
TXN-00003676,CTA-206614,CLI-29651,2026-06-27 20:03:00,91071.24,CRC,transferencia,app_movil,CA-001,Cuenta Corriente
TXN-00003677,CTA-137883,CLI-74671,2026-06-30 07:08:00,4178230.22,CRC,transferencia,sucursal,PU-001,Préstamo Hipotecario
TXN-00003678,CTA-729907,CLI-55171,2026-06-02 01:04:00,3308176.64,CRC,retiro,sucursal,PU-001,Cuenta Ahorro
TXN-00003679,CTA-321061,CLI-25606,2026-06-11 08:00:00,2040963.47,CRC,comision,app_movil,CA-001,Préstamo Personal
TXN-00003680,CTA-622688,CLI-93746,2026-06-08 15:39:00,69186.77,CRC,retiro,app_movil,SJ-001,Cuenta Ahorro
TXN-00003681,CTA-782841,CLI-65505,2026-06-12 21:49:00,4523587.96,CRC,retiro,atm,AL-001,Préstamo Hipotecario
TXN-00003682,CTA-931106,CLI-93238,2026-06-21 12:51:00,1196850.89,CRC,transferencia,app_movil,LI-001,Tarjeta Crédito
TXN-00003683,CTA-899686,CLI-46318,2026-06-23 12:28:00,4033991.32,CRC,transferencia,web,SJ-002,Préstamo Hipotecario
TXN-00003684,CTA-620133,CLI-43516,2026-06-17 17:23:00,3391768.4,CRC,deposito,web,PU-001,Préstamo Hipotecario
TXN-00003685,CTA-418692,CLI-43181,2026-06-23 10:25:00,1810073.18,CRC,transferencia,sucursal,CA-001,Tarjeta Crédito
TXN-00003686,CTA-787149,CLI-66247,2026-06-16 00:46:00,1404156.32,CRC,comision,sinpe,SJ-002,Préstamo Personal
TXN-00003687,CTA-380670,CLI-76411,2026-06-17 02:35:00,3331619.19,CRC,retiro,atm,CA-001,Préstamo Hipotecario
TXN-00003688,CTA-549796,CLI-92572,2026-06-11 09:44:00,3274915.77,CRC,retiro,web,LI-001,Préstamo Personal
TXN-00003689,CTA-970182,CLI-49284,2026-06-10 19:44:00,4893208.36,CRC,comision,atm,PU-001,Cuenta Ahorro
TXN-00003690,CTA-950818,CLI-70387,2026-06-08 00:29:00,4303522.73,CRC,pago,atm,SJ-001,Préstamo Hipotecario
TXN-00003691,CTA-738528,CLI-48106,2026-06-22 10:27:00,4621633.97,CRC,retiro,sucursal,SJ-001,Préstamo Personal
TXN-00003692,CTA-780345,CLI-43006,2026-06-28 18:22:00,3284779.2,CRC,transferencia,sucursal,CA-001,Préstamo Personal
TXN-00003693,CTA-133212,CLI-56665,2026-06-28 04:09:00,4332736.42,CRC,deposito,atm,LI-001,Tarjeta Crédito
TXN-00003694,CTA-133429,CLI-88103,2026-06-03 17:04:00,4972636.02,CRC,retiro,sinpe,LI-001,Tarjeta Crédito
TXN-00003695,CTA-962696,CLI-11073,2026-06-19 05:52:00,826759.64,CRC,deposito,web,LI-002,Cuenta Ahorro
TXN-00003696,CTA-894986,CLI-89103,2026-06-13 18:13:00,4588912.11,CRC,retiro,sinpe,AL-001,Cuenta Corriente
TXN-00003697,CTA-874167,CLI-74228,2026-06-22 06:34:00,1137155.35,CRC,retiro,sinpe,LI-002,Tarjeta Crédito
TXN-00003698,CTA-818930,CLI-10627,2026-06-13 06:31:00,3335104.58,CRC,retiro,sinpe,LI-001,Cuenta Corriente
TXN-00003699,CTA-686253,CLI-56027,2026-06-03 21:17:00,689398.62,CRC,deposito,atm,PU-001,Cuenta Corriente
TXN-00003700,CTA-460182,CLI-13035,2026-06-07 00:53:00,1500186.97,CRC,retiro,sinpe,SJ-001,Cuenta Corriente
TXN-00003701,CTA-167874,CLI-28254,2026-06-15 04:24:00,1717745.0,CRC,pago,sinpe,CA-001,Tarjeta Crédito
TXN-00003702,CTA-750579,CLI-53333,2026-06-11 13:59:00,3753233.34,CRC,retiro,app_movil,CA-001,Cuenta Corriente
TXN-00003703,CTA-469720,CLI-85511,2026-06-06 01:58:00,1195764.04,CRC,deposito,atm,AL-001,Cuenta Ahorro
TXN-00003704,CTA-583098,CLI-44628,2026-06-19 06:06:00,924068.23,CRC,retiro,sinpe,LI-001,Préstamo Personal
TXN-00003705,CTA-460653,CLI-24550,2026-06-18 07:23:00,4030815.66,CRC,deposito,sinpe,AL-001,Tarjeta Crédito
TXN-00003706,CTA-680918,CLI-98722,2026-06-23 13:39:00,2643120.03,CRC,transferencia,atm,CA-001,Tarjeta Crédito
TXN-00003707,CTA-893351,CLI-66543,2026-06-16 13:47:00,1298460.78,CRC,deposito,sinpe,SJ-002,Cuenta Corriente
TXN-00003708,CTA-182200,CLI-72473,2026-06-27 14:32:00,1621570.5,CRC,transferencia,atm,CA-001,Tarjeta Crédito
TXN-00003709,CTA-832469,CLI-14096,2026-06-15 05:30:00,3443500.2,CRC,pago,sucursal,CA-001,Préstamo Personal
TXN-00003710,CTA-309501,CLI-42433,2026-06-09 11:40:00,2079249.93,CRC,pago,atm,SJ-002,Préstamo Personal
TXN-00003711,CTA-800239,CLI-51610,2026-06-05 08:16:00,4229434.5,CRC,pago,atm,AL-001,Préstamo Personal
TXN-00003712,CTA-206434,CLI-32780,2026-06-08 14:10:00,1287383.28,CRC,pago,app_movil,PU-001,Préstamo Hipotecario
TXN-00003713,CTA-921597,CLI-95852,2026-06-12 17:18:00,2556308.85,CRC,pago,web,SJ-002,Cuenta Ahorro
TXN-00003714,CTA-345410,CLI-20988,2026-06-01 15:25:00,2120058.28,CRC,comision,web,SJ-001,Cuenta Ahorro
TXN-00003715,CTA-726747,CLI-54043,2026-06-01 22:02:00,4614812.84,CRC,deposito,web,CA-001,Préstamo Personal
TXN-00003716,CTA-846876,CLI-53244,2026-06-03 16:47:00,1678598.61,CRC,comision,sinpe,HE-001,Préstamo Hipotecario
TXN-00003717,CTA-838091,CLI-64889,2026-06-07 12:01:00,4571983.29,CRC,pago,sucursal,AL-001,Cuenta Corriente
TXN-00003718,CTA-340283,CLI-79601,2026-06-08 21:13:00,1402704.7,CRC,comision,sinpe,CA-001,Cuenta Corriente
TXN-00003719,CTA-194845,CLI-96189,2026-06-15 01:02:00,4251195.15,CRC,transferencia,sucursal,LI-001,Cuenta Corriente
TXN-00003720,CTA-354061,CLI-62525,2026-06-07 14:39:00,3039425.75,CRC,transferencia,atm,LI-001,Cuenta Corriente
TXN-00003721,CTA-349085,CLI-24033,2026-06-07 14:06:00,3927381.06,CRC,retiro,atm,AL-001,Cuenta Ahorro
TXN-00003722,CTA-563012,CLI-59623,2026-06-22 10:52:00,3835776.19,CRC,pago,sucursal,LI-001,Préstamo Hipotecario
TXN-00003723,CTA-447325,CLI-48378,2026-06-28 17:52:00,551885.37,CRC,comision,app_movil,SJ-002,Tarjeta Crédito
TXN-00003724,CTA-189213,CLI-78332,2026-06-29 14:43:00,971218.44,CRC,retiro,atm,HE-001,Cuenta Ahorro
TXN-00003725,CTA-934189,CLI-21082,2026-06-20 20:05:00,1125894.3,CRC,deposito,sucursal,LI-001,Préstamo Hipotecario
TXN-00003726,CTA-773727,CLI-24051,2026-06-23 00:26:00,594392.97,CRC,transferencia,app_movil,LI-002,Préstamo Personal
TXN-00003727,CTA-590418,CLI-89292,2026-06-07 16:38:00,4743669.97,CRC,retiro,web,SJ-002,Tarjeta Crédito
TXN-00003728,CTA-269579,CLI-76746,2026-06-03 22:09:00,1068933.71,CRC,deposito,web,LI-002,Cuenta Ahorro
TXN-00003729,CTA-866670,CLI-75984,2026-06-28 23:04:00,3718452.7,CRC,pago,sucursal,SJ-002,Préstamo Hipotecario
TXN-00003730,CTA-676659,CLI-42268,2026-06-08 01:58:00,490653.17,CRC,pago,sinpe,AL-001,Cuenta Corriente
TXN-00003731,CTA-582879,CLI-67035,2026-06-15 15:59:00,1089938.13,CRC,pago,app_movil,LI-002,Cuenta Corriente
TXN-00003732,CTA-815595,CLI-69142,2026-06-17 08:06:00,2824835.36,CRC,pago,app_movil,AL-001,Préstamo Personal
TXN-00003733,CTA-723752,CLI-91100,2026-06-30 06:50:00,1731939.23,CRC,deposito,atm,HE-001,Cuenta Ahorro
TXN-00003734,CTA-153601,CLI-11356,2026-06-03 13:41:00,1371546.06,CRC,retiro,app_movil,HE-001,Cuenta Ahorro
TXN-00003735,CTA-646038,CLI-41986,2026-06-30 09:49:00,3712263.88,CRC,comision,web,PU-001,Préstamo Hipotecario
TXN-00003736,CTA-880954,CLI-50590,2026-06-28 21:28:00,4435384.72,CRC,transferencia,app_movil,SJ-001,Cuenta Ahorro
TXN-00003737,CTA-574574,CLI-61983,2026-06-28 01:17:00,2515491.61,CRC,deposito,sucursal,LI-001,Cuenta Corriente
TXN-00003738,CTA-853744,CLI-36963,2026-06-13 09:18:00,3023330.31,CRC,transferencia,web,SJ-001,Préstamo Personal
TXN-00003739,CTA-662529,CLI-29162,2026-06-16 20:05:00,3127543.25,CRC,retiro,web,HE-001,Préstamo Hipotecario
TXN-00003740,CTA-355419,CLI-82018,2026-06-23 23:34:00,224222.87,CRC,retiro,web,SJ-002,Cuenta Ahorro
TXN-00003741,CTA-428804,CLI-23124,2026-06-04 06:17:00,4356866.38,CRC,retiro,sucursal,SJ-001,Tarjeta Crédito
TXN-00003742,CTA-425587,CLI-30929,2026-06-18 01:55:00,503649.67,CRC,retiro,app_movil,SJ-001,Cuenta Corriente
TXN-00003743,CTA-347512,CLI-32781,2026-06-11 16:42:00,1808948.59,CRC,deposito,sinpe,AL-001,Cuenta Ahorro
TXN-00003744,CTA-858817,CLI-93515,2026-06-04 11:52:00,2615336.41,CRC,pago,sucursal,PU-001,Préstamo Personal
TXN-00003745,CTA-809609,CLI-97499,2026-06-01 09:52:00,2687817.68,CRC,deposito,web,CA-001,Cuenta Ahorro
TXN-00003746,CTA-635068,CLI-87661,2026-06-18 07:28:00,2329817.3,CRC,transferencia,web,SJ-001,Préstamo Personal
TXN-00003747,CTA-124258,CLI-56345,2026-06-22 22:37:00,231818.71,CRC,retiro,app_movil,AL-001,Tarjeta Crédito
TXN-00003748,CTA-109264,CLI-69867,2026-06-05 12:55:00,4832651.47,CRC,deposito,web,SJ-001,Cuenta Ahorro
TXN-00003749,CTA-128924,CLI-95748,2026-06-13 05:48:00,4356936.25,CRC,comision,sinpe,LI-001,Tarjeta Crédito
TXN-00003750,CTA-106731,CLI-79348,2026-06-05 17:48:00,1084241.24,CRC,transferencia,app_movil,AL-001,Cuenta Corriente
TXN-00003751,CTA-937337,CLI-94224,2026-06-27 14:02:00,3111456.68,CRC,transferencia,atm,SJ-002,Tarjeta Crédito
TXN-00003752,CTA-248654,CLI-90849,2026-06-17 12:53:00,3027934.1,CRC,pago,atm,PU-001,Tarjeta Crédito
TXN-00003753,CTA-575549,CLI-66070,2026-06-18 17:25:00,3000599.05,CRC,pago,app_movil,SJ-002,Cuenta Ahorro
TXN-00003754,CTA-950270,CLI-25247,2026-06-20 23:42:00,3672073.39,CRC,comision,sinpe,LI-002,Préstamo Personal
TXN-00003755,CTA-471589,CLI-62532,2026-06-07 10:24:00,1203347.85,CRC,deposito,sucursal,PU-001,Préstamo Personal
TXN-00003756,CTA-126486,CLI-58792,2026-06-18 08:53:00,2719970.07,CRC,transferencia,web,LI-002,Cuenta Ahorro
TXN-00003757,CTA-987165,CLI-78780,2026-06-21 21:05:00,978790.32,CRC,pago,atm,SJ-002,Cuenta Corriente
TXN-00003758,CTA-787107,CLI-47839,2026-06-08 13:10:00,1087859.61,CRC,pago,app_movil,AL-001,Tarjeta Crédito
TXN-00003759,CTA-284453,CLI-74780,2026-06-14 12:32:00,4428846.03,CRC,pago,sucursal,PU-001,Cuenta Ahorro
TXN-00003760,CTA-215815,CLI-19387,2026-06-01 00:55:00,4757188.95,CRC,pago,web,HE-001,Cuenta Corriente
TXN-00003761,CTA-207233,CLI-59098,2026-06-14 13:42:00,3131421.12,CRC,retiro,atm,AL-001,Préstamo Hipotecario
TXN-00003762,CTA-657700,CLI-65246,2026-06-11 07:41:00,3005226.47,CRC,retiro,web,SJ-002,Tarjeta Crédito
TXN-00003763,CTA-507160,CLI-51050,2026-06-22 19:24:00,4208752.85,CRC,pago,sinpe,SJ-001,Préstamo Hipotecario
TXN-00003764,CTA-326964,CLI-59467,2026-06-18 15:15:00,4634936.32,CRC,comision,sinpe,LI-002,Cuenta Ahorro
TXN-00003765,CTA-330570,CLI-73756,2026-06-01 03:15:00,1392241.43,CRC,comision,sucursal,SJ-001,Préstamo Personal
TXN-00003766,CTA-704664,CLI-33740,2026-06-11 07:57:00,3827773.67,CRC,retiro,sinpe,SJ-002,Cuenta Corriente
TXN-00003767,CTA-160451,CLI-60240,2026-06-30 07:15:00,2413288.73,CRC,transferencia,sinpe,AL-001,Cuenta Ahorro
TXN-00003768,CTA-377057,CLI-16537,2026-06-13 18:00:00,219361.37,CRC,pago,sucursal,SJ-002,Préstamo Hipotecario
TXN-00003769,CTA-278613,CLI-26814,2026-06-05 06:52:00,2716537.27,CRC,comision,sucursal,SJ-002,Tarjeta Crédito
TXN-00003770,CTA-121414,CLI-21469,2026-06-22 20:05:00,2593450.84,CRC,comision,app_movil,SJ-002,Préstamo Personal
TXN-00003771,CTA-989173,CLI-72974,2026-06-27 13:12:00,3260366.12,CRC,transferencia,web,PU-001,Préstamo Hipotecario
TXN-00003772,CTA-600238,CLI-47337,2026-06-28 21:21:00,4163321.16,CRC,comision,sinpe,HE-001,Préstamo Personal
TXN-00003773,CTA-241370,CLI-23953,2026-06-29 09:52:00,1579303.43,CRC,pago,app_movil,SJ-001,Cuenta Corriente
TXN-00003774,CTA-537789,CLI-56654,2026-06-13 16:54:00,3952846.65,CRC,comision,app_movil,PU-001,Préstamo Hipotecario
TXN-00003775,CTA-109870,CLI-66710,2026-06-29 04:59:00,4974509.55,CRC,deposito,web,SJ-002,Cuenta Ahorro
TXN-00003776,CTA-355070,CLI-22414,2026-06-29 18:08:00,2032505.04,CRC,pago,sucursal,LI-001,Cuenta Corriente
TXN-00003777,CTA-484327,CLI-56189,2026-06-08 15:40:00,4905368.06,CRC,pago,sucursal,LI-002,Préstamo Personal
TXN-00003778,CTA-738375,CLI-63807,2026-06-05 16:53:00,2983820.76,CRC,retiro,web,PU-001,Préstamo Hipotecario
TXN-00003779,CTA-979944,CLI-37690,2026-06-24 01:54:00,444311.11,CRC,comision,sinpe,SJ-002,Préstamo Hipotecario
TXN-00003780,CTA-274786,CLI-16207,2026-06-27 15:14:00,1960427.37,CRC,deposito,sucursal,SJ-001,Cuenta Corriente
TXN-00003781,CTA-617736,CLI-55620,2026-06-23 17:41:00,2130665.21,CRC,retiro,sucursal,SJ-002,Cuenta Corriente
TXN-00003782,CTA-824621,CLI-35489,2026-06-18 16:54:00,4012576.16,CRC,pago,app_movil,CA-001,Cuenta Ahorro
TXN-00003783,CTA-652477,CLI-53178,2026-06-04 11:58:00,3069987.25,CRC,transferencia,sinpe,LI-002,Cuenta Corriente
TXN-00003784,CTA-975344,CLI-17377,2026-06-03 01:35:00,3446546.32,CRC,retiro,web,HE-001,Cuenta Ahorro
TXN-00003785,CTA-489620,CLI-77618,2026-06-28 08:51:00,3748925.67,CRC,transferencia,sinpe,LI-001,Cuenta Ahorro
TXN-00003786,CTA-960177,CLI-40725,2026-06-16 13:16:00,4519123.03,CRC,comision,sinpe,PU-001,Préstamo Hipotecario
TXN-00003787,CTA-391977,CLI-38551,2026-06-06 15:04:00,2409663.62,CRC,comision,sucursal,AL-001,Cuenta Ahorro
TXN-00003788,CTA-948006,CLI-45694,2026-06-15 15:52:00,530101.13,CRC,deposito,sinpe,LI-001,Cuenta Ahorro
TXN-00003789,CTA-983994,CLI-43300,2026-06-15 16:26:00,3147122.09,CRC,pago,web,SJ-002,Cuenta Ahorro
TXN-00003790,CTA-525528,CLI-14891,2026-06-05 20:06:00,3533635.41,CRC,deposito,sinpe,AL-001,Préstamo Personal
TXN-00003791,CTA-202412,CLI-37251,2026-06-11 14:47:00,1790679.49,CRC,comision,atm,HE-001,Tarjeta Crédito
TXN-00003792,CTA-328199,CLI-16910,2026-06-11 15:19:00,1570442.41,CRC,comision,sucursal,SJ-002,Cuenta Corriente
TXN-00003793,CTA-872672,CLI-54259,2026-06-22 09:41:00,2607060.87,CRC,comision,app_movil,PU-001,Préstamo Hipotecario
TXN-00003794,CTA-926550,CLI-85929,2026-06-20 12:11:00,1812449.97,CRC,comision,web,HE-001,Cuenta Ahorro
TXN-00003795,CTA-133670,CLI-83715,2026-06-29 15:43:00,4573417.58,CRC,comision,sinpe,HE-001,Cuenta Ahorro
TXN-00003796,CTA-914114,CLI-34665,2026-06-05 21:32:00,2417792.36,CRC,transferencia,app_movil,LI-002,Préstamo Personal
TXN-00003797,CTA-316211,CLI-38284,2026-06-19 05:24:00,333646.24,CRC,comision,web,SJ-002,Cuenta Ahorro
TXN-00003798,CTA-826045,CLI-27836,2026-06-20 12:21:00,144885.49,CRC,deposito,web,LI-002,Cuenta Ahorro
TXN-00003799,CTA-289015,CLI-50059,2026-06-14 08:50:00,3532029.67,CRC,retiro,sucursal,SJ-001,Cuenta Ahorro
TXN-00003800,CTA-650723,CLI-40085,2026-06-13 07:19:00,3442038.84,CRC,deposito,web,SJ-002,Cuenta Ahorro
TXN-00003801,CTA-423528,CLI-11889,2026-06-09 09:52:00,2169963.64,CRC,deposito,sinpe,CA-001,Cuenta Corriente
TXN-00003802,CTA-276366,CLI-48866,2026-06-30 12:40:00,1451656.19,CRC,comision,atm,HE-001,Cuenta Ahorro
TXN-00003803,CTA-356534,CLI-58215,2026-06-02 09:39:00,3465943.14,CRC,deposito,sinpe,AL-001,Tarjeta Crédito
TXN-00003804,CTA-195275,CLI-25468,2026-06-20 23:44:00,1755835.38,CRC,comision,web,PU-001,Cuenta Corriente
TXN-00003805,CTA-108456,CLI-90306,2026-06-16 07:23:00,4948477.26,CRC,comision,atm,PU-001,Cuenta Corriente
TXN-00003806,CTA-751162,CLI-80667,2026-06-15 01:25:00,1758413.49,CRC,comision,app_movil,LI-002,Cuenta Ahorro
TXN-00003807,CTA-971175,CLI-93399,2026-06-22 06:35:00,1600275.04,CRC,retiro,atm,SJ-001,Tarjeta Crédito
TXN-00003808,CTA-964710,CLI-33472,2026-06-05 05:57:00,2543345.79,CRC,pago,app_movil,SJ-001,Cuenta Corriente
TXN-00003809,CTA-435046,CLI-90806,2026-06-02 05:40:00,1592211.96,CRC,transferencia,sucursal,CA-001,Préstamo Hipotecario
TXN-00003810,CTA-282976,CLI-41701,2026-06-28 00:24:00,177127.99,CRC,pago,web,AL-001,Préstamo Personal
TXN-00003811,CTA-913031,CLI-32004,2026-06-20 16:42:00,3000141.94,CRC,comision,atm,PU-001,Cuenta Ahorro
TXN-00003812,CTA-362194,CLI-22172,2026-06-11 13:05:00,467259.38,CRC,deposito,sinpe,PU-001,Cuenta Ahorro
TXN-00003813,CTA-931572,CLI-40211,2026-06-28 17:00:00,4179037.47,CRC,transferencia,sucursal,SJ-001,Tarjeta Crédito
TXN-00003814,CTA-496934,CLI-65658,2026-06-30 18:01:00,1470986.49,CRC,retiro,sinpe,AL-001,Cuenta Ahorro
TXN-00003815,CTA-945103,CLI-49309,2026-06-13 07:05:00,957385.94,CRC,comision,sinpe,PU-001,Préstamo Hipotecario
TXN-00003816,CTA-595598,CLI-58618,2026-06-11 11:18:00,1287513.99,CRC,deposito,sinpe,CA-001,Préstamo Personal
TXN-00003817,CTA-632393,CLI-66971,2026-06-20 20:25:00,3658542.01,CRC,transferencia,atm,HE-001,Cuenta Ahorro
TXN-00003818,CTA-285173,CLI-60294,2026-06-13 22:30:00,3637564.5,CRC,comision,sucursal,CA-001,Préstamo Hipotecario
TXN-00003819,CTA-382054,CLI-36765,2026-06-16 00:11:00,105096.96,CRC,transferencia,app_movil,LI-001,Préstamo Hipotecario
TXN-00003820,CTA-993978,CLI-83327,2026-06-16 19:26:00,4870432.0,CRC,comision,sinpe,AL-001,Tarjeta Crédito
TXN-00003821,CTA-602901,CLI-92779,2026-06-28 16:56:00,4395810.57,CRC,deposito,sucursal,HE-001,Préstamo Hipotecario
TXN-00003822,CTA-319707,CLI-52299,2026-06-20 10:18:00,1417612.77,CRC,comision,app_movil,PU-001,Préstamo Personal
TXN-00003823,CTA-580150,CLI-26331,2026-06-19 10:12:00,224963.06,CRC,comision,sinpe,LI-001,Cuenta Ahorro
TXN-00003824,CTA-936941,CLI-87162,2026-06-01 04:56:00,3810348.58,CRC,transferencia,atm,SJ-001,Cuenta Ahorro
TXN-00003825,CTA-388118,CLI-47329,2026-06-26 01:16:00,1062120.4,CRC,comision,web,LI-002,Préstamo Personal
TXN-00003826,CTA-717656,CLI-80633,2026-06-24 11:59:00,2149067.72,CRC,comision,sinpe,PU-001,Tarjeta Crédito
TXN-00003827,CTA-211664,CLI-69975,2026-06-21 19:08:00,2043506.44,CRC,deposito,web,SJ-001,Préstamo Hipotecario
TXN-00003828,CTA-751402,CLI-67712,2026-06-03 08:14:00,4231550.38,CRC,deposito,app_movil,SJ-002,Cuenta Corriente
TXN-00003829,CTA-850596,CLI-68724,2026-06-10 18:43:00,3980792.53,CRC,deposito,atm,HE-001,Préstamo Personal
TXN-00003830,CTA-863253,CLI-52702,2026-06-22 20:45:00,2094737.82,CRC,deposito,atm,LI-001,Cuenta Corriente
TXN-00003831,CTA-819559,CLI-22572,2026-06-25 16:54:00,4718470.27,CRC,pago,web,PU-001,Tarjeta Crédito
TXN-00003832,CTA-828020,CLI-37195,2026-06-12 20:49:00,1022846.54,CRC,transferencia,sinpe,AL-001,Préstamo Personal
TXN-00003833,CTA-391754,CLI-52494,2026-06-27 04:34:00,94214.08,CRC,deposito,atm,LI-001,Préstamo Personal
TXN-00003834,CTA-425967,CLI-15971,2026-06-19 14:13:00,2422878.29,CRC,retiro,atm,CA-001,Cuenta Ahorro
TXN-00003835,CTA-971826,CLI-80393,2026-06-26 12:45:00,361432.86,CRC,comision,sucursal,PU-001,Tarjeta Crédito
TXN-00003836,CTA-134909,CLI-27046,2026-06-21 06:49:00,1504012.93,CRC,transferencia,app_movil,SJ-002,Cuenta Ahorro
TXN-00003837,CTA-614328,CLI-66076,2026-06-25 12:38:00,4356595.15,CRC,retiro,web,LI-001,Tarjeta Crédito
TXN-00003838,CTA-897537,CLI-42685,2026-06-24 09:36:00,3146295.86,CRC,comision,atm,SJ-002,Préstamo Hipotecario
TXN-00003839,CTA-154285,CLI-97972,2026-06-12 03:03:00,4297397.6,CRC,pago,sucursal,PU-001,Tarjeta Crédito
TXN-00003840,CTA-855069,CLI-21086,2026-06-24 07:24:00,1104452.81,CRC,deposito,app_movil,LI-001,Cuenta Ahorro
TXN-00003841,CTA-188142,CLI-90005,2026-06-20 23:48:00,3005809.81,CRC,retiro,app_movil,PU-001,Tarjeta Crédito
TXN-00003842,CTA-842510,CLI-74189,2026-06-30 06:00:00,738001.28,CRC,pago,atm,LI-001,Préstamo Hipotecario
TXN-00003843,CTA-326738,CLI-60763,2026-06-18 02:44:00,244814.5,CRC,transferencia,web,LI-002,Cuenta Ahorro
TXN-00003844,CTA-326106,CLI-43256,2026-06-03 08:22:00,3737042.26,CRC,transferencia,atm,CA-001,Cuenta Ahorro
TXN-00003845,CTA-918815,CLI-88348,2026-06-29 14:53:00,2015428.73,CRC,pago,sucursal,HE-001,Cuenta Ahorro
TXN-00003846,CTA-257851,CLI-35713,2026-06-05 18:38:00,3371651.91,CRC,retiro,atm,SJ-002,Préstamo Personal
TXN-00003847,CTA-983123,CLI-16267,2026-06-20 04:35:00,2384412.17,CRC,pago,sucursal,SJ-002,Cuenta Corriente
TXN-00003848,CTA-474685,CLI-70422,2026-06-21 07:41:00,1400422.22,CRC,pago,web,HE-001,Cuenta Ahorro
TXN-00003849,CTA-511475,CLI-68261,2026-06-19 19:37:00,1941232.76,CRC,comision,atm,AL-001,Cuenta Corriente
TXN-00003850,CTA-377837,CLI-74984,2026-06-24 04:26:00,4068772.9,CRC,transferencia,sinpe,LI-002,Tarjeta Crédito
TXN-00003851,CTA-980081,CLI-75855,2026-06-14 01:19:00,4704804.06,CRC,transferencia,sucursal,CA-001,Préstamo Hipotecario
TXN-00003852,CTA-582025,CLI-43259,2026-06-17 02:49:00,2231179.5,CRC,deposito,sucursal,CA-001,Préstamo Personal
TXN-00003853,CTA-598408,CLI-46882,2026-06-18 17:12:00,2100037.96,CRC,deposito,atm,LI-002,Cuenta Ahorro
TXN-00003854,CTA-471920,CLI-20553,2026-06-02 00:36:00,2106830.89,CRC,transferencia,sinpe,LI-002,Préstamo Personal
TXN-00003855,CTA-179724,CLI-51561,2026-06-16 23:05:00,1490939.85,CRC,pago,sucursal,CA-001,Cuenta Ahorro
TXN-00003856,CTA-774601,CLI-16096,2026-06-03 16:52:00,3944043.01,CRC,comision,atm,SJ-001,Cuenta Corriente
TXN-00003857,CTA-861237,CLI-76353,2026-06-19 14:46:00,1992741.55,CRC,retiro,sucursal,LI-001,Tarjeta Crédito
TXN-00003858,CTA-939374,CLI-53716,2026-06-12 23:41:00,1221586.64,CRC,pago,atm,LI-001,Cuenta Ahorro
TXN-00003859,CTA-809711,CLI-27056,2026-06-16 13:30:00,4569026.69,CRC,pago,web,AL-001,Cuenta Corriente
TXN-00003860,CTA-138607,CLI-44108,2026-06-29 17:32:00,4308643.02,CRC,pago,app_movil,SJ-001,Préstamo Hipotecario
TXN-00003861,CTA-357440,CLI-50326,2026-06-04 13:56:00,300590.08,CRC,comision,atm,SJ-002,Préstamo Personal
TXN-00003862,CTA-902562,CLI-88361,2026-06-04 12:58:00,3000435.19,CRC,comision,sinpe,SJ-002,Préstamo Hipotecario
TXN-00003863,CTA-190978,CLI-81777,2026-06-19 03:55:00,4968098.57,CRC,deposito,atm,LI-001,Préstamo Hipotecario
TXN-00003864,CTA-390121,CLI-62663,2026-06-10 18:52:00,3937989.57,CRC,pago,app_movil,LI-002,Tarjeta Crédito
TXN-00003865,CTA-197527,CLI-76941,2026-06-14 22:41:00,2243937.81,CRC,pago,sinpe,LI-002,Préstamo Personal
TXN-00003866,CTA-868687,CLI-86487,2026-06-01 00:03:00,3603015.47,CRC,pago,web,HE-001,Préstamo Personal
TXN-00003867,CTA-116591,CLI-58872,2026-06-25 22:04:00,3541140.79,CRC,retiro,atm,AL-001,Préstamo Personal
TXN-00003868,CTA-773084,CLI-91110,2026-06-16 14:44:00,84862.55,CRC,deposito,atm,LI-001,Cuenta Ahorro
TXN-00003869,CTA-289247,CLI-85268,2026-06-11 14:08:00,19040.87,CRC,retiro,web,CA-001,Préstamo Personal
TXN-00003870,CTA-978891,CLI-73069,2026-06-14 00:08:00,1578413.15,CRC,retiro,sinpe,SJ-001,Préstamo Hipotecario
TXN-00003871,CTA-170344,CLI-43210,2026-06-20 05:17:00,4573214.24,CRC,deposito,atm,AL-001,Cuenta Corriente
TXN-00003872,CTA-494365,CLI-14224,2026-06-10 20:14:00,2660138.68,CRC,transferencia,web,SJ-002,Tarjeta Crédito
TXN-00003873,CTA-719478,CLI-21834,2026-06-21 12:41:00,1066856.93,CRC,transferencia,web,CA-001,Préstamo Hipotecario
TXN-00003874,CTA-413767,CLI-49642,2026-06-16 10:54:00,1306489.62,CRC,retiro,app_movil,AL-001,Cuenta Ahorro
TXN-00003875,CTA-117497,CLI-98106,2026-06-15 21:30:00,1410847.9,CRC,retiro,sucursal,HE-001,Préstamo Hipotecario
TXN-00003876,CTA-186074,CLI-80421,2026-06-22 21:13:00,4191675.22,CRC,pago,web,CA-001,Tarjeta Crédito
TXN-00003877,CTA-313686,CLI-21819,2026-06-23 14:44:00,1512929.23,CRC,retiro,atm,LI-002,Cuenta Corriente
TXN-00003878,CTA-472602,CLI-77386,2026-06-24 00:07:00,44304.73,CRC,transferencia,sucursal,CA-001,Tarjeta Crédito
TXN-00003879,CTA-182349,CLI-55778,2026-06-20 01:00:00,2673024.13,CRC,retiro,sinpe,LI-001,Préstamo Hipotecario
TXN-00003880,CTA-827466,CLI-25588,2026-06-25 11:36:00,3188839.58,CRC,pago,sinpe,LI-001,Préstamo Hipotecario
TXN-00003881,CTA-945918,CLI-91248,2026-06-15 22:07:00,4384244.94,CRC,deposito,sinpe,LI-001,Préstamo Hipotecario
TXN-00003882,CTA-680911,CLI-59166,2026-06-14 19:35:00,4583451.97,CRC,transferencia,atm,SJ-002,Préstamo Hipotecario
TXN-00003883,CTA-894714,CLI-91373,2026-06-06 00:48:00,2304117.0,CRC,retiro,sucursal,PU-001,Préstamo Hipotecario
TXN-00003884,CTA-426158,CLI-79794,2026-06-10 08:29:00,2938395.72,CRC,comision,app_movil,SJ-002,Préstamo Hipotecario
TXN-00003885,CTA-658754,CLI-18523,2026-06-02 20:50:00,4963769.9,CRC,transferencia,web,SJ-001,Cuenta Ahorro
TXN-00003886,CTA-956089,CLI-32681,2026-06-12 19:01:00,3518183.55,CRC,transferencia,sucursal,AL-001,Cuenta Corriente
TXN-00003887,CTA-880730,CLI-41740,2026-06-28 16:23:00,2871592.18,CRC,deposito,sinpe,LI-001,Cuenta Corriente
TXN-00003888,CTA-262254,CLI-71889,2026-06-08 21:23:00,2575537.08,CRC,retiro,atm,SJ-002,Cuenta Corriente
TXN-00003889,CTA-192401,CLI-35774,2026-06-04 23:11:00,3618921.66,CRC,retiro,app_movil,HE-001,Tarjeta Crédito
TXN-00003890,CTA-990214,CLI-17074,2026-06-30 04:16:00,1812853.61,CRC,deposito,atm,LI-001,Cuenta Ahorro
TXN-00003891,CTA-422239,CLI-48906,2026-06-02 18:35:00,295371.4,CRC,deposito,web,CA-001,Préstamo Personal
TXN-00003892,CTA-204656,CLI-16219,2026-06-25 05:59:00,3358921.48,CRC,comision,web,SJ-002,Tarjeta Crédito
TXN-00003893,CTA-428059,CLI-51912,2026-06-28 22:33:00,3318555.31,CRC,pago,web,HE-001,Préstamo Personal
TXN-00003894,CTA-418322,CLI-25686,2026-06-11 19:16:00,1628356.09,CRC,comision,sucursal,HE-001,Préstamo Hipotecario
TXN-00003895,CTA-743694,CLI-88374,2026-06-27 21:32:00,707654.0,CRC,transferencia,atm,SJ-002,Cuenta Ahorro
TXN-00003896,CTA-186018,CLI-91018,2026-06-03 12:09:00,1534623.35,CRC,deposito,app_movil,PU-001,Préstamo Personal
TXN-00003897,CTA-499020,CLI-90721,2026-06-05 18:17:00,4911029.58,CRC,deposito,app_movil,PU-001,Cuenta Corriente
TXN-00003898,CTA-362205,CLI-27563,2026-06-24 23:00:00,801026.46,CRC,deposito,web,AL-001,Préstamo Hipotecario
TXN-00003899,CTA-232063,CLI-29915,2026-06-07 10:26:00,4121309.96,CRC,deposito,web,PU-001,Tarjeta Crédito
TXN-00003900,CTA-920158,CLI-59942,2026-06-30 00:54:00,853325.59,CRC,comision,sinpe,PU-001,Préstamo Personal
TXN-00003901,CTA-762099,CLI-45519,2026-06-07 15:28:00,2645861.6,CRC,pago,sinpe,SJ-001,Cuenta Corriente
TXN-00003902,CTA-341586,CLI-28238,2026-06-01 04:14:00,1726968.14,CRC,transferencia,web,SJ-001,Cuenta Ahorro
TXN-00003903,CTA-311012,CLI-30696,2026-06-07 00:54:00,246732.41,CRC,retiro,app_movil,LI-002,Cuenta Corriente
TXN-00003904,CTA-380317,CLI-83250,2026-06-30 08:56:00,4564432.12,CRC,transferencia,sinpe,LI-002,Préstamo Personal
TXN-00003905,CTA-683533,CLI-70696,2026-06-06 20:42:00,4025502.28,CRC,deposito,sucursal,HE-001,Préstamo Hipotecario
TXN-00003906,CTA-295314,CLI-15858,2026-06-16 21:54:00,1476912.67,CRC,transferencia,sinpe,SJ-002,Cuenta Corriente
TXN-00003907,CTA-498567,CLI-15756,2026-06-07 17:01:00,80662.06,CRC,transferencia,sinpe,PU-001,Cuenta Corriente
TXN-00003908,CTA-538838,CLI-57004,2026-06-08 21:30:00,1311474.87,CRC,transferencia,web,AL-001,Tarjeta Crédito
TXN-00003909,CTA-736472,CLI-54704,2026-06-21 12:46:00,3463257.66,CRC,deposito,sinpe,PU-001,Cuenta Corriente
TXN-00003910,CTA-864073,CLI-86601,2026-06-12 16:54:00,3173187.04,CRC,comision,atm,SJ-002,Préstamo Personal
TXN-00003911,CTA-198323,CLI-60977,2026-06-18 20:19:00,1021984.34,CRC,transferencia,atm,HE-001,Préstamo Personal
TXN-00003912,CTA-616043,CLI-79578,2026-06-07 02:57:00,2574601.82,CRC,comision,sinpe,CA-001,Préstamo Personal
TXN-00003913,CTA-743136,CLI-91715,2026-06-18 08:03:00,2128414.23,CRC,retiro,app_movil,LI-001,Cuenta Ahorro
TXN-00003914,CTA-234193,CLI-28094,2026-06-18 17:16:00,2084035.64,CRC,comision,app_movil,SJ-001,Cuenta Corriente
TXN-00003915,CTA-109564,CLI-46627,2026-06-05 10:42:00,2780506.86,CRC,pago,sinpe,CA-001,Tarjeta Crédito
TXN-00003916,CTA-745292,CLI-12021,2026-06-21 08:28:00,3768573.03,CRC,retiro,sinpe,SJ-002,Cuenta Corriente
TXN-00003917,CTA-856055,CLI-43600,2026-06-10 10:26:00,607144.74,CRC,comision,sinpe,LI-001,Tarjeta Crédito
TXN-00003918,CTA-697203,CLI-47990,2026-06-12 04:34:00,4753741.36,CRC,transferencia,app_movil,AL-001,Préstamo Hipotecario
TXN-00003919,CTA-690723,CLI-16262,2026-06-06 13:17:00,2298547.63,CRC,transferencia,sucursal,HE-001,Tarjeta Crédito
TXN-00003920,CTA-717112,CLI-56977,2026-06-21 01:08:00,2804410.46,CRC,deposito,web,AL-001,Préstamo Personal
TXN-00003921,CTA-447478,CLI-38975,2026-06-10 18:53:00,4100547.26,CRC,retiro,web,SJ-001,Préstamo Personal
TXN-00003922,CTA-896015,CLI-77773,2026-06-01 08:32:00,4322792.81,CRC,pago,sinpe,HE-001,Préstamo Personal
TXN-00003923,CTA-256499,CLI-87725,2026-06-16 02:20:00,3444144.03,CRC,retiro,atm,PU-001,Préstamo Hipotecario
TXN-00003924,CTA-272752,CLI-80322,2026-06-09 10:41:00,2628160.16,CRC,deposito,app_movil,AL-001,Préstamo Hipotecario
TXN-00003925,CTA-319853,CLI-15470,2026-06-10 22:28:00,1228101.24,CRC,pago,sinpe,AL-001,Préstamo Hipotecario
TXN-00003926,CTA-412502,CLI-99326,2026-06-16 14:28:00,2676353.98,CRC,pago,web,PU-001,Préstamo Personal
TXN-00003927,CTA-740482,CLI-62327,2026-06-30 02:06:00,2512406.74,CRC,transferencia,atm,LI-002,Préstamo Hipotecario
TXN-00003928,CTA-869724,CLI-46795,2026-06-10 22:59:00,4867856.5,CRC,comision,atm,LI-002,Préstamo Hipotecario
TXN-00003929,CTA-342274,CLI-56846,2026-06-22 14:45:00,733649.93,CRC,retiro,app_movil,LI-001,Préstamo Personal
TXN-00003930,CTA-843565,CLI-53221,2026-06-15 16:07:00,3418711.68,CRC,comision,sucursal,LI-001,Préstamo Hipotecario
TXN-00003931,CTA-842955,CLI-69946,2026-06-29 08:06:00,1373415.38,CRC,transferencia,app_movil,LI-002,Cuenta Corriente
TXN-00003932,CTA-504510,CLI-99640,2026-06-29 22:48:00,4853691.65,CRC,retiro,web,HE-001,Préstamo Personal
TXN-00003933,CTA-783581,CLI-25442,2026-06-15 17:03:00,4195313.3,CRC,comision,sinpe,SJ-002,Préstamo Personal
TXN-00003934,CTA-381249,CLI-90363,2026-06-20 07:33:00,1673891.24,CRC,pago,atm,HE-001,Tarjeta Crédito
TXN-00003935,CTA-557001,CLI-50721,2026-06-04 06:34:00,3893470.0,CRC,deposito,sinpe,LI-001,Préstamo Personal
TXN-00003936,CTA-857727,CLI-11040,2026-06-21 01:15:00,1188676.65,CRC,deposito,sinpe,PU-001,Cuenta Ahorro
TXN-00003937,CTA-215613,CLI-61904,2026-06-16 23:20:00,306066.77,CRC,retiro,app_movil,AL-001,Cuenta Corriente
TXN-00003938,CTA-262774,CLI-32616,2026-06-15 21:28:00,3261386.18,CRC,transferencia,sucursal,LI-002,Cuenta Ahorro
TXN-00003939,CTA-930346,CLI-38176,2026-06-24 20:42:00,3796863.41,CRC,transferencia,sinpe,HE-001,Cuenta Ahorro
TXN-00003940,CTA-151191,CLI-84412,2026-06-22 19:50:00,2051638.87,CRC,comision,atm,PU-001,Préstamo Personal
TXN-00003941,CTA-943542,CLI-93069,2026-06-30 19:19:00,4774633.17,CRC,comision,app_movil,SJ-001,Tarjeta Crédito
TXN-00003942,CTA-414585,CLI-82554,2026-06-01 08:51:00,983478.83,CRC,deposito,app_movil,CA-001,Tarjeta Crédito
TXN-00003943,CTA-492930,CLI-79072,2026-06-10 23:23:00,3739007.32,CRC,pago,web,LI-002,Préstamo Personal
TXN-00003944,CTA-385805,CLI-64634,2026-06-05 17:57:00,1632153.72,CRC,deposito,atm,LI-001,Cuenta Ahorro
TXN-00003945,CTA-142889,CLI-90616,2026-06-27 15:49:00,4462588.66,CRC,pago,web,AL-001,Tarjeta Crédito
TXN-00003946,CTA-150413,CLI-92460,2026-06-19 08:04:00,2479367.27,CRC,transferencia,sucursal,AL-001,Préstamo Personal
TXN-00003947,CTA-824433,CLI-30074,2026-06-14 14:29:00,536320.57,CRC,comision,atm,SJ-002,Préstamo Personal
TXN-00003948,CTA-482133,CLI-15580,2026-06-21 05:27:00,4015294.8,CRC,retiro,app_movil,AL-001,Tarjeta Crédito
TXN-00003949,CTA-120562,CLI-98287,2026-06-15 14:35:00,2785856.94,CRC,pago,web,CA-001,Tarjeta Crédito
TXN-00003950,CTA-266424,CLI-60630,2026-06-15 13:33:00,447614.72,CRC,retiro,web,AL-001,Tarjeta Crédito
TXN-00003951,CTA-772501,CLI-77108,2026-06-10 21:36:00,1988927.14,CRC,transferencia,atm,LI-001,Préstamo Personal
TXN-00003952,CTA-914493,CLI-12932,2026-06-01 02:45:00,2806332.15,CRC,pago,atm,LI-002,Cuenta Corriente
TXN-00003953,CTA-167815,CLI-69779,2026-06-26 14:29:00,3036142.21,CRC,pago,atm,SJ-002,Tarjeta Crédito
TXN-00003954,CTA-821412,CLI-46351,2026-06-04 02:50:00,2863360.53,CRC,transferencia,app_movil,AL-001,Tarjeta Crédito
TXN-00003955,CTA-804836,CLI-23147,2026-06-28 11:44:00,1695927.02,CRC,pago,atm,AL-001,Préstamo Hipotecario
TXN-00003956,CTA-805653,CLI-42051,2026-06-25 15:27:00,2600547.35,CRC,comision,atm,AL-001,Préstamo Hipotecario
TXN-00003957,CTA-555473,CLI-55941,2026-06-22 15:46:00,2200434.0,CRC,pago,atm,HE-001,Préstamo Hipotecario
TXN-00003958,CTA-441986,CLI-49713,2026-06-02 16:05:00,94691.51,CRC,comision,atm,LI-002,Cuenta Ahorro
TXN-00003959,CTA-903036,CLI-66611,2026-06-30 01:34:00,1114052.89,CRC,comision,web,HE-001,Préstamo Personal
TXN-00003960,CTA-939598,CLI-83882,2026-06-05 15:14:00,4299257.22,CRC,retiro,sucursal,LI-001,Cuenta Corriente
TXN-00003961,CTA-156380,CLI-73815,2026-06-27 11:59:00,3838641.04,CRC,pago,sucursal,HE-001,Tarjeta Crédito
TXN-00003962,CTA-722583,CLI-70792,2026-06-06 02:56:00,1053334.78,CRC,pago,app_movil,LI-001,Cuenta Corriente
TXN-00003963,CTA-449202,CLI-94338,2026-06-03 04:08:00,616223.62,CRC,transferencia,web,SJ-002,Préstamo Personal
TXN-00003964,CTA-375597,CLI-41508,2026-06-11 09:49:00,3073193.23,CRC,deposito,atm,HE-001,Préstamo Hipotecario
TXN-00003965,CTA-483026,CLI-71380,2026-06-23 00:23:00,865570.95,CRC,comision,atm,AL-001,Préstamo Personal
TXN-00003966,CTA-383496,CLI-94955,2026-06-12 14:02:00,1117030.64,CRC,pago,atm,SJ-002,Cuenta Corriente
TXN-00003967,CTA-492264,CLI-71288,2026-06-18 21:48:00,4377805.54,CRC,retiro,sinpe,LI-001,Tarjeta Crédito
TXN-00003968,CTA-662463,CLI-58066,2026-06-07 21:38:00,4303656.38,CRC,transferencia,atm,CA-001,Préstamo Hipotecario
TXN-00003969,CTA-726843,CLI-49506,2026-06-01 19:16:00,2430436.08,CRC,pago,atm,LI-001,Préstamo Hipotecario
TXN-00003970,CTA-262931,CLI-79586,2026-06-05 10:44:00,2012857.29,CRC,transferencia,app_movil,PU-001,Cuenta Ahorro
TXN-00003971,CTA-877690,CLI-95878,2026-06-19 16:25:00,1192442.48,CRC,transferencia,web,AL-001,Cuenta Corriente
TXN-00003972,CTA-363845,CLI-62487,2026-06-14 16:19:00,2325605.08,CRC,comision,web,SJ-001,Cuenta Corriente
TXN-00003973,CTA-612900,CLI-42185,2026-06-12 13:57:00,3347535.39,CRC,transferencia,app_movil,LI-002,Préstamo Hipotecario
TXN-00003974,CTA-143767,CLI-77921,2026-06-16 21:31:00,2859956.25,CRC,retiro,web,LI-001,Tarjeta Crédito
TXN-00003975,CTA-583896,CLI-13329,2026-06-17 23:15:00,186360.97,CRC,retiro,sinpe,PU-001,Préstamo Personal
TXN-00003976,CTA-464835,CLI-90710,2026-06-05 14:04:00,390087.58,CRC,deposito,app_movil,SJ-001,Cuenta Corriente
TXN-00003977,CTA-582357,CLI-85075,2026-06-20 22:46:00,4700645.95,CRC,transferencia,sinpe,SJ-001,Cuenta Corriente
TXN-00003978,CTA-286749,CLI-79337,2026-06-23 05:59:00,3503944.8,CRC,transferencia,atm,PU-001,Cuenta Corriente
TXN-00003979,CTA-936896,CLI-57862,2026-06-19 02:34:00,550099.97,CRC,comision,sucursal,AL-001,Préstamo Hipotecario
TXN-00003980,CTA-809734,CLI-42766,2026-06-27 15:23:00,2226402.95,CRC,transferencia,sucursal,PU-001,Préstamo Personal
TXN-00003981,CTA-806537,CLI-56667,2026-06-23 03:43:00,1840704.11,CRC,comision,sinpe,CA-001,Préstamo Personal
TXN-00003982,CTA-234309,CLI-27411,2026-06-03 01:40:00,289906.81,CRC,comision,sinpe,LI-002,Cuenta Ahorro
TXN-00003983,CTA-341679,CLI-55273,2026-06-13 07:00:00,4835226.24,CRC,deposito,sucursal,SJ-002,Préstamo Hipotecario
TXN-00003984,CTA-149417,CLI-89115,2026-06-01 07:58:00,1361252.68,CRC,pago,atm,SJ-002,Cuenta Ahorro
TXN-00003985,CTA-337723,CLI-66651,2026-06-23 09:56:00,4877927.79,CRC,pago,sucursal,HE-001,Tarjeta Crédito
TXN-00003986,CTA-960024,CLI-18199,2026-06-22 20:03:00,2208705.56,CRC,transferencia,sinpe,PU-001,Cuenta Corriente
TXN-00003987,CTA-578441,CLI-98282,2026-06-09 22:06:00,3321301.28,CRC,retiro,atm,SJ-001,Préstamo Personal
TXN-00003988,CTA-126413,CLI-77327,2026-06-17 14:24:00,1949769.7,CRC,retiro,atm,AL-001,Cuenta Ahorro
TXN-00003989,CTA-593748,CLI-87502,2026-06-19 21:22:00,4484736.87,CRC,transferencia,app_movil,CA-001,Cuenta Ahorro
TXN-00003990,CTA-711607,CLI-23590,2026-06-24 01:19:00,2146391.99,CRC,deposito,sucursal,PU-001,Cuenta Ahorro
TXN-00003991,CTA-757061,CLI-96202,2026-06-09 22:13:00,378718.62,CRC,retiro,atm,AL-001,Cuenta Ahorro
TXN-00003992,CTA-714026,CLI-74124,2026-06-18 04:27:00,4616441.23,CRC,comision,sinpe,SJ-002,Cuenta Ahorro
TXN-00003993,CTA-895054,CLI-51742,2026-06-16 03:53:00,1972177.88,CRC,pago,atm,HE-001,Tarjeta Crédito
TXN-00003994,CTA-289649,CLI-59123,2026-06-18 04:22:00,3500632.29,CRC,transferencia,atm,LI-001,Tarjeta Crédito
TXN-00003995,CTA-936021,CLI-79772,2026-06-04 11:27:00,2604338.76,CRC,transferencia,app_movil,SJ-002,Cuenta Ahorro
TXN-00003996,CTA-119178,CLI-54319,2026-06-18 09:17:00,938713.62,CRC,retiro,app_movil,LI-002,Cuenta Ahorro
TXN-00003997,CTA-326899,CLI-68269,2026-06-26 03:36:00,3450393.63,CRC,pago,sinpe,SJ-002,Tarjeta Crédito
TXN-00003998,CTA-184170,CLI-44101,2026-06-05 12:55:00,4309914.75,CRC,pago,sucursal,HE-001,Cuenta Ahorro
TXN-00003999,CTA-647595,CLI-41959,2026-06-02 06:28:00,1305916.35,CRC,retiro,sucursal,SJ-002,Tarjeta Crédito
TXN-00004000,CTA-216698,CLI-34193,2026-06-13 03:35:00,4497101.55,CRC,pago,sucursal,SJ-001,Préstamo Hipotecario
TXN-00004001,CTA-101698,CLI-76605,2026-06-10 10:09:00,58078.18,CRC,pago,web,PU-001,Tarjeta Crédito
TXN-00004002,CTA-700844,CLI-11385,2026-06-22 07:57:00,232003.18,CRC,pago,web,LI-002,Préstamo Personal
TXN-00004003,CTA-495540,CLI-28924,2026-06-05 22:24:00,3877622.57,CRC,comision,atm,CA-001,Cuenta Corriente
TXN-00004004,CTA-822513,CLI-18608,2026-06-22 23:45:00,3271374.25,CRC,pago,sucursal,PU-001,Cuenta Corriente
TXN-00004005,CTA-672103,CLI-78623,2026-06-23 17:01:00,209941.41,CRC,comision,web,AL-001,Préstamo Hipotecario
TXN-00004006,CTA-508872,CLI-85275,2026-06-03 05:52:00,515787.18,CRC,retiro,app_movil,HE-001,Cuenta Ahorro
TXN-00004007,CTA-786126,CLI-53058,2026-06-08 08:46:00,4224908.22,CRC,pago,atm,PU-001,Préstamo Hipotecario
TXN-00004008,CTA-717424,CLI-90330,2026-06-20 13:01:00,1493254.55,CRC,deposito,web,LI-002,Cuenta Corriente
TXN-00004009,CTA-121425,CLI-60712,2026-06-15 16:41:00,3046521.3,CRC,transferencia,sinpe,CA-001,Cuenta Corriente
TXN-00004010,CTA-340614,CLI-49107,2026-06-26 16:38:00,3226219.45,CRC,retiro,atm,LI-002,Cuenta Corriente
TXN-00004011,CTA-229376,CLI-82392,2026-06-28 03:11:00,3413702.55,CRC,deposito,atm,LI-002,Préstamo Hipotecario
TXN-00004012,CTA-671294,CLI-28638,2026-06-27 02:49:00,939953.21,CRC,comision,web,SJ-002,Préstamo Personal
TXN-00004013,CTA-223591,CLI-53530,2026-06-01 11:46:00,1387082.78,CRC,retiro,app_movil,LI-002,Préstamo Hipotecario
TXN-00004014,CTA-918894,CLI-54686,2026-06-12 07:56:00,3643398.8,CRC,retiro,web,PU-001,Cuenta Corriente
TXN-00004015,CTA-699142,CLI-13287,2026-06-07 09:34:00,566294.92,CRC,comision,sinpe,AL-001,Préstamo Personal
TXN-00004016,CTA-248441,CLI-89099,2026-06-17 16:41:00,2572480.86,CRC,retiro,sucursal,HE-001,Tarjeta Crédito
TXN-00004017,CTA-967755,CLI-49065,2026-06-25 19:32:00,3780270.67,CRC,retiro,sinpe,CA-001,Cuenta Corriente
TXN-00004018,CTA-350937,CLI-52765,2026-06-01 04:39:00,1811076.71,CRC,deposito,web,PU-001,Tarjeta Crédito
TXN-00004019,CTA-328245,CLI-55240,2026-06-16 09:15:00,1887531.54,CRC,deposito,app_movil,HE-001,Cuenta Ahorro
TXN-00004020,CTA-947047,CLI-21590,2026-06-04 17:00:00,236377.44,CRC,retiro,sinpe,HE-001,Cuenta Ahorro
TXN-00004021,CTA-485501,CLI-77269,2026-06-09 14:52:00,2857212.6,CRC,comision,web,SJ-002,Préstamo Hipotecario
TXN-00004022,CTA-455335,CLI-89023,2026-06-27 07:32:00,4658727.67,CRC,pago,app_movil,SJ-001,Préstamo Personal
TXN-00004023,CTA-833226,CLI-13516,2026-06-23 10:25:00,4285244.48,CRC,retiro,app_movil,SJ-002,Tarjeta Crédito
TXN-00004024,CTA-700969,CLI-49775,2026-06-19 16:42:00,4537865.84,CRC,deposito,sucursal,LI-002,Tarjeta Crédito
TXN-00004025,CTA-511209,CLI-43209,2026-06-18 09:13:00,1650468.05,CRC,comision,sucursal,SJ-001,Préstamo Hipotecario
TXN-00004026,CTA-569990,CLI-60486,2026-06-27 21:05:00,1044960.65,CRC,comision,atm,LI-001,Cuenta Corriente
TXN-00004027,CTA-523322,CLI-69966,2026-06-26 08:46:00,3820056.17,CRC,pago,web,LI-002,Cuenta Corriente
TXN-00004028,CTA-425230,CLI-52545,2026-06-01 10:15:00,1399796.77,CRC,comision,web,PU-001,Cuenta Ahorro
TXN-00004029,CTA-146774,CLI-39838,2026-06-04 15:24:00,3801760.92,CRC,retiro,sucursal,LI-002,Tarjeta Crédito
TXN-00004030,CTA-857661,CLI-69138,2026-06-27 09:40:00,3742335.86,CRC,transferencia,web,PU-001,Tarjeta Crédito
TXN-00004031,CTA-416874,CLI-81151,2026-06-16 11:40:00,3897628.58,CRC,transferencia,sinpe,SJ-002,Cuenta Corriente
TXN-00004032,CTA-560103,CLI-38471,2026-06-27 16:46:00,3504846.67,CRC,deposito,sinpe,HE-001,Cuenta Corriente
TXN-00004033,CTA-457464,CLI-47946,2026-06-16 16:13:00,98649.08,CRC,retiro,web,PU-001,Cuenta Corriente
TXN-00004034,CTA-853002,CLI-49176,2026-06-21 16:59:00,4088324.61,CRC,pago,web,LI-001,Cuenta Corriente
TXN-00004035,CTA-704116,CLI-71952,2026-06-05 18:53:00,257073.71,CRC,pago,atm,SJ-002,Préstamo Personal
TXN-00004036,CTA-468148,CLI-64831,2026-06-17 11:27:00,3368380.97,CRC,transferencia,web,HE-001,Cuenta Ahorro
TXN-00004037,CTA-506219,CLI-99538,2026-06-24 06:57:00,759351.72,CRC,comision,sucursal,LI-002,Tarjeta Crédito
TXN-00004038,CTA-813346,CLI-13241,2026-06-24 01:40:00,1342547.34,CRC,retiro,sinpe,LI-001,Cuenta Corriente
TXN-00004039,CTA-498695,CLI-79261,2026-06-28 17:01:00,4783234.66,CRC,transferencia,web,HE-001,Cuenta Corriente
TXN-00004040,CTA-864321,CLI-88310,2026-06-20 17:54:00,3618100.96,CRC,retiro,web,PU-001,Cuenta Corriente
TXN-00004041,CTA-919763,CLI-81809,2026-06-10 22:38:00,4657508.53,CRC,pago,app_movil,AL-001,Préstamo Hipotecario
TXN-00004042,CTA-560359,CLI-88137,2026-06-21 03:43:00,4451962.87,CRC,transferencia,web,LI-002,Cuenta Corriente
TXN-00004043,CTA-965509,CLI-63250,2026-06-30 18:37:00,2847945.86,CRC,retiro,web,CA-001,Cuenta Ahorro
TXN-00004044,CTA-881639,CLI-68201,2026-06-23 14:51:00,2946708.57,CRC,deposito,app_movil,LI-002,Cuenta Corriente
TXN-00004045,CTA-229187,CLI-27041,2026-06-20 22:11:00,4941791.59,CRC,comision,sinpe,CA-001,Préstamo Personal
TXN-00004046,CTA-134059,CLI-63328,2026-06-08 20:17:00,3303783.69,CRC,comision,sucursal,AL-001,Tarjeta Crédito
TXN-00004047,CTA-817656,CLI-41700,2026-06-10 04:19:00,1159909.58,CRC,deposito,sucursal,AL-001,Cuenta Ahorro
TXN-00004048,CTA-497499,CLI-12956,2026-06-29 01:41:00,1261903.61,CRC,pago,app_movil,CA-001,Préstamo Personal
TXN-00004049,CTA-813085,CLI-10302,2026-06-26 18:13:00,3538882.03,CRC,pago,sinpe,HE-001,Tarjeta Crédito
TXN-00004050,CTA-558905,CLI-80475,2026-06-30 18:44:00,954455.21,CRC,pago,atm,AL-001,Cuenta Ahorro
TXN-00004051,CTA-630420,CLI-55040,2026-06-28 06:02:00,452629.46,CRC,retiro,web,HE-001,Cuenta Corriente
TXN-00004052,CTA-377768,CLI-43267,2026-06-02 12:03:00,4307567.93,CRC,comision,sinpe,PU-001,Tarjeta Crédito
TXN-00004053,CTA-457189,CLI-42166,2026-06-14 01:46:00,3899582.03,CRC,deposito,app_movil,LI-002,Préstamo Hipotecario
TXN-00004054,CTA-479699,CLI-55883,2026-06-29 18:02:00,1280369.41,CRC,transferencia,sucursal,SJ-001,Préstamo Hipotecario
TXN-00004055,CTA-565637,CLI-63765,2026-06-01 07:03:00,1238658.86,CRC,transferencia,sucursal,LI-001,Tarjeta Crédito
TXN-00004056,CTA-544886,CLI-82174,2026-06-16 03:44:00,2398876.7,CRC,comision,web,SJ-001,Préstamo Hipotecario
TXN-00004057,CTA-144085,CLI-39974,2026-06-19 01:30:00,3393999.04,CRC,comision,sucursal,SJ-001,Cuenta Ahorro
TXN-00004058,CTA-603878,CLI-14480,2026-06-06 13:37:00,4438681.16,CRC,deposito,sinpe,CA-001,Tarjeta Crédito
TXN-00004059,CTA-318992,CLI-87577,2026-06-26 11:52:00,4822325.87,CRC,comision,sucursal,PU-001,Préstamo Hipotecario
TXN-00004060,CTA-644624,CLI-75151,2026-06-22 11:31:00,798238.35,CRC,retiro,app_movil,LI-002,Tarjeta Crédito
TXN-00004061,CTA-935928,CLI-63568,2026-06-08 04:02:00,2837352.35,CRC,retiro,sinpe,HE-001,Cuenta Corriente
TXN-00004062,CTA-220434,CLI-65982,2026-06-22 13:36:00,1549237.86,CRC,deposito,sucursal,PU-001,Cuenta Ahorro
TXN-00004063,CTA-120327,CLI-52491,2026-06-09 07:36:00,2355565.91,CRC,deposito,app_movil,SJ-001,Cuenta Ahorro
TXN-00004064,CTA-818038,CLI-20392,2026-06-24 23:42:00,1561785.07,CRC,retiro,app_movil,LI-002,Cuenta Ahorro
TXN-00004065,CTA-612856,CLI-57297,2026-06-08 05:54:00,412263.05,CRC,transferencia,atm,SJ-001,Tarjeta Crédito
TXN-00004066,CTA-622494,CLI-91200,2026-06-04 00:59:00,1377858.47,CRC,retiro,app_movil,PU-001,Cuenta Corriente
TXN-00004067,CTA-589126,CLI-51882,2026-06-13 05:53:00,2075847.06,CRC,deposito,app_movil,PU-001,Tarjeta Crédito
TXN-00004068,CTA-698896,CLI-68630,2026-06-08 18:54:00,3405048.78,CRC,transferencia,atm,PU-001,Cuenta Ahorro
TXN-00004069,CTA-517588,CLI-17261,2026-06-03 07:29:00,4338738.08,CRC,pago,sinpe,CA-001,Tarjeta Crédito
TXN-00004070,CTA-700692,CLI-58819,2026-06-14 07:19:00,1009114.28,CRC,comision,web,CA-001,Cuenta Ahorro
TXN-00004071,CTA-841571,CLI-94444,2026-06-11 19:51:00,1990084.28,CRC,deposito,web,CA-001,Cuenta Corriente
TXN-00004072,CTA-723293,CLI-30123,2026-06-05 00:02:00,1678529.35,CRC,retiro,sucursal,HE-001,Préstamo Personal
TXN-00004073,CTA-795897,CLI-79668,2026-06-23 02:12:00,1340187.61,CRC,transferencia,sinpe,SJ-002,Cuenta Corriente
TXN-00004074,CTA-482711,CLI-15804,2026-06-29 06:15:00,35829.64,CRC,deposito,sinpe,LI-002,Préstamo Personal
TXN-00004075,CTA-129054,CLI-90927,2026-06-23 14:08:00,3346877.81,CRC,retiro,atm,LI-002,Cuenta Corriente
TXN-00004076,CTA-989596,CLI-83708,2026-06-27 00:11:00,232054.63,CRC,retiro,sinpe,AL-001,Tarjeta Crédito
TXN-00004077,CTA-256651,CLI-84069,2026-06-06 17:59:00,1134996.71,CRC,pago,app_movil,CA-001,Tarjeta Crédito
TXN-00004078,CTA-713931,CLI-54625,2026-06-27 04:26:00,3770000.28,CRC,comision,sucursal,CA-001,Préstamo Hipotecario
TXN-00004079,CTA-762315,CLI-58752,2026-06-05 16:39:00,2678095.66,CRC,transferencia,app_movil,LI-001,Cuenta Corriente
TXN-00004080,CTA-777300,CLI-68147,2026-06-20 12:58:00,4010559.35,CRC,deposito,atm,CA-001,Préstamo Hipotecario
TXN-00004081,CTA-589313,CLI-53810,2026-06-08 12:05:00,4520284.75,CRC,pago,atm,SJ-001,Cuenta Corriente
TXN-00004082,CTA-950083,CLI-71308,2026-06-15 02:21:00,1495834.6,CRC,retiro,sinpe,AL-001,Préstamo Personal
TXN-00004083,CTA-730498,CLI-20450,2026-06-08 05:04:00,652299.95,CRC,comision,sinpe,PU-001,Cuenta Ahorro
TXN-00004084,CTA-703041,CLI-71581,2026-06-04 04:33:00,1502595.43,CRC,pago,sucursal,AL-001,Préstamo Personal
TXN-00004085,CTA-888000,CLI-43801,2026-06-21 23:37:00,860083.56,CRC,transferencia,sucursal,LI-002,Tarjeta Crédito
TXN-00004086,CTA-752881,CLI-70612,2026-06-09 23:46:00,4299779.81,CRC,comision,web,LI-001,Cuenta Ahorro
TXN-00004087,CTA-215676,CLI-54244,2026-06-28 11:17:00,1810153.92,CRC,pago,atm,PU-001,Cuenta Ahorro
TXN-00004088,CTA-743179,CLI-84888,2026-06-24 14:22:00,4174754.23,CRC,deposito,sucursal,SJ-001,Tarjeta Crédito
TXN-00004089,CTA-231450,CLI-48405,2026-06-25 07:12:00,3203896.36,CRC,pago,sinpe,SJ-001,Préstamo Personal
TXN-00004090,CTA-695197,CLI-47628,2026-06-03 07:13:00,3605253.94,CRC,deposito,sinpe,SJ-001,Cuenta Corriente
TXN-00004091,CTA-601095,CLI-64421,2026-06-20 01:36:00,2415163.19,CRC,retiro,atm,LI-001,Cuenta Ahorro
TXN-00004092,CTA-827577,CLI-28143,2026-06-19 10:55:00,3472919.61,CRC,retiro,atm,PU-001,Tarjeta Crédito
TXN-00004093,CTA-331550,CLI-64079,2026-06-28 00:41:00,4614290.86,CRC,comision,sucursal,AL-001,Cuenta Corriente
TXN-00004094,CTA-381469,CLI-92513,2026-06-28 02:22:00,3589444.25,CRC,deposito,app_movil,SJ-002,Tarjeta Crédito
TXN-00004095,CTA-845269,CLI-24896,2026-06-07 17:59:00,1209392.32,CRC,pago,sucursal,LI-002,Cuenta Ahorro
TXN-00004096,CTA-371187,CLI-74401,2026-06-19 00:32:00,4557301.9,CRC,transferencia,web,HE-001,Préstamo Hipotecario
TXN-00004097,CTA-647045,CLI-44851,2026-06-01 13:55:00,3171037.93,CRC,retiro,sinpe,SJ-001,Cuenta Ahorro
TXN-00004098,CTA-872760,CLI-45769,2026-06-10 21:29:00,3054486.35,CRC,pago,atm,LI-001,Cuenta Ahorro
TXN-00004099,CTA-898657,CLI-94853,2026-06-08 04:29:00,4170486.48,CRC,transferencia,sinpe,CA-001,Préstamo Personal
TXN-00004100,CTA-935977,CLI-20802,2026-06-19 21:46:00,3937795.62,CRC,transferencia,sucursal,LI-002,Préstamo Hipotecario
TXN-00004101,CTA-906510,CLI-31433,2026-06-01 21:42:00,831654.28,CRC,transferencia,web,AL-001,Cuenta Ahorro
TXN-00004102,CTA-854663,CLI-36580,2026-06-19 07:50:00,53978.27,CRC,retiro,sinpe,LI-001,Préstamo Hipotecario
TXN-00004103,CTA-767056,CLI-17287,2026-06-01 17:21:00,3516151.86,CRC,pago,atm,SJ-001,Préstamo Personal
TXN-00004104,CTA-776248,CLI-50863,2026-06-19 12:05:00,4323461.72,CRC,transferencia,sucursal,SJ-002,Préstamo Personal
TXN-00004105,CTA-873372,CLI-52583,2026-06-23 21:40:00,1247848.31,CRC,transferencia,atm,LI-002,Cuenta Corriente
TXN-00004106,CTA-231010,CLI-62501,2026-06-13 22:21:00,3206846.9,CRC,comision,web,AL-001,Préstamo Hipotecario
TXN-00004107,CTA-564387,CLI-57668,2026-06-07 12:51:00,3673802.09,CRC,transferencia,sinpe,SJ-001,Cuenta Ahorro
TXN-00004108,CTA-342428,CLI-99641,2026-06-29 07:21:00,1529579.33,CRC,comision,web,CA-001,Préstamo Hipotecario
TXN-00004109,CTA-322310,CLI-98063,2026-06-01 20:59:00,1598004.13,CRC,comision,sucursal,HE-001,Tarjeta Crédito
TXN-00004110,CTA-333236,CLI-53827,2026-06-08 22:37:00,2790121.63,CRC,pago,sucursal,LI-002,Cuenta Ahorro
TXN-00004111,CTA-358236,CLI-12581,2026-06-24 06:05:00,4459791.41,CRC,pago,sucursal,SJ-002,Tarjeta Crédito
TXN-00004112,CTA-978976,CLI-99025,2026-06-16 11:47:00,3145727.4,CRC,retiro,app_movil,CA-001,Cuenta Ahorro
TXN-00004113,CTA-986187,CLI-33424,2026-06-11 11:13:00,1551820.56,CRC,retiro,atm,PU-001,Préstamo Personal
TXN-00004114,CTA-664903,CLI-59061,2026-06-12 12:53:00,3168071.64,CRC,retiro,web,SJ-001,Cuenta Ahorro
TXN-00004115,CTA-146999,CLI-52493,2026-06-03 12:02:00,1151527.35,CRC,deposito,web,CA-001,Cuenta Corriente
TXN-00004116,CTA-442521,CLI-22561,2026-06-06 17:05:00,4107675.43,CRC,deposito,web,CA-001,Cuenta Corriente
TXN-00004117,CTA-622879,CLI-17096,2026-06-17 15:22:00,1622006.66,CRC,comision,atm,LI-001,Cuenta Corriente
TXN-00004118,CTA-779089,CLI-98487,2026-06-13 10:36:00,762410.75,CRC,transferencia,atm,AL-001,Préstamo Personal
TXN-00004119,CTA-750798,CLI-30482,2026-06-14 21:44:00,394402.47,CRC,transferencia,atm,SJ-002,Cuenta Corriente
TXN-00004120,CTA-939683,CLI-14665,2026-06-06 23:44:00,1163618.53,CRC,pago,sinpe,LI-001,Cuenta Corriente
TXN-00004121,CTA-962239,CLI-55253,2026-06-27 16:29:00,4222558.06,CRC,deposito,atm,SJ-002,Cuenta Ahorro
TXN-00004122,CTA-171703,CLI-90802,2026-06-15 02:40:00,4658071.39,CRC,pago,app_movil,HE-001,Tarjeta Crédito
TXN-00004123,CTA-227167,CLI-61423,2026-06-23 15:05:00,1790353.64,CRC,pago,sucursal,LI-001,Cuenta Ahorro
TXN-00004124,CTA-529475,CLI-42247,2026-06-24 10:26:00,4903327.24,CRC,deposito,web,AL-001,Cuenta Corriente
TXN-00004125,CTA-178049,CLI-97995,2026-06-19 16:23:00,4227034.02,CRC,comision,atm,AL-001,Préstamo Personal
TXN-00004126,CTA-916949,CLI-10101,2026-06-11 19:21:00,657985.09,CRC,pago,web,LI-001,Cuenta Corriente
TXN-00004127,CTA-157393,CLI-51208,2026-06-15 05:30:00,1446519.7,CRC,comision,sinpe,SJ-001,Préstamo Personal
TXN-00004128,CTA-540430,CLI-88072,2026-06-23 19:11:00,3338555.48,CRC,pago,web,LI-001,Cuenta Corriente
TXN-00004129,CTA-826380,CLI-65372,2026-06-14 22:18:00,3429507.26,CRC,deposito,sinpe,CA-001,Cuenta Corriente
TXN-00004130,CTA-182467,CLI-47293,2026-06-27 23:33:00,547412.13,CRC,pago,app_movil,SJ-001,Cuenta Corriente
TXN-00004131,CTA-638385,CLI-78740,2026-06-10 20:31:00,2428475.33,CRC,comision,sinpe,AL-001,Cuenta Corriente
TXN-00004132,CTA-938072,CLI-61214,2026-06-25 11:34:00,192286.25,CRC,deposito,web,CA-001,Cuenta Ahorro
TXN-00004133,CTA-632945,CLI-72014,2026-06-26 06:03:00,2038751.25,CRC,comision,atm,SJ-002,Cuenta Corriente
TXN-00004134,CTA-724830,CLI-15996,2026-06-25 00:06:00,4663049.94,CRC,transferencia,app_movil,LI-001,Préstamo Hipotecario
TXN-00004135,CTA-895602,CLI-82981,2026-06-18 09:02:00,4966311.65,CRC,comision,sucursal,LI-001,Préstamo Personal
TXN-00004136,CTA-112615,CLI-72805,2026-06-22 18:47:00,2620503.02,CRC,retiro,web,AL-001,Cuenta Ahorro
TXN-00004137,CTA-404488,CLI-68645,2026-06-01 01:56:00,3366474.6,CRC,retiro,sucursal,SJ-002,Préstamo Personal
TXN-00004138,CTA-118604,CLI-71093,2026-06-10 14:13:00,2100454.84,CRC,comision,sucursal,LI-001,Cuenta Corriente
TXN-00004139,CTA-519789,CLI-89122,2026-06-25 06:41:00,249534.65,CRC,pago,sinpe,CA-001,Préstamo Hipotecario
TXN-00004140,CTA-367704,CLI-55439,2026-06-27 13:52:00,517097.82,CRC,transferencia,sinpe,LI-001,Préstamo Hipotecario
TXN-00004141,CTA-183289,CLI-44106,2026-06-10 07:16:00,2307791.54,CRC,pago,web,PU-001,Tarjeta Crédito
TXN-00004142,CTA-497324,CLI-79055,2026-06-26 16:21:00,4719152.81,CRC,comision,web,SJ-001,Préstamo Personal
TXN-00004143,CTA-454026,CLI-74411,2026-06-17 22:57:00,4342118.18,CRC,deposito,app_movil,SJ-002,Préstamo Personal
TXN-00004144,CTA-468149,CLI-97665,2026-06-14 20:24:00,2156105.49,CRC,comision,atm,LI-001,Préstamo Personal
TXN-00004145,CTA-886950,CLI-21718,2026-06-10 10:20:00,1245470.04,CRC,comision,app_movil,HE-001,Préstamo Personal
TXN-00004146,CTA-133944,CLI-27655,2026-06-10 12:50:00,82271.28,CRC,transferencia,sinpe,AL-001,Tarjeta Crédito
TXN-00004147,CTA-324319,CLI-41486,2026-06-20 12:03:00,3792350.28,CRC,pago,web,LI-001,Préstamo Personal
TXN-00004148,CTA-204251,CLI-59614,2026-06-12 00:16:00,3385357.39,CRC,pago,sinpe,SJ-001,Préstamo Personal
TXN-00004149,CTA-212964,CLI-58650,2026-06-05 22:15:00,4198406.67,CRC,transferencia,sinpe,AL-001,Préstamo Personal
TXN-00004150,CTA-250551,CLI-44422,2026-06-07 23:52:00,4260717.48,CRC,deposito,sucursal,SJ-001,Tarjeta Crédito
TXN-00004151,CTA-790156,CLI-17576,2026-06-14 04:50:00,1606928.22,CRC,transferencia,atm,LI-001,Préstamo Hipotecario
TXN-00004152,CTA-714621,CLI-82163,2026-06-02 10:14:00,3329374.1,CRC,retiro,sinpe,SJ-001,Préstamo Personal
TXN-00004153,CTA-634775,CLI-72693,2026-06-19 06:30:00,1185270.88,CRC,retiro,atm,LI-002,Préstamo Personal
TXN-00004154,CTA-312019,CLI-46975,2026-06-05 10:22:00,1073561.02,CRC,retiro,sinpe,PU-001,Cuenta Ahorro
TXN-00004155,CTA-183328,CLI-48148,2026-06-03 16:55:00,150513.4,CRC,retiro,atm,SJ-001,Cuenta Ahorro
TXN-00004156,CTA-337004,CLI-12327,2026-06-28 23:50:00,3092688.17,CRC,pago,atm,HE-001,Cuenta Corriente
TXN-00004157,CTA-384656,CLI-64173,2026-06-20 22:03:00,1571145.44,CRC,pago,sucursal,PU-001,Préstamo Hipotecario
TXN-00004158,CTA-476676,CLI-23077,2026-06-29 04:19:00,3466242.0,CRC,comision,sinpe,LI-002,Préstamo Personal
TXN-00004159,CTA-574314,CLI-52900,2026-06-08 03:13:00,1684781.95,CRC,pago,app_movil,AL-001,Cuenta Corriente
TXN-00004160,CTA-235936,CLI-39419,2026-06-08 13:14:00,1249808.7,CRC,transferencia,app_movil,AL-001,Tarjeta Crédito
TXN-00004161,CTA-989199,CLI-23380,2026-06-18 09:30:00,2258587.95,CRC,retiro,atm,LI-002,Cuenta Corriente
TXN-00004162,CTA-207257,CLI-77709,2026-06-17 19:00:00,4130502.76,CRC,retiro,sinpe,SJ-001,Cuenta Corriente
TXN-00004163,CTA-552310,CLI-15694,2026-06-16 07:53:00,2064675.89,CRC,comision,app_movil,SJ-002,Cuenta Ahorro
TXN-00004164,CTA-680203,CLI-48523,2026-06-10 21:34:00,2439495.36,CRC,transferencia,web,AL-001,Préstamo Hipotecario
TXN-00004165,CTA-536505,CLI-20865,2026-06-02 12:44:00,3998487.22,CRC,transferencia,sucursal,PU-001,Préstamo Personal
TXN-00004166,CTA-949675,CLI-46942,2026-06-18 18:58:00,4145809.8,CRC,transferencia,atm,LI-001,Cuenta Ahorro
TXN-00004167,CTA-372128,CLI-82787,2026-06-01 16:10:00,801193.32,CRC,retiro,atm,AL-001,Préstamo Hipotecario
TXN-00004168,CTA-173921,CLI-42023,2026-06-25 18:25:00,957772.83,CRC,pago,sucursal,PU-001,Préstamo Personal
TXN-00004169,CTA-337359,CLI-19656,2026-06-04 11:53:00,1835589.38,CRC,deposito,sinpe,HE-001,Cuenta Corriente
TXN-00004170,CTA-761964,CLI-86960,2026-06-07 22:34:00,3395520.75,CRC,deposito,atm,PU-001,Cuenta Corriente
TXN-00004171,CTA-528620,CLI-10839,2026-06-28 12:02:00,3348011.31,CRC,pago,app_movil,CA-001,Cuenta Corriente
TXN-00004172,CTA-926231,CLI-22126,2026-06-13 00:01:00,4653466.18,CRC,comision,sinpe,LI-002,Cuenta Corriente
TXN-00004173,CTA-988142,CLI-59593,2026-06-05 15:20:00,3668454.83,CRC,comision,sucursal,AL-001,Tarjeta Crédito
TXN-00004174,CTA-801581,CLI-37711,2026-06-23 03:03:00,2801434.34,CRC,transferencia,app_movil,PU-001,Cuenta Corriente
TXN-00004175,CTA-197765,CLI-35952,2026-06-11 00:47:00,393381.34,CRC,deposito,sinpe,HE-001,Cuenta Corriente
TXN-00004176,CTA-458409,CLI-21262,2026-06-06 01:05:00,1560940.3,CRC,retiro,sucursal,SJ-002,Tarjeta Crédito
TXN-00004177,CTA-715772,CLI-97623,2026-06-29 22:52:00,2225226.45,CRC,deposito,atm,SJ-002,Tarjeta Crédito
TXN-00004178,CTA-534184,CLI-10178,2026-06-21 11:59:00,2512137.95,CRC,comision,atm,SJ-001,Cuenta Corriente
TXN-00004179,CTA-792670,CLI-75972,2026-06-18 14:02:00,501337.39,CRC,pago,sinpe,LI-002,Cuenta Ahorro
TXN-00004180,CTA-375435,CLI-56358,2026-06-04 03:35:00,990464.67,CRC,pago,atm,SJ-001,Tarjeta Crédito
TXN-00004181,CTA-259872,CLI-69994,2026-06-22 13:31:00,4731883.31,CRC,transferencia,web,AL-001,Préstamo Hipotecario
TXN-00004182,CTA-380734,CLI-13581,2026-06-13 05:35:00,2275514.74,CRC,retiro,sucursal,SJ-001,Préstamo Personal
TXN-00004183,CTA-708828,CLI-90404,2026-06-13 02:01:00,3091566.17,CRC,comision,web,HE-001,Cuenta Corriente
TXN-00004184,CTA-211718,CLI-39983,2026-06-28 12:01:00,1235414.13,CRC,pago,sinpe,CA-001,Tarjeta Crédito
TXN-00004185,CTA-524170,CLI-49381,2026-06-05 01:10:00,4079285.92,CRC,deposito,app_movil,AL-001,Préstamo Personal
TXN-00004186,CTA-895950,CLI-69103,2026-06-01 18:28:00,839980.57,CRC,transferencia,sucursal,CA-001,Cuenta Corriente
TXN-00004187,CTA-515841,CLI-41645,2026-06-30 09:29:00,1739067.03,CRC,deposito,app_movil,SJ-001,Cuenta Corriente
TXN-00004188,CTA-409668,CLI-63346,2026-06-02 05:13:00,3220391.51,CRC,deposito,sucursal,PU-001,Tarjeta Crédito
TXN-00004189,CTA-402640,CLI-12794,2026-06-11 06:41:00,188221.77,CRC,deposito,atm,PU-001,Préstamo Personal
TXN-00004190,CTA-414901,CLI-83587,2026-06-14 05:24:00,2319931.83,CRC,pago,sinpe,PU-001,Préstamo Hipotecario
TXN-00004191,CTA-641866,CLI-19088,2026-06-27 21:27:00,2544319.14,CRC,pago,app_movil,HE-001,Cuenta Ahorro
TXN-00004192,CTA-156158,CLI-69768,2026-06-19 10:40:00,127740.46,CRC,pago,app_movil,SJ-002,Cuenta Corriente
TXN-00004193,CTA-902390,CLI-39087,2026-06-21 05:31:00,4748471.22,CRC,pago,atm,LI-002,Préstamo Hipotecario
TXN-00004194,CTA-955505,CLI-14846,2026-06-15 02:32:00,4044914.65,CRC,pago,sinpe,CA-001,Cuenta Corriente
TXN-00004195,CTA-701604,CLI-65459,2026-06-06 00:51:00,2212306.39,CRC,deposito,app_movil,SJ-002,Tarjeta Crédito
TXN-00004196,CTA-197334,CLI-45133,2026-06-29 00:55:00,851935.79,CRC,transferencia,atm,SJ-001,Cuenta Corriente
TXN-00004197,CTA-543415,CLI-68686,2026-06-17 05:34:00,4246191.84,CRC,transferencia,sucursal,LI-001,Cuenta Ahorro
TXN-00004198,CTA-865891,CLI-63366,2026-06-11 14:49:00,3318295.92,CRC,transferencia,atm,HE-001,Cuenta Ahorro
TXN-00004199,CTA-812723,CLI-13475,2026-06-11 09:55:00,2400744.57,CRC,retiro,sucursal,SJ-002,Tarjeta Crédito
TXN-00004200,CTA-893909,CLI-17261,2026-06-12 02:17:00,4382293.97,CRC,transferencia,sinpe,SJ-001,Préstamo Hipotecario
TXN-00004201,CTA-523853,CLI-55610,2026-06-27 13:27:00,1924249.33,CRC,retiro,web,AL-001,Cuenta Corriente
TXN-00004202,CTA-578530,CLI-40848,2026-06-28 22:01:00,3238324.81,CRC,deposito,web,LI-002,Cuenta Ahorro
TXN-00004203,CTA-828205,CLI-30286,2026-06-26 20:19:00,3816980.5,CRC,transferencia,sinpe,HE-001,Préstamo Personal
TXN-00004204,CTA-951220,CLI-83420,2026-06-07 22:16:00,3964106.45,CRC,transferencia,sinpe,CA-001,Préstamo Personal
TXN-00004205,CTA-260887,CLI-72804,2026-06-15 23:58:00,4178132.34,CRC,pago,sinpe,CA-001,Préstamo Personal
TXN-00004206,CTA-353153,CLI-45845,2026-06-05 05:01:00,3506775.59,CRC,comision,sucursal,HE-001,Cuenta Corriente
TXN-00004207,CTA-134999,CLI-66416,2026-06-22 22:02:00,2202151.78,CRC,deposito,atm,PU-001,Tarjeta Crédito
TXN-00004208,CTA-340119,CLI-51868,2026-06-26 10:48:00,2388977.05,CRC,pago,sinpe,SJ-002,Cuenta Ahorro
TXN-00004209,CTA-455468,CLI-13210,2026-06-06 09:22:00,1943517.28,CRC,pago,sinpe,SJ-002,Préstamo Hipotecario
TXN-00004210,CTA-489015,CLI-44468,2026-06-28 20:51:00,4672379.42,CRC,pago,atm,CA-001,Préstamo Personal
TXN-00004211,CTA-410347,CLI-96851,2026-06-10 11:52:00,78862.03,CRC,transferencia,atm,LI-002,Préstamo Personal
TXN-00004212,CTA-348865,CLI-42838,2026-06-01 05:21:00,2996899.59,CRC,retiro,web,CA-001,Cuenta Corriente
TXN-00004213,CTA-883667,CLI-86440,2026-06-25 14:55:00,1988266.27,CRC,retiro,atm,PU-001,Tarjeta Crédito
TXN-00004214,CTA-751310,CLI-32758,2026-06-06 17:46:00,1647006.12,CRC,pago,app_movil,SJ-001,Cuenta Corriente
TXN-00004215,CTA-934952,CLI-24560,2026-06-03 04:19:00,3919074.36,CRC,deposito,app_movil,SJ-002,Tarjeta Crédito
TXN-00004216,CTA-987187,CLI-86732,2026-06-20 07:15:00,2076975.48,CRC,pago,sucursal,SJ-002,Préstamo Hipotecario
TXN-00004217,CTA-883270,CLI-91721,2026-06-12 17:43:00,4839746.37,CRC,comision,app_movil,HE-001,Cuenta Ahorro
TXN-00004218,CTA-805257,CLI-82881,2026-06-04 23:48:00,7035.4,CRC,comision,sucursal,CA-001,Cuenta Ahorro
TXN-00004219,CTA-493706,CLI-85099,2026-06-25 03:50:00,3330381.08,CRC,comision,app_movil,HE-001,Préstamo Hipotecario
TXN-00004220,CTA-806586,CLI-38580,2026-06-19 10:14:00,640155.7,CRC,deposito,app_movil,LI-002,Tarjeta Crédito
TXN-00004221,CTA-588850,CLI-92325,2026-06-12 22:36:00,2469457.36,CRC,retiro,web,SJ-002,Tarjeta Crédito
TXN-00004222,CTA-245230,CLI-26573,2026-06-15 10:15:00,351966.23,CRC,deposito,sinpe,PU-001,Préstamo Hipotecario
TXN-00004223,CTA-323685,CLI-20696,2026-06-07 04:46:00,105935.32,CRC,comision,web,AL-001,Tarjeta Crédito
TXN-00004224,CTA-769070,CLI-92535,2026-06-06 12:46:00,1922648.02,CRC,retiro,app_movil,LI-002,Cuenta Ahorro
TXN-00004225,CTA-222021,CLI-92285,2026-06-09 15:04:00,1309730.4,CRC,pago,sinpe,PU-001,Cuenta Ahorro
TXN-00004226,CTA-756068,CLI-89886,2026-06-20 06:38:00,1585003.95,CRC,comision,app_movil,CA-001,Préstamo Personal
TXN-00004227,CTA-977239,CLI-41957,2026-06-22 01:06:00,1370301.35,CRC,retiro,sucursal,PU-001,Préstamo Hipotecario
TXN-00004228,CTA-459965,CLI-28338,2026-06-04 01:58:00,3293287.45,CRC,comision,sucursal,CA-001,Préstamo Personal
TXN-00004229,CTA-731770,CLI-41509,2026-06-21 16:07:00,874849.58,CRC,pago,sinpe,SJ-002,Tarjeta Crédito
TXN-00004230,CTA-273451,CLI-34444,2026-06-28 12:50:00,4228452.4,CRC,transferencia,sucursal,LI-001,Préstamo Hipotecario
TXN-00004231,CTA-817010,CLI-78188,2026-06-19 20:42:00,1291432.85,CRC,transferencia,sucursal,HE-001,Préstamo Personal
TXN-00004232,CTA-221788,CLI-19749,2026-06-25 16:08:00,2536970.83,CRC,transferencia,sucursal,PU-001,Cuenta Ahorro
TXN-00004233,CTA-734388,CLI-78123,2026-06-03 02:36:00,1288262.21,CRC,deposito,atm,PU-001,Préstamo Hipotecario
TXN-00004234,CTA-450165,CLI-51584,2026-06-23 17:47:00,426779.32,CRC,transferencia,sinpe,LI-002,Cuenta Corriente
TXN-00004235,CTA-275006,CLI-73108,2026-06-30 03:23:00,3493303.56,CRC,comision,web,PU-001,Préstamo Hipotecario
TXN-00004236,CTA-705161,CLI-22840,2026-06-03 08:56:00,4611549.42,CRC,retiro,app_movil,AL-001,Tarjeta Crédito
TXN-00004237,CTA-221875,CLI-64061,2026-06-18 18:10:00,2340342.4,CRC,retiro,web,CA-001,Préstamo Personal
TXN-00004238,CTA-439739,CLI-76678,2026-06-02 00:33:00,729625.27,CRC,transferencia,app_movil,CA-001,Préstamo Hipotecario
TXN-00004239,CTA-461444,CLI-96231,2026-06-01 07:19:00,3112821.32,CRC,comision,sinpe,AL-001,Préstamo Hipotecario
TXN-00004240,CTA-856530,CLI-69686,2026-06-23 06:53:00,3848039.84,CRC,comision,sucursal,LI-002,Préstamo Hipotecario
TXN-00004241,CTA-431189,CLI-55384,2026-06-17 08:07:00,4263721.9,CRC,deposito,sinpe,LI-002,Cuenta Ahorro
TXN-00004242,CTA-189483,CLI-19632,2026-06-12 14:22:00,1347892.31,CRC,deposito,web,LI-002,Cuenta Ahorro
TXN-00004243,CTA-844996,CLI-79167,2026-06-18 19:38:00,60235.44,CRC,pago,sucursal,LI-002,Tarjeta Crédito
TXN-00004244,CTA-209128,CLI-23554,2026-06-18 21:12:00,4314363.27,CRC,retiro,atm,LI-002,Préstamo Hipotecario
TXN-00004245,CTA-132117,CLI-11889,2026-06-14 06:34:00,1027226.19,CRC,comision,app_movil,AL-001,Tarjeta Crédito
TXN-00004246,CTA-632848,CLI-29156,2026-06-19 02:38:00,161334.81,CRC,comision,sucursal,CA-001,Tarjeta Crédito
TXN-00004247,CTA-334012,CLI-32450,2026-06-30 00:18:00,2556870.53,CRC,deposito,app_movil,AL-001,Préstamo Personal
TXN-00004248,CTA-767603,CLI-67852,2026-06-24 17:50:00,417039.49,CRC,retiro,web,CA-001,Tarjeta Crédito
TXN-00004249,CTA-102799,CLI-71857,2026-06-14 05:25:00,747580.15,CRC,retiro,app_movil,LI-001,Cuenta Corriente
TXN-00004250,CTA-677150,CLI-48656,2026-06-29 02:07:00,4224924.07,CRC,retiro,sinpe,LI-002,Préstamo Personal
TXN-00004251,CTA-851273,CLI-30993,2026-06-12 12:45:00,2184830.81,CRC,pago,sinpe,SJ-002,Préstamo Personal
TXN-00004252,CTA-264637,CLI-91881,2026-06-10 12:39:00,1631909.46,CRC,transferencia,atm,PU-001,Tarjeta Crédito
TXN-00004253,CTA-481086,CLI-20585,2026-06-05 03:48:00,92583.59,CRC,deposito,sinpe,SJ-001,Cuenta Corriente
TXN-00004254,CTA-905918,CLI-43545,2026-06-29 03:30:00,3443489.32,CRC,retiro,sucursal,HE-001,Préstamo Personal
TXN-00004255,CTA-113489,CLI-37499,2026-06-08 20:52:00,3450718.42,CRC,pago,app_movil,CA-001,Préstamo Personal
TXN-00004256,CTA-140146,CLI-30124,2026-06-07 03:03:00,1203894.93,CRC,comision,sucursal,AL-001,Cuenta Corriente
TXN-00004257,CTA-959071,CLI-93852,2026-06-09 15:58:00,3414331.45,CRC,transferencia,sucursal,HE-001,Préstamo Personal
TXN-00004258,CTA-555856,CLI-85120,2026-06-16 01:25:00,2872003.91,CRC,retiro,sinpe,CA-001,Cuenta Corriente
TXN-00004259,CTA-843927,CLI-61956,2026-06-28 14:04:00,4356129.31,CRC,retiro,app_movil,SJ-002,Préstamo Personal
TXN-00004260,CTA-594136,CLI-98612,2026-06-20 09:36:00,4180905.59,CRC,transferencia,app_movil,PU-001,Cuenta Ahorro
TXN-00004261,CTA-391974,CLI-43124,2026-06-10 09:22:00,1271941.52,CRC,deposito,app_movil,SJ-001,Préstamo Personal
TXN-00004262,CTA-708472,CLI-70857,2026-06-05 12:46:00,1955427.6,CRC,deposito,app_movil,PU-001,Préstamo Hipotecario
TXN-00004263,CTA-447380,CLI-82393,2026-06-14 01:54:00,3944105.98,CRC,deposito,app_movil,HE-001,Tarjeta Crédito
TXN-00004264,CTA-413863,CLI-28704,2026-06-30 20:24:00,2449517.4,CRC,comision,web,SJ-002,Cuenta Ahorro
TXN-00004265,CTA-410082,CLI-22568,2026-06-24 11:18:00,2932156.32,CRC,deposito,atm,SJ-001,Cuenta Corriente
TXN-00004266,CTA-945208,CLI-63470,2026-06-15 11:10:00,3271330.53,CRC,comision,sinpe,SJ-001,Préstamo Personal
TXN-00004267,CTA-977089,CLI-31289,2026-06-05 11:49:00,611723.04,CRC,transferencia,atm,CA-001,Cuenta Ahorro
TXN-00004268,CTA-931712,CLI-82440,2026-06-12 03:06:00,666662.45,CRC,deposito,atm,AL-001,Préstamo Hipotecario
TXN-00004269,CTA-779395,CLI-68334,2026-06-25 22:49:00,4920546.34,CRC,transferencia,sucursal,CA-001,Tarjeta Crédito
TXN-00004270,CTA-992163,CLI-50116,2026-06-13 08:01:00,4773280.29,CRC,pago,web,SJ-001,Cuenta Ahorro
TXN-00004271,CTA-148992,CLI-23960,2026-06-16 11:13:00,2979476.12,CRC,deposito,app_movil,CA-001,Tarjeta Crédito
TXN-00004272,CTA-819137,CLI-67069,2026-06-08 05:50:00,1597387.15,CRC,retiro,web,LI-001,Préstamo Personal
TXN-00004273,CTA-331786,CLI-20807,2026-06-25 17:25:00,2009927.86,CRC,pago,atm,AL-001,Préstamo Hipotecario
TXN-00004274,CTA-120837,CLI-43387,2026-06-27 17:46:00,4846880.01,CRC,transferencia,sinpe,SJ-001,Préstamo Hipotecario
TXN-00004275,CTA-669972,CLI-66592,2026-06-01 07:38:00,589546.79,CRC,deposito,atm,LI-002,Cuenta Ahorro
TXN-00004276,CTA-836643,CLI-53054,2026-06-09 02:31:00,1840512.97,CRC,transferencia,atm,CA-001,Préstamo Hipotecario
TXN-00004277,CTA-931994,CLI-56219,2026-06-09 05:45:00,1630598.93,CRC,comision,web,SJ-001,Préstamo Personal
TXN-00004278,CTA-736765,CLI-21568,2026-06-15 14:48:00,2480131.01,CRC,deposito,sucursal,LI-002,Préstamo Personal
TXN-00004279,CTA-420287,CLI-53431,2026-06-27 23:04:00,92588.9,CRC,pago,web,CA-001,Cuenta Ahorro
TXN-00004280,CTA-815997,CLI-23641,2026-06-21 02:56:00,1626367.32,CRC,deposito,web,HE-001,Cuenta Corriente
TXN-00004281,CTA-698149,CLI-70916,2026-06-26 00:11:00,4839931.13,CRC,deposito,app_movil,LI-001,Tarjeta Crédito
TXN-00004282,CTA-315069,CLI-36400,2026-06-08 15:22:00,582312.26,CRC,pago,sinpe,AL-001,Préstamo Hipotecario
TXN-00004283,CTA-638986,CLI-35658,2026-06-18 02:38:00,39804.25,CRC,transferencia,web,SJ-001,Préstamo Personal
TXN-00004284,CTA-766495,CLI-85729,2026-06-04 04:50:00,3358423.46,CRC,comision,sinpe,AL-001,Préstamo Hipotecario
TXN-00004285,CTA-619928,CLI-46800,2026-06-11 08:15:00,3434608.72,CRC,pago,app_movil,SJ-001,Cuenta Corriente
TXN-00004286,CTA-986718,CLI-87908,2026-06-12 05:09:00,2887003.17,CRC,retiro,web,LI-002,Cuenta Corriente
TXN-00004287,CTA-151001,CLI-38878,2026-06-29 19:50:00,3479962.49,CRC,retiro,sinpe,LI-001,Préstamo Personal
TXN-00004288,CTA-252603,CLI-77287,2026-06-25 14:55:00,4412691.54,CRC,transferencia,sinpe,LI-001,Préstamo Hipotecario
TXN-00004289,CTA-210009,CLI-81578,2026-06-24 07:21:00,2563135.11,CRC,transferencia,sucursal,PU-001,Préstamo Hipotecario
TXN-00004290,CTA-153634,CLI-84510,2026-06-22 06:32:00,3483686.28,CRC,deposito,app_movil,PU-001,Préstamo Personal
TXN-00004291,CTA-745373,CLI-86335,2026-06-11 19:05:00,2937340.19,CRC,comision,atm,LI-002,Tarjeta Crédito
TXN-00004292,CTA-773783,CLI-96435,2026-06-15 05:28:00,3420271.19,CRC,transferencia,atm,LI-002,Tarjeta Crédito
TXN-00004293,CTA-709778,CLI-32328,2026-06-06 00:29:00,2260045.5,CRC,pago,sucursal,SJ-001,Préstamo Personal
TXN-00004294,CTA-343541,CLI-49022,2026-06-30 03:19:00,1424761.41,CRC,pago,atm,LI-001,Préstamo Hipotecario
TXN-00004295,CTA-939209,CLI-43962,2026-06-05 23:11:00,155931.84,CRC,retiro,atm,PU-001,Préstamo Hipotecario
TXN-00004296,CTA-640776,CLI-53173,2026-06-30 16:26:00,4604586.99,CRC,comision,app_movil,CA-001,Préstamo Personal
TXN-00004297,CTA-996608,CLI-51186,2026-06-28 13:52:00,1820007.46,CRC,pago,sinpe,PU-001,Cuenta Ahorro
TXN-00004298,CTA-936101,CLI-82373,2026-06-23 14:43:00,2083781.96,CRC,deposito,web,LI-001,Préstamo Personal
TXN-00004299,CTA-328674,CLI-50184,2026-06-24 22:48:00,4979991.48,CRC,deposito,web,HE-001,Cuenta Ahorro
TXN-00004300,CTA-202615,CLI-71075,2026-06-03 14:01:00,3261121.55,CRC,pago,web,LI-002,Cuenta Corriente
TXN-00004301,CTA-126781,CLI-94137,2026-06-29 23:34:00,1582198.42,CRC,deposito,web,CA-001,Préstamo Hipotecario
TXN-00004302,CTA-264335,CLI-29478,2026-06-25 07:55:00,1940133.1,CRC,retiro,sucursal,CA-001,Préstamo Hipotecario
TXN-00004303,CTA-298275,CLI-63582,2026-06-15 15:12:00,69256.55,CRC,comision,sinpe,HE-001,Préstamo Hipotecario
TXN-00004304,CTA-449207,CLI-99406,2026-06-16 11:26:00,4769722.6,CRC,deposito,sucursal,AL-001,Cuenta Ahorro
TXN-00004305,CTA-816572,CLI-61457,2026-06-04 23:01:00,4648553.51,CRC,transferencia,sucursal,AL-001,Cuenta Ahorro
TXN-00004306,CTA-803564,CLI-53386,2026-06-21 20:54:00,1568496.31,CRC,deposito,atm,CA-001,Préstamo Hipotecario
TXN-00004307,CTA-823488,CLI-17029,2026-06-21 12:03:00,1313146.02,CRC,retiro,sucursal,AL-001,Cuenta Ahorro
TXN-00004308,CTA-178471,CLI-48275,2026-06-12 04:20:00,2410874.98,CRC,pago,sinpe,HE-001,Tarjeta Crédito
TXN-00004309,CTA-429214,CLI-58253,2026-06-02 12:27:00,3552095.42,CRC,transferencia,web,CA-001,Cuenta Corriente
TXN-00004310,CTA-219061,CLI-71638,2026-06-07 18:31:00,205731.6,CRC,transferencia,app_movil,SJ-001,Cuenta Ahorro
TXN-00004311,CTA-931486,CLI-57245,2026-06-20 00:40:00,1328079.3,CRC,comision,atm,HE-001,Préstamo Personal
TXN-00004312,CTA-213008,CLI-82222,2026-06-18 19:45:00,3830090.66,CRC,comision,sucursal,SJ-002,Préstamo Hipotecario
TXN-00004313,CTA-867997,CLI-11870,2026-06-05 05:50:00,2388567.83,CRC,pago,atm,AL-001,Cuenta Corriente
TXN-00004314,CTA-261293,CLI-32132,2026-06-20 21:58:00,517736.44,CRC,retiro,sinpe,PU-001,Cuenta Ahorro
TXN-00004315,CTA-410420,CLI-47130,2026-06-30 20:45:00,1824024.05,CRC,pago,sinpe,SJ-001,Tarjeta Crédito
TXN-00004316,CTA-488999,CLI-58459,2026-06-12 07:14:00,4684112.76,CRC,transferencia,atm,SJ-001,Préstamo Hipotecario
TXN-00004317,CTA-527703,CLI-37819,2026-06-16 03:41:00,631220.13,CRC,transferencia,web,SJ-001,Cuenta Corriente
TXN-00004318,CTA-665112,CLI-89392,2026-06-23 17:49:00,2436955.56,CRC,transferencia,sucursal,LI-002,Cuenta Ahorro
TXN-00004319,CTA-999495,CLI-35124,2026-06-30 09:47:00,2441304.96,CRC,comision,sinpe,AL-001,Cuenta Corriente
TXN-00004320,CTA-644786,CLI-33323,2026-06-12 23:06:00,177792.88,CRC,retiro,web,PU-001,Préstamo Hipotecario
TXN-00004321,CTA-544689,CLI-83768,2026-06-18 03:49:00,4740252.78,CRC,deposito,sucursal,AL-001,Cuenta Ahorro
TXN-00004322,CTA-492717,CLI-54192,2026-06-07 19:28:00,2821604.65,CRC,deposito,web,SJ-001,Cuenta Corriente
TXN-00004323,CTA-584680,CLI-13113,2026-06-21 20:09:00,2158898.03,CRC,deposito,atm,SJ-001,Cuenta Corriente
TXN-00004324,CTA-712387,CLI-37365,2026-06-08 20:34:00,280028.86,CRC,transferencia,atm,SJ-001,Préstamo Hipotecario
TXN-00004325,CTA-598727,CLI-31442,2026-06-02 12:13:00,2182681.82,CRC,deposito,web,LI-002,Cuenta Ahorro
TXN-00004326,CTA-891579,CLI-99949,2026-06-04 08:42:00,3429649.53,CRC,retiro,sinpe,CA-001,Cuenta Corriente
TXN-00004327,CTA-496282,CLI-95039,2026-06-28 03:17:00,2890379.17,CRC,comision,sucursal,AL-001,Cuenta Corriente
TXN-00004328,CTA-603719,CLI-21146,2026-06-01 02:40:00,1122432.27,CRC,retiro,sucursal,LI-001,Préstamo Personal
TXN-00004329,CTA-232040,CLI-29047,2026-06-02 22:00:00,4488679.85,CRC,comision,sucursal,SJ-001,Préstamo Personal
TXN-00004330,CTA-917264,CLI-17096,2026-06-21 05:28:00,909973.53,CRC,transferencia,atm,HE-001,Préstamo Hipotecario
TXN-00004331,CTA-667776,CLI-80182,2026-06-26 11:17:00,2455486.78,CRC,pago,sucursal,LI-001,Préstamo Hipotecario
TXN-00004332,CTA-258047,CLI-30811,2026-06-07 14:41:00,2001746.53,CRC,comision,app_movil,SJ-001,Cuenta Corriente
TXN-00004333,CTA-680288,CLI-16948,2026-06-08 14:51:00,4880224.94,CRC,transferencia,atm,PU-001,Préstamo Personal
TXN-00004334,CTA-439784,CLI-28003,2026-06-20 01:45:00,2516843.88,CRC,transferencia,web,LI-001,Préstamo Personal
TXN-00004335,CTA-961840,CLI-12549,2026-06-01 14:21:00,4092549.37,CRC,pago,atm,PU-001,Préstamo Personal
TXN-00004336,CTA-459285,CLI-33184,2026-06-08 01:59:00,4584162.52,CRC,transferencia,web,HE-001,Cuenta Ahorro
TXN-00004337,CTA-592068,CLI-74856,2026-06-21 14:50:00,3474689.42,CRC,comision,sinpe,LI-002,Tarjeta Crédito
TXN-00004338,CTA-830729,CLI-89429,2026-06-01 15:23:00,19014.02,CRC,transferencia,web,LI-002,Tarjeta Crédito
TXN-00004339,CTA-155425,CLI-66882,2026-06-22 18:42:00,2291282.86,CRC,deposito,sucursal,LI-002,Préstamo Hipotecario
TXN-00004340,CTA-260592,CLI-81533,2026-06-24 09:22:00,4767525.39,CRC,transferencia,sucursal,LI-002,Préstamo Personal
TXN-00004341,CTA-242953,CLI-77193,2026-06-24 18:39:00,3978031.55,CRC,retiro,web,SJ-001,Cuenta Corriente
TXN-00004342,CTA-558801,CLI-13518,2026-06-30 07:18:00,1286530.37,CRC,deposito,atm,PU-001,Cuenta Ahorro
TXN-00004343,CTA-544853,CLI-14361,2026-06-23 10:09:00,3227723.4,CRC,transferencia,web,SJ-002,Préstamo Personal
TXN-00004344,CTA-177878,CLI-94051,2026-06-25 16:49:00,3974697.51,CRC,pago,web,SJ-001,Tarjeta Crédito
TXN-00004345,CTA-251356,CLI-71107,2026-06-22 11:29:00,3180251.11,CRC,comision,sinpe,LI-001,Cuenta Ahorro
TXN-00004346,CTA-375260,CLI-27502,2026-06-06 14:34:00,3805086.43,CRC,comision,atm,AL-001,Cuenta Ahorro
TXN-00004347,CTA-518286,CLI-12360,2026-06-17 23:30:00,416946.0,CRC,deposito,sinpe,HE-001,Préstamo Hipotecario
TXN-00004348,CTA-647670,CLI-67670,2026-06-04 21:29:00,2781266.17,CRC,deposito,app_movil,HE-001,Préstamo Personal
TXN-00004349,CTA-207763,CLI-58105,2026-06-01 01:16:00,2430008.47,CRC,retiro,app_movil,PU-001,Préstamo Personal
TXN-00004350,CTA-157476,CLI-71773,2026-06-22 06:27:00,3622931.19,CRC,transferencia,app_movil,SJ-002,Tarjeta Crédito
TXN-00004351,CTA-674590,CLI-85888,2026-06-11 06:56:00,2123819.46,CRC,transferencia,web,CA-001,Préstamo Hipotecario
TXN-00004352,CTA-779599,CLI-48492,2026-06-18 06:18:00,3497240.23,CRC,pago,app_movil,LI-002,Cuenta Corriente
TXN-00004353,CTA-968931,CLI-84796,2026-06-15 21:44:00,458862.22,CRC,deposito,app_movil,SJ-002,Préstamo Personal
TXN-00004354,CTA-872705,CLI-57463,2026-06-03 07:42:00,2482314.44,CRC,deposito,sucursal,SJ-002,Cuenta Corriente
TXN-00004355,CTA-797432,CLI-47887,2026-06-17 22:34:00,743837.73,CRC,comision,web,SJ-001,Cuenta Ahorro
TXN-00004356,CTA-747782,CLI-33019,2026-06-29 12:32:00,3516944.14,CRC,deposito,app_movil,CA-001,Cuenta Corriente
TXN-00004357,CTA-754699,CLI-89042,2026-06-08 20:01:00,1823007.45,CRC,pago,atm,LI-002,Préstamo Personal
TXN-00004358,CTA-728250,CLI-65346,2026-06-30 18:17:00,3200378.52,CRC,transferencia,sinpe,LI-001,Préstamo Personal
TXN-00004359,CTA-275110,CLI-55422,2026-06-15 01:45:00,4157251.39,CRC,retiro,web,HE-001,Préstamo Hipotecario
TXN-00004360,CTA-187430,CLI-63013,2026-06-12 17:42:00,281725.5,CRC,transferencia,app_movil,AL-001,Tarjeta Crédito
TXN-00004361,CTA-931882,CLI-99120,2026-06-10 14:40:00,1459311.91,CRC,transferencia,app_movil,LI-002,Cuenta Ahorro
TXN-00004362,CTA-742367,CLI-40116,2026-06-11 20:20:00,4687222.14,CRC,pago,web,LI-002,Préstamo Personal
TXN-00004363,CTA-220808,CLI-98612,2026-06-27 02:20:00,1897223.17,CRC,pago,app_movil,LI-002,Préstamo Hipotecario
TXN-00004364,CTA-192697,CLI-70005,2026-06-15 13:46:00,2482526.12,CRC,transferencia,sinpe,LI-001,Cuenta Corriente
TXN-00004365,CTA-509977,CLI-77660,2026-06-17 12:40:00,3077269.62,CRC,comision,app_movil,HE-001,Tarjeta Crédito
TXN-00004366,CTA-321709,CLI-54224,2026-06-13 10:02:00,2578024.77,CRC,comision,web,SJ-001,Cuenta Ahorro
TXN-00004367,CTA-565786,CLI-43487,2026-06-13 21:22:00,3369528.41,CRC,transferencia,atm,SJ-001,Cuenta Corriente
TXN-00004368,CTA-370990,CLI-59005,2026-06-26 17:03:00,1046289.53,CRC,retiro,atm,PU-001,Cuenta Ahorro
TXN-00004369,CTA-222222,CLI-21865,2026-06-21 02:05:00,486758.87,CRC,deposito,sinpe,SJ-002,Tarjeta Crédito
TXN-00004370,CTA-544901,CLI-77066,2026-06-04 05:21:00,2052382.0,CRC,comision,sinpe,HE-001,Tarjeta Crédito
TXN-00004371,CTA-180084,CLI-41819,2026-06-28 03:29:00,4092713.64,CRC,transferencia,sinpe,CA-001,Préstamo Personal
TXN-00004372,CTA-791095,CLI-69501,2026-06-06 08:39:00,262524.3,CRC,retiro,atm,CA-001,Préstamo Hipotecario
TXN-00004373,CTA-254976,CLI-96067,2026-06-01 09:04:00,4423863.96,CRC,pago,atm,SJ-001,Cuenta Ahorro
TXN-00004374,CTA-240777,CLI-11134,2026-06-16 18:06:00,3313826.26,CRC,transferencia,atm,LI-002,Tarjeta Crédito
TXN-00004375,CTA-642157,CLI-73474,2026-06-25 21:05:00,4113357.17,CRC,comision,app_movil,AL-001,Préstamo Hipotecario
TXN-00004376,CTA-943438,CLI-46951,2026-06-07 09:54:00,4269471.97,CRC,pago,atm,SJ-002,Préstamo Hipotecario
TXN-00004377,CTA-505375,CLI-10644,2026-06-25 13:38:00,2234835.35,CRC,transferencia,sucursal,HE-001,Préstamo Hipotecario
TXN-00004378,CTA-605181,CLI-81780,2026-06-12 06:46:00,4792095.18,CRC,transferencia,web,LI-002,Cuenta Ahorro
TXN-00004379,CTA-580259,CLI-34007,2026-06-04 16:02:00,2149470.59,CRC,pago,atm,HE-001,Préstamo Hipotecario
TXN-00004380,CTA-251054,CLI-91460,2026-06-03 03:47:00,1721341.4,CRC,retiro,web,HE-001,Préstamo Personal
TXN-00004381,CTA-668074,CLI-78778,2026-06-20 11:20:00,2948811.74,CRC,pago,web,LI-002,Tarjeta Crédito
TXN-00004382,CTA-370514,CLI-69233,2026-06-14 08:14:00,1647617.71,CRC,transferencia,app_movil,HE-001,Cuenta Ahorro
TXN-00004383,CTA-740026,CLI-27851,2026-06-13 15:15:00,578617.82,CRC,comision,sucursal,SJ-001,Préstamo Personal
TXN-00004384,CTA-556093,CLI-33854,2026-06-01 03:33:00,4812842.41,CRC,pago,atm,LI-001,Cuenta Corriente
TXN-00004385,CTA-361300,CLI-77624,2026-06-27 11:04:00,1256588.24,CRC,comision,app_movil,CA-001,Cuenta Corriente
TXN-00004386,CTA-653633,CLI-47531,2026-06-07 23:19:00,4207604.0,CRC,transferencia,web,HE-001,Préstamo Hipotecario
TXN-00004387,CTA-801580,CLI-55806,2026-06-12 00:46:00,3594115.94,CRC,pago,app_movil,PU-001,Cuenta Corriente
TXN-00004388,CTA-521593,CLI-27839,2026-06-17 09:22:00,2772367.66,CRC,retiro,sucursal,PU-001,Cuenta Corriente
TXN-00004389,CTA-451574,CLI-90385,2026-06-22 04:16:00,3286497.13,CRC,transferencia,sinpe,SJ-001,Cuenta Corriente
TXN-00004390,CTA-136829,CLI-27212,2026-06-15 09:14:00,511588.39,CRC,retiro,web,CA-001,Tarjeta Crédito
TXN-00004391,CTA-977654,CLI-67670,2026-06-11 23:32:00,265234.82,CRC,retiro,web,CA-001,Cuenta Corriente
TXN-00004392,CTA-269818,CLI-47259,2026-06-25 10:25:00,3179062.85,CRC,transferencia,web,PU-001,Tarjeta Crédito
TXN-00004393,CTA-938651,CLI-23780,2026-06-20 00:58:00,4308025.57,CRC,retiro,app_movil,CA-001,Cuenta Ahorro
TXN-00004394,CTA-988600,CLI-34380,2026-06-25 17:45:00,2458222.11,CRC,comision,web,SJ-001,Préstamo Hipotecario
TXN-00004395,CTA-434443,CLI-49165,2026-06-03 03:52:00,2081565.91,CRC,transferencia,sinpe,PU-001,Préstamo Hipotecario
TXN-00004396,CTA-470817,CLI-66755,2026-06-16 01:53:00,1884168.18,CRC,transferencia,atm,PU-001,Cuenta Corriente
TXN-00004397,CTA-996023,CLI-82217,2026-06-24 19:07:00,827071.49,CRC,comision,sucursal,SJ-001,Tarjeta Crédito
TXN-00004398,CTA-794967,CLI-78591,2026-06-07 08:22:00,4690770.01,CRC,comision,web,SJ-002,Préstamo Personal
TXN-00004399,CTA-431453,CLI-90406,2026-06-27 13:53:00,4556749.69,CRC,transferencia,web,SJ-001,Préstamo Hipotecario
TXN-00004400,CTA-625862,CLI-30489,2026-06-28 13:36:00,878839.99,CRC,comision,atm,HE-001,Préstamo Personal
TXN-00004401,CTA-354320,CLI-20386,2026-06-02 15:19:00,771423.0,CRC,retiro,sucursal,LI-001,Préstamo Hipotecario
TXN-00004402,CTA-869221,CLI-31965,2026-06-25 14:15:00,456763.06,CRC,retiro,sucursal,LI-002,Cuenta Corriente
TXN-00004403,CTA-648357,CLI-67210,2026-06-10 11:10:00,4723281.46,CRC,transferencia,sucursal,PU-001,Préstamo Personal
TXN-00004404,CTA-667886,CLI-96953,2026-06-22 20:52:00,681783.94,CRC,transferencia,sucursal,PU-001,Préstamo Personal
TXN-00004405,CTA-130471,CLI-41876,2026-06-07 13:18:00,3694166.22,CRC,retiro,app_movil,LI-002,Préstamo Hipotecario
TXN-00004406,CTA-971536,CLI-45210,2026-06-22 23:41:00,2805629.62,CRC,pago,app_movil,LI-002,Cuenta Corriente
TXN-00004407,CTA-338609,CLI-39080,2026-06-19 12:13:00,3329524.57,CRC,transferencia,atm,AL-001,Tarjeta Crédito
TXN-00004408,CTA-545941,CLI-32738,2026-06-22 20:39:00,1711273.52,CRC,retiro,sucursal,CA-001,Préstamo Personal
TXN-00004409,CTA-446650,CLI-37913,2026-06-23 17:48:00,280617.41,CRC,transferencia,sinpe,SJ-001,Tarjeta Crédito
TXN-00004410,CTA-231939,CLI-70592,2026-06-27 13:53:00,1092401.74,CRC,retiro,sucursal,LI-002,Cuenta Ahorro
TXN-00004411,CTA-949458,CLI-68741,2026-06-26 01:34:00,4079257.74,CRC,deposito,atm,LI-001,Cuenta Ahorro
TXN-00004412,CTA-259795,CLI-53393,2026-06-12 14:03:00,3816747.61,CRC,transferencia,atm,SJ-001,Tarjeta Crédito
TXN-00004413,CTA-934418,CLI-68965,2026-06-19 16:25:00,4905538.85,CRC,pago,app_movil,CA-001,Tarjeta Crédito
TXN-00004414,CTA-685018,CLI-80442,2026-06-05 17:52:00,2078429.63,CRC,deposito,atm,SJ-002,Préstamo Hipotecario
TXN-00004415,CTA-776251,CLI-70323,2026-06-20 04:12:00,1999254.83,CRC,retiro,sinpe,HE-001,Préstamo Personal
TXN-00004416,CTA-411448,CLI-46508,2026-06-16 14:56:00,3044002.03,CRC,comision,atm,PU-001,Préstamo Personal
TXN-00004417,CTA-846245,CLI-33372,2026-06-23 17:32:00,1036938.24,CRC,comision,app_movil,CA-001,Cuenta Ahorro
TXN-00004418,CTA-587844,CLI-67370,2026-06-13 21:34:00,1761894.13,CRC,deposito,app_movil,LI-001,Préstamo Personal
TXN-00004419,CTA-374486,CLI-50997,2026-06-08 08:35:00,3387273.65,CRC,comision,sinpe,CA-001,Tarjeta Crédito
TXN-00004420,CTA-611904,CLI-64077,2026-06-08 06:23:00,1373659.96,CRC,deposito,sinpe,PU-001,Préstamo Hipotecario
TXN-00004421,CTA-235028,CLI-16186,2026-06-15 16:50:00,296725.32,CRC,retiro,sucursal,CA-001,Préstamo Hipotecario
TXN-00004422,CTA-353046,CLI-76132,2026-06-24 06:51:00,3469351.62,CRC,pago,app_movil,SJ-001,Préstamo Personal
TXN-00004423,CTA-544909,CLI-82053,2026-06-07 13:02:00,1239507.81,CRC,comision,app_movil,CA-001,Tarjeta Crédito
TXN-00004424,CTA-806382,CLI-12216,2026-06-25 22:41:00,191916.45,CRC,deposito,atm,SJ-002,Cuenta Ahorro
TXN-00004425,CTA-947371,CLI-35916,2026-06-10 09:46:00,1401737.4,CRC,transferencia,web,LI-002,Préstamo Personal
TXN-00004426,CTA-571703,CLI-74356,2026-06-01 23:07:00,3179803.85,CRC,retiro,sinpe,AL-001,Préstamo Personal
TXN-00004427,CTA-483584,CLI-89711,2026-06-04 05:25:00,4630084.81,CRC,pago,sinpe,LI-001,Tarjeta Crédito
TXN-00004428,CTA-618664,CLI-54646,2026-06-22 01:22:00,1767912.68,CRC,comision,atm,HE-001,Préstamo Hipotecario
TXN-00004429,CTA-126652,CLI-54905,2026-06-26 22:38:00,4881336.67,CRC,transferencia,sucursal,LI-001,Préstamo Personal
TXN-00004430,CTA-414952,CLI-77363,2026-06-07 02:22:00,2216109.11,CRC,transferencia,atm,SJ-002,Cuenta Corriente
TXN-00004431,CTA-268247,CLI-51018,2026-06-26 10:44:00,3121703.88,CRC,retiro,atm,CA-001,Cuenta Ahorro
TXN-00004432,CTA-911220,CLI-79414,2026-06-03 19:23:00,4471206.15,CRC,comision,sucursal,LI-002,Cuenta Corriente
TXN-00004433,CTA-170360,CLI-89987,2026-06-18 22:44:00,482307.18,CRC,retiro,app_movil,LI-001,Tarjeta Crédito
TXN-00004434,CTA-410222,CLI-51899,2026-06-18 00:47:00,1477685.67,CRC,retiro,app_movil,LI-002,Cuenta Ahorro
TXN-00004435,CTA-504453,CLI-91652,2026-06-02 20:05:00,2368447.84,CRC,transferencia,web,AL-001,Cuenta Ahorro
TXN-00004436,CTA-159436,CLI-34713,2026-06-02 04:05:00,1501627.4,CRC,transferencia,sucursal,AL-001,Cuenta Ahorro
TXN-00004437,CTA-398333,CLI-47451,2026-06-05 04:00:00,3689395.59,CRC,deposito,sucursal,AL-001,Préstamo Hipotecario
TXN-00004438,CTA-775267,CLI-12890,2026-06-10 02:45:00,1168524.38,CRC,comision,atm,PU-001,Cuenta Corriente
TXN-00004439,CTA-140669,CLI-57408,2026-06-09 00:16:00,4113880.69,CRC,retiro,atm,SJ-002,Préstamo Personal
TXN-00004440,CTA-164100,CLI-13527,2026-06-27 00:25:00,2915389.93,CRC,transferencia,web,LI-001,Préstamo Hipotecario
TXN-00004441,CTA-787244,CLI-41020,2026-06-12 12:12:00,682341.07,CRC,retiro,atm,SJ-002,Tarjeta Crédito
TXN-00004442,CTA-723214,CLI-21398,2026-06-19 12:09:00,432633.1,CRC,deposito,sucursal,SJ-001,Tarjeta Crédito
TXN-00004443,CTA-844543,CLI-58088,2026-06-11 14:44:00,4005422.26,CRC,pago,app_movil,HE-001,Cuenta Ahorro
TXN-00004444,CTA-584107,CLI-66035,2026-06-10 18:06:00,3459830.79,CRC,comision,web,PU-001,Cuenta Corriente
TXN-00004445,CTA-959189,CLI-26832,2026-06-09 10:46:00,1196843.92,CRC,deposito,app_movil,LI-002,Cuenta Ahorro
TXN-00004446,CTA-829604,CLI-36714,2026-06-02 04:18:00,3096609.86,CRC,comision,app_movil,AL-001,Cuenta Ahorro
TXN-00004447,CTA-420146,CLI-83463,2026-06-02 19:04:00,1450705.77,CRC,deposito,sucursal,SJ-002,Préstamo Hipotecario
TXN-00004448,CTA-776043,CLI-79244,2026-06-24 22:08:00,2780733.95,CRC,deposito,sinpe,SJ-001,Préstamo Personal
TXN-00004449,CTA-265447,CLI-34675,2026-06-19 18:11:00,4048037.95,CRC,deposito,sinpe,HE-001,Cuenta Corriente
TXN-00004450,CTA-173508,CLI-97910,2026-06-27 04:50:00,2566171.6,CRC,retiro,sucursal,SJ-001,Tarjeta Crédito
TXN-00004451,CTA-258968,CLI-40605,2026-06-18 20:46:00,471406.8,CRC,pago,web,CA-001,Préstamo Personal
TXN-00004452,CTA-846087,CLI-19070,2026-06-03 10:48:00,4869022.38,CRC,pago,app_movil,HE-001,Cuenta Corriente
TXN-00004453,CTA-690542,CLI-22090,2026-06-30 19:38:00,3454217.65,CRC,comision,app_movil,CA-001,Préstamo Hipotecario
TXN-00004454,CTA-952639,CLI-13954,2026-06-22 19:20:00,179787.79,CRC,deposito,sucursal,HE-001,Cuenta Ahorro
TXN-00004455,CTA-361111,CLI-45708,2026-06-08 05:32:00,3817448.84,CRC,transferencia,sinpe,SJ-001,Tarjeta Crédito
TXN-00004456,CTA-180334,CLI-43567,2026-06-20 13:31:00,4790790.0,CRC,comision,web,SJ-001,Préstamo Personal
TXN-00004457,CTA-620021,CLI-69478,2026-06-16 16:46:00,4132055.32,CRC,transferencia,sucursal,SJ-001,Tarjeta Crédito
TXN-00004458,CTA-178896,CLI-59456,2026-06-30 17:16:00,760967.09,CRC,retiro,app_movil,LI-002,Préstamo Personal
TXN-00004459,CTA-773699,CLI-76037,2026-06-02 04:30:00,3311022.96,CRC,deposito,app_movil,CA-001,Cuenta Corriente
TXN-00004460,CTA-132481,CLI-34636,2026-06-15 08:33:00,4882792.17,CRC,comision,sinpe,LI-002,Préstamo Personal
TXN-00004461,CTA-584082,CLI-12976,2026-06-10 08:45:00,2123203.21,CRC,deposito,atm,SJ-001,Préstamo Hipotecario
TXN-00004462,CTA-726205,CLI-62022,2026-06-28 15:35:00,2013565.8,CRC,pago,sinpe,HE-001,Cuenta Ahorro
TXN-00004463,CTA-583616,CLI-17768,2026-06-07 05:33:00,1091782.0,CRC,deposito,web,CA-001,Cuenta Corriente
TXN-00004464,CTA-708171,CLI-74943,2026-06-15 11:38:00,3906973.13,CRC,deposito,atm,SJ-001,Cuenta Corriente
TXN-00004465,CTA-291475,CLI-38338,2026-06-26 11:03:00,990305.75,CRC,transferencia,sucursal,PU-001,Cuenta Corriente
TXN-00004466,CTA-916123,CLI-74345,2026-06-19 11:42:00,4447872.24,CRC,transferencia,atm,LI-001,Préstamo Hipotecario
TXN-00004467,CTA-782718,CLI-32426,2026-06-24 22:40:00,3115633.07,CRC,retiro,web,CA-001,Tarjeta Crédito
TXN-00004468,CTA-616830,CLI-34445,2026-06-28 07:07:00,4203807.3,CRC,retiro,sinpe,SJ-001,Tarjeta Crédito
TXN-00004469,CTA-677146,CLI-54258,2026-06-25 15:43:00,3429797.81,CRC,transferencia,atm,AL-001,Tarjeta Crédito
TXN-00004470,CTA-219881,CLI-85511,2026-06-06 02:57:00,3101410.45,CRC,pago,app_movil,CA-001,Cuenta Ahorro
TXN-00004471,CTA-346633,CLI-66146,2026-06-15 03:29:00,3891649.18,CRC,pago,sinpe,AL-001,Préstamo Hipotecario
TXN-00004472,CTA-689920,CLI-93218,2026-06-10 09:12:00,978064.85,CRC,retiro,sucursal,LI-002,Cuenta Ahorro
TXN-00004473,CTA-828610,CLI-40852,2026-06-25 04:57:00,163675.26,CRC,pago,atm,SJ-001,Préstamo Personal
TXN-00004474,CTA-938402,CLI-45844,2026-06-17 13:41:00,2067062.77,CRC,comision,web,HE-001,Préstamo Personal
TXN-00004475,CTA-614949,CLI-21578,2026-06-13 02:16:00,1965081.25,CRC,retiro,app_movil,SJ-002,Préstamo Personal
TXN-00004476,CTA-461975,CLI-32106,2026-06-11 09:01:00,2287384.81,CRC,comision,web,SJ-002,Préstamo Personal
TXN-00004477,CTA-475757,CLI-77290,2026-06-19 04:30:00,610019.55,CRC,transferencia,app_movil,SJ-001,Préstamo Hipotecario
TXN-00004478,CTA-382438,CLI-43169,2026-06-05 16:58:00,3746734.32,CRC,deposito,atm,SJ-002,Préstamo Personal
TXN-00004479,CTA-845893,CLI-38072,2026-06-09 02:42:00,3533961.35,CRC,pago,app_movil,SJ-002,Cuenta Corriente
TXN-00004480,CTA-421824,CLI-60686,2026-06-19 20:16:00,592195.47,CRC,deposito,sucursal,PU-001,Préstamo Personal
TXN-00004481,CTA-274468,CLI-62385,2026-06-04 11:09:00,2582468.73,CRC,deposito,atm,SJ-002,Tarjeta Crédito
TXN-00004482,CTA-467666,CLI-43843,2026-06-16 11:08:00,1896040.13,CRC,retiro,web,HE-001,Préstamo Hipotecario
TXN-00004483,CTA-367898,CLI-40339,2026-06-12 05:34:00,2533279.34,CRC,pago,web,PU-001,Cuenta Corriente
TXN-00004484,CTA-938122,CLI-98690,2026-06-13 03:32:00,992824.58,CRC,transferencia,atm,SJ-001,Tarjeta Crédito
TXN-00004485,CTA-926203,CLI-65573,2026-06-16 09:08:00,3373161.34,CRC,deposito,app_movil,LI-001,Cuenta Ahorro
TXN-00004486,CTA-533756,CLI-94348,2026-06-01 07:35:00,464486.45,CRC,retiro,sucursal,SJ-002,Préstamo Personal
TXN-00004487,CTA-494691,CLI-86945,2026-06-07 19:39:00,4843401.85,CRC,pago,atm,CA-001,Cuenta Ahorro
TXN-00004488,CTA-941924,CLI-37218,2026-06-05 12:07:00,3718979.35,CRC,pago,sinpe,LI-002,Cuenta Ahorro
TXN-00004489,CTA-158043,CLI-86143,2026-06-25 08:26:00,3290942.87,CRC,transferencia,web,LI-001,Cuenta Corriente
TXN-00004490,CTA-918825,CLI-89240,2026-06-27 15:29:00,1293930.14,CRC,comision,app_movil,CA-001,Préstamo Personal
TXN-00004491,CTA-173015,CLI-34769,2026-06-17 09:59:00,2718435.36,CRC,pago,atm,SJ-001,Cuenta Corriente
TXN-00004492,CTA-758888,CLI-43014,2026-06-11 22:44:00,4081416.21,CRC,comision,atm,HE-001,Cuenta Ahorro
TXN-00004493,CTA-824594,CLI-65046,2026-06-22 13:34:00,170596.8,CRC,retiro,web,LI-002,Préstamo Hipotecario
TXN-00004494,CTA-230142,CLI-49961,2026-06-16 01:14:00,4381488.23,CRC,retiro,sinpe,LI-001,Tarjeta Crédito
TXN-00004495,CTA-506006,CLI-66065,2026-06-12 14:37:00,3065670.46,CRC,comision,atm,HE-001,Tarjeta Crédito
TXN-00004496,CTA-888081,CLI-72387,2026-06-07 06:56:00,4904877.0,CRC,transferencia,web,SJ-002,Cuenta Ahorro
TXN-00004497,CTA-108128,CLI-11570,2026-06-22 14:26:00,843611.78,CRC,deposito,web,LI-001,Cuenta Corriente
TXN-00004498,CTA-420898,CLI-70418,2026-06-30 12:10:00,1024263.65,CRC,comision,atm,LI-002,Tarjeta Crédito
TXN-00004499,CTA-806905,CLI-25406,2026-06-27 15:03:00,1171940.24,CRC,pago,sucursal,AL-001,Préstamo Hipotecario
TXN-00004500,CTA-867854,CLI-77421,2026-06-11 08:59:00,2113390.44,CRC,comision,web,AL-001,Cuenta Corriente
TXN-00004501,CTA-113379,CLI-70964,2026-06-03 02:26:00,453396.65,CRC,comision,app_movil,SJ-001,Cuenta Ahorro
TXN-00004502,CTA-454251,CLI-68782,2026-06-29 08:26:00,3181653.5,CRC,pago,app_movil,HE-001,Cuenta Ahorro
TXN-00004503,CTA-915987,CLI-84223,2026-06-02 20:43:00,4369909.97,CRC,transferencia,sinpe,HE-001,Tarjeta Crédito
TXN-00004504,CTA-839889,CLI-93505,2026-06-05 02:09:00,869477.38,CRC,retiro,atm,HE-001,Tarjeta Crédito
TXN-00004505,CTA-606874,CLI-32148,2026-06-07 19:34:00,3199893.77,CRC,comision,web,CA-001,Tarjeta Crédito
TXN-00004506,CTA-681744,CLI-26343,2026-06-19 10:47:00,2869317.73,CRC,retiro,app_movil,LI-002,Cuenta Ahorro
TXN-00004507,CTA-768166,CLI-69814,2026-06-19 20:48:00,1892407.22,CRC,pago,app_movil,LI-001,Cuenta Corriente
TXN-00004508,CTA-864357,CLI-18486,2026-06-16 13:10:00,4417773.79,CRC,comision,web,AL-001,Cuenta Corriente
TXN-00004509,CTA-856582,CLI-10265,2026-06-24 17:52:00,365848.63,CRC,pago,sinpe,HE-001,Cuenta Corriente
TXN-00004510,CTA-415303,CLI-62602,2026-06-06 06:41:00,597182.07,CRC,transferencia,atm,PU-001,Préstamo Personal
TXN-00004511,CTA-710820,CLI-76170,2026-06-30 13:34:00,4839215.63,CRC,retiro,app_movil,SJ-002,Préstamo Hipotecario
TXN-00004512,CTA-280839,CLI-49580,2026-06-21 19:41:00,4001421.83,CRC,pago,sucursal,LI-001,Préstamo Hipotecario
TXN-00004513,CTA-293697,CLI-41611,2026-06-25 21:03:00,4850370.89,CRC,pago,web,LI-001,Tarjeta Crédito
TXN-00004514,CTA-159250,CLI-71440,2026-06-26 11:11:00,2292997.47,CRC,comision,sinpe,LI-002,Cuenta Corriente
TXN-00004515,CTA-280965,CLI-53821,2026-06-29 18:53:00,1703844.1,CRC,deposito,sucursal,AL-001,Cuenta Corriente
TXN-00004516,CTA-271363,CLI-31757,2026-06-30 13:45:00,2753456.36,CRC,pago,web,SJ-001,Préstamo Hipotecario
TXN-00004517,CTA-798188,CLI-63197,2026-06-27 15:34:00,3072909.1,CRC,pago,app_movil,SJ-001,Cuenta Ahorro
TXN-00004518,CTA-853846,CLI-36642,2026-06-25 15:04:00,1803568.31,CRC,comision,sucursal,PU-001,Préstamo Hipotecario
TXN-00004519,CTA-529776,CLI-50296,2026-06-30 10:14:00,2297411.69,CRC,pago,sinpe,LI-001,Cuenta Ahorro
TXN-00004520,CTA-298088,CLI-99504,2026-06-05 22:25:00,4145713.72,CRC,pago,app_movil,SJ-001,Préstamo Hipotecario
TXN-00004521,CTA-357915,CLI-73886,2026-06-01 23:07:00,234169.11,CRC,comision,app_movil,LI-002,Préstamo Hipotecario
TXN-00004522,CTA-839297,CLI-66969,2026-06-29 17:46:00,4595325.43,CRC,comision,sucursal,PU-001,Cuenta Ahorro
TXN-00004523,CTA-933067,CLI-14603,2026-06-02 15:57:00,4002941.73,CRC,comision,sinpe,LI-002,Cuenta Ahorro
TXN-00004524,CTA-805048,CLI-67041,2026-06-13 10:08:00,2969745.26,CRC,pago,atm,HE-001,Préstamo Hipotecario
TXN-00004525,CTA-284551,CLI-90699,2026-06-21 00:52:00,4669414.64,CRC,pago,atm,PU-001,Cuenta Corriente
TXN-00004526,CTA-382089,CLI-54605,2026-06-22 14:34:00,3366314.93,CRC,pago,atm,HE-001,Préstamo Personal
TXN-00004527,CTA-477959,CLI-98733,2026-06-07 01:31:00,2354984.49,CRC,transferencia,app_movil,PU-001,Préstamo Hipotecario
TXN-00004528,CTA-568449,CLI-86805,2026-06-24 04:52:00,2511223.45,CRC,transferencia,web,AL-001,Préstamo Personal
TXN-00004529,CTA-945640,CLI-15289,2026-06-27 06:40:00,18458.5,CRC,retiro,atm,LI-001,Tarjeta Crédito
TXN-00004530,CTA-558713,CLI-33534,2026-06-07 00:35:00,305989.61,CRC,pago,sinpe,AL-001,Cuenta Ahorro
TXN-00004531,CTA-879292,CLI-60979,2026-06-03 15:43:00,625911.68,CRC,transferencia,atm,CA-001,Cuenta Ahorro
TXN-00004532,CTA-110600,CLI-90188,2026-06-17 21:28:00,1114180.13,CRC,deposito,web,LI-002,Tarjeta Crédito
TXN-00004533,CTA-190745,CLI-66712,2026-06-02 18:50:00,1136274.36,CRC,comision,atm,PU-001,Cuenta Ahorro
TXN-00004534,CTA-519128,CLI-72735,2026-06-30 11:01:00,1359542.98,CRC,transferencia,app_movil,AL-001,Cuenta Ahorro
TXN-00004535,CTA-763619,CLI-85334,2026-06-16 14:12:00,2411456.32,CRC,comision,app_movil,CA-001,Cuenta Corriente
TXN-00004536,CTA-904330,CLI-63502,2026-06-17 07:12:00,1997802.77,CRC,comision,sucursal,CA-001,Cuenta Ahorro
TXN-00004537,CTA-327645,CLI-43799,2026-06-07 04:33:00,2172943.09,CRC,retiro,sucursal,LI-002,Préstamo Hipotecario
TXN-00004538,CTA-908219,CLI-78109,2026-06-17 03:42:00,797545.02,CRC,retiro,web,PU-001,Cuenta Ahorro
TXN-00004539,CTA-295285,CLI-54173,2026-06-10 23:19:00,3371172.87,CRC,comision,sucursal,LI-002,Cuenta Corriente
TXN-00004540,CTA-852312,CLI-71805,2026-06-02 14:36:00,4049755.55,CRC,deposito,app_movil,CA-001,Préstamo Hipotecario
TXN-00004541,CTA-317701,CLI-42896,2026-06-27 13:57:00,713732.06,CRC,deposito,sucursal,HE-001,Préstamo Personal
TXN-00004542,CTA-344550,CLI-35775,2026-06-01 12:10:00,988370.88,CRC,deposito,sinpe,HE-001,Préstamo Hipotecario
TXN-00004543,CTA-765444,CLI-20812,2026-06-10 13:58:00,1836304.58,CRC,retiro,atm,HE-001,Préstamo Personal
TXN-00004544,CTA-329764,CLI-67657,2026-06-25 21:56:00,1347641.64,CRC,deposito,sinpe,SJ-001,Préstamo Hipotecario
TXN-00004545,CTA-820459,CLI-98805,2026-06-30 04:55:00,3763952.6,CRC,deposito,web,LI-001,Préstamo Personal
TXN-00004546,CTA-784246,CLI-92291,2026-06-27 00:05:00,2702228.45,CRC,pago,atm,PU-001,Tarjeta Crédito
TXN-00004547,CTA-972413,CLI-28884,2026-06-17 05:26:00,1512956.22,CRC,deposito,atm,HE-001,Préstamo Personal
TXN-00004548,CTA-801200,CLI-30623,2026-06-25 13:08:00,2318373.6,CRC,pago,atm,CA-001,Cuenta Corriente
TXN-00004549,CTA-759804,CLI-69022,2026-06-15 17:01:00,3566729.04,CRC,retiro,sinpe,CA-001,Préstamo Personal
TXN-00004550,CTA-375853,CLI-27404,2026-06-24 18:35:00,3084084.96,CRC,comision,sinpe,LI-001,Cuenta Ahorro
TXN-00004551,CTA-579004,CLI-90426,2026-06-29 22:18:00,1105521.14,CRC,comision,web,SJ-001,Préstamo Hipotecario
TXN-00004552,CTA-490379,CLI-12995,2026-06-10 21:46:00,402433.0,CRC,retiro,sucursal,CA-001,Cuenta Corriente
TXN-00004553,CTA-964314,CLI-98367,2026-06-28 00:39:00,3788047.04,CRC,pago,atm,LI-001,Tarjeta Crédito
TXN-00004554,CTA-112250,CLI-61920,2026-06-04 16:08:00,639706.11,CRC,pago,web,SJ-001,Préstamo Hipotecario
TXN-00004555,CTA-579977,CLI-39249,2026-06-19 10:08:00,2016958.85,CRC,transferencia,web,SJ-001,Préstamo Personal
TXN-00004556,CTA-969099,CLI-84480,2026-06-22 10:29:00,4354291.73,CRC,comision,sinpe,SJ-002,Préstamo Personal
TXN-00004557,CTA-475783,CLI-90692,2026-06-12 05:22:00,2798009.95,CRC,deposito,app_movil,AL-001,Cuenta Ahorro
TXN-00004558,CTA-253759,CLI-71564,2026-06-25 00:25:00,926807.28,CRC,pago,sucursal,LI-001,Cuenta Ahorro
TXN-00004559,CTA-896259,CLI-62486,2026-06-05 16:40:00,1762995.85,CRC,retiro,web,LI-001,Tarjeta Crédito
TXN-00004560,CTA-733043,CLI-43707,2026-06-10 08:53:00,1140032.81,CRC,comision,atm,PU-001,Préstamo Hipotecario
TXN-00004561,CTA-690224,CLI-55595,2026-06-14 03:41:00,1006111.98,CRC,transferencia,atm,SJ-001,Préstamo Personal
TXN-00004562,CTA-784634,CLI-58234,2026-06-17 11:43:00,3893697.42,CRC,retiro,app_movil,PU-001,Préstamo Personal
TXN-00004563,CTA-156177,CLI-29610,2026-06-03 15:34:00,1086784.94,CRC,deposito,app_movil,LI-002,Cuenta Ahorro
TXN-00004564,CTA-494309,CLI-39025,2026-06-22 06:53:00,1901466.93,CRC,retiro,atm,CA-001,Préstamo Personal
TXN-00004565,CTA-838697,CLI-34364,2026-06-30 21:24:00,1025233.92,CRC,retiro,sucursal,LI-002,Tarjeta Crédito
TXN-00004566,CTA-324213,CLI-88432,2026-06-23 23:35:00,1340240.68,CRC,deposito,web,LI-002,Préstamo Personal
TXN-00004567,CTA-135006,CLI-89063,2026-06-01 05:33:00,2901721.28,CRC,deposito,atm,SJ-002,Préstamo Hipotecario
TXN-00004568,CTA-862584,CLI-13002,2026-06-24 15:19:00,1982255.67,CRC,pago,sucursal,PU-001,Cuenta Ahorro
TXN-00004569,CTA-892151,CLI-68625,2026-06-19 19:29:00,1521729.77,CRC,comision,sinpe,HE-001,Cuenta Ahorro
TXN-00004570,CTA-760708,CLI-46620,2026-06-22 08:18:00,3070574.51,CRC,deposito,web,LI-001,Préstamo Personal
TXN-00004571,CTA-619725,CLI-22678,2026-06-03 15:39:00,2997751.12,CRC,pago,atm,SJ-001,Tarjeta Crédito
TXN-00004572,CTA-467074,CLI-74335,2026-06-30 01:24:00,73380.36,CRC,retiro,atm,SJ-002,Préstamo Personal
TXN-00004573,CTA-617742,CLI-37971,2026-06-20 19:29:00,1275453.04,CRC,retiro,sinpe,HE-001,Préstamo Personal
TXN-00004574,CTA-924578,CLI-52674,2026-06-25 23:45:00,3721257.27,CRC,retiro,sinpe,SJ-001,Préstamo Hipotecario
TXN-00004575,CTA-461518,CLI-21518,2026-06-02 08:45:00,1945566.39,CRC,comision,sucursal,LI-001,Préstamo Personal
TXN-00004576,CTA-564039,CLI-21871,2026-06-25 16:21:00,3701010.3,CRC,comision,sinpe,HE-001,Préstamo Hipotecario
TXN-00004577,CTA-386721,CLI-42179,2026-06-23 20:49:00,4883345.47,CRC,transferencia,atm,CA-001,Cuenta Corriente
TXN-00004578,CTA-749036,CLI-38091,2026-06-28 14:09:00,2541048.06,CRC,comision,app_movil,PU-001,Préstamo Personal
TXN-00004579,CTA-351389,CLI-15908,2026-06-08 04:17:00,289731.45,CRC,comision,sinpe,LI-001,Préstamo Hipotecario
TXN-00004580,CTA-737806,CLI-93857,2026-06-18 17:54:00,1967013.04,CRC,retiro,atm,HE-001,Cuenta Ahorro
TXN-00004581,CTA-654056,CLI-63175,2026-06-14 13:40:00,1792277.06,CRC,comision,atm,CA-001,Cuenta Ahorro
TXN-00004582,CTA-819353,CLI-56618,2026-06-06 02:26:00,4101418.42,CRC,pago,app_movil,AL-001,Cuenta Ahorro
TXN-00004583,CTA-646426,CLI-81552,2026-06-23 22:56:00,318425.04,CRC,deposito,sucursal,LI-002,Tarjeta Crédito
TXN-00004584,CTA-500305,CLI-65989,2026-06-15 02:58:00,3109866.97,CRC,deposito,atm,PU-001,Préstamo Hipotecario
TXN-00004585,CTA-372165,CLI-67841,2026-06-03 16:00:00,2385220.13,CRC,transferencia,web,CA-001,Préstamo Personal
TXN-00004586,CTA-185897,CLI-65840,2026-06-27 12:36:00,3285710.07,CRC,deposito,sucursal,SJ-002,Cuenta Ahorro
TXN-00004587,CTA-891212,CLI-41161,2026-06-06 06:28:00,222354.38,CRC,comision,web,LI-001,Tarjeta Crédito
TXN-00004588,CTA-845492,CLI-19192,2026-06-16 23:32:00,3551093.07,CRC,comision,app_movil,PU-001,Cuenta Corriente
TXN-00004589,CTA-731429,CLI-39046,2026-06-14 18:37:00,1569966.01,CRC,retiro,sucursal,SJ-002,Tarjeta Crédito
TXN-00004590,CTA-793641,CLI-62572,2026-06-06 23:06:00,3573529.26,CRC,deposito,app_movil,PU-001,Cuenta Ahorro
TXN-00004591,CTA-100339,CLI-13396,2026-06-24 11:11:00,1578951.48,CRC,retiro,sinpe,LI-001,Tarjeta Crédito
TXN-00004592,CTA-112123,CLI-23884,2026-06-22 22:23:00,3949302.38,CRC,deposito,app_movil,CA-001,Cuenta Ahorro
TXN-00004593,CTA-199275,CLI-81038,2026-06-14 09:27:00,4280896.97,CRC,deposito,atm,LI-001,Préstamo Hipotecario
TXN-00004594,CTA-785847,CLI-21877,2026-06-03 11:51:00,3738620.37,CRC,comision,atm,PU-001,Préstamo Hipotecario
TXN-00004595,CTA-520659,CLI-91981,2026-06-26 20:37:00,949274.13,CRC,transferencia,app_movil,SJ-002,Tarjeta Crédito
TXN-00004596,CTA-804478,CLI-87740,2026-06-16 07:02:00,2878358.4,CRC,retiro,sinpe,SJ-002,Préstamo Personal
TXN-00004597,CTA-554137,CLI-96542,2026-06-25 05:21:00,408338.11,CRC,pago,app_movil,LI-002,Préstamo Personal
TXN-00004598,CTA-739966,CLI-29346,2026-06-01 08:30:00,3210409.95,CRC,comision,sucursal,SJ-001,Cuenta Ahorro
TXN-00004599,CTA-836094,CLI-23292,2026-06-26 10:01:00,87345.67,CRC,comision,web,LI-001,Cuenta Corriente
TXN-00004600,CTA-247321,CLI-19728,2026-06-07 23:52:00,1038471.03,CRC,retiro,atm,CA-001,Préstamo Hipotecario
TXN-00004601,CTA-144135,CLI-83732,2026-06-17 01:35:00,4808640.73,CRC,transferencia,app_movil,AL-001,Cuenta Corriente
TXN-00004602,CTA-176589,CLI-71759,2026-06-10 16:52:00,4364037.72,CRC,pago,atm,LI-002,Préstamo Hipotecario
TXN-00004603,CTA-851145,CLI-68846,2026-06-26 06:56:00,1927398.94,CRC,transferencia,sinpe,LI-001,Cuenta Corriente
TXN-00004604,CTA-824047,CLI-33765,2026-06-18 16:31:00,531977.76,CRC,pago,sucursal,PU-001,Cuenta Corriente
TXN-00004605,CTA-507193,CLI-87582,2026-06-30 13:36:00,4584333.3,CRC,transferencia,app_movil,CA-001,Préstamo Personal
TXN-00004606,CTA-276179,CLI-24439,2026-06-15 11:20:00,3369197.37,CRC,deposito,sinpe,LI-002,Préstamo Personal
TXN-00004607,CTA-227337,CLI-97454,2026-06-03 04:30:00,2710670.02,CRC,retiro,sucursal,SJ-002,Préstamo Hipotecario
TXN-00004608,CTA-290955,CLI-52538,2026-06-28 16:51:00,979139.63,CRC,transferencia,sinpe,CA-001,Préstamo Hipotecario
TXN-00004609,CTA-926309,CLI-29745,2026-06-23 13:01:00,298778.53,CRC,retiro,app_movil,AL-001,Tarjeta Crédito
TXN-00004610,CTA-820921,CLI-76177,2026-06-16 12:17:00,2775302.56,CRC,comision,app_movil,PU-001,Cuenta Corriente
TXN-00004611,CTA-698443,CLI-63026,2026-06-27 12:26:00,3166696.04,CRC,comision,app_movil,PU-001,Tarjeta Crédito
TXN-00004612,CTA-193379,CLI-18533,2026-06-17 08:27:00,1719555.83,CRC,retiro,app_movil,SJ-001,Cuenta Ahorro
TXN-00004613,CTA-524618,CLI-45924,2026-06-20 05:08:00,2594814.95,CRC,deposito,sinpe,SJ-001,Cuenta Corriente
TXN-00004614,CTA-946487,CLI-63355,2026-06-12 12:31:00,3736009.04,CRC,deposito,sinpe,HE-001,Cuenta Corriente
TXN-00004615,CTA-369121,CLI-14999,2026-06-28 19:34:00,4535276.54,CRC,comision,sucursal,LI-002,Tarjeta Crédito
TXN-00004616,CTA-693535,CLI-56189,2026-06-20 08:03:00,1318796.82,CRC,deposito,web,LI-001,Cuenta Corriente
TXN-00004617,CTA-625863,CLI-14552,2026-06-27 21:07:00,4143343.23,CRC,pago,sucursal,LI-001,Préstamo Personal
TXN-00004618,CTA-722981,CLI-83072,2026-06-12 22:28:00,1992475.43,CRC,retiro,sinpe,LI-001,Préstamo Hipotecario
TXN-00004619,CTA-248540,CLI-89742,2026-06-16 20:31:00,2436070.74,CRC,transferencia,app_movil,SJ-001,Tarjeta Crédito
TXN-00004620,CTA-476529,CLI-69546,2026-06-07 12:16:00,1452489.05,CRC,pago,web,SJ-001,Cuenta Ahorro
TXN-00004621,CTA-757562,CLI-79947,2026-06-15 09:22:00,3372740.14,CRC,transferencia,web,CA-001,Préstamo Personal
TXN-00004622,CTA-945594,CLI-55271,2026-06-18 18:34:00,4390808.0,CRC,retiro,app_movil,SJ-002,Cuenta Corriente
TXN-00004623,CTA-649911,CLI-92577,2026-06-18 18:47:00,2477349.95,CRC,pago,app_movil,HE-001,Préstamo Personal
TXN-00004624,CTA-435721,CLI-86342,2026-06-14 08:34:00,4450794.89,CRC,deposito,sucursal,PU-001,Préstamo Personal
TXN-00004625,CTA-188921,CLI-25854,2026-06-06 21:25:00,4786617.09,CRC,pago,web,LI-002,Cuenta Ahorro
TXN-00004626,CTA-905299,CLI-34856,2026-06-25 13:58:00,2177495.85,CRC,transferencia,sinpe,PU-001,Préstamo Hipotecario
TXN-00004627,CTA-519452,CLI-81878,2026-06-06 19:14:00,4039760.54,CRC,comision,web,HE-001,Préstamo Personal
TXN-00004628,CTA-487530,CLI-59607,2026-06-30 14:28:00,625554.96,CRC,retiro,web,SJ-001,Préstamo Personal
TXN-00004629,CTA-481600,CLI-75174,2026-06-14 10:36:00,791527.28,CRC,retiro,sucursal,SJ-001,Cuenta Corriente
TXN-00004630,CTA-288021,CLI-36617,2026-06-07 17:07:00,740647.62,CRC,transferencia,sucursal,LI-001,Tarjeta Crédito
TXN-00004631,CTA-436623,CLI-78482,2026-06-18 18:17:00,4437.63,CRC,comision,atm,SJ-001,Préstamo Hipotecario
TXN-00004632,CTA-213246,CLI-57443,2026-06-18 18:30:00,2263628.39,CRC,deposito,atm,SJ-002,Cuenta Ahorro
TXN-00004633,CTA-338720,CLI-53313,2026-06-01 09:00:00,4541055.16,CRC,retiro,app_movil,LI-001,Cuenta Ahorro
TXN-00004634,CTA-533805,CLI-12183,2026-06-06 10:00:00,1857962.83,CRC,transferencia,sinpe,HE-001,Préstamo Hipotecario
TXN-00004635,CTA-353965,CLI-29585,2026-06-11 11:09:00,3319744.35,CRC,retiro,app_movil,HE-001,Cuenta Corriente
TXN-00004636,CTA-706760,CLI-45503,2026-06-28 12:18:00,4416074.59,CRC,transferencia,sucursal,SJ-002,Cuenta Corriente
TXN-00004637,CTA-132473,CLI-80549,2026-06-13 14:44:00,1405906.02,CRC,pago,sinpe,SJ-002,Cuenta Ahorro
TXN-00004638,CTA-766029,CLI-71024,2026-06-13 01:42:00,3404888.71,CRC,pago,sinpe,CA-001,Préstamo Hipotecario
TXN-00004639,CTA-255805,CLI-22670,2026-06-07 21:04:00,226617.0,CRC,deposito,web,HE-001,Préstamo Hipotecario
TXN-00004640,CTA-615989,CLI-91619,2026-06-07 16:51:00,464554.93,CRC,comision,sinpe,CA-001,Cuenta Corriente
TXN-00004641,CTA-144705,CLI-99268,2026-06-23 20:35:00,3266064.82,CRC,comision,web,SJ-002,Cuenta Ahorro
TXN-00004642,CTA-460504,CLI-70707,2026-06-15 03:24:00,4867146.98,CRC,comision,sinpe,AL-001,Préstamo Personal
TXN-00004643,CTA-596470,CLI-69199,2026-06-10 21:04:00,1808747.83,CRC,transferencia,atm,LI-001,Cuenta Ahorro
TXN-00004644,CTA-415105,CLI-75833,2026-06-19 23:29:00,3836455.74,CRC,comision,sinpe,CA-001,Cuenta Ahorro
TXN-00004645,CTA-256336,CLI-51230,2026-06-09 21:27:00,4120001.05,CRC,transferencia,atm,LI-002,Cuenta Ahorro
TXN-00004646,CTA-222426,CLI-18861,2026-06-06 20:05:00,1013792.92,CRC,pago,sinpe,LI-001,Préstamo Hipotecario
TXN-00004647,CTA-361649,CLI-42999,2026-06-09 11:46:00,1656262.4,CRC,transferencia,atm,SJ-001,Cuenta Ahorro
TXN-00004648,CTA-594641,CLI-30819,2026-06-26 05:08:00,2554411.3,CRC,deposito,atm,AL-001,Préstamo Personal
TXN-00004649,CTA-497267,CLI-15801,2026-06-19 01:18:00,2176305.73,CRC,comision,sucursal,LI-002,Préstamo Hipotecario
TXN-00004650,CTA-841101,CLI-75608,2026-06-25 20:21:00,1496841.14,CRC,pago,app_movil,LI-002,Cuenta Ahorro
TXN-00004651,CTA-175765,CLI-99655,2026-06-03 12:44:00,1567716.29,CRC,retiro,web,LI-002,Préstamo Hipotecario
TXN-00004652,CTA-914885,CLI-27860,2026-06-17 09:06:00,514512.04,CRC,pago,sucursal,CA-001,Cuenta Corriente
TXN-00004653,CTA-409890,CLI-20774,2026-06-30 21:15:00,2404342.66,CRC,transferencia,atm,SJ-001,Cuenta Ahorro
TXN-00004654,CTA-506522,CLI-20698,2026-06-01 04:08:00,77111.07,CRC,transferencia,atm,SJ-002,Tarjeta Crédito
TXN-00004655,CTA-469651,CLI-70471,2026-06-07 11:28:00,4656936.95,CRC,transferencia,atm,PU-001,Cuenta Ahorro
TXN-00004656,CTA-742074,CLI-72760,2026-06-10 17:14:00,2976200.77,CRC,deposito,app_movil,SJ-002,Tarjeta Crédito
TXN-00004657,CTA-390064,CLI-86104,2026-06-11 07:42:00,4093620.45,CRC,pago,sucursal,CA-001,Préstamo Hipotecario
TXN-00004658,CTA-126372,CLI-15991,2026-06-20 16:00:00,143423.6,CRC,retiro,atm,LI-002,Cuenta Ahorro
TXN-00004659,CTA-620444,CLI-57749,2026-06-14 09:39:00,2999177.56,CRC,comision,atm,HE-001,Préstamo Hipotecario
TXN-00004660,CTA-648922,CLI-76399,2026-06-19 19:29:00,3668574.99,CRC,deposito,web,SJ-002,Préstamo Hipotecario
TXN-00004661,CTA-948295,CLI-27148,2026-06-19 08:41:00,4740202.53,CRC,deposito,atm,SJ-001,Préstamo Hipotecario
TXN-00004662,CTA-367520,CLI-38488,2026-06-27 21:16:00,2496206.22,CRC,pago,web,AL-001,Cuenta Ahorro
TXN-00004663,CTA-402478,CLI-86463,2026-06-24 10:29:00,2455729.99,CRC,deposito,sucursal,AL-001,Cuenta Ahorro
TXN-00004664,CTA-340241,CLI-88916,2026-06-06 08:22:00,837728.26,CRC,transferencia,atm,AL-001,Préstamo Hipotecario
TXN-00004665,CTA-572350,CLI-37097,2026-06-02 20:44:00,69886.59,CRC,deposito,atm,LI-002,Préstamo Hipotecario
TXN-00004666,CTA-424695,CLI-70271,2026-06-10 22:29:00,2778322.19,CRC,pago,web,PU-001,Tarjeta Crédito
TXN-00004667,CTA-522250,CLI-60462,2026-06-01 06:57:00,90975.97,CRC,pago,atm,LI-002,Préstamo Personal
TXN-00004668,CTA-571105,CLI-59496,2026-06-01 13:40:00,3361378.87,CRC,retiro,sucursal,SJ-001,Préstamo Hipotecario
TXN-00004669,CTA-289776,CLI-94543,2026-06-08 00:55:00,4327414.92,CRC,comision,sucursal,SJ-002,Cuenta Corriente
TXN-00004670,CTA-627900,CLI-64439,2026-06-27 10:38:00,4293728.19,CRC,comision,sucursal,CA-001,Préstamo Personal
TXN-00004671,CTA-240156,CLI-65923,2026-06-26 06:51:00,3813025.25,CRC,transferencia,sucursal,HE-001,Préstamo Hipotecario
TXN-00004672,CTA-413906,CLI-57205,2026-06-10 08:59:00,4252587.13,CRC,comision,web,CA-001,Préstamo Hipotecario
TXN-00004673,CTA-520360,CLI-96524,2026-06-08 13:25:00,4500769.61,CRC,pago,app_movil,SJ-001,Tarjeta Crédito
TXN-00004674,CTA-199091,CLI-33816,2026-06-25 17:11:00,4942696.8,CRC,retiro,atm,LI-001,Tarjeta Crédito
TXN-00004675,CTA-862319,CLI-46322,2026-06-10 08:33:00,2605734.56,CRC,comision,sinpe,LI-001,Cuenta Corriente
TXN-00004676,CTA-937117,CLI-66753,2026-06-06 02:50:00,4907253.23,CRC,transferencia,app_movil,HE-001,Cuenta Ahorro
TXN-00004677,CTA-507684,CLI-40807,2026-06-12 21:30:00,592640.21,CRC,pago,sinpe,AL-001,Cuenta Corriente
TXN-00004678,CTA-844825,CLI-39559,2026-06-22 13:33:00,1535341.67,CRC,pago,atm,SJ-001,Préstamo Hipotecario
TXN-00004679,CTA-861907,CLI-54308,2026-06-05 07:35:00,3446797.83,CRC,comision,atm,SJ-002,Tarjeta Crédito
TXN-00004680,CTA-370542,CLI-31878,2026-06-26 03:27:00,2864008.01,CRC,deposito,sinpe,LI-001,Cuenta Ahorro
TXN-00004681,CTA-318705,CLI-63754,2026-06-23 17:44:00,4607058.99,CRC,retiro,web,CA-001,Tarjeta Crédito
TXN-00004682,CTA-519167,CLI-70452,2026-06-27 05:21:00,887153.21,CRC,pago,sinpe,LI-002,Préstamo Personal
TXN-00004683,CTA-319781,CLI-57301,2026-06-22 16:10:00,1831170.08,CRC,comision,web,LI-002,Cuenta Corriente
TXN-00004684,CTA-369314,CLI-88068,2026-06-10 11:52:00,447404.9,CRC,deposito,sinpe,HE-001,Tarjeta Crédito
TXN-00004685,CTA-784046,CLI-81358,2026-06-11 00:21:00,4799705.6,CRC,transferencia,sucursal,SJ-001,Préstamo Personal
TXN-00004686,CTA-737330,CLI-89551,2026-06-23 08:43:00,960751.07,CRC,deposito,web,AL-001,Préstamo Personal
TXN-00004687,CTA-134768,CLI-22317,2026-06-06 05:35:00,4329566.77,CRC,deposito,app_movil,LI-001,Cuenta Ahorro
TXN-00004688,CTA-651225,CLI-10029,2026-06-28 18:03:00,1672227.07,CRC,transferencia,atm,SJ-002,Cuenta Ahorro
TXN-00004689,CTA-623649,CLI-91064,2026-06-10 01:09:00,4859128.62,CRC,retiro,app_movil,PU-001,Tarjeta Crédito
TXN-00004690,CTA-861394,CLI-78757,2026-06-27 15:00:00,436067.48,CRC,pago,app_movil,SJ-001,Préstamo Personal
TXN-00004691,CTA-119449,CLI-50876,2026-06-12 09:09:00,3520474.63,CRC,comision,sinpe,LI-002,Cuenta Corriente
TXN-00004692,CTA-793612,CLI-13507,2026-06-16 14:14:00,1121634.56,CRC,pago,web,LI-002,Préstamo Hipotecario
TXN-00004693,CTA-342395,CLI-60738,2026-06-27 01:05:00,2309487.88,CRC,pago,sucursal,PU-001,Cuenta Corriente
TXN-00004694,CTA-939871,CLI-33753,2026-06-27 13:55:00,591739.13,CRC,retiro,web,PU-001,Cuenta Ahorro
TXN-00004695,CTA-281876,CLI-17488,2026-06-20 16:14:00,1119381.22,CRC,transferencia,sinpe,HE-001,Préstamo Personal
TXN-00004696,CTA-379925,CLI-57588,2026-06-26 19:59:00,4904598.01,CRC,comision,web,LI-002,Cuenta Corriente
TXN-00004697,CTA-815154,CLI-68186,2026-06-30 09:10:00,1810197.55,CRC,comision,sucursal,LI-001,Cuenta Ahorro
TXN-00004698,CTA-221248,CLI-99298,2026-06-23 06:00:00,36557.94,CRC,transferencia,atm,LI-002,Préstamo Hipotecario
TXN-00004699,CTA-315589,CLI-91965,2026-06-05 08:43:00,3379960.91,CRC,retiro,web,LI-002,Cuenta Corriente
TXN-00004700,CTA-526037,CLI-76635,2026-06-27 16:19:00,2540374.21,CRC,comision,sinpe,PU-001,Préstamo Hipotecario
TXN-00004701,CTA-892920,CLI-78648,2026-06-20 02:51:00,175632.04,CRC,transferencia,sinpe,SJ-002,Préstamo Personal
TXN-00004702,CTA-602109,CLI-87484,2026-06-10 02:57:00,2505271.38,CRC,transferencia,sucursal,LI-001,Cuenta Ahorro
TXN-00004703,CTA-620286,CLI-16692,2026-06-19 16:37:00,1358437.96,CRC,retiro,web,HE-001,Cuenta Ahorro
TXN-00004704,CTA-616732,CLI-96226,2026-06-07 20:15:00,1978671.09,CRC,pago,atm,LI-002,Préstamo Hipotecario
TXN-00004705,CTA-643416,CLI-68254,2026-06-18 22:02:00,3677024.07,CRC,pago,web,HE-001,Préstamo Hipotecario
TXN-00004706,CTA-880750,CLI-20263,2026-06-12 19:12:00,4862262.35,CRC,transferencia,atm,HE-001,Cuenta Ahorro
TXN-00004707,CTA-435246,CLI-94905,2026-06-13 12:27:00,4535714.89,CRC,deposito,sucursal,LI-002,Tarjeta Crédito
TXN-00004708,CTA-619207,CLI-32236,2026-06-02 01:41:00,1207446.33,CRC,comision,app_movil,LI-001,Préstamo Hipotecario
TXN-00004709,CTA-338016,CLI-94106,2026-06-13 10:04:00,1574788.04,CRC,comision,atm,PU-001,Tarjeta Crédito
TXN-00004710,CTA-954318,CLI-55796,2026-06-02 05:28:00,2205190.45,CRC,transferencia,sinpe,CA-001,Cuenta Corriente
TXN-00004711,CTA-657942,CLI-38300,2026-06-22 22:30:00,1873612.9,CRC,retiro,sinpe,SJ-001,Tarjeta Crédito
TXN-00004712,CTA-736656,CLI-25842,2026-06-19 08:05:00,933461.9,CRC,retiro,web,CA-001,Préstamo Hipotecario
TXN-00004713,CTA-650357,CLI-15622,2026-06-18 06:48:00,4880113.36,CRC,transferencia,app_movil,HE-001,Préstamo Personal
TXN-00004714,CTA-941934,CLI-46023,2026-06-11 01:50:00,1045950.48,CRC,deposito,atm,LI-002,Cuenta Corriente
TXN-00004715,CTA-840843,CLI-43759,2026-06-18 13:58:00,884212.88,CRC,deposito,atm,CA-001,Cuenta Corriente
TXN-00004716,CTA-641616,CLI-40206,2026-06-03 02:07:00,2038648.92,CRC,comision,web,AL-001,Préstamo Hipotecario
TXN-00004717,CTA-405504,CLI-61716,2026-06-20 15:43:00,1011252.84,CRC,pago,atm,CA-001,Préstamo Personal
TXN-00004718,CTA-881783,CLI-14894,2026-06-13 03:03:00,4318981.22,CRC,retiro,sucursal,PU-001,Cuenta Ahorro
TXN-00004719,CTA-698082,CLI-91176,2026-06-23 02:30:00,4111358.17,CRC,pago,atm,CA-001,Cuenta Corriente
TXN-00004720,CTA-843138,CLI-85440,2026-06-16 06:38:00,3913015.35,CRC,transferencia,app_movil,AL-001,Cuenta Corriente
TXN-00004721,CTA-612998,CLI-67175,2026-06-05 00:58:00,896017.3,CRC,deposito,web,SJ-001,Préstamo Hipotecario
TXN-00004722,CTA-413555,CLI-77862,2026-06-06 00:20:00,575808.45,CRC,transferencia,sinpe,LI-001,Préstamo Personal
TXN-00004723,CTA-305848,CLI-40940,2026-06-22 15:40:00,1011720.77,CRC,deposito,web,LI-002,Cuenta Corriente
TXN-00004724,CTA-437045,CLI-68613,2026-06-12 23:54:00,1075599.38,CRC,transferencia,atm,HE-001,Préstamo Personal
TXN-00004725,CTA-124040,CLI-55080,2026-06-25 00:49:00,4275210.03,CRC,retiro,web,CA-001,Cuenta Corriente
TXN-00004726,CTA-523087,CLI-79187,2026-06-09 10:51:00,145937.61,CRC,pago,atm,LI-002,Préstamo Personal
TXN-00004727,CTA-767427,CLI-81008,2026-06-22 09:51:00,2404945.94,CRC,deposito,sucursal,SJ-001,Préstamo Hipotecario
TXN-00004728,CTA-518514,CLI-22432,2026-06-09 07:09:00,4415347.99,CRC,retiro,sinpe,CA-001,Cuenta Corriente
TXN-00004729,CTA-365870,CLI-57699,2026-06-06 19:07:00,2460429.31,CRC,comision,sinpe,CA-001,Préstamo Hipotecario
TXN-00004730,CTA-317161,CLI-42566,2026-06-14 13:03:00,3499713.69,CRC,pago,web,SJ-002,Préstamo Hipotecario
TXN-00004731,CTA-827107,CLI-76194,2026-06-21 07:02:00,1672996.1,CRC,deposito,web,SJ-001,Préstamo Hipotecario
TXN-00004732,CTA-890453,CLI-63013,2026-06-04 00:14:00,3140214.55,CRC,transferencia,app_movil,SJ-001,Cuenta Corriente
TXN-00004733,CTA-137552,CLI-69646,2026-06-20 10:44:00,205105.13,CRC,comision,sucursal,HE-001,Préstamo Hipotecario
TXN-00004734,CTA-866248,CLI-45245,2026-06-30 09:02:00,2207395.93,CRC,comision,sucursal,HE-001,Cuenta Corriente
TXN-00004735,CTA-906113,CLI-56041,2026-06-11 09:02:00,2588205.55,CRC,pago,sucursal,HE-001,Préstamo Personal
TXN-00004736,CTA-107590,CLI-48149,2026-06-15 22:52:00,3450809.51,CRC,transferencia,sinpe,HE-001,Cuenta Ahorro
TXN-00004737,CTA-744181,CLI-11296,2026-06-22 19:25:00,2570849.62,CRC,retiro,app_movil,AL-001,Préstamo Personal
TXN-00004738,CTA-924049,CLI-61112,2026-06-26 05:12:00,3959511.51,CRC,transferencia,sucursal,CA-001,Cuenta Corriente
TXN-00004739,CTA-441439,CLI-91811,2026-06-20 11:30:00,3721284.94,CRC,comision,atm,LI-002,Tarjeta Crédito
TXN-00004740,CTA-791000,CLI-85043,2026-06-13 03:48:00,2754578.63,CRC,transferencia,sinpe,SJ-001,Cuenta Ahorro
TXN-00004741,CTA-756006,CLI-14413,2026-06-02 02:09:00,4979245.02,CRC,pago,atm,CA-001,Préstamo Personal
TXN-00004742,CTA-749397,CLI-91919,2026-06-01 05:32:00,773420.9,CRC,deposito,app_movil,LI-001,Tarjeta Crédito
TXN-00004743,CTA-780498,CLI-14949,2026-06-08 05:37:00,4167191.76,CRC,retiro,sinpe,CA-001,Préstamo Hipotecario
TXN-00004744,CTA-329580,CLI-12795,2026-06-30 23:08:00,1906105.9,CRC,comision,sucursal,PU-001,Cuenta Ahorro
TXN-00004745,CTA-103373,CLI-42089,2026-06-17 07:16:00,1763768.5,CRC,deposito,web,PU-001,Préstamo Hipotecario
TXN-00004746,CTA-388545,CLI-17880,2026-06-30 05:57:00,4016426.17,CRC,retiro,web,SJ-002,Cuenta Ahorro
TXN-00004747,CTA-758459,CLI-89856,2026-06-08 10:25:00,588257.55,CRC,transferencia,sucursal,SJ-001,Cuenta Corriente
TXN-00004748,CTA-406400,CLI-26780,2026-06-26 09:57:00,22891.39,CRC,retiro,app_movil,LI-001,Préstamo Hipotecario
TXN-00004749,CTA-826524,CLI-60398,2026-06-07 08:57:00,3790559.52,CRC,comision,sucursal,SJ-001,Cuenta Corriente
TXN-00004750,CTA-134112,CLI-84267,2026-06-14 16:43:00,3909029.03,CRC,retiro,app_movil,SJ-002,Tarjeta Crédito
TXN-00004751,CTA-328080,CLI-77660,2026-06-14 12:45:00,3544373.99,CRC,transferencia,web,HE-001,Préstamo Personal
TXN-00004752,CTA-715422,CLI-78869,2026-06-28 07:21:00,4424996.85,CRC,retiro,atm,LI-002,Tarjeta Crédito
TXN-00004753,CTA-970178,CLI-23759,2026-06-30 00:57:00,1184274.15,CRC,transferencia,app_movil,LI-001,Préstamo Hipotecario
TXN-00004754,CTA-811449,CLI-34614,2026-06-08 03:16:00,727552.92,CRC,comision,sucursal,LI-002,Préstamo Personal
TXN-00004755,CTA-203249,CLI-76118,2026-06-13 11:48:00,2934820.84,CRC,transferencia,sucursal,AL-001,Tarjeta Crédito
TXN-00004756,CTA-911603,CLI-79188,2026-06-17 14:49:00,3428120.09,CRC,comision,app_movil,LI-002,Tarjeta Crédito
TXN-00004757,CTA-638236,CLI-26244,2026-06-16 09:40:00,1219148.13,CRC,comision,web,SJ-001,Préstamo Hipotecario
TXN-00004758,CTA-626183,CLI-69438,2026-06-15 22:38:00,1309747.12,CRC,pago,app_movil,HE-001,Tarjeta Crédito
TXN-00004759,CTA-395409,CLI-86703,2026-06-01 16:16:00,2562981.28,CRC,deposito,atm,HE-001,Cuenta Corriente
TXN-00004760,CTA-402101,CLI-63375,2026-06-24 05:30:00,3272380.99,CRC,transferencia,app_movil,AL-001,Cuenta Ahorro
TXN-00004761,CTA-991996,CLI-64129,2026-06-16 03:06:00,2218654.98,CRC,comision,atm,SJ-001,Tarjeta Crédito
TXN-00004762,CTA-448799,CLI-76624,2026-06-17 00:48:00,1841968.22,CRC,comision,app_movil,CA-001,Cuenta Corriente
TXN-00004763,CTA-568332,CLI-67493,2026-06-24 02:38:00,3320571.79,CRC,transferencia,atm,AL-001,Préstamo Personal
TXN-00004764,CTA-384698,CLI-58772,2026-06-21 13:43:00,4668924.93,CRC,comision,sucursal,LI-002,Tarjeta Crédito
TXN-00004765,CTA-639297,CLI-68638,2026-06-13 22:03:00,631828.95,CRC,retiro,atm,SJ-002,Préstamo Hipotecario
TXN-00004766,CTA-745602,CLI-15051,2026-06-12 07:13:00,2981079.43,CRC,deposito,web,LI-002,Cuenta Corriente
TXN-00004767,CTA-728983,CLI-47251,2026-06-13 23:19:00,4463643.82,CRC,comision,atm,LI-001,Préstamo Hipotecario
TXN-00004768,CTA-854584,CLI-23831,2026-06-19 22:26:00,4482044.56,CRC,pago,web,LI-002,Cuenta Ahorro
TXN-00004769,CTA-791002,CLI-74039,2026-06-09 23:41:00,3940672.49,CRC,deposito,sucursal,LI-001,Tarjeta Crédito
TXN-00004770,CTA-131323,CLI-32119,2026-06-17 13:36:00,1718186.87,CRC,pago,web,CA-001,Préstamo Personal
TXN-00004771,CTA-229944,CLI-30298,2026-06-12 23:49:00,1878644.91,CRC,retiro,web,SJ-001,Cuenta Ahorro
TXN-00004772,CTA-944386,CLI-18225,2026-06-22 23:12:00,1802873.87,CRC,transferencia,atm,PU-001,Cuenta Corriente
TXN-00004773,CTA-620551,CLI-93488,2026-06-29 13:31:00,1382248.84,CRC,deposito,app_movil,CA-001,Tarjeta Crédito
TXN-00004774,CTA-352349,CLI-47983,2026-06-13 21:01:00,1682613.54,CRC,transferencia,atm,LI-001,Préstamo Hipotecario
TXN-00004775,CTA-940349,CLI-34554,2026-06-16 07:13:00,4618236.81,CRC,deposito,web,LI-001,Préstamo Hipotecario
TXN-00004776,CTA-789991,CLI-73393,2026-06-10 18:29:00,1865685.93,CRC,pago,web,CA-001,Préstamo Hipotecario
TXN-00004777,CTA-416168,CLI-86091,2026-06-03 10:56:00,3793379.3,CRC,deposito,app_movil,LI-001,Préstamo Hipotecario
TXN-00004778,CTA-183317,CLI-72082,2026-06-19 23:53:00,1469221.85,CRC,deposito,atm,SJ-001,Tarjeta Crédito
TXN-00004779,CTA-198031,CLI-92017,2026-06-22 11:03:00,3830027.6,CRC,comision,web,LI-001,Préstamo Hipotecario
TXN-00004780,CTA-502354,CLI-16058,2026-06-11 12:52:00,1955454.24,CRC,comision,sucursal,CA-001,Cuenta Corriente
TXN-00004781,CTA-642798,CLI-76346,2026-06-20 03:00:00,2618037.32,CRC,comision,atm,SJ-001,Cuenta Corriente
TXN-00004782,CTA-928433,CLI-82334,2026-06-05 00:06:00,1843400.62,CRC,retiro,sinpe,SJ-001,Cuenta Corriente
TXN-00004783,CTA-314548,CLI-32703,2026-06-05 05:24:00,1847750.83,CRC,deposito,sucursal,SJ-002,Préstamo Personal
TXN-00004784,CTA-842562,CLI-34885,2026-06-13 23:20:00,165858.56,CRC,retiro,sucursal,SJ-001,Préstamo Hipotecario
TXN-00004785,CTA-144632,CLI-34240,2026-06-20 17:25:00,2499371.37,CRC,deposito,sucursal,CA-001,Préstamo Hipotecario
TXN-00004786,CTA-786694,CLI-18229,2026-06-26 12:13:00,2594281.08,CRC,comision,sinpe,LI-002,Préstamo Hipotecario
TXN-00004787,CTA-571643,CLI-78122,2026-06-10 14:44:00,1417349.54,CRC,deposito,web,HE-001,Préstamo Personal
TXN-00004788,CTA-386228,CLI-27709,2026-06-20 16:09:00,1243080.82,CRC,deposito,sinpe,PU-001,Cuenta Ahorro
TXN-00004789,CTA-295399,CLI-63052,2026-06-14 14:33:00,928785.38,CRC,pago,atm,SJ-002,Préstamo Personal
TXN-00004790,CTA-533091,CLI-50233,2026-06-13 15:45:00,3639925.69,CRC,transferencia,app_movil,AL-001,Tarjeta Crédito
TXN-00004791,CTA-902143,CLI-31817,2026-06-22 01:49:00,3832712.95,CRC,pago,sinpe,CA-001,Préstamo Personal
TXN-00004792,CTA-923022,CLI-95354,2026-06-19 11:58:00,2212274.15,CRC,transferencia,sinpe,CA-001,Cuenta Corriente
TXN-00004793,CTA-996257,CLI-49629,2026-06-26 00:22:00,2218690.43,CRC,transferencia,sinpe,LI-002,Préstamo Hipotecario
TXN-00004794,CTA-567522,CLI-96999,2026-06-08 16:20:00,1941463.66,CRC,deposito,atm,HE-001,Tarjeta Crédito
TXN-00004795,CTA-696678,CLI-90819,2026-06-18 11:27:00,4913807.57,CRC,transferencia,sucursal,CA-001,Cuenta Corriente
TXN-00004796,CTA-522969,CLI-50757,2026-06-15 21:12:00,4040623.05,CRC,retiro,sucursal,LI-001,Préstamo Hipotecario
TXN-00004797,CTA-757043,CLI-59657,2026-06-13 16:54:00,4707800.34,CRC,comision,app_movil,SJ-001,Préstamo Hipotecario
TXN-00004798,CTA-717768,CLI-60934,2026-06-26 17:30:00,1342076.59,CRC,pago,web,PU-001,Préstamo Hipotecario
TXN-00004799,CTA-663897,CLI-33863,2026-06-03 21:46:00,3306779.72,CRC,retiro,sinpe,SJ-002,Cuenta Ahorro
TXN-00004800,CTA-687396,CLI-74309,2026-06-12 01:24:00,1332182.09,CRC,retiro,sucursal,AL-001,Cuenta Corriente
TXN-00004801,CTA-609576,CLI-83137,2026-06-11 07:27:00,1039735.94,CRC,transferencia,app_movil,LI-002,Préstamo Personal
TXN-00004802,CTA-615836,CLI-49426,2026-06-03 22:15:00,2573891.02,CRC,comision,atm,CA-001,Préstamo Personal
TXN-00004803,CTA-378392,CLI-53214,2026-06-23 19:42:00,258237.35,CRC,transferencia,sinpe,CA-001,Préstamo Personal
TXN-00004804,CTA-783384,CLI-97305,2026-06-15 19:35:00,3313299.18,CRC,transferencia,web,LI-002,Préstamo Hipotecario
TXN-00004805,CTA-469687,CLI-54213,2026-06-18 12:55:00,271504.55,CRC,deposito,sucursal,SJ-001,Préstamo Personal
TXN-00004806,CTA-373823,CLI-93774,2026-06-29 23:59:00,3258641.03,CRC,transferencia,sinpe,LI-002,Tarjeta Crédito
TXN-00004807,CTA-273653,CLI-71196,2026-06-10 18:39:00,4577526.74,CRC,deposito,atm,PU-001,Préstamo Personal
TXN-00004808,CTA-472382,CLI-35281,2026-06-05 21:16:00,4810681.94,CRC,transferencia,atm,HE-001,Cuenta Ahorro
TXN-00004809,CTA-192044,CLI-99784,2026-06-02 22:12:00,1459904.82,CRC,comision,web,SJ-001,Préstamo Personal
TXN-00004810,CTA-486566,CLI-27994,2026-06-12 09:07:00,3577078.95,CRC,deposito,sucursal,LI-002,Tarjeta Crédito
TXN-00004811,CTA-653313,CLI-55560,2026-06-04 18:27:00,2858674.17,CRC,deposito,atm,SJ-002,Préstamo Personal
TXN-00004812,CTA-431977,CLI-81739,2026-06-18 00:34:00,1177926.73,CRC,transferencia,app_movil,SJ-002,Préstamo Hipotecario
TXN-00004813,CTA-294646,CLI-34353,2026-06-04 23:40:00,4944465.7,CRC,comision,sinpe,HE-001,Préstamo Personal
TXN-00004814,CTA-314760,CLI-34401,2026-06-20 06:22:00,3551377.35,CRC,pago,sinpe,PU-001,Cuenta Corriente
TXN-00004815,CTA-674585,CLI-22555,2026-06-13 16:54:00,1036829.08,CRC,deposito,web,AL-001,Cuenta Corriente
TXN-00004816,CTA-614919,CLI-15664,2026-06-24 00:02:00,3683656.13,CRC,deposito,atm,SJ-002,Cuenta Ahorro
TXN-00004817,CTA-466552,CLI-70178,2026-06-06 18:37:00,2644195.5,CRC,transferencia,sinpe,SJ-002,Préstamo Personal
TXN-00004818,CTA-239151,CLI-72007,2026-06-17 11:14:00,1669427.99,CRC,deposito,sucursal,SJ-001,Tarjeta Crédito
TXN-00004819,CTA-218556,CLI-48001,2026-06-29 01:17:00,479316.9,CRC,retiro,atm,PU-001,Préstamo Hipotecario
TXN-00004820,CTA-106542,CLI-92249,2026-06-09 19:36:00,1561244.14,CRC,pago,web,SJ-001,Tarjeta Crédito
TXN-00004821,CTA-180541,CLI-11420,2026-06-06 14:53:00,201702.31,CRC,comision,sucursal,CA-001,Cuenta Ahorro
TXN-00004822,CTA-577914,CLI-47683,2026-06-05 22:46:00,2749248.54,CRC,transferencia,sucursal,PU-001,Préstamo Personal
TXN-00004823,CTA-350826,CLI-30315,2026-06-06 00:24:00,4991714.28,CRC,deposito,atm,HE-001,Cuenta Ahorro
TXN-00004824,CTA-361001,CLI-21401,2026-06-04 18:18:00,2217905.06,CRC,retiro,web,AL-001,Préstamo Personal
TXN-00004825,CTA-145335,CLI-33007,2026-06-19 17:10:00,1991319.09,CRC,retiro,sucursal,LI-001,Préstamo Personal
TXN-00004826,CTA-456256,CLI-76871,2026-06-04 22:25:00,4840140.97,CRC,deposito,web,PU-001,Cuenta Ahorro
TXN-00004827,CTA-454808,CLI-29633,2026-06-12 09:39:00,1629990.36,CRC,pago,web,LI-002,Cuenta Ahorro
TXN-00004828,CTA-596049,CLI-17529,2026-06-03 11:08:00,2026507.32,CRC,retiro,web,CA-001,Tarjeta Crédito
TXN-00004829,CTA-473551,CLI-99808,2026-06-06 03:08:00,39510.45,CRC,pago,sinpe,SJ-001,Préstamo Personal
TXN-00004830,CTA-434712,CLI-70602,2026-06-02 21:30:00,2895657.45,CRC,deposito,app_movil,PU-001,Cuenta Ahorro
TXN-00004831,CTA-575676,CLI-88489,2026-06-04 18:54:00,4247111.13,CRC,retiro,sucursal,SJ-002,Cuenta Ahorro
TXN-00004832,CTA-340791,CLI-40323,2026-06-17 14:39:00,2872173.7,CRC,deposito,atm,CA-001,Tarjeta Crédito
TXN-00004833,CTA-834908,CLI-51900,2026-06-25 02:36:00,3670645.87,CRC,deposito,web,HE-001,Tarjeta Crédito
TXN-00004834,CTA-709937,CLI-48902,2026-06-22 12:43:00,4482026.02,CRC,retiro,sucursal,SJ-001,Cuenta Corriente
TXN-00004835,CTA-384593,CLI-33152,2026-06-25 00:43:00,161303.99,CRC,pago,atm,CA-001,Préstamo Personal
TXN-00004836,CTA-817340,CLI-53374,2026-06-25 01:04:00,3140772.12,CRC,deposito,sinpe,LI-001,Cuenta Corriente
TXN-00004837,CTA-997784,CLI-95517,2026-06-07 11:50:00,1523631.23,CRC,deposito,atm,SJ-001,Tarjeta Crédito
TXN-00004838,CTA-203312,CLI-16540,2026-06-25 18:36:00,3895510.29,CRC,comision,sucursal,SJ-001,Cuenta Ahorro
TXN-00004839,CTA-858545,CLI-42481,2026-06-13 22:40:00,3873672.32,CRC,retiro,web,PU-001,Cuenta Ahorro
TXN-00004840,CTA-843092,CLI-58274,2026-06-11 20:05:00,1579230.33,CRC,transferencia,sucursal,SJ-001,Préstamo Personal
TXN-00004841,CTA-666502,CLI-46937,2026-06-03 09:49:00,2888616.94,CRC,deposito,web,SJ-001,Tarjeta Crédito
TXN-00004842,CTA-134608,CLI-93858,2026-06-11 14:48:00,4645451.65,CRC,retiro,app_movil,LI-002,Préstamo Personal
TXN-00004843,CTA-216726,CLI-34108,2026-06-01 11:42:00,2204739.82,CRC,transferencia,sinpe,HE-001,Cuenta Ahorro
TXN-00004844,CTA-758071,CLI-84107,2026-06-26 02:42:00,4313179.38,CRC,pago,app_movil,CA-001,Préstamo Personal
TXN-00004845,CTA-213708,CLI-69508,2026-06-30 05:10:00,1904030.52,CRC,pago,sinpe,LI-001,Préstamo Personal
TXN-00004846,CTA-198979,CLI-74694,2026-06-18 01:34:00,1773675.24,CRC,retiro,sinpe,SJ-001,Cuenta Ahorro
TXN-00004847,CTA-818936,CLI-55503,2026-06-02 09:20:00,4905177.59,CRC,transferencia,sinpe,SJ-002,Cuenta Corriente
TXN-00004848,CTA-782056,CLI-19651,2026-06-18 05:20:00,1237496.27,CRC,pago,sinpe,CA-001,Cuenta Ahorro
TXN-00004849,CTA-129286,CLI-78043,2026-06-18 02:27:00,3218272.18,CRC,comision,atm,HE-001,Tarjeta Crédito
TXN-00004850,CTA-852222,CLI-92507,2026-06-02 23:08:00,1752577.23,CRC,transferencia,atm,PU-001,Cuenta Ahorro
TXN-00004851,CTA-486513,CLI-71221,2026-06-16 04:52:00,4657047.18,CRC,deposito,web,CA-001,Préstamo Personal
TXN-00004852,CTA-510997,CLI-33583,2026-06-17 18:41:00,2883169.99,CRC,deposito,web,SJ-001,Préstamo Hipotecario
TXN-00004853,CTA-784251,CLI-33892,2026-06-30 11:49:00,2127467.77,CRC,pago,app_movil,LI-001,Préstamo Hipotecario
TXN-00004854,CTA-234920,CLI-92782,2026-06-08 06:53:00,131320.67,CRC,pago,app_movil,PU-001,Cuenta Corriente
TXN-00004855,CTA-120937,CLI-25406,2026-06-26 12:53:00,2563151.09,CRC,deposito,sinpe,PU-001,Cuenta Ahorro
TXN-00004856,CTA-171306,CLI-87275,2026-06-20 20:14:00,2938587.52,CRC,transferencia,sinpe,SJ-001,Cuenta Corriente
TXN-00004857,CTA-151336,CLI-16421,2026-06-26 07:01:00,3268748.85,CRC,retiro,sucursal,SJ-002,Préstamo Personal
TXN-00004858,CTA-461471,CLI-97598,2026-06-19 11:41:00,2637380.95,CRC,comision,web,AL-001,Préstamo Personal
TXN-00004859,CTA-188737,CLI-46376,2026-06-23 08:14:00,3924688.97,CRC,comision,web,LI-002,Cuenta Ahorro
TXN-00004860,CTA-205441,CLI-23786,2026-06-18 13:17:00,4404825.53,CRC,comision,atm,AL-001,Préstamo Personal
TXN-00004861,CTA-129539,CLI-74337,2026-06-30 11:13:00,1530237.51,CRC,pago,sucursal,PU-001,Tarjeta Crédito
TXN-00004862,CTA-936928,CLI-83784,2026-06-28 01:29:00,1952326.97,CRC,deposito,sinpe,LI-001,Cuenta Ahorro
TXN-00004863,CTA-955590,CLI-25745,2026-06-07 19:04:00,1771151.72,CRC,retiro,atm,SJ-001,Préstamo Personal
TXN-00004864,CTA-866096,CLI-79552,2026-06-11 22:19:00,3985605.81,CRC,comision,sucursal,LI-002,Tarjeta Crédito
TXN-00004865,CTA-210981,CLI-65629,2026-06-03 01:01:00,2480449.52,CRC,pago,atm,SJ-001,Préstamo Hipotecario
TXN-00004866,CTA-667636,CLI-25813,2026-06-19 22:27:00,946494.48,CRC,comision,sucursal,LI-002,Cuenta Corriente
TXN-00004867,CTA-571098,CLI-46982,2026-06-23 07:16:00,1311439.1,CRC,pago,web,LI-002,Préstamo Hipotecario
TXN-00004868,CTA-744055,CLI-91651,2026-06-11 20:47:00,4316718.69,CRC,transferencia,sinpe,LI-001,Tarjeta Crédito
TXN-00004869,CTA-733770,CLI-85849,2026-06-10 20:06:00,1864845.7,CRC,comision,web,CA-001,Cuenta Corriente
TXN-00004870,CTA-137849,CLI-20519,2026-06-09 01:48:00,723832.02,CRC,comision,sucursal,LI-001,Cuenta Corriente
TXN-00004871,CTA-706003,CLI-26133,2026-06-18 07:01:00,2129502.99,CRC,retiro,web,HE-001,Préstamo Personal
TXN-00004872,CTA-713698,CLI-85392,2026-06-06 02:15:00,2843417.85,CRC,retiro,sucursal,SJ-002,Tarjeta Crédito
TXN-00004873,CTA-180008,CLI-42154,2026-06-11 21:01:00,1065224.73,CRC,comision,web,SJ-001,Préstamo Hipotecario
TXN-00004874,CTA-512420,CLI-79516,2026-06-10 20:44:00,1605362.71,CRC,retiro,sinpe,SJ-001,Préstamo Personal
TXN-00004875,CTA-984057,CLI-53448,2026-06-18 00:24:00,1177873.25,CRC,retiro,web,CA-001,Cuenta Ahorro
TXN-00004876,CTA-390209,CLI-81940,2026-06-03 10:10:00,2991516.36,CRC,pago,atm,AL-001,Préstamo Personal
TXN-00004877,CTA-685661,CLI-30662,2026-06-23 22:41:00,569568.15,CRC,pago,sinpe,SJ-002,Préstamo Hipotecario
TXN-00004878,CTA-228157,CLI-69252,2026-06-09 23:08:00,3730296.95,CRC,retiro,sinpe,HE-001,Cuenta Ahorro
TXN-00004879,CTA-186721,CLI-67736,2026-06-06 19:18:00,2895466.65,CRC,pago,sinpe,AL-001,Préstamo Personal
TXN-00004880,CTA-695232,CLI-95330,2026-06-16 06:36:00,3966285.74,CRC,transferencia,web,SJ-001,Tarjeta Crédito
TXN-00004881,CTA-605786,CLI-96529,2026-06-30 07:36:00,1582012.82,CRC,pago,web,SJ-001,Préstamo Hipotecario
TXN-00004882,CTA-177766,CLI-26454,2026-06-04 14:09:00,1503977.29,CRC,transferencia,sucursal,LI-002,Tarjeta Crédito
TXN-00004883,CTA-359664,CLI-75916,2026-06-30 03:51:00,1032772.83,CRC,deposito,app_movil,LI-001,Tarjeta Crédito
TXN-00004884,CTA-716154,CLI-28444,2026-06-23 12:37:00,159256.33,CRC,pago,sucursal,LI-001,Cuenta Corriente
TXN-00004885,CTA-868682,CLI-34654,2026-06-29 04:00:00,2578330.59,CRC,pago,sinpe,HE-001,Tarjeta Crédito
TXN-00004886,CTA-295510,CLI-90191,2026-06-21 12:17:00,4959064.81,CRC,transferencia,sucursal,LI-001,Cuenta Ahorro
TXN-00004887,CTA-495908,CLI-70373,2026-06-27 05:49:00,2035276.31,CRC,deposito,sinpe,SJ-002,Préstamo Hipotecario
TXN-00004888,CTA-700446,CLI-45687,2026-06-15 08:31:00,83846.97,CRC,retiro,sinpe,LI-001,Tarjeta Crédito
TXN-00004889,CTA-851675,CLI-18841,2026-06-13 02:34:00,303156.15,CRC,deposito,atm,SJ-002,Cuenta Ahorro
TXN-00004890,CTA-302324,CLI-55718,2026-06-23 03:41:00,1302952.32,CRC,transferencia,sinpe,LI-002,Cuenta Ahorro
TXN-00004891,CTA-650053,CLI-19306,2026-06-06 05:19:00,534914.3,CRC,comision,sinpe,SJ-001,Préstamo Hipotecario
TXN-00004892,CTA-263183,CLI-92268,2026-06-19 22:00:00,1071425.32,CRC,comision,sucursal,SJ-002,Tarjeta Crédito
TXN-00004893,CTA-421583,CLI-75902,2026-06-21 09:39:00,1051475.9,CRC,deposito,app_movil,LI-001,Cuenta Corriente
TXN-00004894,CTA-297816,CLI-49264,2026-06-15 18:55:00,188881.03,CRC,pago,atm,LI-002,Préstamo Personal
TXN-00004895,CTA-977779,CLI-64006,2026-06-03 10:07:00,4353376.71,CRC,transferencia,sucursal,SJ-002,Préstamo Personal
TXN-00004896,CTA-450563,CLI-52380,2026-06-09 12:39:00,4161016.65,CRC,transferencia,web,HE-001,Cuenta Ahorro
TXN-00004897,CTA-970872,CLI-40214,2026-06-01 03:32:00,4807604.11,CRC,transferencia,atm,AL-001,Préstamo Personal
TXN-00004898,CTA-362100,CLI-84660,2026-06-29 08:27:00,721286.03,CRC,transferencia,app_movil,AL-001,Préstamo Personal
TXN-00004899,CTA-409438,CLI-40025,2026-06-04 19:03:00,1231354.23,CRC,transferencia,web,LI-002,Préstamo Personal
TXN-00004900,CTA-371778,CLI-71903,2026-06-03 19:47:00,4166167.88,CRC,deposito,app_movil,LI-001,Préstamo Personal
TXN-00004901,CTA-651015,CLI-20091,2026-06-03 07:24:00,4631762.73,CRC,deposito,web,CA-001,Préstamo Hipotecario
TXN-00004902,CTA-453681,CLI-27493,2026-06-17 06:27:00,1956523.36,CRC,deposito,atm,SJ-002,Cuenta Corriente
TXN-00004903,CTA-273495,CLI-48150,2026-06-09 01:40:00,4563239.53,CRC,deposito,web,SJ-001,Tarjeta Crédito
TXN-00004904,CTA-143626,CLI-89609,2026-06-19 04:12:00,1915465.81,CRC,transferencia,web,SJ-002,Tarjeta Crédito
TXN-00004905,CTA-301059,CLI-38617,2026-06-04 21:49:00,1349793.11,CRC,retiro,web,LI-001,Préstamo Personal
TXN-00004906,CTA-457086,CLI-88286,2026-06-17 08:50:00,703251.66,CRC,deposito,atm,SJ-001,Préstamo Personal
TXN-00004907,CTA-742383,CLI-22963,2026-06-15 12:58:00,2196784.74,CRC,transferencia,web,SJ-002,Préstamo Hipotecario
TXN-00004908,CTA-286310,CLI-49848,2026-06-08 18:09:00,3519745.39,CRC,comision,sucursal,SJ-001,Cuenta Ahorro
TXN-00004909,CTA-207630,CLI-95250,2026-06-04 21:32:00,3215982.0,CRC,transferencia,sucursal,SJ-002,Préstamo Hipotecario
TXN-00004910,CTA-404289,CLI-24438,2026-06-27 12:40:00,2519382.07,CRC,transferencia,app_movil,HE-001,Cuenta Corriente
TXN-00004911,CTA-516045,CLI-85660,2026-06-10 20:21:00,3467143.69,CRC,comision,sucursal,LI-001,Préstamo Hipotecario
TXN-00004912,CTA-532210,CLI-52132,2026-06-06 12:09:00,4273748.66,CRC,retiro,app_movil,HE-001,Cuenta Corriente
TXN-00004913,CTA-416639,CLI-15630,2026-06-08 09:15:00,541255.1,CRC,retiro,app_movil,SJ-001,Préstamo Hipotecario
TXN-00004914,CTA-557011,CLI-91037,2026-06-24 00:47:00,3509502.6,CRC,comision,sinpe,HE-001,Préstamo Hipotecario
TXN-00004915,CTA-411736,CLI-81271,2026-06-18 19:04:00,1820571.59,CRC,deposito,sinpe,PU-001,Cuenta Ahorro
TXN-00004916,CTA-728996,CLI-26334,2026-06-22 02:06:00,4697538.46,CRC,retiro,web,AL-001,Préstamo Personal
TXN-00004917,CTA-427335,CLI-45797,2026-06-15 21:06:00,4565791.27,CRC,comision,app_movil,SJ-002,Tarjeta Crédito
TXN-00004918,CTA-686936,CLI-95803,2026-06-09 17:02:00,3596895.95,CRC,deposito,app_movil,AL-001,Cuenta Corriente
TXN-00004919,CTA-244068,CLI-38538,2026-06-09 16:16:00,2587394.51,CRC,deposito,atm,SJ-001,Préstamo Personal
TXN-00004920,CTA-347277,CLI-47987,2026-06-25 06:51:00,4436169.59,CRC,retiro,sinpe,AL-001,Tarjeta Crédito
TXN-00004921,CTA-861819,CLI-43003,2026-06-01 13:30:00,738609.79,CRC,pago,sucursal,AL-001,Préstamo Personal
TXN-00004922,CTA-918265,CLI-30722,2026-06-22 16:35:00,3149029.78,CRC,deposito,sucursal,SJ-002,Tarjeta Crédito
TXN-00004923,CTA-662976,CLI-65562,2026-06-12 05:40:00,795471.02,CRC,pago,app_movil,HE-001,Préstamo Personal
TXN-00004924,CTA-910295,CLI-27644,2026-06-22 13:49:00,149159.48,CRC,comision,sucursal,PU-001,Préstamo Hipotecario
TXN-00004925,CTA-547329,CLI-61791,2026-06-25 08:38:00,3199318.8,CRC,pago,atm,LI-002,Cuenta Corriente
TXN-00004926,CTA-240607,CLI-19835,2026-06-25 12:49:00,2434487.5,CRC,deposito,web,LI-002,Tarjeta Crédito
TXN-00004927,CTA-154273,CLI-12682,2026-06-09 02:56:00,4214345.91,CRC,retiro,sucursal,HE-001,Cuenta Corriente
TXN-00004928,CTA-805916,CLI-88426,2026-06-17 20:32:00,94331.54,CRC,pago,sucursal,SJ-002,Tarjeta Crédito
TXN-00004929,CTA-291728,CLI-66657,2026-06-22 00:34:00,1723981.9,CRC,transferencia,atm,AL-001,Cuenta Corriente
TXN-00004930,CTA-608974,CLI-66937,2026-06-20 21:10:00,2968045.52,CRC,retiro,sinpe,CA-001,Préstamo Hipotecario
TXN-00004931,CTA-789506,CLI-23552,2026-06-15 12:30:00,1098432.69,CRC,comision,sucursal,AL-001,Préstamo Hipotecario
TXN-00004932,CTA-779586,CLI-35127,2026-06-27 05:45:00,4539270.45,CRC,retiro,web,CA-001,Préstamo Hipotecario
TXN-00004933,CTA-601328,CLI-15207,2026-06-30 14:58:00,2580348.25,CRC,transferencia,sucursal,PU-001,Cuenta Ahorro
TXN-00004934,CTA-342205,CLI-20364,2026-06-17 00:47:00,3866591.56,CRC,comision,sinpe,LI-002,Préstamo Hipotecario
TXN-00004935,CTA-184560,CLI-65886,2026-06-17 17:05:00,354811.83,CRC,comision,sinpe,CA-001,Cuenta Ahorro
TXN-00004936,CTA-427639,CLI-71286,2026-06-04 16:20:00,1594423.67,CRC,deposito,atm,CA-001,Cuenta Corriente
TXN-00004937,CTA-493170,CLI-10803,2026-06-22 08:34:00,2478595.52,CRC,comision,sinpe,SJ-001,Tarjeta Crédito
TXN-00004938,CTA-739024,CLI-90210,2026-06-26 18:35:00,3293454.06,CRC,pago,sucursal,HE-001,Tarjeta Crédito
TXN-00004939,CTA-838563,CLI-64342,2026-06-21 18:08:00,2523339.3,CRC,retiro,app_movil,PU-001,Cuenta Ahorro
TXN-00004940,CTA-706916,CLI-56976,2026-06-25 21:17:00,4059521.31,CRC,deposito,sinpe,SJ-001,Tarjeta Crédito
TXN-00004941,CTA-391403,CLI-32454,2026-06-26 03:25:00,3699500.33,CRC,retiro,atm,HE-001,Préstamo Hipotecario
TXN-00004942,CTA-956824,CLI-34763,2026-06-16 03:31:00,505007.29,CRC,deposito,atm,LI-001,Préstamo Hipotecario
TXN-00004943,CTA-710098,CLI-64194,2026-06-04 01:31:00,1471432.18,CRC,retiro,atm,LI-001,Cuenta Corriente
TXN-00004944,CTA-622069,CLI-50451,2026-06-05 12:40:00,2983655.03,CRC,transferencia,app_movil,SJ-001,Cuenta Ahorro
TXN-00004945,CTA-472749,CLI-89351,2026-06-20 12:27:00,2010112.06,CRC,deposito,atm,CA-001,Cuenta Corriente
TXN-00004946,CTA-620751,CLI-28659,2026-06-12 11:02:00,2456690.31,CRC,retiro,sucursal,SJ-002,Tarjeta Crédito
TXN-00004947,CTA-610514,CLI-75841,2026-06-07 02:42:00,4330996.99,CRC,pago,app_movil,PU-001,Cuenta Ahorro
TXN-00004948,CTA-671466,CLI-24684,2026-06-08 20:24:00,3166871.42,CRC,retiro,sinpe,CA-001,Cuenta Corriente
TXN-00004949,CTA-651894,CLI-91538,2026-06-21 02:04:00,4434328.09,CRC,comision,sucursal,SJ-002,Tarjeta Crédito
TXN-00004950,CTA-992976,CLI-51963,2026-06-14 23:33:00,3708876.18,CRC,retiro,app_movil,LI-002,Cuenta Corriente
TXN-00004951,CTA-709583,CLI-65458,2026-06-08 08:06:00,3746273.24,CRC,retiro,web,LI-002,Cuenta Ahorro
TXN-00004952,CTA-982127,CLI-36980,2026-06-04 04:49:00,1529760.25,CRC,retiro,app_movil,SJ-002,Cuenta Corriente
TXN-00004953,CTA-352431,CLI-17056,2026-06-25 08:24:00,810707.64,CRC,pago,atm,PU-001,Préstamo Hipotecario
TXN-00004954,CTA-953581,CLI-79802,2026-06-12 19:21:00,134728.5,CRC,deposito,sinpe,SJ-001,Cuenta Corriente
TXN-00004955,CTA-490304,CLI-22147,2026-06-12 01:55:00,1489903.63,CRC,deposito,app_movil,PU-001,Cuenta Ahorro
TXN-00004956,CTA-840737,CLI-43138,2026-06-04 01:58:00,1523453.16,CRC,deposito,sinpe,AL-001,Cuenta Corriente
TXN-00004957,CTA-374507,CLI-65398,2026-06-21 09:03:00,674445.14,CRC,deposito,web,SJ-001,Préstamo Hipotecario
TXN-00004958,CTA-763052,CLI-35108,2026-06-22 10:00:00,3208005.89,CRC,retiro,app_movil,LI-002,Tarjeta Crédito
TXN-00004959,CTA-995521,CLI-11408,2026-06-26 20:16:00,4309533.11,CRC,retiro,sucursal,LI-002,Cuenta Corriente
TXN-00004960,CTA-796560,CLI-74956,2026-06-13 17:56:00,3221491.93,CRC,transferencia,sucursal,CA-001,Cuenta Ahorro
TXN-00004961,CTA-145495,CLI-63917,2026-06-14 23:05:00,649416.77,CRC,transferencia,app_movil,HE-001,Cuenta Corriente
TXN-00004962,CTA-102038,CLI-18603,2026-06-01 22:43:00,4217433.91,CRC,deposito,atm,HE-001,Cuenta Corriente
TXN-00004963,CTA-484184,CLI-53772,2026-06-10 01:39:00,1172830.14,CRC,pago,sinpe,SJ-002,Tarjeta Crédito
TXN-00004964,CTA-896749,CLI-29233,2026-06-07 01:26:00,3604037.56,CRC,retiro,sucursal,SJ-001,Préstamo Hipotecario
TXN-00004965,CTA-826085,CLI-70850,2026-06-17 06:18:00,3775347.77,CRC,retiro,app_movil,PU-001,Préstamo Personal
TXN-00004966,CTA-939634,CLI-88631,2026-06-18 04:37:00,3554153.57,CRC,comision,sinpe,SJ-002,Préstamo Hipotecario
TXN-00004967,CTA-599249,CLI-67403,2026-06-23 14:39:00,2456041.53,CRC,transferencia,app_movil,LI-002,Cuenta Ahorro
TXN-00004968,CTA-180170,CLI-26881,2026-06-23 18:14:00,2324131.71,CRC,retiro,sinpe,LI-002,Préstamo Hipotecario
TXN-00004969,CTA-774468,CLI-93343,2026-06-04 19:46:00,3074005.83,CRC,retiro,app_movil,CA-001,Tarjeta Crédito
TXN-00004970,CTA-388264,CLI-57349,2026-06-24 01:25:00,1124898.51,CRC,deposito,sinpe,LI-002,Tarjeta Crédito
TXN-00004971,CTA-529799,CLI-76821,2026-06-15 12:31:00,3696580.07,CRC,deposito,web,LI-001,Cuenta Ahorro
TXN-00004972,CTA-818894,CLI-14013,2026-06-13 18:26:00,2693216.15,CRC,pago,sinpe,SJ-002,Préstamo Personal
TXN-00004973,CTA-764463,CLI-24017,2026-06-15 04:27:00,1240627.34,CRC,transferencia,web,SJ-001,Tarjeta Crédito
TXN-00004974,CTA-696354,CLI-23899,2026-06-24 05:03:00,3099462.3,CRC,comision,atm,LI-001,Cuenta Ahorro
TXN-00004975,CTA-392476,CLI-50064,2026-06-18 19:24:00,165807.97,CRC,comision,sucursal,AL-001,Cuenta Ahorro
TXN-00004976,CTA-807025,CLI-83864,2026-06-27 13:22:00,2240843.41,CRC,transferencia,atm,AL-001,Cuenta Corriente
TXN-00004977,CTA-988605,CLI-65112,2026-06-19 16:27:00,2583294.01,CRC,pago,app_movil,CA-001,Cuenta Ahorro
TXN-00004978,CTA-178332,CLI-56545,2026-06-03 11:34:00,4817706.03,CRC,retiro,web,LI-002,Préstamo Hipotecario
TXN-00004979,CTA-820144,CLI-55398,2026-06-30 21:19:00,930371.06,CRC,transferencia,atm,HE-001,Tarjeta Crédito
TXN-00004980,CTA-896205,CLI-14720,2026-06-10 23:15:00,1335633.36,CRC,pago,sinpe,LI-001,Préstamo Hipotecario
TXN-00004981,CTA-627785,CLI-78895,2026-06-19 19:18:00,2340452.48,CRC,comision,sinpe,LI-002,Cuenta Ahorro
TXN-00004982,CTA-937872,CLI-23874,2026-06-30 07:47:00,4874797.88,CRC,deposito,app_movil,AL-001,Préstamo Personal
TXN-00004983,CTA-122716,CLI-91074,2026-06-07 08:44:00,4627908.37,CRC,transferencia,web,SJ-001,Cuenta Corriente
TXN-00004984,CTA-210782,CLI-68142,2026-06-06 16:18:00,1475930.77,CRC,transferencia,web,AL-001,Préstamo Hipotecario
TXN-00004985,CTA-124102,CLI-50714,2026-06-01 17:03:00,474797.01,CRC,comision,web,HE-001,Préstamo Personal
TXN-00004986,CTA-369601,CLI-45837,2026-06-23 00:05:00,2609561.48,CRC,retiro,web,SJ-002,Cuenta Ahorro
TXN-00004987,CTA-621734,CLI-17771,2026-06-14 07:19:00,4118804.4,CRC,transferencia,sinpe,HE-001,Préstamo Hipotecario
TXN-00004988,CTA-944318,CLI-12054,2026-06-19 20:39:00,411739.02,CRC,deposito,sinpe,LI-002,Préstamo Personal
TXN-00004989,CTA-264658,CLI-52768,2026-06-22 05:12:00,1155421.47,CRC,pago,app_movil,SJ-001,Tarjeta Crédito
TXN-00004990,CTA-130564,CLI-70762,2026-06-14 08:51:00,3929365.42,CRC,retiro,sucursal,CA-001,Tarjeta Crédito
TXN-00004991,CTA-693803,CLI-90421,2026-06-18 02:55:00,3863616.39,CRC,pago,atm,PU-001,Préstamo Hipotecario
TXN-00004992,CTA-159818,CLI-44181,2026-06-03 17:21:00,3195797.05,CRC,retiro,sinpe,CA-001,Cuenta Corriente
TXN-00004993,CTA-876665,CLI-75563,2026-06-22 02:51:00,3122013.92,CRC,comision,sinpe,LI-002,Cuenta Ahorro
TXN-00004994,CTA-268657,CLI-47175,2026-06-12 21:12:00,4207562.87,CRC,pago,app_movil,PU-001,Tarjeta Crédito
TXN-00004995,CTA-813123,CLI-35119,2026-06-25 00:03:00,527305.24,CRC,deposito,app_movil,SJ-002,Préstamo Hipotecario
TXN-00004996,CTA-359481,CLI-20975,2026-06-20 09:18:00,1226059.99,CRC,transferencia,atm,HE-001,Préstamo Personal
TXN-00004997,CTA-230755,CLI-31764,2026-06-17 21:52:00,2551012.68,CRC,pago,atm,SJ-002,Préstamo Hipotecario
TXN-00004998,CTA-357667,CLI-45550,2026-06-04 16:07:00,285290.63,CRC,retiro,web,LI-002,Tarjeta Crédito
TXN-00004999,CTA-499856,CLI-99473,2026-06-10 00:03:00,1771144.54,CRC,pago,atm,AL-001,Cuenta Corriente
TXN-00005000,CTA-430513,CLI-21981,2026-06-16 01:06:00,1900332.67,CRC,retiro,sucursal,CA-001,Cuenta Corriente
