transaccion_id,cuenta_id,cliente_id,fecha_hora,monto,moneda,tipo_transaccion,canal,sucursal_id,producto
TXN-00015001,CTA-443617,CLI-91256,2026-06-12 09:08:00,1379134.34,CRC,deposito,sucursal,LI-002,Cuenta Corriente
TXN-00015002,CTA-196771,CLI-33346,2026-06-20 00:33:00,2542061.45,CRC,comision,sinpe,CA-001,Préstamo Personal
TXN-00015003,CTA-661855,CLI-10015,2026-06-04 08:23:00,4067120.62,CRC,comision,sucursal,HE-001,Tarjeta Crédito
TXN-00015004,CTA-976371,CLI-44271,2026-06-26 02:39:00,4622879.1,CRC,transferencia,web,LI-001,Tarjeta Crédito
TXN-00015005,CTA-882245,CLI-41545,2026-06-27 01:32:00,2302423.54,CRC,comision,sinpe,HE-001,Cuenta Corriente
TXN-00015006,CTA-384229,CLI-12448,2026-06-09 07:56:00,1523183.32,CRC,comision,web,LI-001,Préstamo Hipotecario
TXN-00015007,CTA-606962,CLI-67528,2026-06-28 03:17:00,4493822.03,CRC,transferencia,atm,SJ-002,Tarjeta Crédito
TXN-00015008,CTA-735141,CLI-43164,2026-06-18 05:27:00,3797611.93,CRC,retiro,app_movil,LI-002,Tarjeta Crédito
TXN-00015009,CTA-961573,CLI-91117,2026-06-26 21:47:00,2924582.42,CRC,transferencia,sinpe,SJ-001,Tarjeta Crédito
TXN-00015010,CTA-959878,CLI-18157,2026-06-30 08:04:00,1258074.63,CRC,transferencia,web,HE-001,Tarjeta Crédito
TXN-00015011,CTA-745685,CLI-74652,2026-06-17 14:30:00,3831638.69,CRC,deposito,web,LI-001,Cuenta Corriente
TXN-00015012,CTA-873241,CLI-26192,2026-06-25 11:49:00,1143260.96,CRC,retiro,app_movil,AL-001,Cuenta Corriente
TXN-00015013,CTA-482621,CLI-28291,2026-06-23 09:18:00,3689545.16,CRC,pago,web,SJ-002,Préstamo Hipotecario
TXN-00015014,CTA-497482,CLI-94319,2026-06-23 01:58:00,845529.05,CRC,comision,atm,SJ-001,Tarjeta Crédito
TXN-00015015,CTA-236941,CLI-39718,2026-06-03 13:57:00,2424855.14,CRC,transferencia,sinpe,AL-001,Préstamo Hipotecario
TXN-00015016,CTA-262946,CLI-23860,2026-06-03 20:15:00,1912032.49,CRC,comision,app_movil,AL-001,Préstamo Hipotecario
TXN-00015017,CTA-414326,CLI-13599,2026-06-26 09:38:00,4764224.74,CRC,pago,web,AL-001,Préstamo Hipotecario
TXN-00015018,CTA-680998,CLI-61160,2026-06-20 06:24:00,3365709.93,CRC,retiro,web,LI-001,Tarjeta Crédito
TXN-00015019,CTA-383418,CLI-91491,2026-06-15 05:59:00,4676258.57,CRC,pago,web,LI-001,Cuenta Corriente
TXN-00015020,CTA-121506,CLI-63133,2026-06-19 07:30:00,2651849.56,CRC,transferencia,web,SJ-001,Cuenta Ahorro
TXN-00015021,CTA-842260,CLI-20596,2026-06-14 17:17:00,636655.13,CRC,retiro,app_movil,AL-001,Tarjeta Crédito
TXN-00015022,CTA-693770,CLI-16214,2026-06-16 02:42:00,4171519.71,CRC,retiro,sucursal,SJ-001,Cuenta Corriente
TXN-00015023,CTA-104015,CLI-43841,2026-06-21 13:09:00,4952383.55,CRC,comision,app_movil,LI-001,Préstamo Personal
TXN-00015024,CTA-153851,CLI-43010,2026-06-25 21:20:00,741657.72,CRC,deposito,sinpe,HE-001,Préstamo Hipotecario
TXN-00015025,CTA-349427,CLI-63798,2026-06-28 23:35:00,1789270.16,CRC,transferencia,sinpe,LI-002,Préstamo Hipotecario
TXN-00015026,CTA-354612,CLI-31325,2026-06-29 00:25:00,1520333.54,CRC,retiro,atm,PU-001,Préstamo Hipotecario
TXN-00015027,CTA-963211,CLI-85885,2026-06-03 07:49:00,4507461.61,CRC,retiro,web,SJ-002,Cuenta Ahorro
TXN-00015028,CTA-410555,CLI-17848,2026-06-16 07:44:00,2325128.37,CRC,comision,app_movil,HE-001,Préstamo Personal
TXN-00015029,CTA-275262,CLI-41661,2026-06-11 19:30:00,3317976.69,CRC,comision,sucursal,AL-001,Préstamo Personal
TXN-00015030,CTA-182663,CLI-34097,2026-06-20 17:00:00,2016679.53,CRC,comision,sinpe,HE-001,Préstamo Hipotecario
TXN-00015031,CTA-157068,CLI-72269,2026-06-14 23:50:00,4713487.95,CRC,comision,atm,HE-001,Préstamo Hipotecario
TXN-00015032,CTA-751034,CLI-63096,2026-06-01 02:42:00,3683414.41,CRC,transferencia,sinpe,AL-001,Cuenta Corriente
TXN-00015033,CTA-233675,CLI-22676,2026-06-22 20:57:00,404621.62,CRC,transferencia,sucursal,PU-001,Cuenta Corriente
TXN-00015034,CTA-871984,CLI-37832,2026-06-01 05:40:00,4513144.41,CRC,deposito,web,AL-001,Préstamo Personal
TXN-00015035,CTA-824329,CLI-40728,2026-06-29 21:05:00,3475746.59,CRC,comision,app_movil,PU-001,Cuenta Ahorro
TXN-00015036,CTA-424135,CLI-38315,2026-06-21 07:12:00,1719680.81,CRC,deposito,sinpe,LI-002,Préstamo Hipotecario
TXN-00015037,CTA-926599,CLI-23588,2026-06-08 19:53:00,559292.21,CRC,retiro,web,HE-001,Préstamo Hipotecario
TXN-00015038,CTA-790342,CLI-43766,2026-06-27 02:51:00,2954424.52,CRC,transferencia,atm,LI-002,Préstamo Personal
TXN-00015039,CTA-357228,CLI-79304,2026-06-14 06:15:00,2474909.91,CRC,deposito,web,CA-001,Préstamo Personal
TXN-00015040,CTA-421188,CLI-31340,2026-06-13 21:14:00,3128117.49,CRC,pago,web,LI-002,Préstamo Hipotecario
TXN-00015041,CTA-411341,CLI-59877,2026-06-17 19:32:00,4880368.99,CRC,deposito,sucursal,LI-001,Tarjeta Crédito
TXN-00015042,CTA-107553,CLI-76391,2026-06-14 09:35:00,1776019.58,CRC,pago,sinpe,PU-001,Cuenta Ahorro
TXN-00015043,CTA-215421,CLI-34849,2026-06-06 00:02:00,3128943.4,CRC,transferencia,sucursal,PU-001,Préstamo Personal
TXN-00015044,CTA-743064,CLI-23509,2026-06-15 00:30:00,4454085.11,CRC,transferencia,atm,AL-001,Cuenta Ahorro
TXN-00015045,CTA-664048,CLI-13814,2026-06-09 21:47:00,1301293.12,CRC,comision,web,LI-002,Préstamo Personal
TXN-00015046,CTA-176472,CLI-97887,2026-06-01 06:40:00,2021283.23,CRC,comision,atm,SJ-001,Cuenta Ahorro
TXN-00015047,CTA-192061,CLI-74427,2026-06-14 09:53:00,4027627.65,CRC,comision,sucursal,LI-001,Préstamo Hipotecario
TXN-00015048,CTA-239534,CLI-84142,2026-06-19 16:44:00,2221181.52,CRC,deposito,sinpe,LI-002,Préstamo Hipotecario
TXN-00015049,CTA-563360,CLI-60370,2026-06-14 10:03:00,968687.02,CRC,pago,sucursal,HE-001,Préstamo Personal
TXN-00015050,CTA-509538,CLI-48059,2026-06-22 05:51:00,4078075.03,CRC,deposito,sinpe,AL-001,Cuenta Ahorro
TXN-00015051,CTA-748409,CLI-28534,2026-06-07 16:30:00,1179038.81,CRC,pago,sinpe,AL-001,Cuenta Corriente
TXN-00015052,CTA-936104,CLI-21766,2026-06-10 22:23:00,791824.13,CRC,deposito,sinpe,AL-001,Préstamo Hipotecario
TXN-00015053,CTA-247971,CLI-93404,2026-06-10 23:57:00,1456361.3,CRC,pago,atm,AL-001,Préstamo Personal
TXN-00015054,CTA-683452,CLI-69674,2026-06-08 10:55:00,158637.37,CRC,pago,atm,HE-001,Préstamo Personal
TXN-00015055,CTA-725341,CLI-56580,2026-06-14 13:55:00,2116045.34,CRC,comision,sucursal,HE-001,Cuenta Corriente
TXN-00015056,CTA-733232,CLI-78677,2026-06-03 05:06:00,3969833.54,CRC,transferencia,sinpe,PU-001,Préstamo Hipotecario
TXN-00015057,CTA-323698,CLI-78376,2026-06-20 22:23:00,4281112.3,CRC,deposito,app_movil,SJ-002,Cuenta Corriente
TXN-00015058,CTA-730221,CLI-92496,2026-06-25 02:23:00,1393879.24,CRC,retiro,sucursal,HE-001,Cuenta Ahorro
TXN-00015059,CTA-868994,CLI-14609,2026-06-20 12:11:00,4561959.52,CRC,comision,app_movil,LI-001,Tarjeta Crédito
TXN-00015060,CTA-319552,CLI-14099,2026-06-12 08:32:00,4969011.94,CRC,deposito,web,HE-001,Préstamo Personal
TXN-00015061,CTA-589731,CLI-39529,2026-06-08 18:22:00,228944.62,CRC,comision,sucursal,LI-001,Cuenta Corriente
TXN-00015062,CTA-199962,CLI-55092,2026-06-24 19:34:00,2176929.44,CRC,pago,sucursal,CA-001,Cuenta Ahorro
TXN-00015063,CTA-604440,CLI-97579,2026-06-25 01:04:00,249917.05,CRC,deposito,sucursal,LI-002,Cuenta Ahorro
TXN-00015064,CTA-808539,CLI-44834,2026-06-20 18:15:00,4730129.03,CRC,comision,atm,AL-001,Préstamo Personal
TXN-00015065,CTA-102859,CLI-24817,2026-06-07 20:53:00,1828584.17,CRC,comision,sinpe,PU-001,Tarjeta Crédito
TXN-00015066,CTA-382001,CLI-57937,2026-06-02 22:39:00,1240009.65,CRC,retiro,atm,LI-001,Tarjeta Crédito
TXN-00015067,CTA-877285,CLI-31890,2026-06-10 06:40:00,882240.18,CRC,comision,app_movil,PU-001,Préstamo Hipotecario
TXN-00015068,CTA-186937,CLI-43962,2026-06-10 15:27:00,1825369.3,CRC,deposito,app_movil,LI-002,Tarjeta Crédito
TXN-00015069,CTA-380304,CLI-32686,2026-06-25 03:03:00,813350.59,CRC,comision,app_movil,LI-002,Préstamo Personal
TXN-00015070,CTA-862301,CLI-77750,2026-06-13 04:03:00,1115511.04,CRC,comision,sucursal,CA-001,Préstamo Personal
TXN-00015071,CTA-302789,CLI-25688,2026-06-15 10:13:00,861899.43,CRC,comision,sucursal,PU-001,Préstamo Hipotecario
TXN-00015072,CTA-169679,CLI-53344,2026-06-29 02:04:00,3737099.79,CRC,deposito,atm,AL-001,Cuenta Corriente
TXN-00015073,CTA-526183,CLI-81374,2026-06-07 04:32:00,1698041.44,CRC,transferencia,sinpe,SJ-002,Préstamo Hipotecario
TXN-00015074,CTA-880750,CLI-58830,2026-06-08 04:42:00,1545837.25,CRC,deposito,sucursal,SJ-002,Préstamo Hipotecario
TXN-00015075,CTA-526673,CLI-64586,2026-06-13 01:37:00,4578367.37,CRC,comision,app_movil,AL-001,Préstamo Hipotecario
TXN-00015076,CTA-533889,CLI-43677,2026-06-23 20:31:00,841628.85,CRC,deposito,atm,PU-001,Préstamo Hipotecario
TXN-00015077,CTA-428206,CLI-15817,2026-06-07 04:57:00,2048433.45,CRC,comision,sucursal,AL-001,Tarjeta Crédito
TXN-00015078,CTA-219179,CLI-76404,2026-06-24 12:35:00,2394897.97,CRC,transferencia,web,AL-001,Préstamo Personal
TXN-00015079,CTA-252043,CLI-68394,2026-06-03 12:08:00,4319292.45,CRC,retiro,sinpe,LI-002,Préstamo Personal
TXN-00015080,CTA-178677,CLI-33020,2026-06-15 01:44:00,280104.53,CRC,deposito,web,HE-001,Cuenta Corriente
TXN-00015081,CTA-554302,CLI-54873,2026-06-01 10:38:00,90388.03,CRC,transferencia,sinpe,PU-001,Préstamo Hipotecario
TXN-00015082,CTA-880584,CLI-60274,2026-06-24 20:58:00,4615362.6,CRC,comision,atm,HE-001,Cuenta Ahorro
TXN-00015083,CTA-182005,CLI-39485,2026-06-08 16:34:00,2669300.22,CRC,transferencia,app_movil,SJ-002,Cuenta Corriente
TXN-00015084,CTA-653949,CLI-20203,2026-06-15 17:55:00,129851.63,CRC,retiro,sucursal,LI-002,Préstamo Personal
TXN-00015085,CTA-571638,CLI-66890,2026-06-09 10:29:00,1804341.83,CRC,deposito,app_movil,HE-001,Préstamo Personal
TXN-00015086,CTA-991960,CLI-98253,2026-06-30 13:04:00,4303586.69,CRC,comision,web,LI-001,Cuenta Ahorro
TXN-00015087,CTA-102144,CLI-83597,2026-06-24 15:33:00,4392254.73,CRC,comision,sucursal,SJ-001,Préstamo Hipotecario
TXN-00015088,CTA-841423,CLI-96574,2026-06-29 09:53:00,4573935.69,CRC,transferencia,web,CA-001,Cuenta Ahorro
TXN-00015089,CTA-914316,CLI-53472,2026-06-28 07:16:00,992537.08,CRC,retiro,web,AL-001,Tarjeta Crédito
TXN-00015090,CTA-140765,CLI-41721,2026-06-11 17:09:00,436915.85,CRC,retiro,sucursal,PU-001,Tarjeta Crédito
TXN-00015091,CTA-838667,CLI-36824,2026-06-19 15:31:00,2586968.37,CRC,pago,sinpe,HE-001,Tarjeta Crédito
TXN-00015092,CTA-822572,CLI-66169,2026-06-10 20:31:00,4664239.03,CRC,transferencia,app_movil,LI-002,Préstamo Personal
TXN-00015093,CTA-365524,CLI-55810,2026-06-30 19:33:00,631182.01,CRC,deposito,app_movil,SJ-002,Tarjeta Crédito
TXN-00015094,CTA-606652,CLI-94750,2026-06-16 10:14:00,2337146.05,CRC,transferencia,web,SJ-002,Tarjeta Crédito
TXN-00015095,CTA-556057,CLI-58762,2026-06-07 11:37:00,553668.67,CRC,pago,app_movil,LI-001,Préstamo Hipotecario
TXN-00015096,CTA-805423,CLI-80862,2026-06-07 20:46:00,839482.55,CRC,deposito,app_movil,AL-001,Préstamo Personal
TXN-00015097,CTA-297039,CLI-39933,2026-06-10 23:54:00,2141655.76,CRC,retiro,sinpe,CA-001,Cuenta Corriente
TXN-00015098,CTA-280985,CLI-49646,2026-06-07 04:54:00,3745648.21,CRC,pago,sucursal,AL-001,Préstamo Personal
TXN-00015099,CTA-100557,CLI-17428,2026-06-06 09:37:00,4102431.72,CRC,pago,app_movil,SJ-002,Préstamo Personal
TXN-00015100,CTA-605777,CLI-90519,2026-06-27 18:58:00,2296112.41,CRC,transferencia,sucursal,SJ-002,Préstamo Personal
TXN-00015101,CTA-122674,CLI-27371,2026-06-26 12:03:00,3818237.1,CRC,comision,sinpe,LI-002,Préstamo Hipotecario
TXN-00015102,CTA-605573,CLI-93660,2026-06-23 03:02:00,2419061.43,CRC,pago,web,LI-002,Tarjeta Crédito
TXN-00015103,CTA-619008,CLI-52215,2026-06-03 06:03:00,2137639.49,CRC,retiro,sinpe,LI-001,Tarjeta Crédito
TXN-00015104,CTA-103144,CLI-35353,2026-06-06 22:10:00,1447315.68,CRC,pago,sucursal,LI-002,Tarjeta Crédito
TXN-00015105,CTA-687172,CLI-44258,2026-06-09 21:59:00,1481536.83,CRC,transferencia,web,AL-001,Cuenta Corriente
TXN-00015106,CTA-594181,CLI-95142,2026-06-05 07:51:00,4263900.14,CRC,deposito,sucursal,PU-001,Préstamo Hipotecario
TXN-00015107,CTA-625697,CLI-35936,2026-06-16 20:03:00,4493457.0,CRC,retiro,atm,HE-001,Préstamo Hipotecario
TXN-00015108,CTA-568931,CLI-85135,2026-06-07 22:16:00,4051135.91,CRC,deposito,sinpe,CA-001,Cuenta Ahorro
TXN-00015109,CTA-256290,CLI-87614,2026-06-05 13:46:00,906029.87,CRC,retiro,sinpe,SJ-002,Tarjeta Crédito
TXN-00015110,CTA-255139,CLI-68753,2026-06-06 09:37:00,1913962.41,CRC,pago,app_movil,HE-001,Cuenta Ahorro
TXN-00015111,CTA-306977,CLI-12598,2026-06-26 03:31:00,3413443.0,CRC,pago,web,SJ-001,Cuenta Ahorro
TXN-00015112,CTA-669260,CLI-18259,2026-06-24 03:43:00,2469273.06,CRC,pago,app_movil,SJ-002,Cuenta Ahorro
TXN-00015113,CTA-895431,CLI-20183,2026-06-05 05:59:00,4847806.53,CRC,comision,sinpe,HE-001,Cuenta Corriente
TXN-00015114,CTA-817186,CLI-90307,2026-06-20 09:24:00,2401700.1,CRC,pago,web,PU-001,Cuenta Corriente
TXN-00015115,CTA-472042,CLI-62587,2026-06-11 09:49:00,4370627.23,CRC,retiro,sinpe,AL-001,Cuenta Ahorro
TXN-00015116,CTA-608391,CLI-18444,2026-06-24 22:11:00,1199979.41,CRC,deposito,web,AL-001,Cuenta Corriente
TXN-00015117,CTA-933270,CLI-51444,2026-06-10 23:23:00,2981823.73,CRC,comision,sucursal,HE-001,Préstamo Hipotecario
TXN-00015118,CTA-240138,CLI-16164,2026-06-06 13:29:00,2424526.36,CRC,comision,sinpe,SJ-001,Préstamo Hipotecario
TXN-00015119,CTA-362199,CLI-79627,2026-06-02 08:07:00,404449.44,CRC,comision,atm,LI-002,Préstamo Personal
TXN-00015120,CTA-946150,CLI-31213,2026-06-20 05:50:00,2133003.26,CRC,transferencia,app_movil,SJ-001,Tarjeta Crédito
TXN-00015121,CTA-743573,CLI-43401,2026-06-19 11:30:00,1886588.94,CRC,pago,atm,LI-002,Cuenta Ahorro
TXN-00015122,CTA-465121,CLI-43733,2026-06-10 09:05:00,1904781.03,CRC,pago,sucursal,SJ-001,Préstamo Hipotecario
TXN-00015123,CTA-749380,CLI-72271,2026-06-18 02:31:00,4668209.53,CRC,comision,atm,SJ-001,Cuenta Ahorro
TXN-00015124,CTA-291106,CLI-19815,2026-06-30 11:27:00,4470626.11,CRC,transferencia,sucursal,LI-001,Préstamo Personal
TXN-00015125,CTA-262184,CLI-51293,2026-06-24 02:58:00,611863.67,CRC,comision,app_movil,LI-001,Cuenta Corriente
TXN-00015126,CTA-763838,CLI-75317,2026-06-22 19:43:00,227846.84,CRC,retiro,sinpe,SJ-002,Tarjeta Crédito
TXN-00015127,CTA-254054,CLI-75942,2026-06-04 15:30:00,1151652.83,CRC,deposito,atm,LI-002,Cuenta Ahorro
TXN-00015128,CTA-143365,CLI-16740,2026-06-07 11:07:00,963168.35,CRC,transferencia,web,HE-001,Cuenta Corriente
TXN-00015129,CTA-205234,CLI-87761,2026-06-22 17:36:00,3150322.4,CRC,pago,sinpe,LI-001,Préstamo Personal
TXN-00015130,CTA-535393,CLI-68840,2026-06-06 00:06:00,4773054.48,CRC,deposito,atm,LI-002,Cuenta Ahorro
TXN-00015131,CTA-321613,CLI-27588,2026-06-28 19:35:00,4103460.95,CRC,transferencia,web,SJ-002,Préstamo Personal
TXN-00015132,CTA-931746,CLI-71041,2026-06-19 07:52:00,2536876.63,CRC,comision,sinpe,LI-001,Tarjeta Crédito
TXN-00015133,CTA-759504,CLI-47597,2026-06-23 19:03:00,1293231.62,CRC,comision,web,LI-001,Préstamo Hipotecario
TXN-00015134,CTA-194341,CLI-50716,2026-06-07 21:34:00,1116950.29,CRC,deposito,app_movil,LI-001,Cuenta Ahorro
TXN-00015135,CTA-570691,CLI-44840,2026-06-13 17:40:00,2806263.66,CRC,comision,atm,LI-002,Préstamo Hipotecario
TXN-00015136,CTA-313113,CLI-72607,2026-06-18 16:40:00,691829.68,CRC,comision,app_movil,LI-002,Cuenta Corriente
TXN-00015137,CTA-205728,CLI-22014,2026-06-14 01:34:00,3428816.22,CRC,transferencia,app_movil,SJ-002,Préstamo Hipotecario
TXN-00015138,CTA-317650,CLI-52623,2026-06-13 10:46:00,1898160.66,CRC,deposito,sinpe,SJ-001,Préstamo Personal
TXN-00015139,CTA-559133,CLI-78064,2026-06-26 08:23:00,3665567.57,CRC,pago,sinpe,PU-001,Préstamo Hipotecario
TXN-00015140,CTA-437211,CLI-54139,2026-06-16 20:48:00,3143722.57,CRC,pago,app_movil,CA-001,Tarjeta Crédito
TXN-00015141,CTA-305472,CLI-11235,2026-06-28 05:59:00,981462.76,CRC,comision,sucursal,CA-001,Préstamo Personal
TXN-00015142,CTA-666488,CLI-41003,2026-06-21 17:39:00,123226.89,CRC,pago,sinpe,PU-001,Cuenta Ahorro
TXN-00015143,CTA-301157,CLI-62844,2026-06-29 00:53:00,128686.01,CRC,comision,sucursal,HE-001,Tarjeta Crédito
TXN-00015144,CTA-568284,CLI-39692,2026-06-19 11:02:00,2041735.51,CRC,deposito,sinpe,SJ-002,Cuenta Ahorro
TXN-00015145,CTA-915506,CLI-91284,2026-06-05 00:55:00,3232735.5,CRC,pago,web,AL-001,Cuenta Corriente
TXN-00015146,CTA-338990,CLI-27126,2026-06-12 23:57:00,656558.27,CRC,pago,app_movil,LI-001,Préstamo Hipotecario
TXN-00015147,CTA-249826,CLI-42189,2026-06-13 14:11:00,393654.99,CRC,pago,sucursal,SJ-002,Tarjeta Crédito
TXN-00015148,CTA-440775,CLI-29883,2026-06-24 10:47:00,4921669.7,CRC,pago,app_movil,CA-001,Préstamo Personal
TXN-00015149,CTA-858759,CLI-42173,2026-06-08 01:19:00,4401138.78,CRC,retiro,web,HE-001,Tarjeta Crédito
TXN-00015150,CTA-728248,CLI-11934,2026-06-11 17:53:00,4815543.92,CRC,retiro,sinpe,CA-001,Préstamo Personal
TXN-00015151,CTA-293169,CLI-25754,2026-06-17 17:06:00,1510122.99,CRC,retiro,sinpe,SJ-002,Cuenta Ahorro
TXN-00015152,CTA-535173,CLI-84397,2026-06-18 14:14:00,548789.87,CRC,transferencia,sinpe,AL-001,Tarjeta Crédito
TXN-00015153,CTA-901091,CLI-12022,2026-06-15 11:58:00,1138747.62,CRC,retiro,sucursal,PU-001,Tarjeta Crédito
TXN-00015154,CTA-449785,CLI-33162,2026-06-24 06:55:00,2050228.45,CRC,transferencia,app_movil,AL-001,Cuenta Corriente
TXN-00015155,CTA-834370,CLI-57061,2026-06-16 10:32:00,4209068.99,CRC,pago,sucursal,LI-002,Préstamo Personal
TXN-00015156,CTA-128978,CLI-70893,2026-06-26 21:25:00,645160.86,CRC,comision,atm,LI-001,Cuenta Corriente
TXN-00015157,CTA-149712,CLI-99635,2026-06-15 14:07:00,3434654.89,CRC,comision,sinpe,AL-001,Cuenta Ahorro
TXN-00015158,CTA-112743,CLI-69561,2026-06-29 15:47:00,4860081.7,CRC,pago,sucursal,CA-001,Tarjeta Crédito
TXN-00015159,CTA-764187,CLI-71894,2026-06-26 06:09:00,3605301.96,CRC,pago,atm,HE-001,Préstamo Personal
TXN-00015160,CTA-217620,CLI-78065,2026-06-19 11:11:00,4035673.03,CRC,comision,web,SJ-001,Préstamo Personal
TXN-00015161,CTA-977603,CLI-63341,2026-06-26 07:18:00,3391329.42,CRC,transferencia,app_movil,AL-001,Tarjeta Crédito
TXN-00015162,CTA-723086,CLI-42392,2026-06-01 03:38:00,4627379.38,CRC,transferencia,app_movil,LI-001,Préstamo Hipotecario
TXN-00015163,CTA-959069,CLI-23746,2026-06-29 20:44:00,3072007.16,CRC,deposito,atm,CA-001,Préstamo Personal
TXN-00015164,CTA-641331,CLI-48210,2026-06-22 01:10:00,3197802.97,CRC,transferencia,atm,PU-001,Cuenta Ahorro
TXN-00015165,CTA-241440,CLI-34480,2026-06-23 11:29:00,4870309.47,CRC,deposito,atm,LI-002,Tarjeta Crédito
TXN-00015166,CTA-420181,CLI-74364,2026-06-15 04:47:00,2695974.99,CRC,transferencia,app_movil,CA-001,Préstamo Personal
TXN-00015167,CTA-769044,CLI-23539,2026-06-09 01:50:00,1527692.68,CRC,retiro,sinpe,LI-001,Préstamo Hipotecario
TXN-00015168,CTA-691099,CLI-87792,2026-06-10 10:41:00,2682475.42,CRC,comision,app_movil,AL-001,Tarjeta Crédito
TXN-00015169,CTA-733875,CLI-28536,2026-06-27 17:41:00,3450533.36,CRC,transferencia,web,LI-001,Cuenta Corriente
TXN-00015170,CTA-104855,CLI-47518,2026-06-27 23:05:00,4942763.16,CRC,deposito,web,PU-001,Préstamo Personal
TXN-00015171,CTA-168950,CLI-68776,2026-06-24 16:45:00,535886.95,CRC,deposito,app_movil,HE-001,Cuenta Corriente
TXN-00015172,CTA-548257,CLI-77272,2026-06-19 23:55:00,3474497.19,CRC,transferencia,atm,PU-001,Cuenta Corriente
TXN-00015173,CTA-936048,CLI-11157,2026-06-24 05:12:00,1542159.61,CRC,deposito,web,HE-001,Préstamo Personal
TXN-00015174,CTA-922375,CLI-27159,2026-06-08 14:46:00,4028496.91,CRC,deposito,web,AL-001,Préstamo Personal
TXN-00015175,CTA-638518,CLI-63186,2026-06-16 12:23:00,2618005.58,CRC,transferencia,web,HE-001,Tarjeta Crédito
TXN-00015176,CTA-920928,CLI-56324,2026-06-25 15:59:00,3230472.76,CRC,comision,web,SJ-002,Préstamo Personal
TXN-00015177,CTA-576305,CLI-12728,2026-06-26 13:20:00,3075634.04,CRC,transferencia,web,HE-001,Cuenta Ahorro
TXN-00015178,CTA-588336,CLI-14836,2026-06-08 04:36:00,4950837.32,CRC,pago,atm,LI-001,Préstamo Hipotecario
TXN-00015179,CTA-235252,CLI-51955,2026-06-23 20:04:00,1613115.66,CRC,pago,sinpe,CA-001,Préstamo Hipotecario
TXN-00015180,CTA-947930,CLI-32284,2026-06-01 11:11:00,2101792.67,CRC,transferencia,sinpe,PU-001,Tarjeta Crédito
TXN-00015181,CTA-190443,CLI-43624,2026-06-24 13:14:00,4166116.99,CRC,retiro,app_movil,AL-001,Préstamo Hipotecario
TXN-00015182,CTA-418921,CLI-22268,2026-06-20 21:25:00,2836125.11,CRC,pago,atm,PU-001,Cuenta Ahorro
TXN-00015183,CTA-276639,CLI-56565,2026-06-22 02:00:00,2896030.42,CRC,deposito,sinpe,LI-002,Préstamo Hipotecario
TXN-00015184,CTA-586490,CLI-82824,2026-06-19 18:59:00,4699313.77,CRC,pago,sucursal,AL-001,Préstamo Hipotecario
TXN-00015185,CTA-992265,CLI-80662,2026-06-05 04:34:00,4468128.6,CRC,deposito,atm,LI-001,Préstamo Personal
TXN-00015186,CTA-358616,CLI-73358,2026-06-14 18:41:00,4073732.06,CRC,transferencia,atm,LI-001,Cuenta Ahorro
TXN-00015187,CTA-213190,CLI-14231,2026-06-21 10:47:00,358953.95,CRC,deposito,app_movil,LI-001,Cuenta Corriente
TXN-00015188,CTA-219150,CLI-64684,2026-06-03 12:05:00,2363931.57,CRC,retiro,app_movil,SJ-001,Cuenta Ahorro
TXN-00015189,CTA-901397,CLI-64581,2026-06-04 06:57:00,986869.41,CRC,pago,web,SJ-002,Préstamo Personal
TXN-00015190,CTA-340251,CLI-39485,2026-06-03 20:21:00,3585957.96,CRC,retiro,app_movil,SJ-002,Tarjeta Crédito
TXN-00015191,CTA-700004,CLI-60594,2026-06-07 22:02:00,46551.05,CRC,pago,sucursal,LI-002,Cuenta Ahorro
TXN-00015192,CTA-118987,CLI-58617,2026-06-07 22:08:00,2052687.09,CRC,retiro,atm,PU-001,Préstamo Personal
TXN-00015193,CTA-705941,CLI-62107,2026-06-07 23:20:00,4726310.01,CRC,transferencia,app_movil,AL-001,Tarjeta Crédito
TXN-00015194,CTA-162734,CLI-65128,2026-06-11 18:34:00,707447.77,CRC,deposito,atm,LI-002,Préstamo Hipotecario
TXN-00015195,CTA-534490,CLI-24968,2026-06-05 19:53:00,2800501.48,CRC,retiro,sinpe,PU-001,Tarjeta Crédito
TXN-00015196,CTA-404443,CLI-14937,2026-06-17 21:33:00,804822.81,CRC,pago,sucursal,SJ-001,Préstamo Hipotecario
TXN-00015197,CTA-900547,CLI-14371,2026-06-28 16:16:00,3886683.71,CRC,transferencia,sucursal,AL-001,Tarjeta Crédito
TXN-00015198,CTA-378253,CLI-63599,2026-06-05 20:46:00,3032022.05,CRC,retiro,atm,HE-001,Préstamo Hipotecario
TXN-00015199,CTA-354629,CLI-69920,2026-06-21 16:50:00,1151422.76,CRC,transferencia,sinpe,LI-001,Tarjeta Crédito
TXN-00015200,CTA-783740,CLI-54697,2026-06-06 17:05:00,933355.24,CRC,pago,app_movil,LI-001,Préstamo Hipotecario
TXN-00015201,CTA-790974,CLI-10359,2026-06-24 07:30:00,2443214.58,CRC,pago,app_movil,HE-001,Cuenta Corriente
TXN-00015202,CTA-315030,CLI-66773,2026-06-22 02:15:00,1041965.13,CRC,pago,app_movil,PU-001,Préstamo Hipotecario
TXN-00015203,CTA-452618,CLI-87039,2026-06-30 20:55:00,1841267.41,CRC,transferencia,web,SJ-002,Cuenta Ahorro
TXN-00015204,CTA-289312,CLI-84730,2026-06-25 22:33:00,4436743.25,CRC,transferencia,sinpe,HE-001,Tarjeta Crédito
TXN-00015205,CTA-175632,CLI-84710,2026-06-16 03:18:00,100793.94,CRC,comision,sucursal,CA-001,Préstamo Personal
TXN-00015206,CTA-955865,CLI-13665,2026-06-09 14:42:00,4486816.71,CRC,deposito,atm,LI-002,Préstamo Hipotecario
TXN-00015207,CTA-467857,CLI-20108,2026-06-28 04:07:00,1838234.81,CRC,pago,app_movil,HE-001,Préstamo Hipotecario
TXN-00015208,CTA-840974,CLI-90741,2026-06-04 02:55:00,2317845.25,CRC,transferencia,sinpe,SJ-002,Cuenta Ahorro
TXN-00015209,CTA-837385,CLI-82645,2026-06-24 19:57:00,963708.95,CRC,pago,app_movil,AL-001,Tarjeta Crédito
TXN-00015210,CTA-606146,CLI-24770,2026-06-28 14:42:00,1772065.15,CRC,pago,atm,LI-001,Préstamo Hipotecario
TXN-00015211,CTA-706586,CLI-74159,2026-06-14 18:10:00,245658.23,CRC,comision,sinpe,LI-002,Cuenta Corriente
TXN-00015212,CTA-844558,CLI-88734,2026-06-05 05:00:00,2893705.01,CRC,deposito,atm,SJ-001,Cuenta Ahorro
TXN-00015213,CTA-500538,CLI-19520,2026-06-12 07:35:00,302787.76,CRC,comision,web,LI-002,Préstamo Hipotecario
TXN-00015214,CTA-281604,CLI-94456,2026-06-21 06:51:00,2774959.08,CRC,deposito,web,AL-001,Tarjeta Crédito
TXN-00015215,CTA-958334,CLI-41056,2026-06-23 01:41:00,3101179.42,CRC,retiro,web,LI-002,Préstamo Personal
TXN-00015216,CTA-624131,CLI-86905,2026-06-20 14:23:00,552555.15,CRC,pago,app_movil,SJ-002,Préstamo Personal
TXN-00015217,CTA-823504,CLI-23803,2026-06-21 02:52:00,1882150.2,CRC,transferencia,web,PU-001,Cuenta Corriente
TXN-00015218,CTA-928351,CLI-28602,2026-06-24 14:42:00,600295.55,CRC,deposito,app_movil,LI-002,Préstamo Personal
TXN-00015219,CTA-674624,CLI-74209,2026-06-25 06:36:00,2427850.11,CRC,transferencia,atm,CA-001,Tarjeta Crédito
TXN-00015220,CTA-808870,CLI-83939,2026-06-27 21:17:00,426426.08,CRC,deposito,sucursal,PU-001,Cuenta Ahorro
TXN-00015221,CTA-545708,CLI-71885,2026-06-23 12:21:00,1493065.36,CRC,transferencia,sinpe,CA-001,Préstamo Hipotecario
TXN-00015222,CTA-467796,CLI-21501,2026-06-15 20:48:00,2719009.03,CRC,retiro,web,SJ-002,Cuenta Ahorro
TXN-00015223,CTA-615353,CLI-90994,2026-06-20 03:54:00,389237.18,CRC,pago,sinpe,AL-001,Cuenta Ahorro
TXN-00015224,CTA-924155,CLI-35999,2026-06-05 13:50:00,2454577.72,CRC,transferencia,atm,SJ-002,Tarjeta Crédito
TXN-00015225,CTA-318483,CLI-43613,2026-06-20 04:29:00,1903333.55,CRC,pago,sinpe,CA-001,Tarjeta Crédito
TXN-00015226,CTA-315293,CLI-41939,2026-06-12 09:08:00,3514123.26,CRC,pago,web,SJ-001,Cuenta Corriente
TXN-00015227,CTA-311892,CLI-75436,2026-06-08 16:44:00,510416.73,CRC,pago,app_movil,PU-001,Cuenta Corriente
TXN-00015228,CTA-756852,CLI-38148,2026-06-11 04:41:00,912597.84,CRC,deposito,sinpe,LI-001,Cuenta Corriente
TXN-00015229,CTA-590865,CLI-10091,2026-06-23 11:24:00,4285701.34,CRC,deposito,app_movil,AL-001,Cuenta Ahorro
TXN-00015230,CTA-349814,CLI-72321,2026-06-11 17:55:00,2740955.34,CRC,retiro,web,HE-001,Cuenta Corriente
TXN-00015231,CTA-220908,CLI-89417,2026-06-01 06:08:00,2733325.31,CRC,pago,sucursal,SJ-002,Cuenta Ahorro
TXN-00015232,CTA-886113,CLI-82569,2026-06-19 14:05:00,3361991.26,CRC,deposito,sinpe,SJ-001,Tarjeta Crédito
TXN-00015233,CTA-558607,CLI-69023,2026-06-27 19:56:00,541563.16,CRC,pago,web,LI-001,Préstamo Personal
TXN-00015234,CTA-384047,CLI-89606,2026-06-14 16:27:00,554915.68,CRC,comision,atm,LI-001,Préstamo Hipotecario
TXN-00015235,CTA-997990,CLI-92987,2026-06-25 08:05:00,2292872.31,CRC,retiro,sucursal,AL-001,Cuenta Ahorro
TXN-00015236,CTA-834248,CLI-82019,2026-06-21 20:20:00,2105572.12,CRC,retiro,sucursal,LI-002,Préstamo Personal
TXN-00015237,CTA-845903,CLI-85433,2026-06-25 10:50:00,860242.98,CRC,transferencia,web,PU-001,Cuenta Corriente
TXN-00015238,CTA-924003,CLI-54798,2026-06-03 21:50:00,1945893.27,CRC,deposito,sinpe,SJ-001,Cuenta Ahorro
TXN-00015239,CTA-515618,CLI-90014,2026-06-16 21:48:00,843066.44,CRC,pago,web,LI-002,Préstamo Personal
TXN-00015240,CTA-806471,CLI-76154,2026-06-14 01:03:00,2099160.71,CRC,comision,sinpe,LI-001,Préstamo Personal
TXN-00015241,CTA-874080,CLI-95531,2026-06-01 02:59:00,3920234.44,CRC,retiro,atm,CA-001,Préstamo Personal
TXN-00015242,CTA-565776,CLI-91806,2026-06-10 03:57:00,2755595.86,CRC,transferencia,sucursal,HE-001,Cuenta Ahorro
TXN-00015243,CTA-735905,CLI-69326,2026-06-09 18:40:00,2960063.25,CRC,deposito,web,PU-001,Tarjeta Crédito
TXN-00015244,CTA-333058,CLI-54240,2026-06-17 19:22:00,4443744.54,CRC,pago,app_movil,SJ-001,Préstamo Personal
TXN-00015245,CTA-495554,CLI-90547,2026-06-21 21:17:00,4949875.53,CRC,deposito,web,AL-001,Tarjeta Crédito
TXN-00015246,CTA-954583,CLI-18185,2026-06-18 08:24:00,899720.06,CRC,transferencia,web,AL-001,Cuenta Corriente
TXN-00015247,CTA-331842,CLI-74557,2026-06-17 03:09:00,3207471.68,CRC,transferencia,sucursal,SJ-001,Cuenta Ahorro
TXN-00015248,CTA-749471,CLI-37256,2026-06-03 14:50:00,3150352.72,CRC,deposito,app_movil,CA-001,Cuenta Corriente
TXN-00015249,CTA-364185,CLI-36040,2026-06-07 14:57:00,4039672.63,CRC,deposito,web,PU-001,Préstamo Hipotecario
TXN-00015250,CTA-658889,CLI-28860,2026-06-30 21:59:00,4836087.93,CRC,transferencia,sucursal,LI-001,Cuenta Ahorro
TXN-00015251,CTA-219101,CLI-97493,2026-06-08 07:11:00,4839124.33,CRC,comision,atm,SJ-002,Cuenta Corriente
TXN-00015252,CTA-254583,CLI-14123,2026-06-01 05:00:00,4082656.51,CRC,pago,atm,AL-001,Cuenta Ahorro
TXN-00015253,CTA-960224,CLI-80206,2026-06-13 23:59:00,1358297.96,CRC,deposito,sinpe,PU-001,Préstamo Personal
TXN-00015254,CTA-475063,CLI-62100,2026-06-24 23:58:00,642102.91,CRC,retiro,web,HE-001,Préstamo Hipotecario
TXN-00015255,CTA-347246,CLI-80621,2026-06-27 18:40:00,3752073.94,CRC,comision,app_movil,LI-002,Tarjeta Crédito
TXN-00015256,CTA-745484,CLI-63461,2026-06-08 15:28:00,4373262.17,CRC,transferencia,web,LI-001,Préstamo Hipotecario
TXN-00015257,CTA-753435,CLI-12524,2026-06-18 06:02:00,567360.63,CRC,retiro,atm,LI-001,Préstamo Personal
TXN-00015258,CTA-329654,CLI-77879,2026-06-08 16:44:00,4289041.86,CRC,comision,web,CA-001,Préstamo Personal
TXN-00015259,CTA-751889,CLI-77623,2026-06-20 05:28:00,2947839.44,CRC,deposito,web,CA-001,Préstamo Hipotecario
TXN-00015260,CTA-481416,CLI-53064,2026-06-07 02:15:00,1074691.05,CRC,deposito,web,SJ-002,Cuenta Corriente
TXN-00015261,CTA-802708,CLI-38538,2026-06-26 22:14:00,1811696.48,CRC,deposito,web,SJ-002,Tarjeta Crédito
TXN-00015262,CTA-665887,CLI-17840,2026-06-28 11:00:00,3622520.09,CRC,comision,atm,CA-001,Cuenta Corriente
TXN-00015263,CTA-784174,CLI-13993,2026-06-22 08:46:00,4063584.59,CRC,comision,sinpe,SJ-001,Tarjeta Crédito
TXN-00015264,CTA-251139,CLI-22329,2026-06-04 03:15:00,2471346.09,CRC,comision,web,LI-001,Préstamo Hipotecario
TXN-00015265,CTA-276425,CLI-25910,2026-06-09 20:20:00,3359146.98,CRC,deposito,sucursal,SJ-002,Tarjeta Crédito
TXN-00015266,CTA-924855,CLI-39900,2026-06-05 00:33:00,2591394.81,CRC,pago,sinpe,LI-001,Cuenta Corriente
TXN-00015267,CTA-551091,CLI-70350,2026-06-26 03:16:00,2800464.19,CRC,comision,atm,LI-001,Cuenta Ahorro
TXN-00015268,CTA-571649,CLI-93900,2026-06-22 22:41:00,403563.99,CRC,comision,sinpe,AL-001,Cuenta Ahorro
TXN-00015269,CTA-447442,CLI-39015,2026-06-16 13:21:00,4607847.23,CRC,retiro,app_movil,SJ-001,Préstamo Hipotecario
TXN-00015270,CTA-731584,CLI-39096,2026-06-04 13:44:00,4088121.97,CRC,pago,sucursal,LI-001,Tarjeta Crédito
TXN-00015271,CTA-307157,CLI-40552,2026-06-03 05:04:00,3289167.72,CRC,transferencia,web,SJ-002,Tarjeta Crédito
TXN-00015272,CTA-943988,CLI-64851,2026-06-30 10:26:00,1647771.45,CRC,transferencia,sucursal,PU-001,Cuenta Corriente
TXN-00015273,CTA-491622,CLI-16037,2026-06-16 14:29:00,2852499.99,CRC,transferencia,atm,CA-001,Préstamo Hipotecario
TXN-00015274,CTA-702538,CLI-30906,2026-06-01 13:33:00,2269410.85,CRC,comision,sinpe,HE-001,Préstamo Hipotecario
TXN-00015275,CTA-740651,CLI-68004,2026-06-10 14:15:00,1588390.18,CRC,transferencia,atm,SJ-001,Préstamo Hipotecario
TXN-00015276,CTA-911822,CLI-32284,2026-06-17 05:25:00,658848.89,CRC,comision,web,SJ-002,Préstamo Hipotecario
TXN-00015277,CTA-141955,CLI-32226,2026-06-25 20:13:00,3974150.21,CRC,transferencia,atm,AL-001,Cuenta Ahorro
TXN-00015278,CTA-456705,CLI-12913,2026-06-03 02:44:00,1120157.39,CRC,pago,sinpe,SJ-001,Cuenta Corriente
TXN-00015279,CTA-523825,CLI-43109,2026-06-04 22:36:00,1988300.21,CRC,deposito,sucursal,LI-001,Cuenta Corriente
TXN-00015280,CTA-138217,CLI-36249,2026-06-30 23:38:00,2517139.39,CRC,retiro,sinpe,HE-001,Cuenta Ahorro
TXN-00015281,CTA-232200,CLI-73677,2026-06-06 15:42:00,4881775.89,CRC,pago,sinpe,HE-001,Cuenta Corriente
TXN-00015282,CTA-666076,CLI-43073,2026-06-02 14:12:00,4564399.66,CRC,retiro,atm,HE-001,Cuenta Corriente
TXN-00015283,CTA-206239,CLI-12457,2026-06-18 10:35:00,4471992.66,CRC,comision,atm,CA-001,Préstamo Personal
TXN-00015284,CTA-759277,CLI-33931,2026-06-16 16:28:00,3396048.29,CRC,retiro,sucursal,PU-001,Tarjeta Crédito
TXN-00015285,CTA-995668,CLI-43436,2026-06-17 19:37:00,4606331.71,CRC,deposito,sinpe,HE-001,Cuenta Corriente
TXN-00015286,CTA-487324,CLI-50165,2026-06-10 11:04:00,3914633.22,CRC,retiro,sucursal,LI-001,Préstamo Personal
TXN-00015287,CTA-996853,CLI-41866,2026-06-07 10:32:00,566136.26,CRC,retiro,sinpe,PU-001,Tarjeta Crédito
TXN-00015288,CTA-471598,CLI-84237,2026-06-26 02:43:00,4590070.03,CRC,comision,sinpe,CA-001,Tarjeta Crédito
TXN-00015289,CTA-577858,CLI-71485,2026-06-06 02:09:00,3810372.88,CRC,deposito,app_movil,SJ-001,Tarjeta Crédito
TXN-00015290,CTA-515402,CLI-51226,2026-06-20 16:48:00,708396.17,CRC,pago,sinpe,LI-002,Cuenta Ahorro
TXN-00015291,CTA-870320,CLI-23664,2026-06-23 17:45:00,4749457.43,CRC,comision,web,AL-001,Préstamo Personal
TXN-00015292,CTA-477722,CLI-99729,2026-06-30 16:08:00,1754263.77,CRC,deposito,sinpe,CA-001,Tarjeta Crédito
TXN-00015293,CTA-497644,CLI-47769,2026-06-28 03:33:00,4346590.4,CRC,pago,web,CA-001,Préstamo Hipotecario
TXN-00015294,CTA-602659,CLI-50149,2026-06-19 11:40:00,572501.33,CRC,deposito,sinpe,SJ-001,Préstamo Personal
TXN-00015295,CTA-361687,CLI-45315,2026-06-18 03:28:00,917695.1,CRC,pago,sucursal,PU-001,Préstamo Hipotecario
TXN-00015296,CTA-844980,CLI-44407,2026-06-21 12:37:00,1656481.29,CRC,retiro,app_movil,SJ-002,Préstamo Hipotecario
TXN-00015297,CTA-569052,CLI-92217,2026-06-04 09:36:00,3745532.29,CRC,comision,sinpe,LI-002,Préstamo Personal
TXN-00015298,CTA-737488,CLI-20568,2026-06-01 04:13:00,3053469.38,CRC,pago,app_movil,SJ-001,Préstamo Personal
TXN-00015299,CTA-537532,CLI-42823,2026-06-25 14:53:00,525947.39,CRC,comision,atm,PU-001,Tarjeta Crédito
TXN-00015300,CTA-295967,CLI-36416,2026-06-13 07:49:00,2139791.89,CRC,comision,app_movil,SJ-002,Cuenta Ahorro
TXN-00015301,CTA-868136,CLI-22871,2026-06-28 02:39:00,1317453.3,CRC,transferencia,app_movil,SJ-001,Préstamo Hipotecario
TXN-00015302,CTA-639085,CLI-37240,2026-06-01 22:48:00,2299194.11,CRC,comision,sucursal,SJ-002,Préstamo Personal
TXN-00015303,CTA-226234,CLI-38746,2026-06-05 01:32:00,3472965.41,CRC,retiro,web,AL-001,Tarjeta Crédito
TXN-00015304,CTA-879403,CLI-99490,2026-06-29 12:33:00,2476713.42,CRC,deposito,atm,SJ-001,Préstamo Personal
TXN-00015305,CTA-464266,CLI-35588,2026-06-10 23:19:00,1535233.32,CRC,transferencia,sucursal,LI-002,Tarjeta Crédito
TXN-00015306,CTA-373635,CLI-17173,2026-06-23 16:43:00,37878.93,CRC,deposito,atm,PU-001,Cuenta Corriente
TXN-00015307,CTA-725812,CLI-42834,2026-06-10 07:43:00,1232364.41,CRC,retiro,sucursal,LI-001,Préstamo Hipotecario
TXN-00015308,CTA-416048,CLI-86189,2026-06-13 16:36:00,3752607.21,CRC,transferencia,web,SJ-002,Cuenta Ahorro
TXN-00015309,CTA-943504,CLI-57802,2026-06-23 07:26:00,2296556.69,CRC,deposito,atm,SJ-001,Préstamo Hipotecario
TXN-00015310,CTA-908967,CLI-96304,2026-06-26 13:10:00,3322899.3,CRC,pago,sucursal,PU-001,Cuenta Corriente
TXN-00015311,CTA-409810,CLI-67459,2026-06-22 02:32:00,3797728.09,CRC,pago,sucursal,LI-001,Cuenta Corriente
TXN-00015312,CTA-505905,CLI-63059,2026-06-08 18:30:00,2787788.96,CRC,transferencia,app_movil,AL-001,Préstamo Personal
TXN-00015313,CTA-192317,CLI-93967,2026-06-05 08:05:00,2055205.33,CRC,comision,sucursal,PU-001,Cuenta Corriente
TXN-00015314,CTA-298932,CLI-16467,2026-06-18 16:03:00,1954607.07,CRC,transferencia,sinpe,CA-001,Cuenta Ahorro
TXN-00015315,CTA-500569,CLI-79603,2026-06-03 22:54:00,694126.07,CRC,comision,sinpe,SJ-001,Cuenta Corriente
TXN-00015316,CTA-960790,CLI-99576,2026-06-25 05:06:00,3149260.41,CRC,pago,atm,AL-001,Préstamo Personal
TXN-00015317,CTA-500954,CLI-10871,2026-06-27 23:50:00,3262822.78,CRC,retiro,sucursal,SJ-001,Cuenta Corriente
TXN-00015318,CTA-948602,CLI-30867,2026-06-26 19:27:00,4986498.39,CRC,deposito,atm,SJ-002,Préstamo Hipotecario
TXN-00015319,CTA-138889,CLI-99727,2026-06-16 11:38:00,1323518.95,CRC,comision,sucursal,PU-001,Cuenta Ahorro
TXN-00015320,CTA-301618,CLI-33627,2026-06-25 02:03:00,1761829.41,CRC,comision,sucursal,LI-001,Cuenta Ahorro
TXN-00015321,CTA-843996,CLI-96027,2026-06-23 21:33:00,1276906.78,CRC,deposito,atm,PU-001,Cuenta Corriente
TXN-00015322,CTA-874469,CLI-44568,2026-06-26 04:11:00,2841220.91,CRC,pago,web,CA-001,Préstamo Hipotecario
TXN-00015323,CTA-214388,CLI-80672,2026-06-16 06:28:00,2533310.94,CRC,transferencia,sucursal,SJ-001,Préstamo Personal
TXN-00015324,CTA-298788,CLI-82048,2026-06-03 02:48:00,3784075.44,CRC,deposito,sinpe,PU-001,Cuenta Ahorro
TXN-00015325,CTA-318731,CLI-57275,2026-06-06 22:29:00,4826743.85,CRC,deposito,sinpe,LI-002,Cuenta Ahorro
TXN-00015326,CTA-897050,CLI-39762,2026-06-14 07:17:00,4738927.89,CRC,deposito,sinpe,SJ-001,Cuenta Ahorro
TXN-00015327,CTA-867108,CLI-16493,2026-06-01 10:42:00,3836195.72,CRC,comision,sinpe,SJ-001,Préstamo Hipotecario
TXN-00015328,CTA-969112,CLI-78877,2026-06-16 14:01:00,671616.04,CRC,comision,atm,PU-001,Tarjeta Crédito
TXN-00015329,CTA-440417,CLI-36501,2026-06-14 15:30:00,4128567.7,CRC,deposito,sinpe,LI-001,Cuenta Corriente
TXN-00015330,CTA-989337,CLI-91173,2026-06-17 19:25:00,3065883.91,CRC,comision,app_movil,LI-001,Préstamo Hipotecario
TXN-00015331,CTA-850519,CLI-50497,2026-06-24 00:27:00,1233166.75,CRC,transferencia,atm,LI-001,Préstamo Hipotecario
TXN-00015332,CTA-587408,CLI-26629,2026-06-17 22:57:00,4128381.55,CRC,pago,atm,SJ-001,Préstamo Hipotecario
TXN-00015333,CTA-558723,CLI-11373,2026-06-16 22:49:00,2047016.53,CRC,comision,atm,SJ-002,Cuenta Corriente
TXN-00015334,CTA-411788,CLI-46432,2026-06-04 07:56:00,3766909.0,CRC,deposito,web,SJ-002,Tarjeta Crédito
TXN-00015335,CTA-257355,CLI-56840,2026-06-02 08:34:00,867635.9,CRC,pago,sucursal,LI-001,Tarjeta Crédito
TXN-00015336,CTA-351035,CLI-12435,2026-06-27 19:19:00,3709109.45,CRC,deposito,app_movil,SJ-002,Cuenta Ahorro
TXN-00015337,CTA-939118,CLI-85330,2026-06-30 22:32:00,1661883.97,CRC,comision,atm,LI-002,Tarjeta Crédito
TXN-00015338,CTA-341107,CLI-29146,2026-06-16 02:44:00,2251006.95,CRC,pago,sucursal,AL-001,Cuenta Ahorro
TXN-00015339,CTA-167747,CLI-34032,2026-06-29 23:23:00,3584428.99,CRC,pago,atm,LI-002,Cuenta Corriente
TXN-00015340,CTA-475907,CLI-76197,2026-06-28 09:57:00,2157624.2,CRC,transferencia,app_movil,CA-001,Préstamo Personal
TXN-00015341,CTA-603031,CLI-86693,2026-06-10 10:31:00,2886810.29,CRC,transferencia,web,LI-001,Cuenta Corriente
TXN-00015342,CTA-113663,CLI-18793,2026-06-16 19:02:00,218387.8,CRC,deposito,sucursal,SJ-002,Cuenta Ahorro
TXN-00015343,CTA-681843,CLI-67757,2026-06-26 10:18:00,4617896.78,CRC,comision,sucursal,HE-001,Cuenta Corriente
TXN-00015344,CTA-324197,CLI-72506,2026-06-22 22:07:00,4112514.82,CRC,pago,web,HE-001,Préstamo Hipotecario
TXN-00015345,CTA-991205,CLI-46653,2026-06-06 04:00:00,1202497.0,CRC,pago,app_movil,SJ-001,Préstamo Personal
TXN-00015346,CTA-661455,CLI-65245,2026-06-11 00:11:00,2008728.86,CRC,deposito,sinpe,LI-001,Préstamo Hipotecario
TXN-00015347,CTA-219663,CLI-63258,2026-06-09 08:00:00,1065727.94,CRC,pago,app_movil,AL-001,Préstamo Hipotecario
TXN-00015348,CTA-559542,CLI-68225,2026-06-08 09:42:00,3230328.77,CRC,retiro,atm,LI-001,Préstamo Personal
TXN-00015349,CTA-868996,CLI-88917,2026-06-15 12:21:00,1990485.29,CRC,pago,sucursal,SJ-002,Cuenta Ahorro
TXN-00015350,CTA-633388,CLI-39183,2026-06-30 05:37:00,4441418.71,CRC,retiro,atm,LI-002,Cuenta Ahorro
TXN-00015351,CTA-591696,CLI-64302,2026-06-24 22:24:00,2850989.56,CRC,comision,app_movil,SJ-001,Préstamo Personal
TXN-00015352,CTA-923590,CLI-11134,2026-06-12 21:16:00,4849771.17,CRC,pago,atm,LI-002,Cuenta Ahorro
TXN-00015353,CTA-363972,CLI-92996,2026-06-21 00:42:00,525846.5,CRC,retiro,sucursal,PU-001,Cuenta Corriente
TXN-00015354,CTA-158780,CLI-23056,2026-06-09 23:59:00,4619692.2,CRC,pago,app_movil,AL-001,Tarjeta Crédito
TXN-00015355,CTA-230571,CLI-71917,2026-06-23 19:34:00,4997957.23,CRC,pago,sinpe,SJ-002,Tarjeta Crédito
TXN-00015356,CTA-794676,CLI-36470,2026-06-15 08:11:00,2474971.91,CRC,deposito,sinpe,AL-001,Préstamo Personal
TXN-00015357,CTA-415590,CLI-14592,2026-06-17 21:41:00,177094.52,CRC,deposito,app_movil,SJ-001,Préstamo Personal
TXN-00015358,CTA-200576,CLI-68907,2026-06-14 11:44:00,2622116.61,CRC,comision,web,LI-001,Préstamo Hipotecario
TXN-00015359,CTA-844462,CLI-26025,2026-06-06 21:23:00,2938529.4,CRC,transferencia,app_movil,AL-001,Préstamo Personal
TXN-00015360,CTA-313023,CLI-92630,2026-06-04 21:29:00,3589755.91,CRC,deposito,atm,AL-001,Cuenta Ahorro
TXN-00015361,CTA-347189,CLI-12907,2026-06-12 18:20:00,4265283.76,CRC,retiro,sinpe,SJ-002,Préstamo Hipotecario
TXN-00015362,CTA-212911,CLI-31181,2026-06-22 17:48:00,1130610.43,CRC,pago,atm,LI-002,Cuenta Corriente
TXN-00015363,CTA-444836,CLI-48566,2026-06-03 13:02:00,4726546.67,CRC,deposito,web,LI-002,Cuenta Ahorro
TXN-00015364,CTA-443356,CLI-55208,2026-06-05 22:13:00,3967692.35,CRC,transferencia,app_movil,AL-001,Cuenta Corriente
TXN-00015365,CTA-325011,CLI-23013,2026-06-27 03:32:00,854686.01,CRC,pago,sucursal,LI-002,Préstamo Personal
TXN-00015366,CTA-484490,CLI-94001,2026-06-07 07:12:00,1941288.8,CRC,transferencia,app_movil,SJ-001,Préstamo Hipotecario
TXN-00015367,CTA-528943,CLI-35564,2026-06-14 11:40:00,1050327.88,CRC,pago,sucursal,LI-002,Cuenta Corriente
TXN-00015368,CTA-957700,CLI-82999,2026-06-08 05:46:00,471985.55,CRC,pago,web,PU-001,Cuenta Ahorro
TXN-00015369,CTA-298908,CLI-24608,2026-06-15 17:51:00,3298838.08,CRC,comision,web,AL-001,Cuenta Corriente
TXN-00015370,CTA-304997,CLI-75212,2026-06-14 00:35:00,285558.78,CRC,transferencia,app_movil,LI-001,Cuenta Ahorro
TXN-00015371,CTA-303322,CLI-49498,2026-06-12 12:55:00,1891556.38,CRC,pago,atm,LI-002,Préstamo Hipotecario
TXN-00015372,CTA-170330,CLI-67024,2026-06-14 14:22:00,1036017.57,CRC,comision,web,CA-001,Tarjeta Crédito
TXN-00015373,CTA-282643,CLI-96559,2026-06-02 03:42:00,2794640.52,CRC,deposito,atm,CA-001,Cuenta Ahorro
TXN-00015374,CTA-800724,CLI-15716,2026-06-23 14:38:00,45071.09,CRC,comision,web,SJ-001,Préstamo Personal
TXN-00015375,CTA-533886,CLI-91515,2026-06-19 09:33:00,1183607.36,CRC,transferencia,sinpe,HE-001,Préstamo Hipotecario
TXN-00015376,CTA-463898,CLI-25787,2026-06-09 10:36:00,2841326.8,CRC,comision,app_movil,LI-001,Cuenta Corriente
TXN-00015377,CTA-788047,CLI-84895,2026-06-01 16:37:00,2683078.88,CRC,deposito,app_movil,PU-001,Cuenta Corriente
TXN-00015378,CTA-593281,CLI-76781,2026-06-16 00:02:00,235979.84,CRC,retiro,app_movil,CA-001,Cuenta Corriente
TXN-00015379,CTA-644073,CLI-52974,2026-06-19 11:14:00,2975384.04,CRC,pago,web,AL-001,Tarjeta Crédito
TXN-00015380,CTA-868446,CLI-70630,2026-06-14 19:41:00,94645.3,CRC,transferencia,atm,CA-001,Préstamo Hipotecario
TXN-00015381,CTA-296495,CLI-38563,2026-06-15 02:56:00,2813267.42,CRC,deposito,sucursal,LI-001,Préstamo Hipotecario
TXN-00015382,CTA-766546,CLI-33880,2026-06-22 05:10:00,1296892.76,CRC,transferencia,app_movil,SJ-001,Tarjeta Crédito
TXN-00015383,CTA-729820,CLI-68115,2026-06-25 11:03:00,181422.21,CRC,comision,web,LI-002,Cuenta Ahorro
TXN-00015384,CTA-694784,CLI-26118,2026-06-08 01:02:00,1628775.57,CRC,transferencia,app_movil,CA-001,Préstamo Hipotecario
TXN-00015385,CTA-462475,CLI-20282,2026-06-08 08:36:00,4264528.2,CRC,deposito,sinpe,PU-001,Cuenta Ahorro
TXN-00015386,CTA-196325,CLI-54940,2026-06-02 03:16:00,1802923.08,CRC,pago,app_movil,HE-001,Cuenta Ahorro
TXN-00015387,CTA-521486,CLI-43595,2026-06-11 14:43:00,265690.59,CRC,transferencia,web,SJ-001,Préstamo Personal
TXN-00015388,CTA-514754,CLI-49068,2026-06-26 02:53:00,1767990.76,CRC,deposito,sucursal,LI-002,Cuenta Corriente
TXN-00015389,CTA-843839,CLI-32981,2026-06-12 02:58:00,4822354.12,CRC,pago,web,LI-002,Préstamo Personal
TXN-00015390,CTA-743363,CLI-86372,2026-06-10 21:19:00,4695977.82,CRC,comision,atm,LI-002,Cuenta Ahorro
TXN-00015391,CTA-680855,CLI-85699,2026-06-09 04:25:00,2079841.18,CRC,transferencia,web,SJ-001,Préstamo Hipotecario
TXN-00015392,CTA-431338,CLI-80200,2026-06-02 20:23:00,4267309.14,CRC,pago,web,HE-001,Cuenta Ahorro
TXN-00015393,CTA-448817,CLI-91657,2026-06-21 18:15:00,3337577.38,CRC,deposito,sucursal,HE-001,Cuenta Corriente
TXN-00015394,CTA-711582,CLI-25620,2026-06-30 23:08:00,446337.17,CRC,transferencia,sinpe,AL-001,Cuenta Corriente
TXN-00015395,CTA-882758,CLI-68064,2026-06-19 10:44:00,1609654.99,CRC,transferencia,sinpe,LI-002,Cuenta Ahorro
TXN-00015396,CTA-772479,CLI-81513,2026-06-07 18:54:00,209980.29,CRC,transferencia,atm,AL-001,Cuenta Corriente
TXN-00015397,CTA-968516,CLI-70686,2026-06-18 09:07:00,1351158.24,CRC,transferencia,web,PU-001,Préstamo Personal
TXN-00015398,CTA-168379,CLI-52148,2026-06-22 12:34:00,4184733.57,CRC,transferencia,atm,AL-001,Préstamo Hipotecario
TXN-00015399,CTA-737828,CLI-33152,2026-06-22 17:04:00,3618952.16,CRC,transferencia,web,AL-001,Préstamo Personal
TXN-00015400,CTA-895928,CLI-63407,2026-06-11 07:05:00,1763387.72,CRC,pago,sinpe,LI-002,Préstamo Hipotecario
TXN-00015401,CTA-448123,CLI-13111,2026-06-13 09:57:00,4794913.38,CRC,comision,sinpe,LI-002,Cuenta Ahorro
TXN-00015402,CTA-215230,CLI-66898,2026-06-13 03:56:00,4659609.87,CRC,transferencia,web,PU-001,Cuenta Corriente
TXN-00015403,CTA-674960,CLI-40010,2026-06-03 07:46:00,485778.47,CRC,retiro,web,CA-001,Cuenta Ahorro
TXN-00015404,CTA-843352,CLI-71825,2026-06-09 11:42:00,4517713.0,CRC,transferencia,atm,CA-001,Cuenta Corriente
TXN-00015405,CTA-619714,CLI-62610,2026-06-11 07:04:00,2773438.82,CRC,pago,web,HE-001,Préstamo Hipotecario
TXN-00015406,CTA-904976,CLI-72585,2026-06-30 01:42:00,4547978.06,CRC,deposito,web,HE-001,Cuenta Corriente
TXN-00015407,CTA-722024,CLI-69121,2026-06-28 06:37:00,4694891.67,CRC,pago,atm,PU-001,Cuenta Corriente
TXN-00015408,CTA-721877,CLI-41733,2026-06-23 06:08:00,3371376.17,CRC,pago,web,AL-001,Préstamo Personal
TXN-00015409,CTA-143179,CLI-91530,2026-06-03 21:40:00,3189012.74,CRC,transferencia,app_movil,CA-001,Cuenta Ahorro
TXN-00015410,CTA-180197,CLI-80905,2026-06-19 22:19:00,4709374.32,CRC,pago,sucursal,HE-001,Cuenta Ahorro
TXN-00015411,CTA-935034,CLI-66046,2026-06-25 06:50:00,3487437.88,CRC,comision,web,PU-001,Cuenta Corriente
TXN-00015412,CTA-130353,CLI-64175,2026-06-16 16:50:00,4827299.72,CRC,transferencia,sucursal,AL-001,Cuenta Ahorro
TXN-00015413,CTA-677545,CLI-24463,2026-06-08 06:34:00,2785053.17,CRC,deposito,web,SJ-002,Préstamo Personal
TXN-00015414,CTA-778309,CLI-50670,2026-06-25 11:28:00,3067891.24,CRC,comision,web,SJ-001,Cuenta Corriente
TXN-00015415,CTA-303422,CLI-49611,2026-06-12 00:23:00,757541.67,CRC,comision,web,CA-001,Cuenta Ahorro
TXN-00015416,CTA-851875,CLI-42759,2026-06-21 12:01:00,2553445.3,CRC,transferencia,web,SJ-001,Cuenta Corriente
TXN-00015417,CTA-395435,CLI-33966,2026-06-25 00:04:00,4671555.67,CRC,comision,sinpe,SJ-001,Préstamo Personal
TXN-00015418,CTA-359271,CLI-44022,2026-06-03 02:08:00,172924.74,CRC,comision,sucursal,AL-001,Tarjeta Crédito
TXN-00015419,CTA-321634,CLI-15731,2026-06-09 07:41:00,3666900.25,CRC,transferencia,web,CA-001,Préstamo Hipotecario
TXN-00015420,CTA-229895,CLI-17677,2026-06-07 09:36:00,3178987.99,CRC,retiro,sucursal,SJ-002,Cuenta Corriente
TXN-00015421,CTA-671409,CLI-10901,2026-06-02 17:05:00,3405980.89,CRC,comision,web,CA-001,Préstamo Hipotecario
TXN-00015422,CTA-713281,CLI-25921,2026-06-04 01:35:00,2111013.63,CRC,retiro,sucursal,CA-001,Préstamo Personal
TXN-00015423,CTA-236118,CLI-31235,2026-06-14 20:31:00,4590547.77,CRC,deposito,sinpe,SJ-001,Cuenta Ahorro
TXN-00015424,CTA-742718,CLI-21492,2026-06-16 11:55:00,4800386.87,CRC,deposito,app_movil,LI-002,Cuenta Ahorro
TXN-00015425,CTA-947594,CLI-21572,2026-06-20 02:20:00,3624174.97,CRC,retiro,web,AL-001,Préstamo Personal
TXN-00015426,CTA-423091,CLI-79464,2026-06-15 20:03:00,2020968.08,CRC,pago,sinpe,CA-001,Tarjeta Crédito
TXN-00015427,CTA-266901,CLI-83296,2026-06-24 02:52:00,1981218.58,CRC,pago,atm,LI-001,Préstamo Hipotecario
TXN-00015428,CTA-513672,CLI-15681,2026-06-28 14:57:00,2354727.44,CRC,pago,web,SJ-002,Cuenta Ahorro
TXN-00015429,CTA-126447,CLI-23197,2026-06-15 10:18:00,1294597.74,CRC,deposito,web,LI-001,Cuenta Ahorro
TXN-00015430,CTA-534685,CLI-26371,2026-06-25 19:55:00,455559.97,CRC,deposito,sinpe,AL-001,Cuenta Corriente
TXN-00015431,CTA-327557,CLI-48596,2026-06-27 04:41:00,2860698.2,CRC,retiro,sucursal,CA-001,Cuenta Corriente
TXN-00015432,CTA-206346,CLI-10299,2026-06-15 20:56:00,179434.08,CRC,comision,atm,CA-001,Cuenta Ahorro
TXN-00015433,CTA-792664,CLI-24572,2026-06-08 05:24:00,3713867.07,CRC,retiro,app_movil,CA-001,Cuenta Corriente
TXN-00015434,CTA-468344,CLI-48064,2026-06-14 17:24:00,3831097.67,CRC,transferencia,web,LI-002,Cuenta Ahorro
TXN-00015435,CTA-393827,CLI-12191,2026-06-18 01:25:00,4886977.95,CRC,deposito,atm,LI-002,Cuenta Corriente
TXN-00015436,CTA-323190,CLI-57042,2026-06-23 08:55:00,1481500.58,CRC,pago,sucursal,SJ-002,Préstamo Hipotecario
TXN-00015437,CTA-480275,CLI-45889,2026-06-08 10:32:00,4308066.65,CRC,deposito,sinpe,LI-001,Cuenta Ahorro
TXN-00015438,CTA-879399,CLI-25797,2026-06-16 13:32:00,1081021.73,CRC,transferencia,atm,PU-001,Cuenta Corriente
TXN-00015439,CTA-664538,CLI-97530,2026-06-19 09:03:00,4890714.16,CRC,pago,web,HE-001,Préstamo Personal
TXN-00015440,CTA-576236,CLI-95570,2026-06-13 02:36:00,2555083.59,CRC,comision,sinpe,PU-001,Cuenta Corriente
TXN-00015441,CTA-917226,CLI-19435,2026-06-19 10:01:00,1867781.47,CRC,transferencia,atm,AL-001,Préstamo Hipotecario
TXN-00015442,CTA-633789,CLI-47076,2026-06-10 21:03:00,3123659.44,CRC,comision,sinpe,SJ-001,Cuenta Ahorro
TXN-00015443,CTA-874540,CLI-12984,2026-06-12 16:48:00,329584.0,CRC,pago,app_movil,AL-001,Cuenta Ahorro
TXN-00015444,CTA-863723,CLI-86228,2026-06-25 15:56:00,2081109.28,CRC,transferencia,web,CA-001,Cuenta Ahorro
TXN-00015445,CTA-762420,CLI-44424,2026-06-11 06:00:00,1332530.49,CRC,comision,atm,PU-001,Cuenta Corriente
TXN-00015446,CTA-206258,CLI-50355,2026-06-26 15:46:00,1447080.36,CRC,comision,app_movil,AL-001,Préstamo Hipotecario
TXN-00015447,CTA-771802,CLI-99077,2026-06-20 19:38:00,1663007.05,CRC,deposito,web,HE-001,Cuenta Ahorro
TXN-00015448,CTA-166684,CLI-30753,2026-06-18 00:40:00,146920.95,CRC,retiro,web,SJ-002,Préstamo Personal
TXN-00015449,CTA-396300,CLI-10162,2026-06-15 01:43:00,1515190.32,CRC,retiro,sucursal,SJ-002,Cuenta Corriente
TXN-00015450,CTA-213573,CLI-25521,2026-06-05 15:59:00,4404183.1,CRC,deposito,sinpe,SJ-001,Cuenta Ahorro
TXN-00015451,CTA-103298,CLI-11854,2026-06-06 05:36:00,744420.42,CRC,comision,app_movil,LI-001,Préstamo Hipotecario
TXN-00015452,CTA-845264,CLI-76986,2026-06-20 16:55:00,3802234.02,CRC,transferencia,atm,LI-001,Préstamo Personal
TXN-00015453,CTA-595273,CLI-77342,2026-06-25 01:11:00,1532919.77,CRC,comision,web,CA-001,Cuenta Corriente
TXN-00015454,CTA-773151,CLI-62047,2026-06-09 05:42:00,4316797.3,CRC,pago,sucursal,LI-002,Préstamo Personal
TXN-00015455,CTA-571550,CLI-77503,2026-06-03 23:04:00,3133299.54,CRC,comision,atm,SJ-001,Cuenta Ahorro
TXN-00015456,CTA-893319,CLI-62387,2026-06-21 04:27:00,2730829.05,CRC,deposito,web,PU-001,Préstamo Hipotecario
TXN-00015457,CTA-991321,CLI-30369,2026-06-23 23:47:00,4660048.22,CRC,retiro,app_movil,HE-001,Préstamo Personal
TXN-00015458,CTA-855014,CLI-71810,2026-06-30 04:01:00,2950225.4,CRC,pago,atm,PU-001,Tarjeta Crédito
TXN-00015459,CTA-721522,CLI-85725,2026-06-14 11:03:00,3680760.27,CRC,pago,sucursal,AL-001,Cuenta Ahorro
TXN-00015460,CTA-574856,CLI-81099,2026-06-19 21:58:00,2508184.7,CRC,transferencia,web,LI-001,Préstamo Personal
TXN-00015461,CTA-207466,CLI-41779,2026-06-25 06:48:00,3604956.15,CRC,transferencia,app_movil,PU-001,Préstamo Hipotecario
TXN-00015462,CTA-201618,CLI-13442,2026-06-29 17:26:00,728450.96,CRC,comision,app_movil,AL-001,Cuenta Ahorro
TXN-00015463,CTA-555036,CLI-98783,2026-06-04 19:23:00,1162988.39,CRC,deposito,app_movil,SJ-002,Tarjeta Crédito
TXN-00015464,CTA-806926,CLI-82942,2026-06-21 14:21:00,3588073.27,CRC,transferencia,app_movil,CA-001,Cuenta Ahorro
TXN-00015465,CTA-106014,CLI-84906,2026-06-21 01:56:00,3304459.32,CRC,transferencia,app_movil,HE-001,Préstamo Hipotecario
TXN-00015466,CTA-614367,CLI-60838,2026-06-23 05:00:00,293582.45,CRC,transferencia,sinpe,AL-001,Cuenta Corriente
TXN-00015467,CTA-553891,CLI-63228,2026-06-26 09:25:00,1755603.28,CRC,deposito,sinpe,AL-001,Préstamo Personal
TXN-00015468,CTA-668449,CLI-29829,2026-06-13 20:37:00,4239524.16,CRC,pago,sinpe,PU-001,Cuenta Corriente
TXN-00015469,CTA-992463,CLI-87366,2026-06-10 06:49:00,3783835.85,CRC,transferencia,app_movil,LI-002,Préstamo Personal
TXN-00015470,CTA-692552,CLI-36729,2026-06-12 18:36:00,1823164.97,CRC,transferencia,atm,LI-001,Préstamo Hipotecario
TXN-00015471,CTA-327356,CLI-71157,2026-06-27 06:26:00,1412729.96,CRC,transferencia,app_movil,SJ-002,Tarjeta Crédito
TXN-00015472,CTA-212231,CLI-33001,2026-06-30 05:50:00,755746.15,CRC,retiro,web,LI-002,Tarjeta Crédito
TXN-00015473,CTA-653257,CLI-67448,2026-06-21 23:27:00,1540241.2,CRC,pago,sucursal,LI-002,Cuenta Ahorro
TXN-00015474,CTA-254196,CLI-46267,2026-06-28 17:39:00,3904010.14,CRC,pago,atm,HE-001,Préstamo Hipotecario
TXN-00015475,CTA-704567,CLI-66159,2026-06-11 23:30:00,2305877.95,CRC,retiro,app_movil,AL-001,Cuenta Corriente
TXN-00015476,CTA-322874,CLI-58115,2026-06-06 01:19:00,1128347.34,CRC,transferencia,sucursal,AL-001,Tarjeta Crédito
TXN-00015477,CTA-259053,CLI-62950,2026-06-29 10:39:00,1728981.41,CRC,comision,atm,LI-001,Préstamo Personal
TXN-00015478,CTA-360117,CLI-39214,2026-06-27 23:35:00,2109361.02,CRC,comision,web,HE-001,Cuenta Corriente
TXN-00015479,CTA-736525,CLI-22372,2026-06-10 00:30:00,317661.75,CRC,retiro,atm,SJ-002,Préstamo Hipotecario
TXN-00015480,CTA-530168,CLI-55472,2026-06-26 01:39:00,4640643.0,CRC,comision,sinpe,SJ-002,Cuenta Corriente
TXN-00015481,CTA-139015,CLI-74496,2026-06-23 22:35:00,2283197.51,CRC,deposito,app_movil,HE-001,Préstamo Hipotecario
TXN-00015482,CTA-371668,CLI-17791,2026-06-17 18:18:00,1796397.21,CRC,pago,atm,LI-001,Cuenta Ahorro
TXN-00015483,CTA-173002,CLI-83157,2026-06-14 07:14:00,2300654.0,CRC,retiro,sinpe,PU-001,Préstamo Personal
TXN-00015484,CTA-996796,CLI-62329,2026-06-12 08:14:00,4194258.25,CRC,retiro,web,HE-001,Préstamo Personal
TXN-00015485,CTA-984704,CLI-86017,2026-06-09 09:29:00,1937593.33,CRC,comision,app_movil,AL-001,Cuenta Corriente
TXN-00015486,CTA-536528,CLI-21372,2026-06-30 01:26:00,4149177.1,CRC,comision,sinpe,PU-001,Préstamo Hipotecario
TXN-00015487,CTA-769641,CLI-45966,2026-06-11 16:54:00,461171.98,CRC,deposito,app_movil,SJ-002,Tarjeta Crédito
TXN-00015488,CTA-237053,CLI-63509,2026-06-09 23:50:00,3887418.58,CRC,deposito,sinpe,CA-001,Préstamo Personal
TXN-00015489,CTA-618887,CLI-81045,2026-06-09 03:30:00,2085521.92,CRC,comision,web,AL-001,Cuenta Corriente
TXN-00015490,CTA-825250,CLI-14889,2026-06-26 18:07:00,607279.79,CRC,comision,app_movil,SJ-001,Préstamo Personal
TXN-00015491,CTA-549864,CLI-14425,2026-06-30 14:02:00,4031787.47,CRC,deposito,atm,CA-001,Cuenta Ahorro
TXN-00015492,CTA-477180,CLI-16249,2026-06-14 16:15:00,2781502.87,CRC,comision,app_movil,CA-001,Cuenta Ahorro
TXN-00015493,CTA-476995,CLI-79501,2026-06-23 20:00:00,456494.86,CRC,pago,sucursal,AL-001,Tarjeta Crédito
TXN-00015494,CTA-341000,CLI-31989,2026-06-05 15:18:00,3946809.27,CRC,deposito,atm,SJ-001,Tarjeta Crédito
TXN-00015495,CTA-595795,CLI-88776,2026-06-22 12:49:00,646966.53,CRC,deposito,web,CA-001,Cuenta Corriente
TXN-00015496,CTA-445630,CLI-93190,2026-06-21 14:51:00,1403491.69,CRC,comision,sucursal,SJ-002,Cuenta Ahorro
TXN-00015497,CTA-317940,CLI-87694,2026-06-10 11:55:00,2351217.62,CRC,deposito,sinpe,CA-001,Tarjeta Crédito
TXN-00015498,CTA-816284,CLI-73879,2026-06-03 17:39:00,4476821.2,CRC,deposito,app_movil,SJ-001,Cuenta Corriente
TXN-00015499,CTA-204064,CLI-86087,2026-06-17 03:08:00,1602751.84,CRC,comision,atm,LI-001,Préstamo Hipotecario
TXN-00015500,CTA-324993,CLI-71383,2026-06-22 12:13:00,3573825.18,CRC,retiro,app_movil,SJ-001,Tarjeta Crédito
TXN-00015501,CTA-475025,CLI-96440,2026-06-01 08:48:00,4049849.72,CRC,comision,atm,AL-001,Préstamo Personal
TXN-00015502,CTA-395264,CLI-25294,2026-06-01 14:40:00,3791945.27,CRC,comision,sucursal,PU-001,Cuenta Ahorro
TXN-00015503,CTA-166533,CLI-57314,2026-06-21 08:41:00,1673443.65,CRC,transferencia,app_movil,LI-001,Cuenta Ahorro
TXN-00015504,CTA-509564,CLI-90165,2026-06-21 00:47:00,559666.78,CRC,pago,app_movil,LI-002,Préstamo Hipotecario
TXN-00015505,CTA-176227,CLI-37724,2026-06-24 00:22:00,3034828.04,CRC,transferencia,app_movil,HE-001,Cuenta Ahorro
TXN-00015506,CTA-523747,CLI-81029,2026-06-02 10:11:00,1078785.3,CRC,comision,sucursal,PU-001,Préstamo Hipotecario
TXN-00015507,CTA-903497,CLI-11061,2026-06-09 22:27:00,3330654.66,CRC,transferencia,atm,PU-001,Préstamo Personal
TXN-00015508,CTA-757104,CLI-59529,2026-06-04 00:07:00,1861568.04,CRC,retiro,web,LI-001,Cuenta Corriente
TXN-00015509,CTA-266957,CLI-52579,2026-06-08 14:37:00,2496864.47,CRC,retiro,sinpe,LI-002,Cuenta Corriente
TXN-00015510,CTA-696128,CLI-69921,2026-06-16 21:37:00,2657304.65,CRC,pago,app_movil,AL-001,Préstamo Hipotecario
TXN-00015511,CTA-406758,CLI-59507,2026-06-13 14:48:00,4420466.34,CRC,deposito,sucursal,LI-002,Préstamo Personal
TXN-00015512,CTA-925663,CLI-92706,2026-06-16 03:32:00,1692289.4,CRC,retiro,web,SJ-001,Cuenta Corriente
TXN-00015513,CTA-220107,CLI-32417,2026-06-28 17:10:00,1938390.7,CRC,retiro,app_movil,CA-001,Cuenta Corriente
TXN-00015514,CTA-229791,CLI-33166,2026-06-23 04:27:00,1801877.81,CRC,comision,app_movil,PU-001,Préstamo Personal
TXN-00015515,CTA-188897,CLI-28892,2026-06-21 19:08:00,453386.06,CRC,retiro,web,AL-001,Préstamo Personal
TXN-00015516,CTA-283463,CLI-50510,2026-06-13 11:06:00,1714793.81,CRC,retiro,web,AL-001,Préstamo Personal
TXN-00015517,CTA-919457,CLI-24541,2026-06-12 04:07:00,3415740.41,CRC,retiro,app_movil,SJ-001,Cuenta Ahorro
TXN-00015518,CTA-591559,CLI-47646,2026-06-07 03:52:00,1975948.27,CRC,pago,sinpe,HE-001,Préstamo Personal
TXN-00015519,CTA-539913,CLI-11979,2026-06-22 15:49:00,4079073.48,CRC,retiro,atm,SJ-002,Préstamo Personal
TXN-00015520,CTA-859315,CLI-54181,2026-06-27 15:55:00,2027372.21,CRC,transferencia,web,PU-001,Cuenta Ahorro
TXN-00015521,CTA-227164,CLI-50216,2026-06-08 12:12:00,3446338.54,CRC,deposito,sucursal,LI-001,Préstamo Hipotecario
TXN-00015522,CTA-481310,CLI-59916,2026-06-08 02:29:00,4041582.1,CRC,transferencia,web,LI-002,Cuenta Corriente
TXN-00015523,CTA-579996,CLI-97506,2026-06-04 14:57:00,2691158.83,CRC,comision,app_movil,LI-001,Cuenta Corriente
TXN-00015524,CTA-769492,CLI-17294,2026-06-10 06:41:00,3159311.58,CRC,pago,web,CA-001,Préstamo Hipotecario
TXN-00015525,CTA-915295,CLI-34344,2026-06-19 01:54:00,3427869.03,CRC,retiro,atm,HE-001,Préstamo Hipotecario
TXN-00015526,CTA-524937,CLI-67961,2026-06-04 05:05:00,3576920.89,CRC,comision,web,CA-001,Préstamo Personal
TXN-00015527,CTA-729489,CLI-73830,2026-06-04 06:04:00,641163.98,CRC,retiro,app_movil,HE-001,Préstamo Personal
TXN-00015528,CTA-232255,CLI-65061,2026-06-03 23:07:00,2374577.34,CRC,comision,web,LI-001,Préstamo Hipotecario
TXN-00015529,CTA-789080,CLI-36428,2026-06-10 01:20:00,1503659.93,CRC,pago,app_movil,HE-001,Cuenta Corriente
TXN-00015530,CTA-186395,CLI-13789,2026-06-15 07:58:00,970675.54,CRC,deposito,atm,SJ-002,Tarjeta Crédito
TXN-00015531,CTA-425655,CLI-19757,2026-06-06 01:59:00,4316037.63,CRC,transferencia,atm,PU-001,Tarjeta Crédito
TXN-00015532,CTA-402696,CLI-31704,2026-06-06 10:36:00,999600.74,CRC,retiro,sinpe,AL-001,Préstamo Personal
TXN-00015533,CTA-275972,CLI-25426,2026-06-13 10:51:00,2702433.95,CRC,pago,atm,AL-001,Cuenta Corriente
TXN-00015534,CTA-105835,CLI-69037,2026-06-20 11:47:00,4284020.96,CRC,transferencia,app_movil,SJ-001,Tarjeta Crédito
TXN-00015535,CTA-335534,CLI-78582,2026-06-01 04:18:00,4695171.08,CRC,comision,atm,LI-002,Tarjeta Crédito
TXN-00015536,CTA-627028,CLI-28405,2026-06-08 12:58:00,1636801.45,CRC,comision,sucursal,LI-002,Cuenta Corriente
TXN-00015537,CTA-134471,CLI-75257,2026-06-14 03:08:00,3829877.15,CRC,deposito,app_movil,AL-001,Cuenta Ahorro
TXN-00015538,CTA-134429,CLI-60237,2026-06-06 12:32:00,767878.69,CRC,transferencia,sucursal,HE-001,Préstamo Hipotecario
TXN-00015539,CTA-440226,CLI-88686,2026-06-02 11:28:00,2980567.03,CRC,transferencia,sinpe,CA-001,Préstamo Personal
TXN-00015540,CTA-396546,CLI-47857,2026-06-03 10:15:00,3817551.99,CRC,transferencia,web,CA-001,Cuenta Corriente
TXN-00015541,CTA-793706,CLI-90928,2026-06-15 05:57:00,2646586.2,CRC,retiro,atm,LI-001,Cuenta Corriente
TXN-00015542,CTA-150741,CLI-47447,2026-06-20 15:58:00,1718391.27,CRC,transferencia,web,LI-002,Cuenta Corriente
TXN-00015543,CTA-582709,CLI-37700,2026-06-18 06:27:00,1391181.02,CRC,transferencia,sucursal,PU-001,Cuenta Ahorro
TXN-00015544,CTA-359430,CLI-80960,2026-06-14 12:01:00,3581791.57,CRC,comision,sinpe,AL-001,Cuenta Ahorro
TXN-00015545,CTA-831506,CLI-11321,2026-06-17 07:27:00,3718504.17,CRC,deposito,atm,SJ-001,Préstamo Personal
TXN-00015546,CTA-182911,CLI-45829,2026-06-10 17:20:00,3444221.6,CRC,transferencia,web,PU-001,Préstamo Hipotecario
TXN-00015547,CTA-980035,CLI-16579,2026-06-29 15:07:00,1140916.85,CRC,pago,web,PU-001,Préstamo Personal
TXN-00015548,CTA-915599,CLI-20076,2026-06-05 10:10:00,102442.43,CRC,pago,sucursal,LI-001,Préstamo Personal
TXN-00015549,CTA-269098,CLI-51794,2026-06-28 14:17:00,4533543.03,CRC,transferencia,sucursal,AL-001,Préstamo Hipotecario
TXN-00015550,CTA-806633,CLI-56047,2026-06-24 10:15:00,4351946.38,CRC,deposito,app_movil,CA-001,Préstamo Personal
TXN-00015551,CTA-825689,CLI-60190,2026-06-29 15:57:00,3523860.44,CRC,retiro,app_movil,LI-002,Cuenta Ahorro
TXN-00015552,CTA-273496,CLI-79339,2026-06-02 04:42:00,913965.68,CRC,transferencia,web,HE-001,Cuenta Ahorro
TXN-00015553,CTA-511629,CLI-77096,2026-06-21 08:56:00,4870230.21,CRC,transferencia,web,LI-001,Préstamo Hipotecario
TXN-00015554,CTA-848666,CLI-34335,2026-06-19 08:20:00,1790785.0,CRC,deposito,sinpe,AL-001,Cuenta Corriente
TXN-00015555,CTA-787145,CLI-99992,2026-06-07 15:07:00,10710.16,CRC,deposito,web,HE-001,Cuenta Ahorro
TXN-00015556,CTA-583880,CLI-23152,2026-06-13 23:14:00,4115457.68,CRC,comision,atm,CA-001,Préstamo Hipotecario
TXN-00015557,CTA-700440,CLI-13182,2026-06-09 21:43:00,2738148.26,CRC,transferencia,web,AL-001,Préstamo Personal
TXN-00015558,CTA-631367,CLI-96202,2026-06-03 09:09:00,3737108.34,CRC,pago,sinpe,AL-001,Cuenta Corriente
TXN-00015559,CTA-700934,CLI-88221,2026-06-07 15:23:00,611429.62,CRC,transferencia,app_movil,CA-001,Préstamo Personal
TXN-00015560,CTA-506215,CLI-59012,2026-06-22 15:13:00,4776920.25,CRC,pago,app_movil,LI-001,Cuenta Ahorro
TXN-00015561,CTA-666544,CLI-39014,2026-06-11 20:40:00,1987415.15,CRC,retiro,sinpe,SJ-002,Préstamo Hipotecario
TXN-00015562,CTA-832431,CLI-32874,2026-06-30 21:05:00,537727.86,CRC,retiro,atm,CA-001,Préstamo Hipotecario
TXN-00015563,CTA-150911,CLI-81121,2026-06-17 06:12:00,3829215.3,CRC,deposito,app_movil,AL-001,Préstamo Hipotecario
TXN-00015564,CTA-123865,CLI-74271,2026-06-22 00:08:00,4027581.51,CRC,transferencia,sinpe,LI-002,Cuenta Corriente
TXN-00015565,CTA-723148,CLI-73473,2026-06-24 02:03:00,3022979.16,CRC,retiro,atm,LI-001,Préstamo Hipotecario
TXN-00015566,CTA-771311,CLI-48605,2026-06-24 16:58:00,3523879.64,CRC,deposito,web,AL-001,Préstamo Personal
TXN-00015567,CTA-886292,CLI-91132,2026-06-07 01:00:00,1134769.25,CRC,transferencia,app_movil,SJ-002,Tarjeta Crédito
TXN-00015568,CTA-585088,CLI-33797,2026-06-11 08:16:00,4639118.87,CRC,retiro,atm,LI-001,Préstamo Personal
TXN-00015569,CTA-565932,CLI-57830,2026-06-14 01:50:00,1000030.87,CRC,comision,app_movil,AL-001,Tarjeta Crédito
TXN-00015570,CTA-814979,CLI-43381,2026-06-15 13:22:00,177875.92,CRC,deposito,sinpe,AL-001,Préstamo Personal
TXN-00015571,CTA-589789,CLI-64857,2026-06-27 09:38:00,1584530.52,CRC,deposito,app_movil,LI-002,Cuenta Corriente
TXN-00015572,CTA-627025,CLI-57979,2026-06-30 18:01:00,4840251.12,CRC,retiro,sinpe,SJ-001,Cuenta Corriente
TXN-00015573,CTA-431307,CLI-88828,2026-06-27 00:50:00,1924860.38,CRC,transferencia,app_movil,HE-001,Cuenta Ahorro
TXN-00015574,CTA-389198,CLI-91938,2026-06-03 23:59:00,4209893.41,CRC,retiro,web,PU-001,Cuenta Corriente
TXN-00015575,CTA-488502,CLI-60565,2026-06-27 06:09:00,4746383.17,CRC,comision,atm,SJ-002,Cuenta Ahorro
TXN-00015576,CTA-182061,CLI-74759,2026-06-15 07:12:00,1066346.86,CRC,pago,app_movil,PU-001,Préstamo Personal
TXN-00015577,CTA-886305,CLI-44800,2026-06-23 10:09:00,4571207.82,CRC,comision,sucursal,HE-001,Cuenta Corriente
TXN-00015578,CTA-188308,CLI-56943,2026-06-16 05:11:00,4195210.64,CRC,retiro,web,LI-002,Cuenta Corriente
TXN-00015579,CTA-135947,CLI-16138,2026-06-19 00:02:00,1263796.02,CRC,retiro,sinpe,HE-001,Préstamo Hipotecario
TXN-00015580,CTA-929359,CLI-47485,2026-06-06 02:52:00,2247802.55,CRC,transferencia,web,SJ-001,Préstamo Personal
TXN-00015581,CTA-557280,CLI-20633,2026-06-29 02:00:00,3473823.51,CRC,transferencia,web,LI-001,Préstamo Personal
TXN-00015582,CTA-988776,CLI-66725,2026-06-25 14:17:00,3296477.57,CRC,comision,app_movil,SJ-002,Cuenta Ahorro
TXN-00015583,CTA-461688,CLI-31899,2026-06-12 07:57:00,49541.88,CRC,deposito,web,CA-001,Préstamo Hipotecario
TXN-00015584,CTA-261015,CLI-28272,2026-06-17 14:02:00,4662471.68,CRC,deposito,web,CA-001,Préstamo Personal
TXN-00015585,CTA-792685,CLI-26588,2026-06-21 12:37:00,3802582.49,CRC,deposito,sucursal,HE-001,Tarjeta Crédito
TXN-00015586,CTA-505438,CLI-56438,2026-06-23 10:46:00,4125179.97,CRC,comision,app_movil,SJ-001,Cuenta Corriente
TXN-00015587,CTA-529417,CLI-37195,2026-06-21 15:27:00,3307983.44,CRC,comision,web,HE-001,Préstamo Hipotecario
TXN-00015588,CTA-666600,CLI-92177,2026-06-16 09:55:00,3007551.69,CRC,deposito,web,CA-001,Préstamo Personal
TXN-00015589,CTA-365575,CLI-80756,2026-06-27 01:31:00,3936142.01,CRC,deposito,sinpe,AL-001,Préstamo Personal
TXN-00015590,CTA-727171,CLI-29157,2026-06-19 16:26:00,3585603.95,CRC,retiro,sinpe,HE-001,Cuenta Corriente
TXN-00015591,CTA-444742,CLI-63243,2026-06-08 21:07:00,941884.49,CRC,retiro,app_movil,AL-001,Préstamo Hipotecario
TXN-00015592,CTA-478413,CLI-88321,2026-06-22 10:43:00,3323376.52,CRC,pago,sinpe,LI-001,Cuenta Corriente
TXN-00015593,CTA-144512,CLI-62758,2026-06-18 21:01:00,2543701.85,CRC,deposito,web,CA-001,Cuenta Ahorro
TXN-00015594,CTA-698104,CLI-77513,2026-06-10 07:41:00,585892.52,CRC,retiro,sucursal,SJ-002,Cuenta Ahorro
TXN-00015595,CTA-890431,CLI-82441,2026-06-14 19:18:00,1114089.23,CRC,comision,sucursal,AL-001,Cuenta Corriente
TXN-00015596,CTA-809461,CLI-86509,2026-06-07 16:35:00,3336346.64,CRC,comision,sucursal,AL-001,Cuenta Ahorro
TXN-00015597,CTA-133660,CLI-77585,2026-06-01 13:27:00,1308934.47,CRC,retiro,atm,HE-001,Tarjeta Crédito
TXN-00015598,CTA-557535,CLI-80541,2026-06-23 03:16:00,1281787.88,CRC,comision,web,HE-001,Préstamo Hipotecario
TXN-00015599,CTA-251399,CLI-61111,2026-06-11 06:12:00,2865561.85,CRC,pago,app_movil,AL-001,Cuenta Ahorro
TXN-00015600,CTA-424621,CLI-78357,2026-06-12 21:17:00,3936577.89,CRC,transferencia,atm,SJ-002,Cuenta Ahorro
TXN-00015601,CTA-254727,CLI-38161,2026-06-10 16:51:00,3432063.22,CRC,comision,sinpe,HE-001,Cuenta Ahorro
TXN-00015602,CTA-104012,CLI-35596,2026-06-19 20:20:00,308031.73,CRC,pago,sinpe,LI-002,Cuenta Corriente
TXN-00015603,CTA-444660,CLI-14887,2026-06-12 11:36:00,1895682.72,CRC,transferencia,web,AL-001,Cuenta Ahorro
TXN-00015604,CTA-625909,CLI-45845,2026-06-16 00:01:00,3946307.02,CRC,transferencia,web,SJ-002,Cuenta Ahorro
TXN-00015605,CTA-684327,CLI-31900,2026-06-04 10:13:00,4401968.3,CRC,transferencia,web,HE-001,Cuenta Corriente
TXN-00015606,CTA-282326,CLI-14073,2026-06-20 13:11:00,2098759.2,CRC,deposito,sucursal,LI-001,Préstamo Personal
TXN-00015607,CTA-163914,CLI-91829,2026-06-14 08:20:00,718103.41,CRC,deposito,atm,LI-001,Préstamo Personal
TXN-00015608,CTA-462262,CLI-76658,2026-06-27 21:28:00,2777963.43,CRC,comision,sucursal,SJ-001,Préstamo Hipotecario
TXN-00015609,CTA-277295,CLI-31324,2026-06-07 09:22:00,4910870.13,CRC,pago,app_movil,SJ-001,Préstamo Personal
TXN-00015610,CTA-242167,CLI-41181,2026-06-08 16:21:00,1276970.92,CRC,retiro,sucursal,HE-001,Tarjeta Crédito
TXN-00015611,CTA-169431,CLI-60496,2026-06-29 17:52:00,2239197.03,CRC,deposito,app_movil,AL-001,Tarjeta Crédito
TXN-00015612,CTA-118452,CLI-57598,2026-06-10 16:15:00,285342.98,CRC,transferencia,web,CA-001,Cuenta Ahorro
TXN-00015613,CTA-904854,CLI-51798,2026-06-03 13:23:00,944459.96,CRC,deposito,sinpe,AL-001,Préstamo Hipotecario
TXN-00015614,CTA-836377,CLI-53628,2026-06-07 02:19:00,356140.94,CRC,comision,web,SJ-001,Préstamo Personal
TXN-00015615,CTA-429119,CLI-32939,2026-06-25 08:46:00,2166215.51,CRC,comision,app_movil,SJ-001,Préstamo Hipotecario
TXN-00015616,CTA-266415,CLI-28475,2026-06-21 04:41:00,1053749.69,CRC,deposito,sucursal,LI-002,Préstamo Personal
TXN-00015617,CTA-701089,CLI-56948,2026-06-23 11:37:00,1245564.54,CRC,deposito,web,SJ-001,Cuenta Corriente
TXN-00015618,CTA-843870,CLI-70181,2026-06-22 13:45:00,2208391.14,CRC,transferencia,sinpe,PU-001,Tarjeta Crédito
TXN-00015619,CTA-651561,CLI-97302,2026-06-23 17:13:00,7284.66,CRC,retiro,sucursal,LI-002,Cuenta Corriente
TXN-00015620,CTA-848070,CLI-42735,2026-06-17 13:02:00,956530.04,CRC,pago,sucursal,PU-001,Préstamo Hipotecario
TXN-00015621,CTA-525554,CLI-67199,2026-06-04 00:30:00,3631885.77,CRC,retiro,web,AL-001,Préstamo Hipotecario
TXN-00015622,CTA-494142,CLI-34840,2026-06-02 19:12:00,4428312.41,CRC,deposito,app_movil,LI-002,Préstamo Personal
TXN-00015623,CTA-882195,CLI-50735,2026-06-23 20:05:00,3281602.7,CRC,transferencia,atm,SJ-002,Tarjeta Crédito
TXN-00015624,CTA-784465,CLI-92044,2026-06-13 02:12:00,3295687.55,CRC,retiro,web,LI-001,Préstamo Personal
TXN-00015625,CTA-211733,CLI-83396,2026-06-14 22:02:00,2773892.91,CRC,comision,web,PU-001,Cuenta Corriente
TXN-00015626,CTA-511760,CLI-59147,2026-06-07 10:17:00,4018715.78,CRC,pago,atm,LI-001,Cuenta Ahorro
TXN-00015627,CTA-146552,CLI-86384,2026-06-14 18:35:00,1314076.87,CRC,retiro,sucursal,HE-001,Cuenta Corriente
TXN-00015628,CTA-838243,CLI-97532,2026-06-06 08:09:00,4441543.56,CRC,pago,app_movil,CA-001,Préstamo Hipotecario
TXN-00015629,CTA-989454,CLI-15994,2026-06-27 10:00:00,182853.63,CRC,pago,app_movil,CA-001,Tarjeta Crédito
TXN-00015630,CTA-791369,CLI-69856,2026-06-07 18:02:00,1530527.7,CRC,pago,app_movil,HE-001,Préstamo Personal
TXN-00015631,CTA-435261,CLI-79857,2026-06-22 04:31:00,3598143.72,CRC,pago,atm,SJ-001,Préstamo Hipotecario
TXN-00015632,CTA-364684,CLI-60625,2026-06-29 22:14:00,1287723.55,CRC,deposito,sucursal,AL-001,Préstamo Personal
TXN-00015633,CTA-652270,CLI-31963,2026-06-02 07:03:00,38630.54,CRC,deposito,sucursal,CA-001,Cuenta Ahorro
TXN-00015634,CTA-396570,CLI-72694,2026-06-12 09:36:00,23263.12,CRC,transferencia,sinpe,LI-002,Cuenta Ahorro
TXN-00015635,CTA-681677,CLI-71951,2026-06-14 19:30:00,4689011.22,CRC,transferencia,web,SJ-002,Tarjeta Crédito
TXN-00015636,CTA-281164,CLI-67058,2026-06-22 02:40:00,4106747.63,CRC,pago,app_movil,HE-001,Cuenta Ahorro
TXN-00015637,CTA-968288,CLI-81659,2026-06-09 03:44:00,2628132.74,CRC,transferencia,app_movil,SJ-001,Tarjeta Crédito
TXN-00015638,CTA-639188,CLI-38977,2026-06-22 16:49:00,3630246.75,CRC,transferencia,sucursal,SJ-002,Tarjeta Crédito
TXN-00015639,CTA-914963,CLI-59015,2026-06-05 01:26:00,227945.7,CRC,comision,sinpe,SJ-002,Préstamo Hipotecario
TXN-00015640,CTA-981083,CLI-82244,2026-06-25 09:06:00,4310792.74,CRC,pago,sucursal,AL-001,Tarjeta Crédito
TXN-00015641,CTA-799736,CLI-55370,2026-06-26 14:13:00,4125232.16,CRC,pago,web,SJ-001,Préstamo Personal
TXN-00015642,CTA-696734,CLI-38734,2026-06-19 13:17:00,3418925.18,CRC,comision,app_movil,HE-001,Cuenta Corriente
TXN-00015643,CTA-885079,CLI-24479,2026-06-09 06:06:00,2034176.4,CRC,comision,sucursal,PU-001,Tarjeta Crédito
TXN-00015644,CTA-968422,CLI-36416,2026-06-14 18:56:00,3075859.89,CRC,retiro,atm,SJ-001,Cuenta Corriente
TXN-00015645,CTA-130365,CLI-27638,2026-06-13 21:57:00,3255184.48,CRC,deposito,sinpe,LI-001,Cuenta Corriente
TXN-00015646,CTA-349273,CLI-24866,2026-06-17 16:41:00,908001.9,CRC,deposito,web,HE-001,Cuenta Corriente
TXN-00015647,CTA-237380,CLI-95358,2026-06-05 19:06:00,3638316.73,CRC,pago,sinpe,HE-001,Cuenta Corriente
TXN-00015648,CTA-205230,CLI-14521,2026-06-27 01:26:00,807752.27,CRC,comision,app_movil,LI-002,Préstamo Personal
TXN-00015649,CTA-935441,CLI-30596,2026-06-09 04:35:00,1238031.27,CRC,pago,sucursal,SJ-001,Cuenta Corriente
TXN-00015650,CTA-389894,CLI-41954,2026-06-20 20:14:00,1262256.15,CRC,pago,sucursal,CA-001,Préstamo Hipotecario
TXN-00015651,CTA-877247,CLI-86634,2026-06-27 13:56:00,4898868.99,CRC,transferencia,sinpe,SJ-001,Cuenta Corriente
TXN-00015652,CTA-702185,CLI-73050,2026-06-05 10:16:00,789819.39,CRC,pago,atm,SJ-002,Cuenta Corriente
TXN-00015653,CTA-783125,CLI-54298,2026-06-22 04:04:00,4369672.01,CRC,deposito,atm,AL-001,Préstamo Hipotecario
TXN-00015654,CTA-167065,CLI-98698,2026-06-17 17:49:00,1070536.23,CRC,transferencia,atm,CA-001,Cuenta Corriente
TXN-00015655,CTA-528033,CLI-81941,2026-06-26 19:30:00,4655661.78,CRC,comision,app_movil,HE-001,Cuenta Ahorro
TXN-00015656,CTA-959800,CLI-78817,2026-06-02 15:15:00,43249.53,CRC,retiro,app_movil,SJ-002,Préstamo Hipotecario
TXN-00015657,CTA-528994,CLI-36688,2026-06-20 02:26:00,4427432.22,CRC,pago,app_movil,SJ-001,Cuenta Ahorro
TXN-00015658,CTA-248492,CLI-40172,2026-06-19 18:02:00,2149641.48,CRC,transferencia,sinpe,SJ-002,Cuenta Ahorro
TXN-00015659,CTA-317156,CLI-84756,2026-06-20 17:18:00,780136.63,CRC,comision,sinpe,PU-001,Préstamo Personal
TXN-00015660,CTA-657517,CLI-12652,2026-06-13 03:03:00,3182971.14,CRC,retiro,app_movil,SJ-001,Préstamo Hipotecario
TXN-00015661,CTA-430486,CLI-65527,2026-06-15 22:55:00,1859895.1,CRC,comision,atm,AL-001,Préstamo Personal
TXN-00015662,CTA-270045,CLI-70836,2026-06-28 00:42:00,3715703.45,CRC,comision,app_movil,SJ-002,Cuenta Ahorro
TXN-00015663,CTA-918474,CLI-86341,2026-06-21 16:03:00,1262948.89,CRC,comision,web,AL-001,Tarjeta Crédito
TXN-00015664,CTA-455918,CLI-67148,2026-06-18 04:33:00,3884251.32,CRC,pago,sucursal,AL-001,Tarjeta Crédito
TXN-00015665,CTA-504034,CLI-72519,2026-06-07 07:12:00,1356533.42,CRC,pago,atm,SJ-002,Préstamo Hipotecario
TXN-00015666,CTA-898200,CLI-19576,2026-06-20 23:03:00,4361926.14,CRC,deposito,atm,SJ-002,Préstamo Personal
TXN-00015667,CTA-948494,CLI-75801,2026-06-21 01:40:00,96049.75,CRC,transferencia,sinpe,CA-001,Cuenta Ahorro
TXN-00015668,CTA-484539,CLI-99265,2026-06-13 04:54:00,228590.43,CRC,comision,app_movil,CA-001,Préstamo Hipotecario
TXN-00015669,CTA-491817,CLI-46908,2026-06-18 19:36:00,2524403.24,CRC,retiro,web,CA-001,Tarjeta Crédito
TXN-00015670,CTA-105279,CLI-72544,2026-06-26 22:13:00,1843218.33,CRC,transferencia,web,LI-002,Cuenta Ahorro
TXN-00015671,CTA-686748,CLI-50720,2026-06-19 00:51:00,654482.09,CRC,retiro,app_movil,AL-001,Préstamo Hipotecario
TXN-00015672,CTA-778157,CLI-21686,2026-06-07 12:30:00,4014381.26,CRC,retiro,web,AL-001,Cuenta Corriente
TXN-00015673,CTA-576403,CLI-90157,2026-06-16 08:14:00,3341764.99,CRC,retiro,web,LI-002,Cuenta Corriente
TXN-00015674,CTA-239964,CLI-91841,2026-06-06 23:36:00,2476748.0,CRC,transferencia,sucursal,CA-001,Tarjeta Crédito
TXN-00015675,CTA-125493,CLI-43974,2026-06-10 20:03:00,717547.37,CRC,pago,web,AL-001,Cuenta Ahorro
TXN-00015676,CTA-577139,CLI-29561,2026-06-28 19:38:00,1391805.69,CRC,comision,sucursal,HE-001,Préstamo Personal
TXN-00015677,CTA-523901,CLI-74752,2026-06-06 04:31:00,2370329.51,CRC,comision,sucursal,PU-001,Préstamo Personal
TXN-00015678,CTA-994875,CLI-76506,2026-06-06 21:10:00,2847540.19,CRC,transferencia,sinpe,LI-001,Préstamo Hipotecario
TXN-00015679,CTA-597600,CLI-55928,2026-06-18 07:18:00,404726.16,CRC,transferencia,web,SJ-001,Cuenta Ahorro
TXN-00015680,CTA-174197,CLI-48785,2026-06-08 09:13:00,3506062.01,CRC,pago,web,SJ-002,Tarjeta Crédito
TXN-00015681,CTA-124469,CLI-51098,2026-06-30 15:31:00,2700559.24,CRC,deposito,atm,SJ-002,Préstamo Hipotecario
TXN-00015682,CTA-266073,CLI-22700,2026-06-10 00:45:00,1381335.74,CRC,comision,sinpe,SJ-002,Tarjeta Crédito
TXN-00015683,CTA-622377,CLI-58621,2026-06-05 11:28:00,2838528.94,CRC,comision,app_movil,LI-002,Cuenta Corriente
TXN-00015684,CTA-732513,CLI-96447,2026-06-26 00:54:00,1111291.76,CRC,deposito,web,PU-001,Préstamo Personal
TXN-00015685,CTA-215851,CLI-70245,2026-06-19 14:57:00,3331534.74,CRC,retiro,sucursal,CA-001,Préstamo Personal
TXN-00015686,CTA-925291,CLI-37659,2026-06-05 14:36:00,1787661.69,CRC,comision,app_movil,HE-001,Préstamo Hipotecario
TXN-00015687,CTA-440476,CLI-19384,2026-06-22 00:00:00,759832.28,CRC,transferencia,atm,CA-001,Tarjeta Crédito
TXN-00015688,CTA-149302,CLI-71091,2026-06-19 23:58:00,2147352.05,CRC,pago,atm,SJ-001,Préstamo Hipotecario
TXN-00015689,CTA-595573,CLI-84249,2026-06-02 03:11:00,3515342.44,CRC,deposito,sinpe,CA-001,Préstamo Hipotecario
TXN-00015690,CTA-619339,CLI-14873,2026-06-15 04:51:00,3000680.94,CRC,pago,app_movil,HE-001,Tarjeta Crédito
TXN-00015691,CTA-925725,CLI-32992,2026-06-16 08:38:00,2793801.15,CRC,deposito,sucursal,HE-001,Tarjeta Crédito
TXN-00015692,CTA-472400,CLI-83930,2026-06-13 20:59:00,3902088.08,CRC,comision,sucursal,LI-002,Tarjeta Crédito
TXN-00015693,CTA-540261,CLI-20925,2026-06-10 00:02:00,2816759.36,CRC,retiro,atm,HE-001,Tarjeta Crédito
TXN-00015694,CTA-830538,CLI-49459,2026-06-16 12:38:00,932158.03,CRC,pago,sucursal,AL-001,Cuenta Ahorro
TXN-00015695,CTA-828873,CLI-26167,2026-06-25 09:40:00,4066235.37,CRC,deposito,web,LI-002,Cuenta Ahorro
TXN-00015696,CTA-951133,CLI-85521,2026-06-15 17:41:00,3256367.99,CRC,deposito,sucursal,CA-001,Tarjeta Crédito
TXN-00015697,CTA-772615,CLI-36231,2026-06-03 14:40:00,783997.18,CRC,retiro,sucursal,CA-001,Tarjeta Crédito
TXN-00015698,CTA-766838,CLI-60571,2026-06-27 21:58:00,3648448.4,CRC,deposito,app_movil,SJ-002,Préstamo Personal
TXN-00015699,CTA-364805,CLI-37670,2026-06-13 23:57:00,1448118.22,CRC,comision,sinpe,PU-001,Cuenta Ahorro
TXN-00015700,CTA-170458,CLI-17312,2026-06-01 11:20:00,610635.64,CRC,transferencia,sinpe,PU-001,Préstamo Personal
TXN-00015701,CTA-749742,CLI-51206,2026-06-15 15:52:00,2678512.97,CRC,pago,sinpe,LI-002,Préstamo Personal
TXN-00015702,CTA-578497,CLI-23772,2026-06-22 19:34:00,1632043.84,CRC,comision,app_movil,LI-001,Cuenta Corriente
TXN-00015703,CTA-851225,CLI-15169,2026-06-09 02:09:00,1708490.34,CRC,comision,atm,LI-001,Cuenta Ahorro
TXN-00015704,CTA-707129,CLI-70989,2026-06-08 10:46:00,1454779.7,CRC,retiro,web,CA-001,Tarjeta Crédito
TXN-00015705,CTA-575002,CLI-98264,2026-06-30 07:39:00,1627116.21,CRC,deposito,web,LI-001,Cuenta Corriente
TXN-00015706,CTA-536772,CLI-19967,2026-06-27 16:47:00,3559978.99,CRC,pago,app_movil,SJ-002,Préstamo Hipotecario
TXN-00015707,CTA-410732,CLI-55470,2026-06-13 13:58:00,151497.72,CRC,pago,web,PU-001,Tarjeta Crédito
TXN-00015708,CTA-710177,CLI-50860,2026-06-26 07:35:00,4008717.49,CRC,comision,sucursal,SJ-001,Cuenta Corriente
TXN-00015709,CTA-993600,CLI-54420,2026-06-04 00:17:00,1003869.96,CRC,comision,app_movil,CA-001,Préstamo Personal
TXN-00015710,CTA-831918,CLI-21246,2026-06-16 07:28:00,4926339.22,CRC,deposito,sinpe,HE-001,Cuenta Ahorro
TXN-00015711,CTA-842756,CLI-27185,2026-06-08 00:21:00,573377.54,CRC,transferencia,web,HE-001,Tarjeta Crédito
TXN-00015712,CTA-742580,CLI-78700,2026-06-01 11:04:00,1121768.3,CRC,comision,app_movil,PU-001,Tarjeta Crédito
TXN-00015713,CTA-479820,CLI-22093,2026-06-03 21:42:00,3606040.64,CRC,deposito,sinpe,SJ-001,Cuenta Corriente
TXN-00015714,CTA-966424,CLI-20447,2026-06-07 09:50:00,4644598.32,CRC,retiro,web,HE-001,Cuenta Corriente
TXN-00015715,CTA-552482,CLI-78619,2026-06-20 04:04:00,687653.88,CRC,pago,web,LI-002,Cuenta Ahorro
TXN-00015716,CTA-875628,CLI-83481,2026-06-01 00:19:00,4509351.64,CRC,retiro,sucursal,LI-002,Tarjeta Crédito
TXN-00015717,CTA-947965,CLI-24863,2026-06-25 13:53:00,1776644.59,CRC,deposito,web,CA-001,Cuenta Corriente
TXN-00015718,CTA-637772,CLI-71309,2026-06-21 11:17:00,1164540.1,CRC,deposito,sinpe,CA-001,Cuenta Corriente
TXN-00015719,CTA-588501,CLI-82169,2026-06-24 11:58:00,2530994.08,CRC,retiro,sucursal,CA-001,Cuenta Ahorro
TXN-00015720,CTA-529279,CLI-37925,2026-06-20 20:34:00,3599947.54,CRC,pago,web,LI-002,Cuenta Ahorro
TXN-00015721,CTA-303517,CLI-61951,2026-06-03 15:12:00,159952.48,CRC,deposito,web,PU-001,Préstamo Hipotecario
TXN-00015722,CTA-815317,CLI-50436,2026-06-07 00:53:00,44105.72,CRC,pago,web,PU-001,Cuenta Ahorro
TXN-00015723,CTA-467945,CLI-33604,2026-06-06 21:01:00,4822976.3,CRC,comision,sinpe,LI-002,Cuenta Ahorro
TXN-00015724,CTA-588197,CLI-50180,2026-06-01 11:14:00,274168.34,CRC,comision,sinpe,LI-001,Cuenta Corriente
TXN-00015725,CTA-758606,CLI-71496,2026-06-16 00:32:00,2837240.1,CRC,deposito,web,SJ-001,Préstamo Hipotecario
TXN-00015726,CTA-474566,CLI-79027,2026-06-04 03:25:00,3816844.59,CRC,comision,sucursal,SJ-002,Tarjeta Crédito
TXN-00015727,CTA-428108,CLI-46310,2026-06-17 06:49:00,1302789.19,CRC,pago,web,AL-001,Préstamo Personal
TXN-00015728,CTA-656693,CLI-33792,2026-06-16 06:57:00,464175.47,CRC,deposito,sinpe,AL-001,Cuenta Corriente
TXN-00015729,CTA-673248,CLI-94031,2026-06-13 20:25:00,3939260.64,CRC,deposito,sucursal,CA-001,Cuenta Corriente
TXN-00015730,CTA-219413,CLI-90928,2026-06-25 04:43:00,2411271.32,CRC,deposito,sinpe,PU-001,Cuenta Corriente
TXN-00015731,CTA-221616,CLI-27721,2026-06-19 13:18:00,4502307.96,CRC,pago,sinpe,SJ-001,Préstamo Hipotecario
TXN-00015732,CTA-868292,CLI-98455,2026-06-20 22:07:00,1204278.42,CRC,transferencia,sucursal,LI-001,Cuenta Ahorro
TXN-00015733,CTA-676668,CLI-66794,2026-06-08 17:14:00,126433.73,CRC,transferencia,sinpe,LI-002,Cuenta Ahorro
TXN-00015734,CTA-849439,CLI-41037,2026-06-22 06:45:00,3618037.26,CRC,pago,web,SJ-002,Préstamo Personal
TXN-00015735,CTA-719699,CLI-49425,2026-06-27 15:56:00,4560891.28,CRC,comision,app_movil,LI-001,Préstamo Hipotecario
TXN-00015736,CTA-769091,CLI-78379,2026-06-26 15:40:00,3472236.51,CRC,deposito,sinpe,PU-001,Cuenta Corriente
TXN-00015737,CTA-616171,CLI-75258,2026-06-29 20:30:00,3014281.83,CRC,comision,app_movil,LI-001,Tarjeta Crédito
TXN-00015738,CTA-684776,CLI-90864,2026-06-19 00:26:00,3761661.37,CRC,pago,sucursal,LI-001,Préstamo Personal
TXN-00015739,CTA-976676,CLI-10523,2026-06-17 08:20:00,2291845.95,CRC,pago,sinpe,SJ-001,Cuenta Ahorro
TXN-00015740,CTA-621907,CLI-53592,2026-06-24 15:50:00,2945775.26,CRC,comision,sinpe,SJ-002,Cuenta Ahorro
TXN-00015741,CTA-362340,CLI-64115,2026-06-29 20:58:00,3650006.06,CRC,transferencia,sinpe,CA-001,Préstamo Hipotecario
TXN-00015742,CTA-194806,CLI-33738,2026-06-20 13:45:00,2880606.05,CRC,transferencia,sinpe,CA-001,Préstamo Personal
TXN-00015743,CTA-136832,CLI-62693,2026-06-02 05:35:00,3688681.49,CRC,comision,sinpe,LI-002,Cuenta Corriente
TXN-00015744,CTA-630958,CLI-47951,2026-06-14 10:57:00,3002102.27,CRC,retiro,app_movil,LI-002,Cuenta Ahorro
TXN-00015745,CTA-359565,CLI-82967,2026-06-19 01:31:00,2405502.67,CRC,pago,sinpe,HE-001,Préstamo Hipotecario
TXN-00015746,CTA-882928,CLI-98508,2026-06-01 06:11:00,629517.4,CRC,deposito,sinpe,SJ-002,Cuenta Corriente
TXN-00015747,CTA-562386,CLI-68013,2026-06-21 22:39:00,4299886.1,CRC,transferencia,sinpe,SJ-001,Tarjeta Crédito
TXN-00015748,CTA-812368,CLI-52038,2026-06-05 19:46:00,384085.4,CRC,deposito,web,SJ-001,Préstamo Personal
TXN-00015749,CTA-235131,CLI-59778,2026-06-18 10:44:00,1468113.71,CRC,comision,app_movil,CA-001,Cuenta Ahorro
TXN-00015750,CTA-195985,CLI-46737,2026-06-17 14:26:00,379599.02,CRC,deposito,atm,SJ-002,Cuenta Ahorro
TXN-00015751,CTA-256600,CLI-84671,2026-06-01 08:10:00,2557179.4,CRC,retiro,web,CA-001,Tarjeta Crédito
TXN-00015752,CTA-251784,CLI-20186,2026-06-21 03:34:00,4612556.69,CRC,retiro,app_movil,SJ-002,Tarjeta Crédito
TXN-00015753,CTA-680385,CLI-93865,2026-06-14 00:03:00,1418592.4,CRC,pago,atm,SJ-001,Préstamo Personal
TXN-00015754,CTA-108144,CLI-95116,2026-06-28 02:04:00,489299.2,CRC,transferencia,sinpe,PU-001,Préstamo Hipotecario
TXN-00015755,CTA-615038,CLI-63910,2026-06-04 00:27:00,1217235.87,CRC,pago,web,AL-001,Cuenta Ahorro
TXN-00015756,CTA-925126,CLI-78014,2026-06-23 16:29:00,1628676.53,CRC,pago,atm,SJ-001,Tarjeta Crédito
TXN-00015757,CTA-683691,CLI-38426,2026-06-08 00:15:00,1632632.66,CRC,pago,atm,SJ-001,Préstamo Personal
TXN-00015758,CTA-415761,CLI-75162,2026-06-28 14:16:00,2125673.79,CRC,pago,atm,SJ-001,Cuenta Corriente
TXN-00015759,CTA-823336,CLI-47471,2026-06-17 23:23:00,3885183.93,CRC,transferencia,app_movil,SJ-001,Préstamo Hipotecario
TXN-00015760,CTA-508739,CLI-86668,2026-06-12 08:04:00,3674312.66,CRC,retiro,app_movil,CA-001,Tarjeta Crédito
TXN-00015761,CTA-782014,CLI-62559,2026-06-07 06:01:00,204891.14,CRC,transferencia,atm,PU-001,Cuenta Corriente
TXN-00015762,CTA-303392,CLI-44245,2026-06-20 06:37:00,926558.02,CRC,pago,sinpe,AL-001,Tarjeta Crédito
TXN-00015763,CTA-568729,CLI-20216,2026-06-11 10:54:00,1259336.66,CRC,pago,app_movil,LI-001,Tarjeta Crédito
TXN-00015764,CTA-987014,CLI-40826,2026-06-24 23:39:00,1837041.93,CRC,transferencia,sinpe,SJ-001,Préstamo Hipotecario
TXN-00015765,CTA-683195,CLI-26221,2026-06-12 21:55:00,1724085.33,CRC,retiro,atm,HE-001,Préstamo Personal
TXN-00015766,CTA-713576,CLI-79907,2026-06-05 06:54:00,2296199.61,CRC,retiro,web,LI-001,Cuenta Ahorro
TXN-00015767,CTA-278511,CLI-87077,2026-06-26 20:00:00,2633316.82,CRC,deposito,sucursal,SJ-001,Cuenta Corriente
TXN-00015768,CTA-482302,CLI-81123,2026-06-25 23:49:00,938521.53,CRC,deposito,app_movil,SJ-002,Cuenta Ahorro
TXN-00015769,CTA-702193,CLI-80212,2026-06-26 20:54:00,4314488.09,CRC,comision,app_movil,SJ-001,Cuenta Ahorro
TXN-00015770,CTA-273436,CLI-76146,2026-06-08 18:31:00,4442017.4,CRC,pago,atm,LI-001,Tarjeta Crédito
TXN-00015771,CTA-916070,CLI-63056,2026-06-12 15:24:00,4406257.75,CRC,pago,app_movil,HE-001,Tarjeta Crédito
TXN-00015772,CTA-608853,CLI-90363,2026-06-09 07:04:00,2653024.91,CRC,retiro,atm,LI-001,Préstamo Personal
TXN-00015773,CTA-248759,CLI-43481,2026-06-03 09:41:00,1748499.94,CRC,deposito,web,LI-002,Préstamo Hipotecario
TXN-00015774,CTA-448394,CLI-15256,2026-06-15 01:26:00,4106139.58,CRC,comision,sucursal,AL-001,Cuenta Corriente
TXN-00015775,CTA-986536,CLI-91794,2026-06-11 21:44:00,4748441.05,CRC,transferencia,sucursal,SJ-001,Cuenta Ahorro
TXN-00015776,CTA-866372,CLI-29200,2026-06-25 13:42:00,4999350.1,CRC,transferencia,web,LI-001,Cuenta Corriente
TXN-00015777,CTA-937036,CLI-59421,2026-06-17 12:20:00,2475995.99,CRC,retiro,web,AL-001,Préstamo Personal
TXN-00015778,CTA-679387,CLI-86609,2026-06-24 21:19:00,123938.88,CRC,deposito,atm,LI-002,Tarjeta Crédito
TXN-00015779,CTA-750529,CLI-42945,2026-06-02 21:43:00,4057833.67,CRC,pago,sucursal,CA-001,Cuenta Corriente
TXN-00015780,CTA-988319,CLI-36183,2026-06-22 01:44:00,2876073.1,CRC,pago,sinpe,PU-001,Préstamo Hipotecario
TXN-00015781,CTA-698218,CLI-76459,2026-06-07 20:50:00,828977.97,CRC,pago,sinpe,AL-001,Cuenta Ahorro
TXN-00015782,CTA-603739,CLI-15771,2026-06-09 06:02:00,4922630.64,CRC,retiro,web,PU-001,Préstamo Personal
TXN-00015783,CTA-481911,CLI-32612,2026-06-17 05:47:00,1064342.13,CRC,comision,atm,SJ-002,Préstamo Hipotecario
TXN-00015784,CTA-725715,CLI-56702,2026-06-02 08:27:00,2088207.23,CRC,transferencia,sinpe,LI-002,Cuenta Corriente
TXN-00015785,CTA-842557,CLI-76743,2026-06-03 13:58:00,1072276.59,CRC,transferencia,sinpe,LI-001,Préstamo Personal
TXN-00015786,CTA-595705,CLI-18138,2026-06-01 09:18:00,4896693.03,CRC,retiro,atm,HE-001,Cuenta Corriente
TXN-00015787,CTA-709654,CLI-44897,2026-06-16 05:08:00,3425568.62,CRC,deposito,sinpe,AL-001,Cuenta Corriente
TXN-00015788,CTA-945499,CLI-91162,2026-06-13 20:19:00,4689337.71,CRC,retiro,sinpe,LI-001,Préstamo Personal
TXN-00015789,CTA-837977,CLI-14285,2026-06-02 08:38:00,3215584.86,CRC,pago,sinpe,AL-001,Cuenta Corriente
TXN-00015790,CTA-323405,CLI-61214,2026-06-24 14:26:00,3860091.68,CRC,pago,sucursal,PU-001,Cuenta Corriente
TXN-00015791,CTA-578512,CLI-20171,2026-06-11 12:00:00,1152186.09,CRC,pago,sinpe,SJ-002,Tarjeta Crédito
TXN-00015792,CTA-819595,CLI-13285,2026-06-08 09:17:00,1767566.05,CRC,transferencia,web,SJ-002,Préstamo Hipotecario
TXN-00015793,CTA-797812,CLI-28054,2026-06-25 07:43:00,1151986.21,CRC,pago,sinpe,LI-002,Cuenta Corriente
TXN-00015794,CTA-629075,CLI-91163,2026-06-26 18:18:00,348454.87,CRC,pago,atm,SJ-001,Tarjeta Crédito
TXN-00015795,CTA-714899,CLI-84947,2026-06-23 22:21:00,417856.55,CRC,transferencia,web,HE-001,Tarjeta Crédito
TXN-00015796,CTA-349691,CLI-77510,2026-06-20 20:58:00,3552268.44,CRC,pago,sinpe,CA-001,Cuenta Ahorro
TXN-00015797,CTA-524903,CLI-90659,2026-06-10 19:54:00,1128012.35,CRC,comision,app_movil,AL-001,Cuenta Corriente
TXN-00015798,CTA-258665,CLI-92359,2026-06-21 16:42:00,186499.43,CRC,pago,atm,SJ-002,Tarjeta Crédito
TXN-00015799,CTA-892602,CLI-22628,2026-06-18 04:57:00,2977332.38,CRC,retiro,sucursal,AL-001,Cuenta Corriente
TXN-00015800,CTA-410761,CLI-36955,2026-06-03 14:56:00,4942052.32,CRC,pago,sinpe,PU-001,Préstamo Personal
TXN-00015801,CTA-530008,CLI-45386,2026-06-07 08:36:00,260020.34,CRC,comision,web,LI-002,Préstamo Hipotecario
TXN-00015802,CTA-636979,CLI-68404,2026-06-07 08:50:00,3274650.82,CRC,retiro,atm,LI-002,Préstamo Hipotecario
TXN-00015803,CTA-289145,CLI-37484,2026-06-20 03:02:00,3492581.44,CRC,pago,sucursal,LI-001,Cuenta Corriente
TXN-00015804,CTA-575519,CLI-92724,2026-06-19 22:23:00,2262833.84,CRC,comision,sinpe,AL-001,Cuenta Ahorro
TXN-00015805,CTA-203342,CLI-30101,2026-06-25 22:41:00,2811043.59,CRC,comision,sinpe,CA-001,Tarjeta Crédito
TXN-00015806,CTA-867465,CLI-20747,2026-06-18 15:23:00,1197939.68,CRC,pago,atm,AL-001,Préstamo Personal
TXN-00015807,CTA-235859,CLI-63302,2026-06-28 03:48:00,278274.97,CRC,pago,sinpe,LI-001,Préstamo Personal
TXN-00015808,CTA-175628,CLI-60491,2026-06-29 14:42:00,2249650.33,CRC,transferencia,web,SJ-002,Préstamo Hipotecario
TXN-00015809,CTA-192110,CLI-33220,2026-06-14 06:16:00,4271990.26,CRC,transferencia,web,LI-002,Préstamo Personal
TXN-00015810,CTA-607971,CLI-48988,2026-06-11 18:07:00,647612.02,CRC,retiro,atm,PU-001,Préstamo Personal
TXN-00015811,CTA-695632,CLI-98129,2026-06-20 18:26:00,3081265.74,CRC,pago,sucursal,LI-001,Cuenta Corriente
TXN-00015812,CTA-991425,CLI-28908,2026-06-24 07:30:00,1706156.54,CRC,transferencia,sinpe,CA-001,Cuenta Corriente
TXN-00015813,CTA-834113,CLI-34403,2026-06-18 06:54:00,1931240.17,CRC,pago,web,SJ-002,Préstamo Hipotecario
TXN-00015814,CTA-281929,CLI-43707,2026-06-04 22:37:00,1116692.24,CRC,transferencia,web,AL-001,Préstamo Personal
TXN-00015815,CTA-759571,CLI-33973,2026-06-14 13:49:00,3203910.49,CRC,comision,sucursal,AL-001,Cuenta Corriente
TXN-00015816,CTA-893510,CLI-42341,2026-06-18 12:36:00,3112592.39,CRC,comision,atm,LI-002,Préstamo Personal
TXN-00015817,CTA-784799,CLI-49067,2026-06-09 23:01:00,3754819.56,CRC,deposito,atm,LI-001,Cuenta Ahorro
TXN-00015818,CTA-475392,CLI-54183,2026-06-26 14:43:00,3867099.65,CRC,deposito,app_movil,PU-001,Préstamo Personal
TXN-00015819,CTA-689552,CLI-85030,2026-06-05 08:30:00,2167134.51,CRC,transferencia,atm,SJ-002,Préstamo Hipotecario
TXN-00015820,CTA-101717,CLI-33191,2026-06-15 00:33:00,1227151.04,CRC,transferencia,sinpe,SJ-002,Cuenta Ahorro
TXN-00015821,CTA-908515,CLI-65617,2026-06-21 23:59:00,4440274.97,CRC,deposito,sucursal,AL-001,Préstamo Hipotecario
TXN-00015822,CTA-920667,CLI-52395,2026-06-24 23:39:00,813261.1,CRC,retiro,sucursal,AL-001,Préstamo Personal
TXN-00015823,CTA-296490,CLI-14124,2026-06-08 08:15:00,4337061.6,CRC,transferencia,web,PU-001,Préstamo Hipotecario
TXN-00015824,CTA-586147,CLI-60905,2026-06-03 03:34:00,1989627.05,CRC,pago,sucursal,LI-002,Cuenta Ahorro
TXN-00015825,CTA-426843,CLI-61991,2026-06-14 21:45:00,1493016.75,CRC,pago,sucursal,LI-001,Cuenta Corriente
TXN-00015826,CTA-140953,CLI-98150,2026-06-25 14:08:00,2504897.32,CRC,deposito,sucursal,HE-001,Cuenta Ahorro
TXN-00015827,CTA-298253,CLI-41014,2026-06-04 13:22:00,731149.82,CRC,transferencia,atm,HE-001,Cuenta Ahorro
TXN-00015828,CTA-853033,CLI-23303,2026-06-23 01:07:00,68835.93,CRC,comision,app_movil,LI-001,Cuenta Ahorro
TXN-00015829,CTA-201154,CLI-41085,2026-06-07 17:26:00,4476813.59,CRC,retiro,sucursal,HE-001,Cuenta Ahorro
TXN-00015830,CTA-682872,CLI-37890,2026-06-12 21:52:00,2355163.05,CRC,retiro,web,LI-001,Préstamo Hipotecario
TXN-00015831,CTA-516777,CLI-35935,2026-06-12 06:20:00,18922.94,CRC,comision,sucursal,LI-002,Préstamo Hipotecario
TXN-00015832,CTA-395019,CLI-94839,2026-06-25 16:16:00,4700382.02,CRC,comision,web,LI-001,Préstamo Personal
TXN-00015833,CTA-312773,CLI-32895,2026-06-09 01:07:00,409809.11,CRC,deposito,sinpe,SJ-002,Cuenta Corriente
TXN-00015834,CTA-707047,CLI-56438,2026-06-15 17:44:00,766776.05,CRC,deposito,app_movil,HE-001,Cuenta Corriente
TXN-00015835,CTA-548045,CLI-80831,2026-06-29 09:01:00,2570250.69,CRC,pago,sucursal,PU-001,Préstamo Personal
TXN-00015836,CTA-539259,CLI-83021,2026-06-16 04:41:00,4130583.84,CRC,deposito,atm,PU-001,Cuenta Ahorro
TXN-00015837,CTA-365137,CLI-70780,2026-06-29 20:07:00,3270201.53,CRC,transferencia,app_movil,LI-002,Cuenta Corriente
TXN-00015838,CTA-813636,CLI-27619,2026-06-14 21:15:00,1861317.0,CRC,transferencia,atm,SJ-001,Cuenta Ahorro
TXN-00015839,CTA-989643,CLI-16854,2026-06-08 00:58:00,1167371.08,CRC,comision,sucursal,PU-001,Préstamo Personal
TXN-00015840,CTA-979514,CLI-41343,2026-06-10 09:06:00,2959262.07,CRC,pago,sinpe,PU-001,Cuenta Corriente
TXN-00015841,CTA-889364,CLI-60336,2026-06-21 17:34:00,4199105.96,CRC,retiro,app_movil,LI-002,Cuenta Ahorro
TXN-00015842,CTA-839277,CLI-43121,2026-06-09 01:10:00,588175.47,CRC,retiro,sinpe,LI-002,Cuenta Ahorro
TXN-00015843,CTA-108669,CLI-99665,2026-06-07 19:56:00,1729932.4,CRC,pago,app_movil,LI-002,Préstamo Hipotecario
TXN-00015844,CTA-272246,CLI-91582,2026-06-19 17:57:00,1450265.74,CRC,pago,web,SJ-001,Cuenta Corriente
TXN-00015845,CTA-793418,CLI-19525,2026-06-10 17:24:00,2111387.82,CRC,pago,sucursal,HE-001,Préstamo Hipotecario
TXN-00015846,CTA-467496,CLI-54075,2026-06-19 06:09:00,3587803.8,CRC,pago,sucursal,CA-001,Cuenta Corriente
TXN-00015847,CTA-742283,CLI-34996,2026-06-17 02:40:00,4263391.42,CRC,deposito,atm,LI-001,Cuenta Corriente
TXN-00015848,CTA-128694,CLI-73161,2026-06-24 17:01:00,453127.6,CRC,pago,web,PU-001,Cuenta Ahorro
TXN-00015849,CTA-451938,CLI-16420,2026-06-24 03:34:00,3065963.61,CRC,transferencia,sinpe,SJ-001,Cuenta Ahorro
TXN-00015850,CTA-253250,CLI-87778,2026-06-21 13:45:00,351794.01,CRC,deposito,web,SJ-002,Cuenta Ahorro
TXN-00015851,CTA-693739,CLI-18853,2026-06-06 15:07:00,3205889.74,CRC,transferencia,sucursal,HE-001,Préstamo Hipotecario
TXN-00015852,CTA-607044,CLI-75062,2026-06-12 22:06:00,1667338.25,CRC,transferencia,app_movil,AL-001,Cuenta Ahorro
TXN-00015853,CTA-929578,CLI-47661,2026-06-24 16:01:00,4145241.36,CRC,transferencia,atm,AL-001,Cuenta Ahorro
TXN-00015854,CTA-952774,CLI-52501,2026-06-29 10:33:00,1254115.38,CRC,transferencia,web,CA-001,Cuenta Ahorro
TXN-00015855,CTA-929076,CLI-71469,2026-06-19 21:49:00,4822380.96,CRC,transferencia,atm,PU-001,Cuenta Corriente
TXN-00015856,CTA-145970,CLI-89607,2026-06-05 03:37:00,4436552.96,CRC,transferencia,atm,LI-002,Cuenta Corriente
TXN-00015857,CTA-122996,CLI-52244,2026-06-11 16:56:00,748117.06,CRC,transferencia,sinpe,SJ-001,Tarjeta Crédito
TXN-00015858,CTA-111131,CLI-64383,2026-06-07 06:12:00,1558139.52,CRC,pago,sinpe,SJ-002,Tarjeta Crédito
TXN-00015859,CTA-333171,CLI-26019,2026-06-11 07:23:00,676054.16,CRC,deposito,app_movil,CA-001,Préstamo Personal
TXN-00015860,CTA-301975,CLI-29975,2026-06-30 06:05:00,773085.15,CRC,deposito,app_movil,LI-001,Cuenta Ahorro
TXN-00015861,CTA-398462,CLI-31796,2026-06-08 09:36:00,4992996.07,CRC,transferencia,atm,CA-001,Cuenta Corriente
TXN-00015862,CTA-620064,CLI-86287,2026-06-13 16:24:00,2264884.15,CRC,retiro,sucursal,SJ-002,Cuenta Ahorro
TXN-00015863,CTA-237846,CLI-58585,2026-06-30 14:48:00,3075487.98,CRC,retiro,atm,CA-001,Préstamo Hipotecario
TXN-00015864,CTA-954423,CLI-87165,2026-06-05 18:52:00,4726655.37,CRC,retiro,app_movil,PU-001,Cuenta Ahorro
TXN-00015865,CTA-387245,CLI-24990,2026-06-20 01:42:00,2789041.82,CRC,deposito,web,LI-001,Tarjeta Crédito
TXN-00015866,CTA-969747,CLI-18598,2026-06-06 22:31:00,3670345.08,CRC,pago,sucursal,SJ-002,Préstamo Personal
TXN-00015867,CTA-804481,CLI-38861,2026-06-06 03:57:00,2410883.46,CRC,retiro,sucursal,SJ-002,Cuenta Ahorro
TXN-00015868,CTA-669883,CLI-78413,2026-06-10 04:23:00,2131077.68,CRC,transferencia,app_movil,SJ-002,Cuenta Corriente
TXN-00015869,CTA-204147,CLI-58083,2026-06-19 06:24:00,737603.03,CRC,transferencia,sinpe,CA-001,Cuenta Ahorro
TXN-00015870,CTA-219602,CLI-61355,2026-06-22 17:12:00,3128787.25,CRC,deposito,sucursal,PU-001,Tarjeta Crédito
TXN-00015871,CTA-838829,CLI-62570,2026-06-02 05:52:00,2571106.49,CRC,comision,web,SJ-001,Tarjeta Crédito
TXN-00015872,CTA-556180,CLI-52769,2026-06-14 13:08:00,681183.39,CRC,retiro,sucursal,PU-001,Cuenta Corriente
TXN-00015873,CTA-326019,CLI-97207,2026-06-10 22:26:00,4902310.54,CRC,transferencia,atm,HE-001,Cuenta Corriente
TXN-00015874,CTA-346297,CLI-47253,2026-06-26 17:13:00,1363256.33,CRC,transferencia,app_movil,LI-002,Préstamo Personal
TXN-00015875,CTA-608760,CLI-19182,2026-06-25 20:01:00,240451.38,CRC,comision,sucursal,SJ-001,Cuenta Corriente
TXN-00015876,CTA-977150,CLI-91438,2026-06-02 00:09:00,512539.48,CRC,deposito,sinpe,LI-002,Cuenta Ahorro
TXN-00015877,CTA-859431,CLI-44460,2026-06-10 09:54:00,3289906.6,CRC,retiro,app_movil,PU-001,Cuenta Corriente
TXN-00015878,CTA-535845,CLI-89861,2026-06-26 23:44:00,4537974.15,CRC,transferencia,atm,SJ-001,Préstamo Personal
TXN-00015879,CTA-162399,CLI-59831,2026-06-11 16:48:00,4726955.56,CRC,deposito,web,HE-001,Tarjeta Crédito
TXN-00015880,CTA-634634,CLI-86546,2026-06-24 17:54:00,4216186.46,CRC,comision,web,SJ-002,Tarjeta Crédito
TXN-00015881,CTA-576631,CLI-96541,2026-06-11 05:57:00,1564120.96,CRC,retiro,sucursal,SJ-002,Préstamo Hipotecario
TXN-00015882,CTA-308150,CLI-33067,2026-06-17 07:55:00,3764761.32,CRC,comision,app_movil,AL-001,Cuenta Corriente
TXN-00015883,CTA-415801,CLI-72277,2026-06-19 09:27:00,3071688.68,CRC,transferencia,sinpe,PU-001,Cuenta Ahorro
TXN-00015884,CTA-464009,CLI-69858,2026-06-21 13:56:00,3248292.87,CRC,retiro,app_movil,LI-002,Tarjeta Crédito
TXN-00015885,CTA-178965,CLI-11298,2026-06-27 08:46:00,3854177.0,CRC,transferencia,web,PU-001,Préstamo Personal
TXN-00015886,CTA-984748,CLI-73745,2026-06-05 18:40:00,4893259.36,CRC,retiro,web,PU-001,Cuenta Ahorro
TXN-00015887,CTA-974942,CLI-49332,2026-06-12 00:13:00,3875063.72,CRC,comision,sucursal,AL-001,Préstamo Personal
TXN-00015888,CTA-648529,CLI-61607,2026-06-06 22:36:00,175055.16,CRC,comision,sucursal,SJ-002,Cuenta Corriente
TXN-00015889,CTA-137649,CLI-22959,2026-06-23 18:53:00,1975860.88,CRC,transferencia,atm,AL-001,Tarjeta Crédito
TXN-00015890,CTA-948231,CLI-52246,2026-06-02 13:01:00,1816799.78,CRC,retiro,sinpe,SJ-002,Tarjeta Crédito
TXN-00015891,CTA-745617,CLI-35123,2026-06-10 10:56:00,4454631.59,CRC,transferencia,sinpe,SJ-002,Préstamo Personal
TXN-00015892,CTA-615969,CLI-97507,2026-06-30 21:39:00,4655069.71,CRC,pago,sinpe,HE-001,Préstamo Personal
TXN-00015893,CTA-564584,CLI-34219,2026-06-12 02:13:00,3521539.02,CRC,deposito,sinpe,HE-001,Cuenta Corriente
TXN-00015894,CTA-290024,CLI-10763,2026-06-16 05:21:00,3505113.04,CRC,deposito,sinpe,LI-002,Préstamo Personal
TXN-00015895,CTA-363812,CLI-26187,2026-06-23 19:49:00,818734.69,CRC,comision,atm,LI-002,Cuenta Corriente
TXN-00015896,CTA-325491,CLI-67181,2026-06-27 08:17:00,3547171.08,CRC,retiro,web,LI-002,Cuenta Corriente
TXN-00015897,CTA-595799,CLI-23406,2026-06-07 20:54:00,1191357.54,CRC,transferencia,atm,SJ-002,Préstamo Hipotecario
TXN-00015898,CTA-580831,CLI-86003,2026-06-05 00:30:00,711987.31,CRC,comision,atm,CA-001,Préstamo Hipotecario
TXN-00015899,CTA-992875,CLI-95330,2026-06-13 23:12:00,2028329.95,CRC,deposito,sucursal,SJ-002,Cuenta Corriente
TXN-00015900,CTA-888272,CLI-24189,2026-06-16 02:57:00,4643447.89,CRC,deposito,sinpe,PU-001,Tarjeta Crédito
TXN-00015901,CTA-564473,CLI-65459,2026-06-05 14:17:00,3090010.88,CRC,pago,atm,SJ-002,Préstamo Hipotecario
TXN-00015902,CTA-893299,CLI-20844,2026-06-19 07:13:00,598652.74,CRC,comision,web,LI-002,Cuenta Corriente
TXN-00015903,CTA-419100,CLI-51902,2026-06-14 09:50:00,3563540.82,CRC,pago,sinpe,SJ-001,Cuenta Corriente
TXN-00015904,CTA-889733,CLI-40145,2026-06-16 06:58:00,3198141.94,CRC,pago,web,LI-002,Cuenta Corriente
TXN-00015905,CTA-315718,CLI-94162,2026-06-16 02:27:00,2586571.88,CRC,retiro,web,AL-001,Tarjeta Crédito
TXN-00015906,CTA-260584,CLI-33958,2026-06-08 03:33:00,3903517.29,CRC,pago,web,PU-001,Tarjeta Crédito
TXN-00015907,CTA-373960,CLI-23468,2026-06-01 04:22:00,2975102.0,CRC,pago,web,SJ-001,Cuenta Ahorro
TXN-00015908,CTA-302365,CLI-30369,2026-06-16 20:40:00,3556114.89,CRC,deposito,app_movil,PU-001,Préstamo Hipotecario
TXN-00015909,CTA-722692,CLI-95418,2026-06-01 19:06:00,2896996.32,CRC,transferencia,atm,SJ-002,Préstamo Hipotecario
TXN-00015910,CTA-711449,CLI-30039,2026-06-18 06:20:00,1942907.84,CRC,comision,web,LI-002,Préstamo Personal
TXN-00015911,CTA-885180,CLI-88583,2026-06-23 15:04:00,1351640.78,CRC,pago,sucursal,SJ-002,Préstamo Hipotecario
TXN-00015912,CTA-421859,CLI-53396,2026-06-21 01:53:00,2564116.35,CRC,pago,atm,PU-001,Préstamo Hipotecario
TXN-00015913,CTA-464531,CLI-24623,2026-06-12 21:43:00,663644.89,CRC,pago,sucursal,SJ-002,Cuenta Corriente
TXN-00015914,CTA-825776,CLI-56956,2026-06-22 23:27:00,2467505.95,CRC,retiro,atm,SJ-002,Préstamo Personal
TXN-00015915,CTA-630066,CLI-94539,2026-06-12 03:15:00,58567.6,CRC,deposito,app_movil,CA-001,Cuenta Ahorro
TXN-00015916,CTA-197543,CLI-81798,2026-06-18 12:50:00,4468208.09,CRC,deposito,sinpe,LI-001,Préstamo Hipotecario
TXN-00015917,CTA-686341,CLI-98940,2026-06-03 13:20:00,3359294.67,CRC,comision,atm,LI-001,Préstamo Hipotecario
TXN-00015918,CTA-475636,CLI-56291,2026-06-20 00:06:00,4041831.6,CRC,retiro,sinpe,CA-001,Préstamo Personal
TXN-00015919,CTA-576574,CLI-68997,2026-06-30 02:34:00,477180.62,CRC,deposito,app_movil,AL-001,Préstamo Hipotecario
TXN-00015920,CTA-711547,CLI-11556,2026-06-07 02:47:00,4738332.9,CRC,deposito,app_movil,PU-001,Cuenta Ahorro
TXN-00015921,CTA-382600,CLI-66472,2026-06-19 15:52:00,1269336.43,CRC,comision,sucursal,PU-001,Cuenta Corriente
TXN-00015922,CTA-783209,CLI-87248,2026-06-07 07:03:00,2443475.42,CRC,pago,web,AL-001,Tarjeta Crédito
TXN-00015923,CTA-596422,CLI-15482,2026-06-10 10:32:00,572568.36,CRC,deposito,sinpe,SJ-001,Cuenta Ahorro
TXN-00015924,CTA-388052,CLI-66884,2026-06-13 03:03:00,3625050.7,CRC,transferencia,sucursal,LI-001,Cuenta Ahorro
TXN-00015925,CTA-136189,CLI-33293,2026-06-08 05:04:00,2695657.41,CRC,transferencia,web,SJ-001,Cuenta Corriente
TXN-00015926,CTA-883133,CLI-60274,2026-06-11 06:57:00,989937.83,CRC,transferencia,web,CA-001,Préstamo Personal
TXN-00015927,CTA-131937,CLI-96985,2026-06-04 13:03:00,1371319.41,CRC,transferencia,sinpe,SJ-001,Préstamo Personal
TXN-00015928,CTA-890340,CLI-38968,2026-06-05 17:05:00,3280639.49,CRC,comision,sucursal,LI-001,Cuenta Ahorro
TXN-00015929,CTA-667493,CLI-67057,2026-06-14 16:36:00,2570748.33,CRC,pago,atm,SJ-002,Cuenta Ahorro
TXN-00015930,CTA-162540,CLI-51249,2026-06-12 15:45:00,2899691.28,CRC,pago,atm,LI-001,Cuenta Corriente
TXN-00015931,CTA-560033,CLI-18648,2026-06-20 16:36:00,276090.27,CRC,transferencia,sucursal,LI-001,Préstamo Personal
TXN-00015932,CTA-762139,CLI-53232,2026-06-12 20:35:00,884152.66,CRC,transferencia,atm,CA-001,Cuenta Ahorro
TXN-00015933,CTA-747802,CLI-49746,2026-06-24 05:33:00,29179.81,CRC,pago,web,SJ-001,Préstamo Personal
TXN-00015934,CTA-457262,CLI-69501,2026-06-23 02:51:00,1504141.24,CRC,deposito,sinpe,SJ-001,Préstamo Hipotecario
TXN-00015935,CTA-257871,CLI-92709,2026-06-20 04:58:00,2591366.52,CRC,pago,atm,PU-001,Préstamo Hipotecario
TXN-00015936,CTA-877432,CLI-31736,2026-06-28 09:24:00,455256.95,CRC,transferencia,sucursal,LI-001,Cuenta Corriente
TXN-00015937,CTA-206814,CLI-87399,2026-06-09 09:35:00,1928035.77,CRC,deposito,sucursal,CA-001,Cuenta Ahorro
TXN-00015938,CTA-726305,CLI-79387,2026-06-23 22:58:00,4520750.26,CRC,comision,sucursal,PU-001,Préstamo Personal
TXN-00015939,CTA-984163,CLI-98258,2026-06-12 19:43:00,3680922.43,CRC,deposito,sucursal,CA-001,Cuenta Ahorro
TXN-00015940,CTA-801530,CLI-21356,2026-06-23 01:57:00,468235.39,CRC,retiro,web,AL-001,Cuenta Ahorro
TXN-00015941,CTA-988759,CLI-30877,2026-06-10 02:44:00,1296291.22,CRC,retiro,sucursal,PU-001,Tarjeta Crédito
TXN-00015942,CTA-732962,CLI-30829,2026-06-10 00:11:00,3738079.74,CRC,comision,sucursal,CA-001,Préstamo Hipotecario
TXN-00015943,CTA-436876,CLI-34995,2026-06-25 06:36:00,1441085.34,CRC,comision,web,CA-001,Préstamo Personal
TXN-00015944,CTA-753247,CLI-86301,2026-06-03 13:06:00,701452.98,CRC,deposito,atm,CA-001,Préstamo Hipotecario
TXN-00015945,CTA-823971,CLI-46494,2026-06-28 03:15:00,737099.45,CRC,retiro,sucursal,SJ-001,Préstamo Hipotecario
TXN-00015946,CTA-498549,CLI-60553,2026-06-15 12:26:00,2508163.98,CRC,comision,sinpe,AL-001,Préstamo Hipotecario
TXN-00015947,CTA-835334,CLI-23928,2026-06-15 10:17:00,2627875.35,CRC,retiro,sucursal,LI-001,Tarjeta Crédito
TXN-00015948,CTA-509383,CLI-54155,2026-06-11 07:57:00,3865289.24,CRC,pago,app_movil,CA-001,Préstamo Personal
TXN-00015949,CTA-348419,CLI-32288,2026-06-22 19:26:00,189446.11,CRC,pago,sucursal,CA-001,Cuenta Ahorro
TXN-00015950,CTA-842398,CLI-46918,2026-06-04 21:26:00,4702692.59,CRC,deposito,sinpe,LI-002,Cuenta Ahorro
TXN-00015951,CTA-655520,CLI-55011,2026-06-19 00:23:00,1492361.31,CRC,comision,app_movil,SJ-001,Cuenta Ahorro
TXN-00015952,CTA-642531,CLI-81242,2026-06-05 08:24:00,229418.14,CRC,comision,sinpe,CA-001,Préstamo Personal
TXN-00015953,CTA-575014,CLI-64120,2026-06-16 00:26:00,3002840.72,CRC,pago,sinpe,LI-001,Cuenta Corriente
TXN-00015954,CTA-285746,CLI-14015,2026-06-02 19:44:00,4585413.83,CRC,retiro,web,PU-001,Tarjeta Crédito
TXN-00015955,CTA-931576,CLI-85272,2026-06-19 04:22:00,185069.97,CRC,comision,web,SJ-001,Préstamo Personal
TXN-00015956,CTA-474076,CLI-63262,2026-06-21 21:51:00,3436616.99,CRC,transferencia,atm,CA-001,Préstamo Hipotecario
TXN-00015957,CTA-670978,CLI-90482,2026-06-13 00:59:00,3458385.2,CRC,comision,sinpe,LI-002,Tarjeta Crédito
TXN-00015958,CTA-700493,CLI-92439,2026-06-23 20:12:00,282129.91,CRC,pago,sinpe,PU-001,Cuenta Corriente
TXN-00015959,CTA-812482,CLI-58489,2026-06-20 19:57:00,4866806.09,CRC,transferencia,web,HE-001,Préstamo Personal
TXN-00015960,CTA-654531,CLI-43103,2026-06-01 11:09:00,4666429.07,CRC,pago,atm,PU-001,Tarjeta Crédito
TXN-00015961,CTA-862614,CLI-17445,2026-06-06 11:42:00,2043885.44,CRC,deposito,sinpe,LI-001,Préstamo Personal
TXN-00015962,CTA-304252,CLI-70350,2026-06-23 17:36:00,3153318.58,CRC,retiro,sinpe,LI-001,Préstamo Hipotecario
TXN-00015963,CTA-160974,CLI-52087,2026-06-09 20:39:00,3410856.62,CRC,pago,sinpe,LI-001,Préstamo Personal
TXN-00015964,CTA-126559,CLI-73115,2026-06-30 22:51:00,2692066.63,CRC,retiro,web,HE-001,Préstamo Hipotecario
TXN-00015965,CTA-499698,CLI-87301,2026-06-19 14:13:00,3637200.61,CRC,deposito,app_movil,CA-001,Cuenta Corriente
TXN-00015966,CTA-408977,CLI-81487,2026-06-16 13:54:00,3036305.42,CRC,retiro,atm,LI-002,Tarjeta Crédito
TXN-00015967,CTA-889322,CLI-39736,2026-06-04 05:44:00,3751201.45,CRC,retiro,web,SJ-002,Préstamo Personal
TXN-00015968,CTA-847723,CLI-86771,2026-06-19 21:33:00,3838860.79,CRC,deposito,web,PU-001,Préstamo Personal
TXN-00015969,CTA-745119,CLI-73183,2026-06-07 02:15:00,1387852.75,CRC,pago,sucursal,AL-001,Cuenta Ahorro
TXN-00015970,CTA-184975,CLI-95062,2026-06-28 05:45:00,2787417.0,CRC,deposito,app_movil,LI-002,Tarjeta Crédito
TXN-00015971,CTA-184222,CLI-77328,2026-06-01 19:54:00,1211732.06,CRC,transferencia,atm,AL-001,Préstamo Personal
TXN-00015972,CTA-363846,CLI-14364,2026-06-21 12:20:00,1197489.61,CRC,transferencia,atm,LI-001,Cuenta Corriente
TXN-00015973,CTA-688629,CLI-52785,2026-06-05 07:51:00,841683.26,CRC,deposito,web,SJ-002,Préstamo Hipotecario
TXN-00015974,CTA-381722,CLI-68396,2026-06-29 18:28:00,2953353.45,CRC,pago,app_movil,PU-001,Tarjeta Crédito
TXN-00015975,CTA-817969,CLI-47968,2026-06-26 16:44:00,3318518.46,CRC,pago,app_movil,AL-001,Préstamo Personal
TXN-00015976,CTA-211565,CLI-41154,2026-06-25 10:08:00,4966342.64,CRC,retiro,web,SJ-001,Préstamo Hipotecario
TXN-00015977,CTA-850282,CLI-57361,2026-06-03 07:17:00,1308271.36,CRC,transferencia,atm,SJ-002,Cuenta Corriente
TXN-00015978,CTA-455289,CLI-49478,2026-06-27 18:14:00,1344754.7,CRC,comision,sinpe,LI-001,Tarjeta Crédito
TXN-00015979,CTA-505792,CLI-47928,2026-06-07 17:47:00,2895354.11,CRC,comision,sucursal,LI-001,Tarjeta Crédito
TXN-00015980,CTA-237234,CLI-26919,2026-06-13 02:04:00,3421466.91,CRC,comision,sucursal,CA-001,Préstamo Personal
TXN-00015981,CTA-373350,CLI-82117,2026-06-12 23:49:00,4289883.73,CRC,pago,atm,PU-001,Cuenta Corriente
TXN-00015982,CTA-425541,CLI-24753,2026-06-09 23:30:00,1833798.86,CRC,transferencia,app_movil,AL-001,Tarjeta Crédito
TXN-00015983,CTA-711584,CLI-55723,2026-06-22 08:54:00,3073299.22,CRC,transferencia,sinpe,LI-001,Préstamo Personal
TXN-00015984,CTA-280461,CLI-79406,2026-06-16 19:33:00,950803.66,CRC,deposito,app_movil,SJ-002,Tarjeta Crédito
TXN-00015985,CTA-656192,CLI-57697,2026-06-06 02:06:00,1577983.93,CRC,retiro,web,SJ-002,Cuenta Corriente
TXN-00015986,CTA-596147,CLI-58263,2026-06-10 00:49:00,2080501.95,CRC,pago,atm,HE-001,Cuenta Corriente
TXN-00015987,CTA-471064,CLI-90190,2026-06-27 07:54:00,1313354.55,CRC,transferencia,app_movil,AL-001,Tarjeta Crédito
TXN-00015988,CTA-249888,CLI-32513,2026-06-04 12:04:00,4551208.36,CRC,retiro,sinpe,SJ-002,Cuenta Corriente
TXN-00015989,CTA-163136,CLI-32087,2026-06-28 12:01:00,2477829.27,CRC,retiro,web,LI-001,Cuenta Corriente
TXN-00015990,CTA-919413,CLI-64482,2026-06-28 11:59:00,3847654.39,CRC,deposito,sinpe,LI-002,Cuenta Ahorro
TXN-00015991,CTA-282326,CLI-75904,2026-06-09 20:50:00,2240991.95,CRC,pago,atm,LI-002,Préstamo Personal
TXN-00015992,CTA-692227,CLI-94833,2026-06-24 19:25:00,869833.71,CRC,pago,app_movil,PU-001,Cuenta Ahorro
TXN-00015993,CTA-894112,CLI-58919,2026-06-23 22:39:00,101324.62,CRC,transferencia,atm,HE-001,Cuenta Ahorro
TXN-00015994,CTA-593387,CLI-30529,2026-06-11 20:07:00,3639721.69,CRC,comision,web,AL-001,Cuenta Corriente
TXN-00015995,CTA-518215,CLI-45467,2026-06-09 08:32:00,2662282.96,CRC,comision,app_movil,LI-002,Cuenta Ahorro
TXN-00015996,CTA-514899,CLI-19387,2026-06-11 10:52:00,3879792.39,CRC,transferencia,atm,SJ-002,Cuenta Ahorro
TXN-00015997,CTA-215605,CLI-51926,2026-06-25 11:32:00,1305970.54,CRC,transferencia,sinpe,LI-002,Préstamo Hipotecario
TXN-00015998,CTA-469887,CLI-46018,2026-06-27 10:10:00,4199215.73,CRC,deposito,sucursal,AL-001,Préstamo Personal
TXN-00015999,CTA-813184,CLI-21901,2026-06-13 19:21:00,2299257.0,CRC,comision,web,AL-001,Tarjeta Crédito
TXN-00016000,CTA-484171,CLI-42590,2026-06-06 00:12:00,4506370.3,CRC,pago,sucursal,HE-001,Cuenta Ahorro
TXN-00016001,CTA-136274,CLI-43038,2026-06-20 21:32:00,245156.87,CRC,deposito,sucursal,PU-001,Tarjeta Crédito
TXN-00016002,CTA-461170,CLI-70973,2026-06-04 04:35:00,1349488.55,CRC,comision,web,CA-001,Tarjeta Crédito
TXN-00016003,CTA-736862,CLI-23361,2026-06-25 17:40:00,530835.76,CRC,comision,atm,LI-002,Cuenta Corriente
TXN-00016004,CTA-195337,CLI-44848,2026-06-05 08:03:00,4821151.54,CRC,transferencia,app_movil,SJ-001,Préstamo Personal
TXN-00016005,CTA-847517,CLI-95690,2026-06-04 18:38:00,4044553.39,CRC,deposito,atm,PU-001,Cuenta Corriente
TXN-00016006,CTA-697245,CLI-23631,2026-06-23 16:00:00,4755923.13,CRC,comision,web,AL-001,Cuenta Corriente
TXN-00016007,CTA-382673,CLI-48192,2026-06-30 05:11:00,4606276.5,CRC,comision,atm,PU-001,Préstamo Hipotecario
TXN-00016008,CTA-593951,CLI-70348,2026-06-07 04:12:00,65233.55,CRC,transferencia,atm,AL-001,Tarjeta Crédito
TXN-00016009,CTA-351878,CLI-54675,2026-06-05 15:01:00,2891434.7,CRC,comision,atm,SJ-001,Cuenta Ahorro
TXN-00016010,CTA-993867,CLI-25793,2026-06-06 23:27:00,1401624.84,CRC,pago,atm,LI-002,Préstamo Personal
TXN-00016011,CTA-849220,CLI-77524,2026-06-04 03:17:00,404003.21,CRC,deposito,sinpe,AL-001,Tarjeta Crédito
TXN-00016012,CTA-338449,CLI-19748,2026-06-23 17:35:00,1927952.21,CRC,deposito,sucursal,SJ-002,Cuenta Corriente
TXN-00016013,CTA-322657,CLI-35446,2026-06-05 07:11:00,4068619.95,CRC,comision,sinpe,SJ-001,Préstamo Personal
TXN-00016014,CTA-898056,CLI-23816,2026-06-01 01:30:00,4558671.05,CRC,transferencia,atm,CA-001,Préstamo Personal
TXN-00016015,CTA-934522,CLI-62877,2026-06-29 00:52:00,1163268.99,CRC,transferencia,sucursal,LI-001,Cuenta Corriente
TXN-00016016,CTA-215276,CLI-51347,2026-06-10 11:16:00,3083889.97,CRC,pago,sinpe,LI-002,Préstamo Hipotecario
TXN-00016017,CTA-136168,CLI-83639,2026-06-21 10:54:00,4907394.56,CRC,transferencia,app_movil,SJ-002,Préstamo Personal
TXN-00016018,CTA-589230,CLI-89591,2026-06-19 12:09:00,4079076.27,CRC,deposito,web,PU-001,Préstamo Hipotecario
TXN-00016019,CTA-802632,CLI-50891,2026-06-11 06:52:00,1533141.72,CRC,retiro,sinpe,LI-002,Cuenta Corriente
TXN-00016020,CTA-587233,CLI-94376,2026-06-10 20:02:00,4973553.0,CRC,retiro,sucursal,PU-001,Cuenta Corriente
TXN-00016021,CTA-453391,CLI-42931,2026-06-02 19:32:00,3065674.57,CRC,pago,app_movil,LI-002,Préstamo Personal
TXN-00016022,CTA-399707,CLI-98906,2026-06-30 16:35:00,481796.23,CRC,comision,sucursal,SJ-001,Préstamo Personal
TXN-00016023,CTA-550811,CLI-99820,2026-06-08 03:14:00,48646.39,CRC,comision,web,AL-001,Préstamo Hipotecario
TXN-00016024,CTA-691886,CLI-93146,2026-06-23 01:28:00,2658327.56,CRC,comision,app_movil,HE-001,Cuenta Corriente
TXN-00016025,CTA-549969,CLI-72922,2026-06-30 22:15:00,4349770.35,CRC,transferencia,sucursal,PU-001,Préstamo Hipotecario
TXN-00016026,CTA-289071,CLI-13771,2026-06-02 17:59:00,1590500.53,CRC,deposito,atm,LI-002,Cuenta Ahorro
TXN-00016027,CTA-654978,CLI-81387,2026-06-27 10:48:00,2847566.85,CRC,transferencia,web,PU-001,Préstamo Hipotecario
TXN-00016028,CTA-341122,CLI-83177,2026-06-10 22:03:00,1350471.2,CRC,deposito,sucursal,CA-001,Préstamo Hipotecario
TXN-00016029,CTA-961055,CLI-46330,2026-06-06 03:43:00,132578.25,CRC,transferencia,web,HE-001,Préstamo Hipotecario
TXN-00016030,CTA-442199,CLI-91161,2026-06-05 06:34:00,3597263.37,CRC,transferencia,app_movil,AL-001,Cuenta Corriente
TXN-00016031,CTA-321305,CLI-77090,2026-06-25 17:06:00,4831440.17,CRC,comision,sucursal,SJ-001,Préstamo Hipotecario
TXN-00016032,CTA-185830,CLI-25762,2026-06-23 01:11:00,1047226.6,CRC,comision,atm,AL-001,Préstamo Personal
TXN-00016033,CTA-437822,CLI-22298,2026-06-23 10:49:00,2958244.3,CRC,retiro,atm,LI-002,Cuenta Corriente
TXN-00016034,CTA-327008,CLI-96249,2026-06-23 00:12:00,1089844.69,CRC,comision,sinpe,HE-001,Cuenta Ahorro
TXN-00016035,CTA-974090,CLI-24684,2026-06-05 14:50:00,1505563.04,CRC,comision,sucursal,SJ-001,Cuenta Ahorro
TXN-00016036,CTA-815720,CLI-61292,2026-06-13 18:58:00,62250.21,CRC,transferencia,atm,LI-001,Cuenta Ahorro
TXN-00016037,CTA-680471,CLI-69357,2026-06-11 21:51:00,614175.03,CRC,deposito,sucursal,HE-001,Préstamo Hipotecario
TXN-00016038,CTA-611340,CLI-53817,2026-06-05 13:15:00,1959771.45,CRC,deposito,sucursal,SJ-002,Cuenta Ahorro
TXN-00016039,CTA-512081,CLI-16824,2026-06-01 16:40:00,1285987.88,CRC,pago,web,AL-001,Cuenta Ahorro
TXN-00016040,CTA-571084,CLI-42916,2026-06-20 10:23:00,4076617.12,CRC,comision,sucursal,CA-001,Tarjeta Crédito
TXN-00016041,CTA-438410,CLI-40822,2026-06-18 03:34:00,843030.53,CRC,comision,sucursal,SJ-002,Cuenta Ahorro
TXN-00016042,CTA-152154,CLI-15296,2026-06-06 07:54:00,1214625.12,CRC,comision,sucursal,SJ-002,Cuenta Corriente
TXN-00016043,CTA-800432,CLI-68176,2026-06-17 19:29:00,142651.11,CRC,pago,sinpe,SJ-002,Cuenta Ahorro
TXN-00016044,CTA-500151,CLI-17627,2026-06-25 16:19:00,3404317.71,CRC,retiro,sinpe,SJ-002,Cuenta Corriente
TXN-00016045,CTA-205363,CLI-79199,2026-06-29 02:36:00,569101.88,CRC,transferencia,web,PU-001,Préstamo Personal
TXN-00016046,CTA-258833,CLI-72153,2026-06-08 00:56:00,2480226.51,CRC,transferencia,sinpe,HE-001,Cuenta Corriente
TXN-00016047,CTA-643977,CLI-21282,2026-06-28 14:05:00,4997189.49,CRC,transferencia,atm,SJ-001,Préstamo Hipotecario
TXN-00016048,CTA-132539,CLI-37232,2026-06-16 12:46:00,3226760.77,CRC,deposito,app_movil,SJ-001,Préstamo Hipotecario
TXN-00016049,CTA-356994,CLI-24526,2026-06-08 04:33:00,3724977.71,CRC,pago,atm,LI-002,Cuenta Corriente
TXN-00016050,CTA-963699,CLI-59228,2026-06-27 13:05:00,1640388.47,CRC,retiro,atm,LI-002,Cuenta Corriente
TXN-00016051,CTA-116728,CLI-88219,2026-06-01 18:28:00,994367.81,CRC,transferencia,sinpe,SJ-001,Préstamo Hipotecario
TXN-00016052,CTA-720697,CLI-95484,2026-06-14 16:57:00,3658383.07,CRC,transferencia,web,HE-001,Cuenta Ahorro
TXN-00016053,CTA-966840,CLI-70311,2026-06-04 15:52:00,2580539.01,CRC,comision,atm,LI-002,Cuenta Ahorro
TXN-00016054,CTA-648032,CLI-34184,2026-06-10 01:12:00,2163156.46,CRC,retiro,web,LI-001,Cuenta Corriente
TXN-00016055,CTA-822914,CLI-72488,2026-06-04 09:13:00,1864891.08,CRC,pago,sucursal,LI-002,Préstamo Hipotecario
TXN-00016056,CTA-868967,CLI-21291,2026-06-17 11:20:00,3328156.6,CRC,deposito,atm,CA-001,Cuenta Corriente
TXN-00016057,CTA-980734,CLI-72769,2026-06-10 18:25:00,3765050.94,CRC,transferencia,web,SJ-001,Préstamo Personal
TXN-00016058,CTA-435117,CLI-64872,2026-06-14 18:39:00,3068034.53,CRC,retiro,sinpe,LI-001,Préstamo Personal
TXN-00016059,CTA-393506,CLI-29550,2026-06-17 22:36:00,1313070.22,CRC,comision,web,SJ-002,Préstamo Personal
TXN-00016060,CTA-890407,CLI-24839,2026-06-03 20:27:00,3507871.53,CRC,deposito,sucursal,AL-001,Préstamo Hipotecario
TXN-00016061,CTA-254646,CLI-90307,2026-06-27 13:09:00,2460220.84,CRC,retiro,atm,LI-001,Tarjeta Crédito
TXN-00016062,CTA-806910,CLI-11847,2026-06-10 04:52:00,3529609.74,CRC,transferencia,sucursal,CA-001,Préstamo Personal
TXN-00016063,CTA-957948,CLI-15632,2026-06-29 11:41:00,4726523.01,CRC,transferencia,sucursal,LI-001,Cuenta Corriente
TXN-00016064,CTA-889965,CLI-37477,2026-06-30 12:46:00,4482864.61,CRC,comision,atm,AL-001,Tarjeta Crédito
TXN-00016065,CTA-168624,CLI-82189,2026-06-15 12:19:00,1527232.55,CRC,deposito,atm,SJ-002,Préstamo Personal
TXN-00016066,CTA-237377,CLI-25802,2026-06-26 21:04:00,3368618.31,CRC,pago,app_movil,AL-001,Cuenta Corriente
TXN-00016067,CTA-154854,CLI-17338,2026-06-26 18:20:00,3572001.56,CRC,retiro,web,SJ-001,Préstamo Personal
TXN-00016068,CTA-170016,CLI-20409,2026-06-12 06:15:00,2749984.92,CRC,transferencia,app_movil,SJ-001,Cuenta Ahorro
TXN-00016069,CTA-887956,CLI-80328,2026-06-17 09:21:00,4053451.52,CRC,retiro,sinpe,CA-001,Préstamo Personal
TXN-00016070,CTA-482993,CLI-88236,2026-06-13 18:22:00,3644969.6,CRC,pago,sucursal,PU-001,Cuenta Ahorro
TXN-00016071,CTA-655031,CLI-27921,2026-06-23 12:29:00,4915055.54,CRC,retiro,app_movil,LI-001,Tarjeta Crédito
TXN-00016072,CTA-377570,CLI-82121,2026-06-09 14:14:00,1195740.42,CRC,retiro,app_movil,HE-001,Cuenta Ahorro
TXN-00016073,CTA-702999,CLI-97281,2026-06-14 08:57:00,3045757.11,CRC,retiro,app_movil,CA-001,Tarjeta Crédito
TXN-00016074,CTA-562380,CLI-38716,2026-06-30 11:47:00,4238083.85,CRC,transferencia,web,AL-001,Préstamo Hipotecario
TXN-00016075,CTA-235348,CLI-48246,2026-06-05 09:53:00,4743627.79,CRC,comision,atm,SJ-001,Préstamo Hipotecario
TXN-00016076,CTA-580838,CLI-75046,2026-06-11 07:50:00,4934351.46,CRC,transferencia,atm,LI-002,Cuenta Ahorro
TXN-00016077,CTA-381902,CLI-14209,2026-06-02 08:58:00,1353693.91,CRC,retiro,web,HE-001,Cuenta Corriente
TXN-00016078,CTA-697444,CLI-95459,2026-06-03 13:25:00,3850089.32,CRC,transferencia,web,CA-001,Cuenta Corriente
TXN-00016079,CTA-315076,CLI-57390,2026-06-08 12:58:00,333037.23,CRC,retiro,atm,AL-001,Tarjeta Crédito
TXN-00016080,CTA-503646,CLI-64391,2026-06-25 01:37:00,341050.71,CRC,transferencia,web,SJ-002,Préstamo Hipotecario
TXN-00016081,CTA-224741,CLI-14044,2026-06-08 20:50:00,246847.53,CRC,pago,atm,LI-002,Cuenta Ahorro
TXN-00016082,CTA-450473,CLI-23593,2026-06-26 19:47:00,3069751.37,CRC,retiro,sucursal,LI-001,Préstamo Personal
TXN-00016083,CTA-384020,CLI-17303,2026-06-20 16:16:00,1153091.32,CRC,transferencia,app_movil,AL-001,Préstamo Personal
TXN-00016084,CTA-457212,CLI-93435,2026-06-26 23:24:00,1619923.11,CRC,pago,app_movil,HE-001,Tarjeta Crédito
TXN-00016085,CTA-588619,CLI-12360,2026-06-30 10:32:00,4785358.92,CRC,deposito,web,LI-002,Préstamo Hipotecario
TXN-00016086,CTA-369602,CLI-23102,2026-06-10 06:15:00,499815.81,CRC,retiro,web,LI-001,Préstamo Hipotecario
TXN-00016087,CTA-295852,CLI-28539,2026-06-12 04:03:00,2544084.2,CRC,retiro,sinpe,SJ-002,Préstamo Hipotecario
TXN-00016088,CTA-846569,CLI-79641,2026-06-16 10:50:00,3957631.23,CRC,retiro,atm,SJ-002,Cuenta Ahorro
TXN-00016089,CTA-558986,CLI-57728,2026-06-04 18:07:00,1706731.6,CRC,deposito,atm,LI-001,Tarjeta Crédito
TXN-00016090,CTA-786396,CLI-96546,2026-06-21 07:27:00,2518116.38,CRC,retiro,atm,CA-001,Préstamo Hipotecario
TXN-00016091,CTA-798053,CLI-14523,2026-06-13 08:21:00,1793466.69,CRC,pago,sucursal,CA-001,Cuenta Ahorro
TXN-00016092,CTA-365770,CLI-15549,2026-06-04 13:20:00,1731921.36,CRC,deposito,sucursal,LI-002,Préstamo Hipotecario
TXN-00016093,CTA-333050,CLI-99089,2026-06-03 06:08:00,2412859.54,CRC,transferencia,sucursal,HE-001,Cuenta Corriente
TXN-00016094,CTA-573386,CLI-79518,2026-06-16 21:59:00,3235624.09,CRC,transferencia,sucursal,SJ-002,Préstamo Personal
TXN-00016095,CTA-250075,CLI-39177,2026-06-10 04:02:00,1204193.37,CRC,transferencia,atm,LI-002,Cuenta Ahorro
TXN-00016096,CTA-185961,CLI-51584,2026-06-09 15:07:00,671345.71,CRC,pago,app_movil,LI-002,Cuenta Ahorro
TXN-00016097,CTA-910064,CLI-10721,2026-06-28 03:30:00,418413.93,CRC,comision,app_movil,HE-001,Cuenta Ahorro
TXN-00016098,CTA-361371,CLI-36777,2026-06-19 15:25:00,598682.39,CRC,pago,sucursal,SJ-002,Préstamo Hipotecario
TXN-00016099,CTA-558109,CLI-12559,2026-06-28 20:26:00,9645.6,CRC,deposito,atm,AL-001,Cuenta Corriente
TXN-00016100,CTA-366738,CLI-55863,2026-06-14 12:37:00,269747.33,CRC,pago,web,CA-001,Cuenta Ahorro
TXN-00016101,CTA-265944,CLI-60857,2026-06-10 06:53:00,1022873.04,CRC,deposito,sinpe,AL-001,Cuenta Corriente
TXN-00016102,CTA-926366,CLI-17529,2026-06-21 03:51:00,4984804.49,CRC,comision,app_movil,CA-001,Préstamo Hipotecario
TXN-00016103,CTA-492670,CLI-44849,2026-06-13 22:03:00,307024.06,CRC,comision,sucursal,LI-001,Préstamo Hipotecario
TXN-00016104,CTA-558270,CLI-92542,2026-06-30 16:18:00,3233684.15,CRC,deposito,atm,LI-002,Tarjeta Crédito
TXN-00016105,CTA-225166,CLI-17781,2026-06-30 05:11:00,2215048.89,CRC,retiro,app_movil,CA-001,Cuenta Corriente
TXN-00016106,CTA-433013,CLI-86675,2026-06-30 10:08:00,3309204.52,CRC,comision,sucursal,SJ-002,Cuenta Ahorro
TXN-00016107,CTA-460799,CLI-73956,2026-06-22 07:54:00,1859863.6,CRC,pago,sinpe,SJ-002,Préstamo Personal
TXN-00016108,CTA-804408,CLI-11022,2026-06-10 03:59:00,1420326.11,CRC,retiro,web,LI-001,Cuenta Ahorro
TXN-00016109,CTA-543900,CLI-30736,2026-06-14 11:32:00,2679106.34,CRC,retiro,app_movil,SJ-001,Cuenta Ahorro
TXN-00016110,CTA-838800,CLI-45945,2026-06-21 19:24:00,4996153.59,CRC,retiro,app_movil,SJ-002,Cuenta Corriente
TXN-00016111,CTA-258233,CLI-46213,2026-06-02 17:20:00,3958419.45,CRC,transferencia,app_movil,AL-001,Cuenta Ahorro
TXN-00016112,CTA-643423,CLI-72373,2026-06-16 10:26:00,918408.18,CRC,retiro,sinpe,SJ-002,Tarjeta Crédito
TXN-00016113,CTA-730595,CLI-42400,2026-06-14 08:46:00,398429.58,CRC,deposito,sinpe,LI-001,Préstamo Hipotecario
TXN-00016114,CTA-856642,CLI-88795,2026-06-16 07:51:00,437702.53,CRC,pago,app_movil,PU-001,Cuenta Ahorro
TXN-00016115,CTA-334329,CLI-83263,2026-06-15 00:22:00,1432423.6,CRC,retiro,sinpe,HE-001,Tarjeta Crédito
TXN-00016116,CTA-790843,CLI-62541,2026-06-13 19:57:00,2736757.33,CRC,retiro,web,LI-001,Cuenta Corriente
TXN-00016117,CTA-734481,CLI-99856,2026-06-16 07:40:00,3987338.93,CRC,pago,app_movil,AL-001,Cuenta Corriente
TXN-00016118,CTA-216227,CLI-71055,2026-06-24 16:48:00,121320.1,CRC,pago,app_movil,LI-001,Cuenta Ahorro
TXN-00016119,CTA-363296,CLI-55979,2026-06-03 09:58:00,4767921.25,CRC,comision,atm,LI-001,Cuenta Corriente
TXN-00016120,CTA-229109,CLI-28351,2026-06-19 03:44:00,4605184.55,CRC,transferencia,sinpe,HE-001,Cuenta Corriente
TXN-00016121,CTA-371795,CLI-29310,2026-06-29 11:59:00,1411802.14,CRC,retiro,app_movil,HE-001,Cuenta Ahorro
TXN-00016122,CTA-861797,CLI-49879,2026-06-13 23:10:00,4159739.83,CRC,deposito,app_movil,SJ-001,Cuenta Corriente
TXN-00016123,CTA-424863,CLI-89090,2026-06-29 14:21:00,3803745.19,CRC,comision,web,CA-001,Préstamo Personal
TXN-00016124,CTA-848947,CLI-60106,2026-06-08 04:32:00,1286618.84,CRC,comision,web,AL-001,Préstamo Hipotecario
TXN-00016125,CTA-126616,CLI-46866,2026-06-05 10:40:00,1595418.68,CRC,pago,sinpe,SJ-001,Préstamo Hipotecario
TXN-00016126,CTA-625291,CLI-34690,2026-06-14 23:32:00,2923027.73,CRC,comision,sucursal,CA-001,Préstamo Hipotecario
TXN-00016127,CTA-952268,CLI-10946,2026-06-15 23:20:00,2626847.43,CRC,retiro,web,CA-001,Tarjeta Crédito
TXN-00016128,CTA-272244,CLI-74102,2026-06-01 14:12:00,2406335.59,CRC,comision,sinpe,LI-002,Cuenta Corriente
TXN-00016129,CTA-211298,CLI-25136,2026-06-26 13:00:00,71458.96,CRC,pago,web,SJ-002,Cuenta Ahorro
TXN-00016130,CTA-633042,CLI-91404,2026-06-18 12:27:00,3608913.99,CRC,retiro,app_movil,CA-001,Cuenta Corriente
TXN-00016131,CTA-196306,CLI-85777,2026-06-05 07:16:00,4205233.36,CRC,transferencia,app_movil,SJ-001,Préstamo Hipotecario
TXN-00016132,CTA-625642,CLI-52823,2026-06-09 17:01:00,3873173.69,CRC,deposito,sucursal,PU-001,Tarjeta Crédito
TXN-00016133,CTA-385677,CLI-87873,2026-06-28 12:29:00,2474297.05,CRC,retiro,sinpe,AL-001,Tarjeta Crédito
TXN-00016134,CTA-377376,CLI-99856,2026-06-12 20:42:00,3999954.04,CRC,retiro,sinpe,PU-001,Préstamo Hipotecario
TXN-00016135,CTA-853398,CLI-89071,2026-06-13 09:23:00,4345680.74,CRC,pago,sinpe,HE-001,Cuenta Corriente
TXN-00016136,CTA-731551,CLI-16540,2026-06-14 00:03:00,4249790.55,CRC,transferencia,web,SJ-002,Tarjeta Crédito
TXN-00016137,CTA-369941,CLI-21152,2026-06-14 13:05:00,1161101.96,CRC,comision,sinpe,PU-001,Préstamo Personal
TXN-00016138,CTA-481742,CLI-94227,2026-06-19 15:47:00,4497769.22,CRC,transferencia,sucursal,HE-001,Préstamo Personal
TXN-00016139,CTA-620263,CLI-72889,2026-06-29 21:25:00,552036.56,CRC,deposito,app_movil,LI-002,Préstamo Personal
TXN-00016140,CTA-203480,CLI-33990,2026-06-21 08:55:00,397054.6,CRC,retiro,atm,SJ-001,Tarjeta Crédito
TXN-00016141,CTA-705602,CLI-18719,2026-06-19 23:08:00,1667669.73,CRC,retiro,sucursal,PU-001,Préstamo Hipotecario
TXN-00016142,CTA-296247,CLI-69482,2026-06-22 14:24:00,2955049.18,CRC,pago,sinpe,SJ-002,Préstamo Personal
TXN-00016143,CTA-916577,CLI-46812,2026-06-19 04:46:00,3811953.29,CRC,deposito,sucursal,LI-002,Cuenta Ahorro
TXN-00016144,CTA-171188,CLI-90470,2026-06-06 02:43:00,1876361.87,CRC,retiro,sucursal,LI-001,Tarjeta Crédito
TXN-00016145,CTA-906890,CLI-68890,2026-06-25 07:47:00,1995239.67,CRC,deposito,app_movil,HE-001,Tarjeta Crédito
TXN-00016146,CTA-941157,CLI-22485,2026-06-12 21:58:00,1357576.5,CRC,comision,sinpe,PU-001,Cuenta Corriente
TXN-00016147,CTA-501725,CLI-50783,2026-06-25 01:42:00,4386868.47,CRC,retiro,sinpe,SJ-002,Cuenta Ahorro
TXN-00016148,CTA-206500,CLI-37126,2026-06-05 10:35:00,2936337.05,CRC,retiro,app_movil,SJ-002,Préstamo Hipotecario
TXN-00016149,CTA-564517,CLI-43593,2026-06-05 23:51:00,1933022.64,CRC,pago,sinpe,SJ-001,Cuenta Corriente
TXN-00016150,CTA-467090,CLI-63534,2026-06-10 05:46:00,2376885.12,CRC,deposito,app_movil,SJ-001,Cuenta Ahorro
TXN-00016151,CTA-797975,CLI-50101,2026-06-24 10:29:00,3335059.85,CRC,deposito,web,SJ-001,Cuenta Ahorro
TXN-00016152,CTA-900578,CLI-87220,2026-06-19 23:19:00,4575068.06,CRC,deposito,web,LI-002,Tarjeta Crédito
TXN-00016153,CTA-639636,CLI-20484,2026-06-17 12:15:00,1443124.08,CRC,transferencia,sinpe,LI-001,Tarjeta Crédito
TXN-00016154,CTA-938206,CLI-31309,2026-06-21 01:22:00,3101088.86,CRC,transferencia,sinpe,PU-001,Préstamo Personal
TXN-00016155,CTA-135133,CLI-43009,2026-06-20 03:14:00,968202.3,CRC,comision,web,PU-001,Préstamo Personal
TXN-00016156,CTA-257318,CLI-13721,2026-06-05 09:53:00,1139620.96,CRC,transferencia,sucursal,SJ-001,Cuenta Corriente
TXN-00016157,CTA-625613,CLI-54920,2026-06-18 11:05:00,2826090.06,CRC,comision,web,HE-001,Préstamo Hipotecario
TXN-00016158,CTA-632563,CLI-15362,2026-06-12 18:29:00,3760711.33,CRC,deposito,sinpe,SJ-002,Cuenta Ahorro
TXN-00016159,CTA-384041,CLI-82415,2026-06-02 09:21:00,3625029.66,CRC,comision,web,AL-001,Préstamo Personal
TXN-00016160,CTA-341644,CLI-31433,2026-06-14 10:08:00,467052.65,CRC,comision,sinpe,PU-001,Préstamo Hipotecario
TXN-00016161,CTA-547240,CLI-26103,2026-06-10 15:05:00,1095467.19,CRC,pago,web,CA-001,Préstamo Hipotecario
TXN-00016162,CTA-757481,CLI-18350,2026-06-03 16:14:00,4401338.4,CRC,deposito,web,SJ-001,Préstamo Personal
TXN-00016163,CTA-956326,CLI-23708,2026-06-16 10:11:00,4318625.41,CRC,comision,sinpe,SJ-001,Cuenta Ahorro
TXN-00016164,CTA-696923,CLI-14425,2026-06-13 08:42:00,3320232.55,CRC,retiro,sinpe,AL-001,Cuenta Corriente
TXN-00016165,CTA-310886,CLI-21840,2026-06-19 12:48:00,3977291.95,CRC,comision,app_movil,LI-001,Cuenta Corriente
TXN-00016166,CTA-333825,CLI-23997,2026-06-23 08:33:00,3004257.96,CRC,deposito,app_movil,PU-001,Cuenta Ahorro
TXN-00016167,CTA-509413,CLI-72189,2026-06-05 23:10:00,95336.03,CRC,comision,sinpe,SJ-001,Cuenta Ahorro
TXN-00016168,CTA-801213,CLI-98305,2026-06-15 07:43:00,157549.72,CRC,pago,web,LI-002,Cuenta Ahorro
TXN-00016169,CTA-175632,CLI-35860,2026-06-04 16:20:00,4759562.85,CRC,comision,web,LI-002,Préstamo Hipotecario
TXN-00016170,CTA-623352,CLI-49772,2026-06-03 19:08:00,100680.83,CRC,retiro,sinpe,PU-001,Cuenta Corriente
TXN-00016171,CTA-197117,CLI-43288,2026-06-18 16:02:00,2922648.73,CRC,transferencia,app_movil,AL-001,Cuenta Corriente
TXN-00016172,CTA-463191,CLI-44911,2026-06-15 11:24:00,4012462.91,CRC,transferencia,sinpe,PU-001,Cuenta Corriente
TXN-00016173,CTA-174669,CLI-51572,2026-06-25 23:04:00,2783730.1,CRC,comision,sinpe,LI-002,Tarjeta Crédito
TXN-00016174,CTA-365049,CLI-16940,2026-06-25 21:28:00,4368191.06,CRC,comision,app_movil,SJ-001,Préstamo Hipotecario
TXN-00016175,CTA-446042,CLI-11624,2026-06-27 22:22:00,685136.08,CRC,retiro,web,SJ-002,Tarjeta Crédito
TXN-00016176,CTA-674273,CLI-15851,2026-06-14 12:35:00,278915.04,CRC,comision,app_movil,LI-001,Cuenta Corriente
TXN-00016177,CTA-459529,CLI-93347,2026-06-16 03:06:00,3333458.61,CRC,deposito,atm,LI-001,Préstamo Hipotecario
TXN-00016178,CTA-692897,CLI-48004,2026-06-03 03:44:00,1276467.56,CRC,pago,web,CA-001,Préstamo Personal
TXN-00016179,CTA-602786,CLI-29431,2026-06-13 15:15:00,1105859.17,CRC,retiro,web,PU-001,Tarjeta Crédito
TXN-00016180,CTA-590458,CLI-69365,2026-06-15 12:28:00,3258926.31,CRC,pago,sucursal,SJ-002,Cuenta Corriente
TXN-00016181,CTA-453061,CLI-35478,2026-06-14 00:11:00,321540.84,CRC,deposito,app_movil,CA-001,Tarjeta Crédito
TXN-00016182,CTA-345823,CLI-24380,2026-06-05 17:58:00,3237550.56,CRC,pago,sucursal,AL-001,Préstamo Hipotecario
TXN-00016183,CTA-408463,CLI-26561,2026-06-29 21:00:00,1990663.56,CRC,comision,atm,CA-001,Tarjeta Crédito
TXN-00016184,CTA-854191,CLI-17319,2026-06-04 15:21:00,1120596.5,CRC,pago,sucursal,LI-001,Cuenta Ahorro
TXN-00016185,CTA-207413,CLI-82035,2026-06-22 16:23:00,1196093.41,CRC,deposito,sinpe,LI-002,Cuenta Ahorro
TXN-00016186,CTA-758852,CLI-39280,2026-06-10 03:54:00,2677175.97,CRC,comision,atm,AL-001,Cuenta Corriente
TXN-00016187,CTA-545324,CLI-50145,2026-06-10 21:03:00,4485557.68,CRC,retiro,atm,CA-001,Cuenta Corriente
TXN-00016188,CTA-731095,CLI-11506,2026-06-05 02:10:00,3136666.7,CRC,comision,web,LI-002,Tarjeta Crédito
TXN-00016189,CTA-617531,CLI-93682,2026-06-23 06:17:00,4105098.37,CRC,pago,atm,LI-002,Tarjeta Crédito
TXN-00016190,CTA-503389,CLI-10481,2026-06-18 14:05:00,3247986.1,CRC,comision,app_movil,AL-001,Cuenta Corriente
TXN-00016191,CTA-748925,CLI-87386,2026-06-01 04:00:00,4087320.3,CRC,transferencia,sinpe,SJ-001,Tarjeta Crédito
TXN-00016192,CTA-441528,CLI-97395,2026-06-01 05:28:00,3537249.3,CRC,retiro,sucursal,SJ-002,Cuenta Ahorro
TXN-00016193,CTA-784474,CLI-15511,2026-06-22 19:39:00,3238357.95,CRC,retiro,atm,PU-001,Préstamo Hipotecario
TXN-00016194,CTA-656914,CLI-76339,2026-06-13 06:48:00,4986478.25,CRC,deposito,app_movil,LI-002,Tarjeta Crédito
TXN-00016195,CTA-369418,CLI-58456,2026-06-21 22:15:00,3353519.92,CRC,pago,app_movil,AL-001,Cuenta Ahorro
TXN-00016196,CTA-278129,CLI-79232,2026-06-29 18:10:00,2467081.57,CRC,deposito,web,PU-001,Cuenta Ahorro
TXN-00016197,CTA-156324,CLI-18389,2026-06-03 08:48:00,4129562.07,CRC,transferencia,atm,SJ-001,Préstamo Personal
TXN-00016198,CTA-729365,CLI-69435,2026-06-18 05:00:00,2433089.04,CRC,comision,atm,SJ-001,Cuenta Ahorro
TXN-00016199,CTA-953492,CLI-85776,2026-06-29 15:55:00,1578872.76,CRC,pago,app_movil,LI-001,Cuenta Corriente
TXN-00016200,CTA-562073,CLI-77032,2026-06-19 08:05:00,4208221.68,CRC,deposito,atm,HE-001,Cuenta Corriente
TXN-00016201,CTA-399719,CLI-93426,2026-06-17 02:58:00,907371.02,CRC,transferencia,sinpe,LI-002,Préstamo Hipotecario
TXN-00016202,CTA-200264,CLI-88223,2026-06-23 17:24:00,3725267.76,CRC,pago,atm,HE-001,Tarjeta Crédito
TXN-00016203,CTA-310706,CLI-88983,2026-06-10 01:09:00,1590403.18,CRC,transferencia,sucursal,LI-002,Préstamo Personal
TXN-00016204,CTA-728330,CLI-89561,2026-06-18 06:07:00,199394.46,CRC,transferencia,sinpe,SJ-002,Cuenta Ahorro
TXN-00016205,CTA-348582,CLI-87188,2026-06-11 21:14:00,1834035.23,CRC,comision,app_movil,SJ-001,Préstamo Hipotecario
TXN-00016206,CTA-602403,CLI-56152,2026-06-10 01:34:00,4410389.19,CRC,comision,sinpe,LI-002,Cuenta Ahorro
TXN-00016207,CTA-416248,CLI-68976,2026-06-23 06:56:00,3636299.14,CRC,comision,sucursal,SJ-002,Tarjeta Crédito
TXN-00016208,CTA-320750,CLI-61425,2026-06-14 20:55:00,3504731.85,CRC,pago,atm,AL-001,Préstamo Hipotecario
TXN-00016209,CTA-243283,CLI-41673,2026-06-15 03:44:00,1106663.06,CRC,pago,app_movil,AL-001,Préstamo Personal
TXN-00016210,CTA-768241,CLI-21638,2026-06-24 10:04:00,4249193.8,CRC,transferencia,app_movil,PU-001,Préstamo Hipotecario
TXN-00016211,CTA-553107,CLI-47808,2026-06-13 11:40:00,2170037.18,CRC,transferencia,atm,HE-001,Cuenta Ahorro
TXN-00016212,CTA-609105,CLI-58368,2026-06-30 03:16:00,127520.81,CRC,retiro,sucursal,LI-002,Cuenta Corriente
TXN-00016213,CTA-332892,CLI-34263,2026-06-25 08:24:00,198203.26,CRC,deposito,web,LI-001,Tarjeta Crédito
TXN-00016214,CTA-270306,CLI-75143,2026-06-18 11:16:00,136140.23,CRC,retiro,web,LI-002,Préstamo Personal
TXN-00016215,CTA-647522,CLI-94889,2026-06-04 14:03:00,3024229.48,CRC,deposito,sucursal,HE-001,Préstamo Hipotecario
TXN-00016216,CTA-910686,CLI-87334,2026-06-05 01:15:00,3026721.48,CRC,comision,sinpe,LI-002,Préstamo Hipotecario
TXN-00016217,CTA-739950,CLI-17281,2026-06-03 00:45:00,3321050.67,CRC,pago,web,CA-001,Préstamo Personal
TXN-00016218,CTA-532287,CLI-31872,2026-06-21 03:52:00,2474256.48,CRC,deposito,sinpe,AL-001,Préstamo Hipotecario
TXN-00016219,CTA-954370,CLI-18520,2026-06-21 07:13:00,1947567.34,CRC,deposito,sucursal,SJ-002,Cuenta Corriente
TXN-00016220,CTA-757476,CLI-98633,2026-06-03 22:57:00,3579859.14,CRC,deposito,atm,HE-001,Cuenta Corriente
TXN-00016221,CTA-663196,CLI-84200,2026-06-13 13:01:00,649304.02,CRC,retiro,app_movil,AL-001,Tarjeta Crédito
TXN-00016222,CTA-416153,CLI-96640,2026-06-04 19:55:00,1764906.69,CRC,deposito,atm,LI-001,Cuenta Ahorro
TXN-00016223,CTA-606919,CLI-11382,2026-06-05 21:53:00,1365924.48,CRC,transferencia,sinpe,LI-002,Cuenta Corriente
TXN-00016224,CTA-423936,CLI-19902,2026-06-24 09:00:00,4327481.08,CRC,pago,atm,LI-001,Cuenta Corriente
TXN-00016225,CTA-664053,CLI-45849,2026-06-14 01:10:00,1834610.08,CRC,pago,atm,PU-001,Cuenta Corriente
TXN-00016226,CTA-246758,CLI-23165,2026-06-14 21:37:00,654846.26,CRC,retiro,sinpe,AL-001,Préstamo Hipotecario
TXN-00016227,CTA-905094,CLI-65129,2026-06-03 14:31:00,3522124.19,CRC,deposito,web,LI-002,Cuenta Ahorro
TXN-00016228,CTA-605077,CLI-19348,2026-06-19 18:28:00,3503528.73,CRC,retiro,sucursal,LI-001,Préstamo Hipotecario
TXN-00016229,CTA-130000,CLI-17657,2026-06-03 01:29:00,4576120.96,CRC,retiro,sinpe,LI-002,Tarjeta Crédito
TXN-00016230,CTA-276456,CLI-39858,2026-06-16 07:58:00,4117778.52,CRC,comision,atm,AL-001,Cuenta Corriente
TXN-00016231,CTA-705533,CLI-10599,2026-06-19 05:08:00,4411301.14,CRC,retiro,sucursal,SJ-001,Cuenta Ahorro
TXN-00016232,CTA-566795,CLI-60468,2026-06-22 15:01:00,4434116.76,CRC,pago,web,SJ-002,Tarjeta Crédito
TXN-00016233,CTA-245522,CLI-36878,2026-06-04 22:34:00,1050064.36,CRC,deposito,sinpe,PU-001,Préstamo Personal
TXN-00016234,CTA-706710,CLI-44085,2026-06-24 18:22:00,4776667.97,CRC,transferencia,atm,SJ-002,Tarjeta Crédito
TXN-00016235,CTA-814625,CLI-72984,2026-06-24 06:56:00,2704012.87,CRC,retiro,web,SJ-001,Cuenta Corriente
TXN-00016236,CTA-287124,CLI-62967,2026-06-09 06:03:00,4242022.76,CRC,retiro,sinpe,PU-001,Préstamo Hipotecario
TXN-00016237,CTA-373184,CLI-88975,2026-06-09 17:51:00,1869597.91,CRC,retiro,web,CA-001,Préstamo Personal
TXN-00016238,CTA-883757,CLI-89644,2026-06-21 06:32:00,2140857.1,CRC,comision,atm,LI-002,Préstamo Personal
TXN-00016239,CTA-149582,CLI-59095,2026-06-07 00:11:00,753394.77,CRC,pago,app_movil,PU-001,Tarjeta Crédito
TXN-00016240,CTA-168466,CLI-92646,2026-06-06 08:23:00,1108213.75,CRC,deposito,app_movil,AL-001,Préstamo Hipotecario
TXN-00016241,CTA-272335,CLI-84247,2026-06-29 20:41:00,3561995.02,CRC,comision,sucursal,PU-001,Préstamo Hipotecario
TXN-00016242,CTA-646238,CLI-73465,2026-06-15 03:35:00,1667127.49,CRC,pago,sucursal,AL-001,Préstamo Hipotecario
TXN-00016243,CTA-219853,CLI-14294,2026-06-21 09:33:00,3064147.6,CRC,retiro,sucursal,SJ-002,Préstamo Hipotecario
TXN-00016244,CTA-112901,CLI-75370,2026-06-27 01:50:00,2694972.39,CRC,comision,sinpe,AL-001,Tarjeta Crédito
TXN-00016245,CTA-124844,CLI-30314,2026-06-06 16:14:00,4971694.76,CRC,transferencia,atm,LI-002,Cuenta Corriente
TXN-00016246,CTA-724788,CLI-41671,2026-06-27 08:14:00,2389896.88,CRC,deposito,web,SJ-002,Préstamo Hipotecario
TXN-00016247,CTA-988037,CLI-32369,2026-06-21 21:08:00,3283942.61,CRC,pago,sinpe,HE-001,Préstamo Hipotecario
TXN-00016248,CTA-802490,CLI-90382,2026-06-25 17:38:00,2311960.58,CRC,deposito,sinpe,LI-002,Cuenta Corriente
TXN-00016249,CTA-910844,CLI-48265,2026-06-23 22:00:00,4662030.78,CRC,comision,app_movil,AL-001,Préstamo Personal
TXN-00016250,CTA-316185,CLI-41134,2026-06-21 14:46:00,3549861.62,CRC,pago,sucursal,PU-001,Cuenta Ahorro
TXN-00016251,CTA-747865,CLI-65971,2026-06-02 00:50:00,2856415.03,CRC,transferencia,web,SJ-002,Cuenta Ahorro
TXN-00016252,CTA-587049,CLI-46658,2026-06-14 16:53:00,3732431.02,CRC,pago,sinpe,PU-001,Préstamo Hipotecario
TXN-00016253,CTA-554920,CLI-33353,2026-06-17 14:27:00,3596973.72,CRC,pago,app_movil,SJ-001,Tarjeta Crédito
TXN-00016254,CTA-840889,CLI-25785,2026-06-24 07:46:00,1566189.94,CRC,retiro,sinpe,SJ-002,Cuenta Corriente
TXN-00016255,CTA-782190,CLI-19267,2026-06-08 22:59:00,1677726.98,CRC,pago,atm,AL-001,Cuenta Corriente
TXN-00016256,CTA-185929,CLI-53788,2026-06-28 22:47:00,895134.52,CRC,deposito,atm,HE-001,Préstamo Personal
TXN-00016257,CTA-444231,CLI-12161,2026-06-12 12:38:00,4852178.77,CRC,deposito,sinpe,HE-001,Préstamo Hipotecario
TXN-00016258,CTA-726645,CLI-18446,2026-06-18 04:18:00,3948407.72,CRC,comision,sinpe,SJ-002,Cuenta Corriente
TXN-00016259,CTA-389643,CLI-13030,2026-06-07 06:53:00,3866227.38,CRC,transferencia,web,LI-001,Préstamo Personal
TXN-00016260,CTA-439515,CLI-50923,2026-06-23 00:07:00,3916085.35,CRC,comision,web,SJ-001,Cuenta Corriente
TXN-00016261,CTA-950347,CLI-76726,2026-06-05 23:36:00,1574812.57,CRC,comision,sucursal,LI-001,Préstamo Personal
TXN-00016262,CTA-982313,CLI-83000,2026-06-02 12:57:00,4183910.91,CRC,comision,web,LI-001,Tarjeta Crédito
TXN-00016263,CTA-481666,CLI-64459,2026-06-12 01:28:00,4509933.99,CRC,transferencia,atm,CA-001,Préstamo Hipotecario
TXN-00016264,CTA-447883,CLI-58166,2026-06-14 05:50:00,2428618.0,CRC,transferencia,app_movil,HE-001,Cuenta Ahorro
TXN-00016265,CTA-966312,CLI-48674,2026-06-09 11:21:00,4093710.13,CRC,comision,atm,PU-001,Cuenta Ahorro
TXN-00016266,CTA-360777,CLI-17619,2026-06-15 07:16:00,3100735.16,CRC,transferencia,web,AL-001,Cuenta Corriente
TXN-00016267,CTA-284333,CLI-73937,2026-06-29 19:11:00,4498349.8,CRC,retiro,web,SJ-002,Préstamo Personal
TXN-00016268,CTA-251805,CLI-62435,2026-06-10 14:03:00,4419717.16,CRC,transferencia,app_movil,AL-001,Préstamo Personal
TXN-00016269,CTA-460675,CLI-81604,2026-06-19 19:16:00,4897192.3,CRC,deposito,sucursal,LI-001,Préstamo Hipotecario
TXN-00016270,CTA-827146,CLI-67630,2026-06-25 00:26:00,3502900.29,CRC,retiro,app_movil,LI-001,Cuenta Corriente
TXN-00016271,CTA-313597,CLI-47545,2026-06-01 16:48:00,4381452.45,CRC,deposito,atm,SJ-001,Cuenta Ahorro
TXN-00016272,CTA-990676,CLI-58624,2026-06-07 16:55:00,1730069.04,CRC,transferencia,web,CA-001,Tarjeta Crédito
TXN-00016273,CTA-878079,CLI-28389,2026-06-17 02:48:00,4470494.75,CRC,deposito,sucursal,SJ-002,Cuenta Ahorro
TXN-00016274,CTA-726945,CLI-11759,2026-06-25 17:34:00,1137040.1,CRC,comision,atm,CA-001,Préstamo Personal
TXN-00016275,CTA-884267,CLI-67899,2026-06-01 13:36:00,3639590.39,CRC,transferencia,sinpe,CA-001,Tarjeta Crédito
TXN-00016276,CTA-552424,CLI-86017,2026-06-15 13:51:00,4297254.55,CRC,transferencia,app_movil,LI-002,Tarjeta Crédito
TXN-00016277,CTA-788396,CLI-65143,2026-06-25 22:09:00,4297319.79,CRC,transferencia,app_movil,PU-001,Cuenta Corriente
TXN-00016278,CTA-179897,CLI-24178,2026-06-29 12:26:00,3169172.91,CRC,comision,app_movil,SJ-002,Cuenta Ahorro
TXN-00016279,CTA-731364,CLI-46807,2026-06-28 06:41:00,342829.2,CRC,transferencia,atm,LI-002,Tarjeta Crédito
TXN-00016280,CTA-981599,CLI-27649,2026-06-30 21:44:00,2658110.8,CRC,transferencia,atm,HE-001,Cuenta Ahorro
TXN-00016281,CTA-845452,CLI-97154,2026-06-07 09:30:00,827885.54,CRC,deposito,sinpe,AL-001,Préstamo Personal
TXN-00016282,CTA-797557,CLI-26468,2026-06-21 13:14:00,1458301.42,CRC,comision,web,LI-001,Préstamo Hipotecario
TXN-00016283,CTA-197850,CLI-53704,2026-06-10 22:41:00,2247110.59,CRC,deposito,sinpe,HE-001,Tarjeta Crédito
TXN-00016284,CTA-174958,CLI-16259,2026-06-07 17:11:00,1269998.2,CRC,deposito,sinpe,SJ-002,Préstamo Personal
TXN-00016285,CTA-138707,CLI-14668,2026-06-10 10:59:00,884099.06,CRC,pago,sucursal,LI-001,Cuenta Ahorro
TXN-00016286,CTA-160083,CLI-15496,2026-06-12 01:44:00,4282745.63,CRC,pago,sinpe,LI-002,Cuenta Corriente
TXN-00016287,CTA-747252,CLI-83152,2026-06-04 19:29:00,4790809.13,CRC,transferencia,app_movil,CA-001,Tarjeta Crédito
TXN-00016288,CTA-939164,CLI-55321,2026-06-17 23:13:00,4003554.5,CRC,pago,app_movil,AL-001,Préstamo Hipotecario
TXN-00016289,CTA-195599,CLI-81379,2026-06-22 01:05:00,4668092.7,CRC,transferencia,app_movil,HE-001,Préstamo Hipotecario
TXN-00016290,CTA-505082,CLI-79101,2026-06-17 03:18:00,2498127.89,CRC,transferencia,web,HE-001,Cuenta Ahorro
TXN-00016291,CTA-466126,CLI-13746,2026-06-12 06:27:00,4243324.18,CRC,comision,sinpe,LI-002,Préstamo Personal
TXN-00016292,CTA-244263,CLI-77287,2026-06-30 08:57:00,288223.01,CRC,comision,sucursal,SJ-002,Cuenta Ahorro
TXN-00016293,CTA-936945,CLI-46920,2026-06-08 18:47:00,3691446.0,CRC,pago,web,AL-001,Cuenta Ahorro
TXN-00016294,CTA-625707,CLI-32651,2026-06-03 08:26:00,1115507.53,CRC,comision,sinpe,CA-001,Préstamo Hipotecario
TXN-00016295,CTA-805462,CLI-80081,2026-06-03 20:40:00,3454044.25,CRC,retiro,web,SJ-002,Préstamo Personal
TXN-00016296,CTA-283073,CLI-31660,2026-06-29 09:32:00,4832866.32,CRC,transferencia,web,LI-002,Cuenta Corriente
TXN-00016297,CTA-687301,CLI-43400,2026-06-06 02:59:00,4100506.87,CRC,transferencia,web,CA-001,Cuenta Corriente
TXN-00016298,CTA-909236,CLI-29511,2026-06-27 06:06:00,1860615.24,CRC,transferencia,sucursal,HE-001,Préstamo Personal
TXN-00016299,CTA-965801,CLI-81471,2026-06-06 04:49:00,2475622.62,CRC,transferencia,sucursal,HE-001,Préstamo Hipotecario
TXN-00016300,CTA-178680,CLI-58904,2026-06-10 18:13:00,106921.44,CRC,transferencia,sucursal,CA-001,Cuenta Ahorro
TXN-00016301,CTA-240974,CLI-49904,2026-06-13 22:42:00,21313.01,CRC,retiro,atm,LI-002,Tarjeta Crédito
TXN-00016302,CTA-507961,CLI-39019,2026-06-08 15:14:00,2352965.53,CRC,retiro,app_movil,AL-001,Cuenta Corriente
TXN-00016303,CTA-958130,CLI-96954,2026-06-24 08:38:00,351743.62,CRC,retiro,sucursal,LI-001,Préstamo Hipotecario
TXN-00016304,CTA-903658,CLI-36129,2026-06-10 22:33:00,1300367.79,CRC,pago,sinpe,CA-001,Tarjeta Crédito
TXN-00016305,CTA-655813,CLI-38379,2026-06-15 10:41:00,2411838.92,CRC,transferencia,atm,CA-001,Préstamo Hipotecario
TXN-00016306,CTA-839928,CLI-88439,2026-06-10 04:06:00,4054624.43,CRC,comision,web,HE-001,Cuenta Corriente
TXN-00016307,CTA-100500,CLI-42040,2026-06-29 02:25:00,3617107.23,CRC,comision,web,HE-001,Cuenta Ahorro
TXN-00016308,CTA-258211,CLI-23506,2026-06-03 16:39:00,4827099.75,CRC,deposito,sucursal,LI-002,Préstamo Personal
TXN-00016309,CTA-107776,CLI-59942,2026-06-28 23:24:00,3996356.68,CRC,pago,atm,HE-001,Tarjeta Crédito
TXN-00016310,CTA-548970,CLI-80907,2026-06-02 10:07:00,4495874.33,CRC,transferencia,sucursal,LI-001,Tarjeta Crédito
TXN-00016311,CTA-508144,CLI-71752,2026-06-14 11:02:00,4795029.72,CRC,transferencia,sinpe,CA-001,Préstamo Hipotecario
TXN-00016312,CTA-295688,CLI-30035,2026-06-30 04:19:00,781382.55,CRC,transferencia,sinpe,SJ-001,Préstamo Personal
TXN-00016313,CTA-509992,CLI-22150,2026-06-30 07:57:00,1684807.31,CRC,transferencia,web,AL-001,Préstamo Personal
TXN-00016314,CTA-248849,CLI-43493,2026-06-24 10:01:00,4111916.07,CRC,comision,sinpe,PU-001,Cuenta Ahorro
TXN-00016315,CTA-321060,CLI-86408,2026-06-20 01:27:00,2420167.68,CRC,retiro,sinpe,LI-002,Cuenta Ahorro
TXN-00016316,CTA-805028,CLI-49924,2026-06-01 15:46:00,1069745.25,CRC,transferencia,web,SJ-001,Tarjeta Crédito
TXN-00016317,CTA-761353,CLI-48819,2026-06-23 09:36:00,3150915.89,CRC,retiro,atm,SJ-002,Préstamo Personal
TXN-00016318,CTA-139521,CLI-17814,2026-06-12 11:08:00,3134287.44,CRC,deposito,atm,LI-002,Préstamo Personal
TXN-00016319,CTA-401158,CLI-59585,2026-06-05 14:21:00,536842.71,CRC,transferencia,sinpe,PU-001,Préstamo Personal
TXN-00016320,CTA-584499,CLI-81779,2026-06-01 11:26:00,3140278.4,CRC,comision,sinpe,LI-002,Préstamo Personal
TXN-00016321,CTA-267344,CLI-30304,2026-06-02 23:45:00,3935745.39,CRC,retiro,sucursal,LI-001,Préstamo Hipotecario
TXN-00016322,CTA-376173,CLI-93848,2026-06-20 09:29:00,3167287.73,CRC,deposito,sinpe,AL-001,Cuenta Corriente
TXN-00016323,CTA-315467,CLI-80352,2026-06-01 13:32:00,1996711.09,CRC,comision,atm,HE-001,Cuenta Corriente
TXN-00016324,CTA-733041,CLI-48301,2026-06-18 10:48:00,4353459.32,CRC,retiro,app_movil,LI-001,Cuenta Corriente
TXN-00016325,CTA-521949,CLI-83984,2026-06-18 13:27:00,1377003.91,CRC,retiro,atm,SJ-001,Préstamo Personal
TXN-00016326,CTA-582570,CLI-85089,2026-06-09 05:38:00,3866589.42,CRC,pago,atm,CA-001,Préstamo Personal
TXN-00016327,CTA-930631,CLI-90751,2026-06-27 11:18:00,4639880.16,CRC,transferencia,web,SJ-001,Préstamo Hipotecario
TXN-00016328,CTA-511894,CLI-86218,2026-06-15 18:32:00,495683.98,CRC,pago,web,SJ-002,Cuenta Ahorro
TXN-00016329,CTA-777178,CLI-34625,2026-06-19 14:56:00,2967033.94,CRC,retiro,app_movil,SJ-001,Préstamo Personal
TXN-00016330,CTA-896123,CLI-34220,2026-06-09 15:22:00,611388.78,CRC,retiro,web,PU-001,Préstamo Personal
TXN-00016331,CTA-539877,CLI-21150,2026-06-24 02:56:00,1313469.06,CRC,comision,web,LI-002,Cuenta Ahorro
TXN-00016332,CTA-867786,CLI-68225,2026-06-08 14:57:00,4964020.28,CRC,comision,atm,HE-001,Préstamo Hipotecario
TXN-00016333,CTA-926229,CLI-41629,2026-06-14 06:00:00,3589364.9,CRC,comision,sucursal,AL-001,Cuenta Ahorro
TXN-00016334,CTA-803165,CLI-94866,2026-06-20 11:30:00,2025704.49,CRC,transferencia,atm,LI-001,Cuenta Ahorro
TXN-00016335,CTA-306454,CLI-60134,2026-06-01 05:13:00,1578543.56,CRC,comision,atm,SJ-001,Tarjeta Crédito
TXN-00016336,CTA-805246,CLI-86733,2026-06-17 15:30:00,919732.19,CRC,pago,web,SJ-002,Cuenta Ahorro
TXN-00016337,CTA-605529,CLI-54266,2026-06-14 07:49:00,216949.18,CRC,comision,web,CA-001,Tarjeta Crédito
TXN-00016338,CTA-188994,CLI-29195,2026-06-16 17:41:00,3139987.56,CRC,deposito,sucursal,CA-001,Cuenta Ahorro
TXN-00016339,CTA-147619,CLI-37859,2026-06-28 06:55:00,1301339.04,CRC,pago,sucursal,SJ-002,Cuenta Ahorro
TXN-00016340,CTA-511428,CLI-71142,2026-06-27 19:21:00,3497889.83,CRC,deposito,atm,SJ-002,Préstamo Personal
TXN-00016341,CTA-759733,CLI-41867,2026-06-16 12:07:00,4866467.73,CRC,transferencia,web,PU-001,Préstamo Hipotecario
TXN-00016342,CTA-748059,CLI-78933,2026-06-12 03:29:00,2628440.43,CRC,retiro,sinpe,AL-001,Cuenta Corriente
TXN-00016343,CTA-338494,CLI-98419,2026-06-11 15:26:00,2520170.23,CRC,pago,atm,PU-001,Cuenta Ahorro
TXN-00016344,CTA-608012,CLI-58774,2026-06-24 09:47:00,2596382.17,CRC,transferencia,app_movil,SJ-001,Cuenta Corriente
TXN-00016345,CTA-574084,CLI-12229,2026-06-22 13:22:00,1985015.01,CRC,retiro,web,AL-001,Cuenta Ahorro
TXN-00016346,CTA-421839,CLI-85152,2026-06-05 03:16:00,1213489.11,CRC,transferencia,sinpe,SJ-002,Préstamo Personal
TXN-00016347,CTA-337644,CLI-28519,2026-06-19 04:18:00,3917952.39,CRC,transferencia,atm,AL-001,Préstamo Hipotecario
TXN-00016348,CTA-951618,CLI-72831,2026-06-26 21:31:00,2899849.44,CRC,pago,web,LI-001,Cuenta Corriente
TXN-00016349,CTA-155943,CLI-37617,2026-06-20 20:25:00,4803019.62,CRC,deposito,atm,SJ-002,Cuenta Ahorro
TXN-00016350,CTA-889068,CLI-58995,2026-06-05 16:04:00,712529.27,CRC,pago,web,LI-002,Cuenta Corriente
TXN-00016351,CTA-205557,CLI-56903,2026-06-01 15:57:00,3422268.02,CRC,deposito,sinpe,PU-001,Préstamo Hipotecario
TXN-00016352,CTA-924004,CLI-91230,2026-06-07 08:04:00,2312985.03,CRC,deposito,web,SJ-002,Cuenta Corriente
TXN-00016353,CTA-364938,CLI-93965,2026-06-30 05:50:00,1920794.01,CRC,transferencia,atm,SJ-002,Préstamo Personal
TXN-00016354,CTA-950868,CLI-12468,2026-06-12 09:49:00,453472.53,CRC,comision,sucursal,PU-001,Préstamo Hipotecario
TXN-00016355,CTA-975426,CLI-20682,2026-06-29 11:33:00,2613412.11,CRC,deposito,sucursal,SJ-001,Préstamo Personal
TXN-00016356,CTA-856380,CLI-64033,2026-06-28 04:33:00,3290407.19,CRC,comision,sinpe,AL-001,Cuenta Ahorro
TXN-00016357,CTA-929303,CLI-41622,2026-06-28 09:10:00,130214.6,CRC,comision,sinpe,LI-001,Cuenta Ahorro
TXN-00016358,CTA-426735,CLI-48592,2026-06-01 15:08:00,916834.26,CRC,retiro,app_movil,SJ-001,Cuenta Ahorro
TXN-00016359,CTA-590928,CLI-95013,2026-06-06 22:26:00,1485515.2,CRC,deposito,sucursal,SJ-001,Cuenta Ahorro
TXN-00016360,CTA-876589,CLI-62067,2026-06-13 18:06:00,3004155.03,CRC,retiro,web,CA-001,Tarjeta Crédito
TXN-00016361,CTA-704095,CLI-28647,2026-06-22 11:08:00,3916390.68,CRC,pago,app_movil,PU-001,Préstamo Personal
TXN-00016362,CTA-774154,CLI-55699,2026-06-03 06:42:00,3708137.76,CRC,pago,app_movil,HE-001,Cuenta Ahorro
TXN-00016363,CTA-196109,CLI-70077,2026-06-02 00:59:00,4559139.57,CRC,pago,sinpe,HE-001,Préstamo Personal
TXN-00016364,CTA-888251,CLI-90037,2026-06-02 06:47:00,1104298.64,CRC,transferencia,atm,CA-001,Tarjeta Crédito
TXN-00016365,CTA-319990,CLI-72721,2026-06-14 15:36:00,799845.78,CRC,retiro,sucursal,SJ-001,Préstamo Hipotecario
TXN-00016366,CTA-825657,CLI-80188,2026-06-21 17:01:00,4323322.64,CRC,retiro,app_movil,AL-001,Préstamo Hipotecario
TXN-00016367,CTA-370170,CLI-30341,2026-06-01 15:37:00,3024979.92,CRC,comision,sinpe,SJ-002,Préstamo Personal
TXN-00016368,CTA-336929,CLI-82902,2026-06-25 07:17:00,2155967.12,CRC,deposito,atm,AL-001,Cuenta Ahorro
TXN-00016369,CTA-390109,CLI-94804,2026-06-07 06:09:00,4157050.9,CRC,comision,web,AL-001,Préstamo Personal
TXN-00016370,CTA-228752,CLI-39661,2026-06-18 23:12:00,2501565.11,CRC,pago,sinpe,CA-001,Tarjeta Crédito
TXN-00016371,CTA-844848,CLI-77368,2026-06-20 00:37:00,3335845.69,CRC,transferencia,app_movil,LI-001,Cuenta Corriente
TXN-00016372,CTA-579904,CLI-60218,2026-06-19 00:43:00,4834434.29,CRC,transferencia,app_movil,AL-001,Préstamo Hipotecario
TXN-00016373,CTA-213122,CLI-84679,2026-06-26 15:36:00,4969269.37,CRC,deposito,sinpe,SJ-002,Préstamo Personal
TXN-00016374,CTA-333775,CLI-67743,2026-06-24 18:53:00,3373250.97,CRC,deposito,web,SJ-002,Cuenta Corriente
TXN-00016375,CTA-866489,CLI-15184,2026-06-27 01:12:00,3644243.45,CRC,transferencia,app_movil,LI-002,Cuenta Corriente
TXN-00016376,CTA-991832,CLI-71335,2026-06-15 01:57:00,4550444.6,CRC,comision,sucursal,PU-001,Préstamo Personal
TXN-00016377,CTA-693424,CLI-68824,2026-06-04 01:10:00,2935273.85,CRC,comision,sucursal,LI-001,Cuenta Corriente
TXN-00016378,CTA-425168,CLI-88900,2026-06-12 15:36:00,738456.33,CRC,retiro,atm,SJ-002,Préstamo Personal
TXN-00016379,CTA-341436,CLI-12587,2026-06-06 12:31:00,2674981.64,CRC,transferencia,app_movil,HE-001,Tarjeta Crédito
TXN-00016380,CTA-834221,CLI-63931,2026-06-13 04:46:00,3783030.17,CRC,pago,web,LI-001,Cuenta Ahorro
TXN-00016381,CTA-882641,CLI-89942,2026-06-28 18:30:00,3251197.78,CRC,pago,web,HE-001,Cuenta Corriente
TXN-00016382,CTA-248428,CLI-72062,2026-06-11 07:43:00,656190.02,CRC,deposito,app_movil,SJ-002,Préstamo Personal
TXN-00016383,CTA-593104,CLI-82451,2026-06-23 03:01:00,491027.27,CRC,pago,app_movil,LI-001,Cuenta Ahorro
TXN-00016384,CTA-155328,CLI-69807,2026-06-17 02:54:00,444677.07,CRC,comision,app_movil,SJ-001,Tarjeta Crédito
TXN-00016385,CTA-967306,CLI-59698,2026-06-17 22:06:00,1904736.43,CRC,comision,atm,PU-001,Tarjeta Crédito
TXN-00016386,CTA-708583,CLI-56475,2026-06-11 19:34:00,521702.28,CRC,pago,web,SJ-002,Préstamo Personal
TXN-00016387,CTA-207475,CLI-87188,2026-06-08 02:48:00,226579.81,CRC,pago,sucursal,SJ-002,Cuenta Corriente
TXN-00016388,CTA-986689,CLI-88652,2026-06-20 18:46:00,66497.28,CRC,comision,web,LI-001,Cuenta Corriente
TXN-00016389,CTA-371681,CLI-15203,2026-06-08 00:56:00,3070275.17,CRC,transferencia,atm,HE-001,Cuenta Ahorro
TXN-00016390,CTA-506924,CLI-77453,2026-06-06 15:03:00,4078877.32,CRC,comision,atm,LI-001,Préstamo Personal
TXN-00016391,CTA-317622,CLI-24721,2026-06-14 10:37:00,2425342.83,CRC,pago,sucursal,SJ-002,Cuenta Corriente
TXN-00016392,CTA-566980,CLI-49844,2026-06-19 14:27:00,4642684.93,CRC,retiro,sucursal,AL-001,Préstamo Hipotecario
TXN-00016393,CTA-884733,CLI-46426,2026-06-07 16:22:00,82535.59,CRC,transferencia,sucursal,AL-001,Préstamo Personal
TXN-00016394,CTA-173726,CLI-26952,2026-06-13 01:26:00,4221700.84,CRC,transferencia,atm,LI-001,Cuenta Ahorro
TXN-00016395,CTA-363629,CLI-95546,2026-06-19 00:24:00,4734192.76,CRC,transferencia,sinpe,HE-001,Préstamo Hipotecario
TXN-00016396,CTA-679016,CLI-56290,2026-06-06 11:44:00,1465264.68,CRC,retiro,app_movil,AL-001,Cuenta Ahorro
TXN-00016397,CTA-418526,CLI-43654,2026-06-01 10:40:00,1954744.4,CRC,comision,web,AL-001,Préstamo Personal
TXN-00016398,CTA-418449,CLI-65404,2026-06-01 10:19:00,511102.65,CRC,transferencia,web,SJ-002,Cuenta Ahorro
TXN-00016399,CTA-723411,CLI-52070,2026-06-02 02:37:00,52758.65,CRC,transferencia,sinpe,AL-001,Cuenta Corriente
TXN-00016400,CTA-922178,CLI-33938,2026-06-12 20:20:00,1089936.06,CRC,comision,app_movil,LI-002,Préstamo Personal
TXN-00016401,CTA-871048,CLI-88561,2026-06-15 14:53:00,292680.76,CRC,deposito,atm,AL-001,Préstamo Hipotecario
TXN-00016402,CTA-760262,CLI-66694,2026-06-03 19:43:00,4657528.99,CRC,pago,web,LI-002,Cuenta Corriente
TXN-00016403,CTA-966026,CLI-72524,2026-06-12 12:51:00,1934729.26,CRC,deposito,atm,AL-001,Préstamo Personal
TXN-00016404,CTA-394700,CLI-92199,2026-06-24 03:31:00,1951353.73,CRC,deposito,app_movil,SJ-001,Cuenta Ahorro
TXN-00016405,CTA-921225,CLI-99806,2026-06-30 12:23:00,4593300.66,CRC,comision,web,SJ-002,Tarjeta Crédito
TXN-00016406,CTA-846587,CLI-58613,2026-06-08 23:44:00,2086046.55,CRC,transferencia,web,CA-001,Cuenta Ahorro
TXN-00016407,CTA-514110,CLI-56124,2026-06-17 04:42:00,683335.76,CRC,deposito,web,HE-001,Cuenta Ahorro
TXN-00016408,CTA-523038,CLI-71154,2026-06-02 17:07:00,1265990.21,CRC,retiro,sinpe,HE-001,Tarjeta Crédito
TXN-00016409,CTA-927025,CLI-57423,2026-06-27 11:48:00,1704894.5,CRC,retiro,atm,HE-001,Préstamo Personal
TXN-00016410,CTA-344763,CLI-59367,2026-06-30 07:45:00,163545.48,CRC,comision,app_movil,SJ-002,Préstamo Personal
TXN-00016411,CTA-794501,CLI-79299,2026-06-06 20:13:00,1721028.37,CRC,pago,atm,LI-002,Cuenta Corriente
TXN-00016412,CTA-633256,CLI-52289,2026-06-19 18:27:00,4913745.33,CRC,comision,sucursal,AL-001,Cuenta Ahorro
TXN-00016413,CTA-879231,CLI-90091,2026-06-29 15:24:00,4793153.69,CRC,pago,atm,AL-001,Cuenta Corriente
TXN-00016414,CTA-732686,CLI-73924,2026-06-07 03:12:00,7937.02,CRC,transferencia,sucursal,SJ-002,Préstamo Personal
TXN-00016415,CTA-990584,CLI-36902,2026-06-14 06:26:00,2310759.73,CRC,deposito,atm,PU-001,Préstamo Hipotecario
TXN-00016416,CTA-133403,CLI-79829,2026-06-20 04:07:00,761469.61,CRC,retiro,app_movil,CA-001,Préstamo Hipotecario
TXN-00016417,CTA-193141,CLI-57955,2026-06-04 21:40:00,593398.47,CRC,deposito,sinpe,CA-001,Tarjeta Crédito
TXN-00016418,CTA-244837,CLI-78993,2026-06-23 15:06:00,3641554.1,CRC,comision,app_movil,HE-001,Cuenta Corriente
TXN-00016419,CTA-340351,CLI-88067,2026-06-02 19:31:00,1242968.11,CRC,comision,sucursal,PU-001,Cuenta Corriente
TXN-00016420,CTA-598442,CLI-72836,2026-06-04 22:10:00,4760318.61,CRC,pago,app_movil,AL-001,Cuenta Ahorro
TXN-00016421,CTA-357228,CLI-99747,2026-06-10 14:22:00,4566766.66,CRC,deposito,atm,HE-001,Préstamo Personal
TXN-00016422,CTA-171132,CLI-21076,2026-06-16 10:32:00,1734575.64,CRC,retiro,atm,HE-001,Cuenta Ahorro
TXN-00016423,CTA-854945,CLI-59903,2026-06-18 04:23:00,3544893.73,CRC,deposito,web,SJ-001,Préstamo Personal
TXN-00016424,CTA-339160,CLI-20448,2026-06-30 01:56:00,1033669.39,CRC,transferencia,sucursal,SJ-002,Préstamo Personal
TXN-00016425,CTA-231630,CLI-53568,2026-06-20 17:06:00,4582691.22,CRC,pago,sucursal,CA-001,Cuenta Ahorro
TXN-00016426,CTA-959957,CLI-53336,2026-06-21 14:10:00,3267703.83,CRC,comision,sucursal,AL-001,Préstamo Personal
TXN-00016427,CTA-106517,CLI-36722,2026-06-20 10:48:00,1769625.89,CRC,deposito,atm,LI-002,Cuenta Corriente
TXN-00016428,CTA-102848,CLI-74399,2026-06-01 12:40:00,157712.77,CRC,pago,web,CA-001,Cuenta Ahorro
TXN-00016429,CTA-586913,CLI-35463,2026-06-03 03:28:00,83356.84,CRC,retiro,web,SJ-001,Cuenta Ahorro
TXN-00016430,CTA-873062,CLI-13317,2026-06-11 18:42:00,635367.66,CRC,retiro,app_movil,HE-001,Préstamo Hipotecario
TXN-00016431,CTA-584626,CLI-43309,2026-06-16 09:43:00,666761.76,CRC,deposito,sucursal,SJ-002,Préstamo Personal
TXN-00016432,CTA-492267,CLI-92050,2026-06-16 08:07:00,1175353.97,CRC,transferencia,sucursal,HE-001,Préstamo Personal
TXN-00016433,CTA-688750,CLI-38111,2026-06-27 19:58:00,1686454.53,CRC,pago,sucursal,HE-001,Préstamo Personal
TXN-00016434,CTA-547818,CLI-12561,2026-06-20 07:22:00,4972922.85,CRC,comision,sucursal,LI-001,Tarjeta Crédito
TXN-00016435,CTA-212031,CLI-12891,2026-06-23 16:48:00,4320671.29,CRC,deposito,atm,HE-001,Cuenta Ahorro
TXN-00016436,CTA-453884,CLI-77302,2026-06-08 14:13:00,710960.79,CRC,transferencia,sucursal,SJ-001,Préstamo Personal
TXN-00016437,CTA-447635,CLI-84987,2026-06-16 03:17:00,1256677.88,CRC,retiro,sinpe,HE-001,Préstamo Personal
TXN-00016438,CTA-868893,CLI-64982,2026-06-17 08:12:00,3112414.57,CRC,transferencia,sucursal,CA-001,Cuenta Ahorro
TXN-00016439,CTA-945807,CLI-74430,2026-06-11 02:12:00,516392.17,CRC,transferencia,sucursal,HE-001,Préstamo Hipotecario
TXN-00016440,CTA-558323,CLI-99142,2026-06-21 20:48:00,589145.05,CRC,deposito,app_movil,SJ-002,Tarjeta Crédito
TXN-00016441,CTA-354854,CLI-95706,2026-06-10 01:22:00,3545320.25,CRC,deposito,atm,CA-001,Cuenta Ahorro
TXN-00016442,CTA-818931,CLI-76905,2026-06-13 23:08:00,2920808.74,CRC,retiro,sinpe,CA-001,Préstamo Hipotecario
TXN-00016443,CTA-258240,CLI-64916,2026-06-15 17:05:00,3792812.66,CRC,retiro,app_movil,CA-001,Cuenta Corriente
TXN-00016444,CTA-709010,CLI-45502,2026-06-17 08:45:00,4185378.84,CRC,deposito,sinpe,LI-002,Cuenta Corriente
TXN-00016445,CTA-331203,CLI-94328,2026-06-15 18:18:00,2982378.13,CRC,pago,app_movil,PU-001,Cuenta Ahorro
TXN-00016446,CTA-495063,CLI-75983,2026-06-27 07:32:00,2357197.9,CRC,retiro,sinpe,SJ-001,Tarjeta Crédito
TXN-00016447,CTA-525428,CLI-24339,2026-06-05 12:10:00,3461929.53,CRC,deposito,app_movil,AL-001,Cuenta Ahorro
TXN-00016448,CTA-688222,CLI-13335,2026-06-20 13:12:00,2864050.71,CRC,pago,app_movil,LI-002,Préstamo Hipotecario
TXN-00016449,CTA-918053,CLI-55544,2026-06-03 03:07:00,3726965.05,CRC,retiro,atm,SJ-002,Préstamo Personal
TXN-00016450,CTA-414375,CLI-77386,2026-06-14 21:16:00,2177498.37,CRC,comision,atm,LI-002,Tarjeta Crédito
TXN-00016451,CTA-309004,CLI-18997,2026-06-12 12:10:00,4077938.06,CRC,pago,app_movil,AL-001,Tarjeta Crédito
TXN-00016452,CTA-553919,CLI-49593,2026-06-24 18:02:00,1104553.72,CRC,transferencia,web,LI-001,Préstamo Personal
TXN-00016453,CTA-161269,CLI-58652,2026-06-18 11:32:00,1170112.1,CRC,deposito,sucursal,AL-001,Cuenta Corriente
TXN-00016454,CTA-884124,CLI-15507,2026-06-16 03:03:00,268083.9,CRC,deposito,app_movil,SJ-002,Cuenta Ahorro
TXN-00016455,CTA-662965,CLI-22992,2026-06-15 11:50:00,885835.01,CRC,retiro,sinpe,CA-001,Préstamo Personal
TXN-00016456,CTA-890349,CLI-74583,2026-06-09 20:22:00,505478.42,CRC,pago,sucursal,CA-001,Cuenta Ahorro
TXN-00016457,CTA-884791,CLI-26078,2026-06-05 04:04:00,3132915.62,CRC,transferencia,web,SJ-001,Préstamo Hipotecario
TXN-00016458,CTA-240826,CLI-56993,2026-06-09 22:05:00,2876405.54,CRC,transferencia,atm,SJ-002,Préstamo Hipotecario
TXN-00016459,CTA-846236,CLI-19952,2026-06-10 19:37:00,1924271.22,CRC,pago,sucursal,SJ-001,Préstamo Hipotecario
TXN-00016460,CTA-553915,CLI-58606,2026-06-08 14:03:00,1171980.49,CRC,deposito,web,AL-001,Préstamo Personal
TXN-00016461,CTA-892094,CLI-22657,2026-06-26 15:59:00,1471984.52,CRC,deposito,web,AL-001,Cuenta Corriente
TXN-00016462,CTA-768617,CLI-77119,2026-06-11 00:35:00,2701001.41,CRC,deposito,web,HE-001,Tarjeta Crédito
TXN-00016463,CTA-433675,CLI-34149,2026-06-23 09:07:00,1325625.84,CRC,transferencia,sucursal,SJ-002,Cuenta Corriente
TXN-00016464,CTA-994846,CLI-98908,2026-06-12 07:25:00,2851249.71,CRC,transferencia,app_movil,SJ-002,Cuenta Ahorro
TXN-00016465,CTA-656192,CLI-95604,2026-06-17 00:04:00,2674060.26,CRC,deposito,app_movil,SJ-002,Préstamo Personal
TXN-00016466,CTA-216970,CLI-93133,2026-06-18 07:18:00,2490077.08,CRC,pago,sinpe,HE-001,Tarjeta Crédito
TXN-00016467,CTA-702427,CLI-93793,2026-06-12 19:32:00,1693287.35,CRC,deposito,atm,SJ-001,Préstamo Hipotecario
TXN-00016468,CTA-487205,CLI-95180,2026-06-24 08:46:00,4689678.24,CRC,transferencia,atm,LI-002,Cuenta Ahorro
TXN-00016469,CTA-559564,CLI-50344,2026-06-06 23:00:00,919454.08,CRC,retiro,atm,CA-001,Cuenta Ahorro
TXN-00016470,CTA-283702,CLI-41991,2026-06-08 15:28:00,723384.66,CRC,retiro,app_movil,HE-001,Préstamo Personal
TXN-00016471,CTA-547640,CLI-10649,2026-06-27 19:31:00,2003753.14,CRC,deposito,sinpe,SJ-001,Tarjeta Crédito
TXN-00016472,CTA-803584,CLI-12006,2026-06-03 00:02:00,4034134.73,CRC,deposito,sinpe,SJ-001,Préstamo Personal
TXN-00016473,CTA-809939,CLI-79204,2026-06-30 10:05:00,57778.61,CRC,transferencia,app_movil,AL-001,Préstamo Hipotecario
TXN-00016474,CTA-641342,CLI-26000,2026-06-17 06:03:00,645080.87,CRC,deposito,sinpe,HE-001,Préstamo Hipotecario
TXN-00016475,CTA-722870,CLI-32106,2026-06-21 09:55:00,2048026.44,CRC,pago,web,AL-001,Préstamo Personal
TXN-00016476,CTA-408146,CLI-16146,2026-06-08 03:07:00,1355260.65,CRC,comision,sinpe,PU-001,Cuenta Ahorro
TXN-00016477,CTA-335376,CLI-72150,2026-06-19 07:55:00,1923991.99,CRC,deposito,atm,LI-001,Tarjeta Crédito
TXN-00016478,CTA-633050,CLI-83751,2026-06-05 23:31:00,3442588.48,CRC,transferencia,web,SJ-002,Tarjeta Crédito
TXN-00016479,CTA-102893,CLI-58453,2026-06-29 02:27:00,153802.47,CRC,retiro,sucursal,CA-001,Cuenta Ahorro
TXN-00016480,CTA-350573,CLI-77760,2026-06-24 20:31:00,3211647.1,CRC,comision,web,HE-001,Cuenta Ahorro
TXN-00016481,CTA-660335,CLI-24558,2026-06-10 19:44:00,3901640.95,CRC,transferencia,app_movil,HE-001,Préstamo Personal
TXN-00016482,CTA-147297,CLI-67570,2026-06-23 07:50:00,1420394.71,CRC,comision,web,PU-001,Tarjeta Crédito
TXN-00016483,CTA-584132,CLI-70911,2026-06-03 04:21:00,2458784.59,CRC,transferencia,web,LI-002,Cuenta Corriente
TXN-00016484,CTA-796194,CLI-31342,2026-06-14 21:10:00,640217.87,CRC,transferencia,atm,AL-001,Préstamo Hipotecario
TXN-00016485,CTA-265879,CLI-59746,2026-06-06 16:13:00,3092882.61,CRC,retiro,sucursal,SJ-002,Cuenta Corriente
TXN-00016486,CTA-359599,CLI-62234,2026-06-23 23:01:00,4322631.1,CRC,transferencia,sinpe,SJ-002,Tarjeta Crédito
TXN-00016487,CTA-453585,CLI-73224,2026-06-19 23:30:00,3458121.44,CRC,retiro,sinpe,LI-002,Tarjeta Crédito
TXN-00016488,CTA-776392,CLI-27653,2026-06-13 23:36:00,4130759.69,CRC,pago,app_movil,SJ-001,Tarjeta Crédito
TXN-00016489,CTA-856179,CLI-68820,2026-06-06 10:54:00,4124857.76,CRC,deposito,web,HE-001,Cuenta Corriente
TXN-00016490,CTA-738456,CLI-99575,2026-06-11 20:44:00,4667595.41,CRC,deposito,web,AL-001,Préstamo Hipotecario
TXN-00016491,CTA-760300,CLI-12822,2026-06-03 03:20:00,4173388.73,CRC,retiro,atm,LI-002,Cuenta Ahorro
TXN-00016492,CTA-928000,CLI-86395,2026-06-13 11:08:00,2999678.4,CRC,transferencia,web,LI-001,Préstamo Hipotecario
TXN-00016493,CTA-521803,CLI-36329,2026-06-30 19:37:00,113502.22,CRC,deposito,atm,LI-001,Préstamo Hipotecario
TXN-00016494,CTA-848018,CLI-40121,2026-06-18 09:11:00,2633580.66,CRC,retiro,sucursal,AL-001,Cuenta Ahorro
TXN-00016495,CTA-845303,CLI-44830,2026-06-04 19:11:00,2000162.0,CRC,pago,web,SJ-002,Préstamo Personal
TXN-00016496,CTA-248473,CLI-42850,2026-06-18 21:56:00,3009147.21,CRC,deposito,web,AL-001,Tarjeta Crédito
TXN-00016497,CTA-257618,CLI-14633,2026-06-30 05:36:00,840028.91,CRC,retiro,sinpe,HE-001,Tarjeta Crédito
TXN-00016498,CTA-128063,CLI-36130,2026-06-11 23:57:00,1085925.71,CRC,comision,sucursal,CA-001,Tarjeta Crédito
TXN-00016499,CTA-934486,CLI-94207,2026-06-14 19:07:00,1712147.27,CRC,pago,web,AL-001,Cuenta Ahorro
TXN-00016500,CTA-328302,CLI-24502,2026-06-29 10:20:00,2585858.48,CRC,pago,web,LI-002,Cuenta Ahorro
TXN-00016501,CTA-916393,CLI-77936,2026-06-08 21:37:00,1749819.28,CRC,pago,app_movil,HE-001,Tarjeta Crédito
TXN-00016502,CTA-577853,CLI-79952,2026-06-24 12:19:00,3697979.71,CRC,transferencia,app_movil,LI-001,Préstamo Hipotecario
TXN-00016503,CTA-459431,CLI-25278,2026-06-23 19:26:00,1159263.84,CRC,deposito,app_movil,HE-001,Préstamo Hipotecario
TXN-00016504,CTA-443750,CLI-88553,2026-06-29 19:48:00,4015826.93,CRC,comision,sinpe,AL-001,Tarjeta Crédito
TXN-00016505,CTA-960811,CLI-29073,2026-06-19 11:27:00,3662485.88,CRC,retiro,web,LI-002,Cuenta Corriente
TXN-00016506,CTA-676879,CLI-64983,2026-06-27 15:11:00,3692225.04,CRC,pago,app_movil,SJ-001,Cuenta Corriente
TXN-00016507,CTA-598939,CLI-57882,2026-06-16 17:49:00,4617288.75,CRC,pago,web,HE-001,Cuenta Ahorro
TXN-00016508,CTA-218971,CLI-32065,2026-06-22 21:58:00,3264006.38,CRC,comision,web,PU-001,Préstamo Hipotecario
TXN-00016509,CTA-132003,CLI-75403,2026-06-08 19:01:00,881284.54,CRC,transferencia,sucursal,AL-001,Préstamo Hipotecario
TXN-00016510,CTA-681256,CLI-86140,2026-06-07 08:30:00,2427113.52,CRC,comision,sucursal,LI-001,Préstamo Personal
TXN-00016511,CTA-148161,CLI-68683,2026-06-19 22:47:00,2451334.88,CRC,transferencia,app_movil,LI-002,Préstamo Personal
TXN-00016512,CTA-130723,CLI-60341,2026-06-25 01:10:00,2473407.18,CRC,retiro,sinpe,SJ-002,Tarjeta Crédito
TXN-00016513,CTA-422457,CLI-51004,2026-06-30 12:16:00,672391.36,CRC,retiro,atm,LI-001,Cuenta Corriente
TXN-00016514,CTA-773668,CLI-18824,2026-06-13 13:31:00,3822150.52,CRC,pago,web,SJ-002,Cuenta Corriente
TXN-00016515,CTA-954308,CLI-64877,2026-06-15 05:26:00,3586466.82,CRC,deposito,sinpe,SJ-002,Tarjeta Crédito
TXN-00016516,CTA-197599,CLI-80203,2026-06-18 10:12:00,4081875.95,CRC,pago,app_movil,AL-001,Cuenta Corriente
TXN-00016517,CTA-923025,CLI-60545,2026-06-14 12:19:00,585947.08,CRC,pago,sucursal,LI-001,Préstamo Personal
TXN-00016518,CTA-748505,CLI-59171,2026-06-07 05:54:00,1774937.69,CRC,deposito,web,PU-001,Cuenta Ahorro
TXN-00016519,CTA-336235,CLI-29316,2026-06-15 06:37:00,897312.37,CRC,retiro,app_movil,SJ-001,Tarjeta Crédito
TXN-00016520,CTA-412039,CLI-79977,2026-06-08 04:24:00,983308.71,CRC,deposito,app_movil,AL-001,Tarjeta Crédito
TXN-00016521,CTA-951047,CLI-23052,2026-06-28 23:31:00,190294.63,CRC,transferencia,atm,PU-001,Préstamo Personal
TXN-00016522,CTA-113705,CLI-51497,2026-06-24 17:23:00,1090519.49,CRC,pago,sinpe,LI-001,Tarjeta Crédito
TXN-00016523,CTA-345225,CLI-39770,2026-06-03 23:06:00,3984677.83,CRC,retiro,sinpe,SJ-002,Cuenta Ahorro
TXN-00016524,CTA-708672,CLI-36379,2026-06-13 05:16:00,549815.28,CRC,pago,app_movil,HE-001,Préstamo Hipotecario
TXN-00016525,CTA-227516,CLI-80337,2026-06-14 22:07:00,4465064.57,CRC,transferencia,web,AL-001,Tarjeta Crédito
TXN-00016526,CTA-425166,CLI-30966,2026-06-12 15:48:00,1074317.84,CRC,pago,sucursal,LI-001,Tarjeta Crédito
TXN-00016527,CTA-303324,CLI-93467,2026-06-23 13:02:00,3717789.17,CRC,transferencia,web,SJ-001,Cuenta Ahorro
TXN-00016528,CTA-408070,CLI-59463,2026-06-30 20:46:00,4482686.97,CRC,pago,sinpe,AL-001,Cuenta Ahorro
TXN-00016529,CTA-195751,CLI-96957,2026-06-04 09:14:00,3145041.72,CRC,retiro,web,AL-001,Préstamo Hipotecario
TXN-00016530,CTA-814132,CLI-29037,2026-06-11 15:49:00,1366946.53,CRC,pago,web,SJ-002,Cuenta Ahorro
TXN-00016531,CTA-456777,CLI-42339,2026-06-14 11:51:00,30909.77,CRC,transferencia,sucursal,SJ-002,Cuenta Corriente
TXN-00016532,CTA-706827,CLI-69841,2026-06-10 06:33:00,3558741.76,CRC,retiro,web,AL-001,Préstamo Personal
TXN-00016533,CTA-973484,CLI-65239,2026-06-27 18:38:00,1433080.12,CRC,comision,app_movil,CA-001,Tarjeta Crédito
TXN-00016534,CTA-122048,CLI-30158,2026-06-16 12:04:00,527289.68,CRC,retiro,sinpe,CA-001,Préstamo Hipotecario
TXN-00016535,CTA-458580,CLI-25942,2026-06-11 09:14:00,124867.1,CRC,comision,app_movil,PU-001,Cuenta Ahorro
TXN-00016536,CTA-862871,CLI-34375,2026-06-11 02:56:00,4097685.74,CRC,transferencia,atm,AL-001,Préstamo Hipotecario
TXN-00016537,CTA-885300,CLI-33539,2026-06-06 18:46:00,4677679.91,CRC,transferencia,sinpe,HE-001,Cuenta Corriente
TXN-00016538,CTA-329883,CLI-66515,2026-06-26 18:06:00,4593394.84,CRC,retiro,web,HE-001,Tarjeta Crédito
TXN-00016539,CTA-526559,CLI-95225,2026-06-19 16:44:00,4215856.36,CRC,deposito,sucursal,AL-001,Cuenta Corriente
TXN-00016540,CTA-758577,CLI-18530,2026-06-12 01:36:00,4998828.08,CRC,deposito,web,PU-001,Préstamo Hipotecario
TXN-00016541,CTA-328156,CLI-49501,2026-06-19 16:41:00,4255839.57,CRC,transferencia,web,HE-001,Préstamo Personal
TXN-00016542,CTA-846407,CLI-84627,2026-06-07 21:08:00,4804203.7,CRC,transferencia,sucursal,LI-002,Cuenta Ahorro
TXN-00016543,CTA-501082,CLI-35716,2026-06-26 03:59:00,1120050.12,CRC,pago,sinpe,LI-002,Cuenta Ahorro
TXN-00016544,CTA-328719,CLI-69303,2026-06-11 07:09:00,3689217.67,CRC,pago,sinpe,SJ-001,Préstamo Hipotecario
TXN-00016545,CTA-990158,CLI-32014,2026-06-17 14:39:00,761967.27,CRC,transferencia,sucursal,AL-001,Tarjeta Crédito
TXN-00016546,CTA-425603,CLI-48811,2026-06-07 09:43:00,1982064.3,CRC,pago,app_movil,CA-001,Cuenta Corriente
TXN-00016547,CTA-360711,CLI-52640,2026-06-04 15:11:00,3132666.88,CRC,deposito,sucursal,CA-001,Cuenta Corriente
TXN-00016548,CTA-416415,CLI-78966,2026-06-10 18:47:00,492181.19,CRC,transferencia,sinpe,LI-001,Préstamo Hipotecario
TXN-00016549,CTA-943042,CLI-92137,2026-06-03 08:57:00,4432350.08,CRC,retiro,web,AL-001,Préstamo Personal
TXN-00016550,CTA-662010,CLI-93834,2026-06-20 00:30:00,4022281.29,CRC,pago,sinpe,LI-002,Tarjeta Crédito
TXN-00016551,CTA-876788,CLI-17943,2026-06-09 01:34:00,1930291.81,CRC,retiro,sinpe,SJ-001,Cuenta Ahorro
TXN-00016552,CTA-443124,CLI-40711,2026-06-24 12:17:00,457725.79,CRC,deposito,sucursal,LI-002,Cuenta Corriente
TXN-00016553,CTA-750278,CLI-35348,2026-06-18 16:06:00,4268407.33,CRC,retiro,app_movil,LI-001,Cuenta Ahorro
TXN-00016554,CTA-170408,CLI-38260,2026-06-04 22:01:00,3431073.03,CRC,comision,sinpe,PU-001,Tarjeta Crédito
TXN-00016555,CTA-631955,CLI-78042,2026-06-09 22:58:00,3792568.88,CRC,comision,atm,AL-001,Tarjeta Crédito
TXN-00016556,CTA-507772,CLI-67776,2026-06-23 17:25:00,2468600.43,CRC,deposito,atm,HE-001,Cuenta Corriente
TXN-00016557,CTA-514616,CLI-32908,2026-06-01 15:07:00,2757374.24,CRC,pago,sucursal,PU-001,Préstamo Personal
TXN-00016558,CTA-873014,CLI-87314,2026-06-16 00:23:00,1264.03,CRC,deposito,web,AL-001,Tarjeta Crédito
TXN-00016559,CTA-493332,CLI-74190,2026-06-04 12:11:00,3247584.33,CRC,comision,web,CA-001,Tarjeta Crédito
TXN-00016560,CTA-302237,CLI-20830,2026-06-14 19:32:00,4327639.71,CRC,comision,atm,SJ-001,Cuenta Corriente
TXN-00016561,CTA-385225,CLI-89103,2026-06-29 01:22:00,2310483.48,CRC,transferencia,sinpe,PU-001,Cuenta Ahorro
TXN-00016562,CTA-773514,CLI-40952,2026-06-19 07:58:00,1404291.06,CRC,transferencia,sucursal,AL-001,Cuenta Corriente
TXN-00016563,CTA-842304,CLI-99246,2026-06-25 03:59:00,890726.48,CRC,retiro,app_movil,SJ-001,Préstamo Hipotecario
TXN-00016564,CTA-769884,CLI-60545,2026-06-07 17:06:00,2154941.18,CRC,retiro,app_movil,LI-001,Préstamo Personal
TXN-00016565,CTA-806982,CLI-66075,2026-06-13 16:28:00,1202952.15,CRC,deposito,web,HE-001,Cuenta Ahorro
TXN-00016566,CTA-983548,CLI-67058,2026-06-02 21:38:00,575952.09,CRC,retiro,sinpe,CA-001,Tarjeta Crédito
TXN-00016567,CTA-626266,CLI-91852,2026-06-27 19:36:00,538019.6,CRC,comision,web,SJ-002,Cuenta Corriente
TXN-00016568,CTA-319919,CLI-32071,2026-06-25 00:54:00,2719931.59,CRC,pago,sinpe,HE-001,Cuenta Ahorro
TXN-00016569,CTA-145695,CLI-16542,2026-06-03 01:07:00,2710210.04,CRC,pago,web,LI-002,Tarjeta Crédito
TXN-00016570,CTA-794606,CLI-72241,2026-06-09 18:42:00,1839610.19,CRC,retiro,sucursal,CA-001,Tarjeta Crédito
TXN-00016571,CTA-683174,CLI-85813,2026-06-10 19:49:00,3111733.76,CRC,retiro,atm,CA-001,Cuenta Corriente
TXN-00016572,CTA-880318,CLI-62978,2026-06-26 22:56:00,614781.67,CRC,deposito,sinpe,SJ-002,Cuenta Corriente
TXN-00016573,CTA-318068,CLI-11613,2026-06-14 09:28:00,4551870.01,CRC,comision,sinpe,LI-001,Préstamo Personal
TXN-00016574,CTA-858374,CLI-69349,2026-06-16 22:11:00,961504.61,CRC,transferencia,sucursal,HE-001,Cuenta Corriente
TXN-00016575,CTA-730882,CLI-82205,2026-06-16 07:05:00,2466015.34,CRC,transferencia,app_movil,LI-002,Cuenta Corriente
TXN-00016576,CTA-882578,CLI-91144,2026-06-02 07:50:00,1010748.1,CRC,deposito,app_movil,LI-002,Préstamo Personal
TXN-00016577,CTA-768405,CLI-30530,2026-06-14 19:23:00,3899484.45,CRC,retiro,web,SJ-001,Préstamo Personal
TXN-00016578,CTA-709723,CLI-30227,2026-06-18 07:28:00,4254607.76,CRC,pago,atm,HE-001,Préstamo Hipotecario
TXN-00016579,CTA-533981,CLI-41832,2026-06-08 20:25:00,4804558.02,CRC,pago,web,SJ-001,Cuenta Corriente
TXN-00016580,CTA-638068,CLI-84802,2026-06-23 14:38:00,2535232.85,CRC,transferencia,web,SJ-002,Tarjeta Crédito
TXN-00016581,CTA-930423,CLI-37737,2026-06-08 19:43:00,1485803.81,CRC,pago,web,SJ-001,Préstamo Hipotecario
TXN-00016582,CTA-572680,CLI-52328,2026-06-07 04:32:00,1981361.53,CRC,pago,sinpe,SJ-001,Préstamo Hipotecario
TXN-00016583,CTA-857780,CLI-36160,2026-06-22 03:14:00,4318091.44,CRC,pago,web,PU-001,Cuenta Corriente
TXN-00016584,CTA-298658,CLI-95002,2026-06-21 16:46:00,1553745.48,CRC,retiro,atm,AL-001,Tarjeta Crédito
TXN-00016585,CTA-592290,CLI-64125,2026-06-30 12:44:00,1005393.9,CRC,deposito,web,LI-001,Préstamo Personal
TXN-00016586,CTA-255829,CLI-32587,2026-06-15 23:37:00,3943661.89,CRC,comision,sucursal,LI-001,Cuenta Ahorro
TXN-00016587,CTA-279619,CLI-68245,2026-06-22 15:50:00,4850584.01,CRC,pago,sinpe,LI-001,Préstamo Personal
TXN-00016588,CTA-394953,CLI-50707,2026-06-15 08:04:00,34277.45,CRC,comision,app_movil,LI-002,Cuenta Ahorro
TXN-00016589,CTA-789166,CLI-27665,2026-06-08 11:58:00,3926780.62,CRC,retiro,web,SJ-001,Tarjeta Crédito
TXN-00016590,CTA-569688,CLI-61445,2026-06-30 03:20:00,4219880.91,CRC,pago,web,LI-001,Cuenta Corriente
TXN-00016591,CTA-757320,CLI-19604,2026-06-06 04:19:00,4411382.37,CRC,comision,sinpe,LI-002,Cuenta Ahorro
TXN-00016592,CTA-557474,CLI-26859,2026-06-04 05:58:00,4736497.98,CRC,deposito,web,CA-001,Tarjeta Crédito
TXN-00016593,CTA-641182,CLI-91422,2026-06-23 17:32:00,2518883.04,CRC,comision,sinpe,PU-001,Cuenta Ahorro
TXN-00016594,CTA-886225,CLI-61838,2026-06-11 00:50:00,1794267.02,CRC,deposito,app_movil,LI-002,Préstamo Hipotecario
TXN-00016595,CTA-107410,CLI-97309,2026-06-08 19:58:00,3392519.72,CRC,transferencia,sinpe,SJ-002,Préstamo Personal
TXN-00016596,CTA-957578,CLI-39098,2026-06-24 01:51:00,1579934.46,CRC,comision,sucursal,SJ-002,Tarjeta Crédito
TXN-00016597,CTA-911665,CLI-63536,2026-06-15 08:55:00,4809001.34,CRC,deposito,web,CA-001,Préstamo Hipotecario
TXN-00016598,CTA-363373,CLI-11604,2026-06-15 19:57:00,266406.56,CRC,retiro,atm,SJ-001,Cuenta Ahorro
TXN-00016599,CTA-708591,CLI-46443,2026-06-01 19:08:00,1781188.09,CRC,pago,atm,HE-001,Préstamo Hipotecario
TXN-00016600,CTA-515274,CLI-22514,2026-06-04 20:31:00,4693915.69,CRC,pago,sucursal,PU-001,Préstamo Hipotecario
TXN-00016601,CTA-973988,CLI-81615,2026-06-18 07:14:00,365329.33,CRC,transferencia,atm,LI-002,Tarjeta Crédito
TXN-00016602,CTA-840233,CLI-49743,2026-06-28 09:24:00,3091968.13,CRC,transferencia,atm,CA-001,Préstamo Personal
TXN-00016603,CTA-313455,CLI-54731,2026-06-22 17:23:00,1288375.74,CRC,transferencia,atm,AL-001,Préstamo Hipotecario
TXN-00016604,CTA-341903,CLI-86594,2026-06-14 03:36:00,3761554.04,CRC,deposito,sucursal,HE-001,Préstamo Hipotecario
TXN-00016605,CTA-801517,CLI-72569,2026-06-23 03:38:00,781530.32,CRC,retiro,web,LI-001,Préstamo Hipotecario
TXN-00016606,CTA-240158,CLI-85252,2026-06-25 22:06:00,3051596.87,CRC,comision,sinpe,AL-001,Préstamo Personal
TXN-00016607,CTA-953684,CLI-14253,2026-06-04 08:44:00,1471456.08,CRC,retiro,sucursal,CA-001,Tarjeta Crédito
TXN-00016608,CTA-672653,CLI-28649,2026-06-28 20:22:00,3363475.7,CRC,comision,sinpe,LI-002,Tarjeta Crédito
TXN-00016609,CTA-586593,CLI-24221,2026-06-09 06:03:00,1832435.04,CRC,comision,atm,LI-002,Préstamo Hipotecario
TXN-00016610,CTA-266897,CLI-89427,2026-06-18 03:23:00,188196.72,CRC,comision,sucursal,AL-001,Tarjeta Crédito
TXN-00016611,CTA-986667,CLI-86568,2026-06-26 15:03:00,1281065.39,CRC,pago,atm,CA-001,Préstamo Hipotecario
TXN-00016612,CTA-298175,CLI-83968,2026-06-25 15:39:00,438598.15,CRC,retiro,app_movil,LI-001,Cuenta Ahorro
TXN-00016613,CTA-111011,CLI-27907,2026-06-21 23:05:00,2758245.99,CRC,pago,web,AL-001,Cuenta Ahorro
TXN-00016614,CTA-835929,CLI-35251,2026-06-03 04:42:00,1501524.17,CRC,comision,sinpe,LI-001,Préstamo Hipotecario
TXN-00016615,CTA-719069,CLI-98776,2026-06-25 17:53:00,2117779.29,CRC,deposito,atm,SJ-002,Préstamo Hipotecario
TXN-00016616,CTA-350258,CLI-73664,2026-06-06 12:46:00,958343.85,CRC,comision,web,SJ-002,Tarjeta Crédito
TXN-00016617,CTA-147919,CLI-42793,2026-06-11 07:14:00,452548.63,CRC,retiro,app_movil,SJ-001,Préstamo Hipotecario
TXN-00016618,CTA-162964,CLI-11053,2026-06-28 15:55:00,719888.14,CRC,comision,app_movil,SJ-002,Préstamo Hipotecario
TXN-00016619,CTA-461895,CLI-84496,2026-06-29 22:58:00,2371263.52,CRC,pago,app_movil,CA-001,Cuenta Ahorro
TXN-00016620,CTA-322564,CLI-72876,2026-06-19 06:51:00,1730364.11,CRC,deposito,web,CA-001,Préstamo Personal
TXN-00016621,CTA-316477,CLI-85847,2026-06-15 06:15:00,511902.01,CRC,pago,sucursal,SJ-001,Préstamo Personal
TXN-00016622,CTA-379358,CLI-81613,2026-06-22 08:36:00,3913476.25,CRC,pago,atm,AL-001,Cuenta Corriente
TXN-00016623,CTA-539644,CLI-25215,2026-06-21 00:07:00,2118108.02,CRC,transferencia,app_movil,CA-001,Préstamo Personal
TXN-00016624,CTA-983765,CLI-43097,2026-06-08 17:37:00,743264.69,CRC,deposito,sinpe,LI-001,Cuenta Ahorro
TXN-00016625,CTA-729137,CLI-52084,2026-06-12 19:28:00,2061092.03,CRC,deposito,atm,SJ-002,Cuenta Ahorro
TXN-00016626,CTA-681629,CLI-50802,2026-06-16 16:58:00,1112994.37,CRC,transferencia,web,CA-001,Tarjeta Crédito
TXN-00016627,CTA-688396,CLI-92633,2026-06-06 01:56:00,4753185.55,CRC,transferencia,app_movil,CA-001,Préstamo Personal
TXN-00016628,CTA-191397,CLI-83126,2026-06-30 14:18:00,1332949.23,CRC,transferencia,sucursal,LI-002,Préstamo Hipotecario
TXN-00016629,CTA-667214,CLI-32778,2026-06-21 19:17:00,4537819.14,CRC,transferencia,sinpe,LI-002,Préstamo Personal
TXN-00016630,CTA-267658,CLI-13652,2026-06-21 10:08:00,1026081.44,CRC,comision,app_movil,LI-001,Cuenta Corriente
TXN-00016631,CTA-673232,CLI-21750,2026-06-21 02:46:00,3063791.86,CRC,transferencia,web,SJ-002,Cuenta Corriente
TXN-00016632,CTA-606068,CLI-68043,2026-06-25 09:22:00,4605991.76,CRC,retiro,atm,LI-001,Préstamo Hipotecario
TXN-00016633,CTA-149723,CLI-65207,2026-06-03 08:53:00,3417368.26,CRC,retiro,web,AL-001,Cuenta Ahorro
TXN-00016634,CTA-480420,CLI-47456,2026-06-22 05:26:00,1923109.14,CRC,deposito,atm,SJ-001,Tarjeta Crédito
TXN-00016635,CTA-314479,CLI-69306,2026-06-15 00:22:00,1785024.71,CRC,retiro,app_movil,HE-001,Cuenta Ahorro
TXN-00016636,CTA-967089,CLI-77907,2026-06-10 00:37:00,703116.52,CRC,comision,atm,AL-001,Cuenta Corriente
TXN-00016637,CTA-993628,CLI-58916,2026-06-08 04:05:00,3744794.6,CRC,retiro,atm,LI-002,Tarjeta Crédito
TXN-00016638,CTA-423540,CLI-70142,2026-06-23 17:43:00,2543502.84,CRC,deposito,sinpe,HE-001,Cuenta Ahorro
TXN-00016639,CTA-232933,CLI-33429,2026-06-05 03:28:00,2366248.97,CRC,pago,app_movil,LI-002,Tarjeta Crédito
TXN-00016640,CTA-780569,CLI-23156,2026-06-24 02:22:00,3315900.73,CRC,retiro,web,SJ-002,Préstamo Personal
TXN-00016641,CTA-716093,CLI-57757,2026-06-03 21:57:00,2391686.89,CRC,pago,app_movil,SJ-001,Tarjeta Crédito
TXN-00016642,CTA-214086,CLI-96757,2026-06-18 07:42:00,3950293.97,CRC,deposito,app_movil,AL-001,Préstamo Hipotecario
TXN-00016643,CTA-209983,CLI-91300,2026-06-21 09:53:00,4319429.11,CRC,retiro,app_movil,PU-001,Préstamo Hipotecario
TXN-00016644,CTA-273518,CLI-92921,2026-06-15 19:44:00,321984.66,CRC,pago,atm,SJ-001,Cuenta Ahorro
TXN-00016645,CTA-843265,CLI-55710,2026-06-28 16:12:00,1664368.62,CRC,deposito,sinpe,SJ-002,Préstamo Personal
TXN-00016646,CTA-616092,CLI-75266,2026-06-03 14:09:00,2918169.15,CRC,transferencia,sinpe,LI-002,Tarjeta Crédito
TXN-00016647,CTA-890273,CLI-24190,2026-06-14 12:19:00,4368368.19,CRC,pago,app_movil,LI-001,Préstamo Personal
TXN-00016648,CTA-319480,CLI-48359,2026-06-30 10:30:00,4518323.99,CRC,comision,atm,LI-001,Préstamo Personal
TXN-00016649,CTA-565651,CLI-63218,2026-06-24 15:11:00,4920233.7,CRC,transferencia,atm,AL-001,Tarjeta Crédito
TXN-00016650,CTA-578232,CLI-88463,2026-06-05 12:50:00,164639.98,CRC,retiro,web,CA-001,Tarjeta Crédito
TXN-00016651,CTA-812637,CLI-84936,2026-06-05 11:42:00,3444113.93,CRC,comision,atm,AL-001,Préstamo Hipotecario
TXN-00016652,CTA-803982,CLI-29309,2026-06-16 06:05:00,1456911.38,CRC,transferencia,atm,HE-001,Préstamo Personal
TXN-00016653,CTA-473620,CLI-80202,2026-06-10 11:21:00,2171607.02,CRC,retiro,atm,LI-001,Cuenta Ahorro
TXN-00016654,CTA-927816,CLI-12004,2026-06-01 23:01:00,4585293.72,CRC,comision,web,LI-001,Préstamo Personal
TXN-00016655,CTA-569725,CLI-39554,2026-06-12 02:01:00,4965682.89,CRC,retiro,sinpe,CA-001,Préstamo Hipotecario
TXN-00016656,CTA-174085,CLI-54357,2026-06-18 13:01:00,422192.29,CRC,transferencia,web,AL-001,Préstamo Hipotecario
TXN-00016657,CTA-374124,CLI-44629,2026-06-05 06:21:00,1021169.34,CRC,transferencia,web,LI-001,Cuenta Corriente
TXN-00016658,CTA-302425,CLI-11766,2026-06-12 00:11:00,3360617.11,CRC,transferencia,sucursal,CA-001,Cuenta Ahorro
TXN-00016659,CTA-417533,CLI-82721,2026-06-07 03:40:00,745197.26,CRC,deposito,sucursal,LI-001,Tarjeta Crédito
TXN-00016660,CTA-871110,CLI-82719,2026-06-02 03:32:00,2055264.53,CRC,retiro,web,LI-001,Cuenta Ahorro
TXN-00016661,CTA-581421,CLI-11553,2026-06-07 16:23:00,3895157.05,CRC,pago,web,AL-001,Cuenta Ahorro
TXN-00016662,CTA-677487,CLI-23115,2026-06-03 04:39:00,94584.17,CRC,pago,app_movil,SJ-001,Cuenta Corriente
TXN-00016663,CTA-591528,CLI-11604,2026-06-02 06:17:00,2775250.03,CRC,retiro,sinpe,HE-001,Tarjeta Crédito
TXN-00016664,CTA-772364,CLI-22356,2026-06-08 05:25:00,643700.01,CRC,transferencia,sinpe,SJ-002,Cuenta Ahorro
TXN-00016665,CTA-966688,CLI-58363,2026-06-04 16:03:00,1952488.23,CRC,comision,sucursal,HE-001,Préstamo Personal
TXN-00016666,CTA-387567,CLI-69299,2026-06-19 19:57:00,2991022.93,CRC,deposito,sucursal,AL-001,Cuenta Corriente
TXN-00016667,CTA-679162,CLI-28383,2026-06-11 14:38:00,3948613.69,CRC,retiro,sinpe,AL-001,Cuenta Ahorro
TXN-00016668,CTA-633397,CLI-53411,2026-06-13 09:19:00,2935560.17,CRC,deposito,atm,SJ-001,Cuenta Ahorro
TXN-00016669,CTA-988052,CLI-85766,2026-06-05 02:13:00,4435466.78,CRC,deposito,sucursal,PU-001,Tarjeta Crédito
TXN-00016670,CTA-897335,CLI-59708,2026-06-13 15:57:00,1510414.74,CRC,retiro,atm,SJ-001,Cuenta Corriente
TXN-00016671,CTA-681982,CLI-65078,2026-06-23 21:22:00,2942179.47,CRC,pago,web,PU-001,Préstamo Personal
TXN-00016672,CTA-285967,CLI-83567,2026-06-12 08:30:00,1355693.77,CRC,deposito,sinpe,HE-001,Tarjeta Crédito
TXN-00016673,CTA-869154,CLI-30489,2026-06-21 03:10:00,470218.99,CRC,transferencia,web,HE-001,Préstamo Personal
TXN-00016674,CTA-314200,CLI-89919,2026-06-24 14:25:00,341980.69,CRC,deposito,atm,LI-002,Préstamo Hipotecario
TXN-00016675,CTA-879021,CLI-28332,2026-06-02 11:13:00,1917836.95,CRC,comision,atm,LI-002,Préstamo Personal
TXN-00016676,CTA-594886,CLI-29619,2026-06-12 08:00:00,4911316.55,CRC,pago,sucursal,PU-001,Cuenta Ahorro
TXN-00016677,CTA-965868,CLI-44581,2026-06-28 06:33:00,2060689.45,CRC,comision,sinpe,AL-001,Préstamo Personal
TXN-00016678,CTA-775139,CLI-76103,2026-06-24 14:58:00,34460.79,CRC,transferencia,app_movil,CA-001,Préstamo Personal
TXN-00016679,CTA-707379,CLI-16361,2026-06-21 02:21:00,3240751.39,CRC,deposito,app_movil,AL-001,Préstamo Hipotecario
TXN-00016680,CTA-580367,CLI-48297,2026-06-06 00:02:00,3550313.1,CRC,retiro,sinpe,CA-001,Préstamo Hipotecario
TXN-00016681,CTA-101202,CLI-34157,2026-06-08 06:55:00,2562040.97,CRC,deposito,app_movil,HE-001,Préstamo Hipotecario
TXN-00016682,CTA-374871,CLI-80153,2026-06-21 10:49:00,10700.33,CRC,transferencia,atm,LI-002,Préstamo Hipotecario
TXN-00016683,CTA-359478,CLI-36509,2026-06-20 08:11:00,4132680.13,CRC,comision,web,PU-001,Tarjeta Crédito
TXN-00016684,CTA-704244,CLI-35499,2026-06-20 15:47:00,3250370.96,CRC,deposito,sucursal,SJ-002,Cuenta Corriente
TXN-00016685,CTA-238358,CLI-54599,2026-06-17 18:40:00,3859966.71,CRC,pago,app_movil,HE-001,Tarjeta Crédito
TXN-00016686,CTA-217696,CLI-19485,2026-06-07 18:14:00,2766252.64,CRC,transferencia,sinpe,CA-001,Cuenta Ahorro
TXN-00016687,CTA-972869,CLI-21912,2026-06-13 16:15:00,185192.65,CRC,transferencia,sinpe,LI-002,Préstamo Hipotecario
TXN-00016688,CTA-456496,CLI-94796,2026-06-03 05:38:00,935320.11,CRC,transferencia,web,LI-002,Préstamo Hipotecario
TXN-00016689,CTA-731791,CLI-73114,2026-06-28 13:14:00,358373.69,CRC,pago,sucursal,HE-001,Préstamo Hipotecario
TXN-00016690,CTA-865606,CLI-61906,2026-06-22 12:58:00,1157421.2,CRC,pago,web,SJ-002,Préstamo Personal
TXN-00016691,CTA-904634,CLI-64978,2026-06-26 19:21:00,866241.88,CRC,pago,atm,SJ-002,Préstamo Hipotecario
TXN-00016692,CTA-264742,CLI-91424,2026-06-28 05:39:00,3387039.2,CRC,pago,app_movil,AL-001,Préstamo Personal
TXN-00016693,CTA-572049,CLI-60784,2026-06-30 20:56:00,2623111.9,CRC,comision,web,SJ-001,Tarjeta Crédito
TXN-00016694,CTA-738891,CLI-89333,2026-06-15 05:04:00,2065135.42,CRC,comision,app_movil,PU-001,Préstamo Hipotecario
TXN-00016695,CTA-675304,CLI-33168,2026-06-05 07:22:00,4892388.86,CRC,pago,sinpe,LI-001,Cuenta Ahorro
TXN-00016696,CTA-827127,CLI-39771,2026-06-14 06:01:00,3006815.98,CRC,transferencia,sinpe,CA-001,Tarjeta Crédito
TXN-00016697,CTA-135950,CLI-78726,2026-06-04 21:22:00,2954327.52,CRC,retiro,web,SJ-001,Préstamo Personal
TXN-00016698,CTA-565057,CLI-85739,2026-06-21 13:06:00,1616357.24,CRC,comision,sucursal,LI-001,Préstamo Hipotecario
TXN-00016699,CTA-120590,CLI-96994,2026-06-18 18:33:00,3962105.9,CRC,comision,sucursal,CA-001,Cuenta Ahorro
TXN-00016700,CTA-767899,CLI-60259,2026-06-17 08:00:00,863243.16,CRC,deposito,app_movil,CA-001,Préstamo Hipotecario
TXN-00016701,CTA-469634,CLI-97797,2026-06-04 17:03:00,3243578.84,CRC,retiro,sucursal,LI-002,Préstamo Personal
TXN-00016702,CTA-644268,CLI-32938,2026-06-10 04:49:00,38225.7,CRC,pago,web,CA-001,Tarjeta Crédito
TXN-00016703,CTA-632580,CLI-93122,2026-06-03 20:23:00,2484810.85,CRC,deposito,atm,AL-001,Préstamo Personal
TXN-00016704,CTA-953207,CLI-77246,2026-06-16 21:00:00,312494.99,CRC,transferencia,sucursal,AL-001,Cuenta Corriente
TXN-00016705,CTA-284331,CLI-35818,2026-06-09 11:09:00,3055906.12,CRC,retiro,sinpe,LI-002,Préstamo Personal
TXN-00016706,CTA-145330,CLI-42542,2026-06-05 22:57:00,1616557.48,CRC,deposito,web,AL-001,Préstamo Personal
TXN-00016707,CTA-648627,CLI-88518,2026-06-02 04:21:00,609197.18,CRC,deposito,web,PU-001,Préstamo Hipotecario
TXN-00016708,CTA-765372,CLI-80756,2026-06-22 00:07:00,518486.55,CRC,transferencia,sinpe,LI-002,Préstamo Hipotecario
TXN-00016709,CTA-898303,CLI-43576,2026-06-20 10:09:00,378616.16,CRC,transferencia,atm,PU-001,Cuenta Corriente
TXN-00016710,CTA-128395,CLI-21814,2026-06-15 05:31:00,1566588.37,CRC,pago,web,LI-001,Tarjeta Crédito
TXN-00016711,CTA-505954,CLI-98171,2026-06-23 10:55:00,3165084.34,CRC,comision,sinpe,HE-001,Préstamo Personal
TXN-00016712,CTA-502571,CLI-76976,2026-06-27 15:55:00,4922112.15,CRC,pago,sucursal,CA-001,Préstamo Hipotecario
TXN-00016713,CTA-409079,CLI-42389,2026-06-21 22:01:00,1345406.09,CRC,deposito,web,LI-002,Cuenta Corriente
TXN-00016714,CTA-554467,CLI-73463,2026-06-25 14:21:00,32995.42,CRC,pago,atm,HE-001,Préstamo Personal
TXN-00016715,CTA-533931,CLI-22012,2026-06-21 23:02:00,3860885.66,CRC,transferencia,app_movil,SJ-002,Cuenta Ahorro
TXN-00016716,CTA-386562,CLI-61519,2026-06-10 18:48:00,3057670.88,CRC,pago,atm,LI-001,Préstamo Personal
TXN-00016717,CTA-251021,CLI-78701,2026-06-08 18:01:00,1642935.52,CRC,pago,atm,LI-001,Cuenta Ahorro
TXN-00016718,CTA-390090,CLI-71710,2026-06-24 15:38:00,2566040.58,CRC,retiro,sucursal,LI-002,Préstamo Personal
TXN-00016719,CTA-417037,CLI-74480,2026-06-12 23:28:00,1782729.9,CRC,deposito,sucursal,CA-001,Préstamo Personal
TXN-00016720,CTA-436668,CLI-26005,2026-06-28 10:03:00,4893813.05,CRC,deposito,sucursal,SJ-002,Tarjeta Crédito
TXN-00016721,CTA-341542,CLI-22519,2026-06-19 06:49:00,1755593.1,CRC,transferencia,web,CA-001,Cuenta Corriente
TXN-00016722,CTA-691742,CLI-90579,2026-06-13 20:31:00,3225909.24,CRC,retiro,app_movil,AL-001,Préstamo Personal
TXN-00016723,CTA-329431,CLI-37345,2026-06-25 09:59:00,14043.18,CRC,comision,app_movil,SJ-001,Tarjeta Crédito
TXN-00016724,CTA-125451,CLI-65655,2026-06-28 15:06:00,3974618.05,CRC,pago,sinpe,SJ-002,Tarjeta Crédito
TXN-00016725,CTA-742605,CLI-18253,2026-06-14 01:56:00,593719.53,CRC,pago,sucursal,SJ-002,Cuenta Corriente
TXN-00016726,CTA-997134,CLI-92697,2026-06-09 02:15:00,4901097.21,CRC,transferencia,sinpe,AL-001,Préstamo Personal
TXN-00016727,CTA-478764,CLI-17496,2026-06-02 20:53:00,1431380.46,CRC,retiro,sinpe,AL-001,Préstamo Hipotecario
TXN-00016728,CTA-861777,CLI-77164,2026-06-17 04:19:00,219931.02,CRC,deposito,sucursal,AL-001,Préstamo Personal
TXN-00016729,CTA-309964,CLI-58074,2026-06-13 15:27:00,4140013.04,CRC,pago,app_movil,CA-001,Tarjeta Crédito
TXN-00016730,CTA-586696,CLI-84922,2026-06-05 14:43:00,1606400.3,CRC,retiro,sucursal,SJ-002,Cuenta Corriente
TXN-00016731,CTA-948417,CLI-33913,2026-06-27 08:07:00,4475851.77,CRC,comision,app_movil,CA-001,Préstamo Personal
TXN-00016732,CTA-180823,CLI-14912,2026-06-03 01:00:00,4014273.61,CRC,deposito,web,LI-001,Tarjeta Crédito
TXN-00016733,CTA-110528,CLI-99113,2026-06-04 12:06:00,3453144.39,CRC,retiro,sucursal,LI-001,Cuenta Ahorro
TXN-00016734,CTA-654224,CLI-66189,2026-06-02 18:55:00,1000447.02,CRC,retiro,app_movil,AL-001,Cuenta Corriente
TXN-00016735,CTA-759482,CLI-22374,2026-06-14 06:27:00,3747037.51,CRC,pago,web,AL-001,Cuenta Ahorro
TXN-00016736,CTA-447072,CLI-45659,2026-06-13 05:29:00,3710739.41,CRC,deposito,sinpe,HE-001,Préstamo Hipotecario
TXN-00016737,CTA-276279,CLI-46294,2026-06-01 06:36:00,518218.26,CRC,deposito,app_movil,LI-002,Tarjeta Crédito
TXN-00016738,CTA-771959,CLI-45462,2026-06-03 03:58:00,4607590.01,CRC,transferencia,app_movil,HE-001,Cuenta Corriente
TXN-00016739,CTA-697831,CLI-96134,2026-06-21 18:39:00,4592512.33,CRC,retiro,app_movil,LI-001,Préstamo Personal
TXN-00016740,CTA-574037,CLI-58849,2026-06-24 05:20:00,4484323.42,CRC,retiro,web,PU-001,Préstamo Personal
TXN-00016741,CTA-160808,CLI-84221,2026-06-30 00:02:00,679093.65,CRC,deposito,app_movil,PU-001,Cuenta Ahorro
TXN-00016742,CTA-156360,CLI-34196,2026-06-18 11:04:00,2701152.67,CRC,pago,atm,PU-001,Préstamo Personal
TXN-00016743,CTA-174155,CLI-78628,2026-06-13 16:32:00,2868043.15,CRC,pago,web,HE-001,Cuenta Ahorro
TXN-00016744,CTA-551169,CLI-22578,2026-06-22 01:54:00,3832620.25,CRC,comision,sucursal,LI-001,Préstamo Hipotecario
TXN-00016745,CTA-346181,CLI-71887,2026-06-12 12:18:00,3647991.25,CRC,pago,web,HE-001,Préstamo Hipotecario
TXN-00016746,CTA-753810,CLI-25634,2026-06-25 05:14:00,4525438.53,CRC,deposito,sucursal,PU-001,Cuenta Corriente
TXN-00016747,CTA-486854,CLI-31151,2026-06-12 16:00:00,2284395.98,CRC,deposito,atm,HE-001,Préstamo Personal
TXN-00016748,CTA-576019,CLI-16761,2026-06-30 21:31:00,3641891.1,CRC,retiro,sucursal,HE-001,Tarjeta Crédito
TXN-00016749,CTA-812583,CLI-46627,2026-06-06 18:12:00,1409556.22,CRC,comision,web,PU-001,Préstamo Personal
TXN-00016750,CTA-528658,CLI-82193,2026-06-26 18:14:00,1394443.72,CRC,retiro,web,PU-001,Cuenta Ahorro
TXN-00016751,CTA-904956,CLI-50350,2026-06-20 02:06:00,415773.32,CRC,deposito,sucursal,HE-001,Tarjeta Crédito
TXN-00016752,CTA-457573,CLI-42630,2026-06-20 16:28:00,1886716.91,CRC,transferencia,sinpe,LI-002,Préstamo Hipotecario
TXN-00016753,CTA-490581,CLI-46618,2026-06-10 09:26:00,3528235.3,CRC,deposito,atm,SJ-001,Cuenta Ahorro
TXN-00016754,CTA-560007,CLI-62258,2026-06-23 04:54:00,924186.83,CRC,deposito,atm,HE-001,Préstamo Hipotecario
TXN-00016755,CTA-507443,CLI-72813,2026-06-21 19:06:00,2017510.14,CRC,transferencia,atm,CA-001,Tarjeta Crédito
TXN-00016756,CTA-222906,CLI-76152,2026-06-09 21:51:00,1245445.12,CRC,retiro,atm,PU-001,Cuenta Ahorro
TXN-00016757,CTA-445999,CLI-29109,2026-06-16 15:33:00,3680685.83,CRC,pago,app_movil,SJ-001,Cuenta Corriente
TXN-00016758,CTA-330645,CLI-88845,2026-06-12 10:40:00,3749857.87,CRC,pago,sucursal,CA-001,Tarjeta Crédito
TXN-00016759,CTA-136218,CLI-62883,2026-06-17 23:37:00,3294552.17,CRC,deposito,web,AL-001,Préstamo Hipotecario
TXN-00016760,CTA-255200,CLI-70805,2026-06-22 16:14:00,1632458.55,CRC,retiro,atm,AL-001,Cuenta Corriente
TXN-00016761,CTA-487638,CLI-17532,2026-06-03 02:44:00,1753439.1,CRC,comision,app_movil,LI-001,Cuenta Ahorro
TXN-00016762,CTA-180927,CLI-35173,2026-06-05 19:56:00,64796.41,CRC,comision,app_movil,AL-001,Tarjeta Crédito
TXN-00016763,CTA-390979,CLI-28935,2026-06-13 15:12:00,4440066.97,CRC,retiro,web,PU-001,Préstamo Hipotecario
TXN-00016764,CTA-814171,CLI-52937,2026-06-16 23:02:00,1618209.52,CRC,pago,atm,LI-002,Préstamo Hipotecario
TXN-00016765,CTA-846320,CLI-15548,2026-06-18 16:57:00,2892690.27,CRC,deposito,sinpe,HE-001,Tarjeta Crédito
TXN-00016766,CTA-506826,CLI-38055,2026-06-12 07:27:00,1018467.75,CRC,pago,sinpe,LI-002,Préstamo Personal
TXN-00016767,CTA-469709,CLI-31100,2026-06-15 15:20:00,1017654.95,CRC,pago,sinpe,LI-002,Tarjeta Crédito
TXN-00016768,CTA-130480,CLI-89900,2026-06-03 15:56:00,4003487.18,CRC,deposito,sinpe,LI-002,Cuenta Ahorro
TXN-00016769,CTA-614511,CLI-58212,2026-06-18 04:07:00,3761840.11,CRC,transferencia,sucursal,AL-001,Tarjeta Crédito
TXN-00016770,CTA-265436,CLI-68550,2026-06-17 15:27:00,3035765.07,CRC,pago,sinpe,CA-001,Préstamo Hipotecario
TXN-00016771,CTA-558944,CLI-32042,2026-06-17 09:25:00,1207466.56,CRC,pago,app_movil,CA-001,Préstamo Hipotecario
TXN-00016772,CTA-918650,CLI-71772,2026-06-13 06:32:00,2935437.12,CRC,comision,app_movil,PU-001,Tarjeta Crédito
TXN-00016773,CTA-144059,CLI-69722,2026-06-18 02:34:00,2250992.45,CRC,retiro,app_movil,CA-001,Tarjeta Crédito
TXN-00016774,CTA-631198,CLI-27556,2026-06-02 03:10:00,4018429.51,CRC,deposito,sinpe,PU-001,Cuenta Corriente
TXN-00016775,CTA-259690,CLI-69436,2026-06-25 05:36:00,1260782.5,CRC,pago,web,AL-001,Préstamo Hipotecario
TXN-00016776,CTA-298639,CLI-75234,2026-06-30 13:33:00,547367.12,CRC,deposito,sucursal,SJ-002,Cuenta Ahorro
TXN-00016777,CTA-945118,CLI-77532,2026-06-25 06:19:00,2892516.21,CRC,deposito,sinpe,CA-001,Cuenta Corriente
TXN-00016778,CTA-751305,CLI-92208,2026-06-13 09:48:00,3942616.17,CRC,comision,app_movil,PU-001,Tarjeta Crédito
TXN-00016779,CTA-318213,CLI-66918,2026-06-29 14:08:00,4865439.08,CRC,pago,atm,SJ-001,Cuenta Ahorro
TXN-00016780,CTA-820555,CLI-31165,2026-06-21 03:39:00,1368443.98,CRC,deposito,atm,LI-002,Cuenta Ahorro
TXN-00016781,CTA-166342,CLI-62241,2026-06-07 23:05:00,2268633.28,CRC,deposito,app_movil,LI-001,Préstamo Hipotecario
TXN-00016782,CTA-658948,CLI-98036,2026-06-03 19:39:00,476329.48,CRC,deposito,sucursal,AL-001,Tarjeta Crédito
TXN-00016783,CTA-866103,CLI-63700,2026-06-14 01:53:00,3276381.63,CRC,retiro,app_movil,AL-001,Cuenta Corriente
TXN-00016784,CTA-982994,CLI-55443,2026-06-27 02:12:00,1256700.86,CRC,comision,sinpe,PU-001,Cuenta Ahorro
TXN-00016785,CTA-598346,CLI-52341,2026-06-28 07:50:00,836402.37,CRC,pago,sucursal,HE-001,Préstamo Personal
TXN-00016786,CTA-646595,CLI-27016,2026-06-16 09:48:00,219128.27,CRC,transferencia,web,HE-001,Cuenta Ahorro
TXN-00016787,CTA-533058,CLI-51761,2026-06-12 15:32:00,1538587.04,CRC,deposito,atm,LI-001,Préstamo Personal
TXN-00016788,CTA-674704,CLI-61313,2026-06-24 06:17:00,3014722.06,CRC,transferencia,sinpe,AL-001,Tarjeta Crédito
TXN-00016789,CTA-383970,CLI-49103,2026-06-12 06:10:00,3601443.95,CRC,deposito,sucursal,CA-001,Tarjeta Crédito
TXN-00016790,CTA-204356,CLI-83977,2026-06-23 13:54:00,3088072.64,CRC,comision,sucursal,LI-002,Préstamo Personal
TXN-00016791,CTA-780800,CLI-17614,2026-06-01 21:47:00,4347745.21,CRC,retiro,atm,PU-001,Préstamo Hipotecario
TXN-00016792,CTA-553571,CLI-54104,2026-06-21 05:56:00,4216164.84,CRC,deposito,sinpe,LI-002,Tarjeta Crédito
TXN-00016793,CTA-741991,CLI-50638,2026-06-26 14:34:00,3420199.68,CRC,deposito,sinpe,LI-001,Cuenta Corriente
TXN-00016794,CTA-339627,CLI-19464,2026-06-13 00:33:00,638528.16,CRC,comision,sucursal,LI-001,Tarjeta Crédito
TXN-00016795,CTA-474122,CLI-43779,2026-06-09 20:11:00,3184619.19,CRC,retiro,app_movil,CA-001,Cuenta Corriente
TXN-00016796,CTA-661569,CLI-22768,2026-06-20 10:50:00,1312665.18,CRC,pago,sucursal,HE-001,Préstamo Personal
TXN-00016797,CTA-168350,CLI-99537,2026-06-11 14:49:00,2965907.13,CRC,retiro,web,CA-001,Tarjeta Crédito
TXN-00016798,CTA-309108,CLI-94203,2026-06-21 20:10:00,740302.73,CRC,deposito,sucursal,LI-001,Tarjeta Crédito
TXN-00016799,CTA-224457,CLI-74663,2026-06-01 03:55:00,458782.02,CRC,deposito,atm,SJ-002,Préstamo Hipotecario
TXN-00016800,CTA-952084,CLI-67701,2026-06-22 19:51:00,3122999.57,CRC,pago,app_movil,AL-001,Préstamo Hipotecario
TXN-00016801,CTA-602067,CLI-51696,2026-06-28 08:14:00,2202287.09,CRC,comision,sinpe,CA-001,Préstamo Hipotecario
TXN-00016802,CTA-354190,CLI-24771,2026-06-19 10:38:00,664341.59,CRC,retiro,sinpe,HE-001,Préstamo Hipotecario
TXN-00016803,CTA-567646,CLI-55166,2026-06-27 04:43:00,3963131.61,CRC,pago,sinpe,CA-001,Préstamo Personal
TXN-00016804,CTA-321409,CLI-69823,2026-06-10 03:18:00,1940040.23,CRC,comision,app_movil,SJ-002,Tarjeta Crédito
TXN-00016805,CTA-933444,CLI-67367,2026-06-03 08:58:00,4610228.32,CRC,comision,atm,SJ-002,Cuenta Corriente
TXN-00016806,CTA-585715,CLI-95438,2026-06-02 16:51:00,4484522.17,CRC,comision,atm,HE-001,Tarjeta Crédito
TXN-00016807,CTA-323720,CLI-55531,2026-06-20 00:27:00,453043.13,CRC,deposito,sinpe,CA-001,Cuenta Corriente
TXN-00016808,CTA-989535,CLI-43671,2026-06-11 11:32:00,1163026.25,CRC,retiro,app_movil,AL-001,Préstamo Personal
TXN-00016809,CTA-758461,CLI-62679,2026-06-30 14:05:00,1416809.22,CRC,transferencia,sinpe,AL-001,Préstamo Personal
TXN-00016810,CTA-600790,CLI-39791,2026-06-19 09:35:00,3904781.47,CRC,deposito,app_movil,HE-001,Préstamo Personal
TXN-00016811,CTA-777760,CLI-78589,2026-06-05 02:16:00,1697952.24,CRC,deposito,app_movil,AL-001,Préstamo Hipotecario
TXN-00016812,CTA-667097,CLI-89295,2026-06-27 21:47:00,3740143.09,CRC,comision,app_movil,LI-002,Préstamo Hipotecario
TXN-00016813,CTA-413596,CLI-40791,2026-06-18 18:27:00,3623736.96,CRC,deposito,sucursal,AL-001,Préstamo Hipotecario
TXN-00016814,CTA-199926,CLI-60044,2026-06-30 12:46:00,4353639.59,CRC,pago,web,LI-002,Cuenta Corriente
TXN-00016815,CTA-929061,CLI-87877,2026-06-15 17:44:00,3490557.83,CRC,retiro,app_movil,SJ-001,Cuenta Corriente
TXN-00016816,CTA-309812,CLI-96259,2026-06-01 16:29:00,4721071.32,CRC,comision,sucursal,SJ-002,Préstamo Hipotecario
TXN-00016817,CTA-310407,CLI-98939,2026-06-13 19:07:00,936108.91,CRC,comision,sinpe,HE-001,Préstamo Personal
TXN-00016818,CTA-249813,CLI-53665,2026-06-22 10:35:00,4099015.9,CRC,transferencia,web,SJ-002,Cuenta Corriente
TXN-00016819,CTA-502771,CLI-17768,2026-06-30 15:12:00,4656536.98,CRC,comision,sinpe,PU-001,Préstamo Personal
TXN-00016820,CTA-764103,CLI-18628,2026-06-25 11:53:00,4916488.4,CRC,deposito,web,SJ-001,Cuenta Ahorro
TXN-00016821,CTA-959074,CLI-19208,2026-06-22 05:53:00,1349350.58,CRC,retiro,atm,PU-001,Tarjeta Crédito
TXN-00016822,CTA-754473,CLI-83061,2026-06-29 05:45:00,3449886.01,CRC,retiro,sinpe,PU-001,Préstamo Personal
TXN-00016823,CTA-492069,CLI-62037,2026-06-08 10:29:00,4333788.16,CRC,retiro,sucursal,LI-002,Préstamo Hipotecario
TXN-00016824,CTA-654572,CLI-18707,2026-06-12 00:37:00,1717338.37,CRC,retiro,app_movil,SJ-001,Cuenta Corriente
TXN-00016825,CTA-291143,CLI-46240,2026-06-14 07:07:00,3640873.81,CRC,retiro,sinpe,AL-001,Préstamo Hipotecario
TXN-00016826,CTA-950911,CLI-21154,2026-06-24 14:26:00,4808265.29,CRC,comision,atm,SJ-002,Tarjeta Crédito
TXN-00016827,CTA-637727,CLI-47941,2026-06-04 20:18:00,3360038.25,CRC,pago,sucursal,AL-001,Cuenta Corriente
TXN-00016828,CTA-793467,CLI-31515,2026-06-20 06:55:00,79419.71,CRC,transferencia,app_movil,AL-001,Préstamo Personal
TXN-00016829,CTA-831173,CLI-59737,2026-06-14 04:12:00,1345727.28,CRC,retiro,web,HE-001,Préstamo Hipotecario
TXN-00016830,CTA-425522,CLI-53145,2026-06-30 03:39:00,1326551.97,CRC,retiro,web,AL-001,Préstamo Personal
TXN-00016831,CTA-825109,CLI-78446,2026-06-24 01:24:00,1699222.35,CRC,retiro,sucursal,LI-001,Tarjeta Crédito
TXN-00016832,CTA-284556,CLI-18091,2026-06-09 06:23:00,1692491.76,CRC,transferencia,app_movil,AL-001,Préstamo Personal
TXN-00016833,CTA-861134,CLI-33928,2026-06-25 04:39:00,57470.41,CRC,transferencia,sinpe,SJ-002,Cuenta Corriente
TXN-00016834,CTA-793946,CLI-85912,2026-06-13 05:39:00,4709759.26,CRC,transferencia,web,CA-001,Préstamo Hipotecario
TXN-00016835,CTA-685365,CLI-60007,2026-06-26 18:26:00,4697374.02,CRC,comision,atm,AL-001,Tarjeta Crédito
TXN-00016836,CTA-280930,CLI-92199,2026-06-23 07:54:00,3904347.45,CRC,comision,sinpe,LI-002,Cuenta Corriente
TXN-00016837,CTA-674424,CLI-22744,2026-06-06 00:38:00,4317770.62,CRC,retiro,web,HE-001,Cuenta Ahorro
TXN-00016838,CTA-693378,CLI-16095,2026-06-29 03:56:00,3471022.34,CRC,deposito,web,CA-001,Cuenta Ahorro
TXN-00016839,CTA-906457,CLI-74969,2026-06-05 17:52:00,2193208.95,CRC,deposito,sucursal,CA-001,Cuenta Corriente
TXN-00016840,CTA-622352,CLI-39538,2026-06-09 23:31:00,1998080.48,CRC,transferencia,sucursal,SJ-002,Tarjeta Crédito
TXN-00016841,CTA-147348,CLI-48827,2026-06-30 00:43:00,2783764.77,CRC,transferencia,sinpe,SJ-002,Préstamo Personal
TXN-00016842,CTA-918693,CLI-67300,2026-06-13 02:00:00,3858078.58,CRC,transferencia,sucursal,SJ-002,Cuenta Corriente
TXN-00016843,CTA-880777,CLI-20764,2026-06-24 00:33:00,1687550.53,CRC,comision,sucursal,CA-001,Cuenta Ahorro
TXN-00016844,CTA-682627,CLI-77721,2026-06-09 11:30:00,4618064.15,CRC,deposito,sinpe,PU-001,Tarjeta Crédito
TXN-00016845,CTA-455820,CLI-59722,2026-06-25 11:57:00,6355.93,CRC,deposito,web,HE-001,Préstamo Hipotecario
TXN-00016846,CTA-343716,CLI-50520,2026-06-18 12:30:00,3872443.81,CRC,comision,sinpe,HE-001,Cuenta Ahorro
TXN-00016847,CTA-431659,CLI-77981,2026-06-11 22:29:00,3933481.27,CRC,pago,web,CA-001,Préstamo Personal
TXN-00016848,CTA-397630,CLI-19825,2026-06-14 00:51:00,986717.36,CRC,comision,app_movil,HE-001,Préstamo Hipotecario
TXN-00016849,CTA-612214,CLI-59243,2026-06-15 18:27:00,1937151.5,CRC,pago,web,PU-001,Tarjeta Crédito
TXN-00016850,CTA-613604,CLI-28296,2026-06-06 05:05:00,2049544.59,CRC,pago,sinpe,CA-001,Cuenta Ahorro
TXN-00016851,CTA-337244,CLI-74119,2026-06-26 21:28:00,3203687.43,CRC,retiro,atm,CA-001,Cuenta Corriente
TXN-00016852,CTA-822300,CLI-55829,2026-06-30 11:52:00,1641133.22,CRC,comision,web,PU-001,Préstamo Personal
TXN-00016853,CTA-704149,CLI-21258,2026-06-07 00:05:00,2026351.79,CRC,comision,sucursal,LI-002,Cuenta Ahorro
TXN-00016854,CTA-684088,CLI-14162,2026-06-27 21:34:00,1314854.05,CRC,comision,sinpe,LI-001,Préstamo Hipotecario
TXN-00016855,CTA-646029,CLI-54408,2026-06-11 16:01:00,2961392.75,CRC,transferencia,atm,LI-002,Tarjeta Crédito
TXN-00016856,CTA-310324,CLI-14359,2026-06-01 21:54:00,817105.62,CRC,pago,sucursal,AL-001,Préstamo Personal
TXN-00016857,CTA-908539,CLI-48082,2026-06-02 13:16:00,497283.8,CRC,transferencia,sinpe,HE-001,Cuenta Ahorro
TXN-00016858,CTA-416068,CLI-40048,2026-06-02 22:57:00,3971093.22,CRC,transferencia,web,SJ-001,Cuenta Ahorro
TXN-00016859,CTA-334242,CLI-66186,2026-06-26 17:27:00,3200261.91,CRC,retiro,sinpe,AL-001,Cuenta Ahorro
TXN-00016860,CTA-666089,CLI-52284,2026-06-08 04:21:00,929070.51,CRC,comision,atm,PU-001,Cuenta Ahorro
TXN-00016861,CTA-908008,CLI-46334,2026-06-13 02:22:00,4277192.16,CRC,deposito,sucursal,HE-001,Tarjeta Crédito
TXN-00016862,CTA-781091,CLI-20947,2026-06-07 16:27:00,2096990.49,CRC,transferencia,web,PU-001,Préstamo Personal
TXN-00016863,CTA-179204,CLI-98980,2026-06-14 21:42:00,486752.49,CRC,transferencia,web,SJ-002,Préstamo Hipotecario
TXN-00016864,CTA-315649,CLI-50285,2026-06-19 05:29:00,1636726.47,CRC,transferencia,app_movil,SJ-002,Tarjeta Crédito
TXN-00016865,CTA-744412,CLI-38187,2026-06-11 23:03:00,4550945.85,CRC,transferencia,web,LI-002,Préstamo Personal
TXN-00016866,CTA-878242,CLI-97694,2026-06-20 17:13:00,214057.85,CRC,pago,app_movil,HE-001,Tarjeta Crédito
TXN-00016867,CTA-121813,CLI-75517,2026-06-04 18:15:00,2827567.06,CRC,retiro,atm,LI-002,Préstamo Hipotecario
TXN-00016868,CTA-814395,CLI-81514,2026-06-19 01:09:00,1116030.56,CRC,comision,sinpe,AL-001,Préstamo Personal
TXN-00016869,CTA-169221,CLI-12079,2026-06-02 23:13:00,295494.11,CRC,retiro,sinpe,HE-001,Préstamo Hipotecario
TXN-00016870,CTA-606023,CLI-99085,2026-06-09 04:00:00,2457285.12,CRC,pago,sinpe,SJ-002,Tarjeta Crédito
TXN-00016871,CTA-365015,CLI-73416,2026-06-20 21:12:00,3665241.87,CRC,comision,sucursal,HE-001,Préstamo Hipotecario
TXN-00016872,CTA-344337,CLI-58669,2026-06-21 06:22:00,3772247.81,CRC,pago,web,SJ-001,Cuenta Corriente
TXN-00016873,CTA-374300,CLI-24376,2026-06-19 16:32:00,4767285.01,CRC,transferencia,sucursal,HE-001,Préstamo Personal
TXN-00016874,CTA-124231,CLI-72212,2026-06-17 00:42:00,1477502.61,CRC,comision,app_movil,SJ-001,Tarjeta Crédito
TXN-00016875,CTA-167125,CLI-76320,2026-06-14 20:43:00,1633052.58,CRC,comision,web,AL-001,Cuenta Corriente
TXN-00016876,CTA-853687,CLI-72969,2026-06-14 06:21:00,2335312.46,CRC,comision,sucursal,LI-002,Préstamo Hipotecario
TXN-00016877,CTA-193624,CLI-41305,2026-06-28 18:20:00,390511.76,CRC,pago,app_movil,PU-001,Cuenta Corriente
TXN-00016878,CTA-596646,CLI-52486,2026-06-26 20:21:00,4669949.46,CRC,pago,sucursal,SJ-002,Tarjeta Crédito
TXN-00016879,CTA-271293,CLI-48168,2026-06-08 20:01:00,1733417.77,CRC,comision,sinpe,LI-002,Préstamo Personal
TXN-00016880,CTA-430380,CLI-79363,2026-06-02 12:39:00,15154.26,CRC,retiro,web,AL-001,Préstamo Hipotecario
TXN-00016881,CTA-804794,CLI-96607,2026-06-10 22:20:00,2071735.95,CRC,pago,atm,HE-001,Cuenta Corriente
TXN-00016882,CTA-468385,CLI-35795,2026-06-08 01:29:00,451917.34,CRC,retiro,web,AL-001,Cuenta Ahorro
TXN-00016883,CTA-445623,CLI-43568,2026-06-03 05:02:00,2459922.22,CRC,deposito,sucursal,LI-001,Préstamo Hipotecario
TXN-00016884,CTA-145908,CLI-51534,2026-06-24 19:05:00,179055.47,CRC,retiro,sucursal,LI-002,Cuenta Ahorro
TXN-00016885,CTA-873151,CLI-22126,2026-06-26 09:24:00,3736498.16,CRC,deposito,atm,SJ-002,Préstamo Hipotecario
TXN-00016886,CTA-233083,CLI-94593,2026-06-15 03:00:00,1173669.53,CRC,transferencia,sinpe,SJ-001,Préstamo Hipotecario
TXN-00016887,CTA-884418,CLI-34540,2026-06-01 03:44:00,1649315.61,CRC,transferencia,web,SJ-001,Cuenta Corriente
TXN-00016888,CTA-592311,CLI-37972,2026-06-08 02:53:00,4917272.51,CRC,retiro,sucursal,SJ-001,Cuenta Corriente
TXN-00016889,CTA-531178,CLI-54983,2026-06-21 17:55:00,141159.48,CRC,pago,atm,HE-001,Préstamo Personal
TXN-00016890,CTA-326837,CLI-27883,2026-06-05 19:54:00,4592237.4,CRC,retiro,web,PU-001,Cuenta Corriente
TXN-00016891,CTA-220313,CLI-18257,2026-06-15 19:13:00,2509703.25,CRC,retiro,app_movil,HE-001,Cuenta Ahorro
TXN-00016892,CTA-485323,CLI-84604,2026-06-11 12:02:00,736478.63,CRC,retiro,web,CA-001,Préstamo Hipotecario
TXN-00016893,CTA-229804,CLI-54929,2026-06-24 10:37:00,3104007.1,CRC,transferencia,app_movil,SJ-002,Préstamo Hipotecario
TXN-00016894,CTA-718208,CLI-89163,2026-06-07 18:03:00,263358.75,CRC,deposito,web,LI-001,Cuenta Corriente
TXN-00016895,CTA-442147,CLI-22455,2026-06-17 11:07:00,2210698.37,CRC,pago,sucursal,PU-001,Tarjeta Crédito
TXN-00016896,CTA-486619,CLI-71536,2026-06-28 17:51:00,2321464.99,CRC,retiro,app_movil,AL-001,Cuenta Corriente
TXN-00016897,CTA-139202,CLI-37582,2026-06-03 07:02:00,1627265.35,CRC,transferencia,sinpe,LI-001,Cuenta Corriente
TXN-00016898,CTA-428945,CLI-64029,2026-06-08 04:50:00,2981310.39,CRC,pago,sucursal,SJ-001,Préstamo Personal
TXN-00016899,CTA-195544,CLI-93867,2026-06-07 23:52:00,497180.28,CRC,comision,sucursal,PU-001,Cuenta Corriente
TXN-00016900,CTA-512207,CLI-50197,2026-06-16 06:05:00,2114935.58,CRC,deposito,web,SJ-002,Tarjeta Crédito
TXN-00016901,CTA-593595,CLI-91139,2026-06-04 22:23:00,1031915.55,CRC,pago,sucursal,CA-001,Préstamo Personal
TXN-00016902,CTA-181229,CLI-21200,2026-06-13 23:27:00,1779339.66,CRC,retiro,app_movil,CA-001,Préstamo Hipotecario
TXN-00016903,CTA-425003,CLI-10011,2026-06-02 02:25:00,773644.96,CRC,transferencia,sucursal,PU-001,Préstamo Personal
TXN-00016904,CTA-638558,CLI-41989,2026-06-11 07:13:00,2469143.0,CRC,pago,sucursal,SJ-002,Préstamo Personal
TXN-00016905,CTA-617848,CLI-28574,2026-06-29 17:29:00,1429296.92,CRC,deposito,app_movil,SJ-001,Cuenta Corriente
TXN-00016906,CTA-126131,CLI-82811,2026-06-13 07:06:00,2793445.09,CRC,comision,app_movil,CA-001,Préstamo Personal
TXN-00016907,CTA-958678,CLI-56163,2026-06-19 18:16:00,4599840.83,CRC,pago,app_movil,SJ-001,Préstamo Hipotecario
TXN-00016908,CTA-302388,CLI-94572,2026-06-24 22:40:00,546782.45,CRC,pago,app_movil,HE-001,Cuenta Corriente
TXN-00016909,CTA-123636,CLI-29522,2026-06-17 04:23:00,717214.87,CRC,transferencia,app_movil,SJ-001,Cuenta Corriente
TXN-00016910,CTA-639906,CLI-91089,2026-06-27 12:20:00,611124.29,CRC,deposito,sinpe,LI-001,Tarjeta Crédito
TXN-00016911,CTA-930628,CLI-51804,2026-06-19 19:20:00,2855100.48,CRC,deposito,web,LI-002,Cuenta Ahorro
TXN-00016912,CTA-856846,CLI-30857,2026-06-23 10:15:00,4039467.86,CRC,transferencia,sucursal,LI-001,Préstamo Personal
TXN-00016913,CTA-181882,CLI-12510,2026-06-18 15:16:00,786697.84,CRC,pago,atm,LI-002,Tarjeta Crédito
TXN-00016914,CTA-899482,CLI-47081,2026-06-11 14:54:00,871176.86,CRC,pago,sucursal,PU-001,Tarjeta Crédito
TXN-00016915,CTA-225637,CLI-17762,2026-06-16 04:12:00,1310805.08,CRC,retiro,sucursal,SJ-001,Préstamo Hipotecario
TXN-00016916,CTA-963973,CLI-39583,2026-06-09 22:31:00,3905572.52,CRC,retiro,atm,HE-001,Tarjeta Crédito
TXN-00016917,CTA-605117,CLI-40641,2026-06-05 05:07:00,2154679.09,CRC,transferencia,app_movil,LI-002,Cuenta Ahorro
TXN-00016918,CTA-306638,CLI-53594,2026-06-15 07:51:00,1611826.98,CRC,transferencia,atm,SJ-002,Préstamo Hipotecario
TXN-00016919,CTA-159772,CLI-46863,2026-06-21 06:32:00,411745.6,CRC,transferencia,sinpe,LI-002,Préstamo Personal
TXN-00016920,CTA-776785,CLI-28109,2026-06-26 21:34:00,4602049.16,CRC,retiro,atm,LI-001,Tarjeta Crédito
TXN-00016921,CTA-153214,CLI-81267,2026-06-17 11:03:00,634523.56,CRC,comision,web,CA-001,Préstamo Personal
TXN-00016922,CTA-229902,CLI-31152,2026-06-28 09:41:00,3855869.6,CRC,transferencia,sinpe,SJ-001,Cuenta Corriente
TXN-00016923,CTA-474988,CLI-93576,2026-06-20 21:11:00,1625956.51,CRC,transferencia,atm,SJ-001,Préstamo Personal
TXN-00016924,CTA-455096,CLI-79943,2026-06-13 07:39:00,1601902.84,CRC,comision,web,PU-001,Préstamo Personal
TXN-00016925,CTA-720311,CLI-56800,2026-06-27 09:59:00,2544084.5,CRC,comision,sucursal,LI-002,Tarjeta Crédito
TXN-00016926,CTA-579661,CLI-77447,2026-06-27 16:34:00,224760.46,CRC,retiro,atm,AL-001,Préstamo Hipotecario
TXN-00016927,CTA-402380,CLI-85216,2026-06-03 15:10:00,3477202.81,CRC,retiro,atm,HE-001,Cuenta Corriente
TXN-00016928,CTA-112271,CLI-85734,2026-06-08 20:45:00,4527057.9,CRC,pago,atm,AL-001,Cuenta Corriente
TXN-00016929,CTA-518551,CLI-69004,2026-06-24 23:54:00,4823270.26,CRC,retiro,web,PU-001,Préstamo Personal
TXN-00016930,CTA-403169,CLI-81349,2026-06-27 02:33:00,1750439.9,CRC,comision,sucursal,CA-001,Cuenta Corriente
TXN-00016931,CTA-986628,CLI-11198,2026-06-23 06:03:00,4593326.91,CRC,deposito,atm,SJ-001,Préstamo Hipotecario
TXN-00016932,CTA-261894,CLI-93599,2026-06-06 07:05:00,1332070.64,CRC,comision,app_movil,AL-001,Tarjeta Crédito
TXN-00016933,CTA-648390,CLI-42269,2026-06-26 09:53:00,4430339.87,CRC,deposito,web,LI-001,Préstamo Hipotecario
TXN-00016934,CTA-105349,CLI-75339,2026-06-21 23:33:00,844178.91,CRC,transferencia,sucursal,AL-001,Préstamo Personal
TXN-00016935,CTA-787313,CLI-78202,2026-06-16 12:06:00,3640594.89,CRC,deposito,web,AL-001,Tarjeta Crédito
TXN-00016936,CTA-301069,CLI-42695,2026-06-08 07:10:00,1554760.37,CRC,pago,sucursal,SJ-001,Cuenta Ahorro
TXN-00016937,CTA-936511,CLI-47676,2026-06-05 15:33:00,3049578.08,CRC,deposito,web,HE-001,Préstamo Hipotecario
TXN-00016938,CTA-109316,CLI-13143,2026-06-26 00:19:00,1730046.46,CRC,pago,sinpe,CA-001,Préstamo Personal
TXN-00016939,CTA-288440,CLI-14740,2026-06-24 13:01:00,4094838.73,CRC,retiro,sucursal,LI-002,Cuenta Corriente
TXN-00016940,CTA-759628,CLI-53770,2026-06-13 18:15:00,3363624.67,CRC,transferencia,app_movil,CA-001,Préstamo Hipotecario
TXN-00016941,CTA-818614,CLI-92740,2026-06-26 13:39:00,637142.76,CRC,pago,web,AL-001,Cuenta Ahorro
TXN-00016942,CTA-257890,CLI-52066,2026-06-19 10:43:00,4743678.91,CRC,deposito,sucursal,CA-001,Cuenta Ahorro
TXN-00016943,CTA-611562,CLI-19702,2026-06-15 05:35:00,2426204.94,CRC,comision,app_movil,SJ-001,Préstamo Hipotecario
TXN-00016944,CTA-539775,CLI-95170,2026-06-25 00:47:00,4184926.88,CRC,comision,sinpe,HE-001,Préstamo Personal
TXN-00016945,CTA-903010,CLI-29198,2026-06-28 05:33:00,3080960.26,CRC,comision,app_movil,CA-001,Cuenta Ahorro
TXN-00016946,CTA-519136,CLI-26618,2026-06-15 22:59:00,673837.3,CRC,retiro,web,PU-001,Préstamo Personal
TXN-00016947,CTA-948267,CLI-51515,2026-06-08 02:41:00,4164908.77,CRC,comision,app_movil,PU-001,Préstamo Personal
TXN-00016948,CTA-873414,CLI-44141,2026-06-14 03:33:00,4654005.55,CRC,deposito,web,AL-001,Tarjeta Crédito
TXN-00016949,CTA-421130,CLI-45670,2026-06-23 23:57:00,1233682.82,CRC,pago,sinpe,PU-001,Cuenta Ahorro
TXN-00016950,CTA-371573,CLI-89047,2026-06-09 05:11:00,3359554.6,CRC,comision,app_movil,PU-001,Tarjeta Crédito
TXN-00016951,CTA-421991,CLI-35164,2026-06-12 11:42:00,298011.93,CRC,comision,web,CA-001,Préstamo Personal
TXN-00016952,CTA-581551,CLI-65182,2026-06-11 02:35:00,4142696.81,CRC,transferencia,sucursal,PU-001,Préstamo Hipotecario
TXN-00016953,CTA-757706,CLI-92134,2026-06-01 13:58:00,2460023.29,CRC,transferencia,atm,LI-001,Préstamo Hipotecario
TXN-00016954,CTA-324697,CLI-39815,2026-06-29 22:42:00,957407.78,CRC,pago,atm,AL-001,Cuenta Corriente
TXN-00016955,CTA-579126,CLI-10468,2026-06-27 21:46:00,3035942.16,CRC,retiro,app_movil,SJ-001,Tarjeta Crédito
TXN-00016956,CTA-511606,CLI-19491,2026-06-01 10:36:00,3354092.92,CRC,deposito,sucursal,SJ-002,Préstamo Hipotecario
TXN-00016957,CTA-495115,CLI-84919,2026-06-28 18:29:00,4971532.34,CRC,pago,sinpe,LI-001,Cuenta Corriente
TXN-00016958,CTA-239458,CLI-16056,2026-06-20 16:51:00,1408755.36,CRC,comision,app_movil,PU-001,Préstamo Personal
TXN-00016959,CTA-316242,CLI-22119,2026-06-06 18:19:00,3746950.39,CRC,transferencia,web,AL-001,Préstamo Hipotecario
TXN-00016960,CTA-920548,CLI-28159,2026-06-22 11:55:00,632659.79,CRC,comision,app_movil,HE-001,Cuenta Ahorro
TXN-00016961,CTA-959478,CLI-75921,2026-06-24 19:20:00,3948196.96,CRC,transferencia,atm,CA-001,Tarjeta Crédito
TXN-00016962,CTA-484885,CLI-76243,2026-06-18 08:05:00,718255.04,CRC,retiro,sucursal,HE-001,Préstamo Personal
TXN-00016963,CTA-817183,CLI-19769,2026-06-15 01:16:00,4277249.82,CRC,deposito,web,LI-002,Cuenta Corriente
TXN-00016964,CTA-766687,CLI-25536,2026-06-14 13:40:00,580367.33,CRC,comision,app_movil,AL-001,Tarjeta Crédito
TXN-00016965,CTA-733186,CLI-47005,2026-06-07 19:46:00,3499972.69,CRC,deposito,sinpe,SJ-001,Cuenta Corriente
TXN-00016966,CTA-546092,CLI-28638,2026-06-24 08:40:00,2276825.4,CRC,deposito,sinpe,HE-001,Cuenta Corriente
TXN-00016967,CTA-152741,CLI-63807,2026-06-10 11:03:00,4816673.24,CRC,comision,sucursal,LI-001,Tarjeta Crédito
TXN-00016968,CTA-321020,CLI-67156,2026-06-22 20:09:00,4991169.86,CRC,transferencia,sinpe,LI-001,Préstamo Hipotecario
TXN-00016969,CTA-830058,CLI-29957,2026-06-26 20:04:00,3300324.06,CRC,deposito,sinpe,PU-001,Cuenta Corriente
TXN-00016970,CTA-608501,CLI-48440,2026-06-04 23:32:00,1271634.13,CRC,pago,sinpe,SJ-002,Préstamo Hipotecario
TXN-00016971,CTA-858815,CLI-73864,2026-06-28 22:46:00,4994151.99,CRC,pago,app_movil,PU-001,Cuenta Ahorro
TXN-00016972,CTA-924496,CLI-96279,2026-06-14 00:18:00,3458486.55,CRC,retiro,sinpe,CA-001,Cuenta Ahorro
TXN-00016973,CTA-456333,CLI-74072,2026-06-24 15:11:00,4336373.73,CRC,transferencia,atm,SJ-001,Cuenta Ahorro
TXN-00016974,CTA-477253,CLI-59683,2026-06-02 12:24:00,2872031.47,CRC,deposito,sinpe,HE-001,Préstamo Personal
TXN-00016975,CTA-476496,CLI-13839,2026-06-09 00:53:00,2426637.18,CRC,transferencia,atm,LI-001,Cuenta Corriente
TXN-00016976,CTA-460086,CLI-32792,2026-06-30 08:14:00,4011072.84,CRC,transferencia,sucursal,SJ-001,Préstamo Personal
TXN-00016977,CTA-693909,CLI-31933,2026-06-24 22:29:00,2788469.07,CRC,comision,atm,HE-001,Tarjeta Crédito
TXN-00016978,CTA-371358,CLI-90795,2026-06-13 20:22:00,1137310.14,CRC,comision,web,LI-001,Cuenta Ahorro
TXN-00016979,CTA-717285,CLI-89983,2026-06-26 15:18:00,2414028.78,CRC,transferencia,atm,AL-001,Cuenta Ahorro
TXN-00016980,CTA-697241,CLI-44327,2026-06-02 14:17:00,1841108.22,CRC,comision,atm,AL-001,Tarjeta Crédito
TXN-00016981,CTA-443329,CLI-56862,2026-06-22 05:37:00,1240561.03,CRC,deposito,sinpe,AL-001,Préstamo Personal
TXN-00016982,CTA-870568,CLI-31701,2026-06-16 10:49:00,763521.76,CRC,transferencia,sinpe,CA-001,Tarjeta Crédito
TXN-00016983,CTA-868310,CLI-65109,2026-06-07 10:41:00,3185195.28,CRC,retiro,atm,SJ-001,Préstamo Personal
TXN-00016984,CTA-270865,CLI-43138,2026-06-23 16:00:00,1665695.32,CRC,deposito,sucursal,CA-001,Cuenta Corriente
TXN-00016985,CTA-560371,CLI-42998,2026-06-17 16:50:00,1881279.55,CRC,pago,sinpe,PU-001,Cuenta Corriente
TXN-00016986,CTA-306794,CLI-96389,2026-06-26 19:22:00,4620231.38,CRC,pago,sucursal,PU-001,Cuenta Ahorro
TXN-00016987,CTA-624640,CLI-50074,2026-06-24 06:10:00,771512.59,CRC,retiro,app_movil,PU-001,Cuenta Ahorro
TXN-00016988,CTA-424610,CLI-50681,2026-06-09 14:58:00,638550.93,CRC,retiro,sucursal,HE-001,Préstamo Hipotecario
TXN-00016989,CTA-578270,CLI-26415,2026-06-28 10:31:00,4594898.49,CRC,transferencia,atm,SJ-002,Cuenta Corriente
TXN-00016990,CTA-623090,CLI-29689,2026-06-04 02:36:00,4444428.87,CRC,retiro,sucursal,HE-001,Cuenta Ahorro
TXN-00016991,CTA-426369,CLI-51980,2026-06-14 13:31:00,3151201.26,CRC,comision,sinpe,CA-001,Cuenta Corriente
TXN-00016992,CTA-902737,CLI-48642,2026-06-25 09:27:00,1839660.16,CRC,comision,web,SJ-002,Préstamo Hipotecario
TXN-00016993,CTA-785976,CLI-19376,2026-06-05 07:56:00,1339680.42,CRC,comision,atm,CA-001,Préstamo Personal
TXN-00016994,CTA-558763,CLI-32762,2026-06-07 12:14:00,2614166.49,CRC,retiro,sinpe,HE-001,Préstamo Hipotecario
TXN-00016995,CTA-727202,CLI-46730,2026-06-15 06:57:00,3166523.09,CRC,retiro,app_movil,LI-002,Cuenta Corriente
TXN-00016996,CTA-714833,CLI-85487,2026-06-19 12:43:00,585334.46,CRC,deposito,app_movil,CA-001,Cuenta Corriente
TXN-00016997,CTA-663764,CLI-21682,2026-06-19 17:07:00,1103135.27,CRC,pago,web,LI-001,Tarjeta Crédito
TXN-00016998,CTA-635840,CLI-91018,2026-06-08 07:02:00,2392657.78,CRC,transferencia,atm,LI-002,Cuenta Corriente
TXN-00016999,CTA-985052,CLI-48342,2026-06-01 17:01:00,2285234.61,CRC,pago,app_movil,SJ-001,Préstamo Personal
TXN-00017000,CTA-113951,CLI-35098,2026-06-13 05:58:00,4748472.51,CRC,transferencia,app_movil,LI-002,Tarjeta Crédito
TXN-00017001,CTA-701365,CLI-83972,2026-06-06 18:00:00,2289748.69,CRC,retiro,sinpe,HE-001,Tarjeta Crédito
TXN-00017002,CTA-599170,CLI-73993,2026-06-19 21:12:00,2883456.83,CRC,transferencia,atm,SJ-002,Préstamo Hipotecario
TXN-00017003,CTA-332393,CLI-85035,2026-06-12 11:11:00,2719958.82,CRC,deposito,sinpe,LI-001,Cuenta Corriente
TXN-00017004,CTA-658160,CLI-70885,2026-06-13 03:53:00,1162038.11,CRC,transferencia,sucursal,CA-001,Tarjeta Crédito
TXN-00017005,CTA-530674,CLI-67346,2026-06-22 11:52:00,827542.11,CRC,comision,sucursal,SJ-001,Tarjeta Crédito
TXN-00017006,CTA-116464,CLI-97848,2026-06-12 20:13:00,1501783.1,CRC,pago,web,CA-001,Tarjeta Crédito
TXN-00017007,CTA-740279,CLI-54871,2026-06-22 14:48:00,4560994.87,CRC,pago,sinpe,SJ-002,Préstamo Personal
TXN-00017008,CTA-673387,CLI-54893,2026-06-03 11:35:00,2475056.46,CRC,deposito,web,SJ-002,Préstamo Personal
TXN-00017009,CTA-446664,CLI-66645,2026-06-12 18:25:00,4347904.76,CRC,pago,sucursal,AL-001,Préstamo Hipotecario
TXN-00017010,CTA-552144,CLI-11884,2026-06-26 00:40:00,750624.13,CRC,comision,sucursal,LI-001,Cuenta Ahorro
TXN-00017011,CTA-863254,CLI-60491,2026-06-02 04:21:00,2352382.37,CRC,retiro,sinpe,SJ-001,Cuenta Ahorro
TXN-00017012,CTA-516230,CLI-24202,2026-06-18 06:26:00,45336.68,CRC,transferencia,sucursal,HE-001,Tarjeta Crédito
TXN-00017013,CTA-524508,CLI-64037,2026-06-07 18:44:00,3758813.41,CRC,transferencia,app_movil,SJ-002,Préstamo Hipotecario
TXN-00017014,CTA-865043,CLI-31990,2026-06-25 23:11:00,3597129.67,CRC,retiro,web,AL-001,Cuenta Corriente
TXN-00017015,CTA-524032,CLI-13506,2026-06-17 04:21:00,2114804.67,CRC,transferencia,sinpe,LI-002,Tarjeta Crédito
TXN-00017016,CTA-210417,CLI-70910,2026-06-06 18:06:00,1718810.97,CRC,deposito,sinpe,AL-001,Tarjeta Crédito
TXN-00017017,CTA-251405,CLI-42242,2026-06-01 16:37:00,995926.89,CRC,pago,atm,HE-001,Cuenta Ahorro
TXN-00017018,CTA-457048,CLI-35716,2026-06-29 11:23:00,359280.38,CRC,deposito,sinpe,CA-001,Cuenta Ahorro
TXN-00017019,CTA-424221,CLI-34453,2026-06-05 14:00:00,2098888.08,CRC,pago,atm,SJ-001,Préstamo Hipotecario
TXN-00017020,CTA-773941,CLI-87752,2026-06-04 09:50:00,592207.75,CRC,pago,web,LI-002,Préstamo Hipotecario
TXN-00017021,CTA-324915,CLI-15935,2026-06-25 14:48:00,1830156.15,CRC,transferencia,sucursal,SJ-001,Cuenta Corriente
TXN-00017022,CTA-211968,CLI-84543,2026-06-02 04:32:00,518758.78,CRC,transferencia,web,HE-001,Préstamo Hipotecario
TXN-00017023,CTA-256031,CLI-64310,2026-06-16 11:35:00,1996951.55,CRC,pago,atm,SJ-001,Préstamo Hipotecario
TXN-00017024,CTA-794311,CLI-50070,2026-06-23 09:11:00,247368.84,CRC,deposito,web,PU-001,Préstamo Personal
TXN-00017025,CTA-180747,CLI-71853,2026-06-21 14:45:00,4059884.86,CRC,deposito,web,AL-001,Préstamo Personal
TXN-00017026,CTA-563618,CLI-26605,2026-06-02 10:47:00,3918590.53,CRC,transferencia,app_movil,SJ-002,Cuenta Corriente
TXN-00017027,CTA-150135,CLI-67454,2026-06-08 14:50:00,2063850.94,CRC,deposito,sucursal,LI-001,Tarjeta Crédito
TXN-00017028,CTA-644747,CLI-17500,2026-06-19 12:48:00,4011385.7,CRC,deposito,sinpe,AL-001,Tarjeta Crédito
TXN-00017029,CTA-799185,CLI-60674,2026-06-04 12:28:00,3504795.31,CRC,pago,web,PU-001,Cuenta Ahorro
TXN-00017030,CTA-719702,CLI-35546,2026-06-02 22:04:00,3145785.57,CRC,comision,app_movil,LI-001,Cuenta Ahorro
TXN-00017031,CTA-429160,CLI-59211,2026-06-02 11:18:00,1933006.84,CRC,deposito,app_movil,LI-002,Préstamo Personal
TXN-00017032,CTA-318587,CLI-11752,2026-06-18 06:12:00,1281617.37,CRC,transferencia,atm,LI-001,Préstamo Hipotecario
TXN-00017033,CTA-390452,CLI-75250,2026-06-30 05:18:00,2790728.03,CRC,deposito,app_movil,CA-001,Cuenta Corriente
TXN-00017034,CTA-123432,CLI-93605,2026-06-16 15:02:00,2600740.27,CRC,comision,sinpe,HE-001,Cuenta Corriente
TXN-00017035,CTA-161464,CLI-17917,2026-06-16 03:35:00,2242673.67,CRC,retiro,sucursal,LI-001,Tarjeta Crédito
TXN-00017036,CTA-965785,CLI-49257,2026-06-07 18:53:00,4818536.32,CRC,pago,atm,SJ-001,Préstamo Hipotecario
TXN-00017037,CTA-123048,CLI-89279,2026-06-18 09:17:00,3819501.87,CRC,transferencia,app_movil,HE-001,Tarjeta Crédito
TXN-00017038,CTA-897464,CLI-99935,2026-06-08 19:39:00,3966759.22,CRC,retiro,atm,AL-001,Préstamo Personal
TXN-00017039,CTA-444056,CLI-33051,2026-06-09 08:29:00,3567994.23,CRC,pago,web,PU-001,Tarjeta Crédito
TXN-00017040,CTA-764503,CLI-96125,2026-06-10 08:36:00,4715779.65,CRC,comision,app_movil,HE-001,Préstamo Hipotecario
TXN-00017041,CTA-950951,CLI-73839,2026-06-18 22:01:00,363935.75,CRC,transferencia,sucursal,SJ-001,Préstamo Hipotecario
TXN-00017042,CTA-195752,CLI-79024,2026-06-21 04:18:00,457139.77,CRC,comision,sinpe,SJ-001,Préstamo Personal
TXN-00017043,CTA-708626,CLI-67084,2026-06-05 22:31:00,2206716.07,CRC,comision,app_movil,SJ-001,Tarjeta Crédito
TXN-00017044,CTA-966061,CLI-42481,2026-06-03 02:46:00,4513876.48,CRC,pago,atm,HE-001,Tarjeta Crédito
TXN-00017045,CTA-328167,CLI-30848,2026-06-15 14:40:00,2250430.15,CRC,comision,sinpe,SJ-001,Cuenta Corriente
TXN-00017046,CTA-998057,CLI-20353,2026-06-23 23:06:00,4515702.01,CRC,pago,sucursal,LI-002,Cuenta Corriente
TXN-00017047,CTA-701322,CLI-96492,2026-06-06 21:20:00,1485659.27,CRC,comision,app_movil,LI-002,Cuenta Corriente
TXN-00017048,CTA-134244,CLI-91740,2026-06-03 04:33:00,311209.3,CRC,pago,sucursal,HE-001,Cuenta Corriente
TXN-00017049,CTA-380271,CLI-82164,2026-06-03 07:33:00,3972153.68,CRC,comision,atm,SJ-002,Cuenta Ahorro
TXN-00017050,CTA-711766,CLI-16121,2026-06-12 18:03:00,3868588.55,CRC,deposito,sucursal,PU-001,Cuenta Corriente
TXN-00017051,CTA-434989,CLI-97357,2026-06-10 10:06:00,1060813.83,CRC,retiro,atm,CA-001,Cuenta Corriente
TXN-00017052,CTA-797874,CLI-72878,2026-06-08 20:08:00,4966995.39,CRC,transferencia,app_movil,SJ-001,Cuenta Corriente
TXN-00017053,CTA-379253,CLI-31079,2026-06-09 20:00:00,2602818.21,CRC,comision,web,AL-001,Tarjeta Crédito
TXN-00017054,CTA-714073,CLI-56826,2026-06-07 01:53:00,4187749.16,CRC,retiro,sinpe,SJ-001,Préstamo Personal
TXN-00017055,CTA-522390,CLI-86045,2026-06-28 11:45:00,132461.88,CRC,retiro,web,AL-001,Tarjeta Crédito
TXN-00017056,CTA-319203,CLI-49428,2026-06-11 20:54:00,2777485.9,CRC,deposito,atm,HE-001,Préstamo Hipotecario
TXN-00017057,CTA-466255,CLI-13425,2026-06-15 21:37:00,3684141.31,CRC,retiro,atm,HE-001,Préstamo Personal
TXN-00017058,CTA-870006,CLI-13353,2026-06-04 03:11:00,3672421.32,CRC,deposito,atm,LI-002,Préstamo Personal
TXN-00017059,CTA-478421,CLI-59161,2026-06-07 15:53:00,1504050.08,CRC,comision,web,SJ-002,Préstamo Hipotecario
TXN-00017060,CTA-701415,CLI-20435,2026-06-03 23:00:00,3740871.8,CRC,transferencia,app_movil,LI-001,Tarjeta Crédito
TXN-00017061,CTA-688544,CLI-62228,2026-06-27 22:19:00,4717908.9,CRC,pago,sinpe,AL-001,Tarjeta Crédito
TXN-00017062,CTA-471759,CLI-45931,2026-06-02 20:03:00,1898289.01,CRC,transferencia,sucursal,SJ-001,Tarjeta Crédito
TXN-00017063,CTA-667872,CLI-40065,2026-06-11 11:52:00,847905.5,CRC,deposito,sinpe,SJ-002,Préstamo Hipotecario
TXN-00017064,CTA-274461,CLI-71549,2026-06-29 15:51:00,1283780.35,CRC,comision,sinpe,PU-001,Cuenta Corriente
TXN-00017065,CTA-877130,CLI-17976,2026-06-08 22:59:00,1887163.63,CRC,transferencia,atm,SJ-002,Tarjeta Crédito
TXN-00017066,CTA-648799,CLI-76864,2026-06-18 01:07:00,4268542.04,CRC,deposito,sinpe,AL-001,Tarjeta Crédito
TXN-00017067,CTA-422455,CLI-84158,2026-06-18 07:38:00,3602800.14,CRC,comision,atm,LI-002,Préstamo Hipotecario
TXN-00017068,CTA-601810,CLI-61559,2026-06-25 06:08:00,619781.12,CRC,comision,web,HE-001,Cuenta Corriente
TXN-00017069,CTA-958124,CLI-60602,2026-06-24 18:46:00,2654043.37,CRC,pago,web,PU-001,Préstamo Personal
TXN-00017070,CTA-142983,CLI-61865,2026-06-30 17:08:00,4430250.32,CRC,pago,atm,CA-001,Préstamo Hipotecario
TXN-00017071,CTA-112057,CLI-59372,2026-06-17 03:53:00,2986077.04,CRC,transferencia,sucursal,PU-001,Préstamo Personal
TXN-00017072,CTA-496769,CLI-41587,2026-06-16 06:24:00,2512095.82,CRC,transferencia,atm,CA-001,Préstamo Hipotecario
TXN-00017073,CTA-508607,CLI-97266,2026-06-29 01:41:00,1918615.7,CRC,comision,web,SJ-001,Préstamo Hipotecario
TXN-00017074,CTA-855457,CLI-11209,2026-06-10 02:40:00,3554042.52,CRC,deposito,app_movil,PU-001,Préstamo Personal
TXN-00017075,CTA-496274,CLI-59490,2026-06-04 03:12:00,1677203.88,CRC,deposito,web,AL-001,Cuenta Ahorro
TXN-00017076,CTA-911329,CLI-75380,2026-06-23 20:21:00,1669320.75,CRC,transferencia,atm,LI-002,Préstamo Hipotecario
TXN-00017077,CTA-303704,CLI-87902,2026-06-11 01:28:00,1553582.88,CRC,pago,atm,SJ-001,Cuenta Corriente
TXN-00017078,CTA-382460,CLI-26610,2026-06-15 09:21:00,3727930.99,CRC,transferencia,web,SJ-002,Cuenta Ahorro
TXN-00017079,CTA-357361,CLI-47754,2026-06-05 18:18:00,4776225.25,CRC,transferencia,sucursal,SJ-001,Préstamo Personal
TXN-00017080,CTA-806079,CLI-44050,2026-06-04 18:05:00,3755900.26,CRC,retiro,sinpe,LI-002,Préstamo Hipotecario
TXN-00017081,CTA-787231,CLI-19435,2026-06-08 20:53:00,2031651.29,CRC,retiro,app_movil,LI-002,Préstamo Personal
TXN-00017082,CTA-816781,CLI-95538,2026-06-16 09:28:00,3184004.17,CRC,deposito,sinpe,SJ-001,Cuenta Corriente
TXN-00017083,CTA-449322,CLI-14708,2026-06-01 14:15:00,171360.03,CRC,deposito,sucursal,PU-001,Préstamo Personal
TXN-00017084,CTA-193550,CLI-34846,2026-06-29 02:28:00,1024311.22,CRC,retiro,sucursal,HE-001,Tarjeta Crédito
TXN-00017085,CTA-864535,CLI-60315,2026-06-16 09:02:00,93403.99,CRC,transferencia,app_movil,LI-002,Préstamo Hipotecario
TXN-00017086,CTA-421984,CLI-95027,2026-06-14 09:33:00,3104477.2,CRC,comision,sinpe,SJ-001,Tarjeta Crédito
TXN-00017087,CTA-786431,CLI-96563,2026-06-15 03:26:00,3022259.11,CRC,pago,atm,LI-002,Tarjeta Crédito
TXN-00017088,CTA-338986,CLI-16559,2026-06-30 03:50:00,2784047.09,CRC,retiro,sucursal,CA-001,Préstamo Personal
TXN-00017089,CTA-719731,CLI-22862,2026-06-05 05:34:00,1750717.61,CRC,pago,atm,AL-001,Préstamo Personal
TXN-00017090,CTA-207977,CLI-63305,2026-06-12 23:16:00,4797576.13,CRC,retiro,sinpe,CA-001,Tarjeta Crédito
TXN-00017091,CTA-653217,CLI-96707,2026-06-24 17:17:00,1041300.23,CRC,retiro,atm,AL-001,Cuenta Ahorro
TXN-00017092,CTA-937229,CLI-39292,2026-06-02 06:03:00,2073279.38,CRC,comision,sucursal,CA-001,Tarjeta Crédito
TXN-00017093,CTA-885051,CLI-42024,2026-06-18 15:45:00,2855995.56,CRC,comision,sinpe,HE-001,Cuenta Ahorro
TXN-00017094,CTA-943173,CLI-80445,2026-06-15 03:38:00,4060914.44,CRC,comision,web,AL-001,Cuenta Corriente
TXN-00017095,CTA-585954,CLI-41188,2026-06-06 08:05:00,8910.3,CRC,comision,web,HE-001,Préstamo Hipotecario
TXN-00017096,CTA-865677,CLI-67730,2026-06-30 17:45:00,2896664.94,CRC,deposito,sucursal,SJ-001,Cuenta Corriente
TXN-00017097,CTA-692489,CLI-19745,2026-06-21 13:02:00,2427449.51,CRC,transferencia,sinpe,HE-001,Préstamo Personal
TXN-00017098,CTA-597722,CLI-19795,2026-06-26 23:51:00,172423.87,CRC,comision,atm,PU-001,Préstamo Personal
TXN-00017099,CTA-262633,CLI-59453,2026-06-05 11:50:00,3890850.85,CRC,comision,sinpe,LI-002,Préstamo Personal
TXN-00017100,CTA-796072,CLI-99899,2026-06-27 11:45:00,2062162.89,CRC,transferencia,sinpe,PU-001,Cuenta Corriente
TXN-00017101,CTA-798109,CLI-49142,2026-06-08 20:14:00,3151894.32,CRC,transferencia,sucursal,PU-001,Cuenta Ahorro
TXN-00017102,CTA-804796,CLI-44743,2026-06-30 08:21:00,2103034.99,CRC,transferencia,web,LI-001,Cuenta Corriente
TXN-00017103,CTA-781195,CLI-77166,2026-06-07 15:52:00,4434656.92,CRC,deposito,app_movil,LI-002,Cuenta Corriente
TXN-00017104,CTA-783880,CLI-70955,2026-06-13 03:39:00,4826553.99,CRC,pago,sucursal,HE-001,Cuenta Ahorro
TXN-00017105,CTA-589372,CLI-88811,2026-06-12 06:10:00,2887346.03,CRC,pago,atm,SJ-002,Cuenta Corriente
TXN-00017106,CTA-161035,CLI-21333,2026-06-24 15:15:00,3452652.15,CRC,comision,sinpe,HE-001,Tarjeta Crédito
TXN-00017107,CTA-739972,CLI-14144,2026-06-25 14:35:00,1514847.03,CRC,comision,sucursal,HE-001,Tarjeta Crédito
TXN-00017108,CTA-685041,CLI-54665,2026-06-27 14:48:00,740921.78,CRC,transferencia,app_movil,PU-001,Préstamo Personal
TXN-00017109,CTA-773836,CLI-37889,2026-06-22 11:11:00,4141591.82,CRC,pago,sucursal,AL-001,Tarjeta Crédito
TXN-00017110,CTA-398084,CLI-36318,2026-06-09 11:51:00,1144657.02,CRC,retiro,atm,LI-002,Préstamo Personal
TXN-00017111,CTA-511598,CLI-93221,2026-06-29 12:21:00,1849169.27,CRC,deposito,sucursal,AL-001,Cuenta Corriente
TXN-00017112,CTA-464855,CLI-62292,2026-06-06 18:34:00,2657450.1,CRC,comision,app_movil,SJ-001,Cuenta Ahorro
TXN-00017113,CTA-614487,CLI-24417,2026-06-24 21:58:00,1027369.07,CRC,pago,atm,LI-001,Tarjeta Crédito
TXN-00017114,CTA-277393,CLI-99677,2026-06-14 08:42:00,3043427.78,CRC,comision,atm,HE-001,Cuenta Corriente
TXN-00017115,CTA-531453,CLI-21715,2026-06-13 23:28:00,4334068.62,CRC,comision,sinpe,SJ-001,Cuenta Corriente
TXN-00017116,CTA-767606,CLI-78889,2026-06-13 20:34:00,607416.43,CRC,pago,app_movil,LI-002,Tarjeta Crédito
TXN-00017117,CTA-928113,CLI-43888,2026-06-18 11:59:00,3558434.23,CRC,transferencia,sucursal,CA-001,Tarjeta Crédito
TXN-00017118,CTA-979223,CLI-66810,2026-06-13 10:02:00,3837401.86,CRC,deposito,atm,SJ-001,Cuenta Ahorro
TXN-00017119,CTA-266885,CLI-23927,2026-06-22 15:32:00,3500689.18,CRC,pago,app_movil,AL-001,Préstamo Personal
TXN-00017120,CTA-153372,CLI-57202,2026-06-08 08:19:00,2961428.57,CRC,comision,app_movil,SJ-002,Préstamo Personal
TXN-00017121,CTA-696601,CLI-97827,2026-06-21 04:55:00,4829397.13,CRC,retiro,atm,LI-001,Préstamo Personal
TXN-00017122,CTA-402382,CLI-85780,2026-06-20 17:26:00,4969089.56,CRC,deposito,sinpe,LI-002,Cuenta Corriente
TXN-00017123,CTA-618945,CLI-87223,2026-06-01 20:30:00,3786981.82,CRC,transferencia,app_movil,HE-001,Préstamo Personal
TXN-00017124,CTA-605309,CLI-64026,2026-06-27 22:40:00,4086461.42,CRC,pago,sinpe,PU-001,Cuenta Corriente
TXN-00017125,CTA-736713,CLI-97869,2026-06-22 13:49:00,2282442.04,CRC,comision,web,PU-001,Préstamo Personal
TXN-00017126,CTA-630074,CLI-23705,2026-06-20 23:14:00,2158934.69,CRC,transferencia,sucursal,LI-002,Préstamo Personal
TXN-00017127,CTA-357260,CLI-35417,2026-06-21 14:13:00,4782720.25,CRC,retiro,sucursal,CA-001,Tarjeta Crédito
TXN-00017128,CTA-176840,CLI-48706,2026-06-04 12:17:00,120135.6,CRC,transferencia,sinpe,AL-001,Préstamo Hipotecario
TXN-00017129,CTA-832814,CLI-73618,2026-06-18 14:09:00,2919829.96,CRC,deposito,app_movil,LI-001,Préstamo Hipotecario
TXN-00017130,CTA-232083,CLI-68011,2026-06-14 12:47:00,5217.01,CRC,transferencia,atm,SJ-001,Cuenta Corriente
TXN-00017131,CTA-660450,CLI-53654,2026-06-25 16:32:00,1087755.93,CRC,transferencia,sinpe,LI-002,Tarjeta Crédito
TXN-00017132,CTA-642482,CLI-60530,2026-06-20 08:51:00,4941274.73,CRC,transferencia,app_movil,LI-001,Tarjeta Crédito
TXN-00017133,CTA-878006,CLI-84716,2026-06-26 14:01:00,4308090.42,CRC,transferencia,atm,HE-001,Cuenta Corriente
TXN-00017134,CTA-586366,CLI-27448,2026-06-30 14:46:00,3546650.38,CRC,deposito,app_movil,LI-001,Cuenta Ahorro
TXN-00017135,CTA-163260,CLI-68568,2026-06-15 18:07:00,239743.26,CRC,deposito,sucursal,CA-001,Cuenta Corriente
TXN-00017136,CTA-394532,CLI-65879,2026-06-12 00:54:00,4152540.76,CRC,comision,sucursal,SJ-001,Préstamo Personal
TXN-00017137,CTA-121166,CLI-25402,2026-06-28 12:49:00,4598122.43,CRC,retiro,app_movil,PU-001,Cuenta Ahorro
TXN-00017138,CTA-219104,CLI-54467,2026-06-25 05:59:00,1785782.97,CRC,deposito,atm,AL-001,Tarjeta Crédito
TXN-00017139,CTA-316322,CLI-72057,2026-06-28 11:22:00,2917262.48,CRC,transferencia,sucursal,PU-001,Cuenta Corriente
TXN-00017140,CTA-338886,CLI-56764,2026-06-19 02:50:00,3569124.24,CRC,deposito,sucursal,LI-002,Préstamo Personal
TXN-00017141,CTA-535841,CLI-40443,2026-06-19 22:05:00,884449.9,CRC,transferencia,app_movil,SJ-002,Préstamo Personal
TXN-00017142,CTA-406918,CLI-16903,2026-06-30 19:56:00,3145990.68,CRC,transferencia,atm,SJ-002,Préstamo Personal
TXN-00017143,CTA-853341,CLI-32320,2026-06-24 10:49:00,3600039.86,CRC,comision,web,HE-001,Cuenta Ahorro
TXN-00017144,CTA-943787,CLI-55864,2026-06-24 13:44:00,4426424.14,CRC,transferencia,atm,CA-001,Tarjeta Crédito
TXN-00017145,CTA-709383,CLI-62868,2026-06-12 07:05:00,1763621.79,CRC,comision,web,LI-001,Préstamo Personal
TXN-00017146,CTA-829973,CLI-60894,2026-06-08 08:23:00,830522.48,CRC,transferencia,app_movil,CA-001,Préstamo Hipotecario
TXN-00017147,CTA-381465,CLI-95156,2026-06-04 12:41:00,3962979.89,CRC,pago,app_movil,CA-001,Cuenta Corriente
TXN-00017148,CTA-366852,CLI-94932,2026-06-06 16:58:00,976246.87,CRC,pago,sinpe,LI-001,Préstamo Hipotecario
TXN-00017149,CTA-151475,CLI-92720,2026-06-17 19:52:00,4252248.7,CRC,comision,sinpe,PU-001,Tarjeta Crédito
TXN-00017150,CTA-277674,CLI-27733,2026-06-09 15:17:00,3916828.63,CRC,transferencia,sucursal,LI-002,Préstamo Hipotecario
TXN-00017151,CTA-164000,CLI-75904,2026-06-24 17:44:00,145133.55,CRC,deposito,app_movil,HE-001,Préstamo Personal
TXN-00017152,CTA-202331,CLI-55510,2026-06-12 14:01:00,3210917.84,CRC,deposito,web,LI-002,Cuenta Ahorro
TXN-00017153,CTA-905080,CLI-98843,2026-06-17 22:55:00,2395167.19,CRC,deposito,atm,LI-002,Cuenta Ahorro
TXN-00017154,CTA-389360,CLI-95263,2026-06-27 19:34:00,3840004.3,CRC,pago,app_movil,PU-001,Cuenta Ahorro
TXN-00017155,CTA-340834,CLI-11274,2026-06-05 03:25:00,2634772.65,CRC,comision,app_movil,SJ-002,Préstamo Hipotecario
TXN-00017156,CTA-815570,CLI-37959,2026-06-13 11:39:00,352529.55,CRC,deposito,sinpe,LI-001,Cuenta Corriente
TXN-00017157,CTA-902561,CLI-77635,2026-06-08 13:19:00,3054480.04,CRC,pago,web,PU-001,Cuenta Corriente
TXN-00017158,CTA-730507,CLI-16303,2026-06-12 14:27:00,1144336.37,CRC,transferencia,atm,LI-001,Cuenta Corriente
TXN-00017159,CTA-830752,CLI-61361,2026-06-13 13:03:00,1396224.44,CRC,deposito,web,AL-001,Préstamo Hipotecario
TXN-00017160,CTA-811662,CLI-90077,2026-06-24 12:58:00,2026501.81,CRC,pago,app_movil,AL-001,Cuenta Ahorro
TXN-00017161,CTA-547163,CLI-63125,2026-06-18 16:42:00,1976489.6,CRC,pago,sucursal,LI-002,Cuenta Ahorro
TXN-00017162,CTA-642823,CLI-46012,2026-06-22 18:54:00,2288311.46,CRC,retiro,sucursal,HE-001,Préstamo Personal
TXN-00017163,CTA-949563,CLI-24841,2026-06-07 10:53:00,2493501.58,CRC,transferencia,sinpe,PU-001,Préstamo Hipotecario
TXN-00017164,CTA-857792,CLI-25298,2026-06-26 16:04:00,832127.76,CRC,retiro,web,SJ-001,Tarjeta Crédito
TXN-00017165,CTA-477078,CLI-87733,2026-06-14 12:01:00,3238515.16,CRC,deposito,atm,CA-001,Préstamo Hipotecario
TXN-00017166,CTA-651621,CLI-86667,2026-06-30 19:03:00,1223699.19,CRC,transferencia,web,PU-001,Préstamo Hipotecario
TXN-00017167,CTA-945683,CLI-57817,2026-06-22 02:28:00,4434736.09,CRC,deposito,atm,SJ-002,Tarjeta Crédito
TXN-00017168,CTA-312357,CLI-12594,2026-06-08 18:28:00,2412173.3,CRC,deposito,atm,SJ-001,Tarjeta Crédito
TXN-00017169,CTA-856538,CLI-41703,2026-06-25 21:52:00,3496838.28,CRC,deposito,atm,CA-001,Cuenta Ahorro
TXN-00017170,CTA-310836,CLI-56980,2026-06-30 15:50:00,781282.3,CRC,pago,atm,CA-001,Tarjeta Crédito
TXN-00017171,CTA-613159,CLI-24651,2026-06-11 20:19:00,4017443.27,CRC,deposito,app_movil,CA-001,Préstamo Hipotecario
TXN-00017172,CTA-672735,CLI-46665,2026-06-16 19:17:00,1479553.17,CRC,comision,app_movil,SJ-002,Cuenta Ahorro
TXN-00017173,CTA-182621,CLI-27338,2026-06-13 10:47:00,3920296.97,CRC,pago,atm,CA-001,Tarjeta Crédito
TXN-00017174,CTA-865516,CLI-67566,2026-06-30 19:15:00,1838109.68,CRC,comision,sucursal,LI-002,Préstamo Personal
TXN-00017175,CTA-789185,CLI-61833,2026-06-22 23:27:00,4316692.26,CRC,pago,app_movil,SJ-001,Cuenta Ahorro
TXN-00017176,CTA-683299,CLI-67459,2026-06-29 07:50:00,2860553.49,CRC,comision,sinpe,LI-002,Tarjeta Crédito
TXN-00017177,CTA-368892,CLI-56831,2026-06-09 22:05:00,2691006.67,CRC,comision,sinpe,CA-001,Préstamo Hipotecario
TXN-00017178,CTA-587687,CLI-88119,2026-06-28 19:59:00,1634484.22,CRC,pago,atm,LI-001,Cuenta Corriente
TXN-00017179,CTA-850452,CLI-67163,2026-06-14 10:28:00,3521349.65,CRC,comision,app_movil,HE-001,Cuenta Corriente
TXN-00017180,CTA-569084,CLI-50097,2026-06-01 11:42:00,2154119.56,CRC,transferencia,web,HE-001,Préstamo Personal
TXN-00017181,CTA-331225,CLI-37584,2026-06-04 12:37:00,3253875.52,CRC,comision,sucursal,SJ-002,Cuenta Corriente
TXN-00017182,CTA-647688,CLI-79703,2026-06-25 04:58:00,1432730.19,CRC,transferencia,sinpe,CA-001,Préstamo Personal
TXN-00017183,CTA-769497,CLI-94234,2026-06-18 16:18:00,4907292.23,CRC,comision,sinpe,CA-001,Préstamo Hipotecario
TXN-00017184,CTA-576112,CLI-80743,2026-06-04 05:02:00,23647.18,CRC,transferencia,sinpe,LI-001,Tarjeta Crédito
TXN-00017185,CTA-958111,CLI-44940,2026-06-23 01:14:00,3755974.27,CRC,transferencia,atm,CA-001,Cuenta Ahorro
TXN-00017186,CTA-544018,CLI-67318,2026-06-05 14:13:00,1821611.38,CRC,pago,sucursal,SJ-001,Tarjeta Crédito
TXN-00017187,CTA-377640,CLI-18848,2026-06-07 16:33:00,4806620.32,CRC,pago,web,AL-001,Cuenta Ahorro
TXN-00017188,CTA-841204,CLI-31354,2026-06-02 06:19:00,2816188.1,CRC,deposito,atm,SJ-002,Préstamo Personal
TXN-00017189,CTA-278988,CLI-26948,2026-06-24 06:09:00,1532049.19,CRC,transferencia,sucursal,LI-001,Tarjeta Crédito
TXN-00017190,CTA-332506,CLI-49959,2026-06-01 23:51:00,4023845.36,CRC,comision,sinpe,SJ-002,Préstamo Personal
TXN-00017191,CTA-668407,CLI-59714,2026-06-19 12:26:00,792625.65,CRC,transferencia,sucursal,CA-001,Cuenta Corriente
TXN-00017192,CTA-896834,CLI-94322,2026-06-15 00:42:00,1213860.2,CRC,comision,web,SJ-002,Préstamo Personal
TXN-00017193,CTA-780033,CLI-11147,2026-06-27 09:25:00,251769.36,CRC,transferencia,app_movil,LI-001,Cuenta Corriente
TXN-00017194,CTA-931729,CLI-99983,2026-06-15 11:31:00,2952205.86,CRC,comision,web,SJ-001,Préstamo Personal
TXN-00017195,CTA-157504,CLI-28789,2026-06-08 00:38:00,1514507.5,CRC,comision,sinpe,LI-001,Préstamo Hipotecario
TXN-00017196,CTA-278819,CLI-42086,2026-06-08 15:53:00,2589758.83,CRC,retiro,app_movil,CA-001,Tarjeta Crédito
TXN-00017197,CTA-738412,CLI-22812,2026-06-06 03:21:00,4824555.72,CRC,deposito,sucursal,HE-001,Préstamo Personal
TXN-00017198,CTA-954394,CLI-50493,2026-06-12 23:38:00,1842098.81,CRC,retiro,web,LI-002,Cuenta Corriente
TXN-00017199,CTA-658720,CLI-91092,2026-06-18 03:51:00,2171244.69,CRC,deposito,web,PU-001,Préstamo Hipotecario
TXN-00017200,CTA-127932,CLI-96454,2026-06-20 14:59:00,424598.72,CRC,comision,sinpe,CA-001,Préstamo Hipotecario
TXN-00017201,CTA-836428,CLI-68477,2026-06-21 03:11:00,4152013.42,CRC,comision,sucursal,PU-001,Cuenta Ahorro
TXN-00017202,CTA-175838,CLI-71904,2026-06-03 20:18:00,156010.35,CRC,retiro,sucursal,CA-001,Préstamo Personal
TXN-00017203,CTA-387750,CLI-39919,2026-06-30 08:04:00,4440585.1,CRC,transferencia,sucursal,CA-001,Cuenta Corriente
TXN-00017204,CTA-265324,CLI-93839,2026-06-08 12:23:00,2132216.26,CRC,transferencia,atm,SJ-001,Cuenta Ahorro
TXN-00017205,CTA-940566,CLI-81973,2026-06-24 00:50:00,522190.69,CRC,retiro,sucursal,SJ-001,Préstamo Personal
TXN-00017206,CTA-829730,CLI-13048,2026-06-04 16:49:00,2921398.23,CRC,transferencia,atm,SJ-001,Tarjeta Crédito
TXN-00017207,CTA-296802,CLI-72160,2026-06-13 21:49:00,1331276.01,CRC,comision,sinpe,SJ-002,Cuenta Ahorro
TXN-00017208,CTA-753757,CLI-24350,2026-06-21 19:55:00,668997.69,CRC,transferencia,sucursal,HE-001,Cuenta Ahorro
TXN-00017209,CTA-163809,CLI-38177,2026-06-15 12:55:00,4667327.64,CRC,retiro,atm,CA-001,Préstamo Hipotecario
TXN-00017210,CTA-117612,CLI-81222,2026-06-27 07:34:00,3907393.83,CRC,pago,atm,PU-001,Préstamo Personal
TXN-00017211,CTA-468298,CLI-66625,2026-06-18 16:34:00,1671951.15,CRC,deposito,sinpe,AL-001,Cuenta Corriente
TXN-00017212,CTA-934968,CLI-98242,2026-06-07 03:52:00,1617304.01,CRC,retiro,sinpe,SJ-002,Cuenta Corriente
TXN-00017213,CTA-724479,CLI-89173,2026-06-13 02:55:00,4404463.23,CRC,retiro,web,LI-001,Préstamo Hipotecario
TXN-00017214,CTA-794435,CLI-97564,2026-06-28 23:34:00,4709818.62,CRC,comision,sucursal,CA-001,Cuenta Corriente
TXN-00017215,CTA-787114,CLI-47682,2026-06-19 06:53:00,854666.55,CRC,transferencia,sinpe,SJ-001,Préstamo Personal
TXN-00017216,CTA-168007,CLI-63476,2026-06-13 11:59:00,4087700.58,CRC,pago,sinpe,SJ-002,Préstamo Personal
TXN-00017217,CTA-312141,CLI-34235,2026-06-17 03:40:00,3721412.09,CRC,pago,atm,AL-001,Tarjeta Crédito
TXN-00017218,CTA-537391,CLI-67477,2026-06-10 14:01:00,4748610.69,CRC,transferencia,app_movil,HE-001,Cuenta Corriente
TXN-00017219,CTA-933936,CLI-75137,2026-06-10 16:42:00,862697.73,CRC,retiro,sucursal,HE-001,Cuenta Corriente
TXN-00017220,CTA-203465,CLI-27348,2026-06-09 10:23:00,2098009.85,CRC,retiro,sinpe,AL-001,Tarjeta Crédito
TXN-00017221,CTA-742666,CLI-87954,2026-06-21 17:21:00,4591176.67,CRC,comision,app_movil,PU-001,Cuenta Corriente
TXN-00017222,CTA-708962,CLI-42324,2026-06-11 02:14:00,1270047.52,CRC,retiro,atm,LI-002,Cuenta Ahorro
TXN-00017223,CTA-845464,CLI-40184,2026-06-15 21:53:00,3510086.73,CRC,transferencia,sinpe,AL-001,Préstamo Personal
TXN-00017224,CTA-300528,CLI-46337,2026-06-09 10:01:00,2436254.69,CRC,pago,atm,LI-002,Préstamo Hipotecario
TXN-00017225,CTA-316341,CLI-66194,2026-06-08 12:27:00,12754.16,CRC,deposito,web,LI-001,Préstamo Hipotecario
TXN-00017226,CTA-446624,CLI-38057,2026-06-11 20:30:00,4110691.75,CRC,retiro,sucursal,AL-001,Préstamo Personal
TXN-00017227,CTA-523416,CLI-11196,2026-06-17 05:56:00,2433543.36,CRC,pago,sinpe,LI-002,Préstamo Personal
TXN-00017228,CTA-307637,CLI-35987,2026-06-12 19:12:00,4969571.84,CRC,transferencia,sinpe,LI-002,Cuenta Ahorro
TXN-00017229,CTA-634216,CLI-90499,2026-06-28 06:34:00,3590865.13,CRC,transferencia,app_movil,SJ-002,Préstamo Hipotecario
TXN-00017230,CTA-652451,CLI-75018,2026-06-27 09:19:00,766811.96,CRC,deposito,sucursal,HE-001,Préstamo Personal
TXN-00017231,CTA-866148,CLI-54876,2026-06-23 19:22:00,3966907.98,CRC,transferencia,web,PU-001,Cuenta Corriente
TXN-00017232,CTA-835693,CLI-18329,2026-06-28 23:26:00,2412953.98,CRC,comision,web,SJ-002,Cuenta Corriente
TXN-00017233,CTA-478887,CLI-15366,2026-06-14 04:17:00,4915570.19,CRC,retiro,sinpe,SJ-001,Préstamo Personal
TXN-00017234,CTA-408894,CLI-79212,2026-06-08 04:53:00,2279112.0,CRC,comision,sinpe,HE-001,Cuenta Ahorro
TXN-00017235,CTA-930578,CLI-29928,2026-06-02 06:31:00,564265.58,CRC,transferencia,sucursal,PU-001,Cuenta Ahorro
TXN-00017236,CTA-315901,CLI-61543,2026-06-14 09:07:00,2257349.0,CRC,deposito,atm,SJ-001,Préstamo Hipotecario
TXN-00017237,CTA-422738,CLI-65681,2026-06-14 04:04:00,4961628.52,CRC,retiro,web,LI-001,Cuenta Corriente
TXN-00017238,CTA-561171,CLI-79770,2026-06-23 02:38:00,1922624.43,CRC,comision,web,AL-001,Cuenta Corriente
TXN-00017239,CTA-908475,CLI-74407,2026-06-19 14:13:00,3956746.84,CRC,deposito,sucursal,LI-002,Préstamo Hipotecario
TXN-00017240,CTA-549525,CLI-30448,2026-06-11 13:49:00,2143715.97,CRC,pago,atm,SJ-001,Préstamo Personal
TXN-00017241,CTA-407615,CLI-20953,2026-06-19 21:48:00,3959742.17,CRC,deposito,app_movil,LI-001,Cuenta Ahorro
TXN-00017242,CTA-942532,CLI-78953,2026-06-02 08:38:00,425418.94,CRC,retiro,sucursal,PU-001,Cuenta Ahorro
TXN-00017243,CTA-649720,CLI-32921,2026-06-27 00:01:00,2204941.83,CRC,transferencia,app_movil,LI-001,Cuenta Ahorro
TXN-00017244,CTA-343288,CLI-69307,2026-06-03 17:53:00,3139753.26,CRC,retiro,atm,CA-001,Préstamo Personal
TXN-00017245,CTA-117529,CLI-28822,2026-06-26 12:24:00,153171.12,CRC,pago,sucursal,HE-001,Préstamo Hipotecario
TXN-00017246,CTA-806101,CLI-95698,2026-06-29 21:06:00,35507.1,CRC,deposito,sucursal,SJ-001,Préstamo Personal
TXN-00017247,CTA-922103,CLI-85605,2026-06-03 12:23:00,2454111.75,CRC,comision,app_movil,SJ-001,Préstamo Hipotecario
TXN-00017248,CTA-158485,CLI-24916,2026-06-30 11:29:00,3772807.1,CRC,transferencia,sucursal,SJ-001,Tarjeta Crédito
TXN-00017249,CTA-376828,CLI-16417,2026-06-12 07:07:00,2105292.83,CRC,comision,sinpe,SJ-002,Cuenta Corriente
TXN-00017250,CTA-750051,CLI-25682,2026-06-29 05:40:00,1313301.55,CRC,comision,atm,LI-002,Préstamo Personal
TXN-00017251,CTA-999155,CLI-78851,2026-06-29 13:07:00,3186518.93,CRC,retiro,app_movil,HE-001,Tarjeta Crédito
TXN-00017252,CTA-985526,CLI-75866,2026-06-22 22:02:00,3608607.99,CRC,transferencia,app_movil,HE-001,Cuenta Ahorro
TXN-00017253,CTA-290736,CLI-68735,2026-06-10 04:32:00,1377036.36,CRC,retiro,app_movil,SJ-001,Tarjeta Crédito
TXN-00017254,CTA-246541,CLI-27753,2026-06-01 12:20:00,3178118.41,CRC,retiro,web,SJ-002,Cuenta Corriente
TXN-00017255,CTA-921833,CLI-42262,2026-06-18 03:24:00,2126830.95,CRC,transferencia,app_movil,CA-001,Tarjeta Crédito
TXN-00017256,CTA-703906,CLI-32710,2026-06-12 04:00:00,3313437.0,CRC,retiro,app_movil,PU-001,Cuenta Corriente
TXN-00017257,CTA-141474,CLI-76249,2026-06-15 11:22:00,4249930.21,CRC,retiro,web,AL-001,Tarjeta Crédito
TXN-00017258,CTA-392744,CLI-48626,2026-06-24 10:24:00,4735824.6,CRC,retiro,app_movil,SJ-002,Préstamo Hipotecario
TXN-00017259,CTA-800499,CLI-58513,2026-06-14 11:25:00,2572190.36,CRC,deposito,sinpe,LI-002,Préstamo Hipotecario
TXN-00017260,CTA-640417,CLI-45289,2026-06-12 22:47:00,681942.31,CRC,retiro,web,HE-001,Tarjeta Crédito
TXN-00017261,CTA-729994,CLI-24504,2026-06-24 05:52:00,3469933.51,CRC,deposito,web,SJ-002,Cuenta Corriente
TXN-00017262,CTA-627225,CLI-62162,2026-06-15 11:06:00,2620704.06,CRC,transferencia,web,CA-001,Préstamo Personal
TXN-00017263,CTA-795174,CLI-60050,2026-06-11 18:24:00,4382054.1,CRC,retiro,sucursal,PU-001,Préstamo Hipotecario
TXN-00017264,CTA-414294,CLI-15586,2026-06-16 18:57:00,4559176.03,CRC,retiro,app_movil,CA-001,Préstamo Hipotecario
TXN-00017265,CTA-323158,CLI-53023,2026-06-23 02:05:00,2408870.36,CRC,deposito,sucursal,CA-001,Cuenta Ahorro
TXN-00017266,CTA-762312,CLI-82497,2026-06-21 06:52:00,2480227.96,CRC,retiro,app_movil,SJ-002,Préstamo Personal
TXN-00017267,CTA-942901,CLI-22891,2026-06-14 00:28:00,1038697.87,CRC,transferencia,atm,LI-001,Cuenta Ahorro
TXN-00017268,CTA-142598,CLI-80603,2026-06-09 08:02:00,1788596.66,CRC,deposito,atm,SJ-002,Préstamo Hipotecario
TXN-00017269,CTA-703370,CLI-59853,2026-06-10 10:30:00,263461.22,CRC,comision,web,AL-001,Préstamo Hipotecario
TXN-00017270,CTA-730004,CLI-14775,2026-06-15 02:41:00,2065037.12,CRC,pago,sucursal,AL-001,Cuenta Corriente
TXN-00017271,CTA-475337,CLI-68199,2026-06-05 06:17:00,981908.89,CRC,pago,atm,CA-001,Cuenta Corriente
TXN-00017272,CTA-985054,CLI-85449,2026-06-05 03:42:00,1442484.67,CRC,retiro,web,PU-001,Préstamo Hipotecario
TXN-00017273,CTA-514727,CLI-81569,2026-06-11 21:25:00,3942373.44,CRC,transferencia,sucursal,AL-001,Cuenta Ahorro
TXN-00017274,CTA-114341,CLI-81328,2026-06-14 19:12:00,3370343.48,CRC,pago,sucursal,CA-001,Cuenta Corriente
TXN-00017275,CTA-591481,CLI-29244,2026-06-30 17:18:00,2541351.37,CRC,pago,app_movil,AL-001,Préstamo Personal
TXN-00017276,CTA-257916,CLI-91494,2026-06-25 14:48:00,1774438.2,CRC,comision,web,CA-001,Cuenta Corriente
TXN-00017277,CTA-396752,CLI-43556,2026-06-20 12:43:00,436314.86,CRC,transferencia,atm,LI-002,Tarjeta Crédito
TXN-00017278,CTA-227123,CLI-71990,2026-06-01 23:58:00,2000476.26,CRC,deposito,atm,LI-001,Préstamo Personal
TXN-00017279,CTA-522518,CLI-76000,2026-06-12 14:50:00,4134141.07,CRC,retiro,sinpe,SJ-001,Préstamo Personal
TXN-00017280,CTA-501065,CLI-29099,2026-06-21 19:50:00,274632.39,CRC,pago,sucursal,SJ-001,Tarjeta Crédito
TXN-00017281,CTA-359617,CLI-11920,2026-06-18 14:15:00,481066.98,CRC,comision,web,SJ-001,Tarjeta Crédito
TXN-00017282,CTA-637552,CLI-72106,2026-06-19 07:40:00,2805732.69,CRC,transferencia,sucursal,LI-002,Cuenta Ahorro
TXN-00017283,CTA-287981,CLI-55910,2026-06-13 23:29:00,1342339.39,CRC,retiro,atm,AL-001,Préstamo Hipotecario
TXN-00017284,CTA-712845,CLI-93548,2026-06-18 19:46:00,3898725.0,CRC,pago,sinpe,PU-001,Cuenta Corriente
TXN-00017285,CTA-673101,CLI-25155,2026-06-05 19:34:00,1761509.63,CRC,pago,web,LI-002,Préstamo Personal
TXN-00017286,CTA-299875,CLI-35498,2026-06-28 01:37:00,470349.61,CRC,retiro,atm,LI-001,Tarjeta Crédito
TXN-00017287,CTA-327212,CLI-31419,2026-06-10 16:08:00,1007049.61,CRC,deposito,sucursal,LI-001,Préstamo Hipotecario
TXN-00017288,CTA-666930,CLI-54533,2026-06-06 06:17:00,3944625.16,CRC,retiro,atm,SJ-002,Tarjeta Crédito
TXN-00017289,CTA-807383,CLI-15369,2026-06-04 05:07:00,4031635.24,CRC,pago,web,SJ-002,Tarjeta Crédito
TXN-00017290,CTA-346461,CLI-26515,2026-06-22 18:31:00,2240429.09,CRC,retiro,web,SJ-002,Préstamo Hipotecario
TXN-00017291,CTA-189902,CLI-64126,2026-06-17 09:07:00,3603873.41,CRC,transferencia,sinpe,SJ-002,Cuenta Ahorro
TXN-00017292,CTA-749612,CLI-98765,2026-06-01 02:31:00,256111.88,CRC,deposito,sucursal,SJ-002,Cuenta Corriente
TXN-00017293,CTA-622361,CLI-59934,2026-06-03 15:29:00,4454851.66,CRC,comision,sucursal,HE-001,Préstamo Hipotecario
TXN-00017294,CTA-443711,CLI-84821,2026-06-16 07:14:00,4924977.26,CRC,deposito,sinpe,SJ-001,Cuenta Ahorro
TXN-00017295,CTA-176143,CLI-12779,2026-06-11 08:22:00,669711.5,CRC,transferencia,app_movil,HE-001,Préstamo Hipotecario
TXN-00017296,CTA-170824,CLI-36607,2026-06-02 23:04:00,616583.32,CRC,transferencia,web,LI-002,Cuenta Ahorro
TXN-00017297,CTA-362580,CLI-96425,2026-06-23 07:22:00,1479872.22,CRC,retiro,app_movil,LI-001,Préstamo Personal
TXN-00017298,CTA-871052,CLI-17477,2026-06-12 07:42:00,1639868.56,CRC,transferencia,sucursal,AL-001,Préstamo Personal
TXN-00017299,CTA-272510,CLI-42750,2026-06-17 17:25:00,486680.61,CRC,comision,web,SJ-002,Cuenta Corriente
TXN-00017300,CTA-284033,CLI-43212,2026-06-04 04:14:00,3582704.39,CRC,retiro,atm,LI-001,Cuenta Corriente
TXN-00017301,CTA-899416,CLI-91138,2026-06-19 17:57:00,2243756.85,CRC,deposito,sinpe,LI-002,Tarjeta Crédito
TXN-00017302,CTA-838240,CLI-22159,2026-06-12 22:34:00,2716460.63,CRC,deposito,atm,CA-001,Cuenta Corriente
TXN-00017303,CTA-142635,CLI-86915,2026-06-22 16:27:00,3726973.83,CRC,deposito,atm,HE-001,Cuenta Corriente
TXN-00017304,CTA-301929,CLI-65500,2026-06-26 09:47:00,1862366.41,CRC,comision,web,PU-001,Cuenta Ahorro
TXN-00017305,CTA-331308,CLI-92804,2026-06-01 18:23:00,2248587.98,CRC,retiro,sinpe,HE-001,Préstamo Hipotecario
TXN-00017306,CTA-121915,CLI-71683,2026-06-15 06:35:00,3513216.78,CRC,transferencia,web,CA-001,Préstamo Personal
TXN-00017307,CTA-812949,CLI-23013,2026-06-06 04:51:00,4703019.88,CRC,retiro,web,CA-001,Préstamo Hipotecario
TXN-00017308,CTA-524491,CLI-16825,2026-06-14 20:21:00,924849.49,CRC,deposito,sucursal,CA-001,Tarjeta Crédito
TXN-00017309,CTA-188729,CLI-44154,2026-06-07 08:14:00,2696653.15,CRC,comision,sucursal,AL-001,Préstamo Hipotecario
TXN-00017310,CTA-270849,CLI-91741,2026-06-04 06:17:00,4783130.02,CRC,comision,sinpe,LI-002,Préstamo Personal
TXN-00017311,CTA-770593,CLI-75703,2026-06-27 17:31:00,415608.54,CRC,transferencia,app_movil,PU-001,Cuenta Ahorro
TXN-00017312,CTA-312954,CLI-75293,2026-06-25 03:15:00,67438.26,CRC,retiro,web,LI-002,Cuenta Ahorro
TXN-00017313,CTA-860546,CLI-56341,2026-06-19 16:53:00,728076.47,CRC,comision,atm,LI-001,Préstamo Personal
TXN-00017314,CTA-310303,CLI-23029,2026-06-29 06:17:00,231438.41,CRC,transferencia,app_movil,PU-001,Préstamo Hipotecario
TXN-00017315,CTA-140196,CLI-41495,2026-06-29 12:40:00,3161158.84,CRC,pago,sinpe,HE-001,Tarjeta Crédito
TXN-00017316,CTA-306770,CLI-80895,2026-06-05 15:39:00,1160820.34,CRC,transferencia,web,AL-001,Cuenta Ahorro
TXN-00017317,CTA-590038,CLI-53291,2026-06-27 03:09:00,3627010.6,CRC,retiro,atm,SJ-001,Cuenta Corriente
TXN-00017318,CTA-529157,CLI-53548,2026-06-11 04:42:00,2487792.32,CRC,comision,atm,LI-002,Cuenta Corriente
TXN-00017319,CTA-542555,CLI-62273,2026-06-30 17:50:00,1230486.81,CRC,transferencia,sucursal,CA-001,Préstamo Hipotecario
TXN-00017320,CTA-544679,CLI-93206,2026-06-13 12:17:00,934340.45,CRC,retiro,app_movil,HE-001,Tarjeta Crédito
TXN-00017321,CTA-451067,CLI-39645,2026-06-13 14:20:00,4561425.73,CRC,deposito,atm,CA-001,Cuenta Corriente
TXN-00017322,CTA-892006,CLI-96786,2026-06-23 23:14:00,383101.25,CRC,pago,app_movil,LI-002,Cuenta Ahorro
TXN-00017323,CTA-827486,CLI-32642,2026-06-10 03:21:00,4297544.76,CRC,deposito,sinpe,CA-001,Tarjeta Crédito
TXN-00017324,CTA-140411,CLI-42376,2026-06-10 19:22:00,3483786.46,CRC,deposito,web,LI-002,Tarjeta Crédito
TXN-00017325,CTA-818504,CLI-97377,2026-06-08 03:04:00,3960303.93,CRC,retiro,sinpe,LI-002,Préstamo Hipotecario
TXN-00017326,CTA-656175,CLI-15845,2026-06-01 21:03:00,4013100.34,CRC,pago,atm,PU-001,Préstamo Hipotecario
TXN-00017327,CTA-517927,CLI-37228,2026-06-09 14:41:00,3078986.54,CRC,retiro,atm,CA-001,Cuenta Corriente
TXN-00017328,CTA-779626,CLI-27936,2026-06-12 05:43:00,4482225.47,CRC,pago,web,PU-001,Cuenta Corriente
TXN-00017329,CTA-625483,CLI-11477,2026-06-28 13:15:00,3827863.33,CRC,retiro,atm,CA-001,Préstamo Hipotecario
TXN-00017330,CTA-141864,CLI-59035,2026-06-23 18:27:00,3977830.11,CRC,pago,sucursal,LI-001,Préstamo Personal
TXN-00017331,CTA-188453,CLI-56170,2026-06-13 07:12:00,2358050.81,CRC,deposito,sucursal,LI-002,Préstamo Personal
TXN-00017332,CTA-269508,CLI-43983,2026-06-11 01:52:00,4129585.85,CRC,retiro,app_movil,AL-001,Préstamo Hipotecario
TXN-00017333,CTA-117231,CLI-81495,2026-06-14 02:15:00,2801880.86,CRC,transferencia,sinpe,LI-001,Tarjeta Crédito
TXN-00017334,CTA-453493,CLI-40760,2026-06-24 08:05:00,4333835.02,CRC,comision,atm,AL-001,Préstamo Personal
TXN-00017335,CTA-369389,CLI-69485,2026-06-24 02:13:00,4605386.02,CRC,comision,atm,SJ-002,Préstamo Hipotecario
TXN-00017336,CTA-499002,CLI-83191,2026-06-27 07:51:00,4379757.13,CRC,comision,sucursal,CA-001,Préstamo Personal
TXN-00017337,CTA-547547,CLI-58868,2026-06-20 12:42:00,4135994.74,CRC,deposito,web,AL-001,Préstamo Personal
TXN-00017338,CTA-616381,CLI-30290,2026-06-12 22:06:00,2928207.25,CRC,retiro,sinpe,CA-001,Cuenta Corriente
TXN-00017339,CTA-914940,CLI-86593,2026-06-08 06:54:00,39417.79,CRC,transferencia,sinpe,LI-002,Tarjeta Crédito
TXN-00017340,CTA-213684,CLI-44533,2026-06-14 15:16:00,3647866.58,CRC,comision,app_movil,LI-001,Cuenta Corriente
TXN-00017341,CTA-652429,CLI-37497,2026-06-19 06:51:00,2153828.49,CRC,deposito,atm,LI-002,Cuenta Corriente
TXN-00017342,CTA-462411,CLI-82509,2026-06-12 22:57:00,3791603.76,CRC,retiro,app_movil,LI-001,Préstamo Hipotecario
TXN-00017343,CTA-322689,CLI-13994,2026-06-06 21:04:00,2266233.32,CRC,retiro,sinpe,AL-001,Tarjeta Crédito
TXN-00017344,CTA-405156,CLI-90489,2026-06-16 13:50:00,2732450.67,CRC,retiro,app_movil,LI-002,Préstamo Hipotecario
TXN-00017345,CTA-863505,CLI-61154,2026-06-13 12:26:00,4225893.31,CRC,transferencia,sinpe,AL-001,Cuenta Ahorro
TXN-00017346,CTA-896445,CLI-42180,2026-06-05 16:51:00,4497123.02,CRC,comision,sinpe,LI-001,Cuenta Corriente
TXN-00017347,CTA-799711,CLI-81946,2026-06-02 10:42:00,4200906.55,CRC,deposito,app_movil,SJ-001,Préstamo Hipotecario
TXN-00017348,CTA-466508,CLI-15993,2026-06-22 08:16:00,4345303.55,CRC,pago,app_movil,LI-002,Préstamo Hipotecario
TXN-00017349,CTA-966067,CLI-94795,2026-06-22 06:34:00,4596923.17,CRC,retiro,sinpe,HE-001,Tarjeta Crédito
TXN-00017350,CTA-597103,CLI-51228,2026-06-07 00:13:00,418985.96,CRC,comision,app_movil,AL-001,Cuenta Ahorro
TXN-00017351,CTA-663201,CLI-45056,2026-06-29 00:49:00,618453.78,CRC,deposito,sucursal,SJ-001,Préstamo Hipotecario
TXN-00017352,CTA-328867,CLI-99293,2026-06-14 02:08:00,4163569.63,CRC,pago,sucursal,LI-001,Cuenta Ahorro
TXN-00017353,CTA-617561,CLI-38887,2026-06-19 18:48:00,2398577.14,CRC,transferencia,sucursal,CA-001,Cuenta Corriente
TXN-00017354,CTA-904249,CLI-43592,2026-06-09 22:22:00,1460669.74,CRC,retiro,web,LI-001,Préstamo Personal
TXN-00017355,CTA-308126,CLI-74522,2026-06-16 15:27:00,1411966.59,CRC,deposito,web,LI-001,Préstamo Hipotecario
TXN-00017356,CTA-720419,CLI-54998,2026-06-17 12:38:00,1756552.4,CRC,comision,web,HE-001,Cuenta Corriente
TXN-00017357,CTA-419763,CLI-91822,2026-06-06 09:41:00,3983104.24,CRC,comision,atm,HE-001,Cuenta Corriente
TXN-00017358,CTA-879272,CLI-14837,2026-06-01 05:46:00,12405.57,CRC,retiro,sucursal,PU-001,Tarjeta Crédito
TXN-00017359,CTA-542933,CLI-44862,2026-06-26 04:10:00,1922557.43,CRC,pago,app_movil,LI-001,Cuenta Ahorro
TXN-00017360,CTA-435498,CLI-64446,2026-06-07 18:07:00,2453909.48,CRC,transferencia,atm,LI-002,Cuenta Ahorro
TXN-00017361,CTA-848357,CLI-79417,2026-06-29 04:50:00,3333981.95,CRC,retiro,atm,PU-001,Préstamo Hipotecario
TXN-00017362,CTA-410397,CLI-80203,2026-06-25 13:09:00,3300363.9,CRC,comision,app_movil,HE-001,Préstamo Personal
TXN-00017363,CTA-156699,CLI-70363,2026-06-15 06:30:00,4091957.38,CRC,pago,sucursal,AL-001,Tarjeta Crédito
TXN-00017364,CTA-234317,CLI-52815,2026-06-15 15:06:00,1222034.65,CRC,pago,sucursal,SJ-002,Préstamo Personal
TXN-00017365,CTA-753117,CLI-38147,2026-06-02 22:58:00,4681295.56,CRC,comision,sinpe,CA-001,Tarjeta Crédito
TXN-00017366,CTA-249693,CLI-73220,2026-06-12 18:51:00,3000291.04,CRC,comision,atm,SJ-001,Préstamo Personal
TXN-00017367,CTA-358289,CLI-97886,2026-06-26 02:09:00,3056815.86,CRC,retiro,app_movil,HE-001,Cuenta Corriente
TXN-00017368,CTA-969493,CLI-30128,2026-06-15 17:31:00,2179871.28,CRC,pago,app_movil,SJ-001,Préstamo Personal
TXN-00017369,CTA-235132,CLI-34146,2026-06-11 17:30:00,3036881.38,CRC,pago,web,LI-001,Préstamo Personal
TXN-00017370,CTA-868688,CLI-39007,2026-06-21 21:05:00,2341277.34,CRC,pago,app_movil,LI-001,Cuenta Corriente
TXN-00017371,CTA-824221,CLI-78861,2026-06-24 15:11:00,4124437.3,CRC,deposito,sucursal,LI-002,Préstamo Hipotecario
TXN-00017372,CTA-828194,CLI-53818,2026-06-19 18:00:00,1172918.77,CRC,pago,sinpe,SJ-002,Préstamo Hipotecario
TXN-00017373,CTA-782307,CLI-13751,2026-06-18 12:38:00,44193.88,CRC,pago,sucursal,HE-001,Cuenta Ahorro
TXN-00017374,CTA-482238,CLI-11168,2026-06-17 14:05:00,2262106.7,CRC,retiro,sinpe,LI-001,Préstamo Hipotecario
TXN-00017375,CTA-699424,CLI-84930,2026-06-14 18:19:00,3715948.2,CRC,deposito,sucursal,HE-001,Préstamo Personal
TXN-00017376,CTA-980212,CLI-45843,2026-06-04 22:25:00,740247.94,CRC,comision,sinpe,SJ-001,Tarjeta Crédito
TXN-00017377,CTA-246456,CLI-69377,2026-06-22 04:38:00,753312.24,CRC,deposito,sinpe,LI-001,Tarjeta Crédito
TXN-00017378,CTA-719195,CLI-59116,2026-06-06 04:24:00,3515890.74,CRC,pago,app_movil,PU-001,Tarjeta Crédito
TXN-00017379,CTA-930850,CLI-43803,2026-06-06 04:42:00,2326647.75,CRC,transferencia,sucursal,HE-001,Tarjeta Crédito
TXN-00017380,CTA-306162,CLI-12112,2026-06-11 09:33:00,4885830.44,CRC,retiro,sucursal,SJ-002,Cuenta Corriente
TXN-00017381,CTA-466220,CLI-25319,2026-06-17 18:55:00,4414844.24,CRC,retiro,atm,SJ-002,Préstamo Hipotecario
TXN-00017382,CTA-977794,CLI-81134,2026-06-07 04:33:00,2023826.44,CRC,deposito,sucursal,HE-001,Cuenta Corriente
TXN-00017383,CTA-124965,CLI-53169,2026-06-27 08:15:00,4877367.08,CRC,comision,app_movil,LI-001,Préstamo Personal
TXN-00017384,CTA-743331,CLI-95763,2026-06-23 19:03:00,886401.75,CRC,transferencia,sinpe,HE-001,Préstamo Personal
TXN-00017385,CTA-431640,CLI-52267,2026-06-27 08:21:00,4524871.68,CRC,transferencia,sinpe,PU-001,Tarjeta Crédito
TXN-00017386,CTA-507612,CLI-24482,2026-06-23 09:09:00,1180656.27,CRC,retiro,sinpe,SJ-002,Cuenta Corriente
TXN-00017387,CTA-498759,CLI-38148,2026-06-03 23:46:00,1847652.79,CRC,deposito,web,LI-001,Tarjeta Crédito
TXN-00017388,CTA-790438,CLI-98125,2026-06-22 03:15:00,1046754.47,CRC,pago,app_movil,SJ-001,Préstamo Hipotecario
TXN-00017389,CTA-344175,CLI-76079,2026-06-23 21:18:00,1983238.6,CRC,pago,web,SJ-001,Préstamo Hipotecario
TXN-00017390,CTA-727129,CLI-26985,2026-06-11 02:00:00,2056534.95,CRC,comision,app_movil,AL-001,Préstamo Personal
TXN-00017391,CTA-687782,CLI-93422,2026-06-07 12:34:00,711710.78,CRC,deposito,sucursal,AL-001,Tarjeta Crédito
TXN-00017392,CTA-492265,CLI-39732,2026-06-30 01:46:00,1510791.27,CRC,transferencia,sucursal,HE-001,Préstamo Personal
TXN-00017393,CTA-638452,CLI-53529,2026-06-03 07:41:00,3272205.73,CRC,transferencia,web,HE-001,Préstamo Personal
TXN-00017394,CTA-574465,CLI-45045,2026-06-12 05:01:00,1126709.0,CRC,pago,atm,LI-001,Tarjeta Crédito
TXN-00017395,CTA-925436,CLI-34882,2026-06-03 21:46:00,970694.1,CRC,comision,web,SJ-002,Cuenta Ahorro
TXN-00017396,CTA-806805,CLI-70421,2026-06-20 19:50:00,4974686.13,CRC,transferencia,atm,SJ-002,Préstamo Personal
TXN-00017397,CTA-575533,CLI-39180,2026-06-12 21:58:00,4888960.73,CRC,deposito,sinpe,AL-001,Cuenta Corriente
TXN-00017398,CTA-935440,CLI-42171,2026-06-20 01:09:00,1410022.43,CRC,transferencia,web,PU-001,Cuenta Ahorro
TXN-00017399,CTA-297865,CLI-85472,2026-06-03 00:22:00,2472375.73,CRC,retiro,atm,LI-002,Préstamo Personal
TXN-00017400,CTA-894730,CLI-51941,2026-06-19 10:55:00,795253.19,CRC,retiro,sinpe,LI-001,Préstamo Personal
TXN-00017401,CTA-926275,CLI-20877,2026-06-09 21:07:00,2063673.65,CRC,transferencia,sucursal,SJ-001,Préstamo Hipotecario
TXN-00017402,CTA-210305,CLI-90206,2026-06-06 20:55:00,125324.79,CRC,comision,web,SJ-002,Cuenta Ahorro
TXN-00017403,CTA-581944,CLI-47668,2026-06-22 03:45:00,1871912.96,CRC,comision,sinpe,SJ-002,Cuenta Ahorro
TXN-00017404,CTA-518300,CLI-36708,2026-06-15 15:08:00,4117644.91,CRC,retiro,sinpe,CA-001,Cuenta Corriente
TXN-00017405,CTA-770656,CLI-67864,2026-06-17 23:06:00,1733157.64,CRC,retiro,sucursal,AL-001,Cuenta Ahorro
TXN-00017406,CTA-362122,CLI-29306,2026-06-24 01:38:00,579450.17,CRC,comision,sinpe,LI-001,Préstamo Hipotecario
TXN-00017407,CTA-565550,CLI-84469,2026-06-15 03:57:00,4020257.27,CRC,pago,sucursal,CA-001,Préstamo Hipotecario
TXN-00017408,CTA-277808,CLI-95946,2026-06-23 05:43:00,3509462.88,CRC,pago,web,LI-002,Cuenta Ahorro
TXN-00017409,CTA-306202,CLI-32804,2026-06-10 00:07:00,3808436.55,CRC,deposito,web,AL-001,Préstamo Personal
TXN-00017410,CTA-892416,CLI-71255,2026-06-25 13:13:00,3764834.01,CRC,pago,sinpe,LI-002,Préstamo Hipotecario
TXN-00017411,CTA-792094,CLI-11353,2026-06-03 09:34:00,4061359.66,CRC,pago,atm,AL-001,Tarjeta Crédito
TXN-00017412,CTA-691458,CLI-58647,2026-06-14 03:26:00,1452537.71,CRC,deposito,web,SJ-002,Tarjeta Crédito
TXN-00017413,CTA-238794,CLI-89890,2026-06-20 14:39:00,3449705.85,CRC,deposito,sinpe,CA-001,Préstamo Hipotecario
TXN-00017414,CTA-524277,CLI-57727,2026-06-08 14:01:00,3261171.21,CRC,comision,sucursal,SJ-001,Préstamo Personal
TXN-00017415,CTA-807176,CLI-62734,2026-06-04 12:16:00,1624294.87,CRC,pago,sucursal,SJ-001,Préstamo Hipotecario
TXN-00017416,CTA-340280,CLI-77635,2026-06-12 03:57:00,2243088.94,CRC,transferencia,web,SJ-001,Tarjeta Crédito
TXN-00017417,CTA-149086,CLI-65058,2026-06-24 20:00:00,3141893.16,CRC,deposito,sinpe,HE-001,Cuenta Ahorro
TXN-00017418,CTA-264211,CLI-99068,2026-06-17 00:43:00,2764524.59,CRC,retiro,atm,AL-001,Cuenta Ahorro
TXN-00017419,CTA-226924,CLI-53005,2026-06-24 06:16:00,4789595.51,CRC,deposito,sinpe,AL-001,Cuenta Ahorro
TXN-00017420,CTA-373267,CLI-50641,2026-06-05 16:08:00,4975093.36,CRC,retiro,sucursal,SJ-001,Préstamo Hipotecario
TXN-00017421,CTA-209633,CLI-45438,2026-06-17 01:20:00,4665126.06,CRC,comision,atm,CA-001,Cuenta Corriente
TXN-00017422,CTA-770462,CLI-88016,2026-06-22 22:59:00,4021929.94,CRC,deposito,sucursal,LI-001,Tarjeta Crédito
TXN-00017423,CTA-275882,CLI-18937,2026-06-13 20:48:00,4847393.07,CRC,retiro,atm,PU-001,Préstamo Hipotecario
TXN-00017424,CTA-205725,CLI-75200,2026-06-30 18:54:00,2859214.12,CRC,deposito,atm,LI-002,Cuenta Ahorro
TXN-00017425,CTA-175722,CLI-56185,2026-06-25 12:42:00,3000947.42,CRC,comision,web,LI-001,Préstamo Hipotecario
TXN-00017426,CTA-403654,CLI-98101,2026-06-25 06:58:00,3722687.23,CRC,comision,app_movil,HE-001,Cuenta Ahorro
TXN-00017427,CTA-738945,CLI-82452,2026-06-01 23:27:00,1013091.28,CRC,deposito,sinpe,HE-001,Préstamo Hipotecario
TXN-00017428,CTA-794411,CLI-81037,2026-06-12 01:06:00,1864820.87,CRC,comision,atm,LI-002,Tarjeta Crédito
TXN-00017429,CTA-791294,CLI-71030,2026-06-07 05:49:00,4595285.66,CRC,retiro,web,CA-001,Cuenta Corriente
TXN-00017430,CTA-394489,CLI-28304,2026-06-29 23:41:00,715053.11,CRC,comision,sinpe,SJ-001,Cuenta Corriente
TXN-00017431,CTA-974389,CLI-33552,2026-06-10 18:26:00,915414.45,CRC,deposito,app_movil,LI-002,Cuenta Ahorro
TXN-00017432,CTA-303535,CLI-87008,2026-06-05 06:04:00,3688121.34,CRC,comision,atm,SJ-002,Tarjeta Crédito
TXN-00017433,CTA-279377,CLI-56257,2026-06-07 08:37:00,1804239.72,CRC,transferencia,app_movil,PU-001,Préstamo Hipotecario
TXN-00017434,CTA-727075,CLI-48320,2026-06-21 04:50:00,2461815.99,CRC,deposito,web,AL-001,Préstamo Hipotecario
TXN-00017435,CTA-234610,CLI-20293,2026-06-21 13:22:00,198153.39,CRC,retiro,sucursal,CA-001,Préstamo Hipotecario
TXN-00017436,CTA-474616,CLI-74706,2026-06-07 17:29:00,3523635.73,CRC,transferencia,atm,AL-001,Tarjeta Crédito
TXN-00017437,CTA-487257,CLI-85781,2026-06-30 01:02:00,552117.26,CRC,pago,sinpe,AL-001,Cuenta Ahorro
TXN-00017438,CTA-102238,CLI-82734,2026-06-26 08:28:00,1576283.31,CRC,pago,sucursal,LI-001,Préstamo Personal
TXN-00017439,CTA-747185,CLI-47650,2026-06-19 05:54:00,3100029.04,CRC,deposito,app_movil,LI-002,Cuenta Ahorro
TXN-00017440,CTA-704256,CLI-35387,2026-06-28 03:36:00,4059659.29,CRC,comision,app_movil,CA-001,Cuenta Ahorro
TXN-00017441,CTA-268200,CLI-11206,2026-06-25 01:51:00,930909.14,CRC,pago,atm,SJ-001,Préstamo Hipotecario
TXN-00017442,CTA-145645,CLI-12311,2026-06-10 01:45:00,3828089.08,CRC,transferencia,sucursal,AL-001,Tarjeta Crédito
TXN-00017443,CTA-363060,CLI-31902,2026-06-04 21:39:00,3003070.53,CRC,retiro,sinpe,HE-001,Préstamo Hipotecario
TXN-00017444,CTA-227074,CLI-29806,2026-06-04 13:21:00,3566166.27,CRC,retiro,app_movil,SJ-002,Préstamo Personal
TXN-00017445,CTA-632266,CLI-37148,2026-06-27 03:38:00,2354222.51,CRC,transferencia,web,SJ-001,Cuenta Ahorro
TXN-00017446,CTA-466727,CLI-97868,2026-06-19 17:02:00,2052668.88,CRC,pago,web,HE-001,Préstamo Hipotecario
TXN-00017447,CTA-950516,CLI-80660,2026-06-11 20:30:00,638556.0,CRC,deposito,web,AL-001,Tarjeta Crédito
TXN-00017448,CTA-391370,CLI-64145,2026-06-03 12:02:00,3254766.83,CRC,transferencia,sucursal,AL-001,Préstamo Personal
TXN-00017449,CTA-295444,CLI-44494,2026-06-25 18:30:00,1052319.59,CRC,pago,sinpe,SJ-002,Préstamo Personal
TXN-00017450,CTA-942931,CLI-46492,2026-06-14 17:37:00,4845153.28,CRC,transferencia,atm,PU-001,Préstamo Hipotecario
TXN-00017451,CTA-690685,CLI-67416,2026-06-24 02:13:00,2740156.28,CRC,deposito,app_movil,CA-001,Cuenta Ahorro
TXN-00017452,CTA-436286,CLI-69421,2026-06-17 02:09:00,2158892.47,CRC,retiro,app_movil,AL-001,Cuenta Ahorro
TXN-00017453,CTA-871348,CLI-91678,2026-06-30 11:03:00,1672755.85,CRC,retiro,web,CA-001,Cuenta Corriente
TXN-00017454,CTA-880551,CLI-35392,2026-06-16 16:39:00,1202065.65,CRC,pago,app_movil,AL-001,Préstamo Hipotecario
TXN-00017455,CTA-174285,CLI-48339,2026-06-10 17:56:00,2715927.88,CRC,transferencia,atm,PU-001,Préstamo Hipotecario
TXN-00017456,CTA-354738,CLI-42121,2026-06-05 15:37:00,966115.91,CRC,transferencia,web,AL-001,Préstamo Hipotecario
TXN-00017457,CTA-283920,CLI-32650,2026-06-19 03:45:00,3147678.32,CRC,pago,atm,SJ-002,Cuenta Corriente
TXN-00017458,CTA-845585,CLI-48855,2026-06-11 05:28:00,1589754.06,CRC,deposito,atm,HE-001,Préstamo Hipotecario
TXN-00017459,CTA-180135,CLI-58768,2026-06-07 20:32:00,3903848.36,CRC,transferencia,app_movil,AL-001,Préstamo Hipotecario
TXN-00017460,CTA-212950,CLI-32773,2026-06-23 15:37:00,3224760.43,CRC,comision,atm,PU-001,Cuenta Ahorro
TXN-00017461,CTA-900508,CLI-51353,2026-06-23 03:45:00,698111.33,CRC,pago,app_movil,CA-001,Préstamo Personal
TXN-00017462,CTA-744214,CLI-78875,2026-06-06 22:47:00,2142048.89,CRC,retiro,sucursal,SJ-002,Préstamo Personal
TXN-00017463,CTA-937632,CLI-39191,2026-06-03 03:07:00,3463584.52,CRC,deposito,web,HE-001,Cuenta Corriente
TXN-00017464,CTA-435746,CLI-27604,2026-06-11 14:07:00,1919699.87,CRC,deposito,sucursal,HE-001,Préstamo Hipotecario
TXN-00017465,CTA-279434,CLI-71569,2026-06-19 02:40:00,2356760.29,CRC,retiro,web,SJ-002,Cuenta Corriente
TXN-00017466,CTA-225135,CLI-36382,2026-06-07 23:42:00,4479238.02,CRC,deposito,atm,CA-001,Cuenta Ahorro
TXN-00017467,CTA-233088,CLI-30652,2026-06-04 09:45:00,4850116.66,CRC,comision,app_movil,SJ-002,Préstamo Hipotecario
TXN-00017468,CTA-665020,CLI-42538,2026-06-15 05:32:00,2132502.51,CRC,pago,atm,HE-001,Cuenta Corriente
TXN-00017469,CTA-583750,CLI-18522,2026-06-15 20:02:00,2354165.09,CRC,comision,sucursal,CA-001,Cuenta Corriente
TXN-00017470,CTA-611334,CLI-46711,2026-06-18 19:27:00,184469.3,CRC,transferencia,sinpe,HE-001,Préstamo Personal
TXN-00017471,CTA-904039,CLI-20697,2026-06-07 18:20:00,27827.82,CRC,retiro,web,LI-002,Préstamo Hipotecario
TXN-00017472,CTA-349900,CLI-39683,2026-06-29 13:29:00,1994132.44,CRC,pago,atm,SJ-001,Tarjeta Crédito
TXN-00017473,CTA-166839,CLI-96508,2026-06-02 19:47:00,1774195.68,CRC,pago,app_movil,LI-002,Tarjeta Crédito
TXN-00017474,CTA-328293,CLI-33364,2026-06-11 08:07:00,734350.49,CRC,comision,sucursal,PU-001,Cuenta Ahorro
TXN-00017475,CTA-159195,CLI-28860,2026-06-17 22:04:00,4914782.7,CRC,retiro,web,LI-002,Préstamo Hipotecario
TXN-00017476,CTA-438826,CLI-87135,2026-06-08 16:24:00,4792527.92,CRC,comision,app_movil,CA-001,Préstamo Personal
TXN-00017477,CTA-724618,CLI-77145,2026-06-22 06:08:00,2848319.82,CRC,comision,sinpe,AL-001,Tarjeta Crédito
TXN-00017478,CTA-231514,CLI-88257,2026-06-21 21:37:00,4199671.04,CRC,retiro,web,LI-001,Cuenta Ahorro
TXN-00017479,CTA-166366,CLI-44094,2026-06-06 13:38:00,344234.1,CRC,transferencia,sinpe,SJ-002,Cuenta Corriente
TXN-00017480,CTA-388082,CLI-83103,2026-06-13 05:55:00,2010711.66,CRC,deposito,atm,AL-001,Cuenta Ahorro
TXN-00017481,CTA-385342,CLI-75783,2026-06-05 12:00:00,4225703.59,CRC,retiro,sucursal,SJ-002,Préstamo Hipotecario
TXN-00017482,CTA-780285,CLI-90427,2026-06-13 14:37:00,4618694.36,CRC,deposito,sucursal,PU-001,Préstamo Hipotecario
TXN-00017483,CTA-964371,CLI-84370,2026-06-28 23:37:00,3298525.59,CRC,pago,atm,SJ-002,Préstamo Hipotecario
TXN-00017484,CTA-100415,CLI-35363,2026-06-04 10:18:00,11410.29,CRC,retiro,sinpe,AL-001,Préstamo Hipotecario
TXN-00017485,CTA-147655,CLI-79397,2026-06-11 07:08:00,198178.67,CRC,pago,atm,AL-001,Cuenta Ahorro
TXN-00017486,CTA-421345,CLI-15707,2026-06-10 23:44:00,583776.38,CRC,comision,sucursal,CA-001,Préstamo Hipotecario
TXN-00017487,CTA-897899,CLI-76478,2026-06-03 11:07:00,2879597.92,CRC,deposito,atm,SJ-002,Préstamo Personal
TXN-00017488,CTA-407467,CLI-78535,2026-06-30 23:15:00,3440748.5,CRC,deposito,sinpe,PU-001,Préstamo Personal
TXN-00017489,CTA-741977,CLI-38663,2026-06-29 18:08:00,2885633.36,CRC,comision,atm,LI-001,Cuenta Corriente
TXN-00017490,CTA-499297,CLI-24925,2026-06-20 07:35:00,2577288.43,CRC,transferencia,app_movil,AL-001,Cuenta Corriente
TXN-00017491,CTA-137882,CLI-53040,2026-06-07 10:47:00,1749956.39,CRC,transferencia,sinpe,AL-001,Tarjeta Crédito
TXN-00017492,CTA-334830,CLI-57020,2026-06-24 05:01:00,2733225.13,CRC,retiro,sinpe,LI-002,Cuenta Corriente
TXN-00017493,CTA-798966,CLI-70342,2026-06-13 04:54:00,1835895.49,CRC,transferencia,sucursal,PU-001,Cuenta Corriente
TXN-00017494,CTA-660779,CLI-45089,2026-06-28 20:16:00,1052789.86,CRC,deposito,sucursal,LI-002,Cuenta Corriente
TXN-00017495,CTA-747658,CLI-17156,2026-06-27 09:34:00,1873149.08,CRC,pago,web,LI-002,Préstamo Hipotecario
TXN-00017496,CTA-648242,CLI-21792,2026-06-23 14:33:00,561643.62,CRC,pago,sinpe,SJ-001,Préstamo Hipotecario
TXN-00017497,CTA-141326,CLI-12207,2026-06-27 16:40:00,4218999.07,CRC,comision,app_movil,LI-001,Tarjeta Crédito
TXN-00017498,CTA-452944,CLI-82952,2026-06-19 09:16:00,1996258.3,CRC,comision,atm,CA-001,Cuenta Corriente
TXN-00017499,CTA-535922,CLI-38079,2026-06-22 03:32:00,1507182.27,CRC,retiro,sinpe,AL-001,Préstamo Hipotecario
TXN-00017500,CTA-839968,CLI-40750,2026-06-10 05:43:00,1249180.49,CRC,transferencia,atm,PU-001,Cuenta Ahorro
TXN-00017501,CTA-805507,CLI-35729,2026-06-26 11:32:00,4376896.33,CRC,comision,sinpe,LI-001,Cuenta Ahorro
TXN-00017502,CTA-970300,CLI-82975,2026-06-26 04:56:00,4225383.73,CRC,retiro,sucursal,HE-001,Tarjeta Crédito
TXN-00017503,CTA-456358,CLI-50259,2026-06-20 19:44:00,2089128.27,CRC,retiro,atm,LI-001,Cuenta Corriente
TXN-00017504,CTA-232829,CLI-49940,2026-06-03 01:42:00,1946012.03,CRC,deposito,atm,SJ-001,Préstamo Hipotecario
TXN-00017505,CTA-965058,CLI-93235,2026-06-05 02:30:00,1713552.71,CRC,comision,app_movil,AL-001,Cuenta Corriente
TXN-00017506,CTA-572964,CLI-96436,2026-06-22 10:13:00,2030575.25,CRC,transferencia,sucursal,SJ-001,Tarjeta Crédito
TXN-00017507,CTA-610541,CLI-99736,2026-06-12 11:35:00,3952797.7,CRC,comision,web,SJ-001,Préstamo Hipotecario
TXN-00017508,CTA-491197,CLI-36325,2026-06-29 09:31:00,785570.76,CRC,transferencia,sucursal,SJ-002,Cuenta Corriente
TXN-00017509,CTA-924151,CLI-65399,2026-06-16 03:31:00,2937161.72,CRC,retiro,atm,SJ-002,Tarjeta Crédito
TXN-00017510,CTA-248297,CLI-75456,2026-06-19 09:00:00,1953946.85,CRC,pago,atm,AL-001,Préstamo Hipotecario
TXN-00017511,CTA-100493,CLI-89144,2026-06-13 18:25:00,4455154.58,CRC,deposito,sucursal,CA-001,Préstamo Personal
TXN-00017512,CTA-115877,CLI-81993,2026-06-05 15:29:00,3352164.8,CRC,pago,sinpe,SJ-002,Cuenta Corriente
TXN-00017513,CTA-896661,CLI-33412,2026-06-20 00:04:00,2954779.25,CRC,comision,sinpe,LI-002,Cuenta Corriente
TXN-00017514,CTA-304744,CLI-95205,2026-06-10 02:03:00,2810755.24,CRC,deposito,web,PU-001,Cuenta Corriente
TXN-00017515,CTA-334498,CLI-93536,2026-06-10 23:28:00,1440948.77,CRC,pago,web,PU-001,Préstamo Hipotecario
TXN-00017516,CTA-800598,CLI-15569,2026-06-17 00:02:00,769995.84,CRC,comision,sucursal,PU-001,Cuenta Corriente
TXN-00017517,CTA-576413,CLI-85127,2026-06-27 23:03:00,1748611.22,CRC,transferencia,web,LI-001,Préstamo Hipotecario
TXN-00017518,CTA-472885,CLI-64684,2026-06-27 00:08:00,10163.32,CRC,pago,sucursal,PU-001,Cuenta Ahorro
TXN-00017519,CTA-417176,CLI-89480,2026-06-28 19:40:00,3871677.66,CRC,pago,sinpe,AL-001,Préstamo Hipotecario
TXN-00017520,CTA-291053,CLI-48447,2026-06-27 21:40:00,4723883.59,CRC,comision,app_movil,LI-001,Cuenta Corriente
TXN-00017521,CTA-457145,CLI-26232,2026-06-06 13:42:00,4534842.51,CRC,comision,app_movil,SJ-002,Cuenta Ahorro
TXN-00017522,CTA-870645,CLI-24030,2026-06-30 21:03:00,1998170.67,CRC,transferencia,atm,CA-001,Cuenta Corriente
TXN-00017523,CTA-932952,CLI-16992,2026-06-03 11:05:00,2019655.17,CRC,deposito,sucursal,LI-002,Cuenta Corriente
TXN-00017524,CTA-717889,CLI-69745,2026-06-07 18:21:00,2484088.19,CRC,transferencia,sucursal,HE-001,Préstamo Hipotecario
TXN-00017525,CTA-262314,CLI-86289,2026-06-10 19:23:00,1672566.91,CRC,pago,web,LI-002,Cuenta Corriente
TXN-00017526,CTA-402239,CLI-13527,2026-06-07 19:57:00,3700458.89,CRC,transferencia,sinpe,AL-001,Cuenta Ahorro
TXN-00017527,CTA-969404,CLI-76018,2026-06-08 15:17:00,1630552.2,CRC,transferencia,atm,SJ-002,Tarjeta Crédito
TXN-00017528,CTA-500827,CLI-58963,2026-06-17 00:33:00,3512222.42,CRC,deposito,sucursal,PU-001,Cuenta Corriente
TXN-00017529,CTA-869458,CLI-37765,2026-06-05 02:34:00,1181894.81,CRC,comision,sucursal,PU-001,Tarjeta Crédito
TXN-00017530,CTA-365777,CLI-53334,2026-06-28 21:24:00,944033.09,CRC,comision,app_movil,PU-001,Cuenta Ahorro
TXN-00017531,CTA-421021,CLI-19582,2026-06-19 18:21:00,2289145.12,CRC,deposito,web,SJ-002,Tarjeta Crédito
TXN-00017532,CTA-458518,CLI-19814,2026-06-17 21:08:00,4894493.1,CRC,deposito,sinpe,SJ-001,Cuenta Corriente
TXN-00017533,CTA-940853,CLI-28219,2026-06-30 06:11:00,2520576.23,CRC,comision,atm,HE-001,Préstamo Personal
TXN-00017534,CTA-393751,CLI-31561,2026-06-02 04:21:00,3794774.1,CRC,deposito,web,HE-001,Cuenta Corriente
TXN-00017535,CTA-367743,CLI-57771,2026-06-25 20:46:00,578177.08,CRC,deposito,web,LI-001,Cuenta Corriente
TXN-00017536,CTA-936660,CLI-16648,2026-06-18 00:16:00,70654.84,CRC,deposito,sucursal,CA-001,Cuenta Corriente
TXN-00017537,CTA-294033,CLI-97220,2026-06-05 14:15:00,3131854.23,CRC,retiro,atm,HE-001,Tarjeta Crédito
TXN-00017538,CTA-851896,CLI-57306,2026-06-04 15:48:00,866678.26,CRC,deposito,atm,HE-001,Cuenta Ahorro
TXN-00017539,CTA-985589,CLI-21976,2026-06-24 00:33:00,1834680.57,CRC,retiro,web,PU-001,Tarjeta Crédito
TXN-00017540,CTA-982465,CLI-65077,2026-06-20 10:33:00,1944825.99,CRC,pago,app_movil,LI-002,Cuenta Corriente
TXN-00017541,CTA-918031,CLI-89486,2026-06-17 10:37:00,1940956.0,CRC,retiro,app_movil,HE-001,Préstamo Hipotecario
TXN-00017542,CTA-384914,CLI-65348,2026-06-14 17:26:00,2628272.5,CRC,transferencia,web,PU-001,Tarjeta Crédito
TXN-00017543,CTA-602038,CLI-31104,2026-06-04 14:09:00,396541.32,CRC,pago,sucursal,PU-001,Cuenta Corriente
TXN-00017544,CTA-181121,CLI-34216,2026-06-22 10:41:00,4310808.28,CRC,retiro,app_movil,HE-001,Tarjeta Crédito
TXN-00017545,CTA-580626,CLI-68446,2026-06-29 17:50:00,1389838.92,CRC,comision,app_movil,AL-001,Tarjeta Crédito
TXN-00017546,CTA-831850,CLI-79827,2026-06-06 10:47:00,4700390.01,CRC,pago,app_movil,SJ-002,Préstamo Personal
TXN-00017547,CTA-295337,CLI-23720,2026-06-30 01:54:00,462592.46,CRC,deposito,sinpe,AL-001,Préstamo Hipotecario
TXN-00017548,CTA-488596,CLI-98040,2026-06-05 00:11:00,2588202.86,CRC,comision,sinpe,HE-001,Préstamo Hipotecario
TXN-00017549,CTA-230175,CLI-41316,2026-06-30 11:10:00,454046.21,CRC,pago,web,AL-001,Tarjeta Crédito
TXN-00017550,CTA-105832,CLI-56392,2026-06-12 16:56:00,3723824.61,CRC,retiro,app_movil,CA-001,Cuenta Ahorro
TXN-00017551,CTA-476377,CLI-54740,2026-06-28 05:56:00,728853.11,CRC,comision,app_movil,AL-001,Cuenta Corriente
TXN-00017552,CTA-988188,CLI-29669,2026-06-18 07:17:00,4806041.61,CRC,deposito,sinpe,PU-001,Préstamo Personal
TXN-00017553,CTA-186630,CLI-35451,2026-06-12 08:48:00,4565400.87,CRC,comision,sucursal,AL-001,Préstamo Personal
TXN-00017554,CTA-806155,CLI-56645,2026-06-22 13:21:00,1804851.95,CRC,transferencia,sucursal,SJ-002,Cuenta Corriente
TXN-00017555,CTA-267808,CLI-52044,2026-06-09 16:08:00,3825828.95,CRC,transferencia,sinpe,PU-001,Cuenta Corriente
TXN-00017556,CTA-689101,CLI-51059,2026-06-14 03:38:00,435085.8,CRC,retiro,atm,HE-001,Cuenta Ahorro
TXN-00017557,CTA-250006,CLI-76273,2026-06-25 18:24:00,2091537.36,CRC,retiro,app_movil,AL-001,Tarjeta Crédito
TXN-00017558,CTA-733311,CLI-38265,2026-06-11 06:21:00,617448.82,CRC,transferencia,app_movil,LI-002,Tarjeta Crédito
TXN-00017559,CTA-418547,CLI-17604,2026-06-16 19:45:00,4250814.16,CRC,transferencia,app_movil,LI-001,Cuenta Ahorro
TXN-00017560,CTA-352159,CLI-84072,2026-06-28 08:01:00,4948320.88,CRC,deposito,sinpe,AL-001,Cuenta Corriente
TXN-00017561,CTA-919245,CLI-91793,2026-06-26 04:18:00,3274372.88,CRC,transferencia,app_movil,SJ-002,Cuenta Ahorro
TXN-00017562,CTA-390420,CLI-76117,2026-06-05 01:23:00,169991.21,CRC,comision,web,PU-001,Tarjeta Crédito
TXN-00017563,CTA-905476,CLI-71027,2026-06-21 19:51:00,3074483.57,CRC,retiro,sinpe,PU-001,Tarjeta Crédito
TXN-00017564,CTA-703814,CLI-18487,2026-06-07 10:15:00,2701954.03,CRC,deposito,app_movil,LI-002,Préstamo Hipotecario
TXN-00017565,CTA-555034,CLI-34139,2026-06-25 09:44:00,3202394.39,CRC,pago,sinpe,PU-001,Tarjeta Crédito
TXN-00017566,CTA-605775,CLI-32817,2026-06-26 03:57:00,1809209.47,CRC,transferencia,app_movil,AL-001,Préstamo Hipotecario
TXN-00017567,CTA-821443,CLI-97191,2026-06-12 23:17:00,2348358.18,CRC,pago,app_movil,LI-001,Préstamo Personal
TXN-00017568,CTA-848094,CLI-79006,2026-06-21 23:03:00,2407464.0,CRC,deposito,web,SJ-001,Cuenta Ahorro
TXN-00017569,CTA-707979,CLI-25627,2026-06-01 10:18:00,4923689.84,CRC,retiro,app_movil,LI-002,Cuenta Corriente
TXN-00017570,CTA-940081,CLI-29498,2026-06-03 20:23:00,4196303.14,CRC,comision,atm,AL-001,Préstamo Hipotecario
TXN-00017571,CTA-356893,CLI-37223,2026-06-22 23:37:00,2279438.97,CRC,transferencia,app_movil,HE-001,Cuenta Corriente
TXN-00017572,CTA-732241,CLI-99505,2026-06-08 13:16:00,4039311.01,CRC,pago,sinpe,LI-002,Cuenta Ahorro
TXN-00017573,CTA-570369,CLI-34679,2026-06-30 02:43:00,3118216.71,CRC,transferencia,web,HE-001,Cuenta Ahorro
TXN-00017574,CTA-734381,CLI-68524,2026-06-24 05:09:00,2687888.73,CRC,retiro,sucursal,SJ-002,Préstamo Personal
TXN-00017575,CTA-962333,CLI-96690,2026-06-09 22:51:00,4531407.8,CRC,retiro,app_movil,PU-001,Tarjeta Crédito
TXN-00017576,CTA-127621,CLI-59662,2026-06-14 01:55:00,369616.28,CRC,comision,web,HE-001,Préstamo Personal
TXN-00017577,CTA-389124,CLI-64534,2026-06-19 03:11:00,3631133.28,CRC,transferencia,app_movil,LI-001,Cuenta Corriente
TXN-00017578,CTA-106714,CLI-31553,2026-06-30 08:55:00,3889854.02,CRC,retiro,app_movil,AL-001,Cuenta Ahorro
TXN-00017579,CTA-629977,CLI-62577,2026-06-16 03:46:00,2644462.22,CRC,transferencia,app_movil,LI-001,Cuenta Ahorro
TXN-00017580,CTA-690020,CLI-94050,2026-06-08 23:38:00,1467431.14,CRC,pago,web,HE-001,Cuenta Ahorro
TXN-00017581,CTA-154605,CLI-60118,2026-06-20 03:22:00,2212260.13,CRC,pago,web,LI-002,Cuenta Ahorro
TXN-00017582,CTA-482738,CLI-81191,2026-06-23 15:24:00,1751561.26,CRC,transferencia,sinpe,LI-001,Cuenta Ahorro
TXN-00017583,CTA-531436,CLI-77604,2026-06-12 10:14:00,3845816.35,CRC,transferencia,sucursal,LI-002,Préstamo Hipotecario
TXN-00017584,CTA-762003,CLI-80960,2026-06-23 21:56:00,820955.9,CRC,comision,atm,SJ-001,Préstamo Personal
TXN-00017585,CTA-259398,CLI-28038,2026-06-08 03:05:00,1162703.96,CRC,comision,atm,SJ-002,Préstamo Hipotecario
TXN-00017586,CTA-416651,CLI-40289,2026-06-16 18:11:00,1403226.44,CRC,pago,sucursal,SJ-002,Cuenta Ahorro
TXN-00017587,CTA-467062,CLI-35200,2026-06-23 06:51:00,4930382.76,CRC,retiro,sucursal,LI-002,Tarjeta Crédito
TXN-00017588,CTA-417711,CLI-15319,2026-06-09 14:12:00,9525.11,CRC,retiro,sinpe,LI-002,Cuenta Corriente
TXN-00017589,CTA-856523,CLI-38249,2026-06-03 22:36:00,1339552.47,CRC,pago,sinpe,SJ-001,Tarjeta Crédito
TXN-00017590,CTA-644051,CLI-80145,2026-06-07 03:33:00,619355.79,CRC,comision,web,SJ-002,Cuenta Corriente
TXN-00017591,CTA-572922,CLI-92266,2026-06-26 02:01:00,3043001.15,CRC,pago,web,SJ-001,Cuenta Ahorro
TXN-00017592,CTA-519594,CLI-99347,2026-06-20 19:27:00,4163916.5,CRC,retiro,atm,CA-001,Cuenta Corriente
TXN-00017593,CTA-825800,CLI-10340,2026-06-30 23:44:00,2032790.12,CRC,pago,atm,PU-001,Cuenta Ahorro
TXN-00017594,CTA-266028,CLI-27177,2026-06-27 09:40:00,2252107.03,CRC,deposito,web,AL-001,Cuenta Ahorro
TXN-00017595,CTA-809660,CLI-67350,2026-06-22 07:19:00,881366.66,CRC,pago,sinpe,HE-001,Tarjeta Crédito
TXN-00017596,CTA-159795,CLI-23912,2026-06-08 16:08:00,86287.75,CRC,comision,sucursal,SJ-001,Tarjeta Crédito
TXN-00017597,CTA-499524,CLI-73466,2026-06-10 12:51:00,3184587.02,CRC,pago,web,HE-001,Cuenta Ahorro
TXN-00017598,CTA-696935,CLI-44268,2026-06-24 00:50:00,1015302.71,CRC,transferencia,web,LI-002,Cuenta Corriente
TXN-00017599,CTA-680058,CLI-12164,2026-06-14 04:05:00,2751794.55,CRC,pago,sucursal,HE-001,Préstamo Personal
TXN-00017600,CTA-663445,CLI-84151,2026-06-08 14:27:00,4833650.37,CRC,deposito,app_movil,AL-001,Tarjeta Crédito
TXN-00017601,CTA-833203,CLI-36743,2026-06-15 17:18:00,2390171.49,CRC,retiro,sinpe,HE-001,Préstamo Hipotecario
TXN-00017602,CTA-172436,CLI-31275,2026-06-30 00:06:00,825315.19,CRC,deposito,sinpe,PU-001,Cuenta Ahorro
TXN-00017603,CTA-122592,CLI-15863,2026-06-01 06:00:00,4488229.7,CRC,transferencia,web,CA-001,Tarjeta Crédito
TXN-00017604,CTA-365982,CLI-27539,2026-06-09 20:29:00,710500.97,CRC,retiro,sucursal,CA-001,Cuenta Corriente
TXN-00017605,CTA-782555,CLI-12029,2026-06-20 04:13:00,3054708.57,CRC,transferencia,app_movil,AL-001,Cuenta Corriente
TXN-00017606,CTA-862823,CLI-20577,2026-06-07 17:50:00,4146579.89,CRC,retiro,atm,CA-001,Préstamo Personal
TXN-00017607,CTA-590734,CLI-40413,2026-06-25 18:50:00,2686460.88,CRC,deposito,atm,SJ-001,Cuenta Ahorro
TXN-00017608,CTA-724221,CLI-17333,2026-06-25 23:42:00,4351457.62,CRC,retiro,sucursal,AL-001,Préstamo Personal
TXN-00017609,CTA-820468,CLI-66370,2026-06-29 05:16:00,3649500.97,CRC,retiro,web,HE-001,Préstamo Personal
TXN-00017610,CTA-918317,CLI-41554,2026-06-10 13:27:00,3480017.14,CRC,pago,atm,CA-001,Préstamo Hipotecario
TXN-00017611,CTA-669587,CLI-24569,2026-06-08 01:18:00,3572500.68,CRC,comision,sucursal,CA-001,Cuenta Corriente
TXN-00017612,CTA-412743,CLI-22802,2026-06-25 22:57:00,3672445.05,CRC,deposito,app_movil,SJ-001,Cuenta Ahorro
TXN-00017613,CTA-922967,CLI-81076,2026-06-03 10:18:00,927992.28,CRC,transferencia,sinpe,HE-001,Préstamo Personal
TXN-00017614,CTA-280996,CLI-48366,2026-06-07 09:58:00,1691683.25,CRC,pago,app_movil,SJ-001,Préstamo Hipotecario
TXN-00017615,CTA-897588,CLI-80262,2026-06-06 21:13:00,1925656.39,CRC,pago,sucursal,LI-002,Cuenta Corriente
TXN-00017616,CTA-841966,CLI-82140,2026-06-14 22:58:00,1228774.43,CRC,deposito,sinpe,SJ-001,Cuenta Corriente
TXN-00017617,CTA-450731,CLI-58201,2026-06-22 15:26:00,939315.51,CRC,transferencia,sinpe,PU-001,Préstamo Hipotecario
TXN-00017618,CTA-595348,CLI-47518,2026-06-12 19:46:00,2928493.51,CRC,deposito,atm,LI-002,Tarjeta Crédito
TXN-00017619,CTA-253175,CLI-67105,2026-06-23 17:35:00,364346.92,CRC,deposito,sinpe,SJ-002,Préstamo Personal
TXN-00017620,CTA-655979,CLI-94930,2026-06-21 14:03:00,786261.61,CRC,comision,app_movil,SJ-001,Préstamo Hipotecario
TXN-00017621,CTA-518634,CLI-43111,2026-06-17 03:09:00,1169221.2,CRC,pago,sinpe,SJ-001,Cuenta Corriente
TXN-00017622,CTA-220166,CLI-58004,2026-06-23 16:27:00,4268810.26,CRC,deposito,app_movil,SJ-002,Cuenta Ahorro
TXN-00017623,CTA-360110,CLI-18978,2026-06-24 23:08:00,1614663.41,CRC,retiro,sinpe,SJ-001,Tarjeta Crédito
TXN-00017624,CTA-965656,CLI-81063,2026-06-03 08:38:00,4193699.52,CRC,retiro,sinpe,SJ-002,Tarjeta Crédito
TXN-00017625,CTA-243038,CLI-23505,2026-06-22 21:16:00,3830328.95,CRC,comision,web,SJ-002,Tarjeta Crédito
TXN-00017626,CTA-257027,CLI-13887,2026-06-08 01:53:00,1348672.6,CRC,transferencia,web,HE-001,Cuenta Corriente
TXN-00017627,CTA-439256,CLI-64202,2026-06-07 09:07:00,2442876.1,CRC,retiro,app_movil,CA-001,Cuenta Corriente
TXN-00017628,CTA-891167,CLI-57221,2026-06-02 09:59:00,4183463.83,CRC,deposito,sinpe,CA-001,Cuenta Ahorro
TXN-00017629,CTA-550296,CLI-54718,2026-06-23 15:07:00,3845702.12,CRC,transferencia,app_movil,SJ-002,Préstamo Personal
TXN-00017630,CTA-846878,CLI-45289,2026-06-13 04:52:00,4010795.69,CRC,pago,atm,HE-001,Préstamo Hipotecario
TXN-00017631,CTA-539027,CLI-71884,2026-06-12 09:53:00,3656159.58,CRC,retiro,sinpe,SJ-002,Tarjeta Crédito
TXN-00017632,CTA-596523,CLI-40906,2026-06-14 07:33:00,3952898.13,CRC,retiro,sucursal,AL-001,Tarjeta Crédito
TXN-00017633,CTA-575930,CLI-34116,2026-06-11 10:18:00,118053.97,CRC,transferencia,sinpe,AL-001,Préstamo Hipotecario
TXN-00017634,CTA-745314,CLI-44197,2026-06-14 16:45:00,1364331.51,CRC,pago,sinpe,SJ-002,Cuenta Ahorro
TXN-00017635,CTA-519018,CLI-92179,2026-06-18 05:44:00,3442575.16,CRC,retiro,sinpe,HE-001,Préstamo Hipotecario
TXN-00017636,CTA-840077,CLI-27451,2026-06-30 11:08:00,1120609.83,CRC,deposito,sucursal,HE-001,Cuenta Ahorro
TXN-00017637,CTA-366046,CLI-35340,2026-06-25 11:28:00,4660034.38,CRC,transferencia,sucursal,AL-001,Tarjeta Crédito
TXN-00017638,CTA-290865,CLI-26441,2026-06-24 04:51:00,2130720.75,CRC,comision,sinpe,SJ-002,Tarjeta Crédito
TXN-00017639,CTA-360899,CLI-90721,2026-06-27 01:33:00,2236831.14,CRC,comision,web,AL-001,Préstamo Personal
TXN-00017640,CTA-518177,CLI-11476,2026-06-07 01:30:00,4201629.66,CRC,deposito,atm,HE-001,Cuenta Corriente
TXN-00017641,CTA-752231,CLI-88127,2026-06-14 23:48:00,4543007.89,CRC,comision,web,LI-001,Tarjeta Crédito
TXN-00017642,CTA-190157,CLI-72405,2026-06-21 16:14:00,3022986.23,CRC,deposito,sucursal,SJ-001,Préstamo Personal
TXN-00017643,CTA-443675,CLI-14500,2026-06-13 13:07:00,577677.85,CRC,pago,sucursal,SJ-001,Cuenta Corriente
TXN-00017644,CTA-481104,CLI-19725,2026-06-18 11:39:00,365223.22,CRC,pago,sucursal,SJ-002,Cuenta Ahorro
TXN-00017645,CTA-250135,CLI-27020,2026-06-01 09:44:00,1088403.04,CRC,transferencia,sucursal,LI-002,Préstamo Personal
TXN-00017646,CTA-926935,CLI-69991,2026-06-12 14:24:00,3614951.76,CRC,retiro,web,AL-001,Cuenta Ahorro
TXN-00017647,CTA-714549,CLI-72519,2026-06-24 08:18:00,2115414.03,CRC,comision,atm,LI-001,Préstamo Hipotecario
TXN-00017648,CTA-145552,CLI-12851,2026-06-10 08:08:00,1228366.12,CRC,transferencia,sinpe,PU-001,Cuenta Corriente
TXN-00017649,CTA-130350,CLI-51320,2026-06-24 05:15:00,2549594.67,CRC,comision,web,PU-001,Préstamo Hipotecario
TXN-00017650,CTA-852191,CLI-20741,2026-06-18 19:20:00,711599.69,CRC,deposito,web,PU-001,Cuenta Ahorro
TXN-00017651,CTA-546269,CLI-49866,2026-06-15 16:41:00,1590264.18,CRC,retiro,atm,SJ-002,Tarjeta Crédito
TXN-00017652,CTA-865243,CLI-43624,2026-06-14 02:37:00,1966935.61,CRC,deposito,app_movil,LI-002,Cuenta Corriente
TXN-00017653,CTA-662199,CLI-30178,2026-06-20 20:42:00,3948276.81,CRC,retiro,atm,CA-001,Tarjeta Crédito
TXN-00017654,CTA-968811,CLI-40877,2026-06-04 00:10:00,4350603.39,CRC,deposito,app_movil,CA-001,Tarjeta Crédito
TXN-00017655,CTA-209456,CLI-81618,2026-06-01 00:37:00,519307.62,CRC,deposito,atm,SJ-001,Préstamo Hipotecario
TXN-00017656,CTA-609653,CLI-10606,2026-06-06 00:39:00,3883575.34,CRC,retiro,sucursal,SJ-001,Préstamo Personal
TXN-00017657,CTA-887030,CLI-44320,2026-06-25 00:45:00,3877846.51,CRC,transferencia,sucursal,LI-001,Préstamo Hipotecario
TXN-00017658,CTA-545730,CLI-22454,2026-06-20 23:25:00,4097063.08,CRC,deposito,sinpe,LI-001,Cuenta Corriente
TXN-00017659,CTA-649140,CLI-89430,2026-06-01 00:49:00,4461910.17,CRC,deposito,app_movil,CA-001,Cuenta Ahorro
TXN-00017660,CTA-613673,CLI-51276,2026-06-05 10:38:00,4864676.5,CRC,comision,sinpe,LI-002,Préstamo Hipotecario
TXN-00017661,CTA-361604,CLI-15208,2026-06-09 10:49:00,3276305.57,CRC,deposito,sinpe,CA-001,Cuenta Ahorro
TXN-00017662,CTA-495336,CLI-44007,2026-06-16 15:10:00,4696496.7,CRC,transferencia,web,AL-001,Tarjeta Crédito
TXN-00017663,CTA-615887,CLI-83591,2026-06-06 01:40:00,2249929.88,CRC,retiro,sinpe,LI-001,Cuenta Ahorro
TXN-00017664,CTA-727736,CLI-39965,2026-06-02 05:43:00,3579262.12,CRC,deposito,atm,HE-001,Préstamo Personal
TXN-00017665,CTA-456351,CLI-67731,2026-06-03 15:56:00,720883.2,CRC,comision,sinpe,HE-001,Cuenta Corriente
TXN-00017666,CTA-270602,CLI-95433,2026-06-18 01:18:00,837515.58,CRC,deposito,web,SJ-001,Cuenta Ahorro
TXN-00017667,CTA-707667,CLI-60369,2026-06-01 06:52:00,2107261.88,CRC,pago,atm,SJ-002,Cuenta Ahorro
TXN-00017668,CTA-478795,CLI-63088,2026-06-12 22:49:00,4953047.95,CRC,deposito,sinpe,HE-001,Tarjeta Crédito
TXN-00017669,CTA-336438,CLI-60131,2026-06-10 12:22:00,2487002.11,CRC,deposito,atm,SJ-002,Préstamo Personal
TXN-00017670,CTA-249179,CLI-99040,2026-06-16 13:23:00,2656501.41,CRC,deposito,sucursal,CA-001,Préstamo Hipotecario
TXN-00017671,CTA-649485,CLI-26165,2026-06-08 17:54:00,1996679.46,CRC,transferencia,app_movil,CA-001,Tarjeta Crédito
TXN-00017672,CTA-317992,CLI-77147,2026-06-23 18:26:00,3085667.08,CRC,comision,sucursal,SJ-002,Cuenta Corriente
TXN-00017673,CTA-669791,CLI-52220,2026-06-02 18:21:00,4056453.13,CRC,pago,atm,CA-001,Préstamo Hipotecario
TXN-00017674,CTA-526166,CLI-39080,2026-06-23 07:09:00,701575.32,CRC,transferencia,sinpe,LI-001,Préstamo Personal
TXN-00017675,CTA-235199,CLI-72616,2026-06-21 10:57:00,1122950.98,CRC,pago,web,SJ-001,Tarjeta Crédito
TXN-00017676,CTA-859243,CLI-29170,2026-06-14 01:08:00,2399225.83,CRC,pago,app_movil,HE-001,Cuenta Corriente
TXN-00017677,CTA-608395,CLI-88927,2026-06-10 12:38:00,1015844.38,CRC,deposito,atm,SJ-001,Tarjeta Crédito
TXN-00017678,CTA-637234,CLI-84502,2026-06-10 23:27:00,583727.76,CRC,deposito,sinpe,SJ-002,Préstamo Personal
TXN-00017679,CTA-549531,CLI-19270,2026-06-14 08:59:00,4867222.91,CRC,retiro,atm,SJ-002,Tarjeta Crédito
TXN-00017680,CTA-580030,CLI-22513,2026-06-18 11:31:00,1082383.65,CRC,retiro,web,SJ-001,Préstamo Personal
TXN-00017681,CTA-205290,CLI-33435,2026-06-01 05:42:00,4808939.18,CRC,transferencia,app_movil,AL-001,Tarjeta Crédito
TXN-00017682,CTA-964805,CLI-48753,2026-06-18 13:21:00,3221956.83,CRC,retiro,sucursal,HE-001,Cuenta Ahorro
TXN-00017683,CTA-753005,CLI-58371,2026-06-29 15:59:00,4605547.07,CRC,transferencia,sucursal,HE-001,Préstamo Personal
TXN-00017684,CTA-866379,CLI-95201,2026-06-25 07:34:00,383211.49,CRC,retiro,app_movil,CA-001,Tarjeta Crédito
TXN-00017685,CTA-665492,CLI-60483,2026-06-29 14:11:00,509284.81,CRC,transferencia,web,LI-001,Cuenta Ahorro
TXN-00017686,CTA-909737,CLI-48173,2026-06-17 13:44:00,285325.93,CRC,pago,sucursal,AL-001,Cuenta Ahorro
TXN-00017687,CTA-914158,CLI-31627,2026-06-09 16:35:00,2150148.39,CRC,retiro,app_movil,SJ-001,Préstamo Personal
TXN-00017688,CTA-310708,CLI-71563,2026-06-17 22:11:00,2531869.81,CRC,transferencia,web,HE-001,Préstamo Hipotecario
TXN-00017689,CTA-326693,CLI-49024,2026-06-07 10:48:00,639065.39,CRC,transferencia,atm,PU-001,Préstamo Personal
TXN-00017690,CTA-598010,CLI-96848,2026-06-17 19:13:00,488197.69,CRC,comision,atm,HE-001,Préstamo Personal
TXN-00017691,CTA-842343,CLI-14188,2026-06-06 12:25:00,2929344.44,CRC,deposito,web,CA-001,Préstamo Personal
TXN-00017692,CTA-223638,CLI-93245,2026-06-13 23:14:00,858605.02,CRC,comision,sucursal,SJ-001,Tarjeta Crédito
TXN-00017693,CTA-854831,CLI-36857,2026-06-16 20:36:00,78372.87,CRC,retiro,sucursal,SJ-002,Préstamo Personal
TXN-00017694,CTA-264818,CLI-48306,2026-06-16 21:48:00,866649.15,CRC,deposito,atm,AL-001,Préstamo Personal
TXN-00017695,CTA-430711,CLI-49138,2026-06-10 21:43:00,1377948.27,CRC,retiro,web,SJ-002,Préstamo Personal
TXN-00017696,CTA-986440,CLI-67287,2026-06-04 04:29:00,497310.72,CRC,deposito,sucursal,SJ-002,Cuenta Corriente
TXN-00017697,CTA-739272,CLI-11739,2026-06-22 05:30:00,2004025.98,CRC,comision,sinpe,SJ-001,Préstamo Hipotecario
TXN-00017698,CTA-724543,CLI-54326,2026-06-24 04:03:00,1433025.19,CRC,comision,atm,LI-002,Cuenta Corriente
TXN-00017699,CTA-884506,CLI-72079,2026-06-23 19:31:00,1327928.3,CRC,comision,app_movil,LI-001,Préstamo Personal
TXN-00017700,CTA-160689,CLI-60519,2026-06-15 02:33:00,474280.83,CRC,deposito,sucursal,LI-002,Tarjeta Crédito
TXN-00017701,CTA-579126,CLI-82883,2026-06-09 10:30:00,3132312.08,CRC,transferencia,atm,HE-001,Cuenta Corriente
TXN-00017702,CTA-883721,CLI-88245,2026-06-14 03:15:00,3025049.36,CRC,deposito,atm,CA-001,Cuenta Ahorro
TXN-00017703,CTA-547312,CLI-71833,2026-06-26 20:56:00,4212972.19,CRC,retiro,sucursal,SJ-002,Tarjeta Crédito
TXN-00017704,CTA-876861,CLI-54413,2026-06-14 23:39:00,793551.14,CRC,deposito,sinpe,HE-001,Tarjeta Crédito
TXN-00017705,CTA-543495,CLI-90260,2026-06-29 05:45:00,2034422.26,CRC,deposito,sinpe,PU-001,Tarjeta Crédito
TXN-00017706,CTA-628219,CLI-43838,2026-06-20 11:01:00,330163.69,CRC,transferencia,web,LI-002,Cuenta Corriente
TXN-00017707,CTA-243182,CLI-63113,2026-06-01 15:47:00,176419.5,CRC,retiro,app_movil,PU-001,Préstamo Personal
TXN-00017708,CTA-290764,CLI-98265,2026-06-28 06:16:00,544710.83,CRC,transferencia,web,LI-001,Préstamo Hipotecario
TXN-00017709,CTA-319064,CLI-69387,2026-06-14 00:44:00,4282726.67,CRC,deposito,atm,LI-002,Préstamo Hipotecario
TXN-00017710,CTA-329796,CLI-32753,2026-06-05 15:52:00,973997.26,CRC,retiro,web,LI-002,Cuenta Corriente
TXN-00017711,CTA-940256,CLI-24828,2026-06-23 22:10:00,470631.71,CRC,comision,app_movil,AL-001,Cuenta Corriente
TXN-00017712,CTA-422208,CLI-22073,2026-06-06 23:37:00,2786006.97,CRC,pago,web,SJ-001,Préstamo Hipotecario
TXN-00017713,CTA-659828,CLI-25179,2026-06-25 10:14:00,991187.62,CRC,retiro,app_movil,PU-001,Préstamo Hipotecario
TXN-00017714,CTA-166682,CLI-94007,2026-06-24 07:40:00,4947725.67,CRC,pago,sinpe,AL-001,Cuenta Ahorro
TXN-00017715,CTA-109613,CLI-31299,2026-06-26 23:01:00,2234930.52,CRC,deposito,sucursal,PU-001,Tarjeta Crédito
TXN-00017716,CTA-762483,CLI-73177,2026-06-18 05:03:00,4782527.59,CRC,comision,app_movil,CA-001,Tarjeta Crédito
TXN-00017717,CTA-572219,CLI-75280,2026-06-07 09:42:00,2777314.37,CRC,deposito,app_movil,PU-001,Préstamo Personal
TXN-00017718,CTA-837103,CLI-42893,2026-06-30 04:41:00,586269.74,CRC,pago,sucursal,CA-001,Cuenta Corriente
TXN-00017719,CTA-881154,CLI-52189,2026-06-21 19:18:00,2398514.66,CRC,pago,sucursal,SJ-002,Préstamo Personal
TXN-00017720,CTA-514512,CLI-46215,2026-06-24 21:24:00,3074332.23,CRC,pago,sucursal,CA-001,Tarjeta Crédito
TXN-00017721,CTA-124744,CLI-89852,2026-06-14 08:39:00,3029883.98,CRC,retiro,sucursal,LI-002,Préstamo Hipotecario
TXN-00017722,CTA-102306,CLI-14449,2026-06-10 16:37:00,3575699.13,CRC,transferencia,sucursal,SJ-002,Préstamo Personal
TXN-00017723,CTA-458635,CLI-45693,2026-06-27 02:39:00,4853599.46,CRC,deposito,app_movil,PU-001,Préstamo Personal
TXN-00017724,CTA-854390,CLI-85127,2026-06-22 07:40:00,342799.35,CRC,pago,sinpe,SJ-001,Préstamo Personal
TXN-00017725,CTA-461736,CLI-34190,2026-06-18 05:34:00,2776227.89,CRC,transferencia,web,HE-001,Préstamo Personal
TXN-00017726,CTA-213131,CLI-89367,2026-06-09 13:08:00,3117568.54,CRC,pago,web,CA-001,Préstamo Hipotecario
TXN-00017727,CTA-791447,CLI-84657,2026-06-27 17:43:00,3476958.53,CRC,comision,web,HE-001,Préstamo Personal
TXN-00017728,CTA-255943,CLI-15270,2026-06-09 08:43:00,688836.71,CRC,deposito,sinpe,LI-001,Cuenta Ahorro
TXN-00017729,CTA-265712,CLI-10887,2026-06-19 15:51:00,2383410.24,CRC,pago,sucursal,AL-001,Cuenta Corriente
TXN-00017730,CTA-416343,CLI-29503,2026-06-23 10:34:00,4924006.67,CRC,transferencia,atm,LI-001,Préstamo Hipotecario
TXN-00017731,CTA-913163,CLI-45709,2026-06-29 20:51:00,4639674.84,CRC,comision,sucursal,SJ-001,Cuenta Corriente
TXN-00017732,CTA-329321,CLI-51690,2026-06-08 20:33:00,4429816.86,CRC,retiro,web,CA-001,Préstamo Hipotecario
TXN-00017733,CTA-382876,CLI-26603,2026-06-07 07:05:00,3168011.0,CRC,transferencia,atm,LI-001,Tarjeta Crédito
TXN-00017734,CTA-586763,CLI-98112,2026-06-17 18:30:00,922082.75,CRC,transferencia,sinpe,SJ-002,Préstamo Personal
TXN-00017735,CTA-955905,CLI-96713,2026-06-05 09:44:00,2132787.6,CRC,deposito,sucursal,SJ-002,Préstamo Personal
TXN-00017736,CTA-321536,CLI-62989,2026-06-19 05:19:00,400151.88,CRC,deposito,app_movil,HE-001,Cuenta Ahorro
TXN-00017737,CTA-869075,CLI-92859,2026-06-06 13:29:00,1285576.64,CRC,transferencia,app_movil,LI-001,Tarjeta Crédito
TXN-00017738,CTA-668125,CLI-81242,2026-06-15 10:06:00,2788784.27,CRC,transferencia,web,HE-001,Tarjeta Crédito
TXN-00017739,CTA-898181,CLI-90349,2026-06-16 19:59:00,2226635.43,CRC,comision,atm,SJ-002,Préstamo Hipotecario
TXN-00017740,CTA-599560,CLI-14333,2026-06-16 19:13:00,264204.17,CRC,pago,atm,LI-002,Préstamo Personal
TXN-00017741,CTA-157563,CLI-36301,2026-06-28 03:12:00,2486373.35,CRC,deposito,sinpe,AL-001,Tarjeta Crédito
TXN-00017742,CTA-594458,CLI-59308,2026-06-14 13:14:00,4825005.58,CRC,deposito,sinpe,SJ-001,Tarjeta Crédito
TXN-00017743,CTA-507967,CLI-40425,2026-06-03 10:01:00,4781345.68,CRC,pago,web,AL-001,Cuenta Ahorro
TXN-00017744,CTA-626211,CLI-96731,2026-06-09 23:07:00,2065245.42,CRC,retiro,sinpe,HE-001,Cuenta Ahorro
TXN-00017745,CTA-476986,CLI-29180,2026-06-17 17:26:00,4499821.13,CRC,retiro,atm,HE-001,Préstamo Personal
TXN-00017746,CTA-908214,CLI-96799,2026-06-15 10:19:00,2496245.84,CRC,comision,web,HE-001,Préstamo Hipotecario
TXN-00017747,CTA-493391,CLI-89612,2026-06-13 15:00:00,1191644.88,CRC,pago,sucursal,HE-001,Préstamo Hipotecario
TXN-00017748,CTA-619305,CLI-72878,2026-06-07 14:57:00,4781481.77,CRC,pago,sinpe,PU-001,Préstamo Hipotecario
TXN-00017749,CTA-696519,CLI-26811,2026-06-07 15:12:00,1328103.67,CRC,transferencia,web,LI-001,Préstamo Personal
TXN-00017750,CTA-727088,CLI-45624,2026-06-11 00:42:00,467518.4,CRC,pago,atm,HE-001,Tarjeta Crédito
TXN-00017751,CTA-757477,CLI-17071,2026-06-07 06:31:00,2251157.31,CRC,transferencia,app_movil,HE-001,Préstamo Personal
TXN-00017752,CTA-332486,CLI-55237,2026-06-13 15:23:00,4783748.94,CRC,pago,web,LI-002,Préstamo Hipotecario
TXN-00017753,CTA-323011,CLI-86591,2026-06-05 03:55:00,2730114.01,CRC,comision,sinpe,LI-002,Préstamo Personal
TXN-00017754,CTA-449962,CLI-59645,2026-06-24 19:55:00,4059849.15,CRC,retiro,sinpe,LI-002,Cuenta Corriente
TXN-00017755,CTA-874544,CLI-18732,2026-06-14 19:55:00,1995715.89,CRC,deposito,app_movil,SJ-002,Tarjeta Crédito
TXN-00017756,CTA-369191,CLI-84386,2026-06-25 08:10:00,3803329.4,CRC,comision,sucursal,HE-001,Cuenta Corriente
TXN-00017757,CTA-360122,CLI-17764,2026-06-25 05:12:00,4394615.98,CRC,retiro,app_movil,PU-001,Préstamo Hipotecario
TXN-00017758,CTA-452444,CLI-65150,2026-06-06 02:47:00,2106036.94,CRC,pago,web,HE-001,Tarjeta Crédito
TXN-00017759,CTA-718358,CLI-62922,2026-06-21 18:49:00,3770604.73,CRC,deposito,web,SJ-002,Cuenta Corriente
TXN-00017760,CTA-686302,CLI-79696,2026-06-16 13:47:00,322473.65,CRC,deposito,sucursal,SJ-001,Cuenta Ahorro
TXN-00017761,CTA-320836,CLI-65060,2026-06-06 22:10:00,2908754.27,CRC,pago,sinpe,LI-001,Préstamo Personal
TXN-00017762,CTA-503196,CLI-72020,2026-06-16 16:38:00,3716504.4,CRC,deposito,app_movil,LI-001,Préstamo Hipotecario
TXN-00017763,CTA-247305,CLI-44090,2026-06-08 04:33:00,1128306.43,CRC,comision,app_movil,LI-002,Tarjeta Crédito
TXN-00017764,CTA-503769,CLI-35363,2026-06-08 16:20:00,590217.58,CRC,transferencia,sucursal,HE-001,Tarjeta Crédito
TXN-00017765,CTA-887529,CLI-67683,2026-06-17 18:43:00,3982774.09,CRC,transferencia,web,LI-002,Cuenta Ahorro
TXN-00017766,CTA-864236,CLI-23833,2026-06-23 22:42:00,2759746.4,CRC,retiro,app_movil,SJ-002,Cuenta Ahorro
TXN-00017767,CTA-569797,CLI-44838,2026-06-15 16:55:00,1267014.49,CRC,pago,atm,LI-001,Cuenta Corriente
TXN-00017768,CTA-660514,CLI-24441,2026-06-10 15:02:00,3301696.85,CRC,comision,sucursal,AL-001,Cuenta Corriente
TXN-00017769,CTA-428004,CLI-44645,2026-06-10 09:32:00,1250003.56,CRC,deposito,app_movil,LI-002,Tarjeta Crédito
TXN-00017770,CTA-269249,CLI-73747,2026-06-12 16:26:00,1750074.38,CRC,comision,sucursal,CA-001,Préstamo Hipotecario
TXN-00017771,CTA-340111,CLI-33130,2026-06-26 19:04:00,1809977.62,CRC,transferencia,atm,PU-001,Préstamo Personal
TXN-00017772,CTA-995506,CLI-12651,2026-06-17 04:03:00,2163977.81,CRC,comision,app_movil,SJ-002,Préstamo Hipotecario
TXN-00017773,CTA-306616,CLI-30182,2026-06-10 09:03:00,2532369.19,CRC,retiro,sucursal,LI-002,Tarjeta Crédito
TXN-00017774,CTA-253992,CLI-24093,2026-06-28 16:38:00,4404760.43,CRC,deposito,sinpe,HE-001,Cuenta Corriente
TXN-00017775,CTA-691527,CLI-39474,2026-06-25 08:52:00,3229229.14,CRC,comision,web,AL-001,Cuenta Corriente
TXN-00017776,CTA-693864,CLI-66661,2026-06-09 03:04:00,483368.23,CRC,retiro,app_movil,HE-001,Cuenta Ahorro
TXN-00017777,CTA-182039,CLI-49333,2026-06-01 17:27:00,3203124.22,CRC,retiro,app_movil,PU-001,Tarjeta Crédito
TXN-00017778,CTA-945093,CLI-89997,2026-06-14 02:01:00,190474.3,CRC,retiro,sinpe,SJ-002,Tarjeta Crédito
TXN-00017779,CTA-136493,CLI-64111,2026-06-25 05:16:00,3070411.89,CRC,comision,sucursal,LI-002,Cuenta Ahorro
TXN-00017780,CTA-751515,CLI-85139,2026-06-29 10:14:00,1471890.01,CRC,transferencia,sucursal,SJ-001,Préstamo Hipotecario
TXN-00017781,CTA-668035,CLI-11129,2026-06-26 17:58:00,3019808.43,CRC,comision,app_movil,PU-001,Préstamo Hipotecario
TXN-00017782,CTA-884095,CLI-19185,2026-06-12 20:02:00,1973774.15,CRC,deposito,sucursal,LI-001,Tarjeta Crédito
TXN-00017783,CTA-194035,CLI-57283,2026-06-20 04:10:00,829020.26,CRC,transferencia,sucursal,SJ-002,Cuenta Corriente
TXN-00017784,CTA-115195,CLI-45166,2026-06-29 06:51:00,1459543.03,CRC,deposito,sucursal,HE-001,Cuenta Corriente
TXN-00017785,CTA-210313,CLI-99084,2026-06-17 12:51:00,223269.97,CRC,retiro,app_movil,PU-001,Préstamo Hipotecario
TXN-00017786,CTA-445373,CLI-21677,2026-06-08 21:51:00,3660148.22,CRC,deposito,app_movil,LI-001,Cuenta Ahorro
TXN-00017787,CTA-222117,CLI-86677,2026-06-14 03:19:00,4037137.23,CRC,deposito,sucursal,LI-001,Cuenta Corriente
TXN-00017788,CTA-493722,CLI-12119,2026-06-24 02:43:00,338236.6,CRC,comision,web,AL-001,Préstamo Hipotecario
TXN-00017789,CTA-103154,CLI-38995,2026-06-27 09:49:00,3886907.64,CRC,retiro,atm,PU-001,Tarjeta Crédito
TXN-00017790,CTA-650626,CLI-88939,2026-06-08 11:54:00,3074955.52,CRC,retiro,app_movil,PU-001,Tarjeta Crédito
TXN-00017791,CTA-344790,CLI-68050,2026-06-28 14:40:00,3146535.04,CRC,pago,sucursal,HE-001,Cuenta Ahorro
TXN-00017792,CTA-195927,CLI-40099,2026-06-28 03:16:00,1339896.54,CRC,transferencia,web,PU-001,Tarjeta Crédito
TXN-00017793,CTA-428269,CLI-96831,2026-06-09 19:01:00,1400414.49,CRC,retiro,web,SJ-001,Cuenta Ahorro
TXN-00017794,CTA-676635,CLI-63960,2026-06-05 22:40:00,3812908.94,CRC,deposito,sinpe,LI-001,Cuenta Corriente
TXN-00017795,CTA-786862,CLI-63217,2026-06-13 23:23:00,630879.16,CRC,transferencia,web,LI-001,Préstamo Personal
TXN-00017796,CTA-372933,CLI-72865,2026-06-21 19:04:00,3044242.07,CRC,transferencia,atm,SJ-002,Préstamo Personal
TXN-00017797,CTA-334689,CLI-54813,2026-06-09 16:33:00,2073055.71,CRC,pago,sucursal,CA-001,Cuenta Corriente
TXN-00017798,CTA-694852,CLI-44143,2026-06-27 19:41:00,1365499.06,CRC,deposito,sinpe,HE-001,Tarjeta Crédito
TXN-00017799,CTA-239974,CLI-60573,2026-06-29 01:34:00,3360073.94,CRC,deposito,web,AL-001,Cuenta Corriente
TXN-00017800,CTA-512685,CLI-89319,2026-06-04 22:29:00,1129078.29,CRC,retiro,sucursal,SJ-002,Préstamo Hipotecario
TXN-00017801,CTA-375166,CLI-86633,2026-06-02 02:31:00,3584677.31,CRC,deposito,atm,CA-001,Tarjeta Crédito
TXN-00017802,CTA-696899,CLI-34003,2026-06-05 18:09:00,2696249.53,CRC,comision,sucursal,SJ-001,Cuenta Ahorro
TXN-00017803,CTA-669803,CLI-12943,2026-06-18 16:44:00,4921035.21,CRC,comision,atm,CA-001,Préstamo Hipotecario
TXN-00017804,CTA-823567,CLI-22533,2026-06-15 05:30:00,1754325.53,CRC,comision,web,LI-001,Cuenta Corriente
TXN-00017805,CTA-755467,CLI-34633,2026-06-23 07:51:00,4441942.22,CRC,comision,atm,LI-002,Tarjeta Crédito
TXN-00017806,CTA-357318,CLI-92755,2026-06-04 21:58:00,2151213.95,CRC,retiro,sinpe,LI-002,Tarjeta Crédito
TXN-00017807,CTA-712177,CLI-53359,2026-06-21 07:30:00,843305.99,CRC,transferencia,sucursal,LI-002,Cuenta Ahorro
TXN-00017808,CTA-603340,CLI-30027,2026-06-26 12:04:00,4589444.66,CRC,comision,sucursal,HE-001,Préstamo Hipotecario
TXN-00017809,CTA-483298,CLI-46433,2026-06-18 04:42:00,2669582.56,CRC,comision,app_movil,SJ-001,Préstamo Hipotecario
TXN-00017810,CTA-806605,CLI-34991,2026-06-18 17:10:00,4284882.83,CRC,pago,sinpe,CA-001,Tarjeta Crédito
TXN-00017811,CTA-211800,CLI-47936,2026-06-15 15:20:00,4021204.56,CRC,retiro,app_movil,PU-001,Tarjeta Crédito
TXN-00017812,CTA-679829,CLI-62081,2026-06-11 14:33:00,1418810.42,CRC,comision,sucursal,CA-001,Préstamo Hipotecario
TXN-00017813,CTA-723622,CLI-83231,2026-06-12 05:04:00,3998314.58,CRC,retiro,atm,CA-001,Cuenta Corriente
TXN-00017814,CTA-758499,CLI-12526,2026-06-16 23:25:00,1788839.6,CRC,retiro,sucursal,LI-001,Cuenta Ahorro
TXN-00017815,CTA-608878,CLI-38733,2026-06-02 09:32:00,3897779.24,CRC,comision,atm,AL-001,Préstamo Hipotecario
TXN-00017816,CTA-843186,CLI-68322,2026-06-20 12:14:00,1617602.03,CRC,deposito,sucursal,LI-001,Préstamo Personal
TXN-00017817,CTA-853522,CLI-25392,2026-06-12 21:02:00,213229.98,CRC,transferencia,app_movil,CA-001,Cuenta Ahorro
TXN-00017818,CTA-213114,CLI-50394,2026-06-30 04:20:00,1348094.35,CRC,retiro,sinpe,CA-001,Tarjeta Crédito
TXN-00017819,CTA-736487,CLI-76688,2026-06-20 15:46:00,3076666.45,CRC,pago,sucursal,SJ-002,Tarjeta Crédito
TXN-00017820,CTA-249204,CLI-33885,2026-06-15 08:48:00,4799611.47,CRC,deposito,app_movil,AL-001,Préstamo Personal
TXN-00017821,CTA-188830,CLI-46299,2026-06-10 03:30:00,2409937.94,CRC,transferencia,atm,SJ-002,Préstamo Hipotecario
TXN-00017822,CTA-516686,CLI-45276,2026-06-22 16:48:00,4353565.81,CRC,transferencia,web,PU-001,Préstamo Personal
TXN-00017823,CTA-564379,CLI-56276,2026-06-24 12:16:00,3905171.91,CRC,pago,web,LI-002,Cuenta Ahorro
TXN-00017824,CTA-715118,CLI-15838,2026-06-19 15:23:00,2700761.71,CRC,deposito,atm,PU-001,Cuenta Ahorro
TXN-00017825,CTA-362356,CLI-84430,2026-06-12 07:11:00,4651203.11,CRC,pago,sucursal,LI-002,Préstamo Personal
TXN-00017826,CTA-308491,CLI-83714,2026-06-26 04:52:00,1544213.18,CRC,deposito,sucursal,SJ-002,Cuenta Corriente
TXN-00017827,CTA-365887,CLI-47315,2026-06-26 21:40:00,2301325.79,CRC,transferencia,web,LI-002,Tarjeta Crédito
TXN-00017828,CTA-253054,CLI-75520,2026-06-19 03:46:00,1130650.38,CRC,transferencia,web,SJ-002,Tarjeta Crédito
TXN-00017829,CTA-401421,CLI-92962,2026-06-20 10:22:00,4786385.07,CRC,deposito,atm,SJ-002,Préstamo Personal
TXN-00017830,CTA-883875,CLI-47135,2026-06-30 00:24:00,53698.18,CRC,transferencia,atm,PU-001,Cuenta Corriente
TXN-00017831,CTA-399091,CLI-89725,2026-06-13 00:05:00,4888134.71,CRC,pago,app_movil,SJ-002,Cuenta Corriente
TXN-00017832,CTA-988687,CLI-67510,2026-06-10 20:25:00,4544645.99,CRC,pago,web,PU-001,Préstamo Hipotecario
TXN-00017833,CTA-702175,CLI-56248,2026-06-07 02:46:00,4891802.99,CRC,transferencia,sucursal,PU-001,Cuenta Ahorro
TXN-00017834,CTA-185519,CLI-40492,2026-06-29 20:52:00,2639087.21,CRC,pago,app_movil,AL-001,Cuenta Ahorro
TXN-00017835,CTA-536944,CLI-35983,2026-06-14 15:11:00,4862105.3,CRC,comision,atm,CA-001,Préstamo Personal
TXN-00017836,CTA-900057,CLI-22513,2026-06-13 04:00:00,4750029.64,CRC,pago,sucursal,CA-001,Préstamo Personal
TXN-00017837,CTA-423160,CLI-88788,2026-06-02 22:17:00,3747980.44,CRC,transferencia,sinpe,LI-002,Cuenta Ahorro
TXN-00017838,CTA-465644,CLI-33357,2026-06-16 10:24:00,506554.66,CRC,transferencia,app_movil,SJ-002,Préstamo Personal
TXN-00017839,CTA-193255,CLI-18598,2026-06-27 23:27:00,4313516.32,CRC,pago,web,CA-001,Préstamo Personal
TXN-00017840,CTA-128783,CLI-51665,2026-06-15 12:02:00,3906555.54,CRC,retiro,sucursal,HE-001,Préstamo Hipotecario
TXN-00017841,CTA-559531,CLI-42801,2026-06-24 16:47:00,4111650.94,CRC,transferencia,atm,SJ-002,Cuenta Ahorro
TXN-00017842,CTA-149230,CLI-17998,2026-06-04 04:58:00,4385238.17,CRC,transferencia,app_movil,CA-001,Cuenta Ahorro
TXN-00017843,CTA-887326,CLI-38662,2026-06-14 23:57:00,4287588.93,CRC,comision,atm,HE-001,Cuenta Ahorro
TXN-00017844,CTA-415313,CLI-29636,2026-06-12 15:13:00,4258611.55,CRC,pago,app_movil,LI-002,Cuenta Corriente
TXN-00017845,CTA-316295,CLI-55221,2026-06-04 06:24:00,4967569.87,CRC,comision,atm,LI-002,Préstamo Hipotecario
TXN-00017846,CTA-104007,CLI-90503,2026-06-19 23:21:00,431293.56,CRC,pago,atm,PU-001,Préstamo Hipotecario
TXN-00017847,CTA-885018,CLI-15915,2026-06-29 05:51:00,4294563.78,CRC,transferencia,atm,LI-001,Cuenta Ahorro
TXN-00017848,CTA-162493,CLI-95764,2026-06-13 18:51:00,3897677.67,CRC,retiro,atm,HE-001,Tarjeta Crédito
TXN-00017849,CTA-945366,CLI-59145,2026-06-25 11:05:00,633706.58,CRC,retiro,sinpe,PU-001,Cuenta Ahorro
TXN-00017850,CTA-186422,CLI-59206,2026-06-20 03:27:00,2006493.89,CRC,transferencia,sinpe,AL-001,Préstamo Personal
TXN-00017851,CTA-885321,CLI-94633,2026-06-24 06:59:00,3068611.46,CRC,retiro,sinpe,LI-001,Cuenta Corriente
TXN-00017852,CTA-238502,CLI-72667,2026-06-18 01:55:00,2098716.49,CRC,deposito,sucursal,LI-002,Cuenta Ahorro
TXN-00017853,CTA-261979,CLI-82446,2026-06-19 02:25:00,1876837.47,CRC,retiro,sucursal,SJ-001,Préstamo Hipotecario
TXN-00017854,CTA-200199,CLI-29606,2026-06-04 12:30:00,1663836.85,CRC,retiro,atm,LI-001,Tarjeta Crédito
TXN-00017855,CTA-134834,CLI-82939,2026-06-06 23:17:00,1237801.55,CRC,retiro,sinpe,PU-001,Cuenta Ahorro
TXN-00017856,CTA-996074,CLI-34865,2026-06-28 08:31:00,2797057.01,CRC,deposito,web,LI-001,Tarjeta Crédito
TXN-00017857,CTA-581830,CLI-36123,2026-06-01 05:09:00,22241.18,CRC,deposito,app_movil,HE-001,Préstamo Hipotecario
TXN-00017858,CTA-373107,CLI-70787,2026-06-18 14:23:00,618135.09,CRC,deposito,atm,CA-001,Préstamo Hipotecario
TXN-00017859,CTA-552465,CLI-67020,2026-06-29 00:14:00,3532775.92,CRC,deposito,sinpe,AL-001,Cuenta Corriente
TXN-00017860,CTA-623424,CLI-36537,2026-06-03 13:18:00,915318.54,CRC,comision,atm,SJ-001,Préstamo Personal
TXN-00017861,CTA-817224,CLI-78746,2026-06-25 08:42:00,4450224.46,CRC,deposito,app_movil,SJ-001,Cuenta Ahorro
TXN-00017862,CTA-502469,CLI-39421,2026-06-25 22:00:00,915087.55,CRC,comision,sinpe,SJ-002,Préstamo Hipotecario
TXN-00017863,CTA-806289,CLI-37308,2026-06-25 10:26:00,2674521.01,CRC,pago,sinpe,LI-001,Cuenta Ahorro
TXN-00017864,CTA-803255,CLI-26077,2026-06-11 11:33:00,2611314.01,CRC,pago,app_movil,LI-002,Préstamo Hipotecario
TXN-00017865,CTA-828485,CLI-21032,2026-06-06 16:27:00,683457.05,CRC,deposito,app_movil,PU-001,Tarjeta Crédito
TXN-00017866,CTA-411504,CLI-37060,2026-06-29 16:18:00,2423349.98,CRC,deposito,atm,PU-001,Tarjeta Crédito
TXN-00017867,CTA-190000,CLI-46054,2026-06-24 06:06:00,4391140.27,CRC,pago,sucursal,SJ-002,Préstamo Personal
TXN-00017868,CTA-701546,CLI-18940,2026-06-15 20:58:00,3888322.77,CRC,pago,web,SJ-002,Préstamo Personal
TXN-00017869,CTA-959084,CLI-10109,2026-06-05 16:41:00,4637818.06,CRC,retiro,web,HE-001,Tarjeta Crédito
TXN-00017870,CTA-396917,CLI-67759,2026-06-03 14:16:00,4381058.32,CRC,deposito,sucursal,PU-001,Préstamo Personal
TXN-00017871,CTA-171060,CLI-43835,2026-06-20 02:23:00,7734.8,CRC,comision,atm,SJ-002,Préstamo Hipotecario
TXN-00017872,CTA-531313,CLI-71355,2026-06-18 04:48:00,1730239.53,CRC,deposito,app_movil,PU-001,Tarjeta Crédito
TXN-00017873,CTA-661923,CLI-37314,2026-06-07 00:36:00,1871883.46,CRC,pago,sinpe,AL-001,Cuenta Ahorro
TXN-00017874,CTA-266145,CLI-19240,2026-06-05 09:37:00,1016812.94,CRC,pago,sinpe,HE-001,Cuenta Ahorro
TXN-00017875,CTA-637793,CLI-72742,2026-06-01 13:20:00,4390220.48,CRC,pago,sinpe,LI-001,Cuenta Ahorro
TXN-00017876,CTA-323106,CLI-29399,2026-06-05 06:14:00,954828.46,CRC,pago,sucursal,CA-001,Cuenta Corriente
TXN-00017877,CTA-828755,CLI-73881,2026-06-28 01:06:00,1650844.11,CRC,retiro,sucursal,PU-001,Cuenta Ahorro
TXN-00017878,CTA-473072,CLI-65157,2026-06-09 12:53:00,379167.61,CRC,retiro,atm,LI-001,Tarjeta Crédito
TXN-00017879,CTA-828859,CLI-78711,2026-06-23 13:17:00,2796829.65,CRC,pago,sinpe,HE-001,Préstamo Personal
TXN-00017880,CTA-930156,CLI-29584,2026-06-05 01:34:00,166012.44,CRC,deposito,sinpe,HE-001,Tarjeta Crédito
TXN-00017881,CTA-846987,CLI-42614,2026-06-21 00:46:00,3111711.38,CRC,transferencia,atm,AL-001,Préstamo Hipotecario
TXN-00017882,CTA-465948,CLI-20769,2026-06-26 00:00:00,2429021.39,CRC,comision,atm,CA-001,Préstamo Personal
TXN-00017883,CTA-591236,CLI-45079,2026-06-20 06:08:00,2268981.66,CRC,transferencia,app_movil,LI-002,Préstamo Personal
TXN-00017884,CTA-931433,CLI-96885,2026-06-07 21:08:00,2742341.89,CRC,deposito,atm,LI-001,Préstamo Personal
TXN-00017885,CTA-802560,CLI-27113,2026-06-14 11:30:00,585488.97,CRC,transferencia,sinpe,LI-002,Cuenta Ahorro
TXN-00017886,CTA-269781,CLI-21126,2026-06-13 03:28:00,4425227.71,CRC,deposito,sinpe,HE-001,Tarjeta Crédito
TXN-00017887,CTA-794703,CLI-77087,2026-06-10 13:22:00,4747552.61,CRC,deposito,sucursal,LI-001,Cuenta Corriente
TXN-00017888,CTA-254345,CLI-30599,2026-06-29 07:31:00,2050253.53,CRC,deposito,web,SJ-001,Tarjeta Crédito
TXN-00017889,CTA-374308,CLI-26905,2026-06-24 06:24:00,1428422.98,CRC,deposito,atm,HE-001,Cuenta Ahorro
TXN-00017890,CTA-463025,CLI-30672,2026-06-15 04:32:00,1112955.65,CRC,transferencia,sinpe,LI-001,Préstamo Hipotecario
TXN-00017891,CTA-459631,CLI-52601,2026-06-30 12:14:00,1019259.23,CRC,pago,app_movil,PU-001,Cuenta Corriente
TXN-00017892,CTA-530381,CLI-32803,2026-06-09 18:33:00,2971943.2,CRC,comision,atm,LI-002,Préstamo Personal
TXN-00017893,CTA-458050,CLI-87040,2026-06-19 04:29:00,3126440.62,CRC,deposito,atm,SJ-002,Cuenta Ahorro
TXN-00017894,CTA-250405,CLI-76606,2026-06-12 16:17:00,1749079.87,CRC,retiro,web,HE-001,Cuenta Ahorro
TXN-00017895,CTA-362970,CLI-85550,2026-06-24 17:10:00,1899971.35,CRC,transferencia,app_movil,SJ-001,Cuenta Ahorro
TXN-00017896,CTA-837183,CLI-44921,2026-06-07 20:14:00,1553351.82,CRC,comision,web,LI-001,Cuenta Corriente
TXN-00017897,CTA-420706,CLI-62871,2026-06-18 18:21:00,3630414.32,CRC,retiro,sinpe,CA-001,Préstamo Hipotecario
TXN-00017898,CTA-912327,CLI-26884,2026-06-24 13:59:00,2697674.78,CRC,comision,app_movil,SJ-002,Préstamo Hipotecario
TXN-00017899,CTA-718599,CLI-21967,2026-06-02 06:02:00,2590735.12,CRC,pago,sucursal,LI-001,Cuenta Corriente
TXN-00017900,CTA-882496,CLI-17015,2026-06-13 13:39:00,2004685.2,CRC,retiro,atm,CA-001,Cuenta Corriente
TXN-00017901,CTA-285547,CLI-83734,2026-06-14 02:34:00,3242124.43,CRC,transferencia,sucursal,PU-001,Préstamo Hipotecario
TXN-00017902,CTA-645050,CLI-13883,2026-06-20 15:32:00,1711772.55,CRC,pago,sucursal,PU-001,Préstamo Personal
TXN-00017903,CTA-944977,CLI-95509,2026-06-16 15:14:00,2270997.78,CRC,deposito,sucursal,HE-001,Préstamo Hipotecario
TXN-00017904,CTA-514105,CLI-66949,2026-06-11 02:37:00,1288037.14,CRC,transferencia,sucursal,SJ-001,Cuenta Ahorro
TXN-00017905,CTA-184273,CLI-29611,2026-06-05 00:14:00,3593445.29,CRC,comision,sucursal,SJ-002,Préstamo Hipotecario
TXN-00017906,CTA-143963,CLI-83414,2026-06-17 21:16:00,3252914.2,CRC,deposito,sucursal,CA-001,Cuenta Corriente
TXN-00017907,CTA-322151,CLI-89471,2026-06-12 06:15:00,4239755.71,CRC,pago,atm,SJ-002,Cuenta Corriente
TXN-00017908,CTA-488630,CLI-18980,2026-06-25 23:54:00,4095963.9,CRC,retiro,app_movil,SJ-001,Cuenta Corriente
TXN-00017909,CTA-580125,CLI-87851,2026-06-06 12:44:00,442213.15,CRC,deposito,sinpe,HE-001,Tarjeta Crédito
TXN-00017910,CTA-590023,CLI-89910,2026-06-17 19:07:00,3709898.91,CRC,deposito,atm,LI-001,Préstamo Hipotecario
TXN-00017911,CTA-755045,CLI-18829,2026-06-23 02:48:00,3468738.09,CRC,retiro,sucursal,CA-001,Cuenta Corriente
TXN-00017912,CTA-866225,CLI-89649,2026-06-03 03:37:00,4195061.38,CRC,pago,sucursal,SJ-001,Préstamo Personal
TXN-00017913,CTA-950579,CLI-93628,2026-06-29 23:42:00,155775.69,CRC,retiro,atm,SJ-002,Cuenta Corriente
TXN-00017914,CTA-803508,CLI-56888,2026-06-18 11:49:00,2438586.04,CRC,retiro,web,PU-001,Cuenta Ahorro
TXN-00017915,CTA-252991,CLI-39162,2026-06-30 01:13:00,3731507.86,CRC,pago,app_movil,CA-001,Préstamo Hipotecario
TXN-00017916,CTA-503639,CLI-96818,2026-06-15 10:42:00,2140509.6,CRC,pago,app_movil,PU-001,Tarjeta Crédito
TXN-00017917,CTA-940890,CLI-72125,2026-06-04 02:14:00,1012903.34,CRC,pago,sucursal,AL-001,Cuenta Ahorro
TXN-00017918,CTA-979629,CLI-99340,2026-06-10 12:13:00,105019.61,CRC,comision,sinpe,LI-001,Préstamo Personal
TXN-00017919,CTA-115570,CLI-80640,2026-06-13 22:14:00,4698302.28,CRC,transferencia,sucursal,AL-001,Cuenta Corriente
TXN-00017920,CTA-429984,CLI-87475,2026-06-18 12:08:00,4731653.26,CRC,retiro,sucursal,LI-002,Cuenta Ahorro
TXN-00017921,CTA-948633,CLI-61808,2026-06-26 07:52:00,4894601.32,CRC,comision,app_movil,SJ-002,Préstamo Hipotecario
TXN-00017922,CTA-846505,CLI-96385,2026-06-11 18:10:00,4542291.84,CRC,pago,sinpe,LI-001,Cuenta Corriente
TXN-00017923,CTA-338218,CLI-83404,2026-06-10 18:25:00,222871.03,CRC,transferencia,sucursal,SJ-002,Cuenta Corriente
TXN-00017924,CTA-598879,CLI-37454,2026-06-10 21:53:00,1396711.65,CRC,transferencia,web,CA-001,Préstamo Hipotecario
TXN-00017925,CTA-615415,CLI-81348,2026-06-07 04:41:00,4308429.61,CRC,deposito,sinpe,SJ-001,Préstamo Personal
TXN-00017926,CTA-692047,CLI-70035,2026-06-25 15:27:00,1152130.14,CRC,comision,web,CA-001,Tarjeta Crédito
TXN-00017927,CTA-352018,CLI-56966,2026-06-22 06:33:00,4329836.73,CRC,deposito,atm,LI-002,Préstamo Personal
TXN-00017928,CTA-371671,CLI-78806,2026-06-21 17:33:00,2013436.21,CRC,comision,web,HE-001,Cuenta Corriente
TXN-00017929,CTA-879541,CLI-12637,2026-06-05 02:44:00,4359040.36,CRC,pago,sucursal,LI-002,Cuenta Corriente
TXN-00017930,CTA-405598,CLI-66252,2026-06-28 15:52:00,1945673.64,CRC,deposito,app_movil,CA-001,Cuenta Corriente
TXN-00017931,CTA-567360,CLI-50540,2026-06-07 09:27:00,4595237.49,CRC,comision,atm,SJ-002,Préstamo Hipotecario
TXN-00017932,CTA-723449,CLI-57754,2026-06-30 04:03:00,4100709.85,CRC,comision,atm,LI-002,Cuenta Corriente
TXN-00017933,CTA-323672,CLI-10034,2026-06-15 11:40:00,909575.57,CRC,retiro,sucursal,SJ-002,Tarjeta Crédito
TXN-00017934,CTA-913858,CLI-96825,2026-06-08 09:56:00,322351.16,CRC,transferencia,atm,LI-001,Tarjeta Crédito
TXN-00017935,CTA-630008,CLI-58101,2026-06-01 07:11:00,981547.79,CRC,comision,sucursal,CA-001,Tarjeta Crédito
TXN-00017936,CTA-115148,CLI-11772,2026-06-13 19:20:00,1966545.63,CRC,deposito,atm,LI-001,Cuenta Corriente
TXN-00017937,CTA-616335,CLI-18321,2026-06-25 16:52:00,3645143.76,CRC,transferencia,web,LI-001,Cuenta Corriente
TXN-00017938,CTA-226342,CLI-38517,2026-06-29 21:59:00,4628734.9,CRC,deposito,sinpe,SJ-002,Préstamo Hipotecario
TXN-00017939,CTA-853799,CLI-27089,2026-06-24 23:18:00,266905.06,CRC,pago,web,CA-001,Cuenta Ahorro
TXN-00017940,CTA-353430,CLI-25397,2026-06-07 14:44:00,3645825.77,CRC,retiro,atm,CA-001,Préstamo Personal
TXN-00017941,CTA-396798,CLI-64964,2026-06-09 21:48:00,4842001.02,CRC,comision,web,AL-001,Préstamo Hipotecario
TXN-00017942,CTA-912456,CLI-37409,2026-06-15 11:54:00,1805990.26,CRC,deposito,atm,LI-002,Préstamo Hipotecario
TXN-00017943,CTA-781555,CLI-95158,2026-06-03 01:51:00,1403044.69,CRC,transferencia,web,SJ-001,Préstamo Personal
TXN-00017944,CTA-149252,CLI-25921,2026-06-03 19:19:00,27018.61,CRC,pago,app_movil,SJ-002,Préstamo Hipotecario
TXN-00017945,CTA-454203,CLI-33239,2026-06-11 23:04:00,523415.95,CRC,pago,sinpe,LI-001,Préstamo Personal
TXN-00017946,CTA-728213,CLI-24946,2026-06-17 12:03:00,1395391.31,CRC,transferencia,sinpe,SJ-001,Préstamo Hipotecario
TXN-00017947,CTA-266345,CLI-74336,2026-06-29 22:39:00,2140682.76,CRC,pago,app_movil,HE-001,Cuenta Corriente
TXN-00017948,CTA-864584,CLI-60889,2026-06-08 18:07:00,185308.85,CRC,transferencia,sucursal,AL-001,Préstamo Hipotecario
TXN-00017949,CTA-236415,CLI-57374,2026-06-11 11:22:00,874498.61,CRC,pago,sucursal,LI-002,Préstamo Hipotecario
TXN-00017950,CTA-580271,CLI-92128,2026-06-14 12:56:00,2270027.55,CRC,transferencia,web,AL-001,Préstamo Personal
TXN-00017951,CTA-775856,CLI-79817,2026-06-16 20:15:00,1937194.54,CRC,deposito,atm,LI-001,Préstamo Personal
TXN-00017952,CTA-679493,CLI-52260,2026-06-04 18:06:00,37507.93,CRC,transferencia,sucursal,LI-002,Tarjeta Crédito
TXN-00017953,CTA-848112,CLI-57595,2026-06-05 08:40:00,3540999.16,CRC,comision,web,SJ-002,Préstamo Hipotecario
TXN-00017954,CTA-430770,CLI-30903,2026-06-06 02:23:00,654587.69,CRC,deposito,atm,PU-001,Cuenta Ahorro
TXN-00017955,CTA-255240,CLI-22665,2026-06-17 06:34:00,4386576.2,CRC,transferencia,sinpe,HE-001,Préstamo Personal
TXN-00017956,CTA-967621,CLI-64976,2026-06-19 05:05:00,3223539.49,CRC,retiro,sucursal,LI-002,Préstamo Personal
TXN-00017957,CTA-835843,CLI-40532,2026-06-04 19:04:00,54137.38,CRC,transferencia,atm,LI-002,Cuenta Corriente
TXN-00017958,CTA-296843,CLI-24617,2026-06-20 19:31:00,2340805.94,CRC,deposito,atm,AL-001,Préstamo Hipotecario
TXN-00017959,CTA-372264,CLI-15106,2026-06-25 20:19:00,3914489.98,CRC,deposito,sinpe,SJ-001,Tarjeta Crédito
TXN-00017960,CTA-713723,CLI-57141,2026-06-17 23:45:00,2867821.9,CRC,transferencia,atm,AL-001,Tarjeta Crédito
TXN-00017961,CTA-667763,CLI-79371,2026-06-03 08:09:00,3468474.01,CRC,retiro,web,LI-002,Préstamo Personal
TXN-00017962,CTA-432759,CLI-94217,2026-06-10 15:17:00,2798595.54,CRC,deposito,app_movil,SJ-001,Préstamo Personal
TXN-00017963,CTA-298332,CLI-26087,2026-06-28 04:00:00,4879754.37,CRC,transferencia,atm,SJ-001,Tarjeta Crédito
TXN-00017964,CTA-492049,CLI-14820,2026-06-27 17:48:00,1833381.08,CRC,deposito,web,HE-001,Cuenta Corriente
TXN-00017965,CTA-742074,CLI-42712,2026-06-07 11:50:00,2306312.37,CRC,comision,sinpe,LI-001,Tarjeta Crédito
TXN-00017966,CTA-271111,CLI-15793,2026-06-28 16:44:00,516589.23,CRC,retiro,web,LI-002,Préstamo Personal
TXN-00017967,CTA-808409,CLI-14441,2026-06-09 16:06:00,2304563.59,CRC,retiro,web,PU-001,Préstamo Hipotecario
TXN-00017968,CTA-298779,CLI-73637,2026-06-20 08:54:00,1290188.52,CRC,pago,atm,CA-001,Cuenta Ahorro
TXN-00017969,CTA-557703,CLI-80499,2026-06-27 16:13:00,64269.8,CRC,deposito,web,LI-001,Préstamo Personal
TXN-00017970,CTA-674567,CLI-13219,2026-06-18 03:18:00,4159698.41,CRC,comision,sinpe,SJ-002,Tarjeta Crédito
TXN-00017971,CTA-325124,CLI-68418,2026-06-15 16:20:00,1797032.49,CRC,transferencia,app_movil,SJ-002,Cuenta Corriente
TXN-00017972,CTA-776303,CLI-57279,2026-06-29 18:54:00,1992199.6,CRC,comision,sucursal,LI-002,Tarjeta Crédito
TXN-00017973,CTA-812882,CLI-96282,2026-06-06 06:38:00,3235353.13,CRC,retiro,atm,CA-001,Préstamo Hipotecario
TXN-00017974,CTA-682874,CLI-71948,2026-06-06 06:20:00,229898.5,CRC,pago,sinpe,AL-001,Tarjeta Crédito
TXN-00017975,CTA-402710,CLI-24567,2026-06-04 21:48:00,1594643.99,CRC,transferencia,app_movil,AL-001,Tarjeta Crédito
TXN-00017976,CTA-212022,CLI-47697,2026-06-19 01:38:00,3060235.52,CRC,retiro,atm,SJ-002,Cuenta Ahorro
TXN-00017977,CTA-642694,CLI-59122,2026-06-25 10:14:00,4588369.34,CRC,comision,sinpe,HE-001,Préstamo Personal
TXN-00017978,CTA-162800,CLI-39639,2026-06-25 23:34:00,1017651.77,CRC,pago,sucursal,PU-001,Cuenta Ahorro
TXN-00017979,CTA-264288,CLI-33550,2026-06-04 09:03:00,48133.38,CRC,retiro,web,AL-001,Cuenta Corriente
TXN-00017980,CTA-562687,CLI-68375,2026-06-14 17:34:00,4252730.32,CRC,transferencia,sinpe,AL-001,Préstamo Hipotecario
TXN-00017981,CTA-713019,CLI-10827,2026-06-04 03:53:00,1048669.7,CRC,retiro,web,PU-001,Cuenta Ahorro
TXN-00017982,CTA-630112,CLI-56807,2026-06-27 02:43:00,1857274.71,CRC,transferencia,app_movil,LI-001,Cuenta Ahorro
TXN-00017983,CTA-788149,CLI-23822,2026-06-04 06:44:00,478438.33,CRC,pago,sinpe,SJ-001,Préstamo Personal
TXN-00017984,CTA-597528,CLI-41109,2026-06-18 17:02:00,4566117.6,CRC,comision,app_movil,HE-001,Préstamo Hipotecario
TXN-00017985,CTA-556529,CLI-83399,2026-06-14 02:22:00,4094062.56,CRC,comision,sinpe,HE-001,Préstamo Hipotecario
TXN-00017986,CTA-745811,CLI-94214,2026-06-25 00:58:00,2259554.5,CRC,comision,atm,HE-001,Tarjeta Crédito
TXN-00017987,CTA-771803,CLI-65738,2026-06-12 07:44:00,616771.78,CRC,deposito,atm,AL-001,Cuenta Ahorro
TXN-00017988,CTA-795739,CLI-79901,2026-06-07 23:50:00,3475065.67,CRC,retiro,web,HE-001,Préstamo Hipotecario
TXN-00017989,CTA-793809,CLI-41756,2026-06-12 16:46:00,1634884.71,CRC,transferencia,app_movil,SJ-001,Tarjeta Crédito
TXN-00017990,CTA-876253,CLI-24889,2026-06-03 12:46:00,4489363.8,CRC,retiro,sucursal,SJ-002,Préstamo Personal
TXN-00017991,CTA-475082,CLI-20705,2026-06-29 18:29:00,2679167.0,CRC,retiro,atm,AL-001,Cuenta Corriente
TXN-00017992,CTA-866665,CLI-41382,2026-06-23 05:33:00,2649700.11,CRC,transferencia,web,AL-001,Préstamo Hipotecario
TXN-00017993,CTA-409639,CLI-80028,2026-06-13 04:25:00,4615992.75,CRC,pago,app_movil,AL-001,Tarjeta Crédito
TXN-00017994,CTA-549049,CLI-25595,2026-06-30 20:01:00,4377759.89,CRC,pago,app_movil,SJ-002,Tarjeta Crédito
TXN-00017995,CTA-143233,CLI-51027,2026-06-26 02:55:00,2828262.53,CRC,retiro,sucursal,CA-001,Préstamo Hipotecario
TXN-00017996,CTA-506684,CLI-30092,2026-06-01 13:14:00,2023812.11,CRC,pago,atm,LI-001,Tarjeta Crédito
TXN-00017997,CTA-630238,CLI-23239,2026-06-15 09:09:00,1162460.87,CRC,retiro,web,AL-001,Tarjeta Crédito
TXN-00017998,CTA-651187,CLI-48535,2026-06-29 09:12:00,1459023.73,CRC,transferencia,sinpe,SJ-001,Préstamo Personal
TXN-00017999,CTA-249847,CLI-55825,2026-06-25 20:13:00,1626347.56,CRC,pago,app_movil,LI-001,Préstamo Hipotecario
TXN-00018000,CTA-243259,CLI-50584,2026-06-02 21:22:00,2911793.84,CRC,pago,sinpe,LI-002,Préstamo Hipotecario
TXN-00018001,CTA-419863,CLI-74291,2026-06-24 19:46:00,3790892.69,CRC,transferencia,web,HE-001,Cuenta Ahorro
TXN-00018002,CTA-659505,CLI-98007,2026-06-19 06:04:00,4755094.5,CRC,retiro,sucursal,SJ-001,Cuenta Corriente
TXN-00018003,CTA-269751,CLI-93924,2026-06-05 19:23:00,2208964.05,CRC,comision,web,CA-001,Préstamo Personal
TXN-00018004,CTA-163979,CLI-32826,2026-06-25 14:48:00,2171287.9,CRC,pago,atm,LI-001,Préstamo Personal
TXN-00018005,CTA-272185,CLI-26868,2026-06-07 20:43:00,1430710.66,CRC,comision,web,SJ-001,Préstamo Hipotecario
TXN-00018006,CTA-308692,CLI-24960,2026-06-27 10:04:00,3569826.09,CRC,pago,web,SJ-001,Préstamo Hipotecario
TXN-00018007,CTA-696696,CLI-54897,2026-06-05 23:07:00,429908.92,CRC,pago,app_movil,HE-001,Préstamo Hipotecario
TXN-00018008,CTA-557817,CLI-34074,2026-06-19 08:52:00,1743806.39,CRC,deposito,app_movil,LI-002,Préstamo Hipotecario
TXN-00018009,CTA-474644,CLI-64337,2026-06-23 19:35:00,146689.27,CRC,deposito,web,LI-002,Cuenta Corriente
TXN-00018010,CTA-613261,CLI-34715,2026-06-30 18:31:00,2928526.72,CRC,transferencia,web,LI-002,Préstamo Personal
TXN-00018011,CTA-720901,CLI-51295,2026-06-06 22:25:00,4620601.32,CRC,comision,atm,CA-001,Préstamo Hipotecario
TXN-00018012,CTA-860668,CLI-82059,2026-06-29 12:27:00,4242932.46,CRC,comision,atm,CA-001,Cuenta Corriente
TXN-00018013,CTA-501437,CLI-80856,2026-06-16 02:23:00,3222725.49,CRC,transferencia,sucursal,SJ-002,Tarjeta Crédito
TXN-00018014,CTA-664238,CLI-95384,2026-06-23 14:25:00,2060341.96,CRC,comision,web,PU-001,Cuenta Corriente
TXN-00018015,CTA-999723,CLI-61739,2026-06-15 04:44:00,2792843.27,CRC,retiro,web,SJ-002,Préstamo Personal
TXN-00018016,CTA-863830,CLI-63483,2026-06-04 23:07:00,2679020.98,CRC,transferencia,sucursal,PU-001,Cuenta Corriente
TXN-00018017,CTA-240579,CLI-39447,2026-06-02 01:30:00,1320277.61,CRC,retiro,sucursal,LI-001,Préstamo Personal
TXN-00018018,CTA-726132,CLI-73487,2026-06-21 00:45:00,1245986.21,CRC,deposito,atm,LI-001,Cuenta Ahorro
TXN-00018019,CTA-715927,CLI-15713,2026-06-19 13:22:00,4244338.1,CRC,pago,web,AL-001,Cuenta Ahorro
TXN-00018020,CTA-177130,CLI-66225,2026-06-01 06:54:00,923095.65,CRC,comision,sinpe,LI-001,Tarjeta Crédito
TXN-00018021,CTA-931864,CLI-54359,2026-06-07 03:34:00,2305844.56,CRC,pago,sucursal,LI-002,Tarjeta Crédito
TXN-00018022,CTA-109514,CLI-43391,2026-06-13 11:28:00,1996087.46,CRC,transferencia,sucursal,PU-001,Cuenta Ahorro
TXN-00018023,CTA-910640,CLI-32014,2026-06-10 15:57:00,4664879.3,CRC,transferencia,atm,LI-002,Préstamo Personal
TXN-00018024,CTA-107252,CLI-27649,2026-06-13 10:55:00,2961357.76,CRC,pago,app_movil,HE-001,Tarjeta Crédito
TXN-00018025,CTA-834274,CLI-90195,2026-06-12 21:28:00,1817465.3,CRC,deposito,sucursal,SJ-002,Préstamo Personal
TXN-00018026,CTA-231602,CLI-21097,2026-06-17 02:13:00,3228977.25,CRC,pago,atm,HE-001,Préstamo Personal
TXN-00018027,CTA-948104,CLI-92108,2026-06-02 10:55:00,3338867.66,CRC,pago,sucursal,SJ-001,Tarjeta Crédito
TXN-00018028,CTA-817477,CLI-86336,2026-06-30 00:54:00,3058970.95,CRC,pago,sinpe,CA-001,Préstamo Personal
TXN-00018029,CTA-699153,CLI-34582,2026-06-30 01:01:00,4985293.7,CRC,comision,app_movil,LI-002,Cuenta Ahorro
TXN-00018030,CTA-710973,CLI-78203,2026-06-22 03:01:00,3277399.45,CRC,retiro,sucursal,AL-001,Préstamo Personal
TXN-00018031,CTA-973568,CLI-39030,2026-06-05 18:05:00,2123664.68,CRC,comision,web,LI-001,Préstamo Hipotecario
TXN-00018032,CTA-936651,CLI-54612,2026-06-23 14:53:00,4571564.34,CRC,deposito,app_movil,PU-001,Préstamo Hipotecario
TXN-00018033,CTA-190936,CLI-31268,2026-06-05 17:10:00,1571905.93,CRC,comision,sucursal,AL-001,Préstamo Hipotecario
TXN-00018034,CTA-260739,CLI-23874,2026-06-17 05:50:00,1782730.93,CRC,pago,sinpe,LI-001,Préstamo Hipotecario
TXN-00018035,CTA-571635,CLI-23213,2026-06-03 17:19:00,2316407.43,CRC,comision,web,PU-001,Tarjeta Crédito
TXN-00018036,CTA-746557,CLI-74669,2026-06-13 19:51:00,3413002.8,CRC,pago,web,LI-001,Cuenta Corriente
TXN-00018037,CTA-270911,CLI-17364,2026-06-28 06:32:00,2751882.4,CRC,retiro,app_movil,CA-001,Préstamo Personal
TXN-00018038,CTA-394646,CLI-55526,2026-06-05 07:10:00,1727606.96,CRC,comision,sinpe,AL-001,Préstamo Hipotecario
TXN-00018039,CTA-602846,CLI-80461,2026-06-12 16:48:00,3349028.53,CRC,retiro,web,LI-002,Cuenta Corriente
TXN-00018040,CTA-983976,CLI-54849,2026-06-24 05:19:00,3892546.51,CRC,pago,app_movil,AL-001,Cuenta Corriente
TXN-00018041,CTA-266110,CLI-10107,2026-06-30 05:50:00,3360607.29,CRC,deposito,app_movil,PU-001,Tarjeta Crédito
TXN-00018042,CTA-967026,CLI-87935,2026-06-18 21:27:00,1049957.18,CRC,comision,app_movil,PU-001,Préstamo Personal
TXN-00018043,CTA-991551,CLI-50097,2026-06-18 00:59:00,1681253.49,CRC,deposito,web,SJ-001,Cuenta Corriente
TXN-00018044,CTA-329436,CLI-35537,2026-06-19 02:37:00,438591.2,CRC,pago,sinpe,HE-001,Préstamo Hipotecario
TXN-00018045,CTA-164461,CLI-47174,2026-06-02 16:09:00,1349371.68,CRC,pago,web,SJ-002,Tarjeta Crédito
TXN-00018046,CTA-268881,CLI-68751,2026-06-26 12:57:00,842228.1,CRC,transferencia,sucursal,AL-001,Cuenta Ahorro
TXN-00018047,CTA-139393,CLI-25727,2026-06-21 13:44:00,2631828.25,CRC,deposito,sinpe,LI-002,Préstamo Personal
TXN-00018048,CTA-626796,CLI-78251,2026-06-23 19:16:00,4480950.29,CRC,pago,sucursal,PU-001,Cuenta Corriente
TXN-00018049,CTA-780596,CLI-73398,2026-06-06 19:41:00,1850793.56,CRC,retiro,web,SJ-001,Préstamo Hipotecario
TXN-00018050,CTA-541096,CLI-26255,2026-06-02 20:02:00,1590405.31,CRC,comision,app_movil,SJ-001,Préstamo Hipotecario
TXN-00018051,CTA-836786,CLI-43160,2026-06-30 02:25:00,2221453.09,CRC,pago,atm,CA-001,Cuenta Ahorro
TXN-00018052,CTA-532706,CLI-44145,2026-06-24 10:28:00,4645211.93,CRC,pago,atm,LI-002,Préstamo Hipotecario
TXN-00018053,CTA-158927,CLI-63394,2026-06-29 04:15:00,2246479.01,CRC,pago,atm,SJ-002,Tarjeta Crédito
TXN-00018054,CTA-821110,CLI-70383,2026-06-10 20:15:00,4564677.73,CRC,comision,sinpe,CA-001,Cuenta Ahorro
TXN-00018055,CTA-430040,CLI-98199,2026-06-26 07:30:00,3161910.37,CRC,pago,atm,SJ-001,Cuenta Corriente
TXN-00018056,CTA-884051,CLI-26579,2026-06-03 15:19:00,3046988.05,CRC,pago,web,AL-001,Préstamo Hipotecario
TXN-00018057,CTA-752217,CLI-31920,2026-06-29 09:36:00,447270.08,CRC,comision,web,SJ-001,Préstamo Personal
TXN-00018058,CTA-416179,CLI-66110,2026-06-05 01:41:00,3718863.08,CRC,retiro,atm,PU-001,Tarjeta Crédito
TXN-00018059,CTA-295613,CLI-54772,2026-06-03 12:05:00,2614661.31,CRC,pago,sinpe,CA-001,Préstamo Personal
TXN-00018060,CTA-116466,CLI-71038,2026-06-17 06:11:00,3678539.37,CRC,comision,app_movil,AL-001,Cuenta Ahorro
TXN-00018061,CTA-621434,CLI-57918,2026-06-08 13:48:00,4393107.33,CRC,pago,web,LI-002,Préstamo Hipotecario
TXN-00018062,CTA-547135,CLI-66869,2026-06-09 10:58:00,4101428.85,CRC,deposito,atm,SJ-002,Tarjeta Crédito
TXN-00018063,CTA-860154,CLI-61271,2026-06-02 19:03:00,3350314.23,CRC,pago,sucursal,PU-001,Préstamo Personal
TXN-00018064,CTA-202936,CLI-82945,2026-06-29 20:01:00,1726919.99,CRC,pago,sucursal,PU-001,Préstamo Hipotecario
TXN-00018065,CTA-777438,CLI-12033,2026-06-05 23:57:00,4803982.07,CRC,deposito,sucursal,LI-002,Préstamo Hipotecario
TXN-00018066,CTA-737399,CLI-94982,2026-06-19 04:40:00,1190456.45,CRC,transferencia,atm,SJ-001,Cuenta Ahorro
TXN-00018067,CTA-505974,CLI-89544,2026-06-22 15:10:00,2150675.15,CRC,comision,sinpe,PU-001,Préstamo Personal
TXN-00018068,CTA-524837,CLI-51345,2026-06-21 11:30:00,838841.95,CRC,deposito,atm,AL-001,Préstamo Hipotecario
TXN-00018069,CTA-677591,CLI-60099,2026-06-25 06:41:00,2786863.17,CRC,pago,sucursal,LI-001,Tarjeta Crédito
TXN-00018070,CTA-420091,CLI-16403,2026-06-05 00:43:00,317537.71,CRC,transferencia,atm,AL-001,Tarjeta Crédito
TXN-00018071,CTA-616376,CLI-21105,2026-06-14 12:35:00,1308199.41,CRC,transferencia,app_movil,LI-001,Préstamo Hipotecario
TXN-00018072,CTA-396081,CLI-95394,2026-06-11 21:53:00,4090976.82,CRC,retiro,web,PU-001,Cuenta Ahorro
TXN-00018073,CTA-364740,CLI-86475,2026-06-08 09:01:00,388536.3,CRC,retiro,atm,SJ-002,Cuenta Corriente
TXN-00018074,CTA-193962,CLI-43808,2026-06-08 20:27:00,4954361.98,CRC,pago,web,HE-001,Cuenta Ahorro
TXN-00018075,CTA-789747,CLI-80846,2026-06-14 15:12:00,2899637.35,CRC,retiro,web,SJ-002,Préstamo Hipotecario
TXN-00018076,CTA-734296,CLI-26524,2026-06-08 03:00:00,1749787.15,CRC,deposito,web,SJ-001,Cuenta Ahorro
TXN-00018077,CTA-930019,CLI-80362,2026-06-15 16:33:00,562480.53,CRC,deposito,app_movil,AL-001,Cuenta Corriente
TXN-00018078,CTA-325085,CLI-31134,2026-06-29 13:19:00,1186941.53,CRC,comision,web,HE-001,Tarjeta Crédito
TXN-00018079,CTA-859504,CLI-91827,2026-06-10 17:57:00,2513969.81,CRC,pago,sinpe,SJ-002,Préstamo Hipotecario
TXN-00018080,CTA-823063,CLI-56346,2026-06-16 03:08:00,389395.23,CRC,transferencia,sinpe,LI-002,Cuenta Corriente
TXN-00018081,CTA-952503,CLI-30943,2026-06-26 18:33:00,1582257.56,CRC,comision,app_movil,CA-001,Préstamo Hipotecario
TXN-00018082,CTA-259171,CLI-53572,2026-06-04 12:28:00,3804723.57,CRC,deposito,atm,SJ-002,Cuenta Ahorro
TXN-00018083,CTA-993019,CLI-92549,2026-06-08 00:47:00,1388376.42,CRC,transferencia,web,HE-001,Cuenta Ahorro
TXN-00018084,CTA-970197,CLI-27589,2026-06-17 16:39:00,2997746.0,CRC,pago,sinpe,PU-001,Préstamo Hipotecario
TXN-00018085,CTA-643224,CLI-50341,2026-06-23 09:33:00,447610.41,CRC,deposito,atm,SJ-001,Préstamo Hipotecario
TXN-00018086,CTA-721249,CLI-93456,2026-06-08 09:39:00,4056479.64,CRC,retiro,app_movil,SJ-001,Tarjeta Crédito
TXN-00018087,CTA-833827,CLI-20889,2026-06-10 21:22:00,3315488.16,CRC,retiro,atm,LI-001,Préstamo Personal
TXN-00018088,CTA-516975,CLI-71018,2026-06-17 09:04:00,4542687.26,CRC,transferencia,sinpe,CA-001,Cuenta Ahorro
TXN-00018089,CTA-988637,CLI-77551,2026-06-10 16:46:00,4916425.74,CRC,comision,sucursal,LI-002,Tarjeta Crédito
TXN-00018090,CTA-395782,CLI-16576,2026-06-19 08:31:00,577341.0,CRC,deposito,web,PU-001,Préstamo Hipotecario
TXN-00018091,CTA-284380,CLI-65421,2026-06-08 18:59:00,4336799.88,CRC,comision,atm,LI-001,Cuenta Corriente
TXN-00018092,CTA-759822,CLI-16534,2026-06-11 15:18:00,3511009.01,CRC,transferencia,web,LI-001,Tarjeta Crédito
TXN-00018093,CTA-798886,CLI-21541,2026-06-02 14:55:00,222724.77,CRC,deposito,app_movil,CA-001,Cuenta Ahorro
TXN-00018094,CTA-230370,CLI-94128,2026-06-08 05:39:00,3619651.08,CRC,deposito,sinpe,HE-001,Tarjeta Crédito
TXN-00018095,CTA-736120,CLI-33489,2026-06-26 22:48:00,3962378.08,CRC,deposito,web,HE-001,Tarjeta Crédito
TXN-00018096,CTA-777370,CLI-54551,2026-06-16 12:57:00,662682.22,CRC,deposito,app_movil,HE-001,Préstamo Personal
TXN-00018097,CTA-272548,CLI-15161,2026-06-25 16:31:00,329202.99,CRC,pago,sucursal,HE-001,Tarjeta Crédito
TXN-00018098,CTA-633153,CLI-66483,2026-06-18 03:33:00,4434596.11,CRC,deposito,app_movil,SJ-002,Préstamo Hipotecario
TXN-00018099,CTA-397894,CLI-30153,2026-06-26 21:56:00,2230022.69,CRC,deposito,app_movil,SJ-002,Préstamo Hipotecario
TXN-00018100,CTA-888064,CLI-98965,2026-06-05 21:31:00,4142321.17,CRC,pago,atm,LI-001,Tarjeta Crédito
TXN-00018101,CTA-829530,CLI-90125,2026-06-02 21:28:00,440616.23,CRC,transferencia,web,AL-001,Préstamo Personal
TXN-00018102,CTA-840053,CLI-55054,2026-06-18 10:34:00,560592.55,CRC,deposito,atm,PU-001,Cuenta Corriente
TXN-00018103,CTA-311110,CLI-67839,2026-06-23 18:48:00,1311805.62,CRC,transferencia,atm,SJ-001,Tarjeta Crédito
TXN-00018104,CTA-771247,CLI-22565,2026-06-09 12:27:00,934609.63,CRC,transferencia,sucursal,CA-001,Cuenta Ahorro
TXN-00018105,CTA-601248,CLI-36519,2026-06-13 23:04:00,4064468.47,CRC,transferencia,sucursal,CA-001,Préstamo Hipotecario
TXN-00018106,CTA-168338,CLI-55448,2026-06-13 15:15:00,1257933.63,CRC,retiro,app_movil,SJ-002,Préstamo Personal
TXN-00018107,CTA-123417,CLI-39177,2026-06-25 20:30:00,281614.38,CRC,deposito,atm,CA-001,Préstamo Personal
TXN-00018108,CTA-106382,CLI-37147,2026-06-27 22:39:00,4080747.22,CRC,comision,web,SJ-002,Cuenta Corriente
TXN-00018109,CTA-942463,CLI-38906,2026-06-26 12:44:00,1348635.06,CRC,pago,web,AL-001,Cuenta Corriente
TXN-00018110,CTA-123776,CLI-55455,2026-06-14 16:44:00,4183377.71,CRC,pago,app_movil,SJ-002,Cuenta Corriente
TXN-00018111,CTA-749720,CLI-21838,2026-06-21 14:03:00,3839209.77,CRC,transferencia,web,AL-001,Préstamo Hipotecario
TXN-00018112,CTA-999828,CLI-23158,2026-06-30 14:55:00,4117322.48,CRC,transferencia,web,SJ-001,Tarjeta Crédito
TXN-00018113,CTA-543411,CLI-85541,2026-06-26 20:57:00,574131.85,CRC,deposito,app_movil,HE-001,Préstamo Personal
TXN-00018114,CTA-562107,CLI-59760,2026-06-17 15:36:00,21271.71,CRC,deposito,atm,HE-001,Tarjeta Crédito
TXN-00018115,CTA-112602,CLI-35180,2026-06-12 15:10:00,1144531.66,CRC,comision,sucursal,CA-001,Cuenta Ahorro
TXN-00018116,CTA-900209,CLI-25133,2026-06-07 02:15:00,2195087.04,CRC,pago,atm,SJ-002,Cuenta Ahorro
TXN-00018117,CTA-170805,CLI-93907,2026-06-13 20:59:00,2299460.37,CRC,comision,sucursal,SJ-001,Préstamo Personal
TXN-00018118,CTA-706578,CLI-94021,2026-06-20 16:08:00,3881246.17,CRC,transferencia,atm,SJ-001,Préstamo Hipotecario
TXN-00018119,CTA-823438,CLI-69321,2026-06-01 12:01:00,2132094.63,CRC,comision,app_movil,SJ-001,Cuenta Ahorro
TXN-00018120,CTA-816757,CLI-50134,2026-06-07 20:40:00,100721.53,CRC,transferencia,web,LI-001,Cuenta Corriente
TXN-00018121,CTA-707800,CLI-66926,2026-06-16 03:24:00,1489743.5,CRC,retiro,atm,HE-001,Préstamo Hipotecario
TXN-00018122,CTA-629399,CLI-33477,2026-06-03 17:47:00,2471917.93,CRC,pago,sinpe,LI-001,Préstamo Hipotecario
TXN-00018123,CTA-271595,CLI-84572,2026-06-23 01:09:00,485468.76,CRC,transferencia,sinpe,AL-001,Cuenta Corriente
TXN-00018124,CTA-742288,CLI-54542,2026-06-07 15:35:00,4955671.74,CRC,comision,sinpe,SJ-002,Cuenta Corriente
TXN-00018125,CTA-944488,CLI-69014,2026-06-03 14:00:00,4081385.97,CRC,pago,atm,HE-001,Cuenta Ahorro
TXN-00018126,CTA-864226,CLI-68702,2026-06-01 08:03:00,1478851.49,CRC,transferencia,atm,CA-001,Cuenta Corriente
TXN-00018127,CTA-144251,CLI-40931,2026-06-23 01:59:00,4122300.05,CRC,deposito,app_movil,AL-001,Préstamo Hipotecario
TXN-00018128,CTA-205719,CLI-76930,2026-06-02 10:13:00,2285003.64,CRC,pago,sinpe,CA-001,Cuenta Corriente
TXN-00018129,CTA-383732,CLI-60706,2026-06-29 05:40:00,1961179.87,CRC,pago,web,HE-001,Préstamo Hipotecario
TXN-00018130,CTA-119043,CLI-18641,2026-06-06 10:01:00,2683178.32,CRC,deposito,atm,CA-001,Préstamo Hipotecario
TXN-00018131,CTA-229626,CLI-90272,2026-06-30 16:35:00,4349667.3,CRC,retiro,web,SJ-002,Cuenta Corriente
TXN-00018132,CTA-885371,CLI-74200,2026-06-11 08:09:00,2611582.0,CRC,transferencia,web,LI-002,Cuenta Corriente
TXN-00018133,CTA-198251,CLI-75406,2026-06-23 21:30:00,4296711.43,CRC,comision,sucursal,CA-001,Cuenta Ahorro
TXN-00018134,CTA-235182,CLI-78308,2026-06-22 21:36:00,4272918.88,CRC,retiro,atm,LI-002,Tarjeta Crédito
TXN-00018135,CTA-929481,CLI-67917,2026-06-28 02:14:00,3060732.02,CRC,deposito,app_movil,LI-002,Préstamo Personal
TXN-00018136,CTA-785412,CLI-35216,2026-06-12 09:29:00,391974.0,CRC,deposito,atm,LI-001,Préstamo Personal
TXN-00018137,CTA-557451,CLI-64703,2026-06-23 00:11:00,4424513.31,CRC,retiro,atm,SJ-001,Préstamo Hipotecario
TXN-00018138,CTA-792396,CLI-37098,2026-06-11 23:35:00,3297652.34,CRC,deposito,sucursal,CA-001,Préstamo Personal
TXN-00018139,CTA-240925,CLI-52989,2026-06-17 12:38:00,1801257.99,CRC,transferencia,web,CA-001,Tarjeta Crédito
TXN-00018140,CTA-864340,CLI-28503,2026-06-01 17:29:00,1992810.69,CRC,pago,sinpe,CA-001,Tarjeta Crédito
TXN-00018141,CTA-773723,CLI-18719,2026-06-01 10:32:00,778179.23,CRC,transferencia,sucursal,SJ-002,Cuenta Ahorro
TXN-00018142,CTA-193619,CLI-15632,2026-06-23 22:26:00,354211.14,CRC,comision,app_movil,CA-001,Tarjeta Crédito
TXN-00018143,CTA-316905,CLI-15143,2026-06-23 09:35:00,159666.41,CRC,deposito,app_movil,SJ-002,Cuenta Corriente
TXN-00018144,CTA-500200,CLI-46035,2026-06-06 14:42:00,4633432.62,CRC,retiro,atm,SJ-001,Cuenta Corriente
TXN-00018145,CTA-784242,CLI-96255,2026-06-25 02:53:00,1614957.11,CRC,deposito,sucursal,SJ-001,Cuenta Corriente
TXN-00018146,CTA-858438,CLI-71683,2026-06-25 04:19:00,2899109.47,CRC,pago,web,SJ-002,Cuenta Corriente
TXN-00018147,CTA-487717,CLI-56657,2026-06-09 01:32:00,121687.01,CRC,comision,app_movil,LI-001,Préstamo Hipotecario
TXN-00018148,CTA-330907,CLI-27511,2026-06-05 05:29:00,686013.23,CRC,comision,atm,PU-001,Préstamo Personal
TXN-00018149,CTA-656194,CLI-70952,2026-06-23 11:26:00,2024711.75,CRC,transferencia,sinpe,PU-001,Préstamo Personal
TXN-00018150,CTA-130447,CLI-56245,2026-06-04 04:25:00,4424962.18,CRC,pago,sucursal,LI-001,Cuenta Ahorro
TXN-00018151,CTA-317914,CLI-18571,2026-06-22 17:12:00,2751789.49,CRC,retiro,app_movil,HE-001,Préstamo Hipotecario
TXN-00018152,CTA-639602,CLI-93343,2026-06-01 23:58:00,997759.04,CRC,retiro,sucursal,CA-001,Cuenta Ahorro
TXN-00018153,CTA-928345,CLI-71633,2026-06-24 19:15:00,396650.82,CRC,deposito,sucursal,CA-001,Préstamo Personal
TXN-00018154,CTA-984620,CLI-78406,2026-06-28 19:13:00,2993940.33,CRC,deposito,app_movil,HE-001,Préstamo Personal
TXN-00018155,CTA-272274,CLI-99893,2026-06-11 20:58:00,4846764.39,CRC,retiro,sinpe,HE-001,Tarjeta Crédito
TXN-00018156,CTA-712798,CLI-25211,2026-06-24 13:21:00,29877.31,CRC,retiro,web,PU-001,Cuenta Corriente
TXN-00018157,CTA-329011,CLI-11762,2026-06-19 15:05:00,3993378.56,CRC,transferencia,sinpe,SJ-001,Préstamo Personal
TXN-00018158,CTA-934013,CLI-87312,2026-06-13 18:14:00,4450994.61,CRC,deposito,sinpe,CA-001,Cuenta Ahorro
TXN-00018159,CTA-954297,CLI-26772,2026-06-22 09:42:00,2003129.42,CRC,transferencia,atm,SJ-001,Tarjeta Crédito
TXN-00018160,CTA-173480,CLI-10022,2026-06-26 12:19:00,1515966.81,CRC,deposito,app_movil,SJ-002,Cuenta Ahorro
TXN-00018161,CTA-760973,CLI-77400,2026-06-27 16:53:00,1793377.94,CRC,deposito,sucursal,SJ-002,Préstamo Hipotecario
TXN-00018162,CTA-231613,CLI-88522,2026-06-27 08:43:00,4706040.13,CRC,transferencia,atm,SJ-001,Préstamo Personal
TXN-00018163,CTA-290411,CLI-68616,2026-06-08 04:42:00,2810407.7,CRC,pago,sucursal,SJ-002,Tarjeta Crédito
TXN-00018164,CTA-391572,CLI-55291,2026-06-11 08:21:00,4228537.52,CRC,comision,sucursal,HE-001,Tarjeta Crédito
TXN-00018165,CTA-170918,CLI-30617,2026-06-15 02:06:00,3595721.64,CRC,pago,sinpe,PU-001,Préstamo Hipotecario
TXN-00018166,CTA-337880,CLI-82260,2026-06-16 00:59:00,2389773.68,CRC,transferencia,sinpe,PU-001,Cuenta Corriente
TXN-00018167,CTA-157161,CLI-83209,2026-06-27 23:03:00,635834.94,CRC,deposito,web,SJ-002,Cuenta Corriente
TXN-00018168,CTA-561218,CLI-43848,2026-06-02 02:48:00,4733018.65,CRC,pago,atm,CA-001,Préstamo Hipotecario
TXN-00018169,CTA-775951,CLI-10882,2026-06-29 23:34:00,3208672.17,CRC,retiro,atm,AL-001,Cuenta Corriente
TXN-00018170,CTA-898414,CLI-76228,2026-06-17 05:42:00,1203484.55,CRC,transferencia,sinpe,LI-002,Cuenta Corriente
TXN-00018171,CTA-243622,CLI-24822,2026-06-09 19:04:00,406972.17,CRC,transferencia,sinpe,AL-001,Préstamo Personal
TXN-00018172,CTA-310327,CLI-13821,2026-06-15 12:25:00,987895.8,CRC,retiro,atm,SJ-001,Cuenta Ahorro
TXN-00018173,CTA-783119,CLI-85144,2026-06-10 18:50:00,82161.44,CRC,comision,sucursal,SJ-002,Préstamo Personal
TXN-00018174,CTA-113612,CLI-97259,2026-06-13 10:38:00,3586716.4,CRC,transferencia,sinpe,LI-002,Tarjeta Crédito
TXN-00018175,CTA-925136,CLI-97150,2026-06-19 14:16:00,3634805.65,CRC,transferencia,web,SJ-001,Préstamo Personal
TXN-00018176,CTA-654364,CLI-80565,2026-06-22 10:39:00,463989.98,CRC,deposito,sinpe,CA-001,Cuenta Corriente
TXN-00018177,CTA-288373,CLI-26568,2026-06-07 21:23:00,3739846.26,CRC,deposito,atm,PU-001,Tarjeta Crédito
TXN-00018178,CTA-248695,CLI-49339,2026-06-07 20:14:00,1744922.04,CRC,transferencia,atm,HE-001,Cuenta Corriente
TXN-00018179,CTA-942318,CLI-95524,2026-06-29 03:59:00,4376532.93,CRC,pago,atm,SJ-001,Préstamo Personal
TXN-00018180,CTA-357752,CLI-26276,2026-06-16 21:22:00,1356660.88,CRC,comision,app_movil,LI-002,Préstamo Personal
TXN-00018181,CTA-226654,CLI-49602,2026-06-28 01:00:00,525253.93,CRC,retiro,sinpe,SJ-001,Cuenta Corriente
TXN-00018182,CTA-779322,CLI-77534,2026-06-18 19:35:00,314428.41,CRC,transferencia,web,SJ-002,Cuenta Corriente
TXN-00018183,CTA-479849,CLI-50043,2026-06-02 01:19:00,243031.45,CRC,retiro,sucursal,LI-002,Cuenta Corriente
TXN-00018184,CTA-378541,CLI-39027,2026-06-10 20:19:00,3424649.17,CRC,retiro,web,LI-002,Tarjeta Crédito
TXN-00018185,CTA-210858,CLI-70889,2026-06-11 02:48:00,4186307.74,CRC,deposito,atm,SJ-002,Cuenta Ahorro
TXN-00018186,CTA-643030,CLI-75491,2026-06-21 13:52:00,1527013.33,CRC,transferencia,sucursal,SJ-002,Préstamo Personal
TXN-00018187,CTA-205019,CLI-16573,2026-06-02 04:36:00,1685146.7,CRC,comision,web,PU-001,Tarjeta Crédito
TXN-00018188,CTA-464903,CLI-40911,2026-06-14 05:32:00,3742823.41,CRC,comision,sinpe,LI-002,Tarjeta Crédito
TXN-00018189,CTA-996859,CLI-40694,2026-06-07 20:09:00,1310282.3,CRC,retiro,app_movil,PU-001,Préstamo Personal
TXN-00018190,CTA-415326,CLI-18566,2026-06-18 10:24:00,2427352.08,CRC,transferencia,sinpe,SJ-002,Préstamo Hipotecario
TXN-00018191,CTA-908448,CLI-68250,2026-06-07 13:02:00,2058975.4,CRC,deposito,sucursal,HE-001,Cuenta Corriente
TXN-00018192,CTA-544061,CLI-66660,2026-06-07 12:04:00,3162763.48,CRC,retiro,app_movil,CA-001,Cuenta Corriente
TXN-00018193,CTA-656517,CLI-16507,2026-06-21 22:55:00,4330369.37,CRC,comision,app_movil,SJ-002,Préstamo Hipotecario
TXN-00018194,CTA-176411,CLI-61666,2026-06-10 18:46:00,1675072.09,CRC,comision,sinpe,CA-001,Préstamo Personal
TXN-00018195,CTA-364007,CLI-78466,2026-06-19 19:44:00,2291917.6,CRC,retiro,app_movil,AL-001,Préstamo Hipotecario
TXN-00018196,CTA-330080,CLI-25770,2026-06-24 10:42:00,239449.79,CRC,pago,sinpe,CA-001,Préstamo Personal
TXN-00018197,CTA-495580,CLI-24235,2026-06-08 01:00:00,2130427.76,CRC,retiro,web,SJ-001,Préstamo Hipotecario
TXN-00018198,CTA-542630,CLI-70462,2026-06-05 19:24:00,976170.88,CRC,retiro,app_movil,SJ-002,Préstamo Personal
TXN-00018199,CTA-425956,CLI-94229,2026-06-29 22:08:00,3509953.19,CRC,comision,atm,CA-001,Cuenta Corriente
TXN-00018200,CTA-364764,CLI-69091,2026-06-09 20:28:00,1811719.74,CRC,pago,sinpe,LI-002,Tarjeta Crédito
TXN-00018201,CTA-955123,CLI-82544,2026-06-29 12:44:00,514942.11,CRC,transferencia,atm,SJ-001,Cuenta Ahorro
TXN-00018202,CTA-234325,CLI-97474,2026-06-06 04:28:00,2160639.79,CRC,retiro,sucursal,PU-001,Cuenta Ahorro
TXN-00018203,CTA-917854,CLI-63022,2026-06-19 15:55:00,2779165.07,CRC,retiro,sucursal,LI-002,Cuenta Corriente
TXN-00018204,CTA-314785,CLI-21670,2026-06-20 15:17:00,1557222.08,CRC,pago,atm,SJ-002,Cuenta Ahorro
TXN-00018205,CTA-961694,CLI-65004,2026-06-08 11:30:00,4123528.09,CRC,comision,app_movil,SJ-001,Préstamo Personal
TXN-00018206,CTA-314032,CLI-16073,2026-06-05 15:08:00,109630.18,CRC,transferencia,app_movil,SJ-002,Préstamo Personal
TXN-00018207,CTA-442480,CLI-83269,2026-06-28 13:06:00,1132960.9,CRC,retiro,sinpe,PU-001,Préstamo Hipotecario
TXN-00018208,CTA-316887,CLI-48671,2026-06-26 11:19:00,940797.44,CRC,deposito,sinpe,CA-001,Préstamo Personal
TXN-00018209,CTA-325351,CLI-55677,2026-06-17 21:02:00,4366628.21,CRC,pago,app_movil,SJ-001,Tarjeta Crédito
TXN-00018210,CTA-219361,CLI-14028,2026-06-01 03:35:00,2349487.28,CRC,pago,sucursal,SJ-002,Cuenta Corriente
TXN-00018211,CTA-557052,CLI-89214,2026-06-13 09:46:00,3556930.69,CRC,retiro,sinpe,SJ-002,Préstamo Hipotecario
TXN-00018212,CTA-814842,CLI-11900,2026-06-06 23:11:00,1468673.84,CRC,deposito,web,HE-001,Préstamo Personal
TXN-00018213,CTA-241657,CLI-45450,2026-06-12 11:21:00,4981672.64,CRC,comision,web,SJ-002,Tarjeta Crédito
TXN-00018214,CTA-239500,CLI-53882,2026-06-02 03:50:00,2950624.38,CRC,deposito,web,CA-001,Tarjeta Crédito
TXN-00018215,CTA-591637,CLI-64703,2026-06-11 01:46:00,269308.69,CRC,retiro,atm,AL-001,Tarjeta Crédito
TXN-00018216,CTA-671361,CLI-68634,2026-06-15 17:45:00,1010893.83,CRC,transferencia,sucursal,LI-002,Cuenta Corriente
TXN-00018217,CTA-988441,CLI-55612,2026-06-22 19:21:00,296622.19,CRC,pago,sinpe,LI-001,Préstamo Hipotecario
TXN-00018218,CTA-614107,CLI-27346,2026-06-20 02:39:00,3196853.34,CRC,transferencia,sinpe,PU-001,Préstamo Hipotecario
TXN-00018219,CTA-303341,CLI-90156,2026-06-01 01:26:00,3761929.02,CRC,retiro,web,PU-001,Préstamo Hipotecario
TXN-00018220,CTA-523697,CLI-95161,2026-06-18 05:59:00,4435509.58,CRC,transferencia,app_movil,HE-001,Cuenta Ahorro
TXN-00018221,CTA-634703,CLI-87286,2026-06-04 18:17:00,4381574.43,CRC,comision,web,AL-001,Cuenta Corriente
TXN-00018222,CTA-304740,CLI-48531,2026-06-28 20:49:00,42873.05,CRC,transferencia,sinpe,LI-002,Cuenta Ahorro
TXN-00018223,CTA-225047,CLI-90844,2026-06-22 13:40:00,4940555.21,CRC,pago,sinpe,SJ-002,Tarjeta Crédito
TXN-00018224,CTA-867657,CLI-26810,2026-06-29 03:52:00,429136.56,CRC,pago,sucursal,HE-001,Cuenta Corriente
TXN-00018225,CTA-178338,CLI-22438,2026-06-28 11:45:00,1182600.6,CRC,transferencia,web,CA-001,Préstamo Hipotecario
TXN-00018226,CTA-453310,CLI-88078,2026-06-27 16:59:00,4673457.78,CRC,transferencia,atm,HE-001,Préstamo Hipotecario
TXN-00018227,CTA-881259,CLI-25105,2026-06-12 17:26:00,2552365.38,CRC,comision,app_movil,SJ-001,Cuenta Corriente
TXN-00018228,CTA-120091,CLI-24290,2026-06-23 16:30:00,4541815.41,CRC,retiro,app_movil,SJ-001,Cuenta Ahorro
TXN-00018229,CTA-400548,CLI-44017,2026-06-19 06:38:00,2381326.81,CRC,retiro,app_movil,SJ-001,Cuenta Ahorro
TXN-00018230,CTA-994167,CLI-60027,2026-06-04 18:02:00,1646482.29,CRC,comision,web,SJ-002,Préstamo Hipotecario
TXN-00018231,CTA-724818,CLI-20312,2026-06-11 07:37:00,3023735.44,CRC,transferencia,sinpe,LI-001,Cuenta Corriente
TXN-00018232,CTA-536241,CLI-11033,2026-06-20 18:56:00,2147144.77,CRC,pago,web,SJ-001,Préstamo Personal
TXN-00018233,CTA-789488,CLI-32387,2026-06-11 05:55:00,2750231.44,CRC,deposito,atm,HE-001,Préstamo Personal
TXN-00018234,CTA-367284,CLI-93406,2026-06-23 03:41:00,1455159.91,CRC,transferencia,atm,SJ-001,Cuenta Corriente
TXN-00018235,CTA-956768,CLI-69469,2026-06-25 05:26:00,2663901.36,CRC,pago,sinpe,HE-001,Cuenta Ahorro
TXN-00018236,CTA-342280,CLI-21757,2026-06-19 10:31:00,4942176.97,CRC,pago,sucursal,CA-001,Tarjeta Crédito
TXN-00018237,CTA-480661,CLI-62855,2026-06-02 06:30:00,1186086.97,CRC,deposito,web,LI-002,Tarjeta Crédito
TXN-00018238,CTA-637309,CLI-76320,2026-06-27 00:20:00,844603.0,CRC,transferencia,sinpe,LI-002,Préstamo Personal
TXN-00018239,CTA-371525,CLI-56891,2026-06-11 01:22:00,2526667.17,CRC,transferencia,sinpe,PU-001,Cuenta Ahorro
TXN-00018240,CTA-487255,CLI-29746,2026-06-21 05:56:00,325885.49,CRC,pago,web,AL-001,Cuenta Corriente
TXN-00018241,CTA-676298,CLI-15994,2026-06-01 08:29:00,3901444.36,CRC,deposito,app_movil,CA-001,Préstamo Personal
TXN-00018242,CTA-883273,CLI-35783,2026-06-08 00:15:00,4667940.57,CRC,transferencia,sucursal,AL-001,Cuenta Corriente
TXN-00018243,CTA-766974,CLI-70830,2026-06-10 22:10:00,1323688.38,CRC,comision,atm,LI-001,Préstamo Hipotecario
TXN-00018244,CTA-403289,CLI-27008,2026-06-14 01:03:00,4914351.77,CRC,retiro,atm,AL-001,Préstamo Hipotecario
TXN-00018245,CTA-906105,CLI-27531,2026-06-24 01:28:00,3836503.81,CRC,pago,atm,LI-002,Tarjeta Crédito
TXN-00018246,CTA-410124,CLI-84958,2026-06-02 06:12:00,251244.02,CRC,retiro,atm,PU-001,Cuenta Corriente
TXN-00018247,CTA-989988,CLI-29506,2026-06-15 05:51:00,4214628.88,CRC,retiro,sinpe,SJ-001,Tarjeta Crédito
TXN-00018248,CTA-312154,CLI-33860,2026-06-25 17:48:00,538543.8,CRC,deposito,web,CA-001,Cuenta Corriente
TXN-00018249,CTA-843856,CLI-64597,2026-06-24 03:52:00,2251458.59,CRC,comision,app_movil,AL-001,Cuenta Ahorro
TXN-00018250,CTA-125191,CLI-62641,2026-06-17 14:25:00,3012280.81,CRC,comision,sucursal,SJ-002,Cuenta Corriente
TXN-00018251,CTA-111155,CLI-56036,2026-06-22 04:49:00,2527862.69,CRC,pago,app_movil,LI-002,Cuenta Corriente
TXN-00018252,CTA-631941,CLI-18759,2026-06-06 19:18:00,9730.05,CRC,pago,sinpe,LI-002,Préstamo Personal
TXN-00018253,CTA-888638,CLI-26438,2026-06-12 18:40:00,3788351.9,CRC,deposito,sinpe,SJ-002,Tarjeta Crédito
TXN-00018254,CTA-562371,CLI-12802,2026-06-06 04:41:00,3705465.14,CRC,deposito,atm,HE-001,Cuenta Corriente
TXN-00018255,CTA-576929,CLI-21983,2026-06-09 04:09:00,1737995.0,CRC,deposito,app_movil,CA-001,Cuenta Corriente
TXN-00018256,CTA-264539,CLI-95349,2026-06-21 07:53:00,4826918.3,CRC,pago,sucursal,LI-002,Préstamo Hipotecario
TXN-00018257,CTA-903566,CLI-40724,2026-06-28 12:43:00,4315614.55,CRC,transferencia,app_movil,LI-002,Préstamo Hipotecario
TXN-00018258,CTA-577385,CLI-36991,2026-06-29 06:10:00,2349240.31,CRC,pago,sinpe,LI-002,Cuenta Corriente
TXN-00018259,CTA-808116,CLI-31801,2026-06-14 21:08:00,4965485.98,CRC,pago,sucursal,AL-001,Cuenta Ahorro
TXN-00018260,CTA-902473,CLI-49586,2026-06-09 14:00:00,1224201.24,CRC,pago,sucursal,AL-001,Cuenta Corriente
TXN-00018261,CTA-504664,CLI-19432,2026-06-25 09:00:00,2554103.16,CRC,transferencia,sucursal,CA-001,Préstamo Hipotecario
TXN-00018262,CTA-823218,CLI-23200,2026-06-01 13:12:00,2731358.37,CRC,pago,atm,SJ-001,Préstamo Personal
TXN-00018263,CTA-384927,CLI-57127,2026-06-24 09:32:00,83787.18,CRC,transferencia,sucursal,PU-001,Tarjeta Crédito
TXN-00018264,CTA-315336,CLI-31956,2026-06-11 22:57:00,806046.46,CRC,transferencia,sucursal,SJ-001,Préstamo Hipotecario
TXN-00018265,CTA-726104,CLI-72952,2026-06-15 12:19:00,2321049.78,CRC,transferencia,atm,SJ-002,Tarjeta Crédito
TXN-00018266,CTA-727222,CLI-10177,2026-06-12 01:42:00,4255577.57,CRC,comision,sinpe,CA-001,Préstamo Personal
TXN-00018267,CTA-306881,CLI-25003,2026-06-29 15:27:00,3241144.48,CRC,transferencia,app_movil,LI-002,Cuenta Ahorro
TXN-00018268,CTA-237718,CLI-49186,2026-06-13 13:02:00,1419565.64,CRC,comision,web,SJ-001,Tarjeta Crédito
TXN-00018269,CTA-598259,CLI-95639,2026-06-11 22:30:00,2246348.69,CRC,deposito,sinpe,SJ-001,Préstamo Personal
TXN-00018270,CTA-731171,CLI-90716,2026-06-06 16:13:00,4453262.81,CRC,transferencia,sucursal,LI-001,Préstamo Hipotecario
TXN-00018271,CTA-718370,CLI-97277,2026-06-10 22:31:00,4634213.33,CRC,deposito,app_movil,LI-001,Préstamo Hipotecario
TXN-00018272,CTA-847411,CLI-52382,2026-06-19 16:19:00,461941.15,CRC,deposito,web,SJ-002,Tarjeta Crédito
TXN-00018273,CTA-302611,CLI-54405,2026-06-15 19:44:00,142550.95,CRC,comision,app_movil,AL-001,Préstamo Hipotecario
TXN-00018274,CTA-810087,CLI-16649,2026-06-23 02:53:00,4803821.93,CRC,retiro,app_movil,LI-001,Cuenta Corriente
TXN-00018275,CTA-693724,CLI-41698,2026-06-03 04:22:00,2870431.21,CRC,comision,sucursal,SJ-001,Cuenta Ahorro
TXN-00018276,CTA-111667,CLI-15992,2026-06-15 00:05:00,1005709.83,CRC,deposito,web,PU-001,Cuenta Corriente
TXN-00018277,CTA-542001,CLI-36662,2026-06-27 19:58:00,4040373.61,CRC,retiro,atm,HE-001,Cuenta Ahorro
TXN-00018278,CTA-796309,CLI-88412,2026-06-26 04:04:00,3069435.51,CRC,comision,sucursal,SJ-001,Cuenta Ahorro
TXN-00018279,CTA-790286,CLI-32452,2026-06-23 11:12:00,1434789.09,CRC,pago,web,CA-001,Préstamo Personal
TXN-00018280,CTA-622232,CLI-60445,2026-06-08 17:07:00,263434.87,CRC,pago,web,LI-002,Tarjeta Crédito
TXN-00018281,CTA-646580,CLI-75197,2026-06-08 15:02:00,2578046.49,CRC,deposito,atm,PU-001,Préstamo Hipotecario
TXN-00018282,CTA-891208,CLI-76098,2026-06-22 00:19:00,1105381.53,CRC,comision,atm,SJ-001,Cuenta Ahorro
TXN-00018283,CTA-422607,CLI-14391,2026-06-07 14:50:00,4732697.06,CRC,retiro,app_movil,HE-001,Cuenta Ahorro
TXN-00018284,CTA-644362,CLI-82655,2026-06-14 17:02:00,1112090.68,CRC,comision,sinpe,LI-001,Préstamo Hipotecario
TXN-00018285,CTA-766404,CLI-67977,2026-06-27 15:24:00,1333974.18,CRC,retiro,sucursal,SJ-001,Préstamo Personal
TXN-00018286,CTA-378621,CLI-69445,2026-06-21 19:03:00,4459234.52,CRC,pago,web,PU-001,Cuenta Ahorro
TXN-00018287,CTA-462710,CLI-25714,2026-06-22 03:57:00,4940511.11,CRC,deposito,web,CA-001,Cuenta Corriente
TXN-00018288,CTA-146961,CLI-94209,2026-06-26 00:23:00,4420869.97,CRC,comision,atm,HE-001,Cuenta Ahorro
TXN-00018289,CTA-131527,CLI-93281,2026-06-15 13:41:00,4451537.12,CRC,retiro,atm,PU-001,Tarjeta Crédito
TXN-00018290,CTA-890787,CLI-19684,2026-06-24 01:38:00,4725142.85,CRC,transferencia,web,PU-001,Tarjeta Crédito
TXN-00018291,CTA-180237,CLI-75942,2026-06-09 00:24:00,876013.93,CRC,deposito,web,SJ-002,Préstamo Hipotecario
TXN-00018292,CTA-365010,CLI-29256,2026-06-16 06:13:00,1076664.8,CRC,pago,sinpe,LI-002,Préstamo Personal
TXN-00018293,CTA-501721,CLI-40633,2026-06-27 10:42:00,3339244.83,CRC,retiro,web,SJ-002,Tarjeta Crédito
TXN-00018294,CTA-684627,CLI-39572,2026-06-17 23:53:00,1943763.69,CRC,retiro,web,AL-001,Tarjeta Crédito
TXN-00018295,CTA-893089,CLI-41727,2026-06-21 19:28:00,403558.26,CRC,deposito,web,AL-001,Tarjeta Crédito
TXN-00018296,CTA-690560,CLI-41324,2026-06-11 06:15:00,309995.6,CRC,deposito,sinpe,LI-002,Préstamo Personal
TXN-00018297,CTA-843849,CLI-92073,2026-06-20 10:12:00,4057842.67,CRC,retiro,web,LI-001,Tarjeta Crédito
TXN-00018298,CTA-153780,CLI-18426,2026-06-17 19:57:00,207143.78,CRC,transferencia,sucursal,PU-001,Préstamo Personal
TXN-00018299,CTA-401925,CLI-91663,2026-06-12 14:54:00,1693483.57,CRC,comision,sinpe,PU-001,Préstamo Hipotecario
TXN-00018300,CTA-269282,CLI-37321,2026-06-15 09:31:00,4176265.12,CRC,transferencia,sinpe,SJ-001,Préstamo Hipotecario
TXN-00018301,CTA-136615,CLI-43057,2026-06-15 12:30:00,4031442.86,CRC,transferencia,sucursal,SJ-002,Préstamo Hipotecario
TXN-00018302,CTA-256013,CLI-11435,2026-06-24 13:48:00,4611257.74,CRC,pago,web,PU-001,Cuenta Corriente
TXN-00018303,CTA-213769,CLI-38777,2026-06-07 21:20:00,2871556.97,CRC,transferencia,atm,SJ-002,Préstamo Personal
TXN-00018304,CTA-596496,CLI-47386,2026-06-10 23:47:00,1887401.23,CRC,deposito,sinpe,SJ-002,Cuenta Corriente
TXN-00018305,CTA-973232,CLI-93279,2026-06-28 00:27:00,2111164.72,CRC,comision,atm,CA-001,Préstamo Hipotecario
TXN-00018306,CTA-368191,CLI-51264,2026-06-23 16:11:00,1603309.81,CRC,pago,web,SJ-001,Cuenta Ahorro
TXN-00018307,CTA-923914,CLI-11669,2026-06-24 08:50:00,2764527.13,CRC,transferencia,app_movil,PU-001,Préstamo Hipotecario
TXN-00018308,CTA-665859,CLI-79465,2026-06-19 14:10:00,1745857.68,CRC,deposito,app_movil,HE-001,Cuenta Ahorro
TXN-00018309,CTA-670163,CLI-68916,2026-06-18 20:05:00,2783152.04,CRC,transferencia,sucursal,AL-001,Préstamo Personal
TXN-00018310,CTA-583432,CLI-67763,2026-06-07 02:43:00,2934638.57,CRC,pago,web,AL-001,Préstamo Hipotecario
TXN-00018311,CTA-258959,CLI-65008,2026-06-12 15:51:00,3393756.37,CRC,deposito,sucursal,SJ-002,Cuenta Ahorro
TXN-00018312,CTA-732365,CLI-71465,2026-06-29 01:57:00,394964.75,CRC,deposito,sucursal,PU-001,Cuenta Corriente
TXN-00018313,CTA-287440,CLI-81546,2026-06-04 22:40:00,3427098.48,CRC,deposito,sinpe,PU-001,Cuenta Corriente
TXN-00018314,CTA-351840,CLI-76341,2026-06-05 23:29:00,1391878.59,CRC,transferencia,sinpe,HE-001,Cuenta Ahorro
TXN-00018315,CTA-326890,CLI-93545,2026-06-11 06:35:00,2169410.3,CRC,retiro,app_movil,AL-001,Tarjeta Crédito
TXN-00018316,CTA-139420,CLI-63520,2026-06-04 02:58:00,3134339.68,CRC,transferencia,sinpe,HE-001,Préstamo Hipotecario
TXN-00018317,CTA-400829,CLI-47830,2026-06-13 04:13:00,2177427.62,CRC,transferencia,atm,SJ-002,Cuenta Corriente
TXN-00018318,CTA-563404,CLI-67390,2026-06-15 12:45:00,3245960.66,CRC,comision,sucursal,LI-002,Cuenta Ahorro
TXN-00018319,CTA-231210,CLI-70291,2026-06-07 11:37:00,559386.25,CRC,deposito,sucursal,SJ-001,Préstamo Hipotecario
TXN-00018320,CTA-551509,CLI-20733,2026-06-14 05:08:00,929823.27,CRC,deposito,web,HE-001,Préstamo Personal
TXN-00018321,CTA-827367,CLI-81569,2026-06-29 05:36:00,1260163.71,CRC,deposito,atm,LI-002,Préstamo Personal
TXN-00018322,CTA-852899,CLI-14730,2026-06-17 14:56:00,3658339.42,CRC,retiro,web,HE-001,Tarjeta Crédito
TXN-00018323,CTA-474831,CLI-89717,2026-06-30 11:32:00,2508850.44,CRC,comision,atm,CA-001,Cuenta Corriente
TXN-00018324,CTA-294456,CLI-71784,2026-06-26 21:01:00,712060.6,CRC,transferencia,sucursal,LI-002,Cuenta Ahorro
TXN-00018325,CTA-852173,CLI-85558,2026-06-19 06:26:00,2671148.02,CRC,retiro,web,SJ-002,Cuenta Ahorro
TXN-00018326,CTA-502692,CLI-24246,2026-06-14 03:09:00,1667182.52,CRC,comision,sucursal,HE-001,Cuenta Corriente
TXN-00018327,CTA-904588,CLI-13064,2026-06-20 21:42:00,2844429.75,CRC,pago,atm,SJ-001,Préstamo Hipotecario
TXN-00018328,CTA-245569,CLI-95745,2026-06-18 03:00:00,4119652.89,CRC,pago,web,LI-002,Cuenta Ahorro
TXN-00018329,CTA-137614,CLI-91282,2026-06-04 12:28:00,1888081.74,CRC,deposito,web,LI-001,Cuenta Corriente
TXN-00018330,CTA-605719,CLI-83539,2026-06-03 07:25:00,4037744.35,CRC,comision,app_movil,HE-001,Tarjeta Crédito
TXN-00018331,CTA-125825,CLI-63801,2026-06-03 02:05:00,1478677.0,CRC,pago,atm,LI-002,Préstamo Personal
TXN-00018332,CTA-851312,CLI-36638,2026-06-24 20:38:00,3321828.92,CRC,pago,atm,LI-002,Cuenta Corriente
TXN-00018333,CTA-228858,CLI-42861,2026-06-27 04:28:00,3833943.57,CRC,comision,sinpe,LI-001,Cuenta Ahorro
TXN-00018334,CTA-674912,CLI-36114,2026-06-23 23:57:00,3569052.43,CRC,retiro,atm,CA-001,Préstamo Hipotecario
TXN-00018335,CTA-687095,CLI-34408,2026-06-22 09:34:00,2284791.04,CRC,retiro,web,CA-001,Préstamo Personal
TXN-00018336,CTA-997838,CLI-60719,2026-06-20 04:42:00,3415083.08,CRC,pago,web,LI-001,Préstamo Personal
TXN-00018337,CTA-126805,CLI-28684,2026-06-28 12:38:00,4486997.33,CRC,comision,atm,AL-001,Cuenta Ahorro
TXN-00018338,CTA-298466,CLI-94273,2026-06-07 18:13:00,2779239.16,CRC,comision,atm,LI-001,Tarjeta Crédito
TXN-00018339,CTA-565956,CLI-12559,2026-06-29 15:39:00,512002.36,CRC,transferencia,app_movil,SJ-001,Tarjeta Crédito
TXN-00018340,CTA-732957,CLI-92194,2026-06-04 06:09:00,2355581.11,CRC,deposito,app_movil,LI-002,Préstamo Hipotecario
TXN-00018341,CTA-757510,CLI-54541,2026-06-07 06:45:00,2695723.94,CRC,deposito,sinpe,LI-002,Préstamo Personal
TXN-00018342,CTA-936124,CLI-28430,2026-06-28 18:48:00,2684326.31,CRC,comision,web,LI-002,Cuenta Corriente
TXN-00018343,CTA-281854,CLI-92073,2026-06-08 12:18:00,1170297.03,CRC,retiro,sucursal,SJ-001,Tarjeta Crédito
TXN-00018344,CTA-564444,CLI-75305,2026-06-25 20:07:00,3616497.43,CRC,transferencia,sinpe,SJ-001,Préstamo Personal
TXN-00018345,CTA-166303,CLI-28407,2026-06-14 08:42:00,3174343.16,CRC,retiro,app_movil,SJ-002,Tarjeta Crédito
TXN-00018346,CTA-498782,CLI-67168,2026-06-22 01:16:00,4618584.95,CRC,pago,web,LI-002,Préstamo Hipotecario
TXN-00018347,CTA-465402,CLI-43095,2026-06-10 20:58:00,2890417.87,CRC,deposito,web,AL-001,Préstamo Hipotecario
TXN-00018348,CTA-368341,CLI-20477,2026-06-06 22:56:00,241066.56,CRC,transferencia,app_movil,CA-001,Préstamo Personal
TXN-00018349,CTA-361129,CLI-76135,2026-06-07 11:06:00,1590821.82,CRC,deposito,sucursal,HE-001,Préstamo Personal
TXN-00018350,CTA-191900,CLI-43569,2026-06-26 05:14:00,2891096.68,CRC,retiro,app_movil,HE-001,Préstamo Personal
TXN-00018351,CTA-310933,CLI-84647,2026-06-18 13:11:00,3980353.36,CRC,transferencia,sucursal,HE-001,Cuenta Corriente
TXN-00018352,CTA-157336,CLI-94101,2026-06-15 11:10:00,376723.43,CRC,retiro,sinpe,LI-001,Tarjeta Crédito
TXN-00018353,CTA-248308,CLI-79126,2026-06-20 11:12:00,4765632.58,CRC,retiro,web,PU-001,Tarjeta Crédito
TXN-00018354,CTA-417600,CLI-20774,2026-06-02 13:51:00,4877662.45,CRC,pago,sinpe,SJ-001,Préstamo Hipotecario
TXN-00018355,CTA-900745,CLI-15669,2026-06-01 22:38:00,2035763.07,CRC,retiro,atm,PU-001,Cuenta Ahorro
TXN-00018356,CTA-352558,CLI-79398,2026-06-13 02:15:00,2730778.43,CRC,pago,app_movil,AL-001,Préstamo Personal
TXN-00018357,CTA-122601,CLI-24780,2026-06-21 22:17:00,4486720.39,CRC,pago,sinpe,LI-002,Cuenta Corriente
TXN-00018358,CTA-813341,CLI-80593,2026-06-20 06:57:00,1561670.3,CRC,pago,web,LI-001,Cuenta Corriente
TXN-00018359,CTA-275399,CLI-75349,2026-06-09 11:34:00,2458816.7,CRC,deposito,atm,PU-001,Cuenta Ahorro
TXN-00018360,CTA-516778,CLI-31898,2026-06-29 01:06:00,4359259.33,CRC,retiro,atm,LI-002,Préstamo Personal
TXN-00018361,CTA-350327,CLI-96356,2026-06-11 18:44:00,203766.67,CRC,comision,sucursal,SJ-002,Tarjeta Crédito
TXN-00018362,CTA-736651,CLI-76645,2026-06-07 19:28:00,835043.3,CRC,pago,sucursal,HE-001,Cuenta Ahorro
TXN-00018363,CTA-167143,CLI-59542,2026-06-28 23:54:00,4261550.78,CRC,pago,atm,PU-001,Préstamo Hipotecario
TXN-00018364,CTA-645617,CLI-74238,2026-06-02 17:27:00,4450058.51,CRC,comision,atm,CA-001,Préstamo Personal
TXN-00018365,CTA-692067,CLI-75199,2026-06-02 08:34:00,4635666.55,CRC,retiro,sinpe,LI-001,Cuenta Ahorro
TXN-00018366,CTA-417128,CLI-37452,2026-06-07 11:41:00,2921931.53,CRC,pago,sucursal,LI-001,Cuenta Ahorro
TXN-00018367,CTA-745602,CLI-90185,2026-06-25 15:52:00,2949220.54,CRC,comision,sucursal,PU-001,Préstamo Hipotecario
TXN-00018368,CTA-124355,CLI-25824,2026-06-14 09:00:00,4926008.43,CRC,retiro,web,HE-001,Préstamo Hipotecario
TXN-00018369,CTA-415117,CLI-52540,2026-06-08 08:24:00,3761368.75,CRC,deposito,sucursal,SJ-001,Cuenta Ahorro
TXN-00018370,CTA-382960,CLI-72526,2026-06-20 20:39:00,4993739.22,CRC,pago,sucursal,SJ-002,Tarjeta Crédito
TXN-00018371,CTA-435043,CLI-42196,2026-06-14 04:45:00,2303675.52,CRC,comision,sinpe,LI-001,Tarjeta Crédito
TXN-00018372,CTA-213213,CLI-29452,2026-06-15 08:03:00,3385456.49,CRC,comision,app_movil,AL-001,Préstamo Personal
TXN-00018373,CTA-937528,CLI-26769,2026-06-11 17:51:00,2367154.21,CRC,comision,app_movil,SJ-001,Tarjeta Crédito
TXN-00018374,CTA-957697,CLI-41269,2026-06-18 06:11:00,834620.1,CRC,deposito,app_movil,AL-001,Cuenta Ahorro
TXN-00018375,CTA-219857,CLI-26778,2026-06-17 17:59:00,1743735.33,CRC,retiro,app_movil,HE-001,Cuenta Corriente
TXN-00018376,CTA-213634,CLI-77428,2026-06-19 10:33:00,601135.71,CRC,deposito,app_movil,LI-001,Cuenta Corriente
TXN-00018377,CTA-725247,CLI-79669,2026-06-10 04:33:00,3974340.23,CRC,retiro,sinpe,CA-001,Cuenta Ahorro
TXN-00018378,CTA-441740,CLI-92583,2026-06-09 00:32:00,3561975.89,CRC,retiro,sucursal,CA-001,Tarjeta Crédito
TXN-00018379,CTA-277097,CLI-19431,2026-06-12 00:15:00,963141.68,CRC,pago,sucursal,SJ-002,Préstamo Hipotecario
TXN-00018380,CTA-380881,CLI-51300,2026-06-11 22:50:00,3220224.8,CRC,comision,sinpe,PU-001,Cuenta Corriente
TXN-00018381,CTA-245530,CLI-70606,2026-06-30 02:21:00,4324749.0,CRC,deposito,atm,SJ-002,Cuenta Corriente
TXN-00018382,CTA-828385,CLI-56734,2026-06-20 12:29:00,2275472.25,CRC,deposito,web,HE-001,Cuenta Corriente
TXN-00018383,CTA-925339,CLI-82518,2026-06-24 00:59:00,2233688.2,CRC,transferencia,web,AL-001,Cuenta Ahorro
TXN-00018384,CTA-914315,CLI-57675,2026-06-06 17:08:00,2632331.57,CRC,comision,sinpe,HE-001,Tarjeta Crédito
TXN-00018385,CTA-222947,CLI-28957,2026-06-16 14:42:00,3491415.13,CRC,deposito,atm,CA-001,Préstamo Hipotecario
TXN-00018386,CTA-160357,CLI-16817,2026-06-01 15:45:00,1954690.63,CRC,retiro,app_movil,SJ-001,Préstamo Hipotecario
TXN-00018387,CTA-137614,CLI-83425,2026-06-18 14:00:00,1056880.35,CRC,comision,sinpe,SJ-001,Cuenta Corriente
TXN-00018388,CTA-805784,CLI-47356,2026-06-01 12:46:00,2145728.14,CRC,transferencia,sinpe,SJ-001,Cuenta Corriente
TXN-00018389,CTA-458786,CLI-80405,2026-06-12 13:22:00,3535723.98,CRC,retiro,sucursal,HE-001,Cuenta Ahorro
TXN-00018390,CTA-791194,CLI-96962,2026-06-15 23:25:00,1783633.63,CRC,retiro,atm,LI-001,Tarjeta Crédito
TXN-00018391,CTA-632936,CLI-48218,2026-06-02 03:41:00,1662056.67,CRC,transferencia,web,LI-002,Préstamo Hipotecario
TXN-00018392,CTA-621919,CLI-16439,2026-06-09 03:03:00,3331601.48,CRC,retiro,sinpe,SJ-002,Cuenta Ahorro
TXN-00018393,CTA-781268,CLI-83639,2026-06-02 04:37:00,3491617.48,CRC,retiro,app_movil,AL-001,Cuenta Corriente
TXN-00018394,CTA-164373,CLI-13734,2026-06-28 23:30:00,3979436.7,CRC,transferencia,web,SJ-002,Cuenta Corriente
TXN-00018395,CTA-540296,CLI-83317,2026-06-13 05:15:00,1153829.1,CRC,transferencia,app_movil,PU-001,Tarjeta Crédito
TXN-00018396,CTA-430089,CLI-11161,2026-06-04 00:22:00,3314270.75,CRC,transferencia,web,SJ-002,Préstamo Hipotecario
TXN-00018397,CTA-835156,CLI-74787,2026-06-26 07:06:00,4475782.69,CRC,pago,atm,CA-001,Cuenta Ahorro
TXN-00018398,CTA-311190,CLI-59926,2026-06-14 16:56:00,2216608.26,CRC,retiro,sinpe,HE-001,Cuenta Corriente
TXN-00018399,CTA-584789,CLI-45810,2026-06-24 00:10:00,1626280.37,CRC,comision,web,SJ-001,Cuenta Ahorro
TXN-00018400,CTA-902765,CLI-19909,2026-06-25 01:01:00,2507211.58,CRC,pago,atm,LI-002,Préstamo Personal
TXN-00018401,CTA-784421,CLI-21831,2026-06-07 20:54:00,3166691.17,CRC,deposito,atm,LI-002,Préstamo Hipotecario
TXN-00018402,CTA-583709,CLI-68174,2026-06-11 02:33:00,1495373.05,CRC,comision,atm,PU-001,Préstamo Personal
TXN-00018403,CTA-854352,CLI-58239,2026-06-21 05:50:00,3176512.82,CRC,pago,app_movil,CA-001,Cuenta Ahorro
TXN-00018404,CTA-205561,CLI-26301,2026-06-24 17:44:00,2661354.91,CRC,retiro,web,LI-001,Cuenta Ahorro
TXN-00018405,CTA-177362,CLI-59709,2026-06-12 09:43:00,2802877.65,CRC,retiro,atm,SJ-002,Cuenta Corriente
TXN-00018406,CTA-714849,CLI-11456,2026-06-12 23:55:00,168234.94,CRC,comision,sinpe,CA-001,Préstamo Personal
TXN-00018407,CTA-325683,CLI-64068,2026-06-15 02:12:00,4150575.77,CRC,pago,app_movil,CA-001,Cuenta Ahorro
TXN-00018408,CTA-780491,CLI-57020,2026-06-18 06:59:00,531180.65,CRC,transferencia,sucursal,LI-001,Cuenta Ahorro
TXN-00018409,CTA-712940,CLI-98198,2026-06-03 11:45:00,332201.29,CRC,retiro,atm,AL-001,Tarjeta Crédito
TXN-00018410,CTA-536017,CLI-72224,2026-06-17 03:37:00,1306316.96,CRC,pago,sucursal,PU-001,Cuenta Ahorro
TXN-00018411,CTA-852750,CLI-63103,2026-06-24 09:31:00,3677484.22,CRC,retiro,atm,PU-001,Tarjeta Crédito
TXN-00018412,CTA-700954,CLI-90464,2026-06-17 02:29:00,4925349.8,CRC,pago,app_movil,AL-001,Cuenta Corriente
TXN-00018413,CTA-940480,CLI-52080,2026-06-08 10:48:00,4826082.06,CRC,comision,sinpe,LI-001,Cuenta Ahorro
TXN-00018414,CTA-794526,CLI-89357,2026-06-25 07:53:00,505592.07,CRC,retiro,web,PU-001,Préstamo Personal
TXN-00018415,CTA-604706,CLI-88209,2026-06-09 11:40:00,1154961.16,CRC,comision,atm,CA-001,Cuenta Corriente
TXN-00018416,CTA-246341,CLI-62741,2026-06-25 02:33:00,1120440.43,CRC,comision,app_movil,AL-001,Tarjeta Crédito
TXN-00018417,CTA-316875,CLI-77401,2026-06-03 00:18:00,4863201.01,CRC,pago,sinpe,SJ-002,Tarjeta Crédito
TXN-00018418,CTA-682980,CLI-94661,2026-06-18 16:07:00,863541.25,CRC,transferencia,sinpe,PU-001,Préstamo Hipotecario
TXN-00018419,CTA-235485,CLI-41506,2026-06-11 03:11:00,4190538.4,CRC,retiro,web,HE-001,Cuenta Corriente
TXN-00018420,CTA-501866,CLI-42660,2026-06-22 09:25:00,3778592.3,CRC,comision,web,LI-002,Cuenta Ahorro
TXN-00018421,CTA-287834,CLI-99581,2026-06-18 22:08:00,3472552.14,CRC,retiro,web,LI-001,Tarjeta Crédito
TXN-00018422,CTA-582925,CLI-43407,2026-06-14 04:16:00,1153741.13,CRC,retiro,atm,LI-002,Cuenta Ahorro
TXN-00018423,CTA-660995,CLI-54273,2026-06-08 16:24:00,2243220.24,CRC,comision,app_movil,LI-001,Cuenta Ahorro
TXN-00018424,CTA-849700,CLI-88148,2026-06-07 10:10:00,323035.1,CRC,comision,atm,HE-001,Cuenta Ahorro
TXN-00018425,CTA-456919,CLI-21714,2026-06-17 21:56:00,4422990.65,CRC,deposito,atm,SJ-002,Cuenta Corriente
TXN-00018426,CTA-146468,CLI-55863,2026-06-13 23:17:00,204810.43,CRC,deposito,web,CA-001,Préstamo Hipotecario
TXN-00018427,CTA-255553,CLI-11274,2026-06-11 10:53:00,4902785.42,CRC,deposito,sucursal,LI-001,Cuenta Ahorro
TXN-00018428,CTA-625017,CLI-54399,2026-06-29 16:02:00,4249390.74,CRC,transferencia,sinpe,LI-002,Préstamo Hipotecario
TXN-00018429,CTA-940532,CLI-99793,2026-06-17 09:50:00,2713259.93,CRC,retiro,sucursal,AL-001,Cuenta Corriente
TXN-00018430,CTA-118644,CLI-49730,2026-06-12 04:25:00,3705316.38,CRC,deposito,app_movil,LI-001,Tarjeta Crédito
TXN-00018431,CTA-514913,CLI-95664,2026-06-27 10:11:00,841040.79,CRC,pago,app_movil,AL-001,Préstamo Personal
TXN-00018432,CTA-192894,CLI-31663,2026-06-21 10:35:00,155433.23,CRC,transferencia,sinpe,AL-001,Préstamo Personal
TXN-00018433,CTA-279302,CLI-42688,2026-06-17 00:52:00,2652743.38,CRC,pago,sinpe,SJ-002,Cuenta Ahorro
TXN-00018434,CTA-605005,CLI-58737,2026-06-21 12:38:00,2904045.2,CRC,deposito,app_movil,CA-001,Préstamo Personal
TXN-00018435,CTA-657273,CLI-13732,2026-06-26 09:06:00,4297660.78,CRC,pago,sucursal,CA-001,Cuenta Ahorro
TXN-00018436,CTA-940135,CLI-25805,2026-06-28 07:49:00,2182638.8,CRC,comision,atm,HE-001,Cuenta Ahorro
TXN-00018437,CTA-470114,CLI-38352,2026-06-18 18:51:00,1120236.43,CRC,deposito,sinpe,SJ-002,Cuenta Ahorro
TXN-00018438,CTA-780602,CLI-60987,2026-06-21 02:30:00,1285463.24,CRC,retiro,web,SJ-001,Cuenta Corriente
TXN-00018439,CTA-873598,CLI-37526,2026-06-20 10:52:00,3488717.34,CRC,retiro,sucursal,SJ-002,Cuenta Corriente
TXN-00018440,CTA-175041,CLI-81373,2026-06-12 11:22:00,44893.97,CRC,transferencia,sinpe,SJ-001,Préstamo Personal
TXN-00018441,CTA-594491,CLI-35394,2026-06-04 07:41:00,2825594.57,CRC,pago,app_movil,LI-001,Préstamo Personal
TXN-00018442,CTA-279001,CLI-79563,2026-06-20 07:29:00,913454.42,CRC,pago,app_movil,CA-001,Cuenta Corriente
TXN-00018443,CTA-993773,CLI-63112,2026-06-17 19:32:00,1882127.35,CRC,deposito,app_movil,AL-001,Tarjeta Crédito
TXN-00018444,CTA-447829,CLI-39366,2026-06-22 09:44:00,2091706.19,CRC,transferencia,app_movil,AL-001,Cuenta Ahorro
TXN-00018445,CTA-156200,CLI-96622,2026-06-10 03:17:00,2437839.24,CRC,transferencia,web,AL-001,Préstamo Personal
TXN-00018446,CTA-874088,CLI-25541,2026-06-07 16:59:00,2396621.72,CRC,transferencia,sinpe,LI-002,Préstamo Personal
TXN-00018447,CTA-794399,CLI-91166,2026-06-16 04:40:00,3723534.55,CRC,comision,sinpe,HE-001,Cuenta Corriente
TXN-00018448,CTA-831519,CLI-40587,2026-06-13 17:10:00,2053089.82,CRC,retiro,web,PU-001,Préstamo Personal
TXN-00018449,CTA-694216,CLI-56128,2026-06-10 12:33:00,4301056.05,CRC,retiro,app_movil,SJ-001,Préstamo Personal
TXN-00018450,CTA-876789,CLI-33262,2026-06-29 06:49:00,2991069.02,CRC,deposito,atm,PU-001,Tarjeta Crédito
TXN-00018451,CTA-386106,CLI-89332,2026-06-05 00:15:00,3750690.01,CRC,deposito,sinpe,PU-001,Tarjeta Crédito
TXN-00018452,CTA-697693,CLI-87280,2026-06-26 18:55:00,3164315.54,CRC,comision,atm,SJ-001,Préstamo Hipotecario
TXN-00018453,CTA-521100,CLI-11621,2026-06-23 07:17:00,4942199.97,CRC,transferencia,sinpe,SJ-001,Cuenta Corriente
TXN-00018454,CTA-489714,CLI-35460,2026-06-30 05:15:00,4448867.91,CRC,retiro,app_movil,CA-001,Préstamo Personal
TXN-00018455,CTA-621119,CLI-62647,2026-06-28 06:31:00,4243541.99,CRC,comision,web,CA-001,Préstamo Personal
TXN-00018456,CTA-861440,CLI-15014,2026-06-25 11:00:00,1700101.59,CRC,deposito,web,LI-001,Cuenta Corriente
TXN-00018457,CTA-731077,CLI-88122,2026-06-28 10:18:00,3292407.76,CRC,comision,sinpe,PU-001,Préstamo Personal
TXN-00018458,CTA-898530,CLI-11459,2026-06-03 19:21:00,805193.81,CRC,pago,sucursal,PU-001,Préstamo Hipotecario
TXN-00018459,CTA-605439,CLI-35178,2026-06-21 15:40:00,4300533.71,CRC,pago,atm,HE-001,Cuenta Corriente
TXN-00018460,CTA-634861,CLI-17346,2026-06-12 09:21:00,4569410.37,CRC,pago,atm,LI-002,Cuenta Ahorro
TXN-00018461,CTA-135573,CLI-40801,2026-06-06 11:09:00,3476611.33,CRC,retiro,sucursal,SJ-001,Préstamo Personal
TXN-00018462,CTA-769117,CLI-69370,2026-06-14 09:46:00,1115123.73,CRC,deposito,app_movil,CA-001,Tarjeta Crédito
TXN-00018463,CTA-294257,CLI-63992,2026-06-30 14:03:00,4783703.6,CRC,retiro,web,LI-002,Tarjeta Crédito
TXN-00018464,CTA-264290,CLI-49650,2026-06-01 02:09:00,3769711.63,CRC,comision,atm,PU-001,Tarjeta Crédito
TXN-00018465,CTA-373910,CLI-57910,2026-06-06 19:15:00,2009180.86,CRC,deposito,app_movil,SJ-002,Préstamo Hipotecario
TXN-00018466,CTA-143136,CLI-16015,2026-06-08 03:44:00,2453228.99,CRC,transferencia,sucursal,AL-001,Préstamo Personal
TXN-00018467,CTA-789597,CLI-71159,2026-06-22 14:31:00,3127856.9,CRC,transferencia,sucursal,SJ-001,Préstamo Personal
TXN-00018468,CTA-693382,CLI-59086,2026-06-20 04:12:00,1982640.26,CRC,pago,app_movil,AL-001,Tarjeta Crédito
TXN-00018469,CTA-802554,CLI-53937,2026-06-27 20:12:00,3056374.59,CRC,retiro,web,AL-001,Préstamo Hipotecario
TXN-00018470,CTA-139682,CLI-10637,2026-06-01 23:04:00,264118.48,CRC,comision,atm,CA-001,Préstamo Hipotecario
TXN-00018471,CTA-856510,CLI-29058,2026-06-13 07:55:00,1708170.74,CRC,retiro,atm,HE-001,Cuenta Corriente
TXN-00018472,CTA-373457,CLI-92980,2026-06-14 22:30:00,2952429.14,CRC,deposito,atm,CA-001,Tarjeta Crédito
TXN-00018473,CTA-954202,CLI-92182,2026-06-20 04:30:00,2403742.82,CRC,comision,sinpe,SJ-002,Tarjeta Crédito
TXN-00018474,CTA-238524,CLI-37120,2026-06-17 10:45:00,497571.93,CRC,retiro,sinpe,AL-001,Tarjeta Crédito
TXN-00018475,CTA-339192,CLI-99334,2026-06-06 14:44:00,2151095.39,CRC,deposito,app_movil,HE-001,Cuenta Corriente
TXN-00018476,CTA-351249,CLI-77674,2026-06-05 11:51:00,3444939.4,CRC,deposito,sinpe,PU-001,Cuenta Corriente
TXN-00018477,CTA-593166,CLI-44603,2026-06-14 14:33:00,4211954.47,CRC,retiro,sucursal,AL-001,Cuenta Ahorro
TXN-00018478,CTA-673555,CLI-95188,2026-06-09 16:34:00,4828369.16,CRC,pago,sucursal,CA-001,Tarjeta Crédito
TXN-00018479,CTA-387123,CLI-58126,2026-06-21 13:29:00,4390960.47,CRC,deposito,web,AL-001,Cuenta Corriente
TXN-00018480,CTA-496473,CLI-52882,2026-06-22 12:58:00,2360075.58,CRC,retiro,sucursal,HE-001,Préstamo Hipotecario
TXN-00018481,CTA-777348,CLI-32899,2026-06-26 14:02:00,2659369.19,CRC,comision,sucursal,SJ-001,Cuenta Corriente
TXN-00018482,CTA-529744,CLI-24248,2026-06-01 12:03:00,2052795.91,CRC,retiro,web,CA-001,Préstamo Hipotecario
TXN-00018483,CTA-920138,CLI-73215,2026-06-26 10:40:00,4516117.53,CRC,comision,sucursal,AL-001,Préstamo Personal
TXN-00018484,CTA-801440,CLI-35822,2026-06-26 19:18:00,2515103.18,CRC,pago,sinpe,LI-001,Cuenta Corriente
TXN-00018485,CTA-840961,CLI-36952,2026-06-28 15:29:00,526118.22,CRC,transferencia,sucursal,CA-001,Cuenta Ahorro
TXN-00018486,CTA-959401,CLI-46832,2026-06-03 13:34:00,123161.38,CRC,pago,app_movil,LI-001,Cuenta Corriente
TXN-00018487,CTA-895185,CLI-74734,2026-06-22 02:02:00,654256.31,CRC,pago,atm,PU-001,Préstamo Personal
TXN-00018488,CTA-116041,CLI-14081,2026-06-02 01:25:00,1404407.54,CRC,retiro,sinpe,AL-001,Cuenta Ahorro
TXN-00018489,CTA-424651,CLI-52304,2026-06-09 13:38:00,4035858.86,CRC,retiro,sucursal,AL-001,Préstamo Hipotecario
TXN-00018490,CTA-422689,CLI-90483,2026-06-17 08:45:00,64407.05,CRC,comision,sucursal,LI-001,Tarjeta Crédito
TXN-00018491,CTA-577488,CLI-62492,2026-06-20 23:35:00,3286376.05,CRC,retiro,atm,AL-001,Préstamo Personal
TXN-00018492,CTA-550210,CLI-14875,2026-06-05 08:50:00,4974771.37,CRC,retiro,app_movil,PU-001,Tarjeta Crédito
TXN-00018493,CTA-597132,CLI-35500,2026-06-08 22:35:00,3991133.55,CRC,transferencia,sinpe,PU-001,Cuenta Ahorro
TXN-00018494,CTA-330628,CLI-86029,2026-06-25 22:14:00,603518.81,CRC,transferencia,atm,HE-001,Cuenta Ahorro
TXN-00018495,CTA-275658,CLI-71572,2026-06-17 02:10:00,4464506.88,CRC,transferencia,sucursal,SJ-001,Cuenta Corriente
TXN-00018496,CTA-704782,CLI-72560,2026-06-01 17:54:00,3434877.27,CRC,deposito,sinpe,PU-001,Cuenta Corriente
TXN-00018497,CTA-986601,CLI-98040,2026-06-24 10:34:00,73524.14,CRC,comision,app_movil,LI-001,Cuenta Ahorro
TXN-00018498,CTA-213430,CLI-57409,2026-06-03 07:47:00,1874397.64,CRC,pago,sucursal,SJ-002,Cuenta Ahorro
TXN-00018499,CTA-847368,CLI-78934,2026-06-16 14:51:00,1296239.02,CRC,deposito,sinpe,LI-001,Cuenta Corriente
TXN-00018500,CTA-806233,CLI-60794,2026-06-27 19:54:00,4179785.73,CRC,comision,web,CA-001,Préstamo Personal
TXN-00018501,CTA-652272,CLI-56005,2026-06-21 06:06:00,1813811.52,CRC,deposito,sinpe,PU-001,Cuenta Corriente
TXN-00018502,CTA-531578,CLI-32180,2026-06-19 03:18:00,3387062.55,CRC,comision,atm,SJ-002,Cuenta Corriente
TXN-00018503,CTA-975343,CLI-91964,2026-06-15 10:40:00,948429.33,CRC,comision,sinpe,CA-001,Préstamo Personal
TXN-00018504,CTA-689165,CLI-68103,2026-06-22 16:42:00,1523802.02,CRC,transferencia,web,LI-002,Cuenta Corriente
TXN-00018505,CTA-962233,CLI-14593,2026-06-06 02:38:00,2118105.27,CRC,deposito,web,CA-001,Cuenta Corriente
TXN-00018506,CTA-109478,CLI-32055,2026-06-19 14:17:00,1857613.13,CRC,deposito,web,AL-001,Tarjeta Crédito
TXN-00018507,CTA-716779,CLI-38344,2026-06-26 03:59:00,336497.84,CRC,deposito,app_movil,PU-001,Tarjeta Crédito
TXN-00018508,CTA-903684,CLI-54131,2026-06-22 01:05:00,2310715.81,CRC,comision,app_movil,SJ-002,Préstamo Personal
TXN-00018509,CTA-349106,CLI-98901,2026-06-03 20:39:00,1860830.25,CRC,comision,atm,SJ-002,Préstamo Hipotecario
TXN-00018510,CTA-374936,CLI-40541,2026-06-14 22:29:00,4386629.47,CRC,comision,app_movil,PU-001,Cuenta Corriente
TXN-00018511,CTA-472863,CLI-24330,2026-06-01 00:58:00,1855621.41,CRC,deposito,app_movil,SJ-001,Préstamo Personal
TXN-00018512,CTA-548763,CLI-68028,2026-06-16 22:52:00,3579828.73,CRC,transferencia,sinpe,PU-001,Préstamo Hipotecario
TXN-00018513,CTA-713095,CLI-56144,2026-06-22 05:14:00,3338131.89,CRC,comision,sinpe,LI-002,Tarjeta Crédito
TXN-00018514,CTA-697417,CLI-63554,2026-06-11 23:12:00,4994414.78,CRC,retiro,app_movil,SJ-001,Préstamo Hipotecario
TXN-00018515,CTA-277954,CLI-68288,2026-06-23 10:28:00,4499223.19,CRC,deposito,sinpe,AL-001,Tarjeta Crédito
TXN-00018516,CTA-265381,CLI-61652,2026-06-07 13:55:00,1583138.65,CRC,deposito,atm,SJ-001,Préstamo Hipotecario
TXN-00018517,CTA-817462,CLI-22922,2026-06-09 22:22:00,2152917.76,CRC,comision,app_movil,SJ-001,Tarjeta Crédito
TXN-00018518,CTA-913756,CLI-67288,2026-06-28 08:00:00,4509656.27,CRC,retiro,app_movil,CA-001,Cuenta Ahorro
TXN-00018519,CTA-918821,CLI-39295,2026-06-17 02:39:00,2588428.77,CRC,deposito,web,PU-001,Préstamo Personal
TXN-00018520,CTA-752033,CLI-12866,2026-06-11 18:53:00,3535326.07,CRC,comision,web,LI-001,Cuenta Ahorro
TXN-00018521,CTA-399606,CLI-44405,2026-06-17 15:38:00,1324547.79,CRC,retiro,web,AL-001,Cuenta Corriente
TXN-00018522,CTA-742317,CLI-64154,2026-06-26 22:51:00,3699246.99,CRC,comision,sinpe,PU-001,Cuenta Ahorro
TXN-00018523,CTA-955019,CLI-37738,2026-06-08 03:40:00,4143135.68,CRC,deposito,sucursal,AL-001,Préstamo Personal
TXN-00018524,CTA-987617,CLI-60082,2026-06-26 16:08:00,4017759.59,CRC,pago,sucursal,SJ-002,Préstamo Hipotecario
TXN-00018525,CTA-356685,CLI-20711,2026-06-10 02:47:00,4159459.14,CRC,comision,app_movil,HE-001,Préstamo Personal
TXN-00018526,CTA-859997,CLI-78240,2026-06-05 02:12:00,4604156.22,CRC,retiro,web,CA-001,Cuenta Ahorro
TXN-00018527,CTA-442000,CLI-34172,2026-06-20 11:19:00,166568.12,CRC,pago,app_movil,LI-001,Préstamo Hipotecario
TXN-00018528,CTA-545666,CLI-38582,2026-06-08 11:51:00,4682370.21,CRC,pago,sinpe,AL-001,Tarjeta Crédito
TXN-00018529,CTA-634061,CLI-68719,2026-06-11 15:34:00,1501733.32,CRC,pago,sucursal,LI-001,Préstamo Personal
TXN-00018530,CTA-788308,CLI-22020,2026-06-10 01:13:00,2144033.93,CRC,pago,sinpe,HE-001,Cuenta Corriente
TXN-00018531,CTA-608722,CLI-28489,2026-06-29 05:48:00,299906.69,CRC,pago,app_movil,HE-001,Préstamo Personal
TXN-00018532,CTA-246629,CLI-31344,2026-06-07 22:56:00,333672.86,CRC,comision,web,SJ-002,Préstamo Hipotecario
TXN-00018533,CTA-361512,CLI-70097,2026-06-24 13:22:00,1165298.31,CRC,transferencia,app_movil,CA-001,Cuenta Corriente
TXN-00018534,CTA-494279,CLI-74589,2026-06-28 14:39:00,2192670.08,CRC,deposito,sucursal,CA-001,Cuenta Ahorro
TXN-00018535,CTA-551769,CLI-96430,2026-06-08 21:13:00,4704464.46,CRC,deposito,app_movil,PU-001,Cuenta Ahorro
TXN-00018536,CTA-175361,CLI-51360,2026-06-20 23:05:00,80959.97,CRC,comision,atm,HE-001,Préstamo Personal
TXN-00018537,CTA-659392,CLI-97861,2026-06-30 16:44:00,2647785.44,CRC,pago,web,SJ-002,Tarjeta Crédito
TXN-00018538,CTA-897314,CLI-89835,2026-06-09 18:18:00,3847707.51,CRC,pago,web,HE-001,Tarjeta Crédito
TXN-00018539,CTA-571573,CLI-44358,2026-06-04 04:18:00,1502631.99,CRC,comision,app_movil,SJ-002,Tarjeta Crédito
TXN-00018540,CTA-998969,CLI-53897,2026-06-09 23:49:00,2452621.42,CRC,transferencia,app_movil,CA-001,Tarjeta Crédito
TXN-00018541,CTA-581266,CLI-84045,2026-06-30 19:26:00,1216457.8,CRC,pago,sinpe,AL-001,Préstamo Hipotecario
TXN-00018542,CTA-132391,CLI-88423,2026-06-15 12:26:00,3017270.71,CRC,retiro,app_movil,HE-001,Cuenta Corriente
TXN-00018543,CTA-472226,CLI-11590,2026-06-07 06:06:00,4372985.75,CRC,retiro,atm,SJ-002,Cuenta Ahorro
TXN-00018544,CTA-289096,CLI-27539,2026-06-06 04:11:00,4044370.37,CRC,transferencia,sucursal,SJ-001,Cuenta Corriente
TXN-00018545,CTA-571857,CLI-51675,2026-06-06 09:00:00,4813041.59,CRC,transferencia,web,HE-001,Cuenta Ahorro
TXN-00018546,CTA-359006,CLI-82385,2026-06-19 15:55:00,265627.82,CRC,comision,sinpe,LI-001,Préstamo Hipotecario
TXN-00018547,CTA-816659,CLI-99354,2026-06-14 14:18:00,4509951.44,CRC,comision,web,CA-001,Cuenta Corriente
TXN-00018548,CTA-194406,CLI-41638,2026-06-09 13:52:00,2245006.23,CRC,transferencia,web,HE-001,Cuenta Ahorro
TXN-00018549,CTA-643304,CLI-65697,2026-06-15 14:28:00,2942251.72,CRC,deposito,sucursal,SJ-001,Cuenta Corriente
TXN-00018550,CTA-298856,CLI-68900,2026-06-23 14:24:00,2327344.13,CRC,deposito,sucursal,HE-001,Tarjeta Crédito
TXN-00018551,CTA-345124,CLI-24091,2026-06-01 04:33:00,1241762.3,CRC,transferencia,atm,LI-001,Préstamo Personal
TXN-00018552,CTA-332365,CLI-63760,2026-06-29 07:58:00,3125840.27,CRC,transferencia,app_movil,LI-001,Cuenta Ahorro
TXN-00018553,CTA-462611,CLI-93625,2026-06-09 16:57:00,2110856.74,CRC,retiro,sinpe,LI-002,Cuenta Ahorro
TXN-00018554,CTA-543502,CLI-86949,2026-06-18 09:12:00,1703867.11,CRC,transferencia,sinpe,LI-001,Préstamo Hipotecario
TXN-00018555,CTA-420456,CLI-65637,2026-06-13 13:48:00,4882678.72,CRC,retiro,app_movil,AL-001,Préstamo Hipotecario
TXN-00018556,CTA-813189,CLI-74354,2026-06-23 15:35:00,641861.41,CRC,transferencia,sinpe,CA-001,Cuenta Ahorro
TXN-00018557,CTA-761114,CLI-40721,2026-06-16 05:02:00,1404514.08,CRC,transferencia,app_movil,SJ-002,Préstamo Personal
TXN-00018558,CTA-930366,CLI-12658,2026-06-10 05:17:00,4566952.35,CRC,deposito,sinpe,CA-001,Préstamo Hipotecario
TXN-00018559,CTA-492708,CLI-17455,2026-06-09 20:25:00,77695.12,CRC,transferencia,sucursal,PU-001,Tarjeta Crédito
TXN-00018560,CTA-961621,CLI-84038,2026-06-21 19:18:00,3493525.68,CRC,pago,sinpe,CA-001,Préstamo Personal
TXN-00018561,CTA-469787,CLI-82050,2026-06-08 17:52:00,1482434.65,CRC,transferencia,sinpe,LI-002,Préstamo Personal
TXN-00018562,CTA-758271,CLI-85579,2026-06-19 23:04:00,367783.2,CRC,pago,sinpe,SJ-002,Tarjeta Crédito
TXN-00018563,CTA-483287,CLI-51008,2026-06-10 10:10:00,4739167.15,CRC,comision,sinpe,AL-001,Tarjeta Crédito
TXN-00018564,CTA-276295,CLI-62145,2026-06-15 03:32:00,1560501.64,CRC,deposito,sucursal,SJ-001,Tarjeta Crédito
TXN-00018565,CTA-937555,CLI-20977,2026-06-13 10:39:00,2538021.91,CRC,pago,web,CA-001,Cuenta Corriente
TXN-00018566,CTA-696162,CLI-35009,2026-06-07 17:13:00,3060372.96,CRC,transferencia,app_movil,LI-002,Préstamo Personal
TXN-00018567,CTA-196148,CLI-70924,2026-06-13 07:55:00,4289140.86,CRC,deposito,app_movil,SJ-002,Cuenta Corriente
TXN-00018568,CTA-835126,CLI-51858,2026-06-24 04:21:00,3534954.18,CRC,deposito,atm,LI-001,Préstamo Personal
TXN-00018569,CTA-391250,CLI-59984,2026-06-11 12:30:00,2928332.93,CRC,retiro,web,AL-001,Cuenta Ahorro
TXN-00018570,CTA-480421,CLI-96475,2026-06-05 05:41:00,57731.32,CRC,pago,sinpe,CA-001,Cuenta Ahorro
TXN-00018571,CTA-435033,CLI-89458,2026-06-19 11:15:00,2814497.84,CRC,comision,web,AL-001,Préstamo Hipotecario
TXN-00018572,CTA-341372,CLI-22406,2026-06-20 02:45:00,3083813.17,CRC,transferencia,web,SJ-002,Cuenta Ahorro
TXN-00018573,CTA-605161,CLI-53890,2026-06-05 10:17:00,4573963.15,CRC,pago,atm,HE-001,Préstamo Hipotecario
TXN-00018574,CTA-933007,CLI-60555,2026-06-28 22:45:00,1770211.39,CRC,deposito,sucursal,AL-001,Préstamo Personal
TXN-00018575,CTA-270982,CLI-17570,2026-06-15 17:54:00,1378168.36,CRC,comision,atm,SJ-002,Préstamo Hipotecario
TXN-00018576,CTA-750074,CLI-82970,2026-06-20 09:26:00,1076744.57,CRC,transferencia,sucursal,LI-002,Préstamo Personal
TXN-00018577,CTA-192624,CLI-43955,2026-06-19 22:10:00,1026837.82,CRC,pago,sinpe,HE-001,Préstamo Hipotecario
TXN-00018578,CTA-684891,CLI-43473,2026-06-02 23:55:00,2123507.35,CRC,transferencia,sinpe,CA-001,Tarjeta Crédito
TXN-00018579,CTA-982407,CLI-54411,2026-06-12 03:55:00,2809081.76,CRC,comision,sinpe,LI-001,Cuenta Corriente
TXN-00018580,CTA-236331,CLI-38595,2026-06-30 04:53:00,4926985.77,CRC,pago,app_movil,LI-002,Préstamo Hipotecario
TXN-00018581,CTA-195870,CLI-42083,2026-06-24 21:07:00,4275049.28,CRC,retiro,sucursal,LI-001,Tarjeta Crédito
TXN-00018582,CTA-914330,CLI-90646,2026-06-26 18:19:00,886623.94,CRC,deposito,web,CA-001,Cuenta Corriente
TXN-00018583,CTA-725507,CLI-63654,2026-06-24 20:53:00,3034632.75,CRC,transferencia,sinpe,SJ-001,Tarjeta Crédito
TXN-00018584,CTA-360442,CLI-76799,2026-06-13 06:45:00,3674065.61,CRC,retiro,sucursal,PU-001,Cuenta Corriente
TXN-00018585,CTA-175095,CLI-84465,2026-06-30 07:29:00,2066012.51,CRC,comision,sinpe,CA-001,Cuenta Corriente
TXN-00018586,CTA-228939,CLI-49208,2026-06-03 11:07:00,4535364.36,CRC,comision,sinpe,HE-001,Préstamo Hipotecario
TXN-00018587,CTA-599276,CLI-80887,2026-06-03 19:41:00,3940477.08,CRC,pago,app_movil,LI-002,Cuenta Ahorro
TXN-00018588,CTA-548413,CLI-19258,2026-06-27 06:06:00,943378.31,CRC,retiro,web,CA-001,Préstamo Personal
TXN-00018589,CTA-644538,CLI-40406,2026-06-28 16:13:00,1639047.14,CRC,retiro,app_movil,SJ-002,Tarjeta Crédito
TXN-00018590,CTA-559106,CLI-53441,2026-06-10 08:02:00,3515136.7,CRC,retiro,sinpe,SJ-002,Tarjeta Crédito
TXN-00018591,CTA-687240,CLI-68079,2026-06-22 12:10:00,1370448.02,CRC,transferencia,atm,LI-002,Préstamo Hipotecario
TXN-00018592,CTA-858113,CLI-89695,2026-06-15 22:38:00,4971752.35,CRC,comision,sucursal,AL-001,Cuenta Ahorro
TXN-00018593,CTA-207500,CLI-46557,2026-06-30 10:59:00,2246656.53,CRC,comision,app_movil,LI-002,Cuenta Ahorro
TXN-00018594,CTA-253391,CLI-81022,2026-06-03 19:17:00,2735686.15,CRC,comision,sinpe,CA-001,Préstamo Personal
TXN-00018595,CTA-204687,CLI-64782,2026-06-04 20:18:00,1541262.04,CRC,transferencia,atm,AL-001,Cuenta Corriente
TXN-00018596,CTA-878032,CLI-32425,2026-06-06 05:39:00,4318886.41,CRC,comision,app_movil,PU-001,Cuenta Corriente
TXN-00018597,CTA-603110,CLI-50755,2026-06-27 03:37:00,4646425.06,CRC,deposito,atm,LI-001,Cuenta Ahorro
TXN-00018598,CTA-203014,CLI-42000,2026-06-14 03:11:00,3267039.05,CRC,transferencia,web,HE-001,Préstamo Hipotecario
TXN-00018599,CTA-326613,CLI-94434,2026-06-17 16:30:00,511646.66,CRC,deposito,sucursal,LI-001,Cuenta Corriente
TXN-00018600,CTA-633733,CLI-31014,2026-06-02 07:20:00,120302.28,CRC,deposito,web,SJ-001,Tarjeta Crédito
TXN-00018601,CTA-594711,CLI-61247,2026-06-29 21:36:00,170910.31,CRC,retiro,app_movil,HE-001,Préstamo Personal
TXN-00018602,CTA-406109,CLI-71028,2026-06-19 11:36:00,554848.61,CRC,comision,sinpe,LI-001,Tarjeta Crédito
TXN-00018603,CTA-710298,CLI-67899,2026-06-22 11:20:00,457253.61,CRC,pago,sucursal,LI-001,Tarjeta Crédito
TXN-00018604,CTA-859378,CLI-80158,2026-06-08 10:23:00,1674441.53,CRC,comision,app_movil,AL-001,Cuenta Ahorro
TXN-00018605,CTA-297461,CLI-37711,2026-06-16 11:54:00,4462592.06,CRC,deposito,app_movil,SJ-002,Tarjeta Crédito
TXN-00018606,CTA-379433,CLI-25901,2026-06-16 02:01:00,3608817.6,CRC,retiro,web,SJ-002,Cuenta Ahorro
TXN-00018607,CTA-665388,CLI-81444,2026-06-09 19:56:00,1391024.54,CRC,deposito,sucursal,CA-001,Préstamo Personal
TXN-00018608,CTA-279661,CLI-86731,2026-06-29 02:07:00,2856066.61,CRC,deposito,web,AL-001,Tarjeta Crédito
TXN-00018609,CTA-770889,CLI-93026,2026-06-15 06:14:00,4823847.51,CRC,deposito,app_movil,LI-002,Préstamo Personal
TXN-00018610,CTA-406621,CLI-84629,2026-06-20 16:53:00,4531899.47,CRC,retiro,app_movil,SJ-002,Préstamo Personal
TXN-00018611,CTA-402425,CLI-17889,2026-06-13 20:25:00,2624587.46,CRC,transferencia,sucursal,PU-001,Préstamo Personal
TXN-00018612,CTA-923340,CLI-56149,2026-06-12 20:54:00,173259.34,CRC,retiro,sinpe,SJ-001,Tarjeta Crédito
TXN-00018613,CTA-153223,CLI-86863,2026-06-03 18:51:00,4640655.51,CRC,pago,atm,CA-001,Cuenta Corriente
TXN-00018614,CTA-575494,CLI-28556,2026-06-22 21:23:00,1627762.42,CRC,comision,sucursal,AL-001,Préstamo Personal
TXN-00018615,CTA-789112,CLI-63291,2026-06-27 11:03:00,2969026.28,CRC,transferencia,sucursal,HE-001,Tarjeta Crédito
TXN-00018616,CTA-812906,CLI-73594,2026-06-01 11:42:00,1372236.02,CRC,retiro,web,CA-001,Tarjeta Crédito
TXN-00018617,CTA-625001,CLI-40876,2026-06-25 09:38:00,4722065.06,CRC,pago,sucursal,CA-001,Cuenta Corriente
TXN-00018618,CTA-168904,CLI-75845,2026-06-17 10:31:00,1824157.41,CRC,retiro,sinpe,AL-001,Cuenta Corriente
TXN-00018619,CTA-580037,CLI-30256,2026-06-29 14:46:00,54873.21,CRC,transferencia,app_movil,SJ-002,Préstamo Hipotecario
TXN-00018620,CTA-423138,CLI-64540,2026-06-21 05:06:00,3386541.55,CRC,transferencia,app_movil,LI-002,Cuenta Corriente
TXN-00018621,CTA-341202,CLI-49349,2026-06-28 12:46:00,2488913.91,CRC,transferencia,sinpe,LI-002,Cuenta Ahorro
TXN-00018622,CTA-672377,CLI-39863,2026-06-17 04:51:00,4823231.51,CRC,transferencia,web,SJ-002,Cuenta Ahorro
TXN-00018623,CTA-265448,CLI-82442,2026-06-02 06:05:00,195386.43,CRC,retiro,sucursal,SJ-001,Tarjeta Crédito
TXN-00018624,CTA-380305,CLI-87213,2026-06-02 01:20:00,486581.6,CRC,pago,web,LI-001,Tarjeta Crédito
TXN-00018625,CTA-268512,CLI-32345,2026-06-08 20:48:00,1225441.06,CRC,transferencia,atm,SJ-001,Cuenta Corriente
TXN-00018626,CTA-621035,CLI-24749,2026-06-23 09:59:00,1575176.91,CRC,pago,atm,LI-001,Préstamo Personal
TXN-00018627,CTA-569994,CLI-74253,2026-06-25 06:53:00,2610856.81,CRC,comision,sinpe,LI-002,Cuenta Corriente
TXN-00018628,CTA-950421,CLI-52717,2026-06-11 05:47:00,487976.62,CRC,comision,sucursal,HE-001,Tarjeta Crédito
TXN-00018629,CTA-741463,CLI-72002,2026-06-07 05:17:00,790886.18,CRC,transferencia,app_movil,SJ-002,Tarjeta Crédito
TXN-00018630,CTA-171387,CLI-57650,2026-06-28 16:09:00,1046076.77,CRC,retiro,sinpe,SJ-002,Préstamo Personal
TXN-00018631,CTA-426937,CLI-48724,2026-06-28 22:01:00,2997053.46,CRC,comision,sucursal,AL-001,Cuenta Ahorro
TXN-00018632,CTA-372747,CLI-74017,2026-06-11 13:19:00,3251122.59,CRC,retiro,atm,LI-002,Préstamo Personal
TXN-00018633,CTA-178048,CLI-60258,2026-06-06 08:21:00,4389230.84,CRC,retiro,web,HE-001,Cuenta Corriente
TXN-00018634,CTA-465449,CLI-43766,2026-06-05 22:23:00,1353032.71,CRC,transferencia,sinpe,CA-001,Cuenta Corriente
TXN-00018635,CTA-135752,CLI-47545,2026-06-23 14:44:00,173046.95,CRC,comision,web,CA-001,Préstamo Personal
TXN-00018636,CTA-960963,CLI-42601,2026-06-17 01:08:00,205337.24,CRC,transferencia,web,LI-002,Cuenta Ahorro
TXN-00018637,CTA-201478,CLI-20004,2026-06-06 23:58:00,676195.59,CRC,comision,web,LI-001,Cuenta Corriente
TXN-00018638,CTA-226464,CLI-83124,2026-06-19 03:11:00,53421.33,CRC,retiro,web,LI-001,Tarjeta Crédito
TXN-00018639,CTA-391194,CLI-42620,2026-06-12 19:09:00,24673.49,CRC,retiro,app_movil,SJ-001,Cuenta Ahorro
TXN-00018640,CTA-988243,CLI-83927,2026-06-02 13:59:00,4938077.22,CRC,deposito,sinpe,CA-001,Préstamo Hipotecario
TXN-00018641,CTA-451955,CLI-79851,2026-06-06 13:24:00,4686877.36,CRC,deposito,sucursal,LI-001,Préstamo Hipotecario
TXN-00018642,CTA-568287,CLI-84776,2026-06-23 08:01:00,2599916.56,CRC,transferencia,sinpe,LI-001,Préstamo Personal
TXN-00018643,CTA-506315,CLI-16710,2026-06-01 20:55:00,1685473.3,CRC,pago,atm,HE-001,Cuenta Corriente
TXN-00018644,CTA-939790,CLI-57948,2026-06-15 07:14:00,573561.19,CRC,retiro,sinpe,SJ-001,Cuenta Ahorro
TXN-00018645,CTA-781937,CLI-65951,2026-06-12 01:16:00,480558.77,CRC,deposito,sinpe,SJ-002,Cuenta Corriente
TXN-00018646,CTA-232144,CLI-96359,2026-06-27 09:24:00,1969494.64,CRC,comision,atm,SJ-002,Cuenta Corriente
TXN-00018647,CTA-114834,CLI-69231,2026-06-30 05:07:00,3414620.09,CRC,transferencia,web,SJ-001,Tarjeta Crédito
TXN-00018648,CTA-331092,CLI-28107,2026-06-14 17:50:00,4050817.13,CRC,pago,atm,PU-001,Cuenta Corriente
TXN-00018649,CTA-465086,CLI-72499,2026-06-01 08:11:00,4576865.21,CRC,transferencia,app_movil,PU-001,Préstamo Hipotecario
TXN-00018650,CTA-648380,CLI-55467,2026-06-18 22:29:00,3569137.45,CRC,pago,atm,SJ-002,Cuenta Ahorro
TXN-00018651,CTA-573266,CLI-54126,2026-06-13 03:26:00,4815283.06,CRC,pago,sinpe,CA-001,Tarjeta Crédito
TXN-00018652,CTA-105181,CLI-19662,2026-06-03 04:03:00,4058565.57,CRC,pago,sucursal,PU-001,Cuenta Corriente
TXN-00018653,CTA-845613,CLI-37017,2026-06-21 20:40:00,2075921.44,CRC,pago,sucursal,CA-001,Tarjeta Crédito
TXN-00018654,CTA-107587,CLI-28144,2026-06-28 18:52:00,4938218.53,CRC,pago,web,SJ-002,Cuenta Corriente
TXN-00018655,CTA-786980,CLI-95968,2026-06-25 07:53:00,2697151.14,CRC,pago,web,CA-001,Cuenta Ahorro
TXN-00018656,CTA-534042,CLI-67391,2026-06-23 19:56:00,3238292.04,CRC,deposito,sinpe,HE-001,Cuenta Corriente
TXN-00018657,CTA-540022,CLI-29950,2026-06-08 14:49:00,2484754.81,CRC,retiro,web,PU-001,Cuenta Ahorro
TXN-00018658,CTA-865152,CLI-31299,2026-06-16 14:00:00,2253747.76,CRC,pago,atm,LI-002,Cuenta Corriente
TXN-00018659,CTA-741763,CLI-70061,2026-06-05 20:48:00,1767130.89,CRC,transferencia,app_movil,PU-001,Cuenta Corriente
TXN-00018660,CTA-673622,CLI-22313,2026-06-11 01:59:00,1517515.2,CRC,comision,app_movil,HE-001,Tarjeta Crédito
TXN-00018661,CTA-580320,CLI-51706,2026-06-11 16:10:00,3921617.39,CRC,comision,web,SJ-002,Cuenta Corriente
TXN-00018662,CTA-852197,CLI-49907,2026-06-08 18:18:00,4666168.03,CRC,pago,atm,LI-001,Préstamo Personal
TXN-00018663,CTA-937387,CLI-38980,2026-06-18 13:15:00,918240.99,CRC,retiro,atm,SJ-001,Cuenta Corriente
TXN-00018664,CTA-883090,CLI-70647,2026-06-23 15:42:00,1677356.51,CRC,pago,app_movil,LI-001,Tarjeta Crédito
TXN-00018665,CTA-442022,CLI-62345,2026-06-01 09:53:00,709002.62,CRC,transferencia,sinpe,PU-001,Préstamo Hipotecario
TXN-00018666,CTA-442959,CLI-76139,2026-06-08 16:16:00,70123.47,CRC,comision,sinpe,SJ-001,Cuenta Ahorro
TXN-00018667,CTA-248615,CLI-65384,2026-06-27 21:08:00,2476705.27,CRC,retiro,atm,SJ-002,Cuenta Corriente
TXN-00018668,CTA-115057,CLI-30773,2026-06-04 00:44:00,2369234.79,CRC,transferencia,atm,LI-001,Cuenta Corriente
TXN-00018669,CTA-709751,CLI-91628,2026-06-13 12:35:00,3533998.44,CRC,pago,web,LI-002,Cuenta Ahorro
TXN-00018670,CTA-370068,CLI-23275,2026-06-12 07:47:00,3961378.4,CRC,deposito,web,LI-002,Cuenta Ahorro
TXN-00018671,CTA-110191,CLI-45619,2026-06-21 07:53:00,3044129.7,CRC,pago,app_movil,PU-001,Cuenta Corriente
TXN-00018672,CTA-542703,CLI-70585,2026-06-29 04:38:00,1706122.78,CRC,pago,atm,CA-001,Cuenta Corriente
TXN-00018673,CTA-926548,CLI-18140,2026-06-10 09:34:00,301701.73,CRC,retiro,app_movil,SJ-002,Préstamo Hipotecario
TXN-00018674,CTA-940611,CLI-83894,2026-06-15 20:29:00,4993619.19,CRC,pago,sinpe,SJ-001,Cuenta Corriente
TXN-00018675,CTA-775239,CLI-26259,2026-06-21 14:51:00,890402.3,CRC,pago,sinpe,SJ-001,Préstamo Hipotecario
TXN-00018676,CTA-618219,CLI-98739,2026-06-14 11:18:00,1737634.47,CRC,comision,sucursal,LI-002,Cuenta Ahorro
TXN-00018677,CTA-600712,CLI-64171,2026-06-30 16:21:00,1993696.46,CRC,transferencia,app_movil,SJ-002,Tarjeta Crédito
TXN-00018678,CTA-326971,CLI-13602,2026-06-22 06:03:00,3479408.36,CRC,pago,web,SJ-001,Préstamo Personal
TXN-00018679,CTA-609150,CLI-74831,2026-06-24 22:52:00,1622079.03,CRC,deposito,sinpe,HE-001,Cuenta Ahorro
TXN-00018680,CTA-765023,CLI-91335,2026-06-27 03:22:00,2133584.1,CRC,transferencia,web,SJ-002,Préstamo Hipotecario
TXN-00018681,CTA-824933,CLI-43800,2026-06-09 06:01:00,1235483.7,CRC,pago,sucursal,LI-002,Préstamo Hipotecario
TXN-00018682,CTA-912028,CLI-15027,2026-06-10 04:07:00,2028720.73,CRC,comision,atm,AL-001,Tarjeta Crédito
TXN-00018683,CTA-859939,CLI-45473,2026-06-15 17:11:00,3663790.08,CRC,retiro,sucursal,LI-001,Cuenta Corriente
TXN-00018684,CTA-992620,CLI-60307,2026-06-16 08:07:00,4040449.35,CRC,pago,app_movil,HE-001,Cuenta Ahorro
TXN-00018685,CTA-557653,CLI-80906,2026-06-25 09:26:00,17413.96,CRC,comision,sucursal,LI-002,Préstamo Hipotecario
TXN-00018686,CTA-506281,CLI-45640,2026-06-24 10:53:00,3137376.77,CRC,transferencia,app_movil,LI-001,Cuenta Ahorro
TXN-00018687,CTA-792542,CLI-86059,2026-06-05 07:43:00,2074447.12,CRC,pago,web,LI-001,Cuenta Corriente
TXN-00018688,CTA-314418,CLI-25489,2026-06-28 03:51:00,3177506.14,CRC,pago,atm,CA-001,Cuenta Ahorro
TXN-00018689,CTA-574547,CLI-22404,2026-06-15 17:22:00,3760641.37,CRC,retiro,sinpe,SJ-001,Cuenta Ahorro
TXN-00018690,CTA-296762,CLI-26904,2026-06-18 09:38:00,3199640.33,CRC,pago,app_movil,PU-001,Tarjeta Crédito
TXN-00018691,CTA-964770,CLI-20309,2026-06-17 22:55:00,3848114.07,CRC,transferencia,sinpe,SJ-001,Cuenta Ahorro
TXN-00018692,CTA-694189,CLI-39749,2026-06-13 05:30:00,4617919.14,CRC,deposito,sinpe,LI-002,Préstamo Personal
TXN-00018693,CTA-334494,CLI-84250,2026-06-29 03:20:00,169043.6,CRC,retiro,sinpe,SJ-001,Préstamo Hipotecario
TXN-00018694,CTA-563497,CLI-99704,2026-06-22 16:18:00,898039.1,CRC,deposito,app_movil,AL-001,Préstamo Hipotecario
TXN-00018695,CTA-275070,CLI-62112,2026-06-22 11:50:00,315159.63,CRC,deposito,sinpe,HE-001,Tarjeta Crédito
TXN-00018696,CTA-712657,CLI-15375,2026-06-01 12:53:00,2825896.19,CRC,transferencia,sucursal,PU-001,Tarjeta Crédito
TXN-00018697,CTA-435161,CLI-48585,2026-06-26 16:38:00,2860172.01,CRC,retiro,web,LI-002,Tarjeta Crédito
TXN-00018698,CTA-861757,CLI-82425,2026-06-19 15:30:00,2313977.82,CRC,pago,sucursal,PU-001,Cuenta Corriente
TXN-00018699,CTA-816331,CLI-44811,2026-06-08 09:43:00,3162691.95,CRC,comision,sinpe,SJ-001,Préstamo Personal
TXN-00018700,CTA-583637,CLI-42684,2026-06-20 19:45:00,1611518.51,CRC,retiro,sinpe,LI-002,Cuenta Corriente
TXN-00018701,CTA-393251,CLI-46777,2026-06-10 01:23:00,3716169.61,CRC,deposito,app_movil,LI-002,Préstamo Personal
TXN-00018702,CTA-540315,CLI-72790,2026-06-06 10:11:00,1204712.54,CRC,transferencia,app_movil,SJ-002,Cuenta Ahorro
TXN-00018703,CTA-773951,CLI-44173,2026-06-04 23:15:00,958707.76,CRC,comision,web,HE-001,Cuenta Corriente
TXN-00018704,CTA-970189,CLI-60728,2026-06-07 01:18:00,3915166.42,CRC,deposito,app_movil,HE-001,Cuenta Ahorro
TXN-00018705,CTA-961091,CLI-58937,2026-06-17 21:18:00,1510258.46,CRC,retiro,sinpe,CA-001,Tarjeta Crédito
TXN-00018706,CTA-329947,CLI-17173,2026-06-29 00:31:00,1615777.95,CRC,deposito,sucursal,LI-002,Préstamo Personal
TXN-00018707,CTA-241764,CLI-96051,2026-06-12 05:15:00,851348.49,CRC,pago,web,SJ-001,Préstamo Personal
TXN-00018708,CTA-553657,CLI-13597,2026-06-04 02:15:00,286288.81,CRC,transferencia,sinpe,SJ-001,Préstamo Personal
TXN-00018709,CTA-497601,CLI-57524,2026-06-18 09:34:00,3676587.59,CRC,pago,atm,HE-001,Cuenta Ahorro
TXN-00018710,CTA-586163,CLI-46432,2026-06-21 12:32:00,114261.84,CRC,retiro,atm,SJ-002,Tarjeta Crédito
TXN-00018711,CTA-841548,CLI-53222,2026-06-11 20:50:00,4836119.93,CRC,comision,atm,LI-001,Préstamo Personal
TXN-00018712,CTA-435942,CLI-28819,2026-06-04 03:02:00,3119930.66,CRC,comision,sinpe,PU-001,Cuenta Ahorro
TXN-00018713,CTA-443554,CLI-34660,2026-06-04 09:50:00,2764913.43,CRC,comision,sucursal,SJ-001,Cuenta Corriente
TXN-00018714,CTA-984677,CLI-19522,2026-06-19 20:30:00,4462234.85,CRC,deposito,app_movil,PU-001,Cuenta Corriente
TXN-00018715,CTA-826291,CLI-75542,2026-06-10 07:11:00,906167.08,CRC,pago,atm,AL-001,Cuenta Corriente
TXN-00018716,CTA-346941,CLI-87169,2026-06-19 10:07:00,365975.48,CRC,deposito,atm,SJ-001,Cuenta Corriente
TXN-00018717,CTA-839730,CLI-95668,2026-06-03 20:36:00,265689.65,CRC,deposito,web,SJ-002,Tarjeta Crédito
TXN-00018718,CTA-532573,CLI-37317,2026-06-24 18:50:00,1927128.43,CRC,comision,web,HE-001,Cuenta Corriente
TXN-00018719,CTA-662133,CLI-68561,2026-06-09 04:49:00,1799892.26,CRC,transferencia,sinpe,HE-001,Préstamo Hipotecario
TXN-00018720,CTA-774975,CLI-86084,2026-06-17 21:35:00,1912384.05,CRC,retiro,web,LI-002,Cuenta Corriente
TXN-00018721,CTA-159907,CLI-16538,2026-06-26 03:46:00,1270732.57,CRC,deposito,sinpe,LI-001,Cuenta Ahorro
TXN-00018722,CTA-195981,CLI-64071,2026-06-21 22:19:00,3980177.27,CRC,transferencia,sinpe,SJ-002,Tarjeta Crédito
TXN-00018723,CTA-603984,CLI-22523,2026-06-05 02:34:00,426359.62,CRC,pago,sucursal,HE-001,Préstamo Hipotecario
TXN-00018724,CTA-498575,CLI-98782,2026-06-17 08:13:00,3086923.66,CRC,deposito,atm,AL-001,Préstamo Personal
TXN-00018725,CTA-426881,CLI-98479,2026-06-06 05:54:00,2915310.33,CRC,retiro,sinpe,SJ-001,Cuenta Corriente
TXN-00018726,CTA-890696,CLI-46033,2026-06-28 00:08:00,1137537.55,CRC,transferencia,app_movil,AL-001,Préstamo Personal
TXN-00018727,CTA-761908,CLI-80901,2026-06-05 05:27:00,1645943.95,CRC,comision,app_movil,AL-001,Cuenta Corriente
TXN-00018728,CTA-712925,CLI-88027,2026-06-18 17:16:00,4086365.2,CRC,deposito,web,PU-001,Cuenta Corriente
TXN-00018729,CTA-667949,CLI-31649,2026-06-01 18:41:00,814792.38,CRC,deposito,sinpe,PU-001,Préstamo Personal
TXN-00018730,CTA-423892,CLI-51816,2026-06-21 20:41:00,3857884.28,CRC,deposito,sinpe,AL-001,Préstamo Hipotecario
TXN-00018731,CTA-949894,CLI-80670,2026-06-10 12:05:00,3434321.58,CRC,comision,sinpe,PU-001,Préstamo Hipotecario
TXN-00018732,CTA-272638,CLI-84697,2026-06-10 16:24:00,4355837.17,CRC,retiro,web,LI-001,Cuenta Ahorro
TXN-00018733,CTA-437479,CLI-90944,2026-06-06 12:15:00,3806570.94,CRC,comision,sinpe,CA-001,Préstamo Hipotecario
TXN-00018734,CTA-988690,CLI-50933,2026-06-23 15:14:00,3799461.03,CRC,retiro,sinpe,CA-001,Tarjeta Crédito
TXN-00018735,CTA-718433,CLI-24305,2026-06-25 21:08:00,15994.05,CRC,transferencia,web,SJ-002,Préstamo Personal
TXN-00018736,CTA-858763,CLI-80643,2026-06-26 19:51:00,877725.43,CRC,comision,sucursal,PU-001,Préstamo Hipotecario
TXN-00018737,CTA-628836,CLI-41858,2026-06-03 14:47:00,1084407.94,CRC,retiro,sinpe,HE-001,Préstamo Personal
TXN-00018738,CTA-833529,CLI-80487,2026-06-14 18:00:00,352132.15,CRC,retiro,web,AL-001,Cuenta Ahorro
TXN-00018739,CTA-568938,CLI-54262,2026-06-27 14:00:00,600624.78,CRC,pago,sucursal,LI-001,Cuenta Corriente
TXN-00018740,CTA-353627,CLI-87673,2026-06-07 13:00:00,632775.29,CRC,transferencia,web,AL-001,Cuenta Corriente
TXN-00018741,CTA-551996,CLI-28429,2026-06-30 19:39:00,784815.03,CRC,comision,atm,LI-002,Cuenta Corriente
TXN-00018742,CTA-922382,CLI-45241,2026-06-13 21:25:00,4507156.8,CRC,deposito,app_movil,SJ-002,Préstamo Hipotecario
TXN-00018743,CTA-731763,CLI-81189,2026-06-11 21:19:00,806093.17,CRC,comision,app_movil,PU-001,Cuenta Corriente
TXN-00018744,CTA-859571,CLI-73107,2026-06-18 06:23:00,186579.12,CRC,comision,web,LI-002,Préstamo Hipotecario
TXN-00018745,CTA-551814,CLI-84081,2026-06-13 20:36:00,1730286.7,CRC,transferencia,atm,SJ-002,Tarjeta Crédito
TXN-00018746,CTA-388053,CLI-53173,2026-06-01 22:57:00,300373.36,CRC,pago,app_movil,LI-002,Cuenta Corriente
TXN-00018747,CTA-431513,CLI-56906,2026-06-28 22:12:00,4179004.07,CRC,deposito,atm,AL-001,Préstamo Personal
TXN-00018748,CTA-104153,CLI-15428,2026-06-06 09:42:00,2515461.6,CRC,pago,app_movil,CA-001,Préstamo Hipotecario
TXN-00018749,CTA-114291,CLI-76489,2026-06-15 07:50:00,1122641.71,CRC,retiro,atm,LI-001,Préstamo Hipotecario
TXN-00018750,CTA-915663,CLI-67877,2026-06-22 05:23:00,1585779.88,CRC,comision,sucursal,LI-002,Tarjeta Crédito
TXN-00018751,CTA-336587,CLI-48302,2026-06-19 02:06:00,2574269.35,CRC,transferencia,sinpe,HE-001,Préstamo Personal
TXN-00018752,CTA-859931,CLI-27908,2026-06-07 16:00:00,4092097.56,CRC,retiro,atm,PU-001,Cuenta Ahorro
TXN-00018753,CTA-924309,CLI-50430,2026-06-29 03:03:00,3158502.8,CRC,transferencia,sinpe,AL-001,Cuenta Ahorro
TXN-00018754,CTA-632959,CLI-34663,2026-06-06 12:56:00,1601519.33,CRC,deposito,sucursal,LI-002,Préstamo Personal
TXN-00018755,CTA-567214,CLI-60613,2026-06-08 15:05:00,154706.01,CRC,deposito,web,CA-001,Préstamo Hipotecario
TXN-00018756,CTA-565913,CLI-83913,2026-06-07 14:43:00,877016.68,CRC,deposito,sinpe,HE-001,Cuenta Ahorro
TXN-00018757,CTA-862813,CLI-54104,2026-06-15 17:05:00,1829789.88,CRC,comision,sucursal,SJ-002,Préstamo Hipotecario
TXN-00018758,CTA-600120,CLI-27324,2026-06-05 15:20:00,1816770.01,CRC,deposito,web,LI-001,Cuenta Ahorro
TXN-00018759,CTA-333560,CLI-76570,2026-06-25 16:59:00,2382147.95,CRC,pago,sucursal,SJ-001,Cuenta Corriente
TXN-00018760,CTA-814611,CLI-31275,2026-06-15 06:28:00,1288728.61,CRC,comision,atm,AL-001,Cuenta Corriente
TXN-00018761,CTA-898752,CLI-22039,2026-06-07 23:39:00,218801.24,CRC,transferencia,web,HE-001,Préstamo Personal
TXN-00018762,CTA-998167,CLI-49726,2026-06-04 13:46:00,4213162.85,CRC,retiro,atm,HE-001,Cuenta Ahorro
TXN-00018763,CTA-772161,CLI-55516,2026-06-15 21:47:00,194119.13,CRC,retiro,sinpe,PU-001,Préstamo Personal
TXN-00018764,CTA-691471,CLI-96091,2026-06-27 12:14:00,2672353.05,CRC,retiro,sucursal,LI-002,Cuenta Ahorro
TXN-00018765,CTA-196157,CLI-97587,2026-06-30 00:24:00,1210684.46,CRC,deposito,app_movil,LI-002,Cuenta Corriente
TXN-00018766,CTA-999942,CLI-17740,2026-06-23 21:52:00,3080772.54,CRC,deposito,sinpe,LI-002,Tarjeta Crédito
TXN-00018767,CTA-935975,CLI-38923,2026-06-19 00:31:00,3860099.55,CRC,pago,atm,CA-001,Préstamo Hipotecario
TXN-00018768,CTA-352169,CLI-30506,2026-06-26 07:52:00,1928707.21,CRC,deposito,atm,LI-002,Cuenta Ahorro
TXN-00018769,CTA-884535,CLI-33999,2026-06-19 20:06:00,3572690.3,CRC,pago,web,LI-001,Préstamo Hipotecario
TXN-00018770,CTA-900044,CLI-91308,2026-06-06 03:11:00,230632.89,CRC,comision,atm,CA-001,Préstamo Personal
TXN-00018771,CTA-563063,CLI-22913,2026-06-14 18:37:00,1673480.84,CRC,deposito,web,LI-002,Tarjeta Crédito
TXN-00018772,CTA-662613,CLI-27569,2026-06-06 15:49:00,4410442.93,CRC,retiro,app_movil,LI-001,Tarjeta Crédito
TXN-00018773,CTA-195741,CLI-70415,2026-06-05 02:04:00,2597801.87,CRC,transferencia,web,LI-001,Cuenta Corriente
TXN-00018774,CTA-396992,CLI-67572,2026-06-29 05:20:00,2647672.45,CRC,pago,web,SJ-002,Cuenta Ahorro
TXN-00018775,CTA-124714,CLI-61204,2026-06-05 16:57:00,2800423.41,CRC,retiro,atm,AL-001,Cuenta Ahorro
TXN-00018776,CTA-697803,CLI-61547,2026-06-25 06:52:00,892137.41,CRC,comision,sucursal,AL-001,Tarjeta Crédito
TXN-00018777,CTA-778863,CLI-66096,2026-06-10 12:44:00,4828906.2,CRC,pago,atm,AL-001,Tarjeta Crédito
TXN-00018778,CTA-836045,CLI-77167,2026-06-27 13:37:00,3931745.27,CRC,transferencia,atm,SJ-001,Tarjeta Crédito
TXN-00018779,CTA-328839,CLI-49700,2026-06-30 22:20:00,3483360.5,CRC,transferencia,atm,CA-001,Cuenta Corriente
TXN-00018780,CTA-234916,CLI-17236,2026-06-21 02:15:00,3475674.93,CRC,comision,atm,SJ-002,Cuenta Corriente
TXN-00018781,CTA-278051,CLI-35560,2026-06-04 01:51:00,1938321.27,CRC,retiro,app_movil,LI-002,Préstamo Hipotecario
TXN-00018782,CTA-618437,CLI-51175,2026-06-03 12:16:00,2683864.69,CRC,comision,sinpe,LI-002,Cuenta Corriente
TXN-00018783,CTA-740155,CLI-90657,2026-06-17 09:05:00,3283416.61,CRC,pago,web,LI-002,Cuenta Corriente
TXN-00018784,CTA-105354,CLI-47130,2026-06-16 06:03:00,181819.66,CRC,pago,app_movil,AL-001,Préstamo Personal
TXN-00018785,CTA-635000,CLI-52417,2026-06-23 07:05:00,4759091.47,CRC,comision,atm,PU-001,Cuenta Ahorro
TXN-00018786,CTA-661659,CLI-85783,2026-06-16 17:35:00,3731372.0,CRC,retiro,app_movil,LI-001,Cuenta Ahorro
TXN-00018787,CTA-845815,CLI-69778,2026-06-06 05:48:00,4560460.2,CRC,comision,sucursal,HE-001,Cuenta Ahorro
TXN-00018788,CTA-521884,CLI-65150,2026-06-20 22:23:00,3922063.23,CRC,deposito,app_movil,SJ-001,Tarjeta Crédito
TXN-00018789,CTA-227023,CLI-82697,2026-06-14 23:27:00,658492.49,CRC,retiro,sinpe,SJ-001,Cuenta Corriente
TXN-00018790,CTA-593443,CLI-11714,2026-06-14 19:29:00,1511032.5,CRC,comision,app_movil,LI-001,Cuenta Ahorro
TXN-00018791,CTA-561017,CLI-77125,2026-06-25 14:31:00,4014377.64,CRC,pago,web,HE-001,Tarjeta Crédito
TXN-00018792,CTA-223238,CLI-19054,2026-06-24 20:33:00,833405.12,CRC,retiro,web,SJ-002,Tarjeta Crédito
TXN-00018793,CTA-197849,CLI-52853,2026-06-10 12:35:00,4774093.87,CRC,transferencia,app_movil,LI-002,Cuenta Corriente
TXN-00018794,CTA-261491,CLI-60267,2026-06-30 13:50:00,1742901.64,CRC,pago,web,SJ-001,Cuenta Ahorro
TXN-00018795,CTA-292737,CLI-65344,2026-06-28 05:57:00,4730743.04,CRC,retiro,web,SJ-002,Cuenta Ahorro
TXN-00018796,CTA-532367,CLI-71667,2026-06-10 21:00:00,884890.92,CRC,transferencia,app_movil,LI-001,Cuenta Ahorro
TXN-00018797,CTA-270072,CLI-87948,2026-06-10 16:26:00,2806116.0,CRC,comision,web,LI-002,Préstamo Personal
TXN-00018798,CTA-287279,CLI-68288,2026-06-02 03:14:00,3907411.9,CRC,transferencia,atm,SJ-001,Préstamo Hipotecario
TXN-00018799,CTA-291572,CLI-63345,2026-06-13 12:01:00,4691424.76,CRC,pago,web,PU-001,Cuenta Corriente
TXN-00018800,CTA-923938,CLI-74771,2026-06-26 13:46:00,2441376.31,CRC,transferencia,web,LI-001,Préstamo Hipotecario
TXN-00018801,CTA-709426,CLI-56063,2026-06-01 04:43:00,2362227.57,CRC,transferencia,atm,LI-002,Cuenta Ahorro
TXN-00018802,CTA-117735,CLI-60193,2026-06-13 17:01:00,2560633.51,CRC,transferencia,sinpe,SJ-002,Tarjeta Crédito
TXN-00018803,CTA-402179,CLI-38102,2026-06-05 10:37:00,2192824.22,CRC,transferencia,sucursal,SJ-002,Cuenta Ahorro
TXN-00018804,CTA-483882,CLI-37010,2026-06-29 11:13:00,4371184.85,CRC,retiro,atm,HE-001,Cuenta Ahorro
TXN-00018805,CTA-741223,CLI-59977,2026-06-25 10:01:00,370147.68,CRC,deposito,atm,LI-002,Cuenta Ahorro
TXN-00018806,CTA-172712,CLI-85930,2026-06-25 19:14:00,1778990.25,CRC,deposito,app_movil,AL-001,Cuenta Corriente
TXN-00018807,CTA-814958,CLI-94933,2026-06-20 21:09:00,3632835.35,CRC,pago,app_movil,SJ-002,Cuenta Ahorro
TXN-00018808,CTA-992344,CLI-97913,2026-06-19 03:29:00,4353835.73,CRC,transferencia,app_movil,LI-001,Cuenta Ahorro
TXN-00018809,CTA-172039,CLI-73789,2026-06-21 15:23:00,4229981.34,CRC,comision,atm,HE-001,Tarjeta Crédito
TXN-00018810,CTA-278192,CLI-18781,2026-06-07 18:27:00,920523.17,CRC,comision,sucursal,LI-001,Préstamo Hipotecario
TXN-00018811,CTA-875076,CLI-60172,2026-06-08 18:54:00,35512.87,CRC,comision,sucursal,SJ-001,Préstamo Hipotecario
TXN-00018812,CTA-468285,CLI-21707,2026-06-25 07:14:00,3882968.75,CRC,retiro,atm,LI-002,Cuenta Ahorro
TXN-00018813,CTA-321567,CLI-72668,2026-06-19 03:31:00,4055804.21,CRC,pago,sinpe,LI-001,Cuenta Corriente
TXN-00018814,CTA-604033,CLI-32989,2026-06-21 07:24:00,2553080.66,CRC,retiro,sinpe,PU-001,Tarjeta Crédito
TXN-00018815,CTA-774985,CLI-55526,2026-06-20 03:14:00,1216329.47,CRC,deposito,app_movil,SJ-002,Tarjeta Crédito
TXN-00018816,CTA-653837,CLI-22303,2026-06-03 22:58:00,2640429.29,CRC,pago,sucursal,SJ-001,Cuenta Corriente
TXN-00018817,CTA-742099,CLI-42627,2026-06-28 08:23:00,373051.66,CRC,comision,sucursal,LI-002,Préstamo Hipotecario
TXN-00018818,CTA-341514,CLI-39834,2026-06-07 17:22:00,2265047.44,CRC,retiro,sucursal,AL-001,Cuenta Corriente
TXN-00018819,CTA-459336,CLI-34318,2026-06-22 04:40:00,8079.27,CRC,deposito,atm,SJ-001,Préstamo Personal
TXN-00018820,CTA-557523,CLI-90106,2026-06-21 12:11:00,799350.47,CRC,retiro,app_movil,LI-002,Cuenta Corriente
TXN-00018821,CTA-306803,CLI-99917,2026-06-07 15:36:00,2420631.45,CRC,comision,web,LI-001,Tarjeta Crédito
TXN-00018822,CTA-842729,CLI-43218,2026-06-11 07:45:00,4837859.55,CRC,comision,app_movil,SJ-002,Préstamo Hipotecario
TXN-00018823,CTA-208913,CLI-75408,2026-06-10 07:40:00,1214460.41,CRC,comision,sucursal,PU-001,Cuenta Ahorro
TXN-00018824,CTA-685666,CLI-76032,2026-06-05 22:44:00,922806.39,CRC,pago,sucursal,CA-001,Préstamo Hipotecario
TXN-00018825,CTA-176841,CLI-52646,2026-06-07 06:56:00,2698879.33,CRC,retiro,atm,LI-002,Préstamo Personal
TXN-00018826,CTA-935683,CLI-72334,2026-06-21 05:03:00,3651453.29,CRC,comision,web,AL-001,Tarjeta Crédito
TXN-00018827,CTA-776638,CLI-88599,2026-06-27 16:23:00,1697781.82,CRC,retiro,sinpe,SJ-002,Cuenta Corriente
TXN-00018828,CTA-149805,CLI-23305,2026-06-17 22:05:00,99101.03,CRC,deposito,web,AL-001,Tarjeta Crédito
TXN-00018829,CTA-503485,CLI-86942,2026-06-30 10:33:00,1627938.17,CRC,retiro,web,CA-001,Cuenta Ahorro
TXN-00018830,CTA-740867,CLI-68702,2026-06-29 21:31:00,3247028.33,CRC,comision,app_movil,PU-001,Préstamo Hipotecario
TXN-00018831,CTA-795571,CLI-64829,2026-06-10 19:06:00,1176691.07,CRC,deposito,sinpe,LI-002,Tarjeta Crédito
TXN-00018832,CTA-741226,CLI-88653,2026-06-02 19:33:00,1278209.37,CRC,comision,sinpe,CA-001,Préstamo Personal
TXN-00018833,CTA-413926,CLI-48208,2026-06-16 21:23:00,3760121.66,CRC,comision,sinpe,PU-001,Tarjeta Crédito
TXN-00018834,CTA-122852,CLI-57800,2026-06-25 01:07:00,1397971.78,CRC,comision,web,CA-001,Préstamo Personal
TXN-00018835,CTA-996296,CLI-18034,2026-06-27 07:02:00,734168.27,CRC,comision,sucursal,SJ-001,Cuenta Ahorro
TXN-00018836,CTA-910944,CLI-82935,2026-06-10 03:32:00,3618396.61,CRC,transferencia,sucursal,HE-001,Préstamo Personal
TXN-00018837,CTA-732844,CLI-52087,2026-06-08 15:56:00,1960658.18,CRC,pago,app_movil,SJ-001,Cuenta Corriente
TXN-00018838,CTA-883154,CLI-24527,2026-06-04 15:40:00,3231131.37,CRC,pago,atm,SJ-002,Tarjeta Crédito
TXN-00018839,CTA-507207,CLI-41346,2026-06-02 20:13:00,1402436.03,CRC,comision,app_movil,LI-002,Préstamo Personal
TXN-00018840,CTA-770558,CLI-38445,2026-06-09 21:21:00,3379980.61,CRC,retiro,atm,LI-002,Préstamo Personal
TXN-00018841,CTA-655228,CLI-43112,2026-06-19 03:24:00,2962686.77,CRC,pago,sinpe,SJ-002,Préstamo Hipotecario
TXN-00018842,CTA-836838,CLI-11817,2026-06-04 11:45:00,4897208.69,CRC,pago,web,AL-001,Préstamo Personal
TXN-00018843,CTA-268997,CLI-26173,2026-06-16 11:59:00,1764164.01,CRC,pago,atm,HE-001,Préstamo Hipotecario
TXN-00018844,CTA-609357,CLI-13705,2026-06-06 02:32:00,3015793.89,CRC,transferencia,web,PU-001,Préstamo Personal
TXN-00018845,CTA-850349,CLI-18647,2026-06-20 13:42:00,4210835.27,CRC,retiro,web,LI-002,Préstamo Personal
TXN-00018846,CTA-929177,CLI-97855,2026-06-12 22:48:00,2717046.45,CRC,deposito,sinpe,PU-001,Cuenta Corriente
TXN-00018847,CTA-566761,CLI-91765,2026-06-21 00:01:00,4510821.67,CRC,pago,app_movil,LI-002,Préstamo Personal
TXN-00018848,CTA-307292,CLI-56649,2026-06-25 09:20:00,1512968.83,CRC,pago,sucursal,SJ-002,Cuenta Ahorro
TXN-00018849,CTA-258363,CLI-53694,2026-06-27 16:27:00,4793351.95,CRC,comision,web,LI-002,Préstamo Hipotecario
TXN-00018850,CTA-757345,CLI-73596,2026-06-30 01:18:00,4616455.87,CRC,retiro,atm,LI-002,Préstamo Personal
TXN-00018851,CTA-642009,CLI-38259,2026-06-19 19:30:00,2935986.5,CRC,comision,app_movil,LI-002,Cuenta Corriente
TXN-00018852,CTA-918710,CLI-24456,2026-06-22 00:43:00,3848206.89,CRC,deposito,atm,LI-002,Préstamo Hipotecario
TXN-00018853,CTA-991604,CLI-65844,2026-06-18 08:00:00,4803358.77,CRC,deposito,sinpe,SJ-001,Cuenta Ahorro
TXN-00018854,CTA-149387,CLI-98666,2026-06-13 06:59:00,290581.78,CRC,deposito,atm,HE-001,Préstamo Personal
TXN-00018855,CTA-327264,CLI-58973,2026-06-27 07:55:00,2250025.57,CRC,pago,web,AL-001,Préstamo Personal
TXN-00018856,CTA-779124,CLI-21021,2026-06-11 03:57:00,1101744.87,CRC,pago,app_movil,CA-001,Tarjeta Crédito
TXN-00018857,CTA-593266,CLI-26057,2026-06-05 20:05:00,1234119.14,CRC,pago,app_movil,SJ-001,Cuenta Ahorro
TXN-00018858,CTA-490484,CLI-55295,2026-06-27 13:26:00,3723964.64,CRC,retiro,sucursal,CA-001,Cuenta Ahorro
TXN-00018859,CTA-300925,CLI-19649,2026-06-16 02:22:00,2204266.58,CRC,retiro,web,SJ-002,Tarjeta Crédito
TXN-00018860,CTA-152911,CLI-88928,2026-06-02 17:38:00,4205545.01,CRC,deposito,atm,HE-001,Cuenta Corriente
TXN-00018861,CTA-395281,CLI-65870,2026-06-20 14:57:00,2826605.4,CRC,deposito,sinpe,AL-001,Cuenta Corriente
TXN-00018862,CTA-205606,CLI-13505,2026-06-15 23:45:00,3558458.65,CRC,deposito,app_movil,SJ-002,Préstamo Hipotecario
TXN-00018863,CTA-162075,CLI-28347,2026-06-23 17:49:00,3568248.57,CRC,comision,sinpe,AL-001,Préstamo Personal
TXN-00018864,CTA-519229,CLI-59803,2026-06-11 09:04:00,601122.3,CRC,comision,sinpe,CA-001,Préstamo Hipotecario
TXN-00018865,CTA-818589,CLI-56099,2026-06-13 02:37:00,124462.81,CRC,transferencia,app_movil,PU-001,Préstamo Hipotecario
TXN-00018866,CTA-683334,CLI-89228,2026-06-12 21:25:00,4699386.47,CRC,transferencia,sinpe,LI-001,Cuenta Ahorro
TXN-00018867,CTA-117643,CLI-32573,2026-06-17 01:16:00,2144165.03,CRC,retiro,atm,AL-001,Tarjeta Crédito
TXN-00018868,CTA-200811,CLI-28895,2026-06-18 00:24:00,3611928.48,CRC,pago,app_movil,HE-001,Cuenta Ahorro
TXN-00018869,CTA-535675,CLI-53616,2026-06-03 03:23:00,4582667.09,CRC,comision,sucursal,LI-002,Cuenta Corriente
TXN-00018870,CTA-299258,CLI-94992,2026-06-28 17:26:00,2511188.0,CRC,transferencia,atm,SJ-002,Cuenta Ahorro
TXN-00018871,CTA-756457,CLI-30142,2026-06-28 11:40:00,3893902.91,CRC,deposito,atm,HE-001,Cuenta Ahorro
TXN-00018872,CTA-995431,CLI-42327,2026-06-12 04:55:00,2675740.68,CRC,retiro,web,CA-001,Tarjeta Crédito
TXN-00018873,CTA-691236,CLI-20100,2026-06-25 01:01:00,1866406.69,CRC,comision,atm,PU-001,Préstamo Hipotecario
TXN-00018874,CTA-975946,CLI-63671,2026-06-23 03:06:00,1361945.0,CRC,deposito,app_movil,LI-002,Cuenta Corriente
TXN-00018875,CTA-723279,CLI-55130,2026-06-05 19:15:00,4070839.99,CRC,transferencia,web,CA-001,Préstamo Hipotecario
TXN-00018876,CTA-481256,CLI-46272,2026-06-25 17:07:00,4095842.67,CRC,transferencia,web,CA-001,Tarjeta Crédito
TXN-00018877,CTA-616401,CLI-73081,2026-06-27 01:10:00,1660773.97,CRC,pago,atm,LI-002,Préstamo Personal
TXN-00018878,CTA-722269,CLI-39429,2026-06-07 00:45:00,3726020.93,CRC,comision,atm,HE-001,Préstamo Personal
TXN-00018879,CTA-181916,CLI-14263,2026-06-23 07:45:00,595139.8,CRC,retiro,sinpe,LI-002,Préstamo Personal
TXN-00018880,CTA-282060,CLI-51434,2026-06-22 05:00:00,3861725.26,CRC,pago,sucursal,SJ-002,Cuenta Ahorro
TXN-00018881,CTA-179659,CLI-50092,2026-06-14 07:31:00,4974569.53,CRC,transferencia,web,PU-001,Cuenta Ahorro
TXN-00018882,CTA-210130,CLI-68460,2026-06-24 02:25:00,1330148.9,CRC,retiro,atm,SJ-002,Préstamo Hipotecario
TXN-00018883,CTA-299477,CLI-86464,2026-06-15 04:43:00,1228184.89,CRC,comision,sinpe,HE-001,Cuenta Corriente
TXN-00018884,CTA-248082,CLI-53050,2026-06-24 20:35:00,2222385.34,CRC,pago,atm,LI-001,Préstamo Hipotecario
TXN-00018885,CTA-175853,CLI-79192,2026-06-08 00:54:00,2510044.71,CRC,pago,sinpe,AL-001,Cuenta Ahorro
TXN-00018886,CTA-252250,CLI-46076,2026-06-07 08:50:00,570129.21,CRC,retiro,sinpe,CA-001,Cuenta Corriente
TXN-00018887,CTA-298597,CLI-79686,2026-06-06 07:14:00,3466535.65,CRC,deposito,atm,LI-001,Cuenta Ahorro
TXN-00018888,CTA-425910,CLI-65073,2026-06-27 13:03:00,4061627.64,CRC,pago,app_movil,CA-001,Préstamo Hipotecario
TXN-00018889,CTA-388831,CLI-71911,2026-06-12 06:25:00,3066226.72,CRC,transferencia,web,SJ-002,Préstamo Personal
TXN-00018890,CTA-169734,CLI-18951,2026-06-24 02:01:00,381113.8,CRC,retiro,sinpe,LI-001,Préstamo Hipotecario
TXN-00018891,CTA-922306,CLI-25720,2026-06-14 20:50:00,1455591.56,CRC,deposito,sinpe,SJ-001,Préstamo Personal
TXN-00018892,CTA-678508,CLI-17290,2026-06-29 15:28:00,513278.25,CRC,deposito,web,LI-002,Tarjeta Crédito
TXN-00018893,CTA-182842,CLI-26455,2026-06-07 18:47:00,700696.05,CRC,transferencia,app_movil,SJ-002,Tarjeta Crédito
TXN-00018894,CTA-171014,CLI-94235,2026-06-16 21:35:00,1917392.87,CRC,pago,atm,SJ-001,Préstamo Personal
TXN-00018895,CTA-153612,CLI-58041,2026-06-30 13:40:00,837867.98,CRC,comision,atm,SJ-002,Cuenta Corriente
TXN-00018896,CTA-765435,CLI-83149,2026-06-15 21:45:00,1539378.6,CRC,comision,sinpe,LI-001,Préstamo Hipotecario
TXN-00018897,CTA-469221,CLI-62302,2026-06-11 01:24:00,891006.84,CRC,comision,sinpe,CA-001,Tarjeta Crédito
TXN-00018898,CTA-529654,CLI-87634,2026-06-01 12:34:00,136565.6,CRC,transferencia,atm,LI-001,Cuenta Ahorro
TXN-00018899,CTA-758535,CLI-51495,2026-06-15 09:42:00,1028073.17,CRC,pago,web,LI-002,Cuenta Corriente
TXN-00018900,CTA-610377,CLI-12340,2026-06-18 13:53:00,1917615.46,CRC,comision,sucursal,LI-001,Préstamo Hipotecario
TXN-00018901,CTA-435127,CLI-13730,2026-06-24 18:58:00,1068744.62,CRC,transferencia,web,AL-001,Cuenta Ahorro
TXN-00018902,CTA-842802,CLI-82961,2026-06-18 22:10:00,3954599.98,CRC,comision,web,SJ-001,Tarjeta Crédito
TXN-00018903,CTA-603484,CLI-11317,2026-06-20 12:22:00,2469344.38,CRC,comision,app_movil,AL-001,Tarjeta Crédito
TXN-00018904,CTA-114030,CLI-75509,2026-06-08 09:01:00,343147.13,CRC,retiro,sucursal,SJ-002,Tarjeta Crédito
TXN-00018905,CTA-422493,CLI-54513,2026-06-30 12:14:00,4229003.34,CRC,deposito,atm,LI-002,Tarjeta Crédito
TXN-00018906,CTA-912946,CLI-16275,2026-06-06 21:50:00,1602526.54,CRC,retiro,sinpe,PU-001,Cuenta Corriente
TXN-00018907,CTA-238542,CLI-62893,2026-06-10 12:02:00,4051688.68,CRC,comision,atm,CA-001,Préstamo Personal
TXN-00018908,CTA-142147,CLI-45601,2026-06-18 00:08:00,3113467.68,CRC,transferencia,atm,HE-001,Cuenta Corriente
TXN-00018909,CTA-291879,CLI-91375,2026-06-12 03:08:00,3849781.16,CRC,transferencia,sinpe,LI-001,Préstamo Hipotecario
TXN-00018910,CTA-872642,CLI-53930,2026-06-21 12:43:00,1338409.55,CRC,pago,app_movil,LI-002,Préstamo Hipotecario
TXN-00018911,CTA-139548,CLI-25369,2026-06-17 17:44:00,939386.58,CRC,comision,sucursal,CA-001,Préstamo Hipotecario
TXN-00018912,CTA-625313,CLI-85348,2026-06-17 11:09:00,2706943.96,CRC,comision,atm,LI-001,Préstamo Hipotecario
TXN-00018913,CTA-951270,CLI-32392,2026-06-24 05:09:00,4841079.48,CRC,retiro,app_movil,HE-001,Cuenta Corriente
TXN-00018914,CTA-862036,CLI-73464,2026-06-27 04:09:00,4879600.9,CRC,pago,sinpe,PU-001,Préstamo Personal
TXN-00018915,CTA-599578,CLI-46317,2026-06-29 04:22:00,298290.08,CRC,transferencia,app_movil,SJ-002,Préstamo Personal
TXN-00018916,CTA-360485,CLI-36269,2026-06-17 06:42:00,4736906.14,CRC,pago,atm,SJ-001,Cuenta Corriente
TXN-00018917,CTA-861191,CLI-95405,2026-06-13 21:44:00,4645061.01,CRC,deposito,sucursal,LI-001,Préstamo Personal
TXN-00018918,CTA-511148,CLI-78701,2026-06-04 15:09:00,1442507.06,CRC,transferencia,app_movil,HE-001,Cuenta Ahorro
TXN-00018919,CTA-252916,CLI-61038,2026-06-22 02:18:00,2742510.49,CRC,transferencia,sinpe,PU-001,Cuenta Corriente
TXN-00018920,CTA-165536,CLI-74727,2026-06-18 22:09:00,86055.07,CRC,transferencia,sucursal,PU-001,Cuenta Ahorro
TXN-00018921,CTA-927057,CLI-70155,2026-06-13 21:59:00,2344860.21,CRC,retiro,sucursal,AL-001,Préstamo Personal
TXN-00018922,CTA-940744,CLI-26465,2026-06-26 18:35:00,733363.75,CRC,transferencia,app_movil,AL-001,Cuenta Ahorro
TXN-00018923,CTA-367028,CLI-58628,2026-06-25 06:27:00,4923320.32,CRC,comision,atm,LI-001,Cuenta Ahorro
TXN-00018924,CTA-994663,CLI-70800,2026-06-04 07:32:00,3951299.79,CRC,retiro,app_movil,AL-001,Cuenta Corriente
TXN-00018925,CTA-982897,CLI-90802,2026-06-23 12:30:00,1038512.9,CRC,comision,atm,AL-001,Préstamo Hipotecario
TXN-00018926,CTA-100960,CLI-89615,2026-06-14 06:40:00,2905669.8,CRC,retiro,app_movil,PU-001,Cuenta Corriente
TXN-00018927,CTA-850383,CLI-89996,2026-06-09 11:16:00,4250895.13,CRC,deposito,sinpe,AL-001,Préstamo Hipotecario
TXN-00018928,CTA-141446,CLI-15085,2026-06-23 05:00:00,2882327.55,CRC,deposito,web,HE-001,Tarjeta Crédito
TXN-00018929,CTA-108902,CLI-84607,2026-06-28 12:04:00,3731812.08,CRC,retiro,atm,CA-001,Tarjeta Crédito
TXN-00018930,CTA-271782,CLI-41437,2026-06-12 03:10:00,2173328.43,CRC,transferencia,atm,CA-001,Préstamo Hipotecario
TXN-00018931,CTA-679450,CLI-21605,2026-06-05 18:21:00,2373897.72,CRC,retiro,sucursal,SJ-002,Préstamo Hipotecario
TXN-00018932,CTA-215409,CLI-80860,2026-06-05 20:30:00,2240761.27,CRC,pago,app_movil,LI-001,Cuenta Corriente
TXN-00018933,CTA-304011,CLI-47561,2026-06-27 14:14:00,3707728.5,CRC,retiro,sinpe,PU-001,Tarjeta Crédito
TXN-00018934,CTA-190713,CLI-34565,2026-06-05 04:06:00,3125991.3,CRC,pago,sinpe,PU-001,Préstamo Hipotecario
TXN-00018935,CTA-997387,CLI-71304,2026-06-26 10:10:00,1197414.41,CRC,pago,web,LI-002,Préstamo Hipotecario
TXN-00018936,CTA-953178,CLI-68236,2026-06-19 07:29:00,4997102.2,CRC,comision,atm,CA-001,Cuenta Ahorro
TXN-00018937,CTA-919867,CLI-82187,2026-06-14 02:26:00,1902619.77,CRC,deposito,web,SJ-001,Tarjeta Crédito
TXN-00018938,CTA-620903,CLI-41165,2026-06-26 14:23:00,2636681.22,CRC,deposito,atm,HE-001,Préstamo Hipotecario
TXN-00018939,CTA-136833,CLI-82928,2026-06-15 11:24:00,1674406.75,CRC,pago,atm,AL-001,Préstamo Hipotecario
TXN-00018940,CTA-252063,CLI-92525,2026-06-09 14:41:00,249474.28,CRC,comision,app_movil,SJ-002,Cuenta Ahorro
TXN-00018941,CTA-596025,CLI-91779,2026-06-05 12:10:00,3220210.97,CRC,transferencia,app_movil,CA-001,Tarjeta Crédito
TXN-00018942,CTA-908809,CLI-91591,2026-06-23 17:27:00,808129.96,CRC,deposito,app_movil,LI-002,Préstamo Hipotecario
TXN-00018943,CTA-543643,CLI-72821,2026-06-17 21:20:00,1781611.63,CRC,deposito,sucursal,PU-001,Cuenta Ahorro
TXN-00018944,CTA-561186,CLI-55411,2026-06-28 17:28:00,4015905.01,CRC,transferencia,web,LI-001,Cuenta Ahorro
TXN-00018945,CTA-402029,CLI-45123,2026-06-05 22:39:00,913920.42,CRC,comision,sucursal,PU-001,Tarjeta Crédito
TXN-00018946,CTA-820589,CLI-16092,2026-06-27 16:09:00,3661699.58,CRC,transferencia,atm,SJ-001,Tarjeta Crédito
TXN-00018947,CTA-991382,CLI-38827,2026-06-25 08:53:00,711344.79,CRC,comision,web,SJ-001,Préstamo Hipotecario
TXN-00018948,CTA-154036,CLI-11037,2026-06-13 10:51:00,996742.97,CRC,transferencia,web,SJ-002,Préstamo Hipotecario
TXN-00018949,CTA-522393,CLI-20638,2026-06-23 14:27:00,2255472.04,CRC,transferencia,sinpe,LI-002,Préstamo Hipotecario
TXN-00018950,CTA-434990,CLI-19681,2026-06-21 14:17:00,1894043.54,CRC,pago,sucursal,SJ-002,Cuenta Corriente
TXN-00018951,CTA-434686,CLI-57058,2026-06-04 04:55:00,3348431.05,CRC,retiro,app_movil,LI-001,Préstamo Hipotecario
TXN-00018952,CTA-165006,CLI-17671,2026-06-14 19:11:00,3781936.44,CRC,transferencia,app_movil,PU-001,Cuenta Corriente
TXN-00018953,CTA-831758,CLI-23852,2026-06-13 04:25:00,1265478.18,CRC,retiro,app_movil,AL-001,Cuenta Corriente
TXN-00018954,CTA-136766,CLI-36749,2026-06-22 15:00:00,1763555.57,CRC,transferencia,atm,PU-001,Tarjeta Crédito
TXN-00018955,CTA-468818,CLI-20730,2026-06-09 21:43:00,4333880.0,CRC,pago,web,PU-001,Tarjeta Crédito
TXN-00018956,CTA-202120,CLI-56045,2026-06-16 06:44:00,733588.34,CRC,transferencia,web,PU-001,Préstamo Personal
TXN-00018957,CTA-999750,CLI-76812,2026-06-21 09:36:00,786643.48,CRC,transferencia,atm,PU-001,Cuenta Corriente
TXN-00018958,CTA-833673,CLI-87460,2026-06-16 03:34:00,3907142.5,CRC,comision,app_movil,HE-001,Tarjeta Crédito
TXN-00018959,CTA-545870,CLI-51521,2026-06-08 14:15:00,4476346.98,CRC,deposito,app_movil,SJ-001,Préstamo Hipotecario
TXN-00018960,CTA-238392,CLI-55607,2026-06-02 16:38:00,2317416.32,CRC,deposito,atm,LI-002,Tarjeta Crédito
TXN-00018961,CTA-830805,CLI-42376,2026-06-27 08:35:00,3202343.28,CRC,transferencia,sinpe,LI-002,Cuenta Corriente
TXN-00018962,CTA-513723,CLI-11547,2026-06-05 02:26:00,3252281.79,CRC,deposito,app_movil,HE-001,Cuenta Ahorro
TXN-00018963,CTA-306448,CLI-12731,2026-06-18 15:01:00,2472187.8,CRC,comision,sucursal,AL-001,Préstamo Personal
TXN-00018964,CTA-161176,CLI-98410,2026-06-13 14:57:00,4007206.42,CRC,pago,sucursal,SJ-002,Cuenta Corriente
TXN-00018965,CTA-158295,CLI-89871,2026-06-04 19:52:00,2162329.18,CRC,deposito,atm,AL-001,Préstamo Personal
TXN-00018966,CTA-121450,CLI-88048,2026-06-14 08:06:00,57020.01,CRC,deposito,web,PU-001,Cuenta Ahorro
TXN-00018967,CTA-623440,CLI-30453,2026-06-21 08:52:00,538593.44,CRC,transferencia,sucursal,LI-002,Préstamo Hipotecario
TXN-00018968,CTA-459086,CLI-67813,2026-06-04 20:13:00,3453460.95,CRC,comision,atm,AL-001,Cuenta Corriente
TXN-00018969,CTA-972505,CLI-22449,2026-06-18 05:43:00,2761656.34,CRC,retiro,app_movil,SJ-001,Préstamo Hipotecario
TXN-00018970,CTA-217308,CLI-35289,2026-06-12 05:07:00,1010738.6,CRC,retiro,web,LI-002,Préstamo Hipotecario
TXN-00018971,CTA-756419,CLI-70638,2026-06-17 16:04:00,531833.06,CRC,deposito,app_movil,AL-001,Préstamo Hipotecario
TXN-00018972,CTA-427647,CLI-56450,2026-06-19 14:14:00,2550907.12,CRC,pago,app_movil,CA-001,Cuenta Corriente
TXN-00018973,CTA-416067,CLI-26742,2026-06-22 07:54:00,2297055.2,CRC,retiro,web,HE-001,Préstamo Personal
TXN-00018974,CTA-549691,CLI-72564,2026-06-26 23:04:00,2244992.82,CRC,retiro,web,PU-001,Cuenta Ahorro
TXN-00018975,CTA-328305,CLI-27704,2026-06-09 08:27:00,1899731.25,CRC,deposito,sucursal,PU-001,Préstamo Personal
TXN-00018976,CTA-485904,CLI-80549,2026-06-23 07:09:00,1426443.48,CRC,transferencia,app_movil,CA-001,Cuenta Ahorro
TXN-00018977,CTA-547033,CLI-21663,2026-06-20 03:36:00,755376.45,CRC,pago,app_movil,AL-001,Cuenta Corriente
TXN-00018978,CTA-595422,CLI-49637,2026-06-18 20:17:00,3293513.31,CRC,comision,atm,LI-001,Tarjeta Crédito
TXN-00018979,CTA-338929,CLI-55127,2026-06-02 02:30:00,2216271.8,CRC,pago,web,SJ-001,Préstamo Hipotecario
TXN-00018980,CTA-649989,CLI-85714,2026-06-02 10:57:00,1285878.56,CRC,deposito,app_movil,LI-002,Cuenta Corriente
TXN-00018981,CTA-118522,CLI-81279,2026-06-07 06:11:00,2026537.37,CRC,pago,sinpe,CA-001,Préstamo Personal
TXN-00018982,CTA-194717,CLI-53565,2026-06-06 23:48:00,4054906.68,CRC,pago,atm,LI-002,Cuenta Ahorro
TXN-00018983,CTA-196988,CLI-93427,2026-06-15 17:53:00,664965.31,CRC,comision,app_movil,PU-001,Cuenta Corriente
TXN-00018984,CTA-143987,CLI-96178,2026-06-16 21:10:00,4036226.03,CRC,transferencia,atm,AL-001,Cuenta Corriente
TXN-00018985,CTA-854560,CLI-43475,2026-06-18 23:10:00,4985129.42,CRC,transferencia,sinpe,LI-002,Cuenta Ahorro
TXN-00018986,CTA-391584,CLI-57399,2026-06-21 22:32:00,854662.55,CRC,pago,sucursal,HE-001,Préstamo Hipotecario
TXN-00018987,CTA-646993,CLI-97878,2026-06-09 06:54:00,1755767.6,CRC,retiro,app_movil,LI-002,Cuenta Ahorro
TXN-00018988,CTA-153387,CLI-97471,2026-06-14 07:17:00,104201.37,CRC,pago,sucursal,SJ-002,Tarjeta Crédito
TXN-00018989,CTA-635022,CLI-29501,2026-06-30 13:33:00,1482697.33,CRC,pago,sucursal,AL-001,Préstamo Personal
TXN-00018990,CTA-476342,CLI-29433,2026-06-06 14:32:00,4324202.6,CRC,comision,sucursal,SJ-001,Préstamo Personal
TXN-00018991,CTA-621169,CLI-65535,2026-06-14 13:24:00,1869990.07,CRC,comision,atm,LI-002,Cuenta Corriente
TXN-00018992,CTA-918334,CLI-21487,2026-06-22 05:00:00,916263.08,CRC,pago,atm,SJ-001,Tarjeta Crédito
TXN-00018993,CTA-469444,CLI-51689,2026-06-13 01:09:00,993544.31,CRC,retiro,sinpe,LI-002,Tarjeta Crédito
TXN-00018994,CTA-328196,CLI-61681,2026-06-29 17:02:00,4083309.22,CRC,comision,sucursal,CA-001,Tarjeta Crédito
TXN-00018995,CTA-101084,CLI-63987,2026-06-05 07:26:00,2376563.48,CRC,pago,sucursal,HE-001,Tarjeta Crédito
TXN-00018996,CTA-186114,CLI-67236,2026-06-27 10:37:00,2692454.81,CRC,retiro,sinpe,HE-001,Cuenta Corriente
TXN-00018997,CTA-793409,CLI-92935,2026-06-13 10:24:00,2244626.87,CRC,deposito,web,SJ-001,Préstamo Hipotecario
TXN-00018998,CTA-271618,CLI-45680,2026-06-11 23:34:00,2840184.24,CRC,retiro,atm,PU-001,Cuenta Corriente
TXN-00018999,CTA-852099,CLI-18769,2026-06-05 16:43:00,559374.08,CRC,transferencia,sucursal,CA-001,Préstamo Hipotecario
TXN-00019000,CTA-941064,CLI-54735,2026-06-29 00:42:00,1936785.43,CRC,deposito,web,CA-001,Préstamo Personal
TXN-00019001,CTA-155166,CLI-36855,2026-06-20 21:19:00,1860202.78,CRC,retiro,atm,LI-001,Préstamo Personal
TXN-00019002,CTA-223026,CLI-82785,2026-06-29 10:14:00,4654899.86,CRC,retiro,atm,HE-001,Cuenta Ahorro
TXN-00019003,CTA-905615,CLI-14835,2026-06-18 19:55:00,3615001.32,CRC,deposito,sucursal,LI-002,Cuenta Corriente
TXN-00019004,CTA-117811,CLI-22277,2026-06-20 15:45:00,691914.3,CRC,transferencia,sinpe,SJ-001,Préstamo Hipotecario
TXN-00019005,CTA-616584,CLI-50245,2026-06-07 22:42:00,1147493.42,CRC,comision,atm,SJ-001,Cuenta Corriente
TXN-00019006,CTA-465703,CLI-23661,2026-06-03 17:51:00,465569.9,CRC,retiro,web,AL-001,Cuenta Ahorro
TXN-00019007,CTA-403216,CLI-94554,2026-06-17 18:46:00,1742040.92,CRC,pago,web,AL-001,Cuenta Ahorro
TXN-00019008,CTA-437667,CLI-54742,2026-06-11 18:22:00,4359309.28,CRC,comision,app_movil,HE-001,Tarjeta Crédito
TXN-00019009,CTA-425869,CLI-21453,2026-06-24 01:04:00,2876689.5,CRC,pago,web,AL-001,Tarjeta Crédito
TXN-00019010,CTA-893366,CLI-43155,2026-06-13 04:04:00,3452617.8,CRC,transferencia,atm,AL-001,Préstamo Hipotecario
TXN-00019011,CTA-661124,CLI-76933,2026-06-06 07:13:00,963316.09,CRC,pago,sucursal,SJ-001,Cuenta Corriente
TXN-00019012,CTA-556525,CLI-63650,2026-06-18 01:29:00,1938399.24,CRC,pago,sucursal,SJ-001,Préstamo Hipotecario
TXN-00019013,CTA-585497,CLI-96525,2026-06-07 20:19:00,602161.94,CRC,retiro,sucursal,PU-001,Cuenta Corriente
TXN-00019014,CTA-355758,CLI-25147,2026-06-23 13:26:00,3224229.98,CRC,deposito,sucursal,PU-001,Cuenta Corriente
TXN-00019015,CTA-555220,CLI-16501,2026-06-03 23:35:00,4928661.26,CRC,retiro,sucursal,SJ-002,Cuenta Ahorro
TXN-00019016,CTA-664368,CLI-69829,2026-06-02 14:36:00,1012893.28,CRC,retiro,web,PU-001,Cuenta Ahorro
TXN-00019017,CTA-872673,CLI-49029,2026-06-03 10:21:00,4551534.12,CRC,pago,atm,LI-001,Préstamo Hipotecario
TXN-00019018,CTA-202496,CLI-90379,2026-06-09 02:54:00,3597874.75,CRC,pago,app_movil,CA-001,Cuenta Corriente
TXN-00019019,CTA-957279,CLI-82036,2026-06-30 02:14:00,2097410.57,CRC,deposito,app_movil,LI-002,Cuenta Ahorro
TXN-00019020,CTA-280274,CLI-64799,2026-06-09 14:23:00,1738861.4,CRC,deposito,atm,LI-001,Cuenta Corriente
TXN-00019021,CTA-169449,CLI-71195,2026-06-06 02:52:00,2387442.18,CRC,pago,app_movil,CA-001,Cuenta Corriente
TXN-00019022,CTA-238672,CLI-93665,2026-06-15 07:49:00,2402034.67,CRC,comision,sucursal,LI-002,Préstamo Personal
TXN-00019023,CTA-901243,CLI-50256,2026-06-07 18:41:00,86458.41,CRC,comision,sucursal,SJ-002,Cuenta Corriente
TXN-00019024,CTA-736771,CLI-52439,2026-06-25 06:04:00,358812.57,CRC,deposito,web,PU-001,Cuenta Corriente
TXN-00019025,CTA-810073,CLI-75622,2026-06-23 06:47:00,4673283.98,CRC,deposito,web,LI-002,Tarjeta Crédito
TXN-00019026,CTA-684389,CLI-87795,2026-06-11 23:00:00,2801810.98,CRC,deposito,app_movil,LI-001,Préstamo Personal
TXN-00019027,CTA-575171,CLI-50419,2026-06-15 13:49:00,909870.78,CRC,transferencia,web,SJ-001,Préstamo Hipotecario
TXN-00019028,CTA-441615,CLI-86062,2026-06-25 16:47:00,187473.26,CRC,deposito,web,AL-001,Préstamo Hipotecario
TXN-00019029,CTA-697859,CLI-86791,2026-06-10 09:05:00,3160818.65,CRC,transferencia,sucursal,AL-001,Tarjeta Crédito
TXN-00019030,CTA-175343,CLI-53575,2026-06-29 05:06:00,3573361.15,CRC,comision,sucursal,PU-001,Cuenta Ahorro
TXN-00019031,CTA-323846,CLI-32511,2026-06-21 13:03:00,2204286.66,CRC,pago,app_movil,AL-001,Tarjeta Crédito
TXN-00019032,CTA-590904,CLI-71623,2026-06-21 00:46:00,2631125.42,CRC,deposito,app_movil,LI-002,Cuenta Ahorro
TXN-00019033,CTA-782769,CLI-98158,2026-06-22 04:17:00,3394970.21,CRC,pago,sinpe,LI-001,Préstamo Hipotecario
TXN-00019034,CTA-922894,CLI-99480,2026-06-20 17:01:00,2846655.97,CRC,comision,app_movil,SJ-002,Préstamo Personal
TXN-00019035,CTA-753635,CLI-65154,2026-06-26 00:16:00,2165309.37,CRC,deposito,sucursal,CA-001,Préstamo Hipotecario
TXN-00019036,CTA-431442,CLI-84016,2026-06-04 00:52:00,4829155.69,CRC,pago,atm,LI-002,Tarjeta Crédito
TXN-00019037,CTA-892285,CLI-10629,2026-06-10 06:31:00,2551584.92,CRC,comision,sucursal,HE-001,Préstamo Hipotecario
TXN-00019038,CTA-539832,CLI-56926,2026-06-04 13:51:00,1379596.75,CRC,transferencia,sucursal,PU-001,Tarjeta Crédito
TXN-00019039,CTA-286751,CLI-10382,2026-06-07 11:03:00,2504496.83,CRC,retiro,app_movil,PU-001,Préstamo Hipotecario
TXN-00019040,CTA-703839,CLI-86726,2026-06-20 15:04:00,3478453.32,CRC,deposito,web,CA-001,Tarjeta Crédito
TXN-00019041,CTA-790165,CLI-30997,2026-06-22 20:22:00,3459660.69,CRC,transferencia,sucursal,PU-001,Cuenta Corriente
TXN-00019042,CTA-557934,CLI-75226,2026-06-14 18:33:00,4085752.73,CRC,deposito,sinpe,LI-002,Préstamo Personal
TXN-00019043,CTA-949067,CLI-41064,2026-06-16 09:32:00,1746380.13,CRC,transferencia,sinpe,LI-002,Préstamo Personal
TXN-00019044,CTA-718747,CLI-75276,2026-06-23 08:29:00,836579.41,CRC,retiro,app_movil,LI-002,Préstamo Hipotecario
TXN-00019045,CTA-214342,CLI-70662,2026-06-19 16:16:00,1390357.41,CRC,deposito,atm,HE-001,Préstamo Hipotecario
TXN-00019046,CTA-389895,CLI-97563,2026-06-18 13:00:00,2583761.85,CRC,deposito,atm,SJ-002,Tarjeta Crédito
TXN-00019047,CTA-843262,CLI-78447,2026-06-20 18:44:00,421687.45,CRC,comision,sucursal,SJ-002,Cuenta Ahorro
TXN-00019048,CTA-446571,CLI-43415,2026-06-30 11:43:00,3393658.63,CRC,transferencia,sinpe,CA-001,Tarjeta Crédito
TXN-00019049,CTA-436674,CLI-57149,2026-06-03 06:58:00,2598391.23,CRC,pago,atm,LI-001,Cuenta Ahorro
TXN-00019050,CTA-433841,CLI-82579,2026-06-08 22:08:00,4773796.57,CRC,pago,sinpe,LI-002,Tarjeta Crédito
TXN-00019051,CTA-478013,CLI-31065,2026-06-22 16:22:00,130290.78,CRC,retiro,sucursal,AL-001,Préstamo Personal
TXN-00019052,CTA-378621,CLI-76127,2026-06-29 22:13:00,3761937.98,CRC,pago,atm,LI-002,Préstamo Hipotecario
TXN-00019053,CTA-962608,CLI-97509,2026-06-23 18:46:00,1522603.67,CRC,pago,web,HE-001,Tarjeta Crédito
TXN-00019054,CTA-972627,CLI-45708,2026-06-08 06:01:00,671769.07,CRC,transferencia,atm,LI-001,Cuenta Corriente
TXN-00019055,CTA-504078,CLI-78700,2026-06-10 13:27:00,2798062.92,CRC,comision,sucursal,HE-001,Préstamo Hipotecario
TXN-00019056,CTA-200704,CLI-16225,2026-06-29 14:22:00,1183869.85,CRC,pago,sucursal,HE-001,Préstamo Personal
TXN-00019057,CTA-672107,CLI-61173,2026-06-15 10:54:00,1107210.82,CRC,retiro,sinpe,LI-002,Cuenta Ahorro
TXN-00019058,CTA-880043,CLI-90287,2026-06-17 14:31:00,1909421.6,CRC,pago,sinpe,AL-001,Préstamo Personal
TXN-00019059,CTA-708143,CLI-73795,2026-06-29 16:10:00,4577977.42,CRC,transferencia,web,HE-001,Cuenta Ahorro
TXN-00019060,CTA-304545,CLI-82680,2026-06-06 01:49:00,4124770.05,CRC,transferencia,sucursal,AL-001,Préstamo Personal
TXN-00019061,CTA-738506,CLI-14133,2026-06-23 14:08:00,2826591.1,CRC,pago,sinpe,HE-001,Tarjeta Crédito
TXN-00019062,CTA-167418,CLI-13689,2026-06-28 06:44:00,3793192.62,CRC,deposito,atm,AL-001,Préstamo Hipotecario
TXN-00019063,CTA-344906,CLI-37199,2026-06-22 15:12:00,1182875.55,CRC,pago,sucursal,PU-001,Préstamo Hipotecario
TXN-00019064,CTA-539314,CLI-82464,2026-06-17 15:51:00,1843452.77,CRC,comision,sucursal,CA-001,Tarjeta Crédito
TXN-00019065,CTA-151584,CLI-58893,2026-06-16 19:09:00,2858687.04,CRC,pago,web,LI-002,Préstamo Hipotecario
TXN-00019066,CTA-603979,CLI-62650,2026-06-11 15:42:00,3354862.22,CRC,deposito,sucursal,SJ-001,Préstamo Hipotecario
TXN-00019067,CTA-459056,CLI-13580,2026-06-15 16:30:00,3202249.37,CRC,retiro,app_movil,AL-001,Cuenta Corriente
TXN-00019068,CTA-970413,CLI-60937,2026-06-20 17:58:00,3470254.11,CRC,comision,app_movil,SJ-002,Préstamo Personal
TXN-00019069,CTA-423839,CLI-99659,2026-06-04 19:58:00,2927288.54,CRC,deposito,sucursal,LI-001,Préstamo Hipotecario
TXN-00019070,CTA-570729,CLI-63542,2026-06-28 20:35:00,2094626.64,CRC,pago,sucursal,LI-001,Cuenta Corriente
TXN-00019071,CTA-924362,CLI-90069,2026-06-08 14:05:00,2146149.8,CRC,comision,web,AL-001,Préstamo Personal
TXN-00019072,CTA-502184,CLI-26594,2026-06-29 15:08:00,567576.7,CRC,transferencia,sucursal,SJ-001,Préstamo Personal
TXN-00019073,CTA-939789,CLI-53698,2026-06-19 13:20:00,4542374.36,CRC,deposito,sucursal,SJ-001,Tarjeta Crédito
TXN-00019074,CTA-321074,CLI-40800,2026-06-13 20:04:00,3069802.17,CRC,pago,web,PU-001,Préstamo Hipotecario
TXN-00019075,CTA-828028,CLI-71667,2026-06-22 23:41:00,4106267.15,CRC,transferencia,atm,HE-001,Cuenta Ahorro
TXN-00019076,CTA-151680,CLI-65596,2026-06-20 08:54:00,4751237.82,CRC,retiro,web,SJ-001,Cuenta Ahorro
TXN-00019077,CTA-200794,CLI-21656,2026-06-16 15:05:00,3868450.82,CRC,retiro,atm,HE-001,Tarjeta Crédito
TXN-00019078,CTA-335914,CLI-23987,2026-06-09 17:47:00,455243.05,CRC,comision,sucursal,PU-001,Préstamo Personal
TXN-00019079,CTA-304783,CLI-58052,2026-06-11 20:42:00,2044400.52,CRC,retiro,sinpe,PU-001,Cuenta Ahorro
TXN-00019080,CTA-671560,CLI-48741,2026-06-29 21:27:00,122168.9,CRC,retiro,sucursal,PU-001,Tarjeta Crédito
TXN-00019081,CTA-667597,CLI-96656,2026-06-15 04:47:00,1869224.12,CRC,pago,app_movil,SJ-002,Tarjeta Crédito
TXN-00019082,CTA-569275,CLI-99121,2026-06-24 19:12:00,1607882.91,CRC,deposito,app_movil,PU-001,Préstamo Personal
TXN-00019083,CTA-598233,CLI-18469,2026-06-18 19:10:00,1114564.98,CRC,retiro,app_movil,LI-002,Tarjeta Crédito
TXN-00019084,CTA-405597,CLI-28652,2026-06-28 04:46:00,484074.3,CRC,deposito,sinpe,LI-001,Préstamo Hipotecario
TXN-00019085,CTA-686911,CLI-70044,2026-06-18 15:14:00,2988843.9,CRC,deposito,sinpe,AL-001,Cuenta Corriente
TXN-00019086,CTA-311536,CLI-55224,2026-06-23 20:14:00,2576240.18,CRC,deposito,sucursal,LI-001,Préstamo Hipotecario
TXN-00019087,CTA-465045,CLI-23267,2026-06-23 00:22:00,613874.47,CRC,pago,web,HE-001,Préstamo Hipotecario
TXN-00019088,CTA-817762,CLI-90694,2026-06-08 00:04:00,4459732.06,CRC,comision,web,LI-002,Cuenta Ahorro
TXN-00019089,CTA-246971,CLI-24238,2026-06-30 07:52:00,2579603.52,CRC,comision,sinpe,CA-001,Cuenta Ahorro
TXN-00019090,CTA-918753,CLI-49868,2026-06-23 07:09:00,4572536.01,CRC,pago,sucursal,PU-001,Cuenta Ahorro
TXN-00019091,CTA-381546,CLI-45744,2026-06-17 01:54:00,1643007.63,CRC,retiro,app_movil,AL-001,Préstamo Hipotecario
TXN-00019092,CTA-596102,CLI-41216,2026-06-09 03:47:00,2586979.48,CRC,deposito,web,PU-001,Tarjeta Crédito
TXN-00019093,CTA-390173,CLI-89178,2026-06-29 22:40:00,798388.63,CRC,pago,sinpe,CA-001,Cuenta Ahorro
TXN-00019094,CTA-315036,CLI-76901,2026-06-08 21:56:00,4491072.99,CRC,comision,web,LI-002,Cuenta Corriente
TXN-00019095,CTA-429539,CLI-84764,2026-06-08 01:40:00,1808008.09,CRC,comision,sucursal,CA-001,Préstamo Personal
TXN-00019096,CTA-170395,CLI-84475,2026-06-16 15:51:00,4656178.61,CRC,retiro,atm,LI-001,Tarjeta Crédito
TXN-00019097,CTA-208995,CLI-38916,2026-06-17 09:49:00,2084903.28,CRC,retiro,sinpe,LI-001,Tarjeta Crédito
TXN-00019098,CTA-689969,CLI-96380,2026-06-14 09:30:00,4346098.14,CRC,comision,atm,SJ-002,Cuenta Corriente
TXN-00019099,CTA-823966,CLI-64798,2026-06-19 11:55:00,3609378.34,CRC,retiro,app_movil,SJ-001,Cuenta Corriente
TXN-00019100,CTA-145462,CLI-51133,2026-06-08 08:04:00,1824920.64,CRC,transferencia,web,LI-002,Préstamo Hipotecario
TXN-00019101,CTA-886252,CLI-50489,2026-06-02 02:28:00,2537969.76,CRC,retiro,sucursal,CA-001,Préstamo Hipotecario
TXN-00019102,CTA-627192,CLI-16103,2026-06-16 06:25:00,21202.84,CRC,transferencia,atm,LI-002,Cuenta Corriente
TXN-00019103,CTA-903673,CLI-19462,2026-06-29 14:05:00,2027670.98,CRC,retiro,app_movil,HE-001,Préstamo Hipotecario
TXN-00019104,CTA-294794,CLI-53717,2026-06-05 01:18:00,1682629.09,CRC,retiro,app_movil,SJ-002,Préstamo Hipotecario
TXN-00019105,CTA-404237,CLI-33914,2026-06-04 05:13:00,2446583.66,CRC,deposito,atm,HE-001,Préstamo Personal
TXN-00019106,CTA-858202,CLI-64182,2026-06-10 18:37:00,3066441.73,CRC,comision,atm,SJ-002,Tarjeta Crédito
TXN-00019107,CTA-435248,CLI-98841,2026-06-21 15:04:00,3407216.66,CRC,transferencia,web,SJ-001,Cuenta Ahorro
TXN-00019108,CTA-459120,CLI-59790,2026-06-20 07:51:00,990330.17,CRC,comision,sucursal,LI-001,Cuenta Ahorro
TXN-00019109,CTA-860666,CLI-60011,2026-06-14 18:22:00,3763037.69,CRC,pago,web,AL-001,Préstamo Personal
TXN-00019110,CTA-104356,CLI-28498,2026-06-05 00:06:00,632702.19,CRC,transferencia,web,LI-001,Cuenta Corriente
TXN-00019111,CTA-776466,CLI-76176,2026-06-08 14:45:00,4021231.18,CRC,transferencia,web,LI-001,Préstamo Personal
TXN-00019112,CTA-724735,CLI-94996,2026-06-05 20:59:00,3223506.06,CRC,comision,atm,HE-001,Tarjeta Crédito
TXN-00019113,CTA-469518,CLI-86306,2026-06-14 00:42:00,3505784.42,CRC,transferencia,sucursal,AL-001,Préstamo Personal
TXN-00019114,CTA-162138,CLI-78986,2026-06-21 12:09:00,1573272.91,CRC,transferencia,app_movil,PU-001,Tarjeta Crédito
TXN-00019115,CTA-957946,CLI-58549,2026-06-15 08:43:00,2050310.3,CRC,retiro,app_movil,LI-001,Cuenta Corriente
TXN-00019116,CTA-625737,CLI-78355,2026-06-25 12:41:00,4688704.46,CRC,comision,sinpe,HE-001,Préstamo Personal
TXN-00019117,CTA-341512,CLI-82192,2026-06-23 07:56:00,3621237.07,CRC,deposito,sinpe,SJ-002,Cuenta Corriente
TXN-00019118,CTA-813500,CLI-42224,2026-06-24 16:50:00,1108119.94,CRC,transferencia,app_movil,AL-001,Préstamo Hipotecario
TXN-00019119,CTA-184900,CLI-33089,2026-06-30 20:46:00,1991633.62,CRC,transferencia,atm,LI-002,Cuenta Ahorro
TXN-00019120,CTA-186648,CLI-88631,2026-06-12 03:45:00,1028296.76,CRC,comision,sucursal,SJ-001,Préstamo Personal
TXN-00019121,CTA-296711,CLI-56655,2026-06-18 12:57:00,2343381.6,CRC,comision,app_movil,SJ-002,Tarjeta Crédito
TXN-00019122,CTA-388780,CLI-55219,2026-06-21 13:56:00,4044848.07,CRC,transferencia,sucursal,LI-002,Préstamo Hipotecario
TXN-00019123,CTA-895049,CLI-99813,2026-06-06 00:25:00,4775930.92,CRC,pago,web,HE-001,Préstamo Hipotecario
TXN-00019124,CTA-461855,CLI-71452,2026-06-06 01:20:00,4111525.64,CRC,comision,web,SJ-002,Cuenta Ahorro
TXN-00019125,CTA-350635,CLI-79728,2026-06-11 00:39:00,265862.81,CRC,deposito,sucursal,LI-001,Préstamo Hipotecario
TXN-00019126,CTA-529866,CLI-32843,2026-06-03 03:53:00,4181973.9,CRC,transferencia,atm,PU-001,Préstamo Hipotecario
TXN-00019127,CTA-347256,CLI-91997,2026-06-08 22:45:00,2220978.28,CRC,deposito,sucursal,HE-001,Tarjeta Crédito
TXN-00019128,CTA-389945,CLI-11102,2026-06-29 19:23:00,1900165.81,CRC,pago,sinpe,HE-001,Préstamo Personal
TXN-00019129,CTA-131860,CLI-93939,2026-06-22 17:57:00,1901972.15,CRC,pago,atm,AL-001,Tarjeta Crédito
TXN-00019130,CTA-412700,CLI-23809,2026-06-03 12:59:00,117863.02,CRC,deposito,app_movil,SJ-002,Tarjeta Crédito
TXN-00019131,CTA-828819,CLI-42822,2026-06-26 21:02:00,1031815.78,CRC,pago,app_movil,SJ-001,Tarjeta Crédito
TXN-00019132,CTA-716951,CLI-46219,2026-06-22 21:04:00,3379764.74,CRC,deposito,app_movil,AL-001,Cuenta Corriente
TXN-00019133,CTA-335482,CLI-76065,2026-06-07 06:00:00,1342293.25,CRC,pago,atm,LI-001,Tarjeta Crédito
TXN-00019134,CTA-137140,CLI-90763,2026-06-01 05:31:00,1727935.61,CRC,pago,web,LI-002,Tarjeta Crédito
TXN-00019135,CTA-803778,CLI-70069,2026-06-10 03:52:00,2139565.99,CRC,comision,sinpe,AL-001,Tarjeta Crédito
TXN-00019136,CTA-315534,CLI-99636,2026-06-11 11:23:00,1636834.68,CRC,deposito,app_movil,LI-002,Tarjeta Crédito
TXN-00019137,CTA-583950,CLI-27655,2026-06-15 18:40:00,3860922.58,CRC,pago,atm,PU-001,Préstamo Personal
TXN-00019138,CTA-292884,CLI-58537,2026-06-07 08:42:00,4327057.29,CRC,retiro,app_movil,HE-001,Tarjeta Crédito
TXN-00019139,CTA-251626,CLI-22592,2026-06-28 14:46:00,2170336.09,CRC,retiro,web,PU-001,Tarjeta Crédito
TXN-00019140,CTA-911290,CLI-23540,2026-06-22 04:29:00,3689000.61,CRC,deposito,app_movil,HE-001,Cuenta Corriente
TXN-00019141,CTA-410169,CLI-13704,2026-06-08 11:15:00,1642932.39,CRC,comision,sucursal,CA-001,Préstamo Hipotecario
TXN-00019142,CTA-585035,CLI-95080,2026-06-20 23:49:00,957333.85,CRC,pago,app_movil,LI-001,Cuenta Ahorro
TXN-00019143,CTA-605078,CLI-61626,2026-06-10 07:00:00,1250889.62,CRC,pago,sinpe,AL-001,Cuenta Corriente
TXN-00019144,CTA-392156,CLI-96891,2026-06-22 18:55:00,121493.08,CRC,deposito,web,SJ-001,Préstamo Personal
TXN-00019145,CTA-362430,CLI-70827,2026-06-13 00:51:00,1203708.69,CRC,deposito,web,PU-001,Préstamo Personal
TXN-00019146,CTA-115366,CLI-73942,2026-06-20 08:40:00,3548582.65,CRC,comision,web,AL-001,Cuenta Ahorro
TXN-00019147,CTA-606648,CLI-64280,2026-06-07 10:35:00,39785.91,CRC,retiro,web,CA-001,Tarjeta Crédito
TXN-00019148,CTA-517883,CLI-19824,2026-06-04 06:14:00,417079.02,CRC,pago,atm,AL-001,Préstamo Hipotecario
TXN-00019149,CTA-138506,CLI-18935,2026-06-25 11:40:00,1251532.61,CRC,deposito,web,LI-001,Préstamo Personal
TXN-00019150,CTA-697641,CLI-51555,2026-06-03 00:45:00,1313627.52,CRC,transferencia,web,SJ-001,Cuenta Corriente
TXN-00019151,CTA-129661,CLI-15837,2026-06-09 10:12:00,3150450.43,CRC,deposito,web,SJ-001,Tarjeta Crédito
TXN-00019152,CTA-189649,CLI-85763,2026-06-23 22:18:00,4728092.68,CRC,deposito,web,CA-001,Préstamo Hipotecario
TXN-00019153,CTA-446446,CLI-48081,2026-06-18 15:59:00,2619069.06,CRC,comision,sucursal,SJ-002,Cuenta Corriente
TXN-00019154,CTA-916738,CLI-15257,2026-06-25 11:19:00,4771137.98,CRC,pago,atm,SJ-002,Préstamo Personal
TXN-00019155,CTA-176135,CLI-57560,2026-06-29 23:33:00,769727.25,CRC,retiro,atm,PU-001,Tarjeta Crédito
TXN-00019156,CTA-728517,CLI-10478,2026-06-07 04:32:00,1815540.94,CRC,pago,sinpe,LI-001,Cuenta Ahorro
TXN-00019157,CTA-838261,CLI-42539,2026-06-20 10:29:00,1162491.71,CRC,pago,app_movil,SJ-002,Tarjeta Crédito
TXN-00019158,CTA-934270,CLI-30222,2026-06-11 09:16:00,1027259.31,CRC,comision,atm,SJ-002,Tarjeta Crédito
TXN-00019159,CTA-673533,CLI-48874,2026-06-04 07:09:00,3921944.35,CRC,retiro,app_movil,PU-001,Tarjeta Crédito
TXN-00019160,CTA-976254,CLI-70095,2026-06-06 08:23:00,3875362.57,CRC,comision,atm,SJ-001,Cuenta Ahorro
TXN-00019161,CTA-219032,CLI-97856,2026-06-17 03:30:00,1626289.99,CRC,pago,sinpe,PU-001,Tarjeta Crédito
TXN-00019162,CTA-455535,CLI-56722,2026-06-19 01:37:00,1396093.28,CRC,comision,web,SJ-002,Préstamo Personal
TXN-00019163,CTA-174774,CLI-35742,2026-06-26 15:28:00,3035007.65,CRC,comision,atm,AL-001,Préstamo Hipotecario
TXN-00019164,CTA-334830,CLI-77898,2026-06-09 00:18:00,1379256.3,CRC,transferencia,sucursal,SJ-001,Cuenta Corriente
TXN-00019165,CTA-305220,CLI-31886,2026-06-28 21:30:00,296138.61,CRC,comision,atm,PU-001,Préstamo Hipotecario
TXN-00019166,CTA-461470,CLI-36536,2026-06-05 17:02:00,2129570.18,CRC,retiro,sinpe,LI-002,Cuenta Ahorro
TXN-00019167,CTA-331198,CLI-32322,2026-06-29 03:25:00,1213694.98,CRC,deposito,app_movil,LI-001,Préstamo Personal
TXN-00019168,CTA-915050,CLI-87443,2026-06-29 22:13:00,183682.24,CRC,deposito,app_movil,SJ-001,Préstamo Personal
TXN-00019169,CTA-975190,CLI-35915,2026-06-30 22:47:00,1716822.39,CRC,transferencia,sinpe,SJ-002,Préstamo Personal
TXN-00019170,CTA-907363,CLI-98074,2026-06-21 03:07:00,2708304.59,CRC,deposito,app_movil,LI-002,Préstamo Personal
TXN-00019171,CTA-938078,CLI-60205,2026-06-01 20:49:00,875916.55,CRC,pago,web,HE-001,Cuenta Corriente
TXN-00019172,CTA-414937,CLI-10367,2026-06-21 19:10:00,2897998.34,CRC,deposito,sucursal,SJ-002,Préstamo Hipotecario
TXN-00019173,CTA-238405,CLI-51145,2026-06-09 12:08:00,3879565.89,CRC,retiro,sucursal,CA-001,Cuenta Ahorro
TXN-00019174,CTA-341778,CLI-80999,2026-06-12 17:08:00,2730344.63,CRC,pago,web,HE-001,Cuenta Corriente
TXN-00019175,CTA-128758,CLI-20840,2026-06-19 23:23:00,1819099.23,CRC,transferencia,sinpe,HE-001,Préstamo Hipotecario
TXN-00019176,CTA-887699,CLI-91395,2026-06-28 01:02:00,4173485.77,CRC,retiro,app_movil,AL-001,Préstamo Hipotecario
TXN-00019177,CTA-520312,CLI-24871,2026-06-23 14:13:00,2202495.87,CRC,transferencia,sucursal,AL-001,Cuenta Ahorro
TXN-00019178,CTA-419681,CLI-66332,2026-06-13 09:23:00,2451700.11,CRC,deposito,sucursal,LI-002,Cuenta Corriente
TXN-00019179,CTA-594476,CLI-70184,2026-06-02 13:32:00,4714816.92,CRC,pago,atm,SJ-001,Cuenta Corriente
TXN-00019180,CTA-478249,CLI-17912,2026-06-21 13:44:00,1570222.63,CRC,retiro,sinpe,LI-002,Cuenta Ahorro
TXN-00019181,CTA-211373,CLI-35451,2026-06-04 02:07:00,263589.39,CRC,retiro,web,SJ-002,Préstamo Hipotecario
TXN-00019182,CTA-211906,CLI-74772,2026-06-13 23:25:00,1671467.66,CRC,pago,sucursal,HE-001,Tarjeta Crédito
TXN-00019183,CTA-857539,CLI-75397,2026-06-01 05:43:00,2137412.03,CRC,pago,web,LI-002,Cuenta Corriente
TXN-00019184,CTA-510062,CLI-40793,2026-06-26 09:12:00,1872098.49,CRC,transferencia,web,SJ-001,Préstamo Personal
TXN-00019185,CTA-512714,CLI-28728,2026-06-27 01:36:00,149562.83,CRC,transferencia,atm,AL-001,Préstamo Hipotecario
TXN-00019186,CTA-341009,CLI-94123,2026-06-02 17:54:00,1582649.02,CRC,deposito,atm,LI-002,Cuenta Ahorro
TXN-00019187,CTA-517120,CLI-51410,2026-06-19 07:47:00,641117.57,CRC,retiro,app_movil,LI-001,Tarjeta Crédito
TXN-00019188,CTA-514255,CLI-76968,2026-06-04 15:55:00,4409884.75,CRC,retiro,web,SJ-001,Préstamo Personal
TXN-00019189,CTA-501193,CLI-50415,2026-06-25 08:54:00,934055.96,CRC,transferencia,sucursal,SJ-002,Cuenta Corriente
TXN-00019190,CTA-542212,CLI-25384,2026-06-19 12:25:00,1132246.86,CRC,retiro,sinpe,LI-001,Cuenta Corriente
TXN-00019191,CTA-462488,CLI-62631,2026-06-17 06:19:00,2118635.43,CRC,deposito,app_movil,PU-001,Préstamo Hipotecario
TXN-00019192,CTA-245522,CLI-88102,2026-06-18 23:32:00,152558.24,CRC,retiro,app_movil,SJ-002,Cuenta Ahorro
TXN-00019193,CTA-618381,CLI-99518,2026-06-22 03:24:00,1171709.1,CRC,deposito,web,HE-001,Préstamo Hipotecario
TXN-00019194,CTA-436450,CLI-20356,2026-06-10 21:08:00,569090.2,CRC,retiro,atm,LI-002,Cuenta Corriente
TXN-00019195,CTA-569811,CLI-20819,2026-06-03 11:50:00,40170.39,CRC,pago,atm,LI-001,Préstamo Hipotecario
TXN-00019196,CTA-577134,CLI-97269,2026-06-04 08:33:00,153324.84,CRC,retiro,sucursal,LI-002,Cuenta Corriente
TXN-00019197,CTA-357621,CLI-56509,2026-06-13 01:40:00,855310.17,CRC,comision,atm,AL-001,Préstamo Hipotecario
TXN-00019198,CTA-723807,CLI-45160,2026-06-27 16:47:00,4237311.8,CRC,comision,app_movil,LI-002,Tarjeta Crédito
TXN-00019199,CTA-743728,CLI-79768,2026-06-02 04:41:00,1711716.79,CRC,deposito,web,CA-001,Cuenta Ahorro
TXN-00019200,CTA-191880,CLI-81173,2026-06-03 10:05:00,3910272.65,CRC,comision,sucursal,LI-002,Cuenta Corriente
TXN-00019201,CTA-366039,CLI-99951,2026-06-08 18:50:00,1824203.49,CRC,comision,web,LI-002,Cuenta Ahorro
TXN-00019202,CTA-881905,CLI-83491,2026-06-19 12:16:00,174242.28,CRC,pago,sinpe,PU-001,Préstamo Personal
TXN-00019203,CTA-751798,CLI-20558,2026-06-01 08:33:00,4834835.8,CRC,deposito,sucursal,SJ-002,Cuenta Ahorro
TXN-00019204,CTA-761870,CLI-84966,2026-06-03 18:29:00,4783581.53,CRC,comision,sucursal,LI-001,Préstamo Personal
TXN-00019205,CTA-538938,CLI-83884,2026-06-25 08:11:00,1942089.23,CRC,pago,sinpe,SJ-002,Préstamo Hipotecario
TXN-00019206,CTA-288300,CLI-20723,2026-06-07 23:40:00,3520568.72,CRC,deposito,atm,SJ-001,Tarjeta Crédito
TXN-00019207,CTA-523180,CLI-42122,2026-06-20 20:21:00,554919.4,CRC,transferencia,atm,HE-001,Tarjeta Crédito
TXN-00019208,CTA-738454,CLI-50123,2026-06-12 02:02:00,410030.22,CRC,deposito,web,PU-001,Cuenta Ahorro
TXN-00019209,CTA-734704,CLI-27660,2026-06-03 03:41:00,1697142.33,CRC,deposito,web,LI-002,Cuenta Corriente
TXN-00019210,CTA-673864,CLI-62313,2026-06-28 11:52:00,1713183.05,CRC,retiro,sucursal,PU-001,Préstamo Personal
TXN-00019211,CTA-554293,CLI-33207,2026-06-13 03:51:00,3958776.17,CRC,comision,sucursal,PU-001,Cuenta Corriente
TXN-00019212,CTA-276960,CLI-89100,2026-06-13 01:45:00,255859.96,CRC,comision,sinpe,PU-001,Préstamo Personal
TXN-00019213,CTA-167611,CLI-29131,2026-06-12 02:04:00,2998474.72,CRC,transferencia,sucursal,AL-001,Cuenta Ahorro
TXN-00019214,CTA-837253,CLI-68149,2026-06-05 17:32:00,4347091.82,CRC,comision,web,SJ-002,Tarjeta Crédito
TXN-00019215,CTA-909685,CLI-17129,2026-06-13 12:49:00,2054998.75,CRC,transferencia,atm,LI-001,Préstamo Personal
TXN-00019216,CTA-359022,CLI-23178,2026-06-29 01:24:00,1151126.85,CRC,transferencia,sinpe,SJ-001,Cuenta Corriente
TXN-00019217,CTA-366164,CLI-65910,2026-06-02 14:21:00,3729413.49,CRC,pago,web,LI-002,Préstamo Hipotecario
TXN-00019218,CTA-927738,CLI-22236,2026-06-09 04:07:00,4009058.28,CRC,transferencia,web,LI-001,Tarjeta Crédito
TXN-00019219,CTA-659393,CLI-99454,2026-06-28 15:12:00,992830.27,CRC,pago,web,LI-002,Préstamo Personal
TXN-00019220,CTA-240035,CLI-28196,2026-06-11 20:10:00,3133758.52,CRC,transferencia,app_movil,CA-001,Tarjeta Crédito
TXN-00019221,CTA-792613,CLI-70398,2026-06-19 18:48:00,4873887.85,CRC,retiro,web,PU-001,Préstamo Hipotecario
TXN-00019222,CTA-402875,CLI-46487,2026-06-23 16:18:00,3950161.55,CRC,pago,atm,CA-001,Préstamo Personal
TXN-00019223,CTA-511546,CLI-56792,2026-06-07 10:43:00,3156182.76,CRC,pago,web,CA-001,Préstamo Hipotecario
TXN-00019224,CTA-262889,CLI-92290,2026-06-08 05:42:00,2440512.54,CRC,transferencia,web,SJ-002,Préstamo Personal
TXN-00019225,CTA-371372,CLI-38861,2026-06-16 20:51:00,1012592.32,CRC,pago,sucursal,SJ-001,Préstamo Hipotecario
TXN-00019226,CTA-680289,CLI-55986,2026-06-15 20:50:00,62995.22,CRC,retiro,atm,LI-002,Cuenta Ahorro
TXN-00019227,CTA-859505,CLI-88326,2026-06-10 03:59:00,1872578.14,CRC,transferencia,web,SJ-001,Cuenta Corriente
TXN-00019228,CTA-238464,CLI-52440,2026-06-03 21:58:00,4717722.08,CRC,comision,app_movil,CA-001,Tarjeta Crédito
TXN-00019229,CTA-268326,CLI-17700,2026-06-16 12:35:00,4222858.17,CRC,deposito,sucursal,HE-001,Cuenta Corriente
TXN-00019230,CTA-541455,CLI-67678,2026-06-20 20:43:00,4827088.76,CRC,retiro,atm,LI-001,Cuenta Corriente
TXN-00019231,CTA-940153,CLI-42358,2026-06-23 02:01:00,4118127.16,CRC,comision,app_movil,LI-002,Cuenta Ahorro
TXN-00019232,CTA-894110,CLI-81761,2026-06-23 17:57:00,4635293.28,CRC,comision,web,LI-002,Préstamo Hipotecario
TXN-00019233,CTA-355891,CLI-29302,2026-06-07 06:53:00,2738982.44,CRC,deposito,sinpe,AL-001,Préstamo Personal
TXN-00019234,CTA-277454,CLI-87305,2026-06-20 09:15:00,4511332.53,CRC,transferencia,app_movil,PU-001,Préstamo Personal
TXN-00019235,CTA-818573,CLI-34826,2026-06-12 22:53:00,828149.04,CRC,deposito,sucursal,AL-001,Tarjeta Crédito
TXN-00019236,CTA-580948,CLI-34880,2026-06-16 22:48:00,1030184.34,CRC,retiro,web,PU-001,Cuenta Ahorro
TXN-00019237,CTA-485499,CLI-49072,2026-06-18 21:50:00,1785623.81,CRC,transferencia,app_movil,SJ-002,Préstamo Hipotecario
TXN-00019238,CTA-764356,CLI-45188,2026-06-21 19:54:00,2849838.21,CRC,comision,app_movil,LI-002,Cuenta Corriente
TXN-00019239,CTA-770898,CLI-66160,2026-06-20 04:31:00,182493.93,CRC,retiro,atm,AL-001,Préstamo Hipotecario
TXN-00019240,CTA-584283,CLI-21428,2026-06-22 17:47:00,236155.61,CRC,deposito,sucursal,LI-001,Tarjeta Crédito
TXN-00019241,CTA-254472,CLI-17474,2026-06-17 02:41:00,4209080.78,CRC,transferencia,sinpe,SJ-002,Préstamo Hipotecario
TXN-00019242,CTA-153576,CLI-17453,2026-06-17 19:06:00,1546501.0,CRC,transferencia,app_movil,PU-001,Préstamo Personal
TXN-00019243,CTA-133287,CLI-32206,2026-06-03 14:34:00,4873723.27,CRC,retiro,atm,AL-001,Cuenta Ahorro
TXN-00019244,CTA-674047,CLI-31601,2026-06-14 12:31:00,1035960.35,CRC,pago,sucursal,CA-001,Cuenta Corriente
TXN-00019245,CTA-206019,CLI-83041,2026-06-22 13:17:00,1341934.09,CRC,pago,sucursal,AL-001,Cuenta Ahorro
TXN-00019246,CTA-675433,CLI-89651,2026-06-28 10:51:00,816387.28,CRC,transferencia,sinpe,SJ-002,Préstamo Hipotecario
TXN-00019247,CTA-212443,CLI-84032,2026-06-06 15:57:00,139950.57,CRC,deposito,atm,LI-001,Préstamo Hipotecario
TXN-00019248,CTA-517361,CLI-13619,2026-06-02 03:42:00,3064311.82,CRC,deposito,atm,LI-001,Préstamo Hipotecario
TXN-00019249,CTA-732145,CLI-47066,2026-06-11 09:15:00,2406310.51,CRC,retiro,sinpe,LI-001,Tarjeta Crédito
TXN-00019250,CTA-132041,CLI-66571,2026-06-20 16:44:00,3737345.22,CRC,deposito,web,SJ-002,Cuenta Ahorro
TXN-00019251,CTA-260381,CLI-18076,2026-06-12 02:12:00,2318751.72,CRC,pago,web,SJ-001,Cuenta Corriente
TXN-00019252,CTA-403614,CLI-18202,2026-06-27 06:24:00,3980033.78,CRC,retiro,sucursal,LI-002,Cuenta Ahorro
TXN-00019253,CTA-551671,CLI-16682,2026-06-01 16:08:00,2971298.81,CRC,pago,web,CA-001,Cuenta Ahorro
TXN-00019254,CTA-471673,CLI-52791,2026-06-12 23:39:00,3020021.06,CRC,comision,web,LI-001,Cuenta Ahorro
TXN-00019255,CTA-133952,CLI-53498,2026-06-01 02:01:00,502532.33,CRC,retiro,atm,SJ-002,Tarjeta Crédito
TXN-00019256,CTA-525462,CLI-47170,2026-06-03 19:13:00,3424042.96,CRC,pago,sinpe,LI-002,Préstamo Hipotecario
TXN-00019257,CTA-669309,CLI-15284,2026-06-06 18:20:00,3448311.4,CRC,deposito,atm,PU-001,Tarjeta Crédito
TXN-00019258,CTA-364665,CLI-95855,2026-06-19 03:19:00,2012932.41,CRC,pago,atm,HE-001,Tarjeta Crédito
TXN-00019259,CTA-837245,CLI-81503,2026-06-24 15:02:00,1659218.25,CRC,retiro,sinpe,HE-001,Préstamo Personal
TXN-00019260,CTA-760306,CLI-95682,2026-06-24 04:51:00,4226282.21,CRC,deposito,sinpe,AL-001,Préstamo Personal
TXN-00019261,CTA-121242,CLI-90811,2026-06-14 04:36:00,4511617.41,CRC,retiro,web,LI-001,Préstamo Personal
TXN-00019262,CTA-220957,CLI-59553,2026-06-06 11:30:00,271332.8,CRC,deposito,atm,CA-001,Cuenta Ahorro
TXN-00019263,CTA-366839,CLI-39098,2026-06-12 06:51:00,2038680.59,CRC,pago,sucursal,PU-001,Préstamo Hipotecario
TXN-00019264,CTA-418718,CLI-17000,2026-06-26 18:57:00,2798440.71,CRC,retiro,sucursal,HE-001,Tarjeta Crédito
TXN-00019265,CTA-344658,CLI-30032,2026-06-01 09:18:00,1219903.49,CRC,transferencia,sucursal,CA-001,Préstamo Personal
TXN-00019266,CTA-505574,CLI-21818,2026-06-16 01:55:00,3611308.41,CRC,retiro,atm,HE-001,Préstamo Personal
TXN-00019267,CTA-863298,CLI-92073,2026-06-29 03:59:00,3742974.85,CRC,retiro,atm,LI-001,Cuenta Corriente
TXN-00019268,CTA-927074,CLI-58541,2026-06-23 17:35:00,2781063.3,CRC,transferencia,atm,SJ-001,Tarjeta Crédito
TXN-00019269,CTA-855189,CLI-28529,2026-06-10 00:31:00,1286208.79,CRC,deposito,atm,SJ-001,Préstamo Personal
TXN-00019270,CTA-476517,CLI-14714,2026-06-19 09:31:00,3087649.88,CRC,deposito,sucursal,LI-002,Cuenta Corriente
TXN-00019271,CTA-184901,CLI-59019,2026-06-05 14:27:00,3093422.72,CRC,comision,sinpe,CA-001,Préstamo Personal
TXN-00019272,CTA-471716,CLI-94087,2026-06-10 09:56:00,4873683.31,CRC,deposito,app_movil,SJ-002,Préstamo Hipotecario
TXN-00019273,CTA-484202,CLI-58961,2026-06-02 12:00:00,1324527.14,CRC,pago,sucursal,HE-001,Tarjeta Crédito
TXN-00019274,CTA-701305,CLI-30567,2026-06-30 05:24:00,1822160.33,CRC,pago,app_movil,SJ-002,Cuenta Ahorro
TXN-00019275,CTA-787439,CLI-66672,2026-06-17 03:46:00,699297.84,CRC,comision,app_movil,LI-002,Tarjeta Crédito
TXN-00019276,CTA-153626,CLI-21499,2026-06-04 22:54:00,4394140.47,CRC,pago,atm,SJ-001,Cuenta Ahorro
TXN-00019277,CTA-144420,CLI-58890,2026-06-06 02:54:00,3958308.53,CRC,deposito,atm,PU-001,Tarjeta Crédito
TXN-00019278,CTA-130683,CLI-10993,2026-06-06 06:36:00,3759187.98,CRC,retiro,atm,PU-001,Cuenta Ahorro
TXN-00019279,CTA-232697,CLI-57520,2026-06-29 15:09:00,3832072.51,CRC,comision,web,AL-001,Cuenta Ahorro
TXN-00019280,CTA-874853,CLI-16195,2026-06-23 19:30:00,3592661.21,CRC,pago,web,SJ-001,Cuenta Ahorro
TXN-00019281,CTA-545715,CLI-59392,2026-06-03 22:25:00,4946097.41,CRC,retiro,sinpe,LI-001,Préstamo Personal
TXN-00019282,CTA-801661,CLI-34538,2026-06-04 15:12:00,239078.36,CRC,comision,sinpe,LI-002,Cuenta Ahorro
TXN-00019283,CTA-166177,CLI-36528,2026-06-29 21:29:00,2910154.98,CRC,comision,atm,LI-002,Tarjeta Crédito
TXN-00019284,CTA-222029,CLI-58569,2026-06-24 13:40:00,2376582.65,CRC,pago,web,LI-001,Tarjeta Crédito
TXN-00019285,CTA-310231,CLI-87328,2026-06-23 06:21:00,4351187.71,CRC,comision,sucursal,AL-001,Préstamo Personal
TXN-00019286,CTA-550599,CLI-71279,2026-06-28 22:59:00,334000.76,CRC,comision,app_movil,PU-001,Cuenta Corriente
TXN-00019287,CTA-724707,CLI-31853,2026-06-26 04:39:00,3367171.32,CRC,pago,web,AL-001,Préstamo Personal
TXN-00019288,CTA-524227,CLI-43929,2026-06-10 10:39:00,2957395.15,CRC,comision,sinpe,CA-001,Tarjeta Crédito
TXN-00019289,CTA-512522,CLI-70424,2026-06-27 19:52:00,907343.21,CRC,comision,atm,SJ-001,Préstamo Hipotecario
TXN-00019290,CTA-315340,CLI-38726,2026-06-15 15:33:00,4201824.27,CRC,transferencia,atm,SJ-002,Cuenta Ahorro
TXN-00019291,CTA-196388,CLI-41020,2026-06-09 16:18:00,116652.27,CRC,pago,app_movil,CA-001,Préstamo Hipotecario
TXN-00019292,CTA-608600,CLI-41020,2026-06-02 19:21:00,4040136.58,CRC,retiro,web,PU-001,Cuenta Corriente
TXN-00019293,CTA-139374,CLI-32357,2026-06-11 21:58:00,1701387.81,CRC,comision,sucursal,LI-002,Préstamo Hipotecario
TXN-00019294,CTA-269781,CLI-51892,2026-06-27 15:47:00,2306652.12,CRC,deposito,sinpe,CA-001,Tarjeta Crédito
TXN-00019295,CTA-115347,CLI-61382,2026-06-30 06:53:00,4290836.54,CRC,transferencia,sinpe,SJ-002,Cuenta Ahorro
TXN-00019296,CTA-688064,CLI-23192,2026-06-25 07:39:00,3144374.11,CRC,pago,app_movil,AL-001,Préstamo Personal
TXN-00019297,CTA-743602,CLI-77331,2026-06-18 13:17:00,842480.71,CRC,retiro,sinpe,PU-001,Cuenta Ahorro
TXN-00019298,CTA-374653,CLI-24705,2026-06-15 17:03:00,3245503.68,CRC,transferencia,sinpe,AL-001,Cuenta Ahorro
TXN-00019299,CTA-195455,CLI-32179,2026-06-04 01:10:00,4933644.18,CRC,comision,atm,SJ-001,Cuenta Ahorro
TXN-00019300,CTA-392689,CLI-58279,2026-06-05 03:34:00,2837390.12,CRC,transferencia,sucursal,HE-001,Préstamo Hipotecario
TXN-00019301,CTA-427283,CLI-59680,2026-06-23 10:05:00,2798478.89,CRC,deposito,atm,CA-001,Préstamo Hipotecario
TXN-00019302,CTA-606518,CLI-54702,2026-06-22 12:52:00,4656651.17,CRC,retiro,sinpe,SJ-002,Tarjeta Crédito
TXN-00019303,CTA-858487,CLI-88690,2026-06-29 21:04:00,1477704.47,CRC,transferencia,atm,LI-002,Préstamo Hipotecario
TXN-00019304,CTA-957186,CLI-33588,2026-06-28 01:35:00,1542745.18,CRC,retiro,atm,CA-001,Tarjeta Crédito
TXN-00019305,CTA-988628,CLI-20440,2026-06-27 05:46:00,519466.09,CRC,retiro,sinpe,CA-001,Préstamo Personal
TXN-00019306,CTA-948079,CLI-64967,2026-06-07 07:53:00,3455139.81,CRC,deposito,sinpe,SJ-002,Cuenta Corriente
TXN-00019307,CTA-229550,CLI-83850,2026-06-10 14:26:00,669441.57,CRC,pago,app_movil,LI-002,Cuenta Corriente
TXN-00019308,CTA-996690,CLI-92879,2026-06-25 10:55:00,3078381.51,CRC,retiro,sinpe,SJ-002,Préstamo Personal
TXN-00019309,CTA-166415,CLI-44162,2026-06-15 03:02:00,4709726.42,CRC,deposito,sinpe,SJ-001,Cuenta Ahorro
TXN-00019310,CTA-162107,CLI-60323,2026-06-02 18:58:00,4606329.35,CRC,deposito,web,CA-001,Préstamo Personal
TXN-00019311,CTA-346713,CLI-30751,2026-06-30 20:16:00,4542677.31,CRC,pago,web,SJ-001,Préstamo Hipotecario
TXN-00019312,CTA-751782,CLI-80086,2026-06-01 12:52:00,2719226.44,CRC,comision,atm,HE-001,Cuenta Corriente
TXN-00019313,CTA-606356,CLI-67141,2026-06-10 11:29:00,1164981.36,CRC,pago,web,SJ-001,Préstamo Personal
TXN-00019314,CTA-562958,CLI-54555,2026-06-29 04:18:00,39459.43,CRC,deposito,sucursal,AL-001,Préstamo Hipotecario
TXN-00019315,CTA-717928,CLI-41762,2026-06-16 23:46:00,2766782.41,CRC,deposito,web,AL-001,Tarjeta Crédito
TXN-00019316,CTA-559044,CLI-56870,2026-06-01 14:21:00,1750467.96,CRC,comision,web,PU-001,Cuenta Corriente
TXN-00019317,CTA-916951,CLI-91274,2026-06-24 15:49:00,1584141.31,CRC,pago,app_movil,HE-001,Cuenta Ahorro
TXN-00019318,CTA-974793,CLI-70126,2026-06-04 07:10:00,4247382.55,CRC,retiro,atm,CA-001,Préstamo Hipotecario
TXN-00019319,CTA-305018,CLI-55617,2026-06-02 23:12:00,1882856.7,CRC,comision,sinpe,AL-001,Cuenta Corriente
TXN-00019320,CTA-494438,CLI-20336,2026-06-26 02:24:00,3207783.87,CRC,deposito,web,LI-001,Préstamo Hipotecario
TXN-00019321,CTA-166273,CLI-82961,2026-06-28 00:27:00,3912963.4,CRC,transferencia,atm,LI-001,Préstamo Hipotecario
TXN-00019322,CTA-739953,CLI-47412,2026-06-23 19:07:00,2516164.36,CRC,pago,sucursal,HE-001,Préstamo Personal
TXN-00019323,CTA-797380,CLI-44578,2026-06-30 16:49:00,4601221.02,CRC,comision,atm,LI-001,Tarjeta Crédito
TXN-00019324,CTA-173429,CLI-71025,2026-06-22 13:36:00,4366999.59,CRC,transferencia,web,LI-001,Tarjeta Crédito
TXN-00019325,CTA-161062,CLI-89263,2026-06-04 14:13:00,2905108.07,CRC,deposito,app_movil,LI-001,Préstamo Hipotecario
TXN-00019326,CTA-516528,CLI-33157,2026-06-27 18:52:00,4320226.99,CRC,comision,sinpe,AL-001,Cuenta Corriente
TXN-00019327,CTA-827280,CLI-82916,2026-06-20 01:00:00,1396381.5,CRC,comision,sinpe,SJ-002,Cuenta Corriente
TXN-00019328,CTA-436181,CLI-35943,2026-06-04 20:47:00,2607375.14,CRC,deposito,sucursal,AL-001,Tarjeta Crédito
TXN-00019329,CTA-821724,CLI-38728,2026-06-30 03:30:00,4887680.13,CRC,pago,app_movil,SJ-002,Préstamo Hipotecario
TXN-00019330,CTA-348609,CLI-61699,2026-06-06 11:08:00,3639792.53,CRC,retiro,atm,AL-001,Préstamo Hipotecario
TXN-00019331,CTA-423918,CLI-98961,2026-06-12 06:55:00,3168525.47,CRC,transferencia,atm,LI-002,Préstamo Personal
TXN-00019332,CTA-802393,CLI-75438,2026-06-15 03:21:00,2365137.99,CRC,transferencia,sinpe,PU-001,Cuenta Ahorro
TXN-00019333,CTA-746546,CLI-91961,2026-06-09 02:06:00,513634.24,CRC,deposito,atm,CA-001,Cuenta Corriente
TXN-00019334,CTA-782100,CLI-99839,2026-06-02 01:21:00,3464209.08,CRC,comision,sucursal,CA-001,Préstamo Hipotecario
TXN-00019335,CTA-247064,CLI-26307,2026-06-30 00:00:00,2950784.07,CRC,retiro,web,HE-001,Cuenta Ahorro
TXN-00019336,CTA-298221,CLI-20299,2026-06-12 06:51:00,2689254.92,CRC,pago,sinpe,AL-001,Tarjeta Crédito
TXN-00019337,CTA-658618,CLI-72539,2026-06-20 09:28:00,3336039.54,CRC,deposito,app_movil,AL-001,Tarjeta Crédito
TXN-00019338,CTA-393237,CLI-20518,2026-06-15 01:17:00,3274189.37,CRC,retiro,web,LI-001,Cuenta Ahorro
TXN-00019339,CTA-996263,CLI-71258,2026-06-20 21:11:00,1468208.83,CRC,transferencia,sinpe,LI-001,Préstamo Personal
TXN-00019340,CTA-221820,CLI-60963,2026-06-16 15:00:00,4464721.15,CRC,comision,sucursal,LI-002,Cuenta Corriente
TXN-00019341,CTA-260282,CLI-11431,2026-06-16 05:30:00,1072372.05,CRC,transferencia,sinpe,HE-001,Préstamo Hipotecario
TXN-00019342,CTA-860774,CLI-10311,2026-06-29 15:08:00,523190.73,CRC,deposito,sucursal,SJ-001,Préstamo Hipotecario
TXN-00019343,CTA-527101,CLI-51011,2026-06-19 19:28:00,72862.83,CRC,deposito,sucursal,CA-001,Tarjeta Crédito
TXN-00019344,CTA-607952,CLI-31793,2026-06-23 10:14:00,1221297.21,CRC,transferencia,sinpe,LI-001,Cuenta Ahorro
TXN-00019345,CTA-207505,CLI-74526,2026-06-25 03:02:00,320335.55,CRC,deposito,app_movil,LI-001,Préstamo Hipotecario
TXN-00019346,CTA-511781,CLI-93125,2026-06-05 21:40:00,4902451.52,CRC,deposito,web,AL-001,Cuenta Ahorro
TXN-00019347,CTA-889122,CLI-23161,2026-06-13 06:47:00,2184185.15,CRC,pago,web,SJ-001,Cuenta Corriente
TXN-00019348,CTA-377287,CLI-54987,2026-06-26 08:50:00,4248765.9,CRC,comision,sinpe,AL-001,Cuenta Corriente
TXN-00019349,CTA-905470,CLI-58070,2026-06-13 04:23:00,3091506.66,CRC,transferencia,atm,CA-001,Tarjeta Crédito
TXN-00019350,CTA-963462,CLI-27243,2026-06-04 21:44:00,4126565.36,CRC,retiro,sucursal,PU-001,Tarjeta Crédito
TXN-00019351,CTA-774236,CLI-89758,2026-06-23 02:33:00,1426416.26,CRC,transferencia,atm,PU-001,Tarjeta Crédito
TXN-00019352,CTA-675718,CLI-89392,2026-06-24 10:38:00,2276687.6,CRC,pago,sucursal,SJ-002,Préstamo Hipotecario
TXN-00019353,CTA-649458,CLI-68782,2026-06-23 17:17:00,1190979.73,CRC,transferencia,sucursal,PU-001,Cuenta Ahorro
TXN-00019354,CTA-735131,CLI-93776,2026-06-26 04:22:00,4896192.09,CRC,pago,atm,SJ-001,Préstamo Personal
TXN-00019355,CTA-488677,CLI-67499,2026-06-05 13:12:00,1768926.83,CRC,deposito,sucursal,SJ-002,Cuenta Corriente
TXN-00019356,CTA-523849,CLI-26785,2026-06-14 03:26:00,2017860.53,CRC,transferencia,sinpe,SJ-002,Tarjeta Crédito
TXN-00019357,CTA-446361,CLI-59254,2026-06-10 18:34:00,3072413.65,CRC,comision,web,LI-002,Préstamo Hipotecario
TXN-00019358,CTA-342296,CLI-37841,2026-06-01 06:11:00,2317400.55,CRC,retiro,app_movil,LI-002,Cuenta Corriente
TXN-00019359,CTA-950268,CLI-50760,2026-06-16 11:02:00,463793.88,CRC,transferencia,app_movil,LI-002,Cuenta Ahorro
TXN-00019360,CTA-740566,CLI-28286,2026-06-10 12:30:00,2706283.55,CRC,deposito,sucursal,SJ-001,Tarjeta Crédito
TXN-00019361,CTA-621815,CLI-21601,2026-06-27 03:54:00,4438421.91,CRC,transferencia,web,AL-001,Préstamo Personal
TXN-00019362,CTA-206212,CLI-60407,2026-06-11 23:51:00,4233862.63,CRC,deposito,sinpe,SJ-002,Préstamo Hipotecario
TXN-00019363,CTA-578717,CLI-23428,2026-06-23 14:41:00,3093608.92,CRC,comision,sucursal,SJ-001,Préstamo Hipotecario
TXN-00019364,CTA-950458,CLI-72031,2026-06-15 05:20:00,4788704.47,CRC,deposito,sinpe,LI-002,Cuenta Corriente
TXN-00019365,CTA-518673,CLI-43943,2026-06-01 15:08:00,410441.91,CRC,retiro,atm,LI-001,Cuenta Corriente
TXN-00019366,CTA-466860,CLI-81813,2026-06-19 10:58:00,270074.47,CRC,deposito,app_movil,SJ-001,Cuenta Corriente
TXN-00019367,CTA-165793,CLI-53242,2026-06-03 08:02:00,3824406.29,CRC,retiro,app_movil,SJ-001,Tarjeta Crédito
TXN-00019368,CTA-141130,CLI-38322,2026-06-26 08:50:00,1300519.13,CRC,comision,sucursal,CA-001,Préstamo Hipotecario
TXN-00019369,CTA-555959,CLI-84715,2026-06-07 18:54:00,3032735.69,CRC,retiro,atm,AL-001,Préstamo Personal
TXN-00019370,CTA-126242,CLI-33880,2026-06-16 18:38:00,3775839.02,CRC,transferencia,sucursal,LI-002,Préstamo Hipotecario
TXN-00019371,CTA-243906,CLI-48650,2026-06-09 02:35:00,165212.12,CRC,pago,web,CA-001,Tarjeta Crédito
TXN-00019372,CTA-318196,CLI-42151,2026-06-06 23:01:00,1888609.58,CRC,comision,sucursal,AL-001,Cuenta Corriente
TXN-00019373,CTA-601425,CLI-37966,2026-06-08 21:06:00,2793839.92,CRC,retiro,web,SJ-001,Préstamo Personal
TXN-00019374,CTA-189358,CLI-70206,2026-06-25 17:49:00,3200436.82,CRC,retiro,atm,SJ-001,Préstamo Personal
TXN-00019375,CTA-484064,CLI-67635,2026-06-01 06:06:00,483401.97,CRC,pago,app_movil,LI-001,Cuenta Corriente
TXN-00019376,CTA-737507,CLI-58074,2026-06-07 14:15:00,4271603.39,CRC,transferencia,sinpe,CA-001,Préstamo Personal
TXN-00019377,CTA-330822,CLI-93085,2026-06-08 10:55:00,2393019.68,CRC,transferencia,sucursal,SJ-002,Préstamo Hipotecario
TXN-00019378,CTA-836542,CLI-20375,2026-06-23 18:54:00,3572224.72,CRC,pago,sinpe,SJ-002,Préstamo Hipotecario
TXN-00019379,CTA-974938,CLI-62015,2026-06-27 20:43:00,3869463.17,CRC,comision,sucursal,LI-002,Tarjeta Crédito
TXN-00019380,CTA-357963,CLI-36650,2026-06-27 23:06:00,13629.03,CRC,pago,app_movil,LI-001,Tarjeta Crédito
TXN-00019381,CTA-324379,CLI-23259,2026-06-13 05:49:00,3677826.04,CRC,pago,sinpe,LI-002,Préstamo Personal
TXN-00019382,CTA-511192,CLI-94455,2026-06-17 06:02:00,4395436.34,CRC,pago,atm,AL-001,Cuenta Ahorro
TXN-00019383,CTA-843196,CLI-31947,2026-06-13 17:58:00,1367191.38,CRC,retiro,sucursal,CA-001,Préstamo Hipotecario
TXN-00019384,CTA-811615,CLI-34447,2026-06-25 10:39:00,1810563.39,CRC,retiro,sucursal,SJ-002,Préstamo Personal
TXN-00019385,CTA-568733,CLI-76416,2026-06-12 07:24:00,391447.49,CRC,pago,sinpe,HE-001,Tarjeta Crédito
TXN-00019386,CTA-163651,CLI-91863,2026-06-24 15:39:00,3976954.05,CRC,transferencia,atm,PU-001,Tarjeta Crédito
TXN-00019387,CTA-456788,CLI-37193,2026-06-15 01:12:00,1842574.14,CRC,deposito,web,LI-002,Tarjeta Crédito
TXN-00019388,CTA-924444,CLI-68170,2026-06-27 19:38:00,3890252.62,CRC,transferencia,sinpe,AL-001,Cuenta Corriente
TXN-00019389,CTA-168453,CLI-84803,2026-06-28 21:51:00,2634039.13,CRC,deposito,atm,SJ-002,Préstamo Hipotecario
TXN-00019390,CTA-832007,CLI-99122,2026-06-06 18:07:00,1271522.28,CRC,transferencia,app_movil,SJ-002,Cuenta Corriente
TXN-00019391,CTA-641491,CLI-42373,2026-06-12 18:33:00,3558066.05,CRC,transferencia,web,SJ-001,Cuenta Ahorro
TXN-00019392,CTA-440973,CLI-68349,2026-06-26 13:30:00,2383310.0,CRC,deposito,web,AL-001,Cuenta Ahorro
TXN-00019393,CTA-815318,CLI-80360,2026-06-26 08:24:00,4105236.09,CRC,comision,app_movil,HE-001,Tarjeta Crédito
TXN-00019394,CTA-232448,CLI-34245,2026-06-16 07:07:00,3689424.43,CRC,comision,sucursal,LI-001,Tarjeta Crédito
TXN-00019395,CTA-483085,CLI-27628,2026-06-02 11:09:00,1661530.54,CRC,pago,web,SJ-001,Préstamo Personal
TXN-00019396,CTA-524308,CLI-84136,2026-06-03 16:37:00,2207398.4,CRC,retiro,sinpe,SJ-002,Cuenta Corriente
TXN-00019397,CTA-839913,CLI-83246,2026-06-16 04:52:00,4948275.72,CRC,comision,sinpe,SJ-001,Tarjeta Crédito
TXN-00019398,CTA-754522,CLI-94485,2026-06-28 10:25:00,1123876.76,CRC,transferencia,sinpe,AL-001,Préstamo Hipotecario
TXN-00019399,CTA-452390,CLI-66311,2026-06-18 05:22:00,2470709.66,CRC,transferencia,web,LI-001,Cuenta Corriente
TXN-00019400,CTA-759672,CLI-28249,2026-06-20 09:23:00,4321154.39,CRC,comision,sucursal,HE-001,Cuenta Ahorro
TXN-00019401,CTA-328428,CLI-42165,2026-06-02 16:54:00,883528.47,CRC,pago,sucursal,SJ-002,Préstamo Personal
TXN-00019402,CTA-416953,CLI-78127,2026-06-19 20:23:00,189325.7,CRC,comision,atm,PU-001,Préstamo Hipotecario
TXN-00019403,CTA-150129,CLI-45393,2026-06-03 04:30:00,2504898.19,CRC,comision,app_movil,PU-001,Tarjeta Crédito
TXN-00019404,CTA-335373,CLI-42062,2026-06-04 12:04:00,2089253.72,CRC,deposito,sinpe,SJ-001,Cuenta Corriente
TXN-00019405,CTA-347259,CLI-81514,2026-06-04 08:54:00,938387.76,CRC,deposito,sinpe,CA-001,Cuenta Corriente
TXN-00019406,CTA-782888,CLI-80046,2026-06-15 20:53:00,1745394.43,CRC,deposito,sucursal,AL-001,Cuenta Corriente
TXN-00019407,CTA-341954,CLI-64580,2026-06-17 22:22:00,2595032.75,CRC,retiro,sucursal,SJ-001,Tarjeta Crédito
TXN-00019408,CTA-690677,CLI-63939,2026-06-22 21:52:00,4649048.2,CRC,pago,sucursal,LI-001,Tarjeta Crédito
TXN-00019409,CTA-506822,CLI-51053,2026-06-03 12:17:00,3349751.01,CRC,pago,atm,SJ-002,Cuenta Ahorro
TXN-00019410,CTA-913518,CLI-94717,2026-06-10 17:51:00,2081802.83,CRC,pago,atm,LI-002,Préstamo Personal
TXN-00019411,CTA-148827,CLI-47767,2026-06-11 12:52:00,1283364.56,CRC,comision,sinpe,HE-001,Préstamo Personal
TXN-00019412,CTA-742117,CLI-57052,2026-06-21 18:07:00,4059950.69,CRC,transferencia,sucursal,AL-001,Tarjeta Crédito
TXN-00019413,CTA-254481,CLI-22479,2026-06-13 20:53:00,2622663.71,CRC,pago,atm,LI-002,Tarjeta Crédito
TXN-00019414,CTA-796821,CLI-79450,2026-06-02 12:43:00,4247537.41,CRC,deposito,sinpe,SJ-001,Tarjeta Crédito
TXN-00019415,CTA-136162,CLI-29526,2026-06-14 04:25:00,3937834.35,CRC,retiro,sucursal,LI-002,Cuenta Corriente
TXN-00019416,CTA-985561,CLI-53412,2026-06-30 09:37:00,2597546.37,CRC,pago,web,SJ-001,Cuenta Corriente
TXN-00019417,CTA-629946,CLI-46075,2026-06-12 02:43:00,4723261.77,CRC,deposito,sinpe,PU-001,Préstamo Personal
TXN-00019418,CTA-596853,CLI-64692,2026-06-12 01:02:00,3616186.94,CRC,pago,sucursal,PU-001,Cuenta Ahorro
TXN-00019419,CTA-282850,CLI-16673,2026-06-28 20:08:00,2253330.66,CRC,transferencia,sinpe,LI-002,Cuenta Corriente
TXN-00019420,CTA-632622,CLI-57052,2026-06-15 09:51:00,4818066.58,CRC,deposito,sucursal,LI-002,Préstamo Personal
TXN-00019421,CTA-292135,CLI-44513,2026-06-04 08:39:00,4977843.77,CRC,transferencia,sinpe,PU-001,Cuenta Ahorro
TXN-00019422,CTA-296758,CLI-80931,2026-06-30 21:42:00,1545133.65,CRC,retiro,atm,HE-001,Préstamo Hipotecario
TXN-00019423,CTA-386179,CLI-33594,2026-06-26 16:23:00,2436525.31,CRC,pago,sinpe,CA-001,Préstamo Hipotecario
TXN-00019424,CTA-942156,CLI-79656,2026-06-11 22:11:00,4581091.77,CRC,comision,app_movil,CA-001,Cuenta Ahorro
TXN-00019425,CTA-216340,CLI-29175,2026-06-13 01:02:00,4106453.7,CRC,pago,sucursal,LI-001,Cuenta Corriente
TXN-00019426,CTA-605839,CLI-15469,2026-06-29 07:54:00,4784034.65,CRC,deposito,web,CA-001,Tarjeta Crédito
TXN-00019427,CTA-943107,CLI-20446,2026-06-24 10:48:00,3162139.88,CRC,deposito,sinpe,CA-001,Cuenta Ahorro
TXN-00019428,CTA-694391,CLI-30235,2026-06-22 08:19:00,491584.82,CRC,transferencia,app_movil,HE-001,Cuenta Ahorro
TXN-00019429,CTA-571572,CLI-56229,2026-06-02 15:15:00,3078054.18,CRC,deposito,sinpe,PU-001,Tarjeta Crédito
TXN-00019430,CTA-737222,CLI-10609,2026-06-25 17:43:00,1967356.44,CRC,deposito,sucursal,PU-001,Cuenta Corriente
TXN-00019431,CTA-166784,CLI-23250,2026-06-10 18:11:00,720569.68,CRC,comision,sucursal,SJ-002,Préstamo Hipotecario
TXN-00019432,CTA-204550,CLI-93876,2026-06-25 02:58:00,4443522.96,CRC,transferencia,sinpe,LI-001,Préstamo Personal
TXN-00019433,CTA-918413,CLI-71958,2026-06-08 22:15:00,3538907.66,CRC,retiro,app_movil,HE-001,Cuenta Ahorro
TXN-00019434,CTA-423862,CLI-50851,2026-06-16 01:57:00,4150057.97,CRC,transferencia,app_movil,SJ-002,Cuenta Corriente
TXN-00019435,CTA-698609,CLI-12326,2026-06-18 22:31:00,3480819.91,CRC,comision,sucursal,LI-001,Cuenta Ahorro
TXN-00019436,CTA-137260,CLI-96920,2026-06-29 00:25:00,669740.2,CRC,deposito,atm,SJ-002,Cuenta Ahorro
TXN-00019437,CTA-954199,CLI-70906,2026-06-18 03:00:00,1278578.82,CRC,pago,sucursal,PU-001,Préstamo Hipotecario
TXN-00019438,CTA-449425,CLI-10797,2026-06-23 01:49:00,4812605.61,CRC,transferencia,atm,SJ-001,Préstamo Hipotecario
TXN-00019439,CTA-796682,CLI-30878,2026-06-16 04:21:00,4944832.65,CRC,deposito,sucursal,PU-001,Cuenta Corriente
TXN-00019440,CTA-709938,CLI-99733,2026-06-24 15:15:00,4546353.83,CRC,deposito,atm,AL-001,Préstamo Hipotecario
TXN-00019441,CTA-650520,CLI-74690,2026-06-30 18:03:00,710866.45,CRC,comision,sucursal,LI-002,Préstamo Personal
TXN-00019442,CTA-340096,CLI-26871,2026-06-20 00:57:00,1573288.62,CRC,transferencia,atm,LI-002,Tarjeta Crédito
TXN-00019443,CTA-367777,CLI-86786,2026-06-22 06:23:00,3857884.46,CRC,deposito,sinpe,HE-001,Préstamo Personal
TXN-00019444,CTA-689860,CLI-19838,2026-06-27 09:10:00,160357.66,CRC,transferencia,web,HE-001,Préstamo Hipotecario
TXN-00019445,CTA-720060,CLI-99907,2026-06-07 08:08:00,624753.97,CRC,comision,app_movil,LI-001,Cuenta Ahorro
TXN-00019446,CTA-613473,CLI-44798,2026-06-23 23:43:00,4099315.08,CRC,pago,app_movil,PU-001,Préstamo Personal
TXN-00019447,CTA-658170,CLI-10426,2026-06-17 11:08:00,3779416.61,CRC,comision,atm,CA-001,Préstamo Hipotecario
TXN-00019448,CTA-979784,CLI-53476,2026-06-03 03:42:00,325301.91,CRC,transferencia,web,HE-001,Cuenta Ahorro
TXN-00019449,CTA-647232,CLI-16227,2026-06-19 13:53:00,4297106.4,CRC,deposito,sinpe,LI-002,Préstamo Personal
TXN-00019450,CTA-800034,CLI-79171,2026-06-01 01:50:00,506739.13,CRC,transferencia,sucursal,LI-002,Cuenta Corriente
TXN-00019451,CTA-586355,CLI-32160,2026-06-14 02:04:00,4049747.34,CRC,retiro,sinpe,LI-002,Préstamo Personal
TXN-00019452,CTA-513820,CLI-30679,2026-06-16 18:22:00,3107863.97,CRC,retiro,atm,LI-002,Tarjeta Crédito
TXN-00019453,CTA-718127,CLI-81536,2026-06-17 18:16:00,3022503.32,CRC,transferencia,web,CA-001,Tarjeta Crédito
TXN-00019454,CTA-707791,CLI-29395,2026-06-05 03:54:00,1035035.89,CRC,pago,atm,SJ-002,Cuenta Ahorro
TXN-00019455,CTA-377055,CLI-27571,2026-06-18 23:02:00,4936326.22,CRC,retiro,sinpe,PU-001,Préstamo Hipotecario
TXN-00019456,CTA-912831,CLI-47827,2026-06-30 12:03:00,1387144.76,CRC,comision,app_movil,SJ-002,Préstamo Hipotecario
TXN-00019457,CTA-900851,CLI-25865,2026-06-16 08:13:00,1667231.39,CRC,transferencia,web,HE-001,Tarjeta Crédito
TXN-00019458,CTA-681818,CLI-47120,2026-06-24 14:10:00,1132888.95,CRC,deposito,app_movil,HE-001,Tarjeta Crédito
TXN-00019459,CTA-140537,CLI-82065,2026-06-15 21:07:00,4749396.46,CRC,pago,web,HE-001,Préstamo Personal
TXN-00019460,CTA-715704,CLI-13588,2026-06-13 14:41:00,2858611.96,CRC,retiro,web,LI-001,Cuenta Corriente
TXN-00019461,CTA-463939,CLI-61603,2026-06-07 03:25:00,3197684.66,CRC,retiro,sucursal,HE-001,Tarjeta Crédito
TXN-00019462,CTA-992319,CLI-41881,2026-06-27 17:11:00,2098998.78,CRC,transferencia,sinpe,AL-001,Préstamo Personal
TXN-00019463,CTA-177289,CLI-36079,2026-06-04 21:55:00,1648762.75,CRC,transferencia,atm,LI-001,Cuenta Corriente
TXN-00019464,CTA-184152,CLI-74875,2026-06-24 04:45:00,2427645.94,CRC,pago,sinpe,SJ-001,Préstamo Personal
TXN-00019465,CTA-245972,CLI-54793,2026-06-24 00:53:00,299101.09,CRC,retiro,sucursal,SJ-001,Cuenta Ahorro
TXN-00019466,CTA-722401,CLI-74182,2026-06-20 16:48:00,1311323.16,CRC,comision,sinpe,PU-001,Préstamo Personal
TXN-00019467,CTA-436347,CLI-91865,2026-06-15 00:17:00,1514635.57,CRC,pago,atm,AL-001,Tarjeta Crédito
TXN-00019468,CTA-435263,CLI-56947,2026-06-19 21:56:00,21157.95,CRC,comision,app_movil,SJ-001,Tarjeta Crédito
TXN-00019469,CTA-142415,CLI-72522,2026-06-15 11:24:00,4019568.74,CRC,comision,app_movil,PU-001,Préstamo Personal
TXN-00019470,CTA-475007,CLI-68207,2026-06-19 09:14:00,3494342.93,CRC,comision,sucursal,PU-001,Préstamo Hipotecario
TXN-00019471,CTA-371698,CLI-87632,2026-06-17 08:01:00,953968.04,CRC,deposito,web,SJ-002,Préstamo Hipotecario
TXN-00019472,CTA-252792,CLI-75668,2026-06-15 15:37:00,2713263.92,CRC,deposito,sinpe,CA-001,Cuenta Ahorro
TXN-00019473,CTA-555008,CLI-77765,2026-06-05 09:37:00,597739.52,CRC,comision,atm,HE-001,Préstamo Hipotecario
TXN-00019474,CTA-570826,CLI-67065,2026-06-25 06:29:00,4747126.46,CRC,retiro,web,CA-001,Préstamo Personal
TXN-00019475,CTA-322139,CLI-22314,2026-06-08 10:25:00,4459802.06,CRC,pago,sucursal,CA-001,Cuenta Corriente
TXN-00019476,CTA-108326,CLI-68888,2026-06-29 19:16:00,365553.46,CRC,pago,app_movil,CA-001,Cuenta Corriente
TXN-00019477,CTA-357794,CLI-43198,2026-06-11 20:01:00,311682.46,CRC,retiro,atm,SJ-002,Préstamo Hipotecario
TXN-00019478,CTA-294062,CLI-92780,2026-06-12 13:25:00,3821957.78,CRC,retiro,sinpe,PU-001,Cuenta Ahorro
TXN-00019479,CTA-241272,CLI-39870,2026-06-12 14:38:00,817479.04,CRC,pago,sinpe,LI-001,Préstamo Personal
TXN-00019480,CTA-799618,CLI-94403,2026-06-29 05:15:00,4536431.51,CRC,deposito,atm,SJ-001,Tarjeta Crédito
TXN-00019481,CTA-764793,CLI-72755,2026-06-16 02:27:00,3531931.65,CRC,comision,atm,LI-001,Préstamo Hipotecario
TXN-00019482,CTA-704756,CLI-39974,2026-06-29 05:01:00,2989314.75,CRC,deposito,atm,PU-001,Préstamo Personal
TXN-00019483,CTA-555269,CLI-77723,2026-06-25 02:05:00,4123828.0,CRC,deposito,sinpe,AL-001,Cuenta Corriente
TXN-00019484,CTA-968800,CLI-83311,2026-06-14 02:22:00,3564273.93,CRC,deposito,app_movil,PU-001,Cuenta Corriente
TXN-00019485,CTA-874325,CLI-30656,2026-06-19 15:10:00,2736372.81,CRC,retiro,sinpe,LI-002,Préstamo Personal
TXN-00019486,CTA-610149,CLI-48126,2026-06-09 14:42:00,1053228.82,CRC,retiro,web,LI-002,Préstamo Personal
TXN-00019487,CTA-911176,CLI-27173,2026-06-15 17:10:00,4270599.67,CRC,transferencia,app_movil,SJ-002,Préstamo Personal
TXN-00019488,CTA-574962,CLI-42619,2026-06-20 01:10:00,1282523.7,CRC,transferencia,atm,HE-001,Tarjeta Crédito
TXN-00019489,CTA-852083,CLI-62083,2026-06-08 13:17:00,4358582.25,CRC,pago,app_movil,SJ-002,Préstamo Personal
TXN-00019490,CTA-760327,CLI-42681,2026-06-02 04:26:00,2507457.63,CRC,pago,web,SJ-002,Préstamo Personal
TXN-00019491,CTA-721843,CLI-65447,2026-06-18 12:54:00,4599200.04,CRC,comision,sucursal,SJ-001,Préstamo Hipotecario
TXN-00019492,CTA-617885,CLI-11373,2026-06-03 06:11:00,1281303.96,CRC,pago,sinpe,SJ-002,Préstamo Hipotecario
TXN-00019493,CTA-143197,CLI-34860,2026-06-11 23:43:00,1093776.85,CRC,pago,atm,SJ-001,Cuenta Ahorro
TXN-00019494,CTA-638646,CLI-28091,2026-06-16 08:15:00,3111471.58,CRC,transferencia,web,CA-001,Préstamo Personal
TXN-00019495,CTA-771885,CLI-27007,2026-06-21 14:47:00,4224197.57,CRC,comision,web,LI-002,Préstamo Personal
TXN-00019496,CTA-868258,CLI-55557,2026-06-13 09:02:00,2794447.9,CRC,retiro,atm,SJ-002,Tarjeta Crédito
TXN-00019497,CTA-104565,CLI-85967,2026-06-10 13:39:00,2575427.14,CRC,comision,sinpe,LI-001,Cuenta Corriente
TXN-00019498,CTA-987546,CLI-24682,2026-06-02 07:43:00,3055980.74,CRC,retiro,sinpe,AL-001,Cuenta Corriente
TXN-00019499,CTA-186931,CLI-75479,2026-06-29 00:38:00,1732489.73,CRC,retiro,sucursal,HE-001,Tarjeta Crédito
TXN-00019500,CTA-118204,CLI-90846,2026-06-11 05:31:00,3445249.11,CRC,transferencia,atm,LI-002,Tarjeta Crédito
TXN-00019501,CTA-770184,CLI-32249,2026-06-08 10:48:00,3952309.94,CRC,comision,atm,LI-001,Préstamo Hipotecario
TXN-00019502,CTA-717600,CLI-80345,2026-06-23 09:54:00,3670584.84,CRC,transferencia,web,CA-001,Tarjeta Crédito
TXN-00019503,CTA-473711,CLI-32366,2026-06-10 00:48:00,3813547.73,CRC,transferencia,app_movil,AL-001,Préstamo Personal
TXN-00019504,CTA-737675,CLI-33163,2026-06-02 01:45:00,2938187.42,CRC,comision,sinpe,LI-001,Cuenta Corriente
TXN-00019505,CTA-428847,CLI-28343,2026-06-08 16:32:00,516421.8,CRC,pago,sucursal,AL-001,Préstamo Personal
TXN-00019506,CTA-444793,CLI-64655,2026-06-05 18:31:00,2875146.82,CRC,comision,app_movil,SJ-002,Tarjeta Crédito
TXN-00019507,CTA-944307,CLI-82190,2026-06-27 02:21:00,2815068.39,CRC,transferencia,app_movil,LI-001,Préstamo Hipotecario
TXN-00019508,CTA-133714,CLI-47941,2026-06-16 23:13:00,3351051.54,CRC,transferencia,sinpe,AL-001,Tarjeta Crédito
TXN-00019509,CTA-905170,CLI-39862,2026-06-27 20:39:00,2708939.35,CRC,pago,app_movil,AL-001,Tarjeta Crédito
TXN-00019510,CTA-450048,CLI-77269,2026-06-10 17:49:00,1456418.44,CRC,retiro,sinpe,SJ-001,Préstamo Hipotecario
TXN-00019511,CTA-768178,CLI-83390,2026-06-27 06:51:00,1493362.69,CRC,pago,web,SJ-001,Cuenta Ahorro
TXN-00019512,CTA-926605,CLI-72933,2026-06-23 01:04:00,2343825.02,CRC,comision,web,SJ-002,Cuenta Corriente
TXN-00019513,CTA-465664,CLI-97007,2026-06-11 22:25:00,2448408.26,CRC,transferencia,sucursal,SJ-002,Cuenta Ahorro
TXN-00019514,CTA-561609,CLI-83830,2026-06-30 16:23:00,2267923.63,CRC,retiro,web,LI-002,Préstamo Personal
TXN-00019515,CTA-634415,CLI-30089,2026-06-06 01:59:00,3236609.64,CRC,retiro,sucursal,HE-001,Tarjeta Crédito
TXN-00019516,CTA-390862,CLI-31335,2026-06-02 01:00:00,4918894.05,CRC,transferencia,sinpe,HE-001,Cuenta Ahorro
TXN-00019517,CTA-436506,CLI-90623,2026-06-16 19:55:00,2680956.05,CRC,comision,atm,SJ-002,Tarjeta Crédito
TXN-00019518,CTA-921813,CLI-40229,2026-06-13 16:35:00,932907.91,CRC,transferencia,sinpe,LI-001,Préstamo Personal
TXN-00019519,CTA-975379,CLI-15376,2026-06-19 15:11:00,2541004.26,CRC,deposito,atm,LI-001,Cuenta Corriente
TXN-00019520,CTA-774679,CLI-93753,2026-06-10 05:13:00,78357.65,CRC,pago,app_movil,HE-001,Préstamo Hipotecario
TXN-00019521,CTA-545606,CLI-56874,2026-06-08 18:47:00,4698453.74,CRC,pago,sinpe,PU-001,Cuenta Corriente
TXN-00019522,CTA-160024,CLI-66527,2026-06-21 13:28:00,3471967.18,CRC,retiro,sinpe,LI-001,Tarjeta Crédito
TXN-00019523,CTA-483962,CLI-90624,2026-06-21 23:05:00,4114659.08,CRC,transferencia,app_movil,HE-001,Tarjeta Crédito
TXN-00019524,CTA-971434,CLI-26854,2026-06-10 13:08:00,1738162.79,CRC,pago,app_movil,AL-001,Cuenta Ahorro
TXN-00019525,CTA-247334,CLI-39049,2026-06-09 20:13:00,4220785.07,CRC,pago,sucursal,CA-001,Cuenta Ahorro
TXN-00019526,CTA-489523,CLI-39005,2026-06-30 16:43:00,1903481.93,CRC,transferencia,atm,SJ-001,Préstamo Personal
TXN-00019527,CTA-349740,CLI-26284,2026-06-08 22:18:00,1043386.42,CRC,comision,app_movil,SJ-001,Cuenta Corriente
TXN-00019528,CTA-901510,CLI-59171,2026-06-18 17:45:00,2153360.11,CRC,comision,atm,PU-001,Préstamo Personal
TXN-00019529,CTA-955733,CLI-85997,2026-06-19 13:37:00,2872744.4,CRC,deposito,app_movil,HE-001,Cuenta Ahorro
TXN-00019530,CTA-100337,CLI-58582,2026-06-17 01:05:00,3314513.18,CRC,pago,sucursal,SJ-002,Cuenta Ahorro
TXN-00019531,CTA-979882,CLI-30208,2026-06-17 02:48:00,3632316.28,CRC,comision,sucursal,HE-001,Cuenta Ahorro
TXN-00019532,CTA-472288,CLI-20006,2026-06-16 10:49:00,1831011.53,CRC,retiro,app_movil,HE-001,Cuenta Corriente
TXN-00019533,CTA-320066,CLI-27936,2026-06-25 12:41:00,1845913.46,CRC,comision,web,HE-001,Cuenta Ahorro
TXN-00019534,CTA-923508,CLI-96263,2026-06-15 13:44:00,3339387.71,CRC,comision,web,SJ-002,Préstamo Personal
TXN-00019535,CTA-771392,CLI-94568,2026-06-06 07:46:00,372659.08,CRC,deposito,sinpe,AL-001,Préstamo Personal
TXN-00019536,CTA-260928,CLI-38207,2026-06-22 03:24:00,4074000.63,CRC,deposito,atm,PU-001,Préstamo Hipotecario
TXN-00019537,CTA-780014,CLI-81211,2026-06-26 23:42:00,227479.95,CRC,comision,web,HE-001,Préstamo Hipotecario
TXN-00019538,CTA-819141,CLI-74284,2026-06-23 11:49:00,1332158.26,CRC,deposito,sinpe,LI-002,Préstamo Personal
TXN-00019539,CTA-225845,CLI-63358,2026-06-06 04:37:00,4381977.63,CRC,comision,app_movil,CA-001,Préstamo Hipotecario
TXN-00019540,CTA-991444,CLI-60878,2026-06-12 05:04:00,3807363.42,CRC,comision,sinpe,AL-001,Tarjeta Crédito
TXN-00019541,CTA-755731,CLI-50107,2026-06-30 09:23:00,4304747.72,CRC,comision,sinpe,LI-001,Préstamo Personal
TXN-00019542,CTA-666302,CLI-66486,2026-06-02 12:16:00,944152.76,CRC,transferencia,sucursal,AL-001,Préstamo Personal
TXN-00019543,CTA-682533,CLI-48104,2026-06-07 00:08:00,4348339.23,CRC,transferencia,sinpe,AL-001,Préstamo Personal
TXN-00019544,CTA-407841,CLI-34511,2026-06-09 22:21:00,4280413.59,CRC,comision,sinpe,HE-001,Préstamo Personal
TXN-00019545,CTA-575792,CLI-59750,2026-06-16 22:52:00,4783455.4,CRC,comision,web,PU-001,Préstamo Hipotecario
TXN-00019546,CTA-525742,CLI-53842,2026-06-23 04:08:00,4952180.85,CRC,transferencia,web,HE-001,Préstamo Personal
TXN-00019547,CTA-651830,CLI-23946,2026-06-17 07:34:00,4560057.64,CRC,transferencia,app_movil,LI-001,Préstamo Hipotecario
TXN-00019548,CTA-941578,CLI-49461,2026-06-20 17:27:00,1065130.85,CRC,retiro,sinpe,SJ-002,Tarjeta Crédito
TXN-00019549,CTA-137269,CLI-98564,2026-06-12 02:14:00,4784557.22,CRC,transferencia,atm,LI-001,Tarjeta Crédito
TXN-00019550,CTA-765995,CLI-39328,2026-06-28 01:44:00,3767370.61,CRC,transferencia,app_movil,PU-001,Préstamo Personal
TXN-00019551,CTA-821996,CLI-67346,2026-06-13 19:33:00,225056.15,CRC,pago,web,PU-001,Cuenta Ahorro
TXN-00019552,CTA-301385,CLI-56540,2026-06-03 01:20:00,1727963.1,CRC,comision,web,AL-001,Préstamo Personal
TXN-00019553,CTA-804538,CLI-20609,2026-06-06 14:47:00,393462.78,CRC,transferencia,web,HE-001,Préstamo Hipotecario
TXN-00019554,CTA-661218,CLI-79059,2026-06-10 19:22:00,3545472.16,CRC,deposito,app_movil,AL-001,Préstamo Hipotecario
TXN-00019555,CTA-386405,CLI-36039,2026-06-06 19:55:00,3604119.86,CRC,pago,sucursal,PU-001,Préstamo Hipotecario
TXN-00019556,CTA-661745,CLI-87180,2026-06-12 00:23:00,1622435.74,CRC,comision,app_movil,PU-001,Tarjeta Crédito
TXN-00019557,CTA-563739,CLI-85985,2026-06-11 10:15:00,1125879.35,CRC,deposito,sinpe,LI-002,Cuenta Corriente
TXN-00019558,CTA-223300,CLI-53920,2026-06-05 14:22:00,4682203.14,CRC,comision,atm,SJ-001,Préstamo Hipotecario
TXN-00019559,CTA-580408,CLI-86792,2026-06-24 16:11:00,4532516.33,CRC,pago,sucursal,HE-001,Préstamo Hipotecario
TXN-00019560,CTA-454560,CLI-79097,2026-06-19 01:17:00,1920806.7,CRC,pago,sinpe,SJ-001,Préstamo Personal
TXN-00019561,CTA-459694,CLI-48318,2026-06-04 12:12:00,4637660.7,CRC,pago,sucursal,SJ-002,Cuenta Ahorro
TXN-00019562,CTA-893010,CLI-54603,2026-06-28 10:14:00,860586.82,CRC,comision,sinpe,CA-001,Tarjeta Crédito
TXN-00019563,CTA-697470,CLI-92722,2026-06-22 13:51:00,162990.06,CRC,comision,sinpe,PU-001,Cuenta Ahorro
TXN-00019564,CTA-487982,CLI-84148,2026-06-21 06:02:00,3838631.33,CRC,pago,atm,HE-001,Préstamo Personal
TXN-00019565,CTA-350950,CLI-60204,2026-06-24 00:33:00,1230017.09,CRC,comision,sucursal,CA-001,Préstamo Hipotecario
TXN-00019566,CTA-946035,CLI-17531,2026-06-16 19:44:00,429618.47,CRC,transferencia,sucursal,SJ-001,Tarjeta Crédito
TXN-00019567,CTA-218266,CLI-79443,2026-06-22 10:41:00,368914.43,CRC,comision,app_movil,HE-001,Cuenta Corriente
TXN-00019568,CTA-318579,CLI-82857,2026-06-22 14:04:00,4596155.71,CRC,transferencia,app_movil,AL-001,Préstamo Personal
TXN-00019569,CTA-328245,CLI-38912,2026-06-08 06:11:00,3421411.67,CRC,transferencia,sinpe,SJ-002,Préstamo Personal
TXN-00019570,CTA-471269,CLI-34951,2026-06-06 13:16:00,353863.9,CRC,pago,sucursal,LI-002,Préstamo Hipotecario
TXN-00019571,CTA-477836,CLI-28557,2026-06-24 07:21:00,2823602.03,CRC,retiro,app_movil,HE-001,Cuenta Corriente
TXN-00019572,CTA-761373,CLI-44521,2026-06-14 14:40:00,2263301.02,CRC,retiro,sucursal,SJ-001,Cuenta Corriente
TXN-00019573,CTA-830524,CLI-14144,2026-06-19 08:23:00,200492.26,CRC,transferencia,app_movil,LI-002,Cuenta Corriente
TXN-00019574,CTA-702157,CLI-67661,2026-06-17 14:38:00,3282055.1,CRC,deposito,web,AL-001,Préstamo Personal
TXN-00019575,CTA-575877,CLI-51519,2026-06-24 23:43:00,2796003.81,CRC,retiro,sucursal,LI-001,Tarjeta Crédito
TXN-00019576,CTA-824253,CLI-14359,2026-06-18 15:34:00,3360207.15,CRC,transferencia,web,LI-002,Préstamo Hipotecario
TXN-00019577,CTA-651268,CLI-38721,2026-06-23 23:14:00,3077599.58,CRC,pago,sinpe,SJ-001,Préstamo Hipotecario
TXN-00019578,CTA-732610,CLI-67603,2026-06-07 02:07:00,3291750.65,CRC,retiro,app_movil,SJ-001,Tarjeta Crédito
TXN-00019579,CTA-407608,CLI-58855,2026-06-22 10:32:00,1282079.59,CRC,comision,app_movil,PU-001,Cuenta Ahorro
TXN-00019580,CTA-564631,CLI-39920,2026-06-12 02:28:00,1783185.39,CRC,pago,sucursal,LI-001,Cuenta Ahorro
TXN-00019581,CTA-387323,CLI-67069,2026-06-21 14:21:00,4681860.05,CRC,deposito,sucursal,HE-001,Cuenta Corriente
TXN-00019582,CTA-731002,CLI-42857,2026-06-03 08:22:00,803228.83,CRC,transferencia,web,CA-001,Préstamo Personal
TXN-00019583,CTA-281984,CLI-79470,2026-06-25 03:47:00,282530.22,CRC,comision,app_movil,LI-001,Cuenta Ahorro
TXN-00019584,CTA-908374,CLI-91372,2026-06-09 18:34:00,1633589.39,CRC,deposito,web,HE-001,Tarjeta Crédito
TXN-00019585,CTA-590768,CLI-34653,2026-06-08 04:13:00,2140578.41,CRC,pago,app_movil,LI-001,Cuenta Corriente
TXN-00019586,CTA-967061,CLI-40610,2026-06-09 15:06:00,3911902.06,CRC,pago,sucursal,LI-001,Cuenta Corriente
TXN-00019587,CTA-480102,CLI-17077,2026-06-19 15:01:00,1304149.7,CRC,deposito,sucursal,SJ-001,Tarjeta Crédito
TXN-00019588,CTA-132302,CLI-54403,2026-06-04 11:18:00,1849555.68,CRC,pago,sinpe,CA-001,Cuenta Corriente
TXN-00019589,CTA-504604,CLI-10600,2026-06-04 12:21:00,4838958.31,CRC,comision,app_movil,SJ-002,Cuenta Ahorro
TXN-00019590,CTA-761709,CLI-99429,2026-06-18 11:02:00,2375360.35,CRC,deposito,app_movil,AL-001,Préstamo Personal
TXN-00019591,CTA-790468,CLI-31222,2026-06-19 18:49:00,1246316.51,CRC,retiro,atm,LI-002,Cuenta Ahorro
TXN-00019592,CTA-252302,CLI-82756,2026-06-02 08:54:00,1797805.67,CRC,transferencia,app_movil,LI-001,Tarjeta Crédito
TXN-00019593,CTA-618386,CLI-34740,2026-06-29 18:30:00,263840.31,CRC,pago,sucursal,HE-001,Cuenta Corriente
TXN-00019594,CTA-936274,CLI-93092,2026-06-22 00:14:00,111872.83,CRC,pago,atm,PU-001,Préstamo Hipotecario
TXN-00019595,CTA-852601,CLI-11641,2026-06-06 01:29:00,544776.25,CRC,retiro,app_movil,SJ-002,Tarjeta Crédito
TXN-00019596,CTA-718835,CLI-92470,2026-06-24 13:59:00,764512.94,CRC,retiro,sucursal,SJ-001,Tarjeta Crédito
TXN-00019597,CTA-913108,CLI-64012,2026-06-18 09:40:00,972298.61,CRC,comision,sucursal,SJ-001,Tarjeta Crédito
TXN-00019598,CTA-692211,CLI-81354,2026-06-16 05:07:00,3558280.4,CRC,transferencia,sucursal,SJ-002,Préstamo Hipotecario
TXN-00019599,CTA-891381,CLI-40051,2026-06-29 09:15:00,4887311.05,CRC,retiro,web,AL-001,Préstamo Personal
TXN-00019600,CTA-800723,CLI-71252,2026-06-06 02:14:00,1293612.3,CRC,transferencia,app_movil,PU-001,Cuenta Ahorro
TXN-00019601,CTA-139782,CLI-23326,2026-06-22 06:17:00,4809857.05,CRC,retiro,sinpe,AL-001,Tarjeta Crédito
TXN-00019602,CTA-631025,CLI-59488,2026-06-12 08:47:00,3897408.49,CRC,transferencia,sucursal,HE-001,Cuenta Corriente
TXN-00019603,CTA-286649,CLI-89634,2026-06-08 17:28:00,2702333.71,CRC,deposito,sucursal,SJ-001,Tarjeta Crédito
TXN-00019604,CTA-120565,CLI-48600,2026-06-24 19:07:00,3725678.07,CRC,deposito,web,AL-001,Tarjeta Crédito
TXN-00019605,CTA-965944,CLI-62894,2026-06-24 11:02:00,1530759.83,CRC,deposito,app_movil,HE-001,Préstamo Hipotecario
TXN-00019606,CTA-921015,CLI-73245,2026-06-07 12:01:00,4134091.94,CRC,retiro,sucursal,CA-001,Cuenta Ahorro
TXN-00019607,CTA-894498,CLI-32839,2026-06-06 09:02:00,304535.09,CRC,transferencia,web,SJ-001,Préstamo Hipotecario
TXN-00019608,CTA-862785,CLI-50219,2026-06-04 22:53:00,4953147.15,CRC,retiro,atm,LI-002,Préstamo Hipotecario
TXN-00019609,CTA-863599,CLI-36316,2026-06-20 10:36:00,883272.59,CRC,pago,sucursal,CA-001,Tarjeta Crédito
TXN-00019610,CTA-314409,CLI-45314,2026-06-27 18:29:00,694985.21,CRC,comision,sinpe,LI-001,Cuenta Ahorro
TXN-00019611,CTA-675613,CLI-93039,2026-06-19 10:57:00,3154400.46,CRC,transferencia,sinpe,LI-002,Préstamo Personal
TXN-00019612,CTA-273611,CLI-55473,2026-06-27 16:01:00,2345144.73,CRC,retiro,sinpe,LI-001,Tarjeta Crédito
TXN-00019613,CTA-259618,CLI-45430,2026-06-08 22:26:00,1941812.17,CRC,comision,app_movil,PU-001,Préstamo Hipotecario
TXN-00019614,CTA-787668,CLI-38160,2026-06-07 21:58:00,401139.78,CRC,deposito,atm,SJ-002,Préstamo Hipotecario
TXN-00019615,CTA-662507,CLI-33881,2026-06-29 17:00:00,4142.64,CRC,deposito,sucursal,LI-002,Préstamo Personal
TXN-00019616,CTA-191339,CLI-64894,2026-06-24 23:59:00,132165.54,CRC,retiro,app_movil,AL-001,Cuenta Ahorro
TXN-00019617,CTA-259844,CLI-79327,2026-06-17 22:50:00,4084593.73,CRC,deposito,app_movil,SJ-001,Préstamo Hipotecario
TXN-00019618,CTA-540987,CLI-64206,2026-06-18 00:08:00,1239001.84,CRC,retiro,app_movil,PU-001,Cuenta Corriente
TXN-00019619,CTA-404324,CLI-90251,2026-06-22 07:13:00,2341430.04,CRC,retiro,app_movil,AL-001,Cuenta Corriente
TXN-00019620,CTA-255840,CLI-73845,2026-06-05 03:06:00,4307224.86,CRC,deposito,atm,AL-001,Cuenta Corriente
TXN-00019621,CTA-645742,CLI-23718,2026-06-21 10:42:00,1037033.25,CRC,retiro,app_movil,HE-001,Préstamo Hipotecario
TXN-00019622,CTA-292126,CLI-68484,2026-06-24 08:41:00,3562091.09,CRC,retiro,atm,SJ-001,Préstamo Personal
TXN-00019623,CTA-211281,CLI-66339,2026-06-10 01:32:00,801932.4,CRC,pago,web,LI-001,Cuenta Corriente
TXN-00019624,CTA-185258,CLI-69297,2026-06-08 19:24:00,2938526.93,CRC,comision,web,PU-001,Préstamo Personal
TXN-00019625,CTA-446685,CLI-94065,2026-06-09 15:22:00,2326644.63,CRC,retiro,app_movil,CA-001,Cuenta Ahorro
TXN-00019626,CTA-365841,CLI-87984,2026-06-13 02:15:00,698694.65,CRC,deposito,sinpe,CA-001,Cuenta Ahorro
TXN-00019627,CTA-415173,CLI-84256,2026-06-13 16:48:00,4579437.93,CRC,pago,sinpe,LI-002,Cuenta Corriente
TXN-00019628,CTA-681769,CLI-97663,2026-06-25 19:08:00,841108.25,CRC,pago,sinpe,PU-001,Tarjeta Crédito
TXN-00019629,CTA-149665,CLI-74650,2026-06-03 17:12:00,2254404.53,CRC,comision,sucursal,HE-001,Cuenta Corriente
TXN-00019630,CTA-504366,CLI-41560,2026-06-26 19:40:00,876549.55,CRC,comision,web,PU-001,Préstamo Hipotecario
TXN-00019631,CTA-774699,CLI-63124,2026-06-15 02:50:00,2157608.3,CRC,deposito,sinpe,SJ-002,Cuenta Corriente
TXN-00019632,CTA-376126,CLI-20064,2026-06-26 07:24:00,3042486.51,CRC,deposito,sinpe,CA-001,Préstamo Hipotecario
TXN-00019633,CTA-260158,CLI-52757,2026-06-05 05:40:00,4004053.39,CRC,deposito,sucursal,PU-001,Tarjeta Crédito
TXN-00019634,CTA-372972,CLI-91542,2026-06-23 21:24:00,2887316.93,CRC,deposito,atm,CA-001,Cuenta Ahorro
TXN-00019635,CTA-124052,CLI-97689,2026-06-21 02:21:00,1405441.76,CRC,comision,atm,SJ-001,Cuenta Ahorro
TXN-00019636,CTA-145633,CLI-47799,2026-06-18 02:22:00,3456772.28,CRC,deposito,atm,LI-002,Cuenta Corriente
TXN-00019637,CTA-752711,CLI-95022,2026-06-03 00:23:00,3631173.91,CRC,pago,app_movil,AL-001,Préstamo Hipotecario
TXN-00019638,CTA-836276,CLI-48052,2026-06-10 04:38:00,1056103.59,CRC,transferencia,web,LI-002,Cuenta Ahorro
TXN-00019639,CTA-514647,CLI-51588,2026-06-20 12:40:00,2939741.57,CRC,retiro,web,SJ-001,Préstamo Hipotecario
TXN-00019640,CTA-778889,CLI-16491,2026-06-09 03:16:00,3901206.16,CRC,comision,app_movil,LI-001,Préstamo Personal
TXN-00019641,CTA-518389,CLI-49898,2026-06-19 08:24:00,1175010.32,CRC,transferencia,sinpe,LI-001,Cuenta Corriente
TXN-00019642,CTA-467592,CLI-86654,2026-06-19 04:21:00,2966275.92,CRC,retiro,app_movil,CA-001,Préstamo Hipotecario
TXN-00019643,CTA-831592,CLI-21285,2026-06-16 13:24:00,510066.68,CRC,deposito,atm,LI-001,Préstamo Personal
TXN-00019644,CTA-756871,CLI-35476,2026-06-26 18:56:00,930611.92,CRC,retiro,web,LI-002,Tarjeta Crédito
TXN-00019645,CTA-370210,CLI-28861,2026-06-21 11:29:00,3651288.79,CRC,retiro,sinpe,LI-001,Cuenta Corriente
TXN-00019646,CTA-781371,CLI-92423,2026-06-16 18:27:00,2547213.95,CRC,comision,sinpe,AL-001,Préstamo Personal
TXN-00019647,CTA-719372,CLI-80709,2026-06-24 18:02:00,4277629.3,CRC,retiro,sucursal,CA-001,Cuenta Ahorro
TXN-00019648,CTA-737627,CLI-72815,2026-06-16 03:17:00,2881302.53,CRC,comision,sucursal,AL-001,Cuenta Ahorro
TXN-00019649,CTA-304942,CLI-95818,2026-06-22 23:54:00,1163978.1,CRC,pago,web,HE-001,Préstamo Hipotecario
TXN-00019650,CTA-660256,CLI-99540,2026-06-01 01:33:00,3678355.96,CRC,pago,web,CA-001,Cuenta Corriente
TXN-00019651,CTA-258313,CLI-77233,2026-06-14 02:23:00,1384758.69,CRC,pago,atm,LI-001,Cuenta Corriente
TXN-00019652,CTA-635909,CLI-16280,2026-06-12 15:10:00,349199.07,CRC,retiro,app_movil,CA-001,Préstamo Hipotecario
TXN-00019653,CTA-743528,CLI-76499,2026-06-11 21:34:00,2778579.09,CRC,pago,sinpe,HE-001,Tarjeta Crédito
TXN-00019654,CTA-462207,CLI-63104,2026-06-18 13:26:00,3949287.45,CRC,pago,sucursal,SJ-001,Préstamo Personal
TXN-00019655,CTA-445366,CLI-36442,2026-06-08 19:48:00,4622644.74,CRC,transferencia,app_movil,LI-002,Cuenta Ahorro
TXN-00019656,CTA-884144,CLI-41685,2026-06-18 01:11:00,3588598.73,CRC,deposito,sinpe,HE-001,Cuenta Ahorro
TXN-00019657,CTA-745691,CLI-50681,2026-06-04 08:58:00,1372294.54,CRC,deposito,sinpe,PU-001,Préstamo Personal
TXN-00019658,CTA-177577,CLI-41537,2026-06-15 00:11:00,1395955.29,CRC,transferencia,sinpe,SJ-002,Cuenta Ahorro
TXN-00019659,CTA-419190,CLI-26164,2026-06-29 18:40:00,1730455.8,CRC,transferencia,app_movil,HE-001,Cuenta Corriente
TXN-00019660,CTA-743483,CLI-43899,2026-06-14 02:55:00,4642024.89,CRC,transferencia,web,CA-001,Cuenta Ahorro
TXN-00019661,CTA-158277,CLI-96100,2026-06-30 10:34:00,869293.66,CRC,deposito,app_movil,CA-001,Cuenta Ahorro
TXN-00019662,CTA-457059,CLI-72330,2026-06-13 16:49:00,2332007.51,CRC,deposito,web,CA-001,Tarjeta Crédito
TXN-00019663,CTA-300893,CLI-38682,2026-06-22 17:05:00,4125163.32,CRC,transferencia,sinpe,LI-002,Préstamo Hipotecario
TXN-00019664,CTA-119939,CLI-71816,2026-06-23 07:04:00,1314277.42,CRC,deposito,web,PU-001,Cuenta Corriente
TXN-00019665,CTA-584900,CLI-37692,2026-06-04 06:21:00,43202.64,CRC,deposito,atm,LI-002,Préstamo Personal
TXN-00019666,CTA-724997,CLI-33529,2026-06-17 13:40:00,1825954.85,CRC,deposito,sinpe,LI-002,Cuenta Ahorro
TXN-00019667,CTA-885398,CLI-39563,2026-06-20 21:06:00,1816913.79,CRC,comision,web,LI-001,Préstamo Hipotecario
TXN-00019668,CTA-197400,CLI-86800,2026-06-14 05:04:00,4690643.66,CRC,retiro,app_movil,PU-001,Cuenta Ahorro
TXN-00019669,CTA-459755,CLI-36451,2026-06-04 12:13:00,3151523.01,CRC,deposito,app_movil,LI-002,Préstamo Personal
TXN-00019670,CTA-485574,CLI-24907,2026-06-05 22:01:00,1097699.56,CRC,deposito,web,AL-001,Tarjeta Crédito
TXN-00019671,CTA-470004,CLI-82757,2026-06-01 08:54:00,280617.34,CRC,comision,sinpe,PU-001,Préstamo Personal
TXN-00019672,CTA-308542,CLI-86586,2026-06-04 09:57:00,2640515.18,CRC,comision,sinpe,AL-001,Cuenta Corriente
TXN-00019673,CTA-896276,CLI-20109,2026-06-25 10:03:00,2744050.01,CRC,retiro,atm,LI-001,Préstamo Hipotecario
TXN-00019674,CTA-396113,CLI-84480,2026-06-11 15:55:00,2566678.19,CRC,deposito,sucursal,HE-001,Cuenta Corriente
TXN-00019675,CTA-352251,CLI-52152,2026-06-17 21:57:00,3872727.34,CRC,comision,sinpe,SJ-001,Préstamo Personal
TXN-00019676,CTA-433288,CLI-18174,2026-06-17 04:02:00,3216980.73,CRC,transferencia,sinpe,SJ-001,Tarjeta Crédito
TXN-00019677,CTA-426155,CLI-82663,2026-06-13 20:10:00,2799150.77,CRC,comision,web,LI-001,Préstamo Hipotecario
TXN-00019678,CTA-755720,CLI-11981,2026-06-04 17:34:00,2288668.89,CRC,pago,atm,SJ-002,Préstamo Personal
TXN-00019679,CTA-902873,CLI-94687,2026-06-04 21:05:00,1351061.6,CRC,pago,web,PU-001,Préstamo Personal
TXN-00019680,CTA-157269,CLI-97455,2026-06-20 19:55:00,3179764.23,CRC,deposito,app_movil,CA-001,Préstamo Personal
TXN-00019681,CTA-271900,CLI-19192,2026-06-24 15:59:00,2793291.0,CRC,retiro,atm,CA-001,Tarjeta Crédito
TXN-00019682,CTA-695698,CLI-35201,2026-06-16 20:49:00,3938162.65,CRC,comision,sinpe,PU-001,Tarjeta Crédito
TXN-00019683,CTA-155886,CLI-92138,2026-06-14 14:55:00,4306260.26,CRC,deposito,atm,LI-001,Cuenta Ahorro
TXN-00019684,CTA-913925,CLI-26832,2026-06-16 20:01:00,1365744.09,CRC,retiro,app_movil,LI-001,Cuenta Corriente
TXN-00019685,CTA-487282,CLI-97397,2026-06-11 01:16:00,1848229.83,CRC,comision,web,LI-001,Tarjeta Crédito
TXN-00019686,CTA-411510,CLI-43598,2026-06-23 07:00:00,2702180.21,CRC,pago,sucursal,PU-001,Cuenta Corriente
TXN-00019687,CTA-980234,CLI-12078,2026-06-22 19:24:00,2825124.83,CRC,pago,web,HE-001,Cuenta Ahorro
TXN-00019688,CTA-235849,CLI-33429,2026-06-06 01:47:00,2072445.26,CRC,deposito,atm,LI-001,Tarjeta Crédito
TXN-00019689,CTA-867236,CLI-75635,2026-06-30 09:27:00,2216616.98,CRC,transferencia,sinpe,LI-001,Préstamo Personal
TXN-00019690,CTA-404868,CLI-11031,2026-06-02 10:25:00,4274240.53,CRC,retiro,sinpe,AL-001,Cuenta Corriente
TXN-00019691,CTA-808690,CLI-26458,2026-06-04 03:57:00,2650251.57,CRC,comision,sinpe,PU-001,Cuenta Corriente
TXN-00019692,CTA-618286,CLI-95261,2026-06-28 13:30:00,930823.34,CRC,comision,web,HE-001,Préstamo Hipotecario
TXN-00019693,CTA-203471,CLI-72057,2026-06-07 23:54:00,269175.3,CRC,retiro,web,CA-001,Tarjeta Crédito
TXN-00019694,CTA-950734,CLI-98996,2026-06-11 18:27:00,4585160.64,CRC,pago,app_movil,SJ-002,Préstamo Hipotecario
TXN-00019695,CTA-800251,CLI-73968,2026-06-04 08:31:00,4511648.69,CRC,pago,web,SJ-001,Préstamo Personal
TXN-00019696,CTA-400601,CLI-31471,2026-06-24 04:03:00,3148181.5,CRC,pago,app_movil,CA-001,Cuenta Ahorro
TXN-00019697,CTA-169141,CLI-83132,2026-06-19 03:25:00,1492621.2,CRC,retiro,web,LI-001,Cuenta Ahorro
TXN-00019698,CTA-603306,CLI-34946,2026-06-22 03:35:00,2062925.29,CRC,transferencia,web,PU-001,Cuenta Ahorro
TXN-00019699,CTA-530396,CLI-66629,2026-06-28 18:00:00,560182.21,CRC,retiro,web,LI-001,Préstamo Personal
TXN-00019700,CTA-438015,CLI-26107,2026-06-07 00:30:00,3445558.96,CRC,transferencia,app_movil,CA-001,Préstamo Personal
TXN-00019701,CTA-302012,CLI-97784,2026-06-14 08:18:00,3650676.52,CRC,retiro,sucursal,PU-001,Préstamo Hipotecario
TXN-00019702,CTA-455149,CLI-45296,2026-06-22 23:03:00,3258045.79,CRC,transferencia,app_movil,SJ-002,Préstamo Personal
TXN-00019703,CTA-595368,CLI-77620,2026-06-17 13:02:00,2254689.72,CRC,deposito,web,SJ-001,Cuenta Ahorro
TXN-00019704,CTA-617022,CLI-52673,2026-06-11 20:34:00,2454682.07,CRC,retiro,atm,CA-001,Préstamo Personal
TXN-00019705,CTA-521987,CLI-40317,2026-06-06 22:23:00,2850282.46,CRC,transferencia,sucursal,LI-001,Préstamo Hipotecario
TXN-00019706,CTA-262634,CLI-70822,2026-06-08 21:55:00,4334604.31,CRC,transferencia,web,SJ-001,Tarjeta Crédito
TXN-00019707,CTA-573265,CLI-28366,2026-06-09 06:51:00,4398562.7,CRC,retiro,atm,AL-001,Préstamo Personal
TXN-00019708,CTA-901796,CLI-76484,2026-06-29 08:16:00,942405.81,CRC,comision,atm,AL-001,Cuenta Ahorro
TXN-00019709,CTA-791887,CLI-54209,2026-06-24 16:59:00,2428366.75,CRC,comision,app_movil,LI-002,Cuenta Corriente
TXN-00019710,CTA-825413,CLI-60472,2026-06-04 02:47:00,1658753.6,CRC,deposito,web,AL-001,Préstamo Hipotecario
TXN-00019711,CTA-512246,CLI-74452,2026-06-08 23:54:00,897053.59,CRC,pago,app_movil,PU-001,Cuenta Corriente
TXN-00019712,CTA-223711,CLI-22603,2026-06-06 20:16:00,3246325.92,CRC,comision,sucursal,SJ-001,Tarjeta Crédito
TXN-00019713,CTA-820596,CLI-12667,2026-06-30 03:35:00,2019938.08,CRC,pago,sinpe,SJ-002,Cuenta Ahorro
TXN-00019714,CTA-467375,CLI-28264,2026-06-27 08:09:00,391728.02,CRC,pago,sucursal,LI-001,Préstamo Hipotecario
TXN-00019715,CTA-134896,CLI-68464,2026-06-23 07:09:00,4770188.33,CRC,retiro,web,PU-001,Cuenta Corriente
TXN-00019716,CTA-546941,CLI-54280,2026-06-19 20:02:00,663299.51,CRC,pago,web,LI-001,Préstamo Hipotecario
TXN-00019717,CTA-873465,CLI-18599,2026-06-03 20:37:00,2695028.47,CRC,retiro,sinpe,CA-001,Préstamo Hipotecario
TXN-00019718,CTA-139048,CLI-82915,2026-06-28 13:54:00,3625462.8,CRC,comision,app_movil,SJ-002,Préstamo Personal
TXN-00019719,CTA-379072,CLI-12362,2026-06-27 22:35:00,4322944.9,CRC,retiro,sucursal,PU-001,Cuenta Ahorro
TXN-00019720,CTA-140526,CLI-21340,2026-06-15 06:28:00,1111294.1,CRC,deposito,web,SJ-002,Cuenta Ahorro
TXN-00019721,CTA-675649,CLI-87485,2026-06-01 23:40:00,2927305.05,CRC,pago,app_movil,SJ-002,Cuenta Corriente
TXN-00019722,CTA-434345,CLI-77401,2026-06-07 23:32:00,1978052.1,CRC,pago,atm,LI-001,Tarjeta Crédito
TXN-00019723,CTA-605617,CLI-38920,2026-06-23 18:04:00,3783575.86,CRC,comision,atm,SJ-002,Cuenta Ahorro
TXN-00019724,CTA-461641,CLI-15111,2026-06-19 22:58:00,2529258.59,CRC,pago,atm,PU-001,Préstamo Personal
TXN-00019725,CTA-550761,CLI-25332,2026-06-03 11:11:00,402774.04,CRC,retiro,sucursal,LI-002,Préstamo Hipotecario
TXN-00019726,CTA-798556,CLI-13802,2026-06-04 06:41:00,3541521.41,CRC,transferencia,atm,LI-001,Préstamo Personal
TXN-00019727,CTA-845360,CLI-25696,2026-06-22 18:37:00,46251.1,CRC,pago,sucursal,LI-001,Cuenta Ahorro
TXN-00019728,CTA-235929,CLI-69084,2026-06-27 19:51:00,2426684.36,CRC,transferencia,web,SJ-001,Tarjeta Crédito
TXN-00019729,CTA-194164,CLI-63760,2026-06-13 14:09:00,3275581.87,CRC,transferencia,sucursal,SJ-002,Tarjeta Crédito
TXN-00019730,CTA-998266,CLI-24896,2026-06-06 09:43:00,4620641.89,CRC,comision,sucursal,PU-001,Préstamo Hipotecario
TXN-00019731,CTA-226487,CLI-42839,2026-06-17 15:01:00,3417242.95,CRC,pago,sinpe,LI-001,Préstamo Hipotecario
TXN-00019732,CTA-299058,CLI-29319,2026-06-01 05:19:00,4033368.48,CRC,deposito,app_movil,CA-001,Cuenta Ahorro
TXN-00019733,CTA-897428,CLI-32117,2026-06-25 10:14:00,269765.5,CRC,retiro,atm,CA-001,Préstamo Personal
TXN-00019734,CTA-656225,CLI-76333,2026-06-23 06:22:00,4281805.76,CRC,deposito,atm,LI-002,Cuenta Corriente
TXN-00019735,CTA-566129,CLI-83154,2026-06-27 21:44:00,4801817.25,CRC,deposito,web,SJ-002,Préstamo Hipotecario
TXN-00019736,CTA-530716,CLI-76462,2026-06-13 05:44:00,1735221.92,CRC,comision,app_movil,LI-001,Cuenta Ahorro
TXN-00019737,CTA-342107,CLI-45324,2026-06-29 11:46:00,4482266.37,CRC,pago,app_movil,HE-001,Cuenta Corriente
TXN-00019738,CTA-369449,CLI-22846,2026-06-30 23:50:00,1139771.3,CRC,comision,web,HE-001,Préstamo Personal
TXN-00019739,CTA-557747,CLI-94695,2026-06-26 12:06:00,1145438.56,CRC,deposito,sinpe,CA-001,Préstamo Personal
TXN-00019740,CTA-263170,CLI-56743,2026-06-30 18:00:00,1684707.56,CRC,deposito,app_movil,PU-001,Tarjeta Crédito
TXN-00019741,CTA-117275,CLI-65364,2026-06-02 19:52:00,4283818.95,CRC,comision,sucursal,CA-001,Préstamo Hipotecario
TXN-00019742,CTA-647230,CLI-28134,2026-06-04 16:51:00,2120693.74,CRC,comision,sinpe,AL-001,Tarjeta Crédito
TXN-00019743,CTA-683483,CLI-54573,2026-06-13 21:01:00,2319333.5,CRC,transferencia,web,SJ-002,Tarjeta Crédito
TXN-00019744,CTA-464292,CLI-32441,2026-06-11 02:06:00,1241240.25,CRC,retiro,app_movil,HE-001,Préstamo Personal
TXN-00019745,CTA-184198,CLI-91252,2026-06-30 05:58:00,4378177.27,CRC,pago,atm,CA-001,Préstamo Hipotecario
TXN-00019746,CTA-463470,CLI-84954,2026-06-26 01:36:00,499644.81,CRC,comision,atm,SJ-001,Cuenta Ahorro
TXN-00019747,CTA-550580,CLI-33479,2026-06-22 16:32:00,63894.94,CRC,retiro,sucursal,LI-002,Cuenta Corriente
TXN-00019748,CTA-350234,CLI-37210,2026-06-10 10:27:00,989953.79,CRC,deposito,sinpe,SJ-002,Préstamo Hipotecario
TXN-00019749,CTA-973662,CLI-26765,2026-06-05 07:59:00,360398.64,CRC,comision,sinpe,SJ-002,Préstamo Personal
TXN-00019750,CTA-585414,CLI-18424,2026-06-12 06:14:00,4861582.22,CRC,deposito,web,HE-001,Tarjeta Crédito
TXN-00019751,CTA-886306,CLI-10323,2026-06-17 15:29:00,1306236.22,CRC,deposito,app_movil,CA-001,Préstamo Hipotecario
TXN-00019752,CTA-706710,CLI-62662,2026-06-11 00:06:00,4119753.46,CRC,transferencia,sucursal,PU-001,Préstamo Personal
TXN-00019753,CTA-257838,CLI-28618,2026-06-12 07:25:00,4453712.54,CRC,comision,sucursal,CA-001,Cuenta Corriente
TXN-00019754,CTA-472694,CLI-13356,2026-06-04 21:36:00,3037016.26,CRC,pago,web,HE-001,Préstamo Hipotecario
TXN-00019755,CTA-975339,CLI-50490,2026-06-19 17:35:00,923352.85,CRC,comision,sinpe,SJ-001,Préstamo Personal
TXN-00019756,CTA-933001,CLI-81863,2026-06-27 05:35:00,4907942.55,CRC,transferencia,atm,SJ-002,Tarjeta Crédito
TXN-00019757,CTA-892136,CLI-48153,2026-06-13 19:18:00,889508.5,CRC,deposito,web,SJ-001,Préstamo Hipotecario
TXN-00019758,CTA-923293,CLI-91238,2026-06-25 02:45:00,112868.58,CRC,retiro,atm,SJ-002,Préstamo Hipotecario
TXN-00019759,CTA-354469,CLI-85740,2026-06-07 00:57:00,4960210.24,CRC,pago,app_movil,SJ-002,Cuenta Corriente
TXN-00019760,CTA-492791,CLI-93190,2026-06-30 22:11:00,1799353.76,CRC,pago,sucursal,LI-002,Cuenta Ahorro
TXN-00019761,CTA-149678,CLI-23261,2026-06-11 21:39:00,463177.35,CRC,transferencia,sinpe,LI-002,Cuenta Ahorro
TXN-00019762,CTA-704525,CLI-73761,2026-06-03 21:56:00,4018101.0,CRC,transferencia,sinpe,SJ-002,Cuenta Ahorro
TXN-00019763,CTA-827895,CLI-12610,2026-06-02 04:26:00,4505122.39,CRC,comision,sucursal,AL-001,Cuenta Corriente
TXN-00019764,CTA-397831,CLI-38517,2026-06-22 16:13:00,3558856.75,CRC,deposito,sinpe,LI-002,Cuenta Corriente
TXN-00019765,CTA-458975,CLI-38095,2026-06-23 00:25:00,2281461.16,CRC,deposito,sinpe,LI-001,Préstamo Hipotecario
TXN-00019766,CTA-925184,CLI-88829,2026-06-25 16:26:00,4502147.47,CRC,deposito,web,CA-001,Tarjeta Crédito
TXN-00019767,CTA-305794,CLI-19045,2026-06-11 15:08:00,2497974.62,CRC,transferencia,sucursal,LI-002,Préstamo Hipotecario
TXN-00019768,CTA-485479,CLI-80911,2026-06-21 21:13:00,2641144.95,CRC,retiro,app_movil,LI-001,Préstamo Hipotecario
TXN-00019769,CTA-803850,CLI-30367,2026-06-08 04:36:00,2087754.99,CRC,deposito,sucursal,AL-001,Cuenta Ahorro
TXN-00019770,CTA-942971,CLI-29736,2026-06-14 11:04:00,4605369.27,CRC,transferencia,sinpe,SJ-002,Tarjeta Crédito
TXN-00019771,CTA-175186,CLI-59898,2026-06-18 01:32:00,3667818.19,CRC,deposito,web,PU-001,Cuenta Ahorro
TXN-00019772,CTA-201706,CLI-34529,2026-06-09 03:32:00,453244.12,CRC,pago,web,PU-001,Préstamo Personal
TXN-00019773,CTA-969504,CLI-26763,2026-06-21 00:42:00,4174722.5,CRC,retiro,sinpe,LI-002,Cuenta Corriente
TXN-00019774,CTA-826846,CLI-35084,2026-06-14 07:30:00,564321.57,CRC,deposito,web,HE-001,Préstamo Hipotecario
TXN-00019775,CTA-180513,CLI-79991,2026-06-30 22:44:00,948761.48,CRC,transferencia,sucursal,LI-001,Préstamo Hipotecario
TXN-00019776,CTA-534762,CLI-99680,2026-06-29 15:56:00,1686885.42,CRC,deposito,sinpe,LI-001,Préstamo Hipotecario
TXN-00019777,CTA-866318,CLI-54859,2026-06-18 09:45:00,2118737.98,CRC,transferencia,sinpe,HE-001,Préstamo Personal
TXN-00019778,CTA-633188,CLI-71297,2026-06-08 21:10:00,1074196.06,CRC,retiro,app_movil,LI-002,Cuenta Ahorro
TXN-00019779,CTA-754328,CLI-69749,2026-06-10 04:18:00,2484203.59,CRC,transferencia,atm,CA-001,Préstamo Personal
TXN-00019780,CTA-695316,CLI-56433,2026-06-20 00:30:00,1889430.39,CRC,deposito,atm,AL-001,Tarjeta Crédito
TXN-00019781,CTA-574603,CLI-96343,2026-06-17 16:00:00,1203298.62,CRC,retiro,atm,SJ-002,Tarjeta Crédito
TXN-00019782,CTA-677832,CLI-96163,2026-06-26 10:24:00,2112261.01,CRC,transferencia,web,LI-001,Cuenta Ahorro
TXN-00019783,CTA-128808,CLI-98831,2026-06-06 15:27:00,4295596.65,CRC,transferencia,web,LI-001,Cuenta Ahorro
TXN-00019784,CTA-489075,CLI-94780,2026-06-10 12:27:00,2412499.54,CRC,transferencia,sinpe,SJ-001,Cuenta Ahorro
TXN-00019785,CTA-681187,CLI-46908,2026-06-20 20:08:00,2436244.03,CRC,transferencia,sucursal,LI-002,Cuenta Corriente
TXN-00019786,CTA-735638,CLI-54957,2026-06-17 23:19:00,3189281.85,CRC,pago,atm,LI-001,Préstamo Hipotecario
TXN-00019787,CTA-537353,CLI-32383,2026-06-03 11:43:00,81606.09,CRC,deposito,app_movil,SJ-002,Cuenta Ahorro
TXN-00019788,CTA-581645,CLI-15093,2026-06-19 16:53:00,132092.25,CRC,transferencia,sinpe,LI-001,Cuenta Ahorro
TXN-00019789,CTA-531906,CLI-94765,2026-06-16 20:55:00,4968668.94,CRC,transferencia,sinpe,LI-002,Cuenta Ahorro
TXN-00019790,CTA-152236,CLI-43992,2026-06-04 05:49:00,4961942.78,CRC,retiro,app_movil,SJ-002,Tarjeta Crédito
TXN-00019791,CTA-645348,CLI-50424,2026-06-15 21:06:00,3124638.89,CRC,transferencia,sinpe,LI-002,Préstamo Hipotecario
TXN-00019792,CTA-796981,CLI-66807,2026-06-10 12:36:00,561017.75,CRC,pago,sinpe,LI-002,Préstamo Hipotecario
TXN-00019793,CTA-925583,CLI-32872,2026-06-04 22:17:00,4631304.97,CRC,transferencia,web,PU-001,Cuenta Ahorro
TXN-00019794,CTA-236793,CLI-70826,2026-06-18 00:46:00,3393610.65,CRC,transferencia,atm,CA-001,Préstamo Hipotecario
TXN-00019795,CTA-153853,CLI-29835,2026-06-22 02:05:00,3852660.73,CRC,retiro,sinpe,LI-002,Cuenta Corriente
TXN-00019796,CTA-290646,CLI-98884,2026-06-24 00:48:00,4995753.69,CRC,deposito,sucursal,CA-001,Cuenta Ahorro
TXN-00019797,CTA-674740,CLI-67432,2026-06-11 22:35:00,1582300.38,CRC,comision,sucursal,LI-002,Cuenta Ahorro
TXN-00019798,CTA-961259,CLI-26977,2026-06-10 23:19:00,2411008.22,CRC,deposito,sucursal,SJ-001,Cuenta Corriente
TXN-00019799,CTA-964286,CLI-10473,2026-06-24 20:20:00,3744112.57,CRC,pago,app_movil,SJ-002,Préstamo Hipotecario
TXN-00019800,CTA-789040,CLI-91286,2026-06-27 14:36:00,804612.03,CRC,pago,sucursal,HE-001,Cuenta Corriente
TXN-00019801,CTA-224870,CLI-93555,2026-06-26 04:41:00,3159087.94,CRC,retiro,app_movil,AL-001,Tarjeta Crédito
TXN-00019802,CTA-685231,CLI-20301,2026-06-08 04:10:00,4371961.43,CRC,pago,sucursal,LI-002,Cuenta Ahorro
TXN-00019803,CTA-660122,CLI-65013,2026-06-30 16:24:00,1227303.37,CRC,deposito,sinpe,LI-002,Cuenta Corriente
TXN-00019804,CTA-856591,CLI-60535,2026-06-28 09:27:00,4206275.86,CRC,pago,sinpe,PU-001,Préstamo Hipotecario
TXN-00019805,CTA-821370,CLI-32570,2026-06-24 02:05:00,3866214.93,CRC,comision,atm,SJ-001,Cuenta Ahorro
TXN-00019806,CTA-872369,CLI-52533,2026-06-08 04:25:00,3091591.95,CRC,deposito,web,CA-001,Cuenta Ahorro
TXN-00019807,CTA-506102,CLI-47799,2026-06-17 15:10:00,4897955.77,CRC,transferencia,web,SJ-001,Préstamo Hipotecario
TXN-00019808,CTA-283044,CLI-58027,2026-06-14 03:10:00,3964002.76,CRC,deposito,atm,CA-001,Cuenta Ahorro
TXN-00019809,CTA-269638,CLI-54869,2026-06-02 18:42:00,2600026.08,CRC,transferencia,atm,CA-001,Cuenta Ahorro
TXN-00019810,CTA-237887,CLI-79262,2026-06-14 14:48:00,2948002.55,CRC,transferencia,app_movil,HE-001,Préstamo Hipotecario
TXN-00019811,CTA-286221,CLI-42323,2026-06-20 03:23:00,4085554.63,CRC,comision,sucursal,HE-001,Préstamo Personal
TXN-00019812,CTA-777056,CLI-12004,2026-06-21 03:35:00,3398680.61,CRC,retiro,atm,CA-001,Cuenta Ahorro
TXN-00019813,CTA-542407,CLI-77962,2026-06-21 01:54:00,3481707.17,CRC,transferencia,sucursal,SJ-002,Cuenta Ahorro
TXN-00019814,CTA-495774,CLI-79976,2026-06-02 05:31:00,2103620.57,CRC,deposito,app_movil,SJ-002,Cuenta Ahorro
TXN-00019815,CTA-658791,CLI-92839,2026-06-18 10:21:00,510646.26,CRC,retiro,atm,LI-001,Préstamo Personal
TXN-00019816,CTA-402115,CLI-97623,2026-06-30 12:07:00,612221.91,CRC,comision,web,CA-001,Cuenta Ahorro
TXN-00019817,CTA-879269,CLI-65662,2026-06-13 13:08:00,4210118.02,CRC,deposito,sucursal,SJ-002,Préstamo Hipotecario
TXN-00019818,CTA-567395,CLI-18562,2026-06-08 10:53:00,4605719.7,CRC,comision,web,LI-002,Cuenta Ahorro
TXN-00019819,CTA-990020,CLI-79672,2026-06-06 13:52:00,2509114.53,CRC,retiro,sinpe,SJ-001,Préstamo Personal
TXN-00019820,CTA-556732,CLI-90155,2026-06-23 20:31:00,2785564.43,CRC,comision,web,AL-001,Préstamo Personal
TXN-00019821,CTA-825849,CLI-62189,2026-06-30 17:37:00,3695919.65,CRC,pago,app_movil,AL-001,Préstamo Hipotecario
TXN-00019822,CTA-459409,CLI-34252,2026-06-21 18:05:00,4004351.16,CRC,deposito,app_movil,HE-001,Cuenta Corriente
TXN-00019823,CTA-932094,CLI-30754,2026-06-01 17:11:00,2336783.66,CRC,comision,app_movil,PU-001,Tarjeta Crédito
TXN-00019824,CTA-351012,CLI-63822,2026-06-08 20:10:00,4616164.71,CRC,transferencia,sucursal,PU-001,Cuenta Ahorro
TXN-00019825,CTA-568770,CLI-61851,2026-06-24 21:36:00,4349650.64,CRC,transferencia,web,LI-002,Cuenta Ahorro
TXN-00019826,CTA-919531,CLI-33063,2026-06-16 14:04:00,4001924.63,CRC,retiro,web,SJ-001,Cuenta Ahorro
TXN-00019827,CTA-914478,CLI-46628,2026-06-10 11:55:00,2650360.24,CRC,deposito,atm,SJ-001,Cuenta Corriente
TXN-00019828,CTA-845211,CLI-72012,2026-06-01 09:36:00,2664311.79,CRC,retiro,sucursal,SJ-001,Tarjeta Crédito
TXN-00019829,CTA-446632,CLI-57676,2026-06-28 15:32:00,3585249.83,CRC,transferencia,atm,CA-001,Préstamo Personal
TXN-00019830,CTA-797179,CLI-45258,2026-06-14 18:51:00,1959570.36,CRC,transferencia,web,PU-001,Cuenta Corriente
TXN-00019831,CTA-847165,CLI-29247,2026-06-02 06:50:00,1838443.72,CRC,deposito,atm,SJ-001,Préstamo Personal
TXN-00019832,CTA-995028,CLI-71766,2026-06-22 18:47:00,2560773.4,CRC,pago,web,AL-001,Cuenta Ahorro
TXN-00019833,CTA-663402,CLI-84354,2026-06-20 03:55:00,2805400.03,CRC,transferencia,app_movil,LI-002,Préstamo Personal
TXN-00019834,CTA-430506,CLI-50378,2026-06-02 01:20:00,4914491.11,CRC,comision,app_movil,HE-001,Cuenta Corriente
TXN-00019835,CTA-963740,CLI-90026,2026-06-12 02:20:00,3672725.38,CRC,pago,sucursal,LI-001,Cuenta Corriente
TXN-00019836,CTA-773313,CLI-85660,2026-06-16 16:52:00,71710.46,CRC,comision,atm,LI-001,Cuenta Ahorro
TXN-00019837,CTA-907181,CLI-37521,2026-06-14 18:07:00,2590199.85,CRC,comision,atm,SJ-002,Tarjeta Crédito
TXN-00019838,CTA-127356,CLI-26776,2026-06-08 03:33:00,209249.55,CRC,deposito,atm,LI-002,Préstamo Personal
TXN-00019839,CTA-731386,CLI-11903,2026-06-03 23:53:00,3562710.9,CRC,comision,atm,LI-001,Cuenta Ahorro
TXN-00019840,CTA-543757,CLI-68010,2026-06-26 11:33:00,433475.82,CRC,deposito,web,HE-001,Tarjeta Crédito
TXN-00019841,CTA-329562,CLI-61555,2026-06-06 12:26:00,2576995.57,CRC,comision,sucursal,SJ-001,Cuenta Corriente
TXN-00019842,CTA-587680,CLI-60464,2026-06-16 03:11:00,1059484.11,CRC,pago,sucursal,LI-001,Préstamo Personal
TXN-00019843,CTA-454821,CLI-11774,2026-06-27 09:26:00,1883980.33,CRC,deposito,app_movil,SJ-002,Cuenta Ahorro
TXN-00019844,CTA-316850,CLI-30370,2026-06-29 19:35:00,239186.26,CRC,retiro,sucursal,CA-001,Tarjeta Crédito
TXN-00019845,CTA-253882,CLI-86185,2026-06-10 17:12:00,2913441.94,CRC,transferencia,web,LI-001,Cuenta Ahorro
TXN-00019846,CTA-598853,CLI-49108,2026-06-08 13:58:00,256120.19,CRC,comision,sinpe,HE-001,Préstamo Hipotecario
TXN-00019847,CTA-340180,CLI-37438,2026-06-19 14:45:00,1222219.06,CRC,pago,atm,PU-001,Préstamo Hipotecario
TXN-00019848,CTA-637519,CLI-85598,2026-06-16 05:33:00,3762124.08,CRC,transferencia,app_movil,SJ-001,Préstamo Hipotecario
TXN-00019849,CTA-802563,CLI-90322,2026-06-16 23:26:00,75584.28,CRC,retiro,web,CA-001,Tarjeta Crédito
TXN-00019850,CTA-165264,CLI-88123,2026-06-08 06:43:00,3613000.97,CRC,deposito,atm,LI-001,Tarjeta Crédito
TXN-00019851,CTA-734586,CLI-56685,2026-06-26 06:47:00,1131132.03,CRC,deposito,atm,LI-002,Préstamo Personal
TXN-00019852,CTA-850662,CLI-17122,2026-06-19 01:16:00,4957448.06,CRC,transferencia,app_movil,SJ-002,Préstamo Hipotecario
TXN-00019853,CTA-783286,CLI-86374,2026-06-22 20:56:00,3456269.3,CRC,deposito,sucursal,HE-001,Cuenta Ahorro
TXN-00019854,CTA-896269,CLI-45278,2026-06-25 00:24:00,4070446.81,CRC,deposito,app_movil,LI-001,Tarjeta Crédito
TXN-00019855,CTA-501159,CLI-27281,2026-06-01 05:32:00,2639196.32,CRC,deposito,sucursal,HE-001,Cuenta Corriente
TXN-00019856,CTA-789616,CLI-23452,2026-06-01 02:25:00,975308.58,CRC,pago,web,PU-001,Préstamo Hipotecario
TXN-00019857,CTA-861420,CLI-33390,2026-06-07 15:10:00,2477625.84,CRC,deposito,sucursal,PU-001,Préstamo Personal
TXN-00019858,CTA-513194,CLI-84904,2026-06-11 22:42:00,698866.77,CRC,comision,app_movil,PU-001,Préstamo Hipotecario
TXN-00019859,CTA-225282,CLI-80782,2026-06-17 05:57:00,2647176.21,CRC,retiro,atm,LI-002,Préstamo Personal
TXN-00019860,CTA-154679,CLI-70503,2026-06-19 11:34:00,2207144.47,CRC,pago,sinpe,PU-001,Cuenta Corriente
TXN-00019861,CTA-273273,CLI-64345,2026-06-05 03:44:00,154713.15,CRC,retiro,sucursal,SJ-002,Cuenta Ahorro
TXN-00019862,CTA-730977,CLI-45663,2026-06-16 17:40:00,4217152.21,CRC,transferencia,app_movil,HE-001,Cuenta Ahorro
TXN-00019863,CTA-950955,CLI-33988,2026-06-17 23:13:00,2856011.31,CRC,transferencia,sinpe,AL-001,Préstamo Personal
TXN-00019864,CTA-134005,CLI-80573,2026-06-12 02:29:00,4468145.9,CRC,comision,app_movil,LI-001,Cuenta Ahorro
TXN-00019865,CTA-199629,CLI-62076,2026-06-21 23:47:00,2626601.92,CRC,comision,atm,HE-001,Tarjeta Crédito
TXN-00019866,CTA-862227,CLI-56722,2026-06-10 23:42:00,2655122.03,CRC,pago,web,SJ-001,Préstamo Personal
TXN-00019867,CTA-217969,CLI-73550,2026-06-12 15:09:00,3014060.77,CRC,comision,sucursal,CA-001,Préstamo Hipotecario
TXN-00019868,CTA-577760,CLI-47946,2026-06-23 12:54:00,990118.94,CRC,transferencia,sucursal,PU-001,Préstamo Personal
TXN-00019869,CTA-594156,CLI-91921,2026-06-28 03:14:00,756287.34,CRC,deposito,sinpe,CA-001,Préstamo Personal
TXN-00019870,CTA-271704,CLI-89893,2026-06-23 05:06:00,2122562.27,CRC,pago,web,AL-001,Préstamo Personal
TXN-00019871,CTA-388707,CLI-60238,2026-06-17 05:00:00,3823214.69,CRC,pago,web,SJ-001,Préstamo Hipotecario
TXN-00019872,CTA-906597,CLI-71496,2026-06-27 13:16:00,1672676.06,CRC,transferencia,atm,HE-001,Cuenta Corriente
TXN-00019873,CTA-449641,CLI-61182,2026-06-28 00:27:00,3251905.28,CRC,deposito,app_movil,CA-001,Cuenta Ahorro
TXN-00019874,CTA-745809,CLI-71052,2026-06-10 11:31:00,2567155.95,CRC,retiro,sinpe,SJ-001,Cuenta Corriente
TXN-00019875,CTA-863817,CLI-75984,2026-06-30 07:18:00,2465149.3,CRC,pago,web,CA-001,Tarjeta Crédito
TXN-00019876,CTA-883533,CLI-76336,2026-06-03 06:17:00,4344048.88,CRC,comision,sucursal,CA-001,Cuenta Corriente
TXN-00019877,CTA-795924,CLI-36604,2026-06-17 12:28:00,4156262.57,CRC,retiro,sinpe,LI-001,Cuenta Ahorro
TXN-00019878,CTA-711790,CLI-34810,2026-06-25 01:31:00,3647722.83,CRC,transferencia,sucursal,HE-001,Tarjeta Crédito
TXN-00019879,CTA-260012,CLI-39782,2026-06-12 20:43:00,1360862.08,CRC,pago,web,SJ-001,Cuenta Ahorro
TXN-00019880,CTA-354824,CLI-55556,2026-06-05 23:40:00,1931802.85,CRC,deposito,app_movil,PU-001,Tarjeta Crédito
TXN-00019881,CTA-162676,CLI-55227,2026-06-05 07:56:00,3470876.38,CRC,transferencia,sucursal,AL-001,Tarjeta Crédito
TXN-00019882,CTA-622600,CLI-94750,2026-06-18 23:01:00,4615348.88,CRC,retiro,sinpe,LI-002,Préstamo Hipotecario
TXN-00019883,CTA-937424,CLI-69081,2026-06-23 20:43:00,1441039.35,CRC,retiro,sucursal,LI-001,Tarjeta Crédito
TXN-00019884,CTA-958963,CLI-95342,2026-06-11 16:43:00,3584064.75,CRC,deposito,atm,SJ-001,Cuenta Corriente
TXN-00019885,CTA-712657,CLI-53439,2026-06-11 18:06:00,4235590.5,CRC,pago,web,AL-001,Préstamo Personal
TXN-00019886,CTA-510696,CLI-91157,2026-06-03 22:28:00,2993436.93,CRC,pago,web,SJ-001,Cuenta Corriente
TXN-00019887,CTA-894212,CLI-18802,2026-06-04 00:01:00,1942729.06,CRC,comision,atm,CA-001,Tarjeta Crédito
TXN-00019888,CTA-186461,CLI-60612,2026-06-18 21:12:00,2704824.35,CRC,pago,sucursal,AL-001,Cuenta Corriente
TXN-00019889,CTA-585075,CLI-46671,2026-06-29 13:20:00,2107039.34,CRC,pago,sinpe,LI-002,Cuenta Ahorro
TXN-00019890,CTA-473022,CLI-26500,2026-06-05 22:15:00,3964129.72,CRC,deposito,sucursal,HE-001,Préstamo Hipotecario
TXN-00019891,CTA-225364,CLI-77392,2026-06-04 18:02:00,4118676.5,CRC,deposito,app_movil,SJ-001,Préstamo Hipotecario
TXN-00019892,CTA-574829,CLI-27209,2026-06-19 08:58:00,2652192.87,CRC,retiro,sinpe,LI-002,Préstamo Hipotecario
TXN-00019893,CTA-352218,CLI-44547,2026-06-09 00:27:00,3926905.41,CRC,pago,sinpe,SJ-002,Cuenta Ahorro
TXN-00019894,CTA-650744,CLI-58494,2026-06-18 00:39:00,3315825.13,CRC,retiro,app_movil,SJ-002,Cuenta Corriente
TXN-00019895,CTA-996663,CLI-47721,2026-06-15 10:14:00,3851192.73,CRC,transferencia,sucursal,PU-001,Préstamo Personal
TXN-00019896,CTA-795937,CLI-28331,2026-06-08 16:35:00,886474.61,CRC,pago,sucursal,SJ-002,Cuenta Corriente
TXN-00019897,CTA-726359,CLI-71857,2026-06-05 21:25:00,1297951.08,CRC,retiro,app_movil,LI-001,Cuenta Ahorro
TXN-00019898,CTA-257462,CLI-84636,2026-06-29 01:03:00,3508462.33,CRC,pago,atm,LI-001,Cuenta Corriente
TXN-00019899,CTA-191358,CLI-74758,2026-06-22 01:59:00,1021413.67,CRC,pago,app_movil,SJ-002,Préstamo Hipotecario
TXN-00019900,CTA-458738,CLI-92655,2026-06-09 19:02:00,4914252.4,CRC,retiro,app_movil,AL-001,Cuenta Ahorro
TXN-00019901,CTA-389797,CLI-36176,2026-06-11 08:03:00,880842.81,CRC,deposito,atm,SJ-002,Cuenta Ahorro
TXN-00019902,CTA-859574,CLI-14227,2026-06-04 23:34:00,3108415.29,CRC,comision,sinpe,CA-001,Cuenta Corriente
TXN-00019903,CTA-170021,CLI-97330,2026-06-08 10:57:00,677558.41,CRC,transferencia,app_movil,PU-001,Cuenta Ahorro
TXN-00019904,CTA-691487,CLI-22055,2026-06-11 13:41:00,593674.26,CRC,pago,app_movil,SJ-001,Préstamo Hipotecario
TXN-00019905,CTA-266432,CLI-22739,2026-06-08 15:00:00,4207351.44,CRC,retiro,atm,LI-002,Préstamo Hipotecario
TXN-00019906,CTA-181087,CLI-16141,2026-06-12 22:22:00,2389.13,CRC,comision,sucursal,SJ-001,Tarjeta Crédito
TXN-00019907,CTA-489558,CLI-16356,2026-06-24 07:21:00,2882608.49,CRC,transferencia,app_movil,CA-001,Cuenta Corriente
TXN-00019908,CTA-631916,CLI-95025,2026-06-11 06:02:00,2308054.64,CRC,pago,atm,AL-001,Cuenta Ahorro
TXN-00019909,CTA-896693,CLI-57943,2026-06-20 12:56:00,2485097.57,CRC,transferencia,sinpe,SJ-001,Tarjeta Crédito
TXN-00019910,CTA-638889,CLI-18731,2026-06-25 12:50:00,4395024.47,CRC,transferencia,atm,LI-002,Cuenta Ahorro
TXN-00019911,CTA-305674,CLI-17025,2026-06-23 22:15:00,2768832.25,CRC,comision,app_movil,LI-001,Préstamo Hipotecario
TXN-00019912,CTA-762629,CLI-68699,2026-06-08 07:34:00,2564909.07,CRC,retiro,sucursal,SJ-002,Préstamo Hipotecario
TXN-00019913,CTA-742231,CLI-31525,2026-06-21 17:57:00,1981584.06,CRC,deposito,sucursal,CA-001,Cuenta Ahorro
TXN-00019914,CTA-698096,CLI-33711,2026-06-27 05:59:00,3721443.31,CRC,transferencia,app_movil,AL-001,Préstamo Personal
TXN-00019915,CTA-505624,CLI-66124,2026-06-03 20:35:00,3511122.32,CRC,retiro,sinpe,SJ-001,Cuenta Ahorro
TXN-00019916,CTA-237926,CLI-39552,2026-06-27 08:21:00,1408010.53,CRC,retiro,app_movil,LI-001,Cuenta Ahorro
TXN-00019917,CTA-262943,CLI-61777,2026-06-08 06:09:00,2864265.7,CRC,retiro,sinpe,HE-001,Tarjeta Crédito
TXN-00019918,CTA-210012,CLI-87739,2026-06-17 07:34:00,2548014.02,CRC,deposito,app_movil,CA-001,Préstamo Personal
TXN-00019919,CTA-476526,CLI-49269,2026-06-19 14:16:00,1771511.04,CRC,pago,web,LI-002,Tarjeta Crédito
TXN-00019920,CTA-394838,CLI-33424,2026-06-15 02:54:00,4672216.66,CRC,transferencia,atm,PU-001,Préstamo Hipotecario
TXN-00019921,CTA-610401,CLI-57416,2026-06-18 08:35:00,3712859.12,CRC,comision,atm,HE-001,Cuenta Corriente
TXN-00019922,CTA-560146,CLI-62853,2026-06-02 06:00:00,3192489.39,CRC,comision,sinpe,AL-001,Cuenta Ahorro
TXN-00019923,CTA-140428,CLI-67832,2026-06-25 20:20:00,2350806.23,CRC,deposito,sucursal,SJ-001,Cuenta Corriente
TXN-00019924,CTA-125747,CLI-88348,2026-06-07 16:27:00,4820678.99,CRC,retiro,app_movil,SJ-002,Tarjeta Crédito
TXN-00019925,CTA-287149,CLI-66068,2026-06-25 16:04:00,72564.68,CRC,pago,web,SJ-001,Cuenta Corriente
TXN-00019926,CTA-836898,CLI-68050,2026-06-22 00:05:00,2478178.94,CRC,pago,app_movil,AL-001,Préstamo Hipotecario
TXN-00019927,CTA-287521,CLI-19333,2026-06-04 11:16:00,4576607.56,CRC,deposito,atm,LI-002,Préstamo Hipotecario
TXN-00019928,CTA-524965,CLI-66587,2026-06-06 18:47:00,3316531.58,CRC,transferencia,sinpe,LI-002,Préstamo Personal
TXN-00019929,CTA-737803,CLI-46499,2026-06-24 15:25:00,1439934.04,CRC,retiro,sucursal,PU-001,Préstamo Personal
TXN-00019930,CTA-859912,CLI-29260,2026-06-05 12:48:00,259553.8,CRC,comision,sucursal,SJ-002,Préstamo Hipotecario
TXN-00019931,CTA-313014,CLI-34147,2026-06-25 18:55:00,2341938.76,CRC,pago,app_movil,HE-001,Tarjeta Crédito
TXN-00019932,CTA-330046,CLI-81031,2026-06-30 05:14:00,4670097.16,CRC,deposito,app_movil,PU-001,Préstamo Personal
TXN-00019933,CTA-435263,CLI-47317,2026-06-20 00:56:00,4217394.85,CRC,pago,web,LI-002,Cuenta Corriente
TXN-00019934,CTA-228404,CLI-55171,2026-06-15 07:32:00,3254676.85,CRC,comision,atm,LI-001,Préstamo Hipotecario
TXN-00019935,CTA-394370,CLI-87042,2026-06-26 18:11:00,3929748.77,CRC,comision,web,CA-001,Préstamo Personal
TXN-00019936,CTA-381779,CLI-59996,2026-06-12 15:32:00,1287654.6,CRC,transferencia,atm,SJ-002,Préstamo Personal
TXN-00019937,CTA-459010,CLI-43424,2026-06-11 08:17:00,2529211.36,CRC,retiro,app_movil,AL-001,Cuenta Ahorro
TXN-00019938,CTA-814237,CLI-73836,2026-06-23 07:47:00,3795022.74,CRC,comision,sinpe,SJ-001,Préstamo Personal
TXN-00019939,CTA-505527,CLI-54069,2026-06-27 03:50:00,4454861.25,CRC,comision,web,HE-001,Cuenta Ahorro
TXN-00019940,CTA-778596,CLI-91003,2026-06-08 11:46:00,352088.17,CRC,comision,app_movil,HE-001,Préstamo Hipotecario
TXN-00019941,CTA-915828,CLI-52998,2026-06-25 14:33:00,3950590.67,CRC,pago,web,LI-002,Tarjeta Crédito
TXN-00019942,CTA-209264,CLI-56471,2026-06-19 07:06:00,2936307.2,CRC,comision,sinpe,CA-001,Cuenta Corriente
TXN-00019943,CTA-399969,CLI-31696,2026-06-06 06:29:00,1926003.0,CRC,retiro,atm,PU-001,Cuenta Ahorro
TXN-00019944,CTA-755882,CLI-59965,2026-06-06 23:39:00,4758104.48,CRC,pago,sinpe,SJ-001,Tarjeta Crédito
TXN-00019945,CTA-625641,CLI-88143,2026-06-29 06:38:00,1523213.73,CRC,deposito,app_movil,AL-001,Tarjeta Crédito
TXN-00019946,CTA-162886,CLI-25801,2026-06-26 13:07:00,4291127.91,CRC,pago,atm,SJ-001,Tarjeta Crédito
TXN-00019947,CTA-604952,CLI-41659,2026-06-14 15:40:00,1957387.21,CRC,deposito,web,CA-001,Cuenta Corriente
TXN-00019948,CTA-422478,CLI-23313,2026-06-29 21:38:00,774814.79,CRC,pago,app_movil,HE-001,Cuenta Corriente
TXN-00019949,CTA-283189,CLI-43326,2026-06-05 20:19:00,2489450.88,CRC,retiro,sucursal,CA-001,Cuenta Ahorro
TXN-00019950,CTA-542258,CLI-82381,2026-06-25 10:00:00,1667887.64,CRC,retiro,web,SJ-001,Préstamo Personal
TXN-00019951,CTA-494364,CLI-56070,2026-06-12 23:17:00,4034345.75,CRC,deposito,sinpe,HE-001,Tarjeta Crédito
TXN-00019952,CTA-908473,CLI-61593,2026-06-06 18:16:00,1574539.86,CRC,transferencia,sucursal,LI-001,Préstamo Hipotecario
TXN-00019953,CTA-561391,CLI-74069,2026-06-08 12:16:00,1502192.31,CRC,pago,web,PU-001,Préstamo Personal
TXN-00019954,CTA-528170,CLI-48595,2026-06-03 07:36:00,3600998.58,CRC,deposito,web,CA-001,Préstamo Personal
TXN-00019955,CTA-542001,CLI-42223,2026-06-17 15:05:00,317223.99,CRC,comision,web,LI-002,Cuenta Corriente
TXN-00019956,CTA-436563,CLI-85803,2026-06-14 07:52:00,4573114.1,CRC,pago,web,LI-001,Cuenta Corriente
TXN-00019957,CTA-431139,CLI-38115,2026-06-22 17:10:00,3298770.53,CRC,comision,sinpe,CA-001,Tarjeta Crédito
TXN-00019958,CTA-119903,CLI-98413,2026-06-20 06:05:00,3399752.15,CRC,retiro,atm,LI-001,Préstamo Personal
TXN-00019959,CTA-375979,CLI-83770,2026-06-26 05:54:00,3370692.63,CRC,comision,sucursal,LI-002,Préstamo Personal
TXN-00019960,CTA-273090,CLI-12041,2026-06-21 01:10:00,3428835.39,CRC,comision,sinpe,LI-002,Cuenta Corriente
TXN-00019961,CTA-501888,CLI-80195,2026-06-10 13:34:00,2381221.78,CRC,comision,atm,LI-002,Tarjeta Crédito
TXN-00019962,CTA-167947,CLI-64285,2026-06-03 10:27:00,2241930.92,CRC,retiro,app_movil,HE-001,Préstamo Hipotecario
TXN-00019963,CTA-997573,CLI-76502,2026-06-28 04:05:00,4298870.6,CRC,deposito,sinpe,LI-002,Préstamo Personal
TXN-00019964,CTA-127005,CLI-62809,2026-06-08 14:23:00,475607.99,CRC,deposito,sinpe,LI-001,Tarjeta Crédito
TXN-00019965,CTA-204271,CLI-79096,2026-06-19 11:13:00,1370563.69,CRC,comision,atm,SJ-002,Tarjeta Crédito
TXN-00019966,CTA-962958,CLI-10567,2026-06-01 18:13:00,3279362.3,CRC,transferencia,sucursal,CA-001,Tarjeta Crédito
TXN-00019967,CTA-678893,CLI-80599,2026-06-10 21:40:00,4731765.59,CRC,deposito,atm,CA-001,Cuenta Corriente
TXN-00019968,CTA-269425,CLI-74038,2026-06-25 05:12:00,4766319.53,CRC,pago,sinpe,AL-001,Préstamo Personal
TXN-00019969,CTA-934973,CLI-20571,2026-06-08 07:17:00,1567621.46,CRC,deposito,app_movil,SJ-001,Tarjeta Crédito
TXN-00019970,CTA-536621,CLI-78944,2026-06-02 07:24:00,1166514.43,CRC,comision,app_movil,LI-001,Tarjeta Crédito
TXN-00019971,CTA-385377,CLI-33289,2026-06-01 01:38:00,4265881.38,CRC,deposito,app_movil,LI-002,Préstamo Personal
TXN-00019972,CTA-117871,CLI-42387,2026-06-24 22:46:00,4568558.9,CRC,comision,web,AL-001,Préstamo Personal
TXN-00019973,CTA-172907,CLI-48037,2026-06-16 03:31:00,180013.94,CRC,pago,app_movil,AL-001,Préstamo Personal
TXN-00019974,CTA-589073,CLI-84977,2026-06-30 22:45:00,2987933.95,CRC,deposito,app_movil,PU-001,Tarjeta Crédito
TXN-00019975,CTA-328802,CLI-58609,2026-06-28 10:06:00,1194582.15,CRC,transferencia,sucursal,SJ-001,Cuenta Ahorro
TXN-00019976,CTA-927785,CLI-94248,2026-06-03 19:38:00,1204963.71,CRC,pago,sinpe,SJ-002,Cuenta Ahorro
TXN-00019977,CTA-808682,CLI-69572,2026-06-09 03:43:00,3713358.82,CRC,retiro,web,LI-001,Préstamo Hipotecario
TXN-00019978,CTA-203951,CLI-97667,2026-06-22 01:23:00,160385.95,CRC,transferencia,sinpe,SJ-001,Cuenta Ahorro
TXN-00019979,CTA-363470,CLI-64793,2026-06-19 13:43:00,3173637.99,CRC,retiro,sinpe,AL-001,Cuenta Corriente
TXN-00019980,CTA-955336,CLI-13677,2026-06-19 10:48:00,4465312.62,CRC,retiro,web,AL-001,Tarjeta Crédito
TXN-00019981,CTA-456050,CLI-46482,2026-06-04 13:58:00,35742.33,CRC,comision,web,SJ-002,Cuenta Ahorro
TXN-00019982,CTA-479163,CLI-62858,2026-06-13 17:29:00,4511669.53,CRC,pago,app_movil,SJ-002,Cuenta Corriente
TXN-00019983,CTA-123606,CLI-34852,2026-06-09 12:01:00,2094968.83,CRC,pago,atm,CA-001,Préstamo Hipotecario
TXN-00019984,CTA-930382,CLI-99796,2026-06-07 03:49:00,947365.52,CRC,comision,sucursal,CA-001,Cuenta Corriente
TXN-00019985,CTA-433053,CLI-98288,2026-06-24 12:28:00,3162825.68,CRC,retiro,web,HE-001,Préstamo Personal
TXN-00019986,CTA-612610,CLI-61920,2026-06-30 03:28:00,567177.2,CRC,retiro,sucursal,SJ-002,Tarjeta Crédito
TXN-00019987,CTA-924972,CLI-83374,2026-06-02 04:01:00,1956530.77,CRC,comision,web,AL-001,Tarjeta Crédito
TXN-00019988,CTA-579712,CLI-29295,2026-06-15 15:58:00,618109.98,CRC,deposito,atm,AL-001,Cuenta Ahorro
TXN-00019989,CTA-314966,CLI-94492,2026-06-16 02:01:00,871994.71,CRC,retiro,atm,LI-002,Préstamo Hipotecario
TXN-00019990,CTA-376630,CLI-57145,2026-06-05 22:19:00,103137.01,CRC,transferencia,sucursal,SJ-002,Cuenta Corriente
TXN-00019991,CTA-873813,CLI-86564,2026-06-03 17:21:00,4562328.12,CRC,comision,sucursal,PU-001,Cuenta Ahorro
TXN-00019992,CTA-416799,CLI-75779,2026-06-14 18:39:00,2451158.72,CRC,deposito,app_movil,AL-001,Préstamo Personal
TXN-00019993,CTA-890749,CLI-59884,2026-06-22 09:22:00,1679817.45,CRC,transferencia,sucursal,AL-001,Cuenta Ahorro
TXN-00019994,CTA-370431,CLI-55369,2026-06-28 17:36:00,3800874.63,CRC,deposito,atm,AL-001,Cuenta Corriente
TXN-00019995,CTA-106417,CLI-10578,2026-06-29 05:00:00,4068529.43,CRC,deposito,sucursal,HE-001,Tarjeta Crédito
TXN-00019996,CTA-443504,CLI-73359,2026-06-11 14:44:00,2128865.06,CRC,transferencia,atm,PU-001,Préstamo Hipotecario
TXN-00019997,CTA-832698,CLI-53724,2026-06-12 00:15:00,2724545.91,CRC,transferencia,atm,AL-001,Tarjeta Crédito
TXN-00019998,CTA-252359,CLI-49563,2026-06-20 06:26:00,3753439.61,CRC,transferencia,web,LI-002,Préstamo Hipotecario
TXN-00019999,CTA-248664,CLI-45198,2026-06-05 17:43:00,3808511.0,CRC,retiro,web,SJ-002,Cuenta Corriente
TXN-00020000,CTA-104291,CLI-27436,2026-06-20 09:39:00,1622003.49,CRC,comision,app_movil,CA-001,Cuenta Ahorro
